group,file,entropy,perplexity,rolling_entropy,sentence_entropy_variance
Human,10138632.txt,7.630211483530476,198.11735891261938,0.024495149625168317,0.41562971590539555
Human,10176815.txt,7.893368771568648,237.76108124062694,0.041630141745756334,0.7146513051831619
Human,10182582.txt,7.009106454164541,128.81050577869672,0.00665532878205054,0.5987453323339439
Human,10186968.txt,7.725686652605384,211.67200304500398,0.03211594534588582,0.3671610896833295
Human,10268614.txt,7.7481486059408144,214.99340661863326,0.017460214121305332,1.873321903142825
Human,10395944.txt,7.269834653668898,154.3257137621251,0.020158348891618334,1.20483280368833
Human,10464113.txt,7.707346802340744,208.9982138257883,0.014829485274381856,0.8068300557589236
Human,10466208.txt,7.554467356081004,187.98416837254598,0.031730246361204945,0.48446125416792574
Human,10466583.txt,6.607970680383669,97.54328676797688,0.010205815736768832,0.5830826804928281
Human,10480456.txt,8.322223090509695,320.06543881293237,0.049621340004509636,3.168861135437933
Human,10549585.txt,7.830813906823189,227.67213303204778,0.02289549182931051,0.6711781681523188
Human,10553553.txt,7.563561845795512,189.17292964671134,0.022628907948350513,0.8101054231299836
Human,10554045.txt,8.072821879916502,269.25361044868475,0.023683703825008246,0.9708449881741946
Human,10554236.txt,8.435916260695848,346.3090455201049,0.023424012104034258,0.4201682130728033
Human,10562768.txt,7.908191651486363,240.21653519479213,0.030962253603478842,0.8771173980593037
Human,10567764.txt,7.326789765525658,160.54008602155182,0.04005055762848847,1.7815551571033104
Human,10624813.txt,7.98556389578694,253.45114930398418,0.04824501199516851,0.45478346072577785
Human,10659182.txt,7.82374603796368,226.5594782615155,0.013915838381190456,3.609726752400019
Human,10738095.txt,7.717411658165885,210.4613723647751,0.022941134067514055,0.5630053193221302
Human,10748989.txt,7.075109102131776,134.8404093655287,0.027532236982652458,0.9548782614227788
Human,10751444.txt,8.119923865076373,278.189443609111,0.040827854181839214,1.976900226412184
Human,10820510.txt,7.000066786843261,128.0059256555069,0.01830718292020667,0.8009824527982679
Human,10830646.txt,7.7631323991110115,217.2379582991618,0.1250978833440555,1.852950518189541
Human,10840430.txt,7.880799339559755,235.6985935428019,0.022032360885392684,1.6011371539554193
Human,10926726.txt,7.829130008727308,227.4065515952907,0.030181264719656126,1.2688349680353659
Human,10945968.txt,7.534257110349235,185.36911873667157,0.02167223827782829,1.5065317216594583
Human,10953078.txt,7.767548697472747,217.9039740015939,0.050049669039856366,0.9636653745895458
Human,10969918.txt,7.717307172184368,210.44613042788222,0.01551018806676941,1.4066811639150165
Human,10984392.txt,8.153781888024072,284.7953711965483,0.01434873000575117,0.7693849049829435
Human,11121498.txt,7.8425367583513195,229.5296562967745,0.020548529155560942,0.9257018634452068
Human,11152490.txt,8.282502076577025,311.3734396349435,0.04766804148627799,0.5882814336984014
Human,11174187.txt,8.107683492607615,275.8391631849235,0.026550259723597983,1.2722937733212687
Human,11188218.txt,8.058666761370677,266.62472482306936,0.029426973892094505,1.3083104898740536
Human,11232471.txt,6.74106327741825,106.97006240638089,0.025986153929977676,0.4761297403354565
Human,11262933.txt,7.7755946476347155,219.12262556200744,0.020037946809701314,0.4702540620361187
Human,11289482.txt,8.059388156824777,266.7580793821848,0.01832699486431637,0.7056661245492186
Human,11333001.txt,8.034401256300484,262.1777157725472,0.01660595740458091,0.25808771564248617
Human,11336022.txt,7.33533687554069,161.49401347968578,0.019395064612258886,0.4937629991342881
Human,11393213.txt,7.29728497876183,157.2902003118763,0.006854891958872092,0.23931793213057864
Human,11441764.txt,7.897326563045868,238.41423432227114,0.023688863555305105,0.637684552102721
Human,11480899.txt,7.859281195454271,232.20917964957198,0.024370101562355945,1.913421182717523
Human,11522068.txt,6.652219424244834,100.58137872363834,0.006135835933596457,1.6719943155405632
Human,11580408.txt,7.527324665650082,184.48051887543866,0.07047365871861583,3.458027705106629
Human,11584809.txt,7.513659612148945,182.7413885145419,0.0311831460716104,0.5175492331091953
Human,11592605.txt,7.8933540344057285,237.75865251813568,0.01898454881019369,1.430064809571451
Human,11698189.txt,7.632759048594126,198.46751104744905,0.03271418188884095,0.6244432898927859
Human,11704150.txt,7.619089144514151,196.59586185769,0.014873022644210828,0.9315845154598229
Human,11722421.txt,7.437461981278185,173.34014198953608,0.022532358721122588,1.0116768827912577
Human,11807040.txt,8.410871712840713,340.3491538613337,0.03462179674157162,0.7001335710393427
Human,11813872.txt,7.889337437874027,237.0976310217422,0.030123840947778487,2.3168040059808694
Human,11887930.txt,7.760249271342909,216.80425654300615,0.07227589756362457,1.4459059434953738
Human,11919526.txt,7.917300271503021,241.73796755713246,0.09077456440372783,2.1572684670747813
Human,11958994.txt,7.926976893901503,243.36483217022757,0.017026759926274337,0.6506559988327872
Human,11995013.txt,7.673866849171549,204.20393390293134,0.03082327670643405,1.7077921483361476
Human,12021752.txt,7.4602632896285765,176.1014880405008,0.019618170896651625,2.4106901103170957
Human,12022566.txt,7.784223954341613,220.43720875878606,0.031118060055431378,1.7171491140072113
Human,12059198.txt,7.24406949060147,151.59406800540077,0.010097048652843962,1.1400925150934862
Human,12059610.txt,7.757050715282937,216.32411875130313,0.022652106245261747,0.6409950215713545
Human,12065211.txt,7.855769723589598,231.64467747886098,0.02634879741677062,1.1060261196803731
Human,12071138.txt,7.663219752088702,202.70245505921673,0.023492269362215528,0.466773956216442
Human,12082377.txt,7.267636450135561,154.0907500275644,0.011092431822934729,0.4836094643574901
Human,12085736.txt,7.6941312831392015,207.09246943509885,0.018711023436189272,0.35112014880077685
Human,12144825.txt,7.633031229415676,198.50495773205742,0.023281614386095807,4.032403872734001
Human,12155206.txt,7.673329629066354,204.12790810871707,0.05168397187684062,0.781459955278873
Human,12191094.txt,7.707250964363925,208.98433057248428,0.026420181413296412,0.6861607526614882
Human,12212468.txt,7.754402229966727,215.927357366032,0.02578991061168155,1.1869688788950608
Human,12254068.txt,7.827187825211672,227.1006185410959,0.025193861059790174,0.5665784589676782
Human,12351749.txt,7.280763904388641,155.49925998197511,0.033290926220119886,0.8543631262191047
Human,12545844.txt,7.121437620184841,139.24074424277023,0.01345729631070386,0.6093820384441943
Human,12547982.txt,7.526063720190385,184.31934950949758,0.023395570251341393,1.62097749101185
Human,12587973.txt,7.744321017368443,214.42376741650543,0.013067080344532786,0.5573849617356538
Human,12613221.txt,7.162322162077883,143.24313237449238,0.018256581809263667,1.3146275378138828
Human,12632728.txt,0,1,0,0
Human,12674256.txt,7.975362799800205,251.66535247765398,0.018306720610969104,6.604920251076332
Human,12674307.txt,7.255787374217395,152.83036199990778,0.010579872493080152,4.626309817194942
Human,12693146.txt,7.741706554814035,214.03553897101924,0.01585441655413909,0.8732071766540823
Human,12695537.txt,7.957323349187364,248.53812251485368,0.03050085076569713,0.7082522005062437
Human,12696104.txt,5.439548526341971,43.39775555961958,0.043250839807321695,1.5001659772024125
Human,12717345.txt,7.515831882717138,183.01675006597458,0.012295888490963587,1.0608839605433034
Human,12780508.txt,7.903165350220225,239.38108500642687,0.015798286977394663,0.5838436444931674
Human,12786012.txt,7.562048469954333,188.97459276465307,0.021307807036485424,0.5231232673250544
Human,12791244.txt,7.585259684577089,192.0395545669801,0.023408686147388277,0.608162198487847
Human,12802330.txt,7.697508811905383,207.57786666364362,0.021300112228559685,0.5155416112390038
Human,12839152.txt,7.722388537135252,211.18865672551624,0.02314446907398287,0.36608376054439806
Human,12920612.txt,7.818738688300171,225.77449182470417,0.019610785334232463,1.9770356326442164
Human,12938200.txt,7.794282387185482,221.97946135326947,0.028288767303532,1.2611982682919207
Human,12955994.txt,7.967075044484457,250.2237717207596,0.02448584484893024,0.5215687022620801
Human,13014900.txt,8.499557720511495,361.92770067233107,0.021575038591790902,1.1594498217085842
Human,13037145.txt,7.055317259497149,133.00321041331034,0.02367095189551412,1.0850766517244852
Human,13087952.txt,7.508111770149143,182.04001122447343,0.010554333444580441,0.739469589908209
Human,13115648.txt,7.780952528947065,219.93791621641572,0.01960271868348375,0.5590251394260559
Human,13129275.txt,7.531288716922001,184.98810766448457,0.017572160020749635,2.076834395992008
Human,13264796.txt,8.256736383904542,305.8618548049478,0.02565710219033095,3.5319192183641785
Human,13294301.txt,7.250914555065188,152.31503586264336,0.009161474439273993,0.3189026672820585
Human,13296856.txt,7.385017285827245,167.15205548819873,0.01845178368934451,4.456785191007378
Human,13313917.txt,7.82643192826722,226.98166083003224,0.009478326801183719,0.6476507707054893
Human,13342150.txt,7.955451698359061,248.2158957403183,0.01811992249522969,0.48805203225002713
Human,13348915.txt,7.391272519586878,167.87836640736458,0.022286792715193838,0.4490605587180635
Human,13385306.txt,7.442853869037676,173.98919066034554,0.0226708435601238,1.0927998131128638
Human,13386301.txt,7.646100195865594,200.31132735965343,0.016692096630302706,5.013586906875344
Human,13393401.txt,7.64093758711615,199.59580474484392,0.02093610052902697,0.8888084969835478
Human,13405229.txt,7.797897892010799,222.5364566154925,0.024650435585660026,0.8159498345324935
Human,13518263.txt,6.893439953219141,118.8864062548475,0.021782024869489467,0.3145337633052215
Human,13520837.txt,7.935415747109523,244.79253396888302,0.019453814466378526,1.3992954144709209
Human,13565152.txt,8.28300313216018,311.4816000510915,0.031126959982754936,0.6354685691559735
Human,13569152.txt,7.746796811080872,214.79205369332496,0.045854445731062246,1.4187871898047903
Human,13727873.txt,8.327720633018597,321.2874088678987,0.016283666207445344,0.5397850275050077
Human,13764840.txt,6.938977408168605,122.69880671448146,0.013548262205123422,3.372141580030138
Human,13807808.txt,7.019137933320917,129.7092838847632,0.05576340220106988,3.32137928438608
Human,13809698.txt,7.459735013927027,176.03701626786167,0.022662053445877878,0.7190646858415367
Human,13812481.txt,7.39957646232372,168.84743609398888,0.019152163610244362,0.8056625294503243
Human,13836471.txt,7.011392876502147,129.01481002219742,0.03282583055934688,1.1033665694601344
Human,13888506.txt,7.556562236955987,188.25733108564978,0.008002982916310401,1.3435981925612137
Human,13907230.txt,7.0627649335856075,133.69159274903032,0.010234582745454631,2.9505156309928373
Human,13909762.txt,8.140868598011199,282.25759629384015,0.045684290184263135,0.657983166459065
Human,13915715.txt,7.59692017882683,193.59799200095074,0.06827656485561583,0.7085737350407246
Human,13982572.txt,7.848744252495448,230.51938289528889,0.012895294450362882,0.926101756718816
Human,13998435.txt,7.643006177663503,199.8821980072359,0.04863756838096076,0.6905970460129058
Human,14062078.txt,7.979641234539092,252.41279522075024,0.0325328913950811,1.1736680635136252
Human,14070138.txt,7.809470547106232,224.328723424022,0.014170727436931646,0.7099422858892477
Human,14128006.txt,7.494311725264809,180.30701604138983,0.02015297879901938,5.497669004012135
Human,14241621.txt,7.657254956056675,201.8661156045699,0.015472271108146437,0.5679562100215054
Human,14248724.txt,6.8997000593893105,119.40339601312277,0.01274808250584648,0.9259124828543289
Human,14256329.txt,7.548447974026744,187.2014726626238,0.029230139241730565,1.1739231530111347
Human,14267489.txt,8.148114175910964,283.6787307014475,0.03975112686825577,1.9701473644130962
Human,14278888.txt,7.825547056624024,226.84248515748493,0.030924407135959415,0.7152177100683382
Human,14364597.txt,7.390630253627194,167.80364613722276,0.042515656479737686,0.541535141832847
Human,14381464.txt,6.213931872830543,74.23007250156132,0.007869619582527,1.3090511220242838
Human,14391434.txt,7.987263333165619,253.74988058973975,0.02732102896430471,1.2434372009497834
Human,14408510.txt,7.733756024097581,212.8592572537492,0.015941434734253267,0.4782820715626983
Human,14445309.txt,7.40962935064176,170.02809589946855,0.03230287679908034,12.082265426081216
Human,14449423.txt,7.979258114029655,252.3457736557509,0.02597635452450873,0.8557322218941756
Human,14517953.txt,7.832871999598034,227.99715303965868,0.03491708025587225,0.6775788166404741
Human,14528265.txt,7.012259462498672,129.09232883909067,0.11110689843854563,0.8381117267613352
Human,14536764.txt,7.816101322579975,225.3621344282581,0.013085986250345589,0.8799127462392199
Human,14554542.txt,7.904838696504782,239.6588982876865,0.04520046063898469,1.9041047955171948
Human,14589288.txt,7.15215867758997,142.23756067934227,0.020119748612220774,1.0008786282933075
Human,14667957.txt,7.730405036295917,212.36541690112932,0.052276645538574806,0.48515197493843143
Human,14708590.txt,7.637371772111819,199.10308600567836,0.030504982990813775,1.1942017549766841
Human,14726000.txt,7.736257414391174,213.22863949737732,0.023222097143631458,1.516925828636552
Human,14743911.txt,7.318353212668287,159.60402367638594,0.04338240382546398,0.4082607272714062
Human,14771530.txt,7.096931158527165,136.8954948137863,0.015477100542409602,1.0740628019858491
Human,14825300.txt,7.875026762507463,234.75738985329872,0.016071940214679826,1.9662876910076643
Human,14874322.txt,6.763481178276538,108.64524153735974,0.031997412925544866,0.1004833761641595
Human,14886205.txt,8.003910314340144,256.6948095688344,0.02192928693057314,1.0103592794801814
Human,14910300.txt,7.677638176365755,204.73843862097976,0.06002740146200451,1.0980974699004986
Human,14937492.txt,7.863332275243504,232.86213807961525,0.0193451908326516,1.3898458791989434
Human,14945250.txt,7.877768987943583,235.20403302572254,0.027560000127521616,1.1320834603033643
Human,14990354.txt,7.717608880025102,210.4901451956407,0.017778861106719317,1.901883342891499
Human,15119529.txt,7.5495919449306745,187.34997110446366,0.010314018136443847,0.8771405026690252
Human,15139979.txt,8.505070171307336,363.31324996664097,0.11535158253378056,0.5720765943550339
Human,15180322.txt,7.900533558123975,238.9447994791866,0.019787680559038116,0.5159818643380083
Human,15224503.txt,7.707347587135627,208.99832751632482,0.027201655424993417,1.8001093279615175
Human,15297298.txt,7.932644029589451,244.32268802960542,0.009907202329966043,1.5265798924470941
Human,15306049.txt,6.772950067748468,109.36066175220617,0.011536458522790454,0.6552952138013538
Human,15313140.txt,7.80674242896762,223.90492146383318,0.020102858745153197,0.32221318124790665
Human,15353911.txt,6.990894322687713,127.19466260377683,0.00240397256535539,1.197357883479527
Human,15354126.txt,7.82881574202644,227.3570203212496,0.02416797301589235,1.1695497706120248
Human,15363277.txt,7.802082380809511,223.18285315068402,0.015169544330244776,1.8030921079567614
Human,15425154.txt,7.8358720305990035,228.47175798102262,0.011703943375206175,1.4906455821534264
Human,15433732.txt,7.239687714650978,151.1343426261836,0.03210924083013149,1.1289758142146262
Human,15564893.txt,7.454172211367808,175.35955247452773,0.040405604196679365,1.735572802007927
Human,15603319.txt,7.629042532582374,197.95689833707195,0.03743645200140698,1.4313488573100062
Human,15618327.txt,7.675679687964738,204.46069051679473,0.03716074489293283,0.6149775022612162
Human,15620421.txt,8.01516645956211,258.7054182623303,0.028354247036675034,0.4848275802579142
Human,15636923.txt,8.035944540519624,262.4583233922726,0.012614913413746586,0.530021061028885
Human,15651486.txt,7.776522929996926,219.2636623831514,0.041875677070260874,2.191765799689873
Human,15680735.txt,7.8693756837313,233.83963688004948,0.027063166540476795,1.4529656274958815
Human,15684810.txt,8.42132295872291,342.8236809962417,0.06505692638191442,2.153567164987436
Human,15699744.txt,7.955839844650032,248.28268535146222,0.016975922873167158,1.0737982232868248
Human,15717923.txt,7.823544931303966,226.52789886107345,0.022141258779908957,3.045361847646047
Human,15721849.txt,7.974919659877997,251.5880625199362,0.04948627001452489,1.355309255896892
Human,15727656.txt,7.633257235733098,198.5360570894749,0.03029725757273854,1.2648332189545068
Human,15746146.txt,7.4828883555702985,178.88496866522564,0.02239144206300789,0.7560426226890589
Human,15765660.txt,7.9713474371310244,250.9658819260331,0.020760649481876035,0.47737114410041315
Human,15790602.txt,7.790005609077496,221.3223916960643,0.013385013110583745,1.0866530760819553
Human,15791766.txt,7.738432174801493,213.55030892817635,0.04093597378063336,0.672072480853359
Human,15792052.txt,7.600608127456156,194.0935179276112,0.025472533302251726,0.8596368269514869
Human,15802627.txt,7.934181728783698,244.58323865085245,0.038506047217299166,0.7839255121166983
Human,15811992.txt,7.601399202572243,194.19997469891536,0.09424961284654103,1.2508833264233659
Human,15821633.txt,7.997242937514795,255.51123835015665,0.02208596928196302,0.7064312816686568
Human,15891494.txt,7.780612793717423,219.88612990039465,0.02544097482835705,1.1269300477669066
Human,15899269.txt,6.889635517754024,118.57331179490798,0.033598705852831874,0.25669142387951177
Human,15906625.txt,7.358518129035876,164.10986207363206,0.022544107810679788,0.3939112859641856
Human,15917885.txt,7.162022003357186,143.21333314337346,0.013237213015574003,3.267749559026581
Human,15918496.txt,7.688938065614458,206.34834621086068,0.011089654777373488,0.6952298871816868
Human,15936656.txt,6.586880844517119,96.12773558681653,0.06502676712826246,0.9041044066463331
Human,15941675.txt,7.585523561707745,192.0746829065368,0.039844043057836454,1.850591082346398
Human,15958967.txt,7.935706219149425,244.84182542919496,0.022681398110200045,3.003418741652994
Human,15973307.txt,7.143452696010505,141.3818089630478,0.014855721146719444,1.0379911161846875
Human,16203589.txt,8.093860123545294,273.2087963033649,0.020970348291749402,1.39030369174965
Human,16223371.txt,7.108446120504288,137.99250700113348,0.010225229069083012,1.1175546982383897
Human,16248476.txt,6.779026387964904,109.82223660685945,0.044651630836211424,0.331932443126606
Human,16270906.txt,8.156724103663574,285.37677224412295,0.02698311100236892,0.3654679626642491
Human,16276121.txt,7.532471298683634,185.13980517583747,0.011760673300326218,2.6887067613093283
Human,16300459.txt,7.801297325074273,223.06143919193067,0.009016599489482666,5.725158017902148
Human,16332348.txt,8.54512408043619,373.5413335415923,0.0252205427993975,0.504366566032593
Human,16378091.txt,7.291347382831925,156.6441826744919,0.008341370442779253,0.3110787342407369
Human,16407619.txt,7.564316871072713,189.27195800737888,0.014053343161689004,2.174020096668441
Human,16449850.txt,7.263796765571388,153.6811879134865,0.011041605650773176,1.153802925956265
Human,16605352.txt,8.059957011192651,266.86328277934086,0.02187186054847913,1.7427753859285953
Human,16702198.txt,7.98060677202007,252.5817814442561,0.025482040594140963,0.8126658960812188
Human,16833515.txt,8.305936456435642,316.472527442872,0.012469433804342723,0.3784223590100124
Human,16861758.txt,7.795476759563672,222.16330887870123,0.0574654798185155,2.147152448812528
Human,16877897.txt,8.025600969615134,260.58332726644585,0.046834639941635434,0.8125912336684815
Human,16887936.txt,8.15654750599813,285.34184193248166,0.016998799560182704,0.6724077701456292
Human,16893572.txt,7.850896058543175,230.86346330957994,0.014250829310225999,1.5912000604331173
Human,16985289.txt,7.51894791412874,183.41246935577814,0.013934964112239254,0.5616086207435836
Human,17021141.txt,7.598035536690006,193.74772186553244,0.053138942392911885,4.43825274245464
Human,17043822.txt,7.694618744277003,207.16245414036973,0.029378649432011995,0.43741541445113347
Human,17095812.txt,7.772589177252823,218.6666171578187,0.01794860335458936,0.3491653670560919
Human,17103000.txt,7.519375334163515,183.46681609966936,0.013005736379339584,0.46147491203216806
Human,17108676.txt,7.374946022306555,165.9892524765813,0.05369194879243429,2.1960564134433125
Human,17111768.txt,8.385510859558348,334.4185024114509,0.031320951428681874,1.7410607497066466
Human,17115815.txt,7.358368513416576,164.0928438370453,0.031219335967974632,6.9730373293312145
Human,17131084.txt,7.8122293188661285,224.75810303715673,0.02134334882909765,8.509867685173147
Human,17132168.txt,7.770067400204549,218.28472993753664,0.014066416318828757,1.6532221429760265
Human,17150707.txt,7.461813749282508,176.29084546788062,0.025522635039822404,1.5622669730489518
Human,17152392.txt,7.8855134035737935,236.47000779482352,0.008559660247828354,1.3705497018599861
Human,17163375.txt,7.34941816524425,163.0779781538764,0.007893915356130017,1.5792462444381399
Human,17254634.txt,7.817271205117953,225.54495487407956,0.018292994512045493,0.9105081147364664
Human,17274759.txt,7.573975062294001,190.54329899654115,0.01754490193487314,0.7153186790385058
Human,17276884.txt,7.845299949921621,229.96969535940758,0.021723658119244694,0.8192996549931888
Human,17286050.txt,7.0058128376317335,128.51677183501405,0.019804849593028764,2.7374657253753956
Human,17306905.txt,7.688106005207111,206.22937111068643,0.02507072880371606,1.0579347397377623
Human,17307206.txt,8.040905016503686,263.3622975234593,0.018138378222030616,1.2041340060921517
Human,17311685.txt,6.994323835066943,127.4973839310167,0.021991332431715842,1.1171689350785903
Human,17312146.txt,7.469164315787591,177.1913437178663,0.03552472061162855,0.5018155703232728
Human,17325147.txt,7.770836471717259,218.40112412788656,0.0475025258140502,2.9234962147566974
Human,17342969.txt,8.463603199437921,353.0192877886561,0.030655360385582274,0.9265082284272227
Human,17378327.txt,7.0145407867535825,129.29662317847007,0.03447522566931808,0.5212833858809934
Human,17392859.txt,7.8092908360122175,224.30078137919412,0.01967694533063394,1.0013997875682898
Human,17396388.txt,7.76161542512401,217.0096556243497,0.008127529381702822,0.3123724533286655
Human,17407184.txt,7.4280053636970615,172.20764292860227,0.06590579313989947,1.1800462008442067
Human,17410700.txt,7.257198212509171,152.97989075268964,0.01326310710993902,0.451221102009385
Human,17412079.txt,7.813460353285559,224.94996828421586,0.025154798860764632,0.9209908165284708
Human,17421910.txt,7.5398887950325175,186.09413726570966,0.01861749664704411,0.49043656879844233
Human,17422560.txt,7.755466060459863,216.08663899830466,0.0355306586333014,0.9362356196672176
Human,17431847.txt,7.748498318074954,215.04552776291766,0.032866818567798134,0.9482614133733859
Human,17432318.txt,7.822687153847767,226.39325310048906,0.013430697131159795,1.6039251332107918
Human,17481570.txt,6.748568596010973,107.52800176039973,0.019476044127083855,0.5079730267721225
Human,17483843.txt,8.063869717597864,267.5880200574381,0.030816271831895694,1.054335575374063
Human,17488801.txt,7.364213451609001,164.75899850222046,0.01854673455577868,0.5999368243012048
Human,17499196.txt,7.2212735880075085,149.21756781380907,0.03934579300382492,1.2604770795666675
Human,17509935.txt,7.04163396962513,131.74770034481094,0.025568688754076273,0.41738442112458624
Human,17510973.txt,7.695787746029894,207.33038388781165,0.015668284533821446,1.8144195156090657
Human,17539842.txt,7.676770120053021,204.61528644245598,0.02388953139604275,0.6171869586035743
Human,17545780.txt,7.7634862929977375,217.29125342616507,0.025475917086251645,1.2827869016197226
Human,17555081.txt,7.869953764262016,233.9333540023595,0.02600382422322447,2.8067309739297954
Human,17556527.txt,7.896449800235822,238.2693878899326,0.022262032613546236,1.0506263965541056
Human,17562754.txt,7.379942315264396,166.56509742259175,0.026831308880396802,2.826283295614957
Human,17570634.txt,7.713569229438182,209.90158194091205,0.015848776102088773,0.5754198413562276
Human,17571262.txt,7.626041761717393,197.54558067999608,0.00902905850252248,0.3522176214690863
Human,17576030.txt,6.736290430176639,106.61675962384284,0.02800520028911258,0.727684057033378
Human,17584743.txt,7.679716467472025,205.0335894984092,0.018071886096421415,0.6649075372649385
Human,17597372.txt,7.258765690084549,153.14619260793376,0.00987076580411372,0.5174386263587494
Human,17602815.txt,7.735443778240154,213.1084189295407,0.029439232873149423,2.4859458698104357
Human,17624934.txt,7.690166045322813,206.52405864152664,0.019043285546480115,1.4209421156781212
Human,17640785.txt,8.071241794171403,268.95887671435815,0.026000473748075403,3.4735678627195354
Human,17641670.txt,8.580251148596608,382.7480317545908,0.03959742365117678,0.7194171234969939
Human,17655479.txt,7.80741316878193,224.00904385837964,0.014913605401400576,0.36218984490477474
Human,17658471.txt,7.82348343904233,226.51824372567077,0.011019737313126136,0.6661647896080944
Human,17659053.txt,8.101431627556352,274.64641071906743,0.01809977501406694,0.6257528969895809
Human,17660419.txt,6.48451870706313,89.54361805106744,0.022963960894659144,1.8424918892660436
Human,17681064.txt,7.612504959173925,195.7006800680707,0.022793233677529286,2.5868018132552804
Human,17686472.txt,7.418512903862127,171.07829261316562,0.029914611045423884,1.655799874308354
Human,17688766.txt,7.55361246403788,187.87280834141112,0.03262183236169003,1.307840255919706
Human,17694454.txt,8.336810181287053,323.31803653433843,0.04744046715229284,0.6824498168080991
Human,17694572.txt,7.233727737334959,150.51127315558693,0.01732285573291619,1.1050976406563064
Human,17704246.txt,8.757362827590912,432.7418466465187,0.04080104036115862,0.3928568326795212
Human,17714174.txt,7.79379343797657,221.90424220525992,0.02776345255154417,0.3632702922527898
Human,17730889.txt,7.826651755585529,227.01624927044193,0.049476830047892155,0.9992259665476011
Human,17775916.txt,7.955451982984861,248.21594471023414,0.03365448178185375,1.1211160807580896
Human,17781039.txt,8.100474708795451,274.4643021275849,0.020483738504737024,0.6935098411073287
Human,17812897.txt,8.049979691362688,265.0240897662317,0.02361858018387941,1.2165351712662753
Human,17818707.txt,7.719151523727425,210.71533829125664,0.029665781492431584,0.6934762408662304
Human,17823436.txt,8.295410359038272,314.17190427741644,0.020546364434414408,1.7201906833443048
Human,17847636.txt,7.650354279959048,200.90285834867657,0.026944346709174314,0.885996697157695
Human,17855844.txt,7.953853156215913,247.94101864099054,0.02909218718708625,1.922510333842333
Human,17857644.txt,7.7900054444967815,221.32236644790427,0.033298303225993385,1.478027769422039
Human,17864043.txt,8.078594099316494,270.33305147911744,0.02185224307284265,0.7314432558231115
Human,17876954.txt,7.99080539586073,254.37364529067716,0.010574909449365292,0.22680827487323926
Human,17880988.txt,7.6013457829346125,194.1927840592303,0.014835290001061496,0.47185298694195105
Human,17911230.txt,7.765551599888403,217.6025420123101,0.02378419568513131,0.8891580826836064
Human,17915015.txt,7.7507691890121855,215.3842862411906,0.05314698218242415,1.3227779623137073
Human,17926546.txt,7.881417079449639,235.7995376754682,0.019014140605189744,0.853934014627719
Human,17960690.txt,7.67840228964557,204.84690561662444,0.10978297070354538,3.7826556953143085
Human,17963031.txt,7.810308338620821,224.45903182322465,0.031042953429378933,0.8562124127937522
Human,17983430.txt,7.900516422584635,238.94196144094587,0.03957873528928835,0.6708331621570279
Human,17983957.txt,7.601893784123662,194.2665613214281,0.014072959887479876,0.5724279812613937
Human,17987433.txt,7.886447192919405,236.6231133674082,0.021365030346820805,0.8998099482162384
Human,18001081.txt,7.442383109204954,173.9324262312483,0.019871328243210615,0.23943071014377446
Human,18024825.txt,7.565617784926729,189.44270619255667,0.03975196856559777,3.3107009869723436
Human,18029935.txt,7.360791321577995,164.3686467512179,0.040793331331851854,1.131998129642676
Human,18036030.txt,8.151749522528657,284.3944543230464,0.023340873454920787,0.39758913616044644
Human,18062906.txt,7.935588018791396,244.82176630020942,0.02689309047671621,0.8764072207515649
Human,18067556.txt,8.47647171348531,356.1822255088556,0.02546840545177578,0.4800660142768661
Human,18072085.txt,8.033472308659741,262.0089545513323,0.03220424428024285,3.084254451893429
Human,18079050.txt,7.496477660377207,180.57791639722876,0.037223273907941654,4.61749826489763
Human,18084150.txt,7.754999572917895,216.01677986166428,0.021353945132414492,0.8466131800369486
Human,18090899.txt,7.1876237361922675,145.7774476643148,0.017977485133986913,1.591946277820852
Human,18106533.txt,7.7021501651362,208.24674927754995,0.022286742293668328,0.3251478161784755
Human,18129173.txt,7.754960195669433,216.0108839307238,0.030611374287690077,1.839750428836883
Human,18132924.txt,8.216764339314517,297.5038110397732,0.034402780228199245,1.381924698922736
Human,18133495.txt,7.979254828526779,252.3451989800242,0.021070094913732493,0.4025015329062834
Human,18155310.txt,8.241117795654123,302.5684596383476,0.015331912013159353,0.7365025691593406
Human,18159866.txt,7.9482132258494165,246.97363449289304,0.030036163523457844,0.6089185679920187
Human,18171955.txt,7.623207544174259,197.157877432314,0.01719199407883207,0.5567944604818175
Human,18172739.txt,7.223397327400583,149.43738737399215,0.029010050374484526,1.1096189044478166
Human,18176523.txt,7.698140932006913,207.6688373043659,0.015296715666920362,1.1950671368053742
Human,18187364.txt,7.841158697484507,229.31051447626976,0.0224333632208056,0.5367319634645176
Human,18198627.txt,8.108033871223428,275.9061627091261,0.02456166652742841,0.546337801869247
Human,18208580.txt,7.77268398530092,218.6809875103701,0.011199322456234173,0.970101484079959
Human,18227306.txt,7.752148165542046,215.59025621992146,0.02745227008196646,0.4847927933838893
Human,18236085.txt,7.502972931851217,181.392743392197,0.034638689930744856,0.5549991520948951
Human,18242317.txt,7.665730879520979,203.05558231494172,0.04056778938805966,1.522889834347657
Human,18264694.txt,8.00731902287715,257.30202888632704,0.04523475312732945,5.532421874532761
Human,18268860.txt,7.55853687534005,188.51517814325697,0.023055780034659624,1.1504522714316487
Human,18278509.txt,6.97113018958236,125.4640465964859,0.051526252676001576,1.0363658865880883
Human,18293620.txt,7.69090891383473,206.6304288181097,0.025656968459811316,1.3674818245539362
Human,18297650.txt,8.274464685413996,309.64357171831983,0.020766635374923827,1.0739186328240766
Human,18301617.txt,7.500152099388144,181.03842136277024,0.031999267088288236,1.117354020633989
Human,18311419.txt,7.698170461869344,207.67308802595593,0.007931393439188127,0.34111680882348616
Human,18316239.txt,7.948270365884693,246.9834164365858,0.02699849055590938,0.37418651672330094
Human,18319061.txt,7.555415263871981,188.10772200310595,0.023231388683659634,2.1822205358612408
Human,18328743.txt,6.7773461169086495,109.69440383376794,0.041076060993226096,1.9872653064771637
Human,18334783.txt,7.391452908402655,167.89935855898884,0.022889437120116003,1.0129110812478437
Human,18354623.txt,7.894274216124346,237.91034843846165,0.01321648342626069,0.5637241752507195
Human,18365443.txt,7.8528687867257565,231.17935985422727,0.02539991661949772,0.556696674382546
Human,18365791.txt,6.857783771009042,115.98414326423801,0.005469515842658274,0.4130872079364882
Human,18368613.txt,6.899875650693405,119.4179295585923,0.02591516932896951,2.0910442473829765
Human,18369400.txt,7.301699327812369,157.7722129133524,0.06648157003093494,1.3364111273829533
Human,18422164.txt,7.898888769408618,238.67253836363986,0.020747391886777437,2.162357236667571
Human,18436190.txt,7.731844794454523,212.57745579354477,0.016567703409385817,1.4297631977284955
Human,18442517.txt,8.112117285967106,276.68819577235934,0.023892565265069627,2.627532643151565
Human,18448085.txt,7.33984971585788,161.999967769815,0.0170393403488186,2.1244780775051084
Human,18457785.txt,7.6431627151376444,199.9038871037272,0.05317456649375494,0.5517134362549309
Human,18460045.txt,6.323656932407701,80.0959245718211,0.025328028669465617,1.4467916704875194
Human,18472240.txt,6.15381540829354,71.20049708646373,0.00860976623224317,0.5757969927064119
Human,18480859.txt,7.214960860869229,148.56607051105095,0.028855265956739914,0.473544255134506
Human,18484846.txt,7.852834990103459,231.1739443022413,0.02091017477727459,1.55133844625912
Human,18488289.txt,7.81003061336616,224.41582661337358,0.013750179985348712,0.6556148076476592
Human,18501746.txt,7.052582097816455,132.751292546178,0.006883093185844273,0.07306875345980636
Human,18509268.txt,7.379418958318832,166.5046846614194,0.01756356171288598,1.8328495252800712
Human,18525641.txt,7.631387985846747,198.27898738589982,0.01511643042049796,1.6414752896528988
Human,18557164.txt,7.814049144786883,225.0417934148801,0.014643480455053072,0.9019159375366972
Human,18569929.txt,7.469513370207391,177.23421965674328,0.02162151253213373,1.0277114617520087
Human,18586076.txt,7.810683739751681,224.5174455113545,0.0194607292172455,0.577983810304118
Human,18589927.txt,7.265005813823726,153.81003416732764,0.0197094246620448,0.6916934167921569
Human,18635654.txt,7.233139246675001,150.44989052573064,0.023389940681126473,1.1933741346801892
Human,18636651.txt,7.333814550404227,161.3236956184855,0.018880029308305016,0.6578104787111653
Human,18640927.txt,7.55282636287563,187.7704673753866,0.028966922629789515,0.9450741639814032
Human,18645964.txt,7.536403619846815,185.64512490160016,0.015066039925619988,1.056671768904383
Human,18669563.txt,7.395863002055364,168.41338595318214,0.02782385177980179,0.7073596476631132
Human,18714571.txt,7.060826588735802,133.51209091687193,0.02387394926771294,0.8493544588406254
Human,18725071.txt,7.402350561396958,169.1724182451579,0.04152667291508507,1.0316720156879027
Human,18731098.txt,8.18935404205837,291.9047834044584,0.0202181053654611,1.634408801120277
Human,18752129.txt,8.145773087227322,283.21877312131267,0.039331150313428785,1.7793375909087359
Human,18753367.txt,7.990989909533478,254.4061805221336,0.03290371873637686,0.5923879429468367
Human,18757174.txt,7.028415330913209,130.54608033186287,0.013833975053899935,1.9327602889499587
Human,18767449.txt,7.351227792724281,163.28266143330276,0.01620100609415542,2.560459491986866
Human,18784594.txt,7.805433100797246,223.701807138847,0.015783131413652125,0.8448504824535273
Human,18795567.txt,7.867201800255511,233.4875476916508,0.012417282951990448,2.3369948912308507
Human,18805506.txt,7.784301591402948,220.44907166612853,0.02880717877107908,3.7118421047288694
Human,18824120.txt,7.495201880726635,180.41830137620792,0.02332293475966719,0.9082511779067814
Human,18825446.txt,7.932022540852714,244.21746059535437,0.020901879221690744,1.1395521315471846
Human,18827609.txt,7.7120482050399675,209.6804006256193,0.006638386930193353,3.382780745461184
Human,18835363.txt,7.34416795647251,162.48558864697125,0.010870656988825738,2.699236457753915
Human,18856440.txt,8.293868066997872,313.8362228561563,0.01913470478764576,0.6932547428831765
Human,18882984.txt,7.495376679273427,180.4401623839739,0.03196150679394778,0.9412968271002663
Human,18885231.txt,6.920474496409846,121.13521309856229,0.015369621781826933,0.7840194769937775
Human,18885767.txt,7.652720752205683,201.2326724579276,0.025256348793962272,2.154855872907941
Human,18900722.txt,7.749695750534865,215.2240889839056,0.03614685485871036,0.9119569954797098
Human,18905648.txt,6.896612349097827,119.148117641146,0.023884821410523917,1.8588674937670109
Human,18927233.txt,7.142535337173992,141.29193783873112,0.02305207135293831,0.7666377722714272
Human,18932512.txt,7.598416567539755,193.7988994232919,0.021105542501823785,0.6863880373907499
Human,18937778.txt,7.834834334011827,228.30748270964227,0.016339482002762987,2.57158340027482
Human,18949843.txt,7.95457465872885,248.06504679837832,0.03057141977596685,0.5978755964915488
Human,18975686.txt,7.35482219294732,163.6899789502671,0.027811190067104148,0.8671047753334239
Human,18979238.txt,7.683569364243531,205.58188905809482,0.04894426458828305,1.2818239308018904
Human,18997135.txt,7.6122737080339915,195.66931350951484,0.035764636719732575,1.0122431981176618
Human,19007667.txt,6.268230321741496,77.07709653350807,0.034254423579075086,1.430934009912448
Human,19037403.txt,8.185843283769298,291.1953048244846,0.024632215168067274,0.30363466061299427
Human,19053815.txt,8.025399086128097,260.54686509762945,0.03919568389691222,0.9272752471880374
Human,19063156.txt,7.823076151146967,226.45430428272502,0.015425472465298105,0.6761934451774433
Human,19070271.txt,7.612476571231221,195.69682929928203,0.10571228987361665,1.3350343778314648
Human,19072267.txt,8.427444279903296,344.2813640950559,0.04279575854637579,3.128177660895831
Human,19090468.txt,7.537578115587681,185.79631983828787,0.030627598053114474,2.7908549143036994
Human,19108760.txt,7.981530282248612,252.74351800452013,0.03256616376286227,0.7983340378802436
Human,19124258.txt,7.410688398132852,170.15295522951635,0.02999588397913423,0.6631373535102556
Human,19147494.txt,7.82888045975949,227.3672195390772,0.01709976299286809,0.40003369891549323
Human,19147603.txt,7.508296800138862,182.0633599021269,0.025932809947064962,0.7425466610090191
Human,19147947.txt,8.021639137957566,259.8687125996081,0.04556900037536538,0.5814555370873856
Human,19149865.txt,7.821512949499109,226.20906740339134,0.018357212276502943,0.46564980419585456
Human,19156751.txt,7.916219228939147,241.55689592415692,0.013670029442583475,0.5899108995589513
Human,19161572.txt,6.384635486618144,83.55391285600547,0.019421225176864117,0.6781745692979809
Human,19164410.txt,7.447686719834177,174.57301034771592,0.0248967532023605,2.5577330943292163
Human,19176318.txt,8.01392565760981,258.48301215555654,0.024790286509504066,0.7422883640556079
Human,19179079.txt,8.254061901165993,305.2953702276604,0.023300183126099754,1.8721735547506013
Human,19195747.txt,7.98517804210042,253.38337199769592,0.022158340108029324,0.49674414051430454
Human,19201175.txt,7.239943353251327,151.16112527529296,0.014917028983136562,0.6840883308099537
Human,19234823.txt,7.7577731392732225,216.43246934716817,0.031116219954322913,0.6226057807468975
Human,19243556.txt,7.596406016817748,193.5290079162,0.03718203153208158,0.7653587586923323
Human,19268120.txt,8.021453575538395,259.83528989796633,0.02263582046670066,0.9225095727247484
Human,19284293.txt,7.696625090220347,207.45075394401874,0.04732057627738944,1.1342271261159358
Human,19285236.txt,7.835759128914798,228.453879055647,0.0066954981005218055,0.6231499608407832
Human,19302310.txt,7.800368824378684,222.91792579354157,0.009727661047874278,0.9411972092293429
Human,19336728.txt,7.006208551070506,128.55202723375032,0.010913020058858228,0.9096215429979218
Human,19362586.txt,7.594479885312274,193.2708011688249,0.018242408933371593,1.642791683191505
Human,19364677.txt,7.479045377327545,178.4090979948378,0.028304521196079707,3.0588052444491516
Human,19374660.txt,7.592618003080112,193.02153479009203,0.024504933453871728,0.3484883948377785
Human,19396040.txt,7.809526154659803,224.33737016610013,0.035685861553402524,0.716864254712708
Human,19397727.txt,7.634564578314982,198.7160481973411,0.03726116161571275,2.637597203069337
Human,19402977.txt,7.029317850781819,130.6277727814896,0.014414407323012692,0.7440835379700809
Human,19405513.txt,7.800932514483604,223.0050413494328,0.03057075138053009,1.022090772498809
Human,19437318.txt,6.959424107684112,124.45014557529271,0.012680936021059014,1.4799666789557644
Human,19444529.txt,7.6666821234676075,203.18951157977673,0.01677055157257392,2.3353180649053096
Human,19446337.txt,7.800879080145838,222.99678187276302,0.050628110551820794,4.3867834360153495
Human,19464810.txt,7.900819915389559,238.99223179754551,0.02017559115649177,0.3886695077714587
Human,19471144.txt,7.958206523886757,248.69031669004806,0.025629432739955875,0.7226798182092524
Human,19473948.txt,7.780506091333124,219.8698676231655,0.023447107588500275,0.46018169208343923
Human,19497420.txt,8.184811993727099,290.9872223813948,0.02076088722895678,1.2529938934136813
Human,19503224.txt,8.058652347904564,266.62206108116254,0.029318906790929113,3.6171546775160524
Human,19506295.txt,7.708239230707787,209.12753681449624,0.029394392293864795,0.7541620374617831
Human,19508520.txt,7.508450261983113,182.08272731120644,0.026750717252172772,0.8034534191780295
Human,19518606.txt,7.837552293453584,228.73800707607185,0.020121146721304873,0.2820822510386367
Human,19532392.txt,7.617113552216044,196.3268324005889,0.03253765869214314,0.866245950857616
Human,19540089.txt,7.846142470011988,230.10403468220545,0.03511440752446898,2.403812630934379
Human,19545827.txt,7.749597531381218,215.2094369557899,0.031321274749844676,1.2118397071724218
Human,19553067.txt,7.453091367648644,175.2282251430438,0.03311963496398369,2.2078815841701065
Human,19556300.txt,7.13596505835732,140.64993330924253,0.016579412879367126,0.8077603708048684
Human,19557384.txt,7.7516737573553405,215.51937431818365,0.03033655335179358,0.6074630567212993
Human,19558834.txt,7.467162203117941,176.94561542505127,0.022908856196468565,2.786534268605974
Human,19582792.txt,7.966792429376691,250.17475921975029,0.015219894125670212,2.346998813436421
Human,19599699.txt,6.9814257631379935,126.36260406303515,0.039633348824327494,0.8759725512276135
Human,19612167.txt,7.3887268503047725,167.58240228174313,0.008988262380342343,0.31452261576915214
Human,19616406.txt,8.131761369309936,280.4814150112963,0.027593253844968642,1.3316059409188683
Human,19671909.txt,7.898162242932363,238.55237557179942,0.03547619224536797,0.7832893222671552
Human,19714635.txt,8.011804656887904,258.103278508797,0.025399020834388743,1.3018610257251158
Human,19717385.txt,8.15477954647598,284.99238218265003,0.04545314162594208,1.7809650053096622
Human,19724031.txt,7.833430877522772,228.08549274838967,0.024293575535660368,7.214360650541566
Human,19738730.txt,7.038481117483098,131.4600945424367,0.02078258780937907,0.6961881098550354
Human,19774173.txt,6.895650714776241,119.0687254351329,0.030505592098940267,4.195553608303133
Human,19786924.txt,7.545323210360744,186.79644782261863,0.05871081823997671,0.9299644661574388
Human,19796840.txt,8.150620558092573,284.1719917629649,0.021091785755038433,1.1326681026443217
Human,19818707.txt,7.501999045009656,181.27033609972878,0.038066838770049266,1.4330657517231302
Human,19831366.txt,6.419065281637717,85.57190372840923,0.012160067847490628,0.4150451724204379
Human,19850482.txt,7.870146218204661,233.96456253781142,0.031162867763595434,4.480958545037911
Human,19851252.txt,6.387369469273088,83.7124020217039,0.008858195255098868,1.1255083688652336
Human,19861776.txt,8.37537448987868,332.0771142533827,0.013561018815982241,2.3625151053459117
Human,19867922.txt,7.583601692921402,191.8189832873118,0.015002524294224046,1.3322020166583701
Human,19911786.txt,7.463221087551668,176.46289978006692,0.025688861118920533,0.4485201041157155
Human,19918523.txt,7.082195371958745,135.50435150713483,0.02921065450104211,0.6640587977734974
Human,19920687.txt,7.587594485279902,192.35059542143318,0.030577671485663413,5.418289965377591
Human,19926135.txt,7.732296889832207,212.64408133962615,0.0405440534414277,0.40653749795231015
Human,19928941.txt,6.818738215086132,112.88720888455386,0.030220496041931943,0.4388600865291278
Human,19929506.txt,7.383999658001479,167.03419370783925,0.02885668323747587,0.5346656418230258
Human,19936735.txt,6.575565349958962,95.37672566477647,0.020070833122521246,1.2070601535559569
Human,19938081.txt,7.892945830767104,237.69138936470227,0.013770719483228836,0.4602270923793789
Human,19951766.txt,7.70889574281863,209.22272394699493,0.015049854410551,0.5678677330639315
Human,19975121.txt,7.276620144298857,155.0532702684608,0.022644456110469908,0.8006379152126081
Human,20001721.txt,7.671044265928922,203.80480649433085,0.017535463698368746,0.4886861698939518
Human,20006992.txt,8.020323370928656,259.63181512677744,0.03998675453097608,1.691473183267948
Human,20024870.txt,7.486437790823739,179.3256177997909,0.04225170226923048,1.1532235189814244
Human,20026169.txt,8.038406177118139,262.9065321285288,0.048501964011623655,1.1475170958510408
Human,20033302.txt,8.034389126508014,262.17551146198707,0.012924307456724664,3.1977549525089075
Human,20082776.txt,7.683031701342157,205.50528717236466,0.019900107025669342,0.6878196424957693
Human,20110597.txt,8.036559514489136,262.5702246868217,0.018678138982537475,0.6082662332140709
Human,20138606.txt,8.13182461553896,280.4937112902407,0.015111085847193468,1.1321417054762841
Human,20141807.txt,7.773038153003416,218.73467817131421,0.025317236862811218,1.0880283528318704
Human,20148147.txt,7.61686132498365,196.2925114639292,0.03158549185941107,0.6536373722899187
Human,20149476.txt,7.671880494317544,203.9229719846059,0.03282557120376411,3.5909773178463618
Human,20172393.txt,7.484769203608621,179.11833389310618,0.033899018812680246,6.333420077546058
Human,20176584.txt,7.936784024814041,245.0248097033247,0.015508764359140411,0.6811475118682213
Human,20210676.txt,7.118896824276711,138.99573684000376,0.021515816735641388,0.8435614250777935
Human,20211577.txt,7.6086924365410935,195.18419649765949,0.015547688712253573,1.947440545930816
Human,20230207.txt,7.416936140415961,170.8914183012319,0.05874519263096069,0.796471512474244
Human,20237244.txt,6.952228718190643,123.83100022782772,0.07963537681315362,0.8307492721224916
Human,20253563.txt,7.331741758417405,161.09208023799357,0.01958654331878448,0.9462049250910768
Human,20255404.txt,7.699520162731014,207.8674656964322,0.020160491821223377,0.5442809061329992
Human,20272792.txt,7.103697780995181,137.53907911158575,0.011399621321512813,0.3228390543196459
Human,20275356.txt,7.174537679157661,144.46114290075366,0.0364240495581582,0.5051929053567203
Human,20279756.txt,7.577528615270916,191.0132113998688,0.0185657451243463,1.5229542207958022
Human,20314980.txt,8.35806745743472,328.11721030810867,0.013759175884333869,0.8650901739317207
Human,20317319.txt,7.8953079237332835,238.0808750274109,0.044420602361727166,1.5167865846995479
Human,20321582.txt,7.75758412256513,216.40411500204328,0.024400243600021236,0.4281457657101214
Human,20324037.txt,7.78525784678344,220.5952394174949,0.01446739259316537,1.260716990864851
Human,20330739.txt,7.539219932916478,186.00788031903966,0.04429740533935063,3.222973267467368
Human,20345168.txt,7.352378451512838,163.41294369623552,0.02710881699897028,1.6436638114980924
Human,20356750.txt,7.159097959185727,142.92336331974272,0.012063218493548876,2.854818542230435
Human,20357858.txt,7.777602894362871,219.4278589649469,0.042246302853203535,2.795658834237131
Human,20390397.txt,7.3221141587097955,160.0206364689379,0.03537966297319296,1.0099991413424978
Human,20393721.txt,7.715775292432,210.22279350351116,0.03581759144063034,0.9286569684696303
Human,20399718.txt,7.391044023455174,167.85177969383673,0.06804508631631699,0.7168810050185579
Human,20400279.txt,7.675360712437693,204.4154898711601,0.027920652462925126,0.4985363781917751
Human,20408458.txt,7.743460882282743,214.29596602283286,0.038652631530093566,1.5704461967209145
Human,20417897.txt,7.674408932352571,204.28067660606052,0.030616471585551728,0.49559985381164046
Human,20423658.txt,7.623647467467839,197.2180062646045,0.017590160967560744,1.1132984979823772
Human,20427934.txt,7.967439433410696,250.28698001123544,0.032490533676425376,0.98815113321629
Human,20457611.txt,7.856282587324878,231.727039495903,0.013382046518572319,1.6501763047573983
Human,20470943.txt,8.32189482096314,319.9926196925455,0.01591111781415054,0.7164292636901882
Human,20478831.txt,7.558823817240097,188.55267621566767,0.01685046936256357,1.131607583448527
Human,20488267.txt,7.0458611933472834,132.13429883482064,0.01617264465202851,1.9421223719075997
Human,20490741.txt,8.010869634792124,257.9360539230217,0.02675837134122984,1.1726585854989426
Human,20504094.txt,7.838588296972233,228.90232349740083,0.026750734414300818,0.8934610837369916
Human,20544228.txt,7.666555612429541,203.17169451639074,0.014556399515626806,0.3849008411617259
Human,20552814.txt,8.059513539781584,266.7812640256857,0.03107052367630326,0.4995793864569183
Human,20553895.txt,7.10762899208842,137.91437151922096,0.019964023435308793,0.5390932828385951
Human,20565486.txt,7.606359429159876,194.86881579257647,0.03496521279740276,0.3549545870658971
Human,20565849.txt,7.211044208446525,148.1632878668877,0.03406286448774534,0.9150338847254641
Human,20566550.txt,7.972838669122569,251.22542523047574,0.01573204762820101,0.4886271498772093
Human,20574232.txt,7.1438220635411165,141.4180110250343,0.04784195314311149,0.5996186868509528
Human,20604208.txt,7.987874139575367,253.85733564014495,0.024746822936134647,1.7383236610098818
Human,20624984.txt,7.7262556931436555,211.7555090561333,0.024585202208019206,0.9785640929931743
Human,20626794.txt,6.991856955630865,127.27956109406178,0.011180238373075968,0.5550694519247489
Human,20628003.txt,7.045490664446195,132.10036699993933,0.011759892442197124,0.5337539610128029
Human,20633855.txt,7.749158817812429,215.1440032061865,0.011539963235948721,0.09523273416911027
Human,20674668.txt,7.632113019211774,198.37865849224977,0.04092081802986347,0.6374975375637721
Human,20681037.txt,6.9340611534226335,122.28139905047402,0.01687353792049676,0.6216289418645397
Human,20691949.txt,7.311402519693226,158.83692428397575,0.01953083016918538,1.3404270565919902
Human,20698469.txt,7.162896154626468,143.30013461449033,0.01745685389312963,1.4436073814457417
Human,20705888.txt,7.745551156812015,214.6066776040292,0.019685728884348344,1.113415808934592
Human,20736486.txt,8.030973778913747,261.5555873400268,0.01366804085768885,0.4524664008122926
Human,20748468.txt,8.359616201463101,328.46963574469135,0.018327563654837613,0.8943665867330716
Human,20748926.txt,8.040167142498166,263.2276339242575,0.023109417689059282,1.6253527328287807
Human,20748929.txt,8.027818580954374,260.98418599648636,0.017515674571554427,0.9198539506879507
Human,20765795.txt,7.854254018484012,231.40143782091744,0.021938636853589467,1.5620975262214503
Human,20806155.txt,8.13565995801638,281.24038376982946,0.028254767133743787,1.110392049241636
Human,20817322.txt,7.436023572885458,173.1674030164804,0.03331981732075762,1.139918682693763
Human,20819838.txt,6.877490863684569,117.57934725828001,0.025675737044154937,0.46289112435192076
Human,20824105.txt,7.4395570660150625,173.59204977023447,0.027310312323164575,0.5283330593871621
Human,20835760.txt,7.740969900653494,213.92627823419946,0.032497494607827845,0.5002152018512059
Human,20836112.txt,6.9286578904525875,121.82428039428373,0.009567987218690371,1.4787032444812964
Human,20850529.txt,7.739464161028389,213.70312002919934,0.010766397675181841,0.8086479518656032
Human,20879311.txt,8.143372674773769,282.7479344543583,0.02155657276210655,0.9397222489459055
Human,20880935.txt,7.672022146892406,203.94299536542783,0.02403544089244879,0.3796533619729969
Human,20882041.txt,7.459401596481058,175.99633751806837,0.018713889134936317,0.3589186514380895
Human,20905088.txt,7.748766920505949,215.0855688854689,0.02962354843843564,1.1636955705470613
Human,20918464.txt,7.91252886020259,240.93979055333827,0.02610043728763541,3.130588763124664
Human,20925036.txt,8.327740755249362,321.2918901091078,0.034743010285044174,1.3876253280945474
Human,20932019.txt,7.20295379255438,147.33473589485794,0.03968809177914052,1.3161762563843984
Human,20966771.txt,7.641042281292391,199.61028963319472,0.026843626563511677,1.0741508011367344
Human,20969119.txt,7.978477395068413,252.20925288890982,0.03164228991329593,0.43949668214853815
Human,20969845.txt,7.534001961771054,185.33633808403727,0.04438293159041042,1.320931779290172
Human,20977412.txt,7.879672933278415,235.51464007232192,0.029232211672176652,0.9010787684618797
Human,20981299.txt,7.72000329856658,210.83978248236585,0.024995602297292384,0.9995694264609818
Human,20986595.txt,8.024149113506104,260.321221150607,0.022259995009222024,0.7596506615226917
Human,20992320.txt,7.493921024669875,180.2581931658354,0.005103304264951781,0.6054322634632314
Human,20993320.txt,7.729428183233702,212.22167232217012,0.013638187296467503,0.5699928260698357
Human,21007083.txt,6.906734738226085,119.98703684760653,0.019920145289201302,1.9633641063558127
Human,21031285.txt,7.57722388508561,190.97286930211953,0.01761947028962876,0.5627738306548836
Human,21038022.txt,8.037268458949374,262.69928415205004,0.03650453301304024,2.0910974441829517
Human,21060367.txt,7.701631713010644,208.17192641509746,0.02717838439736075,1.5374027776364083
Human,21101152.txt,8.144194351075239,282.9090173188227,0.02751550390688046,0.6069065626182341
Human,21122155.txt,8.027757125457692,260.97306890609883,0.023928735200580926,0.5936660201737942
Human,21125113.txt,7.9816141920477,252.75821846024053,0.01296048739989698,0.9372267602953558
Human,21134923.txt,7.746243431607521,214.70968096933257,0.029598458082736062,4.911556326125577
Human,21156767.txt,7.701840966039,208.2021225161602,0.038369983622565156,0.516470581413496
Human,21178545.txt,7.92157423506791,242.45517468551702,0.08085733885303102,1.7844527240878008
Human,21190805.txt,7.760273357716073,216.8078762073641,0.019301427269237097,2.001058539694052
Human,21238396.txt,7.8644476040937965,233.0422303870745,0.019688845856642677,1.125771725757077
Human,21265194.txt,7.3118119170263505,158.8820042480238,0.02118349853264297,1.610505529003663
Human,21283365.txt,7.643841715504956,199.9979934502095,0.022068297466862587,1.743564674963117
Human,21283733.txt,7.891005272175952,237.37188733626968,0.011865675218140774,0.8337973208689475
Human,21287405.txt,8.07949507141167,270.50192889110025,0.022952783968752537,0.37193380470897935
Human,21297521.txt,8.391128929386849,335.7233168980448,0.01335703180752382,1.1007510031091654
Human,21297828.txt,6.571836201541891,95.13050961107945,0.011590611089320003,0.5635015352803334
Human,21298336.txt,6.304831745498095,79.05757213854119,0.044284688964868466,1.3504594853215537
Human,21321598.txt,7.614697824880664,195.99836711148865,0.02322123306743804,1.7069091786744521
Human,21334981.txt,8.121584946024374,278.5099280467978,0.016251484881661084,1.062609661550358
Human,21338490.txt,7.367938305570735,165.1849347706131,0.023031439692021285,1.3994406432111715
Human,21363048.txt,8.280381760251931,310.9161529225271,0.017474324821982596,1.5818980103620197
Human,21366189.txt,7.767532364649877,217.9015071137461,0.016754181284145717,0.8080131237266103
Human,21386255.txt,7.762762530056069,217.18227134025824,0.03967377508306878,0.5535619297569869
Human,21478007.txt,7.895016356266824,238.03276394258205,0.014215847359785544,0.5640627750881737
Human,21511817.txt,7.803113934557097,223.3424901004703,0.04576282966175963,0.7260687329705053
Human,21512769.txt,7.6268779978488395,197.66011814844725,0.0157371158956721,3.7948435731345156
Human,21531811.txt,7.070348036669408,134.39615340687914,0.009686753742608295,0.8316051282055681
Human,21549195.txt,7.5247461861213525,184.15109761979662,0.02207764772836952,1.1464341885296578
Human,21550454.txt,7.76390073596408,217.3536836455398,0.013121633663918397,0.7102141215920501
Human,21567392.txt,8.020045137917593,259.5817482905466,0.026674780455953537,0.9195534320270414
Human,21568833.txt,7.336651798939599,161.64127194608477,0.041096341823947204,1.519915245081713
Human,21570485.txt,7.763782557081767,217.33587976971268,0.02420072792342023,0.5235611653448777
Human,21586858.txt,7.902946355314674,239.34475074450302,0.07475881492455436,1.4387294550414542
Human,21595057.txt,7.755211865786342,216.0485691135593,0.01634322574736097,0.4585651214515821
Human,21611212.txt,7.204597737711184,147.5027189195801,0.0179897026595341,0.37405179745814815
Human,21611637.txt,7.942017133949293,245.91520572946743,0.029967221431396678,1.1457162979623245
Human,21614256.txt,7.864187254499821,233.00017924377852,0.033402776983286926,1.5401402672206035
Human,21622444.txt,7.719320473346671,210.740015967249,0.01712337504548966,0.3854462810377129
Human,21629057.txt,7.969921316784809,250.71792189239648,0.026570379800871194,0.7805824546332606
Human,21645690.txt,7.687749290870082,206.17838606021985,0.0152690531658054,5.0235633385380645
Human,21663616.txt,7.836960743408244,228.644236571735,0.07647065710787287,1.5381347779294061
Human,21669215.txt,7.501809995480964,181.24658414561694,0.010354205712092439,0.4845602604266286
Human,21705160.txt,5.934200159545025,61.146590819500055,0.01887586265774214,3.474973809169363
Human,21756639.txt,7.845904527423095,230.06608692931388,0.03613522619478659,1.0689734781354379
Human,21763056.txt,7.6327939683002715,198.47231491163598,0.023958556352919904,0.5319850439989671
Human,21773106.txt,8.223016142208236,298.7958172511505,0.0396904892024301,1.8700773488413514
Human,21780877.txt,7.960920932817195,249.15866422117674,0.01951659997191977,1.0812101086032173
Human,21782152.txt,8.006422471091064,257.1421801842215,0.013473289933737644,1.0082768013113692
Human,21794875.txt,7.8217598666293275,226.2477863787966,0.02046372631877192,4.171052135452153
Human,21796843.txt,8.063778363247364,267.5710763824868,0.033838223296093935,2.661562194922988
Human,21807211.txt,8.056504189889624,266.2253590019742,0.030945786379432474,0.6307016221332592
Human,21807224.txt,6.891472064986942,118.72435144486732,0.017246013976183933,0.5996060366397135
Human,21809601.txt,7.449531643067162,174.79639769975265,0.028570777805176445,0.8575134327648019
Human,21830565.txt,7.926464437235869,243.2784024121508,0.014408442483558754,0.7175194582807035
Human,21847415.txt,7.8129860664717325,224.87602800903983,0.022316990502505286,0.7385046437863921
Human,21853199.txt,7.4836154347824255,178.97514456390718,0.04083147380400257,1.0787440855597235
Human,21856577.txt,7.930605323030468,243.97767367927713,0.025467106416841623,0.5864988400624805
Human,21866029.txt,7.70768361577892,209.0470125134409,0.01982297718602348,2.354352966249313
Human,21867728.txt,7.756103984596338,216.18220830395552,0.025807942540044093,4.116483159792117
Human,21868149.txt,7.9316315305063645,244.15127986284625,0.03479760215446702,0.9993013296573774
Human,21869994.txt,7.70963230220933,209.32956863910562,0.03091448348710362,0.3438540108965443
Human,21904897.txt,7.113895262045915,138.5146981309551,0.02259048964655243,0.6806288493578516
Human,21912637.txt,7.56504777738357,189.36787233014712,0.04297686412399971,1.0825536591896827
Human,21916744.txt,8.02506937308231,260.4873266072731,0.038587410270750265,3.2442373076028987
Human,22008817.txt,8.188388749129944,291.70953813760383,0.024036279285650105,1.8646185255877572
Human,22019500.txt,7.884319010985989,236.27431769052816,0.032473391081129115,2.7787676199826645
Human,22025574.txt,7.928425192176988,243.6092648693525,0.03158542689248253,1.4547260428847852
Human,22042181.txt,7.727272457933563,211.90480008964428,0.01573049991108875,0.524077953525073
Human,22047665.txt,7.089236391451151,136.16729186719095,0.01378354999099033,1.123815548376056
Human,22056333.txt,6.992733494509318,127.35691589142301,0.012593805332401347,1.141599579405259
Human,22093368.txt,7.752331344657254,215.61763147144487,0.03732452208913539,1.2925640576251454
Human,22168194.txt,6.757171020536058,108.17107930441493,0.010462887548599064,0.2735157401042832
Human,22182279.txt,7.5874872089668335,192.33629309492028,0.06059170700527121,0.4697572019421272
Human,22232367.txt,7.796045398704086,222.25089194328143,0.01962897028031013,2.5386554429492185
Human,22249155.txt,6.868996311119399,116.88907712312464,0.036499711591311636,0.46358246045624446
Human,22259475.txt,7.58711153259219,192.28621543307966,0.009466864809413134,0.5125913996248113
Human,22259768.txt,7.841441672460584,229.35549661019965,0.030840343197727358,0.8183991225437969
Human,22319662.txt,6.9593327025458604,124.44226101057832,0.008736103991446368,1.280945582812107
Human,22323967.txt,7.76989110024248,218.25805677568965,0.01687006701339052,0.8756574998778454
Human,22349169.txt,7.104073921558578,137.57494308137396,0.024500717716232256,0.6206106040591274
Human,22351830.txt,8.132687746297469,280.66157433792256,0.021576575616806093,0.9048693708484107
Human,22380187.txt,6.915685624527142,120.73378433338898,0.027255032914682887,5.022032437541682
Human,22391901.txt,7.647523319890267,200.50901883353555,0.018032180807921544,0.8957176815476633
Human,22408666.txt,7.682628498840866,205.44786085168627,0.04712020881991884,2.264262257666891
Human,22423839.txt,7.113563835792915,138.4828811957052,0.016085025473039267,0.4127859323923547
Human,22442947.txt,7.428751422612606,172.29671946175486,0.015736640523668226,1.4549081379997457
Human,22450718.txt,8.148458030218798,283.74635121456237,0.019970834092475884,0.6082769454262875
Human,22452756.txt,7.437919099427232,173.3950735426763,0.05361661389555407,2.5703300949953523
Human,22455205.txt,7.408485299486893,169.89331777433588,0.037587372159265164,0.4627180752117192
Human,22465498.txt,7.9090951909013825,240.36702651961107,0.02713228234489146,0.8802696374380945
Human,22485475.txt,7.790259526880167,221.36134839830802,0.017855334223714808,0.7761734077837209
Human,22488036.txt,7.709676609607604,209.33599757296167,0.047835106806711616,2.4260180751830083
Human,22492537.txt,7.818922792511693,225.8033050429395,0.007889594288045967,0.44758423393098595
Human,22496394.txt,7.383155957284306,166.936539203299,0.04482600453826398,0.4071320592657311
Human,22506245.txt,7.54334221081212,186.54012910895412,0.02442040345802608,2.569944439448313
Human,22510753.txt,7.239373604287682,151.1014405267857,0.014173740527722323,0.7571160965292636
Human,22546476.txt,7.498139442453345,180.78603663632947,0.02607490003261697,1.72910861903456
Human,22551979.txt,7.8790485921041125,235.41274073080487,0.014666411796544498,0.42305442972285345
Human,22556198.txt,7.927715994986511,243.4895413352383,0.033815051140406345,0.6139597810718408
Human,22560013.txt,7.584209879534616,191.8998640889164,0.032056006670313324,0.7865862347101
Human,22561438.txt,6.9615894091466295,124.63706962883283,0.04563591632482694,1.8633011502396994
Human,22567495.txt,7.71567620650149,210.2083556596033,0.026841422321649076,0.7685263981477389
Human,22571461.txt,7.471105442771024,177.42991277318168,0.01866354090006348,1.982222816234363
Human,22593054.txt,7.62611665517371,197.55583596952133,0.013441079324359076,3.9623045585361596
Human,22605864.txt,7.751142301606115,215.4399965473285,0.02620897902085013,0.6763376428007529
Human,22615491.txt,6.572495427824927,95.17398855889415,0.05949599468412666,0.5399366073460331
Human,22622351.txt,7.727536631805251,211.9436058215946,0.020030064010197874,0.46516116305777244
Human,22632070.txt,7.078784441990708,135.1843601775614,0.09759077311168271,0.42830107806674916
Human,22650051.txt,8.091156636130851,272.6973057240696,0.01596924598409506,0.5256715684339451
Human,22675694.txt,7.499618280067492,180.97144675823225,0.027921430119566253,0.5781250596684723
Human,22706174.txt,7.382944022833718,166.91201773189957,0.023956067528363396,0.43069930022535097
Human,22718826.txt,7.742187796550179,214.1069470044281,0.02067219207744648,1.222490543364254
Human,22720697.txt,7.573764123986231,190.51544145095818,0.05180639824044211,2.7023216978175024
Human,22732234.txt,7.843045187173463,229.6105604763068,0.022800727986040565,1.136914545931765
Human,22754014.txt,7.671191546777331,203.82561343978077,0.020734850348430204,0.5210754948833755
Human,22765255.txt,8.068640292932898,268.47432082744376,0.032170857109035056,1.4143896252486143
Human,22776912.txt,8.15001637065319,284.0530080578551,0.025016023439068513,1.2733640361932175
Human,22800977.txt,7.932986538174128,244.38069928631123,0.048514597329841744,3.9034818429264697
Human,22807104.txt,8.191721415851713,292.3841744111804,0.024069421365969713,0.6875654557921392
Human,22848179.txt,7.549033579180264,187.2774751414889,0.018430958155994118,1.344062042363497
Human,22852364.txt,7.5129585102238305,182.65260383754463,0.022038651887268206,0.5710296216356727
Human,22855060.txt,7.640538170814524,199.5405534399964,0.029801890964554528,0.770704529922674
Human,22861181.txt,7.680605879302418,205.16003030409212,0.016184728134515047,0.9808675989906855
Human,22884757.txt,7.110163488690958,138.15686956031337,0.017864130340214744,0.5597904446403207
Human,22890839.txt,7.921639076553081,242.46607200370624,0.04916836317651551,2.3510007138480478
Human,22894544.txt,7.700836405801599,208.05720015375687,0.013841787859499372,1.252466957507687
Human,22925443.txt,7.633428419808414,198.5596159337185,0.0436539588589598,0.7273200550871206
Human,22946204.txt,7.996532519894678,255.38544946495833,0.02523633095012258,2.0229181211211187
Human,22965804.txt,5.786537225154688,55.19773737287604,0.009432952164606602,2.7998401053581823
Human,22968380.txt,7.680423718764702,205.13412760039932,0.03756690348084436,0.8900910001234451
Human,22983516.txt,8.19143086825379,292.3252964339058,0.04000653483711824,1.1196377735964285
Human,22990761.txt,7.797498329488541,222.4748324236482,0.021214188075910387,0.5334188842513172
Human,23004695.txt,7.335962993943909,161.56411583367088,0.031035720488366905,0.48291102034743755
Human,23009962.txt,7.530103233837914,184.83616273518595,0.026803151201938116,0.5283446842038511
Human,23011221.txt,7.946347468793158,246.65444370218697,0.03034338052007488,1.4250393919186466
Human,23015611.txt,7.948883721987924,247.08844278558374,0.01221258497859024,1.0768772008677048
Human,23032182.txt,7.695389014162634,207.2730898611731,0.06947084129098917,0.7864958640935837
Human,23032276.txt,8.085395618668242,271.6105331529268,0.01475029415549613,0.8367277569767467
Human,23048999.txt,7.623503511247122,197.19832827194065,0.03482894093479602,1.1930107721008036
Human,23063986.txt,7.9429130828406045,246.0679725153898,0.029000766225359808,1.2272492012048015
Human,23085604.txt,8.766311999083259,435.43452740158074,0.031007590797737034,1.3009662259271715
Human,23110214.txt,8.055845121411336,266.1037666589104,0.03425190929253448,1.2697711741655562
Human,23138078.txt,7.7667759780231584,217.78729407296493,0.025418292843547075,1.4536835963366972
Human,23139437.txt,6.599509886700025,96.97291095966331,0.023392660530103044,1.5838616420324134
Human,23139819.txt,7.7504812233511915,215.3412992709676,0.01758077364931658,0.6173432132560478
Human,23143731.txt,7.732109939620192,212.61652785164517,0.010880185246296475,1.5640668203098935
Human,23155093.txt,7.709690586961993,209.33802570608432,0.03252230744393808,1.3995549547889274
Human,23185829.txt,7.795561951700658,222.17642816263248,0.009281164787624354,0.5604838007553143
Human,23190306.txt,7.470907284826587,177.40554398330548,0.018428597295735538,1.157739281076544
Human,23234047.txt,7.882682988190484,236.00653339323972,0.03659292184848477,1.4770721525416222
Human,23246831.txt,7.762445172387847,217.13450179994265,0.019736789329314282,0.614920210947302
Human,23296286.txt,6.7996607831983535,111.40427485034822,0.04037590204909993,0.47406851354621726
Human,23302948.txt,8.100231363304703,274.41801097396535,0.022358602495684603,1.551363219814597
Human,23323001.txt,8.075681469722229,269.78783177221015,0.02211817193134014,2.3788070187304147
Human,23354541.txt,6.409234379814047,84.9907765916365,0.027863971590821,0.7848342578983071
Human,23387174.txt,7.791426328698963,221.54045021170265,0.010383744281999598,1.0267033513279527
Human,23396633.txt,7.959077151498977,248.84043989321557,0.05711186635846832,2.6222545059249556
Human,23398733.txt,6.772337294691619,109.31422155837102,0.01741492151434133,0.9880751306991561
Human,23398843.txt,7.45298671197325,175.21551423561826,0.016575239894895736,0.5983736388399691
Human,23408537.txt,7.899846929119708,238.83110435387556,0.022748112657837712,0.7138528862726682
Human,23416654.txt,7.906512083738462,239.9370407949601,0.03088012252154889,1.368645342632696
Human,23427369.txt,7.704785940238548,208.62755970097257,0.02248972410497986,0.5223336337552399
Human,23438112.txt,7.608339282446575,195.13642364179526,0.07697835168328898,1.5013872011711717
Human,23438227.txt,7.90716390054899,240.04547003853952,0.01519945989567773,1.593430865206138
Human,23464505.txt,7.493245076236165,180.1737562611839,0.0279127247380596,4.776992259218825
Human,23477199.txt,7.393679970016351,168.15874184011815,0.015591079673324622,0.8899655082529839
Human,23497307.txt,7.41581388292572,170.75853533244614,0.013201965987253312,1.745776600033197
Human,23510685.txt,7.782300653007689,220.1435329026196,0.02884988680288891,1.366190093451804
Human,23513618.txt,7.802655536312784,223.2715370998605,0.019785233909145848,0.9846440429542146
Human,23522150.txt,7.751381841049057,215.47577033166638,0.03132540462396335,0.4834558455533508
Human,23527321.txt,7.351859265912564,163.3541465280023,0.04296705643647536,0.3711238162740151
Human,23568641.txt,7.098712923177009,137.0646686373675,0.008726481600507251,0.9408258506441809
Human,23568731.txt,7.617545622157694,196.38563874857556,0.02393500271899357,0.2589570817937566
Human,23573064.txt,7.493813484645955,180.24475702903217,0.04734355924118709,1.1775069096602675
Human,23577836.txt,7.569840571383118,189.9980196749017,0.036859229388622385,0.5408078332145191
Human,23591247.txt,7.054190333918735,132.8993588081919,0.037781900717933956,1.366411795976161
Human,23602130.txt,6.972385563956674,125.5732678049462,0.011979444631766189,0.4798599381929898
Human,23617240.txt,8.108819050500351,276.0563640734778,0.03178771660349046,0.8340617814788496
Human,23628651.txt,7.672843658845388,204.05915942936724,0.04331701662285849,1.451501056207349
Human,23631188.txt,8.021103423688743,259.7722337670951,0.03092845600178945,1.052209648594924
Human,23631724.txt,7.553144995592917,187.8119428223967,0.023434373675114625,1.9027000328801302
Human,23636277.txt,7.8633492314739195,232.86487496243518,0.04675576311206805,0.7640585920158134
Human,23666211.txt,7.954373468134331,248.03045537537133,0.02075559572839638,1.3071192843287205
Human,23673025.txt,7.6206454732747915,196.80805700522504,0.012028402709783056,10.777055965978477
Human,23719943.txt,7.758763360974566,216.58107295970652,0.022856602826260848,1.015522981596742
Human,23734441.txt,7.677970437870227,204.78559656759757,0.07996885923388655,3.6537677533543818
Human,23752500.txt,7.569221415630113,189.9164964672791,0.03804496170728518,0.7936270869387164
Human,23760084.txt,7.460516534399809,176.13240288680268,0.0318410118842102,0.45825217419238806
Human,23761385.txt,8.143191865875377,282.71250067406226,0.01691044809191904,0.5234924556354823
Human,23771896.txt,7.708708845042373,209.1956213868688,0.018862030921753717,0.8368568217163019
Human,23782450.txt,7.7103536307023095,209.4342568317893,0.021013756087810923,0.6945918364329967
Human,23804341.txt,7.46019927250562,176.09367401177295,0.01771200075057941,1.3579990133242061
Human,23807940.txt,7.6060903660093135,194.83247607624946,0.027566901417657486,1.425437409667735
Human,23810469.txt,7.508462234588055,182.08423838149142,0.015275311381945253,2.9860624966560088
Human,23814777.txt,7.71133010368788,209.57605819177175,0.028105458114742264,0.5628724793077451
Human,23818675.txt,7.884377465072113,236.2838910783362,0.061006973258630436,0.9300359263384901
Human,23841877.txt,7.605518174892094,194.75521837143276,0.031099476909351276,0.8056512124315819
Human,23864648.txt,7.967230409194057,250.2507199224853,0.020103488812566843,0.4211126264275332
Human,23864858.txt,7.71208846318681,209.68625180129914,0.0311409974224663,1.040079648424144
Human,23914451.txt,7.717431005530998,210.4641947909991,0.020484112954642194,0.9205080857475123
Human,23917826.txt,8.1078073517172,275.8628457088109,0.017217128501010395,0.798780062069784
Human,23918545.txt,7.663261604303789,202.70833549102056,0.03163626794024329,0.6047170524719693
Human,23929500.txt,7.544496690234802,186.68946276872052,0.06444349675430537,0.5398588608415116
Human,23933031.txt,8.0972079987808,273.843532706775,0.007274499767391214,4.770676769871883
Human,23939133.txt,7.615782773719691,196.14581904949256,0.01612097227984118,0.9301269640145731
Human,23944036.txt,7.5027202123161825,181.36097127568232,0.024806243094702064,1.513173567454442
Human,23951429.txt,7.210466468613203,148.1039664625034,0.008483058546993971,1.1361579992859776
Human,23955183.txt,7.833325238957627,228.06879223900853,0.02143970421107356,0.8318799742769424
Human,23985183.txt,7.759442817619249,216.68309875399743,0.04947396741517944,1.0300979961805312
Human,24001783.txt,7.459058168815537,175.954447294421,0.06430323201703232,2.215889430133679
Human,24020470.txt,8.211224644635747,296.36363927132646,0.03841650560813632,1.0960216546141897
Human,24025053.txt,7.64973803621978,200.81706149807252,0.023360849498497736,0.7406587995096136
Human,24038620.txt,7.569448028267306,189.94633011690257,0.05242324604197813,0.5898008906030636
Human,24061629.txt,8.184175915994826,290.8589557065242,0.028912312740023358,0.7177169147890639
Human,24068423.txt,7.719847950654614,210.81708069462115,0.04757797264952343,3.030939443198873
Human,24083609.txt,6.943331053550978,123.06963623994544,0.034117465881844986,1.8202394793241343
Human,24103168.txt,7.5692062169366245,189.9144957205294,0.010561845357652592,0.40710922740611494
Human,24124250.txt,7.818282673391915,225.70313907069746,0.013916497944948841,0.6956799010317454
Human,24154692.txt,7.915099838482958,241.36954405646702,0.022140444580389516,1.3979934266933163
Human,24184357.txt,8.090281032673438,272.53184992586415,0.054799417610555,1.1778178559393653
Human,24219583.txt,7.686535046606001,206.00492902932703,0.028053459757514068,0.8718755157943154
Human,24221960.txt,7.6585110801426985,202.04195270344036,0.028725466774399973,0.8743615742086696
Human,24230851.txt,7.2654758000451745,153.86014896686822,0.014296443362738906,0.5719170904191511
Human,24240349.txt,7.783975118844163,220.3991911107473,0.026025984453111387,1.6852989521704589
Human,24251588.txt,7.778618903051921,219.58244404750656,0.0172684615929893,0.5839747637250091
Human,24285142.txt,8.097606411313457,273.91916737559376,0.030393902074189794,2.2742911735934577
Human,24294778.txt,8.423222038083834,343.27525118140886,0.021842820574614896,1.0804455426182566
Human,24322804.txt,7.6099150760748255,195.34967919274416,0.01637815543009824,0.779741092144188
Human,24349611.txt,8.403435904036725,338.59946982061496,0.020873336868405173,1.2130242088936987
Human,24361598.txt,7.50552990464402,181.71452142832314,0.008718941950872047,1.53970953613274
Human,24397882.txt,7.828972265276056,227.3816884521907,0.04619960910431684,1.72388316161513
Human,24402267.txt,7.675978427559309,204.50303267953961,0.03922865187390576,0.7907521187800985
Human,24410405.txt,7.7591921132435315,216.64544791323752,0.05569411724668384,0.7012064084289327
Human,24411323.txt,7.135104809692745,140.5660917155721,0.025436808191204866,1.2526780913909035
Human,24412546.txt,7.224404061377746,149.5417033896394,0.12208097238695922,1.8657264482496219
Human,24416961.txt,7.407056165234234,169.72510471926412,0.03382176947136795,1.8494162279888169
Human,24444525.txt,7.453147145779882,175.23500002727476,0.023645904565184138,0.5419985108160146
Human,24455357.txt,7.439473668395381,173.58201525503563,0.01204958423093343,1.2595182606891737
Human,24491862.txt,7.671312795227461,203.84274428001743,0.012305161145188927,3.150015414146593
Human,24508725.txt,8.473542537200725,355.4597844788386,0.041372885888152355,0.8594053920429603
Human,24516163.txt,7.5835853935911075,191.81681616036167,0.022426218991370074,0.5294121359668092
Human,24530382.txt,7.720680352846175,210.93875244787532,0.017501083367534143,4.1989707271498595
Human,24533931.txt,6.619657961213464,98.33669485822435,0.008134618900787628,0.8022320991911219
Human,24544244.txt,8.073606528118185,269.4000910408427,0.01692184916883911,1.1116174706668516
Human,24548333.txt,7.644656887961908,200.1110311465721,0.035590883125707545,1.672802884209095
Human,24550866.txt,7.706572016753976,208.88600346547753,0.021013168779049806,0.6557027118312521
Human,24553863.txt,7.7183341396066,210.5959876423773,0.02834574238965309,0.6612708255316899
Human,24559558.txt,7.825221100372105,226.7912391409338,0.01401575752611961,1.8695537505680593
Human,24574164.txt,8.258321235372753,306.19803947913266,0.019795656300011368,0.44004973917788887
Human,24580361.txt,6.998017940226746,127.82426677361903,0.009800526234225875,0.5260227810503576
Human,24583187.txt,7.9424106265027925,245.98228782031512,0.013140439275272513,1.701050954591567
Human,24588864.txt,8.240024127045299,302.33917748116147,0.02454797788799471,1.6764394830114089
Human,24589765.txt,7.71965936355544,210.78952477866102,0.019486912119828927,0.72743821935244
Human,24590489.txt,8.091446332118004,272.75206937478987,0.011016400643730712,0.40906227358620173
Human,24592627.txt,7.268058284396156,154.13581170697472,0.017543953942390302,1.8840495714021706
Human,24610685.txt,7.846978515929494,230.23741927547064,0.05656399213090249,2.2946443460652852
Human,24611721.txt,7.731771213046295,212.56661403611704,0.03243078672236989,0.5214497035985515
Human,24643412.txt,7.8407070395841005,229.23873652445792,0.022179145007124132,0.8094224950582865
Human,24647386.txt,7.599179159490459,193.90136636422952,0.018432777216758758,0.31699609841543
Human,24647794.txt,7.580429234950549,191.39764055426025,0.04097206967139403,1.6703566132230883
Human,24655918.txt,7.676616110987671,204.5934447321931,0.00881820476521452,1.9589059688737052
Human,24658786.txt,8.01267071564679,258.25826601907676,0.03165969926138261,1.4258194441160328
Human,24668861.txt,8.511751498180143,364.9997076380243,0.0368679538747496,1.7043590351803437
Human,24670867.txt,8.006999329352206,257.24501844615236,0.02226273979008364,0.7512001221187047
Human,24673903.txt,6.855801451038159,115.82488590816536,0.005010492351931367,0.8999082734045197
Human,24677466.txt,7.562200273207873,188.99447809489087,0.018546586556677933,2.8593267106522653
Human,24679149.txt,7.641558108319984,199.68167186492414,0.016837143361789098,1.1603372005347514
Human,24695561.txt,7.865938434763883,233.2831725582829,0.049241235423158856,1.407288194878693
Human,24703009.txt,7.845522238260077,230.0051314830825,0.030677604621926854,0.712377006802138
Human,24703983.txt,6.428200363346484,86.1154603410467,0.0264012347040115,0.7736365609054319
Human,24708621.txt,7.4145523466185175,170.60928415366394,0.021787147871300237,1.288853123996768
Human,24709432.txt,7.8100099178802305,224.41260738745362,0.02028096880536728,0.9475903142656775
Human,24710433.txt,8.422964298448415,343.21393002004186,0.024209347845236765,0.8213423139276465
Human,24727739.txt,7.897397506645151,238.42595847692425,0.015805056457858256,0.8339080817951977
Human,24740005.txt,7.603193404282308,194.44164093527735,0.026758084442500475,1.873246383679348
Human,24754689.txt,7.687881029569925,206.19721395655822,0.019001954027782257,0.5357325827002014
Human,24763208.txt,7.867192788806897,233.4860892722294,0.020941154258325833,0.485563614518976
Human,24767027.txt,7.869274936447458,233.82330779799292,0.2133492980886221,1.053828280965906
Human,24770846.txt,7.402300542054139,169.16655300943214,0.012020281119806133,0.738417352285119
Human,24773845.txt,8.129484088468839,280.0390269243319,0.01666849217998378,0.4504541603494954
Human,24791126.txt,7.741605378784643,214.020529210782,0.07873200930823869,1.8275524262538272
Human,24799301.txt,5.802775197966426,55.82251417744131,0.06315978778023022,0.8553115816753407
Human,24817041.txt,6.874315082882487,117.32080644537047,0.03692405722486558,3.3148364652352265
Human,24828381.txt,7.848512715344989,230.48238996414614,0.02174878381248475,1.9149168416421762
Human,24833063.txt,8.175938802229204,289.20301894888195,0.02860862146790661,0.6272553962311701
Human,24854026.txt,7.221836620506427,149.27581348163392,0.03256064540315534,0.7285926454870457
Human,24889109.txt,7.667332816537436,203.28117601596293,0.020744790979520488,1.3776174501229814
Human,24905947.txt,7.7400691632105705,213.79275641353593,0.02475942538562379,1.5280263442031587
Human,24913648.txt,7.8219848114660095,226.28306565664582,0.03943229224246306,0.49955880915373935
Human,24946537.txt,7.872626527958267,234.36714499046698,0.034532201521590034,3.948249856483023
Human,24953126.txt,7.623369991812735,197.18007868339245,0.01897431133899384,0.3842391539397616
Human,24953921.txt,7.95664114676669,248.4206248994411,0.021668870485618545,2.2206085887596267
Human,24964303.txt,7.333037023212812,161.23677512465287,0.03082621008524578,0.5391962862368215
Human,24967652.txt,8.064321934812599,267.67190949548944,0.023390049259186762,0.7174922907022869
Human,24977396.txt,8.115904454859352,277.415474552285,0.008536163251837517,1.1532565704407467
Human,24983760.txt,7.613665580874311,195.8581810207212,0.0354674664912602,9.615036079177692
Human,24989856.txt,7.5362503163025485,185.6253989423641,0.014118949438216713,2.0330082132613185
Human,24994145.txt,7.508472327050061,182.08551216744993,0.015773803672844505,2.333519389283517
Human,25001005.txt,7.661814733923966,202.50514239999714,0.0381996191050155,1.1502582091440527
Human,25023614.txt,7.572933829427936,190.40582824800256,0.031190844437869965,0.7394069327625661
Human,25038571.txt,7.184519313262325,145.46409780263133,0.0191710201282821,1.4426013565431812
Human,25047127.txt,7.4832122323497625,178.92513182488005,0.035290418372000226,1.752409423060604
Human,25061645.txt,7.065691229173004,133.9630417681236,0.039917724179081474,1.3441347698451338
Human,25067742.txt,6.944584995576335,123.17665073005928,0.014875834691788705,0.9280196780045848
Human,25070914.txt,8.135177019941365,281.146255104187,0.025584763031679607,1.4669788433560669
Human,25080805.txt,7.423258615961243,171.64197732093004,0.05880216178734663,1.7021432636735534
Human,25098739.txt,6.631999567977903,99.1815294623747,0.044085413081220166,0.5476797176144225
Human,25101183.txt,7.700518346721303,208.01133655409137,0.015078117787705332,0.562641921628971
Human,25127518.txt,7.246475150803181,151.84705843359498,0.01451944440355398,0.669397507173904
Human,25128608.txt,7.53442392401803,185.3905535442202,0.02051996158504522,1.815759057913137
Human,25142074.txt,7.4546289854552255,175.4150821456426,0.05463910804230769,0.4918541445792513
Human,25150191.txt,7.823534148586272,226.52620579553553,0.03503911716692478,1.5192805748155418
Human,25157655.txt,6.835611500470055,114.21525148413178,0.01059077923402036,0.5686303291939442
Human,25162378.txt,7.9483840541852135,247.00288016971052,0.009129033651667567,1.3133577384719204
Human,25187733.txt,7.942470067346714,245.99242280766688,0.0390709542103881,2.767913903729299
Human,25200253.txt,7.564240710139352,189.26196646510104,0.029307029351385943,0.7614626484737943
Human,25207620.txt,7.746714859253261,214.77985284636017,0.19527660651366507,1.7331871582855038
Human,25213006.txt,7.594234566233561,193.2379397652279,0.017907718519217436,0.460116950773906
Human,25224998.txt,7.783783781513216,220.3699626213836,0.028806329571645754,1.9623251462471192
Human,25258040.txt,7.763401114304813,217.2784246314088,0.016285126410001512,1.474693961754442
Human,25315791.txt,7.388620665689467,167.57006840828257,0.01224937081028013,0.66336619995776
Human,25328428.txt,7.847835058435802,230.37415412543697,0.016056235370485693,1.074045918513331
Human,25330083.txt,7.711482058074388,209.5981333203496,0.014892097215667335,0.9982997583588693
Human,25370801.txt,6.26344438890346,76.82182801853818,0.006448924356408194,0.33323201188445806
Human,25397102.txt,7.528827123137576,184.67274142217212,0.006268016320813932,3.283835095420678
Human,25413261.txt,8.377746873428395,332.62363473149344,0.03638677899460172,1.1869288804231337
Human,25422388.txt,7.218757570831592,148.9575636061707,0.027779590905498055,0.35535467651443026
Human,25425322.txt,7.815378728037005,225.24928682777283,0.028507772115811653,0.5072720818152149
Human,25451319.txt,7.583960839390081,191.86674091047925,0.021945637851724813,0.4266959127373439
Human,25452321.txt,7.914614116620441,241.28829422358163,0.029142503836688895,0.584521665881465
Human,25462793.txt,7.194209994597449,146.4444790617431,0.040968527923166555,3.2291741744518085
Human,25482567.txt,7.023019315407701,130.05871957235036,0.026620747485833252,0.6875990433057058
Human,25497147.txt,7.532967139126353,185.20344688633358,0.01375213780786998,0.46229999971103025
Human,25507648.txt,8.114923134596417,277.226840881826,0.0220781894598247,0.6338856297223595
Human,25525152.txt,7.01213875003092,129.08152794130584,0.034882886326786794,0.5363678109808565
Human,25543217.txt,7.922210690114046,242.56215908477884,0.01687278746563631,1.7624808361601643
Human,25547145.txt,7.876957909332817,235.07183922166763,0.022010574148996168,0.7097286307580547
Human,25561640.txt,7.499722289523868,180.98449415895232,0.016143448195584085,1.2711349532472471
Human,25588694.txt,7.202729764311664,147.3118588637313,0.06624957940175796,1.6771646050559241
Human,25608963.txt,7.974934917395089,251.59072325512514,0.012206660957516253,1.6245798024029645
Human,25624652.txt,7.443256244625217,174.03772397105158,0.033083743451393026,2.166322014744036
Human,25625173.txt,8.182148719588763,290.4505435679758,0.035802345914004115,1.3376347059192704
Human,25656981.txt,7.752431458371877,215.6325944611306,0.02178223368675458,0.5959663267169294
Human,25676643.txt,8.050393545752112,265.10012601294954,0.022528610908156558,0.5523119275984674
Human,25678238.txt,7.567965654136723,189.75125984240654,0.02853100529233883,0.8014556490398316
Human,25694422.txt,7.747299612752072,214.86692511253707,0.022506741819288578,1.7227544030284736
Human,25706337.txt,7.070571524026972,134.416974278152,0.022318029108955115,2.1090479633854926
Human,25718772.txt,7.894231581060835,237.90331772673804,0.015541789726969601,0.5908135542774967
Human,25719936.txt,7.894219886709558,237.9013893124767,0.05536352801018587,2.5990519776760843
Human,25723793.txt,7.8445199932174,229.84540164219464,0.011265120254474499,0.6774898661326891
Human,25724495.txt,7.990167807560726,254.26125159528127,0.014557854805217,0.8020528958831402
Human,25729119.txt,7.5954473998379255,193.40045783052736,0.030052715525093008,0.8546867109092318
Human,25749150.txt,7.688383496393781,206.26904154360193,0.03722674008948813,0.7113103236216136
Human,25780596.txt,7.704032677630286,208.51865912504508,0.023825539382736186,0.8145256295237363
Human,25797445.txt,7.250397968521126,152.26050610393136,0.19659460578434904,0.8470073739782812
Human,25810233.txt,7.196139978113462,146.6405181112114,0.01067132859187644,1.1437564533966584
Human,25813953.txt,7.430816223257759,172.54348892551246,0.013075281639314519,0.4648500198284396
Human,25824789.txt,7.386298724930295,167.30059022978222,0.02281458124131115,0.8688115415518347
Human,25834360.txt,7.4826502735390985,178.8554504500041,0.027269346936364753,0.6035450426374757
Human,25838512.txt,7.095597259866057,136.76898136429915,0.022969095780139528,0.9882777976837958
Human,25839123.txt,6.541836071444794,93.17274363089311,0.01203750574519279,0.5189288368314107
Human,25846894.txt,7.654079296299199,201.42225668043463,0.02425362838826614,1.2760137307400214
Human,25857360.txt,7.611718202675614,195.59398613586896,0.02791913013203192,0.7853300820083204
Human,25862026.txt,7.558700461084305,188.5365549022249,0.01941854045838581,1.0570474390823161
Human,25867805.txt,7.599154538099062,193.89805722365543,0.04720718390610413,0.6883219559042433
Human,25873425.txt,7.89868351973831,238.63858525927063,0.01461804288929801,6.77685808862297
Human,25905275.txt,8.042514793356009,263.6563244197472,0.033822059410362794,1.6927272637940176
Human,25919149.txt,7.788463782913128,221.08598804492377,0.01587307325737175,0.8042881212415551
Human,25923361.txt,7.820634668676496,226.07139823704355,0.01566286319953048,0.7435887874202091
Human,25924968.txt,7.660154711437458,202.27226590613023,0.013542296156377866,0.8949330470668246
Human,25926667.txt,7.807897525738204,224.08426318822336,0.0297568145595784,0.6283469225991428
Human,25930778.txt,6.927769803189844,121.74931146754882,0.03701087156778774,1.512034207986886
Human,25935030.txt,7.814965553295399,225.18478671673046,0.014999714813518186,0.6000676893092818
Human,25949631.txt,7.8599199615490525,232.3120150985947,0.019320530813443596,0.6739964661243381
Human,25953797.txt,6.412210992223823,85.16631317802177,0.006373830716866311,3.127093433096177
Human,25959103.txt,7.388037860564371,167.50238884428086,0.06788277289171389,0.5369585366103986
Human,25974844.txt,7.60378490022711,194.5213771366657,0.03369402806567557,0.7541381192783617
Human,25990239.txt,7.617676612782923,196.40347054584254,0.05133925946146412,2.025960759071535
Human,26013403.txt,7.633251078355467,198.53520974555698,0.052084706261016196,0.5484292881036615
Human,26046064.txt,6.73857531366928,106.7857488256854,0.016818623570802486,0.6786465115168979
Human,26046878.txt,7.493276520373317,180.17768326577107,0.03548576725547322,2.014723098703956
Human,26048718.txt,8.40086103323152,337.9956884918324,0.022193445098390108,0.7535161891977519
Human,26065877.txt,7.4061208434352634,169.61510493578768,0.018718674999406177,5.996687058458188
Human,26069113.txt,7.742010556920083,214.08064490725727,0.019572068560338253,2.550865057700177
Human,26070334.txt,8.07219970687422,269.13751784714964,0.025798494927834512,0.6189058779236907
Human,26071861.txt,7.768571787257176,218.0585558013858,0.026108552862558056,0.5733649993722237
Human,26079779.txt,7.428857007173066,172.30932956894011,0.017273607466845607,0.4382101540403533
Human,26091595.txt,7.188246039509624,145.84034200787187,0.03760402073062272,1.55356497789934
Human,26098594.txt,7.841075622275101,229.2973103894754,0.027634691912084296,1.3852082301741264
Human,26125407.txt,7.867097763529112,233.47071086640796,0.0874899303067254,0.39887832795270994
Human,26127853.txt,8.183984663912067,290.82040029979646,0.022620970540747003,2.90639518150238
Human,26130673.txt,7.29728849892473,157.29058409901594,0.014923024172075163,1.353877530973401
Human,26160200.txt,7.623498745979885,197.1976769207164,0.012342333400573469,0.4858570121648011
Human,26167298.txt,8.31234135982103,317.8806434977838,0.01707040055607173,1.2893753869769264
Human,26173524.txt,7.779211873509727,219.67271445163908,0.017924020255884552,0.46248517662284605
Human,26189601.txt,7.799896827406517,222.84500714240247,0.0681093774522411,1.319233164520282
Human,26202430.txt,7.6778509562053365,204.76863725869796,0.029526465189894394,1.015237500008297
Human,26231609.txt,7.64080779274061,199.5778485955664,0.018667825177337796,0.6287584622991998
Human,26234972.txt,7.518209945173865,183.31867399882125,0.05208233966790794,0.9441717098482462
Human,26278597.txt,8.115756731883106,277.3870703917474,0.028855503253001034,2.600680644799836
Human,26279402.txt,7.522913226857333,183.9172802733794,0.040448855034468864,1.3254518464108151
Human,26289308.txt,7.602443122777964,194.34054677822462,0.05595445886921857,3.2703826209021916
Human,26291616.txt,7.621398857617677,196.9108582387135,0.030961231125930314,2.430821086913761
Human,26330995.txt,7.743166164089219,214.252193452962,0.03364685198057609,0.785947514999703
Human,26341645.txt,7.733962662305321,212.88974741578204,0.019778235552598698,1.230423909427547
Human,26341987.txt,8.379374123339142,332.9990204716329,0.026105414594059316,1.0396913639630245
Human,26410763.txt,7.384600949557462,167.10382532116435,0.010197298887718673,0.5863451504461767
Human,26425074.txt,7.755889902199725,216.15013127430024,0.05439291395159543,0.4706430312895516
Human,26456474.txt,7.452978551736271,175.2145231765001,0.02605982896743383,1.437595494996172
Human,26456899.txt,7.6496082330923505,200.79899426329624,0.029617821395679124,2.360979965175456
Human,26459032.txt,7.792129788566279,221.64849994676845,0.024911207969048346,1.4445699653117317
Human,26480367.txt,7.305755172921397,158.21638160985438,0.020110777951955643,1.354263995184224
Human,26496059.txt,8.322213445123465,320.0632989674564,0.018532253072200022,0.4901408483947332
Human,26503829.txt,7.427389466739696,172.1341419293071,0.03364005237025026,0.3428821660362877
Human,26509539.txt,7.741416489165398,213.99250969953928,0.01966378104739964,1.038155092812014
Human,26530575.txt,8.255184445556813,305.53300947828666,0.02638986137065541,1.1069860451863955
Human,26530696.txt,7.675397485396425,204.4207002988396,0.019899507276130934,0.6695425719202004
Human,26579709.txt,7.7440591672273875,214.38485288702356,0.027929451333901713,0.9599473362137891
Human,26581830.txt,7.77641485202824,219.24723709371162,0.021432196331501712,0.5942009630078131
Human,26585242.txt,7.456748110331165,175.67293262370154,0.015451008499717608,1.23354101898314
Human,26586477.txt,7.423453395839051,171.6651524614805,0.01914695483774662,0.3726167362516235
Human,26622051.txt,7.5648249284641595,189.33862348309145,0.021171822975632647,0.8370304677703281
Human,26671167.txt,7.86866647140876,233.72471224874968,0.09599300625893258,1.5616766778499902
Human,26673507.txt,7.666343808382556,203.14186878938008,0.05422703250706608,0.5252562307888143
Human,26676567.txt,8.262125916290579,307.0066118445062,0.03603031791183996,1.5073170187114184
Human,26691587.txt,8.087921252360339,272.0864407446029,0.012500098544076372,0.47750104125940496
Human,26695839.txt,7.79510397693269,222.10591079977235,0.016385954133263617,0.5507097231598533
Human,26718039.txt,6.28518293485968,77.98814520609045,0.02527968759703681,1.3538446044365517
Human,26746496.txt,7.969469161903022,250.63935673040157,0.026263708671612013,1.5329684475064393
Human,26750846.txt,7.466478154658657,176.86173720995387,0.013970293073489395,1.3693532389796954
Human,26767199.txt,7.642860453115767,199.86200921400274,0.0289383540460224,0.7162786902511428
Human,26768723.txt,7.640920226639724,199.59340295006646,0.014730461399337437,1.9687197912119754
Human,26780935.txt,7.808346317262412,224.15398184596935,0.01203274280559676,2.7225300188516806
Human,26790545.txt,7.827552646521369,227.15805384038626,0.022274700823206466,0.769405134472565
Human,26801767.txt,8.141260986329193,282.3343759619966,0.04796042244422714,2.0046015763322975
Human,26819872.txt,8.298718619013236,314.8931619962981,0.027140124949586553,1.3873945239986711
Human,26829350.txt,7.829834439656554,227.517615485546,0.02229491764741836,0.7595373496362174
Human,26829561.txt,7.2280974379136325,149.92502861286292,0.013686946514691203,0.9659812202430443
Human,26834746.txt,7.848896852225203,230.54376715878144,0.026891217285306725,0.5379203332146125
Human,26835781.txt,7.990618379319675,254.34067297519897,0.046264640982789436,1.7357182072095116
Human,26888302.txt,8.110534484818006,276.3848036948673,0.016319471203080655,0.822487608954856
Human,26896699.txt,7.512540928778894,182.59974353179976,0.023161310831622515,0.9214265144824573
Human,26908066.txt,7.669070730210698,203.52620216472994,0.022395235808810532,1.0255371823222705
Human,26919036.txt,7.755132557349147,216.03669272739594,0.015361236437683293,1.6119981011926372
Human,26921245.txt,7.943285773340644,246.13154731080542,0.01934748475693162,0.48564770917254163
Human,26924514.txt,8.083259768813036,271.20872258861397,0.03193663884377821,2.3175208695484883
Human,26932091.txt,8.034649924386233,262.2229095576674,0.010659801860978,0.9346026652589958
Human,26942552.txt,7.154910079869662,142.50908456665036,0.008721166436159713,0.806988183675753
Human,26958533.txt,7.5351556948090295,185.4846120942986,0.05922335678150503,0.46948315266271434
Human,26961846.txt,7.585563662523141,192.08002184389392,0.027241125437782766,0.8355702954493791
Human,26975573.txt,7.996931731142756,255.4561275003121,0.018113896984456822,0.5546016554204561
Human,26987539.txt,7.867860343138673,233.59415141410864,0.017055409838424983,1.340758815203473
Human,26994282.txt,7.815831530913565,225.31999444760723,0.013774491120337254,0.6325477585150968
Human,27000192.txt,7.9052950024674224,239.73471131625135,0.02568635396152636,0.5358241293544709
Human,27004930.txt,7.480195496970196,178.5513828254023,0.013778471727426776,0.8075199621661864
Human,27018361.txt,7.969033486269745,250.56367824610123,0.04158567685947421,1.5641925907774692
Human,27018550.txt,7.047120181527749,132.24965802239333,0.028543048277673778,0.315785252674989
Human,27024099.txt,7.539950862841914,186.10214360355675,0.019312566666988336,0.6019911586353874
Human,27030979.txt,7.773345004799626,218.78120655423217,0.018003186346393824,1.2612071309518134
Human,27040860.txt,7.426562350269706,172.03548339451282,0.018709707734262,0.4538708882764831
Human,27058381.txt,8.168029609510485,287.62187819467664,0.0760292909478459,2.0751248658967367
Human,27066370.txt,7.1661584892478105,143.62454271293498,0.02256587189296519,0.36030983279219436
Human,27080812.txt,7.492018254899103,180.02060743495275,0.025581837106245026,0.3882773215197065
Human,27084878.txt,7.894145290451037,237.88908865693887,0.02066659763516111,0.5478240731885465
Human,27090089.txt,7.825553845234384,226.84355256870097,0.019824895265255472,1.0406219666375651
Human,27091280.txt,7.980205992042651,252.51162409407925,0.03656148775383056,0.5058059670441747
Human,27096471.txt,7.912843216461182,240.99229588630723,0.03134480795829745,0.8534260149296831
Human,27096796.txt,5.85208417593427,57.76341674158277,0.26738460111365997,0.5442007110245658
Human,27099856.txt,7.656732798997332,201.79306707957593,0.032502430735019294,1.2426277759198754
Human,27120528.txt,7.916764212766162,241.6481622456037,0.02146366506208509,1.9643648591369252
Human,27126818.txt,8.145049417830908,283.0767435466168,0.01951675286637509,0.7333998370689456
Human,27139412.txt,7.143205439699546,141.35758031589666,0.030482702887454166,1.0547927798886556
Human,27152464.txt,8.115016897197874,277.24485879535047,0.04153938829419042,0.9367968103909848
Human,27164756.txt,8.047124504585408,264.5001086222025,0.03168898477918597,2.071868877124033
Human,27165830.txt,7.794965196012751,222.08454621527665,0.02015402961035169,0.5095523478949022
Human,27176039.txt,7.5445888347467145,186.70138695110595,0.030393226691960068,0.4901309480404087
Human,27182111.txt,7.959089010286816,248.84248534151007,0.11574879708779201,2.3906760529370925
Human,27187994.txt,6.613016082604735,97.88501296257274,0.021386314412179645,1.17722299613802
Human,27213082.txt,7.788954939999745,221.1612682897889,0.015893808660755144,2.155195059054059
Human,27219200.txt,7.173501556244752,144.35743022415045,0.016036169185738455,0.5487309803348062
Human,27233183.txt,7.422078477329174,171.50162991791296,0.016546333049965372,0.7093905481658221
Human,27243670.txt,8.040710047716455,263.3267086035193,0.015179141241029046,0.5496462550162132
Human,27246366.txt,7.7753497578005435,219.0854338147239,0.01770540022975576,0.8505002645089756
Human,27257013.txt,7.553016185482698,187.79517490096163,0.022374407864398566,3.140359645353024
Human,27295996.txt,7.855112577168617,231.53918754326622,0.026410208520164666,1.9208987972588814
Human,27298953.txt,7.919196208049308,242.0558595022716,0.02867126115566941,0.4850050578740852
Human,27330027.txt,7.349899123247004,163.13235328638444,0.01093593869711168,0.929370307804314
Human,27372171.txt,8.374599369072207,331.8987461723105,0.03566611960123666,0.6615446196994779
Human,27375577.txt,7.976378078486485,251.8425211712808,0.023595410345683836,1.3560534741604502
Human,27397245.txt,7.564254848648039,189.2638212542236,0.019526381391443567,1.3428835721570271
Human,27409087.txt,8.157601668126379,285.55041441388556,0.03489572181244411,1.310079206547439
Human,27419236.txt,7.8705248644963355,234.0259763765158,0.06237431217650174,1.956239721826864
Human,27485716.txt,7.738889003867251,213.61794029345182,0.025500280537741723,0.9793409716730422
Human,27490876.txt,7.7579303768438495,216.456059343185,0.01473970854294681,0.6374643695896222
Human,27496514.txt,7.606723551718134,194.91800504241849,0.024409721805803475,0.996078002256877
Human,27497542.txt,7.305008303437912,158.13449569344164,0.010077403792107571,0.41630878428846957
Human,27502951.txt,7.757703049998914,216.42195484077322,0.01790486378602358,0.8154818083108583
Human,27512470.txt,7.836853947568196,228.6273117547338,0.026445395697453196,0.5418592320069555
Human,27523575.txt,7.775178732859519,219.05946377148598,0.03966964044244899,0.5468648096575839
Human,27524018.txt,7.942761915125676,246.04219050094463,0.020170261051369747,0.6971308193796844
Human,27529455.txt,7.784186489116482,220.43148431794086,0.03384040911869883,0.953111533187553
Human,27531694.txt,8.010912040610862,257.9436356710646,0.017985204143497763,0.7819912206732019
Human,27536013.txt,7.456554618967924,175.64937330247213,0.015494877847632442,1.258996434453753
Human,27549075.txt,7.560681856579634,188.79566865436547,0.09121692117317663,2.381027126241137
Human,27558837.txt,7.5446629892946,186.71098365197685,0.012103864996401,0.5592886805001657
Human,27573855.txt,7.914489060898941,241.26737977311655,0.015604058171572361,0.825819808932061
Human,27606527.txt,8.027606807582297,260.9458789092286,0.039033142446245186,1.6559229199318712
Human,27607632.txt,7.495553390937277,180.46226534634798,0.016296165836693355,1.198865742093451
Human,27624540.txt,7.831394403417471,227.7637598047356,0.024862011286198027,1.0310601561174528
Human,27637576.txt,7.8590216929151575,232.16741513880845,0.016800660173680478,1.839888209999657
Human,27662298.txt,7.277194900647563,155.11505436223626,0.027984037092874208,0.3917741294387615
Human,27689009.txt,7.674157588799796,204.24509031980827,0.018360272251465918,3.2580853775520753
Human,27694040.txt,6.685220744200773,102.90867148324728,0.014909913416593668,0.6293306940479758
Human,27710853.txt,8.154446924993843,284.92668315478954,0.043814909033104005,1.0537346750724215
Human,27715131.txt,7.6953216882368265,207.26341732008473,0.043910110830830934,0.7201925740280242
Human,27726066.txt,7.989074780559974,254.06868895799798,0.0929246130605346,0.8045944367487683
Human,27756469.txt,7.848993760994894,230.55925377417,0.03800796761094428,1.1035337366564861
Human,27770859.txt,7.905605612777717,239.7863314352249,0.048696278152479164,0.5633843684239487
Human,27788376.txt,7.267333530358596,154.0583992990329,0.007880104128805352,0.7012062865476472
Human,27789372.txt,6.770607076375256,109.18320003791912,0.012514686623439429,0.9644861286559566
Human,27796199.txt,7.209900782894604,148.04590576831941,0.011064381818092774,2.0657484878787447
Human,27798860.txt,8.209842011149988,296.07974975130736,0.026858086869237394,0.6741323427318429
Human,27820360.txt,7.509915128601418,182.26770220908426,0.019329198639579433,1.3686945434164879
Human,27831220.txt,7.3492446358137435,163.0583640801937,0.027578876674577098,0.25412911370256147
Human,27835351.txt,7.794356439257546,221.9908556261298,0.025985113322766793,0.24836637281355228
Human,27847081.txt,8.087791172949517,272.0619094005793,0.02346442958705541,1.0040356963772965
Human,27850777.txt,8.068421221571539,268.43355644687847,0.014716757854177302,0.4755176064007764
Human,27884470.txt,7.668032541561143,203.37979382607543,0.031223524947446075,0.4006267762357786
Human,27888251.txt,7.497967513652066,180.76449329301113,0.023571707689735426,0.8111854131622575
Human,27902692.txt,7.2093141424737235,147.98571837276282,0.04186641741801938,0.8747145941937777
Human,27903191.txt,7.398143522937453,168.67981368014853,0.015252257500349345,0.36820531018403696
Human,27909372.txt,7.552423901914555,187.71809335254738,0.04399744068127607,0.911444320767046
Human,27914096.txt,7.651313305460229,201.03645208245638,0.021114582780133617,1.8800826270505469
Human,27917969.txt,7.625221123908139,197.43324420567905,0.03622322320714087,0.20194276372577832
Human,27921561.txt,8.207918919147481,295.6853425773522,0.01638133335424473,0.9895908357384203
Human,27936502.txt,8.002882319624238,256.5119664118951,0.018351699793650065,0.8118248648404107
Human,27937592.txt,7.412201407129465,170.33149469008083,0.014645085794095894,0.6850367726276944
Human,27974588.txt,7.246009126019124,151.79801614639288,0.09578499113544339,0.58886252064327
Human,27980446.txt,7.717570742661875,210.4845810030753,0.014421502541645217,0.42331735007836574
Human,27981289.txt,7.325781734979697,160.42795366996214,0.018493144053237834,2.9411096426276844
Human,28005884.txt,7.214448013878522,148.51326786088487,0.02750862216095437,0.6084039121942737
Human,28013287.txt,7.700284597028035,207.97763667576407,0.02668928082071577,0.5973869002084611
Human,28020046.txt,7.886852729274155,236.68963661749967,0.028580760656298037,0.543244358833327
Human,28035460.txt,7.295298159370576,157.07373590049275,0.0728577244713733,0.43934473112168704
Human,28051330.txt,7.472409057849875,177.5903103872311,0.02033901535488182,1.679827136257299
Human,28063132.txt,7.288622975046731,156.34865248992193,0.017515696346899215,1.046041138206205
Human,28078163.txt,7.95514534338053,248.16319291672514,0.024044739490879607,0.9074415045678919
Human,28086303.txt,7.486595963503756,179.34527959089007,0.024750725254309443,0.7427937691123242
Human,28092317.txt,6.955510615454565,124.11301632116118,0.006431420550851584,0.6471399075911994
Human,28109594.txt,7.932922391452599,244.36983359971893,0.010939663659014238,2.192228658160145
Human,28111403.txt,7.980530291044021,252.56839178906347,0.0424205487878851,1.6393269714675163
Human,28126340.txt,8.142829929380785,282.64158399772504,0.022029638737397838,1.8784770710503345
Human,28139742.txt,7.814630947753296,225.1325654652534,0.017478122546573455,1.0966990610994365
Human,28165687.txt,7.834150239343101,228.19924992054712,0.01724061154425023,4.58463483836703
Human,28172023.txt,7.412123133845441,170.3222536215136,0.02304516816712139,0
Human,28175164.txt,7.853045197368563,231.20762985712702,0.010766741961208144,0.3961243900372212
Human,28176889.txt,7.298082662899562,157.3771920786956,0.0231650905894256,0.5209485685323315
Human,28186635.txt,7.747896069586866,214.95577642108165,0.03175405967237007,0.34395824215958504
Human,28198029.txt,6.4937249561443675,90.11684847932648,0.05749234527830159,0.8368376165655506
Human,28206098.txt,7.899456334728306,238.76645211605748,0.04320119325145815,4.128713642489589
Human,28230807.txt,7.272493358063332,154.61037874363709,0.015141473927570424,0.4912609135506608
Human,28243590.txt,6.869352663610882,116.91795284351942,0.022193056413041826,0.7165084113404236
Human,28247753.txt,8.21902335719447,297.97001689457096,0.04017641477346485,2.7169672205648245
Human,28290448.txt,7.7745850612242595,218.96933894795725,0.02741581401076051,0.7104293721561524
Human,28298773.txt,7.608802151246229,195.19904051545396,0.027234860729674362,0.4466303306253759
Human,28320387.txt,7.744459524261942,214.44435430061148,0.01674861929014726,0.46191241367157954
Human,28321954.txt,7.899770642219026,238.81847576465938,0.058706316997958925,0.9859042812129366
Human,28325193.txt,7.488978716136406,179.64173068593826,0.0484491965404425,3.939494800266006
Human,28326441.txt,8.226932514216966,299.608036950709,0.01454876412372475,3.2632941821147283
Human,28337049.txt,7.811235838704163,224.60338159906937,0.016930894217744522,0.48356124033859144
Human,28359817.txt,7.73912916417042,213.6535034708124,0.02225102259133891,1.765212732191233
Human,28377361.txt,7.893677179318781,237.81191332660606,0.021281243880017932,0.32083912549254673
Human,28383893.txt,8.36588333369735,329.89962635917277,0.03179520055988925,2.4492500213293007
Human,28396458.txt,7.933594008893054,244.48362150743392,0.03106719197732245,1.4094039709431005
Human,28396528.txt,7.316825525928828,159.43510654932234,0.027568810076439642,0.5235099591613364
Human,28398216.txt,7.508296800138862,182.0633599021269,0.025932809947064962,0.7425466610090191
Human,28419173.txt,7.964297200711127,249.74244075275962,0.02355906841810171,1.8983623939003664
Human,28419927.txt,7.865443454065292,233.20314811927014,0.018617843875873428,0.593888775681338
Human,28423028.txt,7.925696685748456,243.14897265696,0.02404574157320511,0.6584172668113142
Human,28424982.txt,7.326811251113645,160.54247691063833,0.016831541073787138,0.5369267804333784
Human,28471099.txt,7.563664616301754,189.18640587673036,0.04705913793949746,2.1978760212783515
Human,28505854.txt,8.186315018310614,291.2905358610664,0.019266703610871617,1.0354498204274973
Human,28522529.txt,7.405354465849867,169.52502720553173,0.041305253302542325,1.5187093889794683
Human,28531493.txt,8.103025791595856,274.9500600753066,0.015983662988866016,0.44509674243090347
Human,28609364.txt,7.53919112134612,186.00416565622706,0.03411628206586756,0.9289700530632088
Human,28614791.txt,7.96610470120542,250.0555301221798,0.03564813580718581,2.914459700880901
Human,28623782.txt,8.134048345119146,280.92638978538855,0.01442285067223648,1.210777155090945
Human,28628090.txt,8.284531049991058,311.81165621823476,0.020234605636491355,1.323970172802643
Human,28629430.txt,7.995224084024396,255.15393553450048,0.029716762294064267,0.8112553694220327
Human,28630325.txt,7.227285060426786,149.84063001888936,0.036536167541288654,0.9423781099403618
Human,28631840.txt,7.905898666809685,239.83504407838424,0.01266341397309712,0.4435173481137755
Human,28635795.txt,7.80974592116181,224.37154619983687,0.013977470653225686,1.616415944358748
Human,28640735.txt,7.678686635114041,204.887283539985,0.021640897259556927,0.9666170544466776
Human,28642819.txt,7.834102793495319,228.1917452653459,0.016613667984557944,0.7596098404796281
Human,28663949.txt,6.7448949974459635,107.25454672893805,0.03415443420547913,0.9071579215861829
Human,28669770.txt,7.724868669608405,211.55202271724914,0.020775532780595074,0.7814710737278837
Human,28670024.txt,8.035351305723447,262.3504229710227,0.020880258708633685,0.27730050071798584
Human,28672970.txt,7.602897640338638,194.4017829400485,0.01823285670423089,0.9548692748451078
Human,28679359.txt,7.991793392433232,254.5479069036094,0.019203478773955555,2.1616219963525
Human,28697203.txt,7.535577783027839,185.53888712899686,0.03652589881959023,0.5611138714515403
Human,28711616.txt,7.49786014065,180.7510403431424,0.05190842294969636,4.4929253891991765
Human,28724469.txt,8.008395297728075,257.49405216012553,0.015612094909934225,0.4622706887266973
Human,28733974.txt,7.910161945799178,240.54482398685883,0.022006362004428837,0.481648605814833
Human,28745844.txt,7.733181648906302,212.77452920057388,0.013613053528945401,1.6969948860656838
Human,28756444.txt,8.093383156675376,273.11848615322737,0.01941835912584868,0.34001807741542156
Human,28758002.txt,7.764447212622418,217.4360303717781,0.021935739049125477,1.4887300903583525
Human,28762662.txt,8.064014436799747,267.614863614777,0.026834721939496726,1.2719731417897595
Human,28772892.txt,7.889080571129164,237.0554203857075,0.0182126519727754,0.5998178527665278
Human,28790806.txt,7.693251577789711,206.96623012900855,0.01724881431694775,1.5183671715928402
Human,28803888.txt,7.713203481495373,209.8483750336711,0.040085941767419336,0.913874349815592
Human,28808263.txt,7.8043002592598265,223.5262196290027,0.026667870157600294,1.110323388962383
Human,28815362.txt,8.000327377312063,256.05809828077474,0.07916200297686293,1.221625780004621
Human,28828844.txt,7.529438264975113,184.75098744323458,0.020533938336242667,1.8740171271126378
Human,28831378.txt,7.441233450670726,173.79387772292492,0.031410375215849363,0.579411381114853
Human,28831442.txt,7.896702366522055,238.31110431692815,0.026619829175788718,3.010285402728358
Human,28862054.txt,8.114234791501897,277.0946011088019,0.025023568964011183,0.9866021560340765
Human,28867567.txt,7.6380243699637305,199.193169935148,0.018943107348445842,0.413594899491367
Human,28871170.txt,7.549982081149254,187.40064147549415,0.01121980104716959,1.3856767078383363
Human,28895997.txt,6.562633705141065,94.52563331860073,0.013819061989796766,0.2597447565814465
Human,28897981.txt,7.979805118103633,252.44146978955717,0.02386879725893588,1.3053027454245147
Human,28916894.txt,7.4603458251878685,176.11156296982517,0.03656274886452067,0.49058222012323055
Human,28923650.txt,7.915856164032265,241.49611398820838,0.06143089891389129,2.1046407963076663
Human,28933005.txt,7.54419213269294,186.6500561850255,0.035921472124147646,0.20344442291767842
Human,28939941.txt,8.078153071690425,270.25042409137814,0.04224118951801461,1.1817804802677512
Human,28942221.txt,7.71707252656497,210.41190542138955,0.04441924710465668,0.705009095866969
Human,28949406.txt,7.688570029454739,206.29571279573148,0.02501072540656116,1.7773094040766066
Human,28951817.txt,7.512893339050935,182.6443530186069,0.01687483065930162,0.8012770636717408
Human,28969385.txt,7.763819907874088,217.34150658075828,0.04444860221950004,0.6010804638516318
Human,28973180.txt,7.922520800587778,242.61430395876624,0.04407890353172731,0.9606929410243518
Human,28974459.txt,7.7779693791309,219.4836068400372,0.03567310739744244,1.9393837444448574
Human,28975482.txt,7.575304177253037,190.71892214323157,0.0142476375436221,0.6054624743235868
Human,28989677.txt,7.824877424269206,226.73721979236558,0.02304679746931949,5.259840232433338
Human,28998957.txt,8.081561964277478,270.8897441824725,0.018982040944904254,0.6455358593353716
Human,29002596.txt,7.555028882731646,188.05734992707514,0.027456044165762545,1.1356362700698392
Human,29014805.txt,8.351506693251325,326.6284602881165,0.020905776814405547,2.068065315633052
Human,29028935.txt,7.927669272618502,243.4816559378251,0.021961179774293568,0.8694260206685451
Human,29050809.txt,7.921236309028081,242.39839045885324,0.03576574893304222,1.274471437565228
Human,29051656.txt,7.528678364657735,184.6537005166231,0.02755182502087178,1.419525849820932
Human,29061628.txt,7.140878013775718,141.129719228527,0.01581747611089357,0.6392474130055482
Human,29072179.txt,7.865897604518789,233.2765704184974,0.020041059626992385,1.0385841221244978
Human,29075857.txt,7.8923196965714055,237.58825293480623,0.0309886454989605,0.8047939088739533
Human,29076405.txt,7.669247159165928,203.55109315686147,0.017799703356344097,1.0275805176907857
Human,29087505.txt,7.623236568820323,197.16184396370997,0.02142363676254976,0.4838914367964961
Human,29091445.txt,7.755422730549967,216.08014914859334,0.021188969426339337,0.42251778774846466
Human,29093426.txt,7.465793971331153,176.77788223015096,0.020493152437020275,1.317883046566472
Human,29134372.txt,7.944220954436822,246.29114596641355,0.025832357075721745,0.7461213718594504
Human,29134721.txt,8.172690625724062,288.55262109979117,0.021716034535717015,0.8644744608181404
Human,29142288.txt,8.080404157983764,270.67243420110236,0.018159185435446562,0.6475601794252088
Human,29147100.txt,6.676009380365064,102.25371015425314,0.013736725565844814,3.5818478384894403
Human,29148871.txt,7.984275004325014,253.22481932156256,0.0225153552539416,0.5497480102883768
Human,29149998.txt,7.768934632326679,218.11340552371195,0.015417568909078505,0.6625775446623318
Human,29161565.txt,7.132353433296605,140.29827234776283,0.05027093953213945,4.56258614406956
Human,29165698.txt,7.20865445834756,147.91806615916474,0.01484350291702431,0.21246287018566543
Human,29167286.txt,7.487671453408349,179.4790264638864,0.024537620268459577,1.96542191695386
Human,29173771.txt,7.376379962514329,166.15431645945463,0.021506219022913966,0.5194505153500468
Human,29177904.txt,7.494707722406196,180.35651427977885,0.01493624339578376,0.576882978587127
Human,29184740.txt,7.591495553823221,192.87141809041722,0.009752226093481647,1.865998076380421
Human,29193505.txt,8.170892235844395,288.1931502502246,0.01903617115306024,0.8174891685586703
Human,29196643.txt,7.752434160456153,215.63299832887262,0.031178885308405097,0.7107837737129045
Human,29208172.txt,7.791788994340499,221.59614819823116,0.022878907350449777,0.6091367949771971
Human,29211359.txt,7.725056404909535,211.57955339126366,0.025149638496437567,0.4671275080849325
Human,29211919.txt,7.448894736060952,174.7192473134395,0.023828598599012814,0.8868299116873055
Human,29221006.txt,8.414318805987968,341.1633369883125,0.03847056679855796,1.9951898180871184
Human,29267293.txt,6.745812275118006,107.32276175768374,0.03022348848402227,0.5918331389974468
Human,29297393.txt,8.528009831657963,369.13630667017975,0.018550685793614668,0.7671013905351725
Human,29297973.txt,7.603974972461149,194.54700663378546,0.027639326764502304,0.7110293015011175
Human,29306433.txt,7.686628854837588,206.01832450504358,0.018494574114782572,0.6927329056916379
Human,29319314.txt,7.675137868733104,204.38391758054178,0.028145848865221756,1.5692161965689464
Human,29329075.txt,7.945612748579875,246.52886216015293,0.0465309048291962,1.5223987314759662
Human,29332616.txt,7.729653076777212,212.25475693305899,0.011163340496964724,0.46511513090158024
Human,29399491.txt,7.767291404042023,217.86511598909223,0.01937948554265298,0.528411664285332
Human,29406313.txt,7.787965336324422,221.00961672678554,0.019580861509996453,1.7366782554980125
Human,29415426.txt,7.140757032142665,141.11788485775568,0.01753961124351633,2.8706803540388153
Human,29425788.txt,7.708192006028918,209.12069141830918,0.027281492402147993,1.733787936956698
Human,29449419.txt,7.818808069687493,225.78534992270312,0.01725411823649718,0.7034821288392203
Human,29456173.txt,7.627237731740202,197.70941055409028,0.016130603256171935,0.4795042027196757
Human,29483501.txt,7.512559619015627,182.60210914230234,0.01506702620393757,1.91268866377634
Human,29486525.txt,6.808247839647125,112.06934086680653,0.008849885542923304,0.23094392755522022
Human,29494962.txt,7.807339836973147,223.99765782708283,0.017928861818390412,1.543812261745224
Human,29510501.txt,7.545642635593216,186.8378107600508,0.02223072049810164,0.7358100250001371
Human,29521434.txt,7.101195213919069,137.30070412561358,0.0069881688699802835,1.279777483358686
Human,29524570.txt,7.770181478323973,218.30199103245155,0.03317585324875668,2.467774381576562
Human,29525715.txt,7.882684661658961,236.0068071515267,0.014746732952452603,0.5815490941574367
Human,29534737.txt,7.727425701615212,211.92730990323432,0.04056955187434981,0.4485647433873726
Human,29552167.txt,7.478325882076341,178.3201446874923,0.02616414766848327,1.0574356310170032
Human,29564653.txt,7.497118149793199,180.6581023812188,0.01458255794673452,1.4718933637128
Human,29573698.txt,7.0156090619385,129.39239915423394,0.0117924690149216,0.5050415425454836
Human,29574501.txt,7.627449794548868,197.73847414222985,0.020115987873262058,1.2677669649836278
Human,29595906.txt,6.595636723070597,96.7129196092182,0.02089234888978197,0.630760293186714
Human,29612672.txt,7.922807246860124,242.66247967204274,0.014880319934289276,1.1614806483144464
Human,29639533.txt,7.775826941384204,219.15791015988333,0.015484285394090276,3.307351614537594
Human,29640922.txt,7.550426541919899,187.4583841464576,0.03263844600057184,1.0226184661205804
Human,29647215.txt,7.94327042708966,246.1289291716257,0.04134928566384963,0.9852311285611797
Human,29648950.txt,7.509598826134724,182.22774545957483,0.012225289117937624,0.8478505938261873
Human,29723311.txt,7.72962054539378,212.24997084671492,0.02704090268268397,0.6870097050107353
Human,29746235.txt,7.926815250359232,243.33756642887926,0.04092771549566926,0.9262210885482742
Human,29764492.txt,7.741101530325155,213.94579748782024,0.012457015283780567,0.6109444861230073
Human,29770086.txt,8.1426192820479,282.6003186243661,0.03673845360669151,0.4660627939417882
Human,29772450.txt,7.199045203450696,146.93611279828693,0.04127753276896243,0.6796077445512629
Human,29775391.txt,8.050222426563549,265.06868414411457,0.06010252686478293,0.9558225886619452
Human,29784524.txt,7.882392356854438,235.95899459688428,0.022477368936064307,0.5662311261724642
Human,29792535.txt,7.507552096067096,181.96940495373462,0.0483665984411964,0.6890231793082342
Human,29797594.txt,7.6564781137691265,201.75744681626864,0.02134266208406414,0.5282586799442118
Human,29805310.txt,7.247550602238066,151.96029443607026,0.019193903490055522,0.3898417164031792
Human,29815762.txt,7.766189902623973,217.6988388906593,0.026219351540968525,0.5480173413631912
Human,29821051.txt,7.88302534283886,236.06254489877938,0.018502159885920355,0.47025647895189915
Human,29825044.txt,7.546762030134261,186.9828354388053,0.02932314815932421,1.4743188161131788
Human,29839396.txt,7.65169859426388,201.09014841865758,0.07464513101382346,4.014959889113862
Human,29865476.txt,7.833452609312376,228.08892850101384,0.02531127081090594,0.5462469114342252
Human,29878348.txt,6.949002061678008,123.55435574835344,0.011067072458230543,0.6505227160832884
Human,29894080.txt,7.692149633817329,206.80820774290171,0.012591076696371948,3.2301764844791827
Human,29897742.txt,7.606013637938862,194.8221144114428,0.021116869168348665,0.4839933766060883
Human,29908929.txt,8.00067787008998,256.1203133810981,0.018548736054424846,0.7069288145192825
Human,29915354.txt,7.696700361709251,207.46157780771944,0.017717787578352986,1.5842669126690772
Human,29926588.txt,7.580948831525078,191.46658615014735,0.04921622813431332,0.8926440958289288
Human,29928796.txt,7.30248050083595,157.85766463140845,0.023987446907366306,0.7717344123242654
Human,29930479.txt,6.812247066556405,112.38043398736849,0.11843523264491665,1.7506510863333864
Human,29968330.txt,7.608403571221942,195.14511942355665,0.04107833055895618,1.4707693598160254
Human,29975124.txt,7.365630787138053,164.9209409226687,0.02117797626491312,0.9093639013130627
Human,29990140.txt,8.095352388113255,273.4915384779158,0.048991914118570366,1.018739381230396
Human,29992154.txt,7.934467064320415,244.6316169910399,0.026526481837884704,0.47521391688816295
Human,29998869.txt,7.338790671757929,161.88109153477635,0.05672707230128398,1.6485109790305292
Human,29999135.txt,7.2728529226637795,154.6489172744701,0.028321025081500778,2.54132563758651
Human,30083884.txt,7.321223952341756,159.92192714699922,0.02125310673499398,0.415881186152931
Human,30083943.txt,7.911615558299116,240.787311251798,0.04119031138970288,1.0212536065639848
Human,30097175.txt,7.957440675939075,248.55833562678498,0.02342127384975445,1.093427442028306
Human,30127072.txt,7.470041767144478,177.29914479215523,0.03040326199482752,0.387350911210893
Human,30128072.txt,6.794471146839032,111.00425332565726,0.03553523382569246,2.1351475073918023
Human,30148777.txt,7.870636393845241,234.04406874734588,0.02948511933917674,4.413420594967593
Human,30163002.txt,7.630747693294086,198.19100732995994,0.01860545238978979,0.749943540293017
Human,30223363.txt,8.070269807687568,268.7777321615918,0.023036615770992603,1.4602171853395889
Human,30288581.txt,7.207365812566496,147.78600159831723,0.04340651821768426,1.2285096475666148
Human,30304575.txt,7.953225661630824,247.833201110397,0.022323914734122763,1.148462184170686
Human,30311202.txt,7.63205461953846,198.37062837220338,0.01811077420289739,0.13213648973007366
Human,30311725.txt,7.498869928428955,180.87759798500227,0.04673398042369018,0.32009515350197854
Human,30337969.txt,7.8537675828996605,231.32342901362253,0.03730568022219129,2.354379153583953
Human,30344127.txt,8.05533708629207,266.01007654792323,0.018015157613671087,5.96874445616304
Human,30361788.txt,7.120290900205992,139.1301133062149,0.01055781460690204,0.903144868908973
Human,30397268.txt,8.371163385594222,331.10922264680664,0.015403851301014966,0.33638904249826873
Human,30430249.txt,8.024728962795292,260.4258707191037,0.015815767977179145,0.5905875316802435
Human,30437583.txt,7.870878700940676,234.08338079844174,0.03935502380327292,4.671850988112498
Human,30504149.txt,7.35909297574892,164.1752652317935,0.019226840598147592,3.6590850495755523
Human,30529547.txt,7.297419106961582,157.30482435336916,0.0055164057917748985,0.5112097154522238
Human,30542184.txt,7.993877929893209,254.91596678957197,0.015347875732255907,0.526278964857445
Human,30563572.txt,7.472943843403458,177.65615267158282,0.027170638650014237,2.1634073379629535
Human,30594821.txt,6.556884651607476,94.14970384367003,0.006013274084237412,0.544402341802168
Human,30608780.txt,7.818485857432305,225.73492853687398,0.021873502815102513,1.415616326000268
Human,30642458.txt,7.971107528302672,250.92415174527767,0.01659269530806031,1.1070528917592826
Human,30646367.txt,7.360396479155836,164.32366785229786,0.019314099472650552,4.922611862192021
Human,30709029.txt,7.475028414259046,177.91303614944792,0.021584491932688264,0.7284520079510561
Human,30713796.txt,7.436198345711489,173.18838235640746,0.01198935418693015,0.87317572908647
Human,30741799.txt,7.598936043309997,193.86869377126186,0.016888959887914237,1.6188959465990143
Human,30757456.txt,7.726875668359829,211.8465271689345,0.04605654588605425,0.7849023349289829
Human,30813919.txt,7.6968594992569175,207.48446327327284,0.04959073680057356,1.184719211377779
Human,30826569.txt,7.964166949339171,249.71989418107356,0.018843134822772625,0.5575363854168203
Human,30862904.txt,7.824933776027305,226.74607633525156,0.013286619020632889,1.0369519858353284
Human,30863060.txt,7.671641742901079,203.88922759049674,0.01820976888007734,4.026489119738384
Human,30864828.txt,7.4734603327410305,177.71976551608958,0.03532595116536575,0.9724520554466208
Human,30938994.txt,7.696654439206008,207.45497419220715,0.019654376951369703,1.049606719297861
Human,30965258.txt,7.992704674346633,254.7087435136418,0.015600549968253758,0.24581854229903227
Human,30968749.txt,7.963657342933555,249.6317006399864,0.022838306285726695,1.002695814299472
Human,30990885.txt,7.324452800467543,160.28024394963606,0.14652914598564626,2.610765903014687
Human,30999638.txt,7.389206675794926,167.638147729907,0.017080974916617964,0.845096351814401
Human,31016926.txt,7.704903471810824,208.64455658752078,0.023941350904146792,0.40662481290817243
Human,31025785.txt,7.748058421104656,214.97996750739136,0.05303323453768529,5.030591828182784
Human,31040875.txt,7.0632699601118425,133.73840071447097,0.03605767256987759,0.7443934136964031
Human,31042953.txt,7.719522610973737,210.76954505686837,0.05217444274558579,2.8491769404955862
Human,31064969.txt,7.252267124820273,152.45790272536374,0.03562606226320538,4.850905037452729
Human,31111279.txt,7.832728099777477,227.97441288162085,0.017665415269523567,1.4819546100148777
Human,31114531.txt,7.7757047440300715,219.13934810631915,0.021350274987994175,0.2803528718299976
Human,31162167.txt,7.738717618255618,213.59256496062753,0.027353955258353595,1.5755175818000497
Human,31169070.txt,7.373135858776141,165.78111474705042,0.035248294266487235,2.7610791998684663
Human,31199035.txt,6.451648333306332,87.5265216664084,0.08100196739235259,1.9749873647467922
Human,31201660.txt,7.9873338890306105,253.7622906830775,0.01417425543034691,1.8611235646621773
Human,31211074.txt,7.896664463251684,238.30484335996394,0.024759341071296875,0.5985762180720822
Human,31217840.txt,8.1412553194601,282.3332669619922,0.020515802694350552,9.166995717535768
Human,31220062.txt,7.499536707484538,180.96121459509402,0.03505012456003467,0.536846149998282
Human,31225895.txt,7.909387743751869,240.41577361243907,0.014444852399953433,0.6440242807785942
Human,31242382.txt,7.62692487598298,197.66654091127168,0.04460116236289913,0.4157466321133641
Human,31243710.txt,7.695479650547207,207.28611206828444,0.02047243262820465,0.9934058549317603
Human,31273310.txt,7.6553966860764024,201.60626841088884,0.02871756454516523,1.6513569747681727
Human,31273413.txt,7.8429206484801295,229.59074051146808,0.027720689634554357,1.4582818385270655
Human,31292364.txt,8.028582695313839,261.12245124245055,0.04213430614081753,3.536050407270371
Human,31362807.txt,7.508259983132554,182.05871377654145,0.02976790799713241,1.054894681438254
Human,31392754.txt,7.871134418239795,234.1248756906635,0.04773268520957583,0.9500785478876985
Human,31395710.txt,7.382393972771032,166.84839204286217,0.014571137582904205,0.34303760297253466
Human,31395742.txt,7.448629987352262,174.68718755737228,0.0464459457484416,0.5431844163423614
Human,31454430.txt,7.1330884109367645,140.36976518636936,0.021003544962238798,0.4609298133832107
Human,31536294.txt,7.727536301120249,211.94355724129056,0.018143583332264165,0.768652419936181
Human,31547476.txt,7.774824719021499,219.00571674571668,0.016925349220142657,1.2070096041179075
Human,31552617.txt,7.373423739185007,165.8141985906069,0.025710412383454274,1.0746023915654206
Human,31556198.txt,7.486340678838427,179.3135472788799,0.013892429720660918,1.7584481833332193
Human,31602598.txt,7.915346066047963,241.41074258101773,0.020537040379706262,0.8844024030474933
Human,31605080.txt,6.476297562847129,89.03480815662171,0.07955843098483052,1.1035245715835396
Human,31638814.txt,7.05122665875201,132.62662878676872,0.005625931792783883,2.864562024182929
Human,31677347.txt,8.05626131591757,266.1805444249014,0.02725539325346919,1.0818324117221993
Human,31684925.txt,7.682487076109106,205.4277224490057,0.03155212478354384,0.6235647469661209
Human,31694970.txt,8.026179316377158,260.6878107027229,0.030892873689845876,1.5274188440167897
Human,31710562.txt,7.911438839385271,240.75781848659943,0.02635692859007981,0.8995472371625007
Human,31761591.txt,7.594261266969753,193.2415161572247,0.013787374997229238,0.3877367494521954
Human,31813535.txt,7.94820399781589,246.97205475939026,0.018158095807940554,1.7648849806381393
Human,31850269.txt,7.825502289217915,226.83544625334335,0.06777027567581184,0.8796977110861587
Human,31909493.txt,8.079230929186085,270.4524073782814,0.020428747418357648,3.1850109346226176
Human,31926950.txt,7.592524706401492,193.00905281343174,0.0327385752833488,0.42101701192701574
Human,31929166.txt,7.287557761191191,156.23325507246264,0.02503082618858774,0.3760681203699655
Human,31948488.txt,7.565397990877216,189.41384686558172,0.025506907056926854,0.7385370754403644
Human,32025286.txt,7.749919639459485,215.25749176663433,0.017025866622386403,0.39328699129061195
Human,32042584.txt,7.512950322959737,182.65156729079058,0.012577121128356801,1.7707239588648718
Human,32067700.txt,7.540840620009341,186.21695427595085,0.019762948160200862,0.9704018053584186
Human,32069695.txt,7.885142592281289,236.4092364752337,0.017993773834334745,0.5310571304433941
Human,32081266.txt,8.132734845479797,280.67073715200803,0.026011995015235215,0.7186427592789889
Human,32109048.txt,7.854032253226733,231.36587045980843,0.044613101941671014,1.1184530490267464
Human,32140087.txt,7.853295526364383,231.2477512922201,0.1080320050827771,0.642964434810968
Human,32219038.txt,7.742375208167852,214.13476212442063,0.03334004974001795,2.236412420614143
Human,32265203.txt,7.647978260386405,200.57225746267974,0.024770091081680712,0.4484865621230213
Human,32308556.txt,7.353449165288354,163.53426762715674,0.05585201428008682,1.163239256339899
Human,32318506.txt,7.185837601853323,145.59707899098925,0.02373536908340478,0.631597969865751
Human,32385553.txt,7.937416130804535,245.13218900436476,0.02292686710032195,0.622261185025037
Human,32433431.txt,7.74917298697529,215.14611621365054,0.028788823084484813,0.8292624679689072
Human,32441790.txt,7.529220323951052,184.72308010515897,0.014730614005614073,0.9886066572082056
Human,32517106.txt,8.005387505266532,256.9577767420826,0.043823486755937426,0.5893922182470418
Human,32518109.txt,7.036363305448189,131.26725855333305,0.006010178408652467,0.5640048906119126
Human,32531824.txt,7.292440224078077,156.76288556904936,0.004915518839827956,0.36841670350689076
Human,32532982.txt,7.3581124994071505,164.0637272611631,0.028252232325892853,1.6942293722894826
Human,32563518.txt,8.14585548220843,283.234948730979,0.03015567633943767,2.4084087635363782
Human,32605413.txt,8.049644116238731,264.9624515497497,0.021235852003135193,0.9113714242900729
Human,32636041.txt,7.929754642884425,243.83385549210217,0.01858788439230918,1.235947068048102
Human,32637306.txt,7.689920503111533,206.48891187975437,0.01695517318636728,0.6664310616899553
Human,32651555.txt,8.08628121826874,271.77731269761597,0.04121057734789486,1.8017994036703886
Human,32720816.txt,7.847749591794125,230.3605069432335,0.07783027086115277,2.5130800639181086
Human,32773331.txt,7.709541287975803,209.3163632361909,0.023979080704257826,1.1403648931535932
Human,32794700.txt,7.593096019968998,193.08550038115948,0.03419862596755071,0.577422463197558
Human,32799518.txt,7.929136555392393,243.7294132001409,0.01337074617471624,0.29739934991297273
Human,32802563.txt,7.353147783169369,163.5001085325054,0.01632170402101427,0.7965140553778194
Human,32896934.txt,7.4569521257440075,175.69777676545905,0.013480287656432464,0.40821935409296023
Human,32947778.txt,7.954630455213932,248.07464094332843,0.011774562337252978,0.6317646723845975
Human,32954522.txt,7.365550575505541,164.91177182608598,0.010657183798793499,0.5731399374188006
Human,32959732.txt,8.104267069619183,275.1867257047477,0.038793066926546764,0.6751241237760145
Human,32965335.txt,7.940388152026585,245.63769361522264,0.027517790897828673,1.5748188796003324
Human,32977530.txt,7.985791030798021,253.49105528541327,0.016462769580293406,1.7451501735160402
Human,32980197.txt,7.733703950557535,212.85157431681338,0.02521505054000735,0.4768343025054553
Human,32985311.txt,7.351751562595941,163.34195190186327,0.019992212461997044,0.668707422560843
Human,33023370.txt,8.058294482904559,266.555932850173,0.02629724243686621,2.2864518478902767
Human,33072201.txt,8.538605818741933,371.85743782716065,0.05608029132145687,3.3969488933711207
Human,33135102.txt,7.435740613539327,173.1334425959661,0.03762866545979334,0.7342787838881022
Human,33141415.txt,7.419727966011904,171.22243833545744,0.0908440995107603,2.2377546589780777
Human,33176873.txt,7.964561405917091,249.7881810466916,0.028067474358436945,0.9888369966757268
Human,33236701.txt,7.757302992889896,216.3619496866491,0.024129317796707572,0.5919959098945275
Human,33241454.txt,7.401192823097292,169.03671470615484,0.02134351965661362,1.3235903872256225
Human,33286293.txt,7.693990912636137,207.0723208526643,0.013189715848313686,3.0404614158874135
Human,33344933.txt,7.928772099625353,243.6678496897244,0.02228083838082508,2.0289334507247854
Human,33370664.txt,7.8642855227730175,233.01605044623562,0.031817907474660914,0.5576810366657396
Human,33381211.txt,7.752776016458987,215.68410002893032,0.028445168462872723,1.114928208351321
Human,33424600.txt,7.583179392699107,191.76284297880838,0.028996087017410094,1.1018997734014182
Human,33527446.txt,7.715582996887865,210.19477496089445,0.020138922475739004,0.9742400813231109
Human,33542483.txt,7.651098288636322,201.00649218298355,0.017734921021504077,0.7573985682128158
Human,33578873.txt,6.707092787871331,104.48070943611413,0.026724881589641872,1.7145860210035584
Human,33627938.txt,7.771640289344451,218.52284326037469,0.03659717507740011,3.028703033985299
Human,33665485.txt,7.48324893741765,178.92968409855513,0.028559213417868334,0.6687074490334031
Human,33685075.txt,7.8215109671671685,226.20875658153452,0.0206205398413671,0.6597136281062698
Human,33685988.txt,7.3603915513193074,164.32310657027568,0.01692567400446873,3.2353445191872936
Human,33704389.txt,7.671324708074241,203.8444274891066,0.017048959705501854,0.43945241559151194
Human,33750209.txt,7.8078574947424855,224.07804552511664,0.020799489315930206,0.992300286951267
Human,33803142.txt,7.7019899488843375,208.2236240430875,0.03327514950160816,0.828443043218658
Human,33872500.txt,7.819090032104178,225.82948205230093,0.04429513106857105,0.31041246327395716
Human,33893326.txt,8.166375210810651,287.2922392075174,0.02042042252913062,3.193554588013369
Human,33919379.txt,6.819810841690005,112.97117039003207,0.006245656671704184,0.363920511021999
Human,33964275.txt,8.620889644577945,393.68273785704423,0.032496836819692045,0.5444914768513619
Human,34033933.txt,7.72024916381771,210.87571702986332,0.013436433131255018,1.0706734746437478
Human,34046031.txt,7.891762743038058,237.49654950872684,0.017239181968882532,0.6379412524036319
Human,34051710.txt,7.661949651771848,202.5240811464341,0.052663962141876616,1.7445843088329034
Human,34131484.txt,7.285278335333367,155.98660493019548,0.013601619740176107,1.247373636479968
Human,34141299.txt,7.9347308036718305,244.67634223088285,0.0689190470278464,1.6308090894364664
Human,34146825.txt,7.599752438814658,193.978431668836,0.02418674640687409,0.535145184014569
Human,34151183.txt,7.745231154586329,214.5590812674606,0.016200702754043252,0.5263299770908995
Human,34185495.txt,7.8097584653033625,224.37349710463118,0.02669558367574836,4.7837109747241815
Human,34198885.txt,7.739231254263744,213.66862286697813,0.023331562515816223,0.7368819721841597
Human,34250007.txt,7.61788756349713,196.43219073992995,0.032428823970947096,1.1901047658797386
Human,34252537.txt,8.207918620632844,295.68528139575034,0.027552899866774606,0.7645906868309827
Human,34303500.txt,7.90454339024727,239.60984736038932,0.03050579934532406,0.9495880504312537
Human,34304175.txt,7.791203861978844,221.50629082515565,0.016647908112192505,0.8682353394501319
Human,34317538.txt,8.486043612156763,358.55325692042936,0.023347489384491764,2.41082662039498
Human,34319869.txt,7.700383261267872,207.99186051138287,0.013149043163505014,6.959897859195421
Human,34327438.txt,7.891717416073802,237.48908789820044,0.0391107348712426,3.084948450494596
Human,34349255.txt,6.696378042136109,103.70761648830891,0.006637082636738566,0.4213851619388483
Human,34419403.txt,7.208918998060089,147.94519163569564,0.016136974137835467,0.4744989866584225
Human,34452806.txt,7.947036153664279,246.772214769049,0.04196483151908657,1.0086638811455308
Human,34465087.txt,7.97983836493648,252.44728735724772,0.018223678427787403,0.44595036914353214
Human,34511655.txt,7.595356388409651,193.38825767996548,0.023001102268250393,0.3418180996604803
Human,34544955.txt,7.7032451616042605,208.40486724901163,0.05227128075096972,0.7964221090813667
Human,34554248.txt,7.8972343986371065,238.39900407299947,0.01988468185543707,2.00777721162777
Human,34583750.txt,7.067963343576663,134.1741876853149,0.012343711350613911,0.6594913740688595
Human,34594746.txt,7.938738300125957,245.356945318805,0.019078202859488334,0.6257654522567829
Human,34657584.txt,7.518725092665631,183.38414384153668,0.06676978407405365,1.5794402634237985
Human,34689720.txt,7.503440483823208,181.45153910214006,0.034624274288792195,1.2253233253192035
Human,34712719.txt,7.921455398488264,242.4352041746116,0.0408275929467532,0.6807703266847344
Human,34740556.txt,7.559890545772887,188.69214359560607,0.01974159641583463,0.6287039230136958
Human,34745915.txt,7.549839536626248,187.38212639457979,0.021815744402413413,0.538001488743354
Human,34758680.txt,7.491873077373424,180.00249298200873,0.01611930449096771,0.6217747800554803
Human,34783330.txt,8.003629857966091,256.64491357804025,0.025829079526363444,2.4456334271914018
Human,34792238.txt,7.951023960930738,247.45527066338636,0.016465394559223575,0.45936376598738565
Human,34797369.txt,7.92355169785873,242.78772924819788,0.03764438987051448,0.6682692070286164
Human,34816637.txt,7.349776758539652,163.11851751680948,0.035879046934473094,0.8728339263698087
Human,34875813.txt,7.8668912448323125,233.4372924274905,0.02289197648133016,0.7652864498390783
Human,34953092.txt,7.3493791286509245,163.07356563258264,0.010888746367689835,1.0803658728723777
Human,34962725.txt,7.426525092155263,172.03104057411,0.019059783073542367,0.6366982210497862
Human,34970271.txt,7.488231723351523,179.5487405955703,0.012829840247270486,0.43419915924071334
Human,35121930.txt,7.768159215886741,217.99620592691275,0.028734785935581764,0.5599500476648246
Human,35157762.txt,7.260035000817564,153.28099285305817,0.10285152914327313,1.2465714944175865
Human,35164503.txt,8.027421940894857,260.91244349269607,0.024387823200680912,4.338695121877207
Human,35172961.txt,7.87916567542699,235.4318466566096,0.07260743961741335,2.703557822234259
Human,35302620.txt,7.603881589158034,194.5344143300664,0.02298078628942572,0.927407575606629
Human,35325329.txt,7.824192571199295,226.62961227584012,0.025298652087847744,0.7095944288178873
Human,35344611.txt,7.768625783763022,218.06671734633846,0.03394612702770153,1.4193678239112741
Human,35389360.txt,8.189852975200516,292.0057514908337,0.05025721184788785,1.4175141625607004
Human,35421497.txt,7.479541555872545,178.470467853664,0.013137384169412873,0.9237769926373504
Human,35422305.txt,7.732189866270169,212.62830733175858,0.020337340742818785,0.8979879624118926
Human,35468363.txt,5.837573811604939,57.185354696286744,0.04449205370023437,0.34236587718638484
Human,35474904.txt,7.955722856624756,248.2625529446783,0.020345905387430353,1.225598330107424
Human,35483925.txt,7.6260876694986335,197.5518668481308,0.03317733528879487,0.9467351702270868
Human,35492909.txt,7.043058781363188,131.87787920417398,0.04378808271864697,1.5751613277085559
Human,35554162.txt,7.68301902419933,205.50348137948592,0.014618462713227962,0.37326222980396245
Human,35564026.txt,7.604332864687019,194.59527428302388,0.02640946495540258,1.1047825208109
Human,35571205.txt,8.206586231547375,295.41232975758436,0.01660494895443364,0.30047120055605936
Human,35579812.txt,7.48840510689836,179.57032011675918,0.029615924898551187,0.38171394651883916
Human,35603950.txt,7.89456526953722,237.95834999262348,0.02044332630665207,4.036550724520558
Human,35651876.txt,8.120727219589956,278.34439456778085,0.03187547420663032,0.6455289011185451
Human,35673335.txt,7.7430254764871025,214.23130119449704,0.012569174014762062,3.792073190679142
Human,35737840.txt,7.616677521022384,196.26750476331864,0.07225212563378185,0.45192856451447294
Human,35971546.txt,8.084770514313266,271.4928727017336,0.01961721526344128,0.7518557019960213
Human,35985133.txt,7.6870798887627485,206.08274267905574,0.029747588109788944,0.8809604168778372
Human,35990852.txt,8.031701671185338,261.68758497029995,0.026279355388510253,1.5629933786571617
Human,36019469.txt,8.052675517093192,265.51977781973477,0.0182843979870257,5.004193900663977
Human,36024962.txt,6.792492247206425,110.85209664383348,0.044396978636684646,1.1250682650469226
Human,36074301.txt,7.557711892283656,188.40740944265005,0.06752765407732238,0.7913254409583254
Human,36094883.txt,7.692092033081127,206.79995092709513,0.026003322106001193,1.86985570075773
Human,36102323.txt,8.251920089962582,304.8424679231805,0.014494475575057354,0.4526919143541963
Human,36107065.txt,7.877728223257107,235.1973872115107,0.09110092807563329,3.603443093120694
Human,36136569.txt,7.860419937718181,232.39253842249045,0.021240005086618996,0.8683191387256309
Human,36139251.txt,7.938909822511887,245.38611760350352,0.016143107174484733,0.471856608942355
Human,36149549.txt,7.928868278075311,243.68409454855978,0.010342055027638622,0.9839067458090152
Human,36170003.txt,7.5321082730245035,185.09322426822098,0.015564929269087445,1.298251773310009
Human,36206485.txt,7.793497122979345,221.85866999425633,0.021440460510982483,0.42098443178162925
Human,36252245.txt,8.161925325814773,286.4074729731207,0.018466809973869847,0.9307701998906399
Human,36269672.txt,6.826054490609236,113.4611428447585,0.02352628032024661,0.5413030383395637
Human,36302399.txt,7.931961978227016,244.2072088513633,0.04366419313126104,0.8824676286170665
Human,36331163.txt,7.100558723008718,137.2401429030867,0.024150087587630636,0.39556646254617334
Human,36366044.txt,8.313632670714147,318.16529582272267,0.014802051076987234,1.5736551331742474
Human,36379931.txt,8.009448562009267,257.68210875189646,0.01782203019976316,0.4998716501409686
Human,36392131.txt,7.886253159913034,236.59129125294672,0.04412592409110468,0.8423794974520062
Human,36425270.txt,7.672271785881974,203.97828801351554,0.042439958365324666,0.8545944871131421
Human,36434348.txt,7.552368090538856,187.71083152514169,0.03511224779178816,1.5805803973048196
Human,36517781.txt,7.692116057884875,206.80339473847846,0.01183592887663788,1.5764044587069803
Human,36569713.txt,6.8939615624271475,118.92939763842242,0.09072004049250293,4.130888502043908
Human,36574147.txt,7.756800864284259,216.28665822384153,0.0244893566659094,0.9502579759143592
Human,36621169.txt,7.311392197958896,158.83578789227616,0.00777105866141046,0.7254241610306478
Human,36625776.txt,7.795666403854566,222.19251447742977,0.02213884729699053,0.46081869359137695
Human,36671891.txt,7.996160290500448,255.31956602732797,0.012691266875791012,0.8392804276212978
Human,36694627.txt,7.931764340366153,244.17375667802565,0.04158175835051644,0.6337063536144542
Human,36727173.txt,7.789726457804451,221.2795715235408,0.04736590958427361,1.0795763485316265
Human,36758947.txt,8.240963499318744,302.53610165083353,0.02130128858209174,1.2548826473011916
Human,36805025.txt,8.328487340895876,321.4581996780122,0.022509875077346843,1.4630354754061479
Human,36856210.txt,7.629772727052747,198.05711606470595,0.01974952523466726,0.7230942096795274
Human,36861863.txt,6.887239862888548,118.37657928633274,0.022323370408663903,1.0579480899593412
Human,36868767.txt,7.705046426733119,208.66523195086992,0.05575512456856154,3.0576283978252357
Human,36904300.txt,8.299368465518741,315.03503419329377,0.01245970213110223,0.7922689858997204
Human,36905896.txt,7.972708027226634,251.202676777784,0.022026455023197677,0.7326225016779591
Human,36970996.txt,8.291967233119484,313.4229978255968,0.017817319646455502,0.5166726805340573
Human,37001381.txt,7.839016355714829,228.97025065850195,0.023507795749270657,1.0636434494785785
Human,37058472.txt,7.434752505089665,173.01490330583277,0.014717701235473422,0.40609096657223553
Human,37087371.txt,7.757332041051473,216.3663061029175,0.028215071853673133,3.0129714947618167
Human,37087824.txt,7.586884852112385,192.25600523188123,0.019747263529858134,2.537067760111737
Human,37201447.txt,7.575488977616555,190.74335362914394,0.014734951636827965,0.5308925131153129
Human,37220856.txt,7.913707669512202,241.13674010073308,0.03844654968343342,1.125155143563048
Human,37231163.txt,7.462531676777591,176.37859481041326,0.013831048130173867,0.3736886942817585
Human,37242217.txt,7.892659707411684,237.6442537522343,0.019049125789790997,0.7893778871620483
Human,37263609.txt,7.14967245477763,141.99265117256974,0.024042122830915596,1.5988059074677234
Human,37292350.txt,8.362694634597453,329.1712749492545,0.0758596395356207,1.5747739237771667
Human,37333719.txt,6.549767600580786,93.68639166494015,0.025493666568813137,1.2424598324922271
Human,37335325.txt,7.994743288726608,255.0689166154238,0.01897622832729506,0.8293652168471832
Human,37348041.txt,7.655615038564673,201.6367839118052,0.020403266417920063,0.6345710836193129
Human,37360517.txt,7.648228091599247,200.60699352808194,0.025505292987337592,0.4639856785573416
Human,37370455.txt,7.599719821126193,193.97404608744168,0.032087713102661765,1.0251532329945416
Human,37374340.txt,7.6265543827996485,197.61578541463527,0.015063937272149849,0.5376028553138267
Human,37375999.txt,7.786893065700008,220.84541426724073,0.02541598627653773,1.4085663346752613
Human,37391947.txt,7.502778485851163,181.36829698073439,0.00901418842474237,0.7201777605707104
Human,37402097.txt,7.12403030768572,139.49120071999675,0.020355893789836176,0.7035334498712842
Human,37472265.txt,7.161090874384218,143.12093173033534,0.02596123803462965,0.8616014116156304
Human,37473139.txt,8.01428253147498,258.54696000260725,0.010444868555539857,0.6008876068544073
Human,37521676.txt,7.768316178116604,218.01992475248582,0.017339311538175795,4.8331382191024
Human,37540732.txt,7.217114696061808,148.78803412710326,0.06584923241779923,0.706623276733607
Human,37560528.txt,8.037711297082998,262.77993260067666,0.017095992655063973,0.5588001159566406
Human,37640804.txt,8.192514064263051,292.54486085070573,0.021969707384274766,0.8404035545618398
Human,37660306.txt,7.827397729068978,227.13366278291423,0.023518117314859647,1.3258782911502394
Human,37664296.txt,8.34443069375294,325.0303650058939,0.02039353919799811,1.4170996233556783
Human,37695494.txt,7.120694870689254,139.1690767234191,0.03480740392038357,3.2827173803456113
Human,37735467.txt,7.830619467654129,227.64145059666842,0.0071671265828495674,0.454274520817668
Human,37739183.txt,8.125266403011082,279.22153487239206,0.0193324859368554,0.7676934195712227
Human,37750854.txt,7.738434019799954,213.5505820283342,0.03109427002161999,4.458481022647649
Human,37751611.txt,7.8473185414358095,230.2916898033108,0.04290472997498821,0.3868938154841615
Human,37764298.txt,8.028429664540475,261.09475470903544,0.02526363379493516,1.096218030501521
Human,37792474.txt,7.622512946194205,197.0629769176257,0.0794503427394073,0.9568200189139997
Human,37818861.txt,7.0910534068879345,136.33889704790911,0.024412893850907228,0.532504140332618
Human,37913536.txt,7.404296792976019,169.40079006013605,0.031187575878259932,0.6643256472883324
Human,37931076.txt,7.318114439203493,159.5776105736946,0.019165003793848612,0.672412592420966
Human,37997506.txt,7.882996643026655,236.05784890750752,0.01473985837580112,4.081499945362989
Human,38007664.txt,7.629413894062384,198.00786061736596,0.03140453087761907,1.3657013453249818
Human,38047274.txt,7.6977941520981386,207.61892604525897,0.026800380189159062,0.43378979444926236
Human,38056161.txt,7.4769469447164,178.1497865540923,0.02787102252862382,0.9544833079921596
Human,38059130.txt,7.643267782821287,199.91844610795533,0.02731581673821266,0.7390231363499539
Human,38087844.txt,7.859054359689264,232.1726721377961,0.0313675985588894,0.6876104403285478
Human,38108845.txt,7.8495470528527855,230.64769313181873,0.019433454041422587,0.4735972928981512
Human,38115035.txt,7.879824141351596,235.53932552573332,0.025895247237011677,2.4549590992183075
Human,38154903.txt,7.102185613558312,137.39499241952353,0.02675997746049545,0.7085799819880424
Human,38165833.txt,6.667388845749521,101.6445354483523,0.020252192833191743,1.4301550446299147
Human,38216888.txt,6.460522756444304,88.06658125548216,0.03336427318701011,3.963313901341193
Human,38220146.txt,7.805462389865598,223.70634869741815,0.015913801951179002,0.6123930428698638
Human,38225199.txt,7.8940051716996,237.8659852965576,0.04353588186708289,1.192841897593382
Human,38291889.txt,7.895742803557851,238.1526519259295,0.028579990297378906,0.6956352045484061
Human,38309905.txt,7.381036004053489,166.6914161819401,0.017397863054304748,0.3492990130762795
Human,38314236.txt,7.329115960288376,160.79914890809994,0.015101893817725644,1.0696433552768467
Human,38355831.txt,7.128740554364458,139.9473689982636,0.08238818736584996,0.48259704167679907
Human,38399177.txt,6.913870904238636,120.58201261362005,0.012411996067422718,0.38362355284541066
Human,38441665.txt,7.5323235352788735,185.1208437971182,0.025066537351950663,0.955606083400646
Human,38457612.txt,7.971874795242333,251.0576359571249,0.013722546755065805,1.351889728087071
Human,38535335.txt,6.6480650515559985,100.29216203150092,0.021173033294214653,1.6248273630653396
Human,38565119.txt,7.369307135069995,165.3417366626923,0.01477271055463859,0.5146555879790132
Human,38642923.txt,7.39196754276841,167.9592618584979,0.01951860753693958,1.6346895417018492
Human,38650096.txt,7.111249181449441,138.2608779349536,0.009951527426465646,0.6582007919323386
Human,38663892.txt,8.084339287296153,271.4117345796784,0.025344596783933734,2.0417029526371517
Human,38688388.txt,7.65823229066624,202.002913456351,0.0117996713164431,0.38692200178126157
Human,38698573.txt,8.066951926419275,268.160312732778,0.011469911855676937,0.575078658989062
Human,38707449.txt,7.4333261562148305,172.84393324348463,0.016006664063073668,5.353187464503825
Human,38744475.txt,7.27687229109284,155.08037204714608,0.014890781525057744,0.5860023011190185
Human,38750659.txt,7.455980364153708,175.5794711934111,0.05602919019202038,1.2071207411605251
Human,38753827.txt,7.983897494336434,253.1585666556322,0.019337829644370225,1.5210105748853116
Human,38847011.txt,7.843175211169045,229.6312552364898,0.01997497582350974,0.8911461624517322
Human,38860712.txt,7.78583535026684,220.68356024529638,0.022610370029907918,1.4406547954603308
Human,38896303.txt,7.364704990265084,164.81514287936733,0.031123032022929247,0.5084002027458712
Human,38897568.txt,7.746323092899783,214.72153692113687,0.01991038911639845,0.733282088638825
Human,38907798.txt,7.45570306959226,175.54572701851882,0.017538351142638058,0.6152127847565999
Human,38946032.txt,7.594839206992022,193.31894373251865,0.015707200291891803,1.196441151430088
Human,38989376.txt,7.999456391752533,255.90355723682333,0.01753763120090922,1.115774366112051
Human,39027764.txt,7.428657275202752,172.28547608728493,0.02596911994732641,0.6251439002056978
Human,39064638.txt,7.893379913727385,237.76291751361853,0.020004537763441153,0.8118182797137086
Human,39081840.txt,7.8793738022599165,235.46581309983208,0.011656228413572865,1.2555001129471304
Human,39082090.txt,7.781966875182816,220.09260701170322,0.030370270203895152,1.0044675354940042
Human,39115899.txt,7.700236870509883,207.97075657706813,0.08044842176225074,0.9357645960968729
Human,39142536.txt,7.7720143943670035,218.57951573179713,0.020101743940398174,0.5702740609266482
Human,39166680.txt,7.853935420815815,231.35034190903096,0.02287174178192842,1.8280221105229897
Human,39237915.txt,7.8097441788208375,224.37127522676846,0.025934874104970702,1.1961967397271518
Human,39247950.txt,7.6017059285641055,194.24126721790986,0.0224681745035471,4.086658741933817
Human,39252859.txt,7.625246582332189,197.4367282293008,0.015215169416030511,1.016821814695927
Human,39295103.txt,7.576564554785648,190.8856121702883,0.03463594940574477,0.5258251600664179
Human,39308779.txt,7.512250085622471,182.5629356608171,0.03482349265463624,2.121049122300132
Human,39413067.txt,7.485805650736488,179.2470606015751,0.0226350587582037,0.7999746522177519
Human,39434376.txt,6.678898363170769,102.45867736952775,0.05717612314861815,4.0095059844969
Human,39441617.txt,8.020552659503462,259.6730818796597,0.046657567164664765,1.6947652427537412
Human,39470264.txt,8.069754407453775,268.6817289450036,0.05335215459164499,0.7795485826793941
Human,39566718.txt,7.905982341769279,239.848954689451,0.031582905384775845,0.868193936453268
Human,39569771.txt,7.874825587296301,234.72465661896788,0.013570415372243412,1.8284049273137404
Human,39581020.txt,7.138223436432219,140.8702774997625,0.021910632569114245,0.4929928811116373
Human,39608848.txt,7.761792603048025,217.0363082988716,0.04359395136150202,0.9103637609600164
Human,39650734.txt,8.110556608723044,276.38904212215994,0.02278736644452772,3.9350140658043626
Human,39674178.txt,7.48205029382505,178.7810845386986,0.03197405894442239,1.7632509717562856
Human,39674782.txt,7.706342982088124,208.8528444559382,0.045098109791657,0.6673216062083314
Human,39675895.txt,7.651878833615195,201.11527266253512,0.0482903150114043,2.2875982044305347
Human,39718499.txt,7.02191553757565,129.95925223826876,0.009335240911224821,2.260952603153379
Human,39776400.txt,7.331725056543766,161.09021530887253,0.00959207301289072,2.1799192666325617
Human,39805617.txt,7.993059992495783,254.77148288857143,0.05580330826304398,2.4538751186716667
Human,39835894.txt,7.514860523211366,182.89356725828063,0.02057512570237347,0.8031899820130036
Human,39855211.txt,8.06156671198213,267.16120421275843,0.016547562307681757,0.22665392597094736
Human,39875803.txt,7.731648622442855,212.5485523102271,0.012020095823099033,0.4599690222391318
Human,39908485.txt,8.472436886791822,355.1874721158259,0.03420858690385062,3.307199751467672
Human,39970711.txt,7.668677055842213,203.47067267577256,0.032594958045133446,2.099767375609284
Human,40018190.txt,7.5608239460107685,188.8142638456345,0.008631207389873361,3.1297684002202932
Human,40088790.txt,7.63708341159171,199.06329399808442,0.03511397935624694,0.9305103111930062
Human,40311088.txt,7.319014627522513,159.67721216819444,0.028977181291896314,2.393331394611207
Human,40792022.txt,7.565242172565061,189.3933903232771,0.01884446756488485,0.57257739102246
Human,40882926.txt,7.462124588567477,176.32883272267253,0.01208311091629343,3.264584538094658
Human,40883703.txt,7.225634727684589,149.66932180329425,0.015744551020748242,1.4369776583419196
Human,40987524.txt,7.656447011125373,201.75309723290337,0.01725595832427274,0.38397260054113075
Human,41152404.txt,7.815849323967374,225.3227733824442,0.027052129261513347,2.2624542254654236
Human,41344156.txt,7.791634049903947,221.57235020514506,0.022411373477048697,1.4143004918062285
Human,41506705.txt,7.684924199521773,205.77504174284246,0.031299192025531164,0.5906122157726015
Human,41523474.txt,7.56253826522973,189.03876057124936,0.01963210335392425,2.955202977470644
Human,41586420.txt,8.167253171354881,287.4671257965141,0.02295457581058726,1.5706188261630603
Human,41590605.txt,8.197277448208458,293.5123601983418,0.03153611552816981,1.70171194849325
Human,41651672.txt,7.290408077904626,156.54222851215636,0.011517094807205587,0.8795565241066942
Human,41910253.txt,7.279735748903356,155.3884808798478,0.025729646468580333,0.38629329979077
Human,41950126.txt,7.872620883888791,234.36622810794907,0.011090744837618021,1.3343598022313685
Human,42156237.txt,7.238792594108159,151.04060036511885,0.01106597284793545,2.360258980828982
Human,42164460.txt,7.437692177240411,173.3678022941793,0.026936405766869422,0.3185227552189662
Human,42304307.txt,7.618679922679207,196.5401051606171,0.0370180677226358,0.7399426445346761
Human,42332765.txt,7.4863011290679315,179.3086316783998,0.012511073514292655,1.4491285578235904
Human,42384185.txt,7.645438669336971,200.21949861041736,0.045922956461983654,1.5250207092683317
Human,42427521.txt,8.10945727019673,276.178512954499,0.032695473445534515,0.9922553373844779
Human,42487883.txt,7.622610651704012,197.07632332145977,0.014683869905438258,1.1815079767135859
Human,42546558.txt,7.82519587081951,226.78727309731195,0.02119607489538943,1.1025180703180075
Human,42641525.txt,7.923151023797275,242.72031012245068,0.02023262274271733,1.1907149104602104
Human,43311839.txt,8.244249892614938,303.2260505863059,0.036691450047264394,1.927704954391945
Human,43375498.txt,7.761874202863971,217.0485843677334,0.03834231841324641,0.7091783959509602
Human,43378989.txt,7.0096821226381945,128.86191438642285,0.09463068205053426,1.2099019878874389
Human,43408471.txt,7.8365265659317,228.5754366948239,0.02437183586692602,0.7067533242231598
Human,43622023.txt,7.88595557786668,236.54249503620184,0.016478170434487616,0.5107567744439502
Human,43685045.txt,7.499350558038112,180.93786686335844,0.025340669871951573,0.3818365561608212
Human,43720116.txt,7.452663069498498,175.1762122203644,0.01844908676444719,0.45597817434219035
Human,43752620.txt,7.8922691126912285,237.5799227439555,0.04832908435181627,0.45432684927647665
Human,43852883.txt,8.064437038665968,267.69326625936196,0.03604994394911298,1.985173824326014
Human,43994605.txt,7.725571376215271,211.65509038579376,0.037549065948954685,0.37086911381218207
Human,44115326.txt,8.338956958223323,323.7995023714929,0.04490784533114689,2.0009120570844505
Human,44145704.txt,7.391793745108551,167.93902946867945,0.026384727298138008,0.8638675936071242
Human,44147689.txt,7.140067665293918,141.05047022730813,0.03101251227865626,0.7089789658019793
Human,44185767.txt,7.883840481654044,236.19596056094267,0.04053228130234312,1.9720102546136442
Human,44476983.txt,7.688431167845869,206.27585747275828,0.013040097300154516,0.7623818475973172
Human,44624796.txt,7.391443871774603,167.89830688884473,0.013225644206524313,0.3599028528880318
Human,45077654.txt,8.008178722619427,257.45540045956534,0.030429204586774516,0.998823850964328
Human,45167858.txt,7.346171116876698,162.71135414704213,0.010509706300055046,0.4339661907948463
Human,45286020.txt,7.503092850125103,181.40782156750666,0.13647652306396535,0.4117649679510128
Human,45462344.txt,7.412632635932995,170.38241524032435,0.028385564261369893,0.7929612852340189
Human,45475027.txt,8.173879327525201,288.7904706503759,0.021549049025366744,0.9412850637356776
Human,45656814.txt,7.424091884484268,171.74114253916875,0.014916658025758773,0.356649511328854
Human,45900271.txt,7.49051051101357,179.8325682580719,0.017875480704227658,0.5454960427819876
Human,45907524.txt,7.970516472919363,250.8213720931812,0.01981358685347483,1.6987316239081331
Human,45987048.txt,7.849819973621731,230.69132986617944,0.01059279660404157,0.22597253572160364
Human,46055835.txt,7.785681096164508,220.65996584473257,0.012970118880992835,1.027264873255495
Human,46258701.txt,7.747769857327474,214.93697212304303,0.016929408055337252,0.6184114322902492
Human,46260230.txt,8.317047672129029,318.91931651836836,0.02082772753666077,0.5136432024638364
Human,46349752.txt,7.9187655789972125,241.9836191969979,0.02359434996422052,0.2847384366024046
Human,46514339.txt,7.71358102341281,209.90329788501703,0.018403543867623443,0.4415612992709354
Human,46772262.txt,7.607088176872984,194.9672746301305,0.04760931880254233,0.5195647390836574
Human,47067533.txt,7.440353020985564,173.68784934915226,0.06088258784526277,0.6840354692866243
Human,47133747.txt,8.109368199914075,276.1614625466409,0.02210612547207975,0.7783561710425934
Human,47276718.txt,7.942112747402532,245.93150410197197,0.04905137899520657,1.7786895826175917
Human,47317494.txt,6.0836620632704985,67.82108987194904,0.06372009511727639,2.070002082666486
Human,47410104.txt,7.638969737338759,199.32373975782792,0.0255661176087003,0.8213643163362643
Human,47470864.txt,7.756257497489676,216.20521283440647,0.025052778131449287,0.5345933760477135
Human,47487091.txt,7.988709884073831,254.00443626014666,0.013497035669552886,0.7106903031053373
Human,47549345.txt,7.586871994090372,192.25429175754238,0.034285510858839616,1.9494587847766311
Human,47603843.txt,6.988198126350406,126.95717545783194,0.021911614441439013,2.5565212739410517
Human,47729453.txt,7.428395112549174,172.2541716793841,0.024234460597269015,2.763179083697216
Human,47919212.txt,7.799423981659722,222.77198128114372,0.05820455795930107,0.5640997222052115
Human,47996197.txt,7.398069704718725,168.6711830794479,0.017223426511593656,1.2434026187419238
Human,48037995.txt,7.785223967275978,220.5900591333079,0.015722874216991634,0.5703061810167973
Human,48285304.txt,7.4881586918460075,179.53965178429698,0.015090261891321382,1.3708786809955138
Human,48533663.txt,8.063918616227141,267.59708982531646,0.01292931138223831,0.6630683798873351
Human,48547319.txt,7.309109543002529,158.58467410206674,0.018944557934064785,0.5991097436266835
Human,48549972.txt,7.1706163272674805,144.06901997424404,0.03571412558971072,1.152938058957169
Human,48580330.txt,7.747721155334818,214.92971647867057,0.06702256262894465,1.3242133805924228
Human,49119887.txt,7.632268242547287,198.40000371962077,0.01111785667432296,0.7649139891855915
Human,49127329.txt,7.921902292008542,242.51031325919084,0.02110911531734753,1.1047039559812097
Human,49204385.txt,8.223089193188462,298.8109471846033,0.028588155435776773,0.959872341999431
Human,49285644.txt,7.897019917554862,238.36356465280753,0.04265658678265779,0.7910882407650708
Human,49325370.txt,8.225555485631478,299.32220246233993,0.019354675433957393,0.4967755465238332
Human,49475708.txt,7.7271040497357735,211.88006553266368,0.025627880435790666,0.749517455042121
Human,49486820.txt,8.016624755542177,258.9670534654876,0.013750200863012327,0.7166649222510133
Human,49646155.txt,7.650278109801731,200.89225153439693,0.03417910537238527,0.7467612707759137
Human,49685006.txt,8.047687072967358,264.6032686174232,0.0134540679340641,0.9443743870796049
Human,49777184.txt,7.992892281733598,254.74186787296463,0.019784986687744654,0.46111651144874344
Human,49937469.txt,7.894256351816927,237.9074025093715,0.020744929912874577,0.6236733187113809
Human,49997097.txt,7.723713762101044,211.3827386720683,0.02684814974101959,2.0139915822065473
Human,50219114.txt,7.634988988908419,198.7745148863385,0.01463135226245247,0.33784174609432144
Human,50222417.txt,7.624663176515597,197.35690370244097,0.024461725403817563,0.9660060879199927
Human,50324968.txt,7.360384055491368,164.3222527969566,0.011361436135071873,2.069720297947261
Human,50328713.txt,8.065872892153973,267.9598226939683,0.021034167713048387,2.492055490409348
Human,50432401.txt,7.681406776096067,205.27395432980074,0.018010998098266312,0.6131786140812061
Human,50775901.txt,7.923260534395329,242.73873498315507,0.03371054899836217,1.5382703344211424
Human,51018476.txt,7.142377777218558,141.27650787245017,0.05972291378988444,1.756696417219759
Human,51209395.txt,6.49719873625018,90.33409695655435,0.009362432485858224,0.38837158856461884
Human,51349448.txt,7.356102190174786,163.8352734774021,0.011253105004063377,2.038851384983025
Human,51363762.txt,7.960368437921865,249.06326461791363,0.04270363169527476,0.9369451031140483
Human,51415089.txt,7.885311240888127,236.436873929934,0.01974849190744485,1.7926641757668027
Human,51432451.txt,7.7595323524601625,216.69654670262796,0.026732408840626918,0.4061030462364613
Human,51508889.txt,8.43210169020817,345.39459351337126,0.038412957338878,1.4151943867262067
Human,51554903.txt,7.717804869743175,210.51874216543501,0.020603199891146753,1.2120872909437812
Human,51588273.txt,7.015234258239115,129.3587881349533,0.01968011276910016,1.0938122557164094
Human,51638201.txt,7.678451409731091,204.8538802498863,0.030592127489589862,0.8926039715937149
Human,51639418.txt,7.592828650853192,193.049719904618,0.051776516264099307,1.4453421335967749
Human,51681660.txt,7.944351711559373,246.31346931271332,0.02279376266471765,1.677272358079841
Human,51724595.txt,7.952093437723069,247.63877845827795,0.022480493090753274,3.3511520170897295
Human,51769822.txt,7.720031102863548,210.84384592491554,0.013217960786358809,0.8159434032851041
Human,51777546.txt,7.883107386657997,236.07596978962542,0.015005180972365901,1.387195747454092
Human,52246737.txt,8.007557667206807,257.3445941875907,0.038823108648646666,1.8251937389691395
Human,52252936.txt,7.927277641866384,243.415569925122,0.044944866681758455,1.4482816733924666
Human,52618188.txt,7.867981696889341,233.61380124853557,0.025470281514560728,1.312027342106436
Human,52684666.txt,7.426758019956693,172.05881778681146,0.06572560842121611,4.290324211539203
Human,52979663.txt,7.841271737134197,229.32848237317185,0.030377681872142417,0.7861316328230826
Human,53129155.txt,7.4924826657344745,180.07856630772585,0.014829169665039051,0.698482970470326
Human,53169257.txt,7.889679974185549,237.15393134008312,0.05613480094321244,0.967565312900205
Human,53227466.txt,7.686576619968506,206.01086544745252,0.019411528384117527,2.1895589149512222
Human,53265899.txt,7.94563793970825,246.53316687754577,0.03390929815827969,2.6315525059510425
Human,53640713.txt,8.126762419864654,279.51122657062734,0.020330536371272172,1.5087907088080978
Human,53701275.txt,7.724836367726929,211.54728612935665,0.05709583952971276,0.5606314772299901
Human,54067174.txt,7.511635451685695,182.48517461382593,0.015097968632571308,0.6433426268936615
Human,54100393.txt,7.218755335845506,148.9573328451195,0.02129827606652922,0.40115595268951176
Human,54101961.txt,7.181953394867661,145.2056112425941,0.01240229032847574,0.2979340376573747
Human,54180474.txt,7.678259134740024,204.82658019529293,0.04507716566637748,0.5240504999014577
Human,54201930.txt,7.673783724646572,204.19216851556794,0.0318000324474588,1.099039659381084
Human,54227873.txt,7.982354656822055,252.88798018380365,0.02058956137433003,1.056039462219312
Human,54232810.txt,7.916369559495031,241.58206775425788,0.029955849859269246,0.8361534761190701
Human,54246169.txt,7.776797458053224,219.30538967327092,0.03772273695908865,1.8960006207828202
Human,54259150.txt,7.905429465635716,239.75705629574097,0.04212361288552186,0.8290876243672094
Human,54308684.txt,8.061303062585406,267.1123855417158,0.015912254657878853,1.0592829278604092
Human,54421668.txt,8.082279794275047,271.0245621190858,0.017302512150630795,1.6868787930805298
Human,54934269.txt,7.326276476753801,160.48297848041955,0.05638760128369226,0.8608571442938341
Human,55097118.txt,7.847914082030578,230.38677321116523,0.0422435586384001,0.7849479533538058
Human,55104715.txt,7.235346600049668,150.68025817150183,0.017884693174421876,0.7514809550614576
Human,55477468.txt,7.653847940784265,201.38995850770038,0.017011423157581064,0.340695728314263
Human,55500538.txt,7.304072163028339,158.03191817795803,0.023343004353121734,0.5244589107072447
Human,55595908.txt,7.849185831931515,230.58995096139063,0.07485289655700525,0.831950833733712
Human,55712978.txt,8.023818748902775,260.26161668220084,0.047171652988233045,2.2414962879258082
Human,55746506.txt,7.782116689809027,220.11546340394,0.023692825094164198,0.9280298343952054
Human,55953734.txt,7.542560843832749,186.43912589674787,0.01876455853058716,1.339438746608
Human,56025640.txt,8.004425782779082,256.78654185470367,0.022876099980001587,1.1151007643645796
Human,56068028.txt,7.949597978574317,247.2108028390319,0.026550485225459275,6.33750632194001
Human,56151548.txt,7.747530562010281,214.901324155767,0.0120657121245555,1.0847357701353104
Human,56286525.txt,8.058469771086445,266.58832149928605,0.027878802879083668,1.859943550787909
Human,56520872.txt,7.23063456074524,150.18891866929076,0.013386271039376558,0.484423815826671
Human,56525735.txt,7.338508700683232,161.84945537905816,0.01924515724143751,0.5029300952423379
Human,56691064.txt,8.074633517379816,269.5919330385521,0.03613873853164306,2.570011599908736
Human,56792999.txt,7.5995881703751405,193.95634611412555,0.0216655779716276,1.1557347910112223
Human,56952849.txt,7.693340828601664,206.97903427329857,0.023457462684862748,2.042331509846308
Human,57002858.txt,7.258951738789731,153.16594348202946,0.03744966235935973,2.2367834587147333
Human,57088974.txt,7.471587926159502,177.48926093724907,0.03086375680129814,0.5346926527369801
Human,57262959.txt,7.443197102186771,174.03058954270023,0.02417266307718137,0.5690261751011813
Human,57364820.txt,8.066248388703286,268.02957484615735,0.022186725389586895,1.8185349104624928
Human,57575888.txt,8.024907011913282,260.4580129644566,0.029986788342648067,1.032349978053853
Human,57601040.txt,8.034925869696195,262.27306991764885,0.026780532720806254,1.0275891014407144
Human,57667857.txt,8.04675795907955,264.4329156200785,0.017601651410773994,0.3314692822958738
Human,57706851.txt,8.291571061859308,313.33694212198685,0.022152774146414707,1.5558011759515065
Human,58048626.txt,7.846404640461358,230.1458536100746,0.013420960709081489,1.2350951479671788
Human,58105060.txt,7.359158357693048,164.18270571016834,0.023614451827429047,1.0173138206475658
Human,58165257.txt,7.859346458676219,232.219684338077,0.010259272340464457,2.2809494830408252
Human,58208591.txt,8.240994447061988,302.5425915255152,0.02243814244831623,0.7974457883861102
Human,58428843.txt,7.725728393817798,211.67812739811342,0.01919398370513814,0.43544504086610997
Human,58665241.txt,7.638603932543057,199.27320632230803,0.016637063316755654,4.295285308459901
Human,58708773.txt,6.69883140609813,103.88412571651371,0.02941408654931422,0.6860475338512478
Human,58879993.txt,8.089430781408495,272.3712808001549,0.02808371262700426,0.862207916851184
Human,58915642.txt,7.610316131788672,195.4039921234526,0.017788361567437138,4.2540018097519985
Human,59011090.txt,7.38686246281128,167.3659762653908,0.009967523075086474,1.1727462180161266
Human,59346975.txt,8.003756637547049,256.66746773076017,0.020393957488257966,1.9690525306461437
Human,59403481.txt,7.838100283582041,228.82490692319777,0.02308296737828201,0.4122408132563242
Human,59422148.txt,7.594708719629292,193.3014594148631,0.010983929631281775,0.9280859649774675
Human,59450123.txt,7.675130501441338,204.38287387271308,0.020194628692259218,1.113414119120684
Human,59487170.txt,7.401987305437689,169.1298277105178,0.0521048402438548,1.627494916845859
Human,59696315.txt,8.145864367619716,283.2366931514479,0.018255730324768252,1.4651531715399708
Human,59777056.txt,7.952451489613938,247.70024573594122,0.016058117946765614,0.43797944253674526
Human,59818742.txt,7.9769838031312545,251.94828104830987,0.04637625963150265,1.6982624320052444
Human,59938965.txt,6.944990380391148,123.21126716561224,0.005888340282655697,0.26933310030897956
Human,59962788.txt,7.978547441989105,252.22149865805696,0.016583043533436054,1.2559293058142251
Human,60004873.txt,6.973271162520622,125.65037463753555,0.02740702971704826,0.42634128734873905
Human,60182829.txt,7.7940619406233695,221.94554505823305,0.028504217209675848,1.6040088221947821
Human,60489316.txt,7.785750471612461,220.67057706305525,0.020363667814583986,2.0425134225450776
Human,60624892.txt,7.676727367860462,204.60922305257355,0.03541967516299022,0.6070735718011114
Human,61065616.txt,7.6534699258552585,201.33719722690364,0.050021384987886386,0.6028768554895594
Human,61315605.txt,7.873073483085363,234.43976451302925,0.02851951547812006,1.1301599167954808
Human,61319162.txt,7.742732390894893,214.18778421503475,0.032121048752095066,7.147958481344959
Human,61322296.txt,7.710937392619286,209.51901797553643,0.019764023362641037,0.815483073959992
Human,61579998.txt,7.665910509145185,203.08086629231664,0.02948111862700489,2.4471559430379837
Human,61634281.txt,7.5891115527529625,192.55296827445892,0.012861775893115426,2.2404621373127234
Human,61677751.txt,7.634103163522744,198.65250333134873,0.023283292310733773,0.7191428798152288
Human,62071407.txt,7.669901567970723,203.64344520599448,0.01932512781807807,0.6060856129426574
Human,62184086.txt,7.05507403935562,132.98078964379516,0.023915996064419666,0.8510275244021399
Human,62312955.txt,7.0177558039916805,129.58507942475305,0.017269349222908365,1.0203563287458188
Human,62555739.txt,8.088370026292516,272.17109085556933,0.018335802771179483,0.46651770536589066
Human,62700506.txt,7.922066180009582,242.53786363324105,0.02602485322188574,1.062196379592725
Human,62809577.txt,7.340778486919706,162.10429288336337,0.021566812724707906,0.7606963475190383
Human,62850928.txt,7.526628245805952,184.39148766197098,0.016011368210019722,1.6785910738670566
Human,62870550.txt,7.875075849805426,234.76537754415796,0.02457081842413957,2.4536218514020502
Human,62994611.txt,7.595602082858947,193.42119497181457,0.024997951277057315,0.9658844643720822
Human,63083944.txt,7.787178222685128,220.8890699497525,0.02506796320230828,1.059350483961813
Human,63137898.txt,7.4751040593154965,177.92236493627857,0.025235988493290784,0.432826350716478
Human,63145386.txt,7.9452691986039055,246.47016305962694,0.03355600349174882,0.7838622905788797
Human,63158213.txt,7.771754065135473,218.5400773875075,0.05173095528597572,2.41316672546505
Human,63282405.txt,7.671068144013478,203.80817970109817,0.031341707823641145,0.49790089213397065
Human,63391085.txt,7.752262409585656,215.60732904346125,0.012977626626200167,0.7843444977218945
Human,63670997.txt,7.470964902208257,177.41262922777062,0.01755319539844624,1.6104057554340077
Human,63989974.txt,7.288913463201011,156.38013662408002,0.019457836369200666,1.1362801516339531
Human,64017585.txt,7.535288308804059,185.50166281208286,0.024838338254999103,0.6599352604177218
Human,64468610.txt,7.929365012416023,243.768011867,0.02383886353407006,1.0348182222330036
Human,64471954.txt,7.1529612258031285,142.31670717491187,0.009394251918329787,0.6692595420054488
Human,64589506.txt,7.95875996295465,248.78573625962585,0.03883455291423758,4.0005695253956075
Human,64755882.txt,7.726073863676726,211.7288222207576,0.026488716683546444,2.913316303875976
Human,65062795.txt,7.667472247764511,203.30082335148,0.02969844792010968,0.6321104258068602
Human,65219288.txt,7.441137782690677,173.78235348703365,0.02440363616327696,0.44791321290557345
Human,65237556.txt,8.019069827052343,259.4063215129564,0.04308054320328782,1.9921010734754034
Human,65325317.txt,8.026317765683944,260.71282900355,0.02149246734453808,1.4587879152398942
Human,65352424.txt,7.602451526340643,194.3416787968954,0.02595374552817139,1.1727276564118292
Human,65373280.txt,8.014279469711708,258.54641130123684,0.014433365983381486,0.2450478879954446
Human,65456466.txt,7.3075260174807015,158.41070448005274,0.022743796057799213,0.3681160228419402
Human,65708020.txt,7.717570388323763,210.48452930628707,0.03332225398548433,0.5516370394563817
Human,65864767.txt,7.693546472967378,207.0085395427678,0.028882333358617288,1.1363724853317045
Human,66226673.txt,7.048248523893062,132.35313190778749,0.018946098184841265,1.5925535022963142
Human,66683238.txt,7.711189938342907,209.5556977741322,0.019408073515396057,0.45383684766715343
Human,66741193.txt,7.80681795365623,223.91664313170216,0.023595764485428886,0.7571198304699321
Human,66832845.txt,7.613663070729775,195.85784024744532,0.03414523201836065,1.529325950618468
Human,66906212.txt,7.873546427275575,234.51663113920958,0.027285110157629952,0.4088982397439521
Human,67032711.txt,7.6589636302517645,202.1053399386774,0.015058808724341734,1.041424792392848
Human,67406885.txt,8.271628043098774,309.03534538473576,0.03917678065493309,1.4707088752556852
Human,67501448.txt,8.018122776657158,259.23609132900134,0.02370195133367758,0.8768466184304492
Human,67582956.txt,7.4644686962721245,176.61556674498505,0.020771133368358823,1.4145253425953406
Human,67631413.txt,7.631488070772537,198.29274318705123,0.055382988095756175,1.0738983202406163
Human,67645662.txt,7.615109925263327,196.0543613007404,0.024886080468661635,0.49654736057534127
Human,68216398.txt,7.478775338899966,178.37570715174405,0.0311774591190322,0.5537345114948546
Human,68240723.txt,7.730153184398976,212.3283474142112,0.01691881756887692,6.398019434273478
Human,68338341.txt,7.8046825550756616,223.5854590795229,0.01375035749392196,1.719689908590068
Human,68460556.txt,7.068618738245246,134.23515484888162,0.030234743902930544,0.5481118263433251
Human,68781345.txt,7.703403350922403,208.42771977875165,0.016975151167174924,0.5939900909814301
Human,69005326.txt,7.9355420553190585,244.81396653732745,0.02017551214386672,0.736005317967348
Human,69097572.txt,8.151648528330059,284.37454631485485,0.017551524270136898,0.5396442061300315
Human,69155584.txt,7.428216896026194,172.23289438747278,0.009449089389177018,0.46040460858368565
Human,69181350.txt,7.80317803755709,223.35241405619954,0.024009528912274338,0.6810783728595425
Human,69199666.txt,7.9957414241265505,255.24544831407854,0.0264894071336685,0.6661115358398683
Human,69243180.txt,7.5957363225124,193.43919323303342,0.06587683150791189,1.849361677533879
Human,69336473.txt,7.569745603929279,189.9855131965464,0.02591752185756498,1.1109566852886212
Human,69360287.txt,8.118203157362155,277.8578438196863,0.03355852632161891,1.203086871269686
Human,69458502.txt,8.052240935544933,265.4398076145229,0.026420891630523125,0.49124249880681375
Human,69487178.txt,7.555041162932551,188.05895067553692,0.033396381885183096,0.8331600610074003
Human,69532425.txt,6.974860890656114,125.78890705384602,0.017257776816238368,1.966288667623368
Human,69666645.txt,7.636193933578657,198.94060150489918,0.03006681133105774,0.855302916090982
Human,69764348.txt,8.392528146392506,336.04908057718643,0.039454031439782,1.6309677566285594
Human,69859102.txt,7.971316142008696,250.9604380015944,0.01778113121019914,0.4043134606748976
Human,70089206.txt,7.616493502001361,196.2424719949512,0.02123295338301639,0.6172984973024822
Human,70196518.txt,7.284272665765009,155.87790814097198,0.0061489224772917316,0.538161951526653
Human,70198580.txt,7.704886650782322,208.6421239212444,0.03944118324706087,0.6879947427862555
Human,70528646.txt,7.959921817853701,248.98617317939846,0.03603362562838436,0.4251409083449084
Human,70541112.txt,7.95276009637619,247.75323693997908,0.01209688853394906,1.0063617598953194
Human,70603826.txt,8.33833128970083,323.6591073282318,0.018657630453604836,0.9861562978853075
Human,70667011.txt,7.853291088658942,231.24703997915893,0.01574304144686606,1.337535550455489
Human,70750649.txt,8.130210870870764,280.1801369335031,0.01777817425397631,2.388819983384229
Human,70892619.txt,7.122555478940674,139.34867544017084,0.03824618907138048,1.3977995594489077
Human,71422121.txt,8.058065546112758,266.51363727367345,0.02525990376491318,1.1059220653373758
Human,71499299.txt,7.763742164720407,217.32979491723026,0.03664915636707755,0.5315828188037597
Human,71576860.txt,7.77121419702824,218.4583132292597,0.017891069994793844,0.5292163745171484
Human,71767359.txt,8.16157156713024,286.3372525128352,0.0224621610127641,1.8067313150395126
Human,71772815.txt,7.794381315524604,221.9946834284463,0.022226135589423917,0.46020055241524016
Human,71888547.txt,7.870766882653171,234.0652385107789,0.023458514962015935,1.0141421440297764
Human,72136463.txt,7.97522702029005,251.64166806108665,0.014908244706251484,1.4050947058418344
Human,72231872.txt,7.94747627467918,246.84750871746965,0.03248299294021942,0.9566076172178878
Human,72652441.txt,7.6234740928663145,197.19430718903382,0.03597759565857537,0.5244700875895394
Human,72807293.txt,7.583374379340385,191.7887623301066,0.01185860024474457,1.5370323078514836
Human,72876163.txt,7.861067505026888,232.4968734245836,0.01910949134344856,0.9491775478633128
Human,73030450.txt,7.674798772436558,204.335884085415,0.11527122189309522,1.6804344937558502
Human,73075521.txt,8.311050227957127,317.59628525384795,0.05089445631930684,1.1065418831710685
Human,73077810.txt,7.726002402232867,211.7183348535806,0.02556416586152182,3.1429955577824322
Human,73157997.txt,7.717567549901209,210.48411519004588,0.026401952970468674,0.3660242268816616
Human,73282756.txt,8.108512857286774,275.9977809262081,0.01804796402585783,1.0517973732877852
Human,73448369.txt,7.464221448208241,176.58530108660113,0.0147260404923892,0.2798905606861296
Human,73497035.txt,7.584101457853205,191.88544293715182,0.016308995926185114,0.5222222694764155
Human,74126637.txt,7.961842653645166,249.3178996113631,0.016905939879944445,0.9217024513892116
Human,74191424.txt,7.911669626531705,240.7963354654678,0.014132260127633509,0.49587866558707167
Human,74236636.txt,7.809827913831199,224.3842982675084,0.035256544581359156,1.4241755468732074
Human,74512244.txt,7.9534890366504465,247.8784490878057,0.012303248434172315,1.2282466725758714
Human,74522938.txt,7.823860005014347,226.5773762473567,0.031098058553506523,1.2160697384146135
Human,74552449.txt,6.7868883224889816,110.4223440926961,0.023371091628725693,0.7473394239577256
Human,74816727.txt,7.776608158235272,219.27661592298273,0.02412583094276347,0.43139005779794304
Human,74849878.txt,7.076256441124612,134.94768719552752,0.04179513650544289,0.8693198410867381
Human,75057933.txt,7.492625592501524,180.09640744638287,0.023904396826011882,1.142956589353579
Human,75156649.txt,7.032028330517509,130.87342188279626,0.011075507088805262,1.170859257950568
Human,75286906.txt,7.971147621066543,250.93112507108094,0.02082992337111717,0.7000729089008408
Human,75297735.txt,7.774333044067463,218.93109163370625,0.012540744325334469,0.9493430628873553
Human,75329822.txt,7.539182340675704,186.0030335830875,0.016756345443641466,1.4538736219424875
Human,75435017.txt,7.359532016066903,164.2252345789748,0.014836893730950833,0.4348230161080873
Human,75744306.txt,7.758532479795657,216.5464152593436,0.02726588059994982,0.452093719952844
Human,75950464.txt,8.13908921595706,281.9096818093236,0.022974750489728978,0.4523232796401026
Human,76010167.txt,6.8399046999388435,114.55564163040853,0.03360011704047531,2.396122605802556
Human,76196367.txt,7.620196129961048,196.74676850592573,0.012886296884526752,0.3664032666449901
Human,76454959.txt,7.319832854699952,159.76779908209093,0.01621792845533939,0.9193536659579791
Human,76530505.txt,7.472606245121424,177.6145850544612,0.030589299552562232,0.6437351893938976
Human,76916835.txt,7.035654126675477,131.2027479852341,0.01162472301304018,0.5755840956990455
Human,77156708.txt,7.562842513094535,189.0786308852483,0.009742821453922454,0.4797910044243988
Human,77266989.txt,7.707345483678198,208.99802279581797,0.018859007098866298,0.9562669183385037
Human,77439230.txt,8.175399400702622,289.0949105914194,0.014716272247934908,0.47814059027181893
Human,77576845.txt,7.95210883069589,247.6414206780222,0.031197573270915456,1.0777123087644223
Human,77626587.txt,7.00140667933856,128.12486544888688,0.01611672553862332,0.43246822698626725
Human,77638654.txt,7.69317808644228,206.95568747148664,0.01766088033099681,0.6278460750449913
Human,77828437.txt,7.885129283842401,236.4070556793791,0.04447114052335537,4.873796636766268
Human,78016758.txt,7.8023416073517815,223.22295872790977,0.010984249460887033,1.112206424618316
Human,78107631.txt,7.249503865446441,152.1661726470812,0.05549319145619973,2.0332540763603086
Human,78114950.txt,7.776059435955794,219.19323095105878,0.009697974719713802,0.8688691217688311
Human,78149576.txt,5.57033823397537,47.51589286189925,0.034663983569650766,2.133316573687399
Human,78229715.txt,7.5649783431636655,189.35875862717208,0.020754305069860673,1.1757416151576925
Human,78257294.txt,8.247699798103929,303.9520203519807,0.023093038973405124,2.376356543889049
Human,78273826.txt,7.299109139922036,157.48920574052843,0.029680188668004957,0.7958383514196415
Human,78298706.txt,7.582831711197869,191.71663476567528,0.014046658564838556,0.2802515016081423
Human,78357954.txt,7.8475152278747276,230.32308822005666,0.012459092314970284,2.9303814310575538
Human,78403342.txt,8.008248415366337,257.46783774322347,0.021915945594430192,0.469549443854743
Human,78538268.txt,7.782655589297323,220.19769995738383,0.013068319345222673,1.6897795521775534
Human,79041971.txt,6.646991282833419,100.2175443766003,0.00974099502003007,0.47669084959139874
Human,79261033.txt,7.199413482524619,146.97362620300547,0.02751847663847035,0.7129083651766596
Human,79376680.txt,8.082276461761223,271.02393607405816,0.007892312210141365,2.0439950770485416
Human,79432080.txt,7.9681814460993445,250.41574172249364,0.018477529316654584,0.7294894499952068
Human,79536879.txt,8.376203839724985,332.2680674845156,0.02057986785371785,1.0036881270380271
Human,79541391.txt,8.309404056673104,317.23410218292145,0.04111031945643294,0.8992801601965028
Human,79570655.txt,6.232368363355248,75.18476063362644,0.026415688179217377,1.7475631397994909
Human,79663360.txt,7.760675780821044,216.86836069359572,0.01869687944989772,0.8958734963468048
Human,79759716.txt,7.328928103037327,160.77821217606183,0.016488466506537153,0.5688968387246872
Human,80000092.txt,6.547435479128546,93.53506963264664,0.015428044830555756,0.5352617176419503
Human,80053367.txt,7.843480702091233,229.67988484262713,0.0254818107633224,1.3896541371025712
Human,80162314.txt,7.692097330250385,206.8007102395781,0.02182995762956413,0.39875721339880427
Human,80275976.txt,7.790201617095639,221.3524631312547,0.05942182747919967,0.9573355448899269
Human,80503242.txt,7.736959836703018,213.33248197089853,0.032933935246070314,0.9779478314092023
Human,80527194.txt,8.203678019437458,294.81743176799034,0.016250478727481543,0.699289130941751
Human,80679862.txt,8.244081346420952,303.1906275689461,0.022647731328500852,0.5775959364454528
Human,80876647.txt,7.960800220198943,249.1378175864949,0.01760732712716461,0.5786629679642622
Human,81011612.txt,6.65545125424468,100.80694703231576,0.07404185293902416,1.7252740028924995
Human,81042872.txt,7.949416237213255,247.17966278744305,0.038453127929343654,0.9449524224271368
Human,81125166.txt,7.742812144497192,214.1996250539133,0.04662770876103348,2.014808928699961
Human,81217013.txt,7.969963881698568,250.72531912039764,0.01953131902708287,0.4083537716520299
Human,81310245.txt,7.686193448026238,205.95615734945747,0.014727566994232067,0.565582248951845
Human,81373857.txt,7.421918427805445,171.4826049466527,0.025266018516491816,1.327862022915288
Human,81508860.txt,8.003719399421978,256.6608428435565,0.014540717452265506,0.9724905727872123
Human,81588968.txt,8.019101793000736,259.412069270256,0.0284976018160923,0.8800951055718598
Human,81677620.txt,7.950663722042574,247.3934891499459,0.02834436283172269,2.027298371143558
Human,81761658.txt,7.690873440612218,206.625348217665,0.024550383018552183,1.026952121554676
Human,82118447.txt,8.107382451053537,275.7816109061033,0.051012094976979346,1.5139730847577315
Human,82125182.txt,7.547165489589846,187.03513376969838,0.032058137934430894,1.0596147036237529
Human,82140102.txt,7.139665907299641,141.01119632482963,0.010239350495760503,0.2904076879725787
Human,82246962.txt,8.14846499693228,283.74772141702874,0.01669104419370068,1.5577927145274653
Human,82649935.txt,7.675038579342223,204.36985192160898,0.054936405365749834,0.7738858850469609
Human,82738323.txt,7.135842961453326,140.63803045087258,0.03271802918637343,1.5268548047348591
Human,82929064.txt,7.09134698056506,136.36664344120382,0.007878731656596161,0.6261210339466213
Human,83206166.txt,7.840275038555708,229.17010348586822,0.020261459993544464,0.673847391507664
Human,83338413.txt,7.7983426834440435,222.60507650165408,0.012162260729830296,0.9710777620705279
Human,83566455.txt,7.483093888061981,178.91045519660273,0.021236266488654114,1.0377502518432402
Human,83816738.txt,8.32512833355157,320.7106235244059,0.022151528743222425,1.2632833142830953
Human,84295343.txt,6.876644455929846,117.51038543285654,0.016656213470572275,0.6393813072150368
Human,84356308.txt,8.055824063513695,266.0998825775031,0.05130117756317394,1.5702061735467392
Human,84373843.txt,7.906186631579173,239.88292040314002,0.02289742250439389,0.9672783677679969
Human,84512719.txt,7.225193792056589,149.62358486617632,0.01925246779895044,0.5201351943069522
Human,85101052.txt,7.758964132598341,216.61121540718742,0.04970307444531885,2.5987763619685107
Human,85417107.txt,7.915336882794808,241.40920592299582,0.017723583293785514,0.6642932886375862
Human,85421438.txt,7.690841915401439,206.62083317027037,0.03764581065943445,0.7989817048331641
Human,85766635.txt,7.822217585179605,226.31957857000086,0.026498951070816665,1.8575745065606282
Human,85918100.txt,7.743695050694249,214.3307519043258,0.018447983252657233,1.5408760934284054
Human,85973397.txt,7.504371195875004,181.56863496431302,0.037550573812541746,1.337097293135861
Human,86184722.txt,7.9717199516043165,251.03069152987047,0.025514620227942642,1.2414219532711965
Human,86209934.txt,8.03423283900601,262.14711146386617,0.026072680706002962,0.9984320231148545
Human,86322251.txt,7.60303309829536,194.4200366276527,0.027490699806260756,2.553743590327398
Human,86549455.txt,7.165028511717893,143.5120941628593,0.02230711066850841,1.7810507853278956
Human,86551046.txt,7.1216426124204615,139.2605303365687,0.018005565844076633,1.265313797225189
Human,86595128.txt,7.691816262200732,206.7604249339475,0.014452892345103932,0.768071569189271
Human,86597425.txt,8.083396547048155,271.2344364143991,0.05052624384192296,0.6662439493160878
Human,86828820.txt,7.451972064746473,175.09232851152655,0.018561331134892417,0.6240543430456349
Human,87118391.txt,7.676417591461951,204.56529394622788,0.020393949266525883,0.6983542736315882
Human,87520378.txt,8.100971697874254,274.5588676833587,0.02941245587064379,0.8702447103827915
Human,87635012.txt,7.633567198148273,198.57871705936967,0.026400990562022063,3.5227795665785284
Human,87826037.txt,7.8760181604467565,234.91876697822724,0.024160821251333127,0.591420511812602
Human,87867370.txt,7.7664885149042355,217.74390335197492,0.03414588641318532,0.8576168074900523
Human,87968870.txt,7.45652921555733,175.64628044241553,0.01588065257038576,0.45503257875954484
Human,88038965.txt,7.155662986889518,142.58347595886184,0.021615672263066002,0.9449571392929231
Human,88651471.txt,7.658868540174058,202.09201932787676,0.03104298220622311,2.4620514716434814
Human,88691367.txt,7.526951849325531,184.43285220908788,0.010558864390012529,0.6335379299272469
Human,88859947.txt,7.851731432615028,230.99718054883476,0.020790153655052067,0.8790515315533306
Human,88907739.txt,7.673081396302323,204.09278850660658,0.034667240002464246,2.3345074837394253
Human,89049979.txt,8.229208474148294,300.081064182273,0.05454595158350581,1.4625574705470912
Human,89197180.txt,7.636299328971109,198.95513554575825,0.023429175574763695,2.076557687539564
Human,89413122.txt,7.579936471929739,191.3322784562882,0.016171804294066998,0.36074169174195797
Human,89508407.txt,7.3381325856587205,161.80726622901557,0.010272871684140537,2.663512794840225
Human,89512321.txt,7.9976503105255725,255.5833971062187,0.03763426719881824,0.7963770994103764
Human,89740812.txt,7.811262870415592,224.60759002185145,0.019819926910791222,0.5936940777426438
Human,89858892.txt,7.752775805141936,215.684068436859,0.016040137641750347,0.396169185326401
Human,90032884.txt,7.448877609729413,174.71717322161132,0.03080013759809058,1.844586482397366
Human,90066849.txt,7.67697034906004,204.64368659471646,0.01443029438401705,1.0985299907258719
Human,90280583.txt,8.051796453755198,265.35804051580436,0.0229727432049347,2.5100351060287904
Human,90318913.txt,7.0805697151559555,135.35174856521365,0.04976425051426575,0.507040205084234
Human,90363254.txt,7.636213547459307,198.9433061816523,0.01779975192028162,2.2571210121959018
Human,90365216.txt,7.978955381938266,252.29282750488932,0.041134283628463886,1.0065566845845595
Human,90468982.txt,7.82259607747225,226.37896149656106,0.014422285412764028,0.48122280772241255
Human,90629382.txt,7.751625369505759,215.51214594081557,0.026189551423777407,0.5955123127243032
Human,90682785.txt,6.607030078107982,97.4797116310254,0.01995706386697991,0.4713734641258178
Human,90685127.txt,7.2320124043203,150.3324248709329,0.01151009646373151,2.3216082623029624
Human,90867631.txt,8.283173801697838,311.5184502264246,0.038291307571881435,2.5462819279798885
Human,91026230.txt,7.761834997289376,217.0426861019177,0.022437881967325813,0.22408504551199138
Human,91051945.txt,8.026959727630864,260.82886527817755,0.047477869208869664,0.4858838852325265
Human,91072502.txt,7.498478928680262,180.82858311317,0.01726860355582868,0.5313072271554687
Human,91116867.txt,7.250982770906666,152.3222380389148,0.02312731544029272,0.5721646632778783
Human,91121135.txt,7.628415417796383,197.87086856834458,0.04697741332177948,0.9862338674797395
Human,91153752.txt,7.114014157219366,138.52611385445925,0.013666144201324917,2.445076082071884
Human,91189201.txt,7.539339542047717,186.02330226382205,0.04640742640775405,1.4563594910984001
Human,91197243.txt,8.07590578420152,269.82978244108835,0.019408021837978087,1.5282716021729412
Human,91268638.txt,7.76081830849055,216.8897867524932,0.01590625975156014,0.36983207844910754
Human,91318828.txt,7.643568656056288,199.960143334662,0.053343446738083986,0.3571376012687587
Human,91431878.txt,7.59710610105912,193.6229428666778,0.0156824058616641,1.1392243513224976
Human,91467795.txt,7.922401637367368,242.59426541492098,0.01669776734299181,0.7934382635714822
Human,91478356.txt,7.394035635659111,168.2002028960867,0.02494567048494691,2.2137131565620285
Human,91515108.txt,7.663652781617336,202.76330598095902,0.022856048355949225,0.8789744257581135
Human,91533580.txt,7.302818650527794,157.89466883213862,0.015146974262901737,1.2711011247807957
Human,91539554.txt,7.5812258124771175,191.503349074372,0.05368403940909803,2.3392365545485787
Human,91564103.txt,7.5191363853793005,183.43643161705836,0.01917518816856631,0.8438409552917232
Human,91591026.txt,7.922452417510965,242.60280442565397,0.03206886592101743,1.5149199303447656
Human,91635250.txt,7.984147348472942,253.2024138934942,0.01957437633446772,0.24388249223022793
Human,91697974.txt,7.723288561905377,211.32044779589552,0.04029634235995715,0.6251010118639174
Human,91930382.txt,7.448257761609523,174.64212281478737,0.03387624799127802,0.7886615550578027
Human,92069209.txt,7.570259491870984,190.0531980861139,0.022176954222460705,0.48861209771357006
Human,92122785.txt,7.73797089795598,213.48204081608017,0.023718282407327807,1.8079393637941263
Human,92200491.txt,7.788298959173657,221.06073105245764,0.03126735898763587,0.44510598733689705
Human,92246939.txt,8.131343696361979,280.4002249192362,0.02272170182926962,1.2938322071684512
Human,92283635.txt,7.566757271596591,189.59239320487703,0.03579783872641729,1.2448862633380433
Human,92524964.txt,7.811841959554917,224.69776425827575,0.05163169324025608,1.5236961507948836
Human,92985983.txt,7.5644435270170565,189.2885751511371,0.013896896903961472,2.2029039116113713
Human,93002334.txt,7.840575934213133,229.2179053278579,0.009041537245885224,1.723258700292091
Human,93112113.txt,7.559361761173447,188.62299577609232,0.011664811266858881,0.644854171286534
Human,93301686.txt,7.770875189252725,218.40698542670336,0.010271684124654255,0.9847618702035922
Human,93349646.txt,7.994618755109239,255.04689998471594,0.03502572584402828,1.7124210628814973
Human,93436805.txt,7.78961999607712,221.26324309961686,0.014797475346259607,1.2738927626470606
Human,93459677.txt,8.184282760087656,290.8804971350009,0.0259990983225174,1.0950082813147033
Human,93512385.txt,7.119877937572771,139.0902938613846,0.01596424972723894,1.1365030782835657
Human,93576192.txt,7.513957583203054,182.77913541611846,0.03637413379502366,7.505894401061548
Human,93653247.txt,7.622297556080492,197.03355819261878,0.01716861505262361,0.5676865396131693
Human,93828034.txt,7.633025704789532,198.50419758278932,0.04783770936603928,1.1712138511857875
Human,93988900.txt,8.629900239963922,396.1492443181872,0.014134578311375953,1.6732199383349238
Human,94047639.txt,8.27502617238655,309.7641063176877,0.015528784899031776,0.6467597379907664
Human,94137171.txt,7.3092963852247985,158.6052135999292,0.026726935810521005,0.5054406687513594
Human,94230796.txt,8.204395325036035,294.9640509559649,0.041394787253487664,1.6554325740495959
Human,94417768.txt,7.927458427647282,243.44607452241067,0.03814295703271839,1.1941546919283157
Human,94492380.txt,7.692035610269684,206.7918632813062,0.024539437135468536,1.9764306523744672
Human,94503308.txt,7.546751454826452,186.98146481387326,0.015470921219806439,0.728729325314899
Human,95011061.txt,7.358931088146537,164.15684384114581,0.007977425451587807,0.38831331791464446
Human,95085510.txt,7.740098630503582,213.79712321175535,0.026018167338431326,0.7886757267594667
Human,95350373.txt,7.300758108442956,157.66931533023376,0.02109467363694325,1.433038855735876
Human,95382114.txt,7.771296017004277,218.47070306932312,0.008254801383173034,0.8551425533483659
Human,95429627.txt,8.018725536603057,259.34442314877083,0.04663002264262269,1.3340877698845326
Human,95519832.txt,7.449550812098178,174.7987202278923,0.0173193774438817,1.861470797310736
Human,95625660.txt,7.945065425560648,246.43535291125383,0.045563553585926286,1.7125416152205564
Human,95714702.txt,8.02158636311062,259.85920658461254,0.02987433828456819,2.462611257295087
Human,95769832.txt,7.007488417132157,128.6661209082022,0.021779937100772896,0.3564810981582661
Human,95792386.txt,7.942890944579136,246.06419661323162,0.024317649043734457,1.1989398672651426
Human,95970987.txt,8.518276415225628,366.6542406632668,0.034657280198380574,0.9743156629517394
Human,96029688.txt,7.609555189339591,195.30095441847314,0.011879498154336851,0.8584428942941901
Human,96260484.txt,7.569077974797103,189.89761484263687,0.02573914988977459,1.0887026463416003
Human,96457008.txt,6.69397970237971,103.53535591646306,0.011641310648681204,1.2764405108179668
Human,96493528.txt,7.943043279519904,246.0901800350987,0.025383938866118613,0.4838564195522567
Human,96547039.txt,7.4831235291342955,178.91413106161104,0.01592132937833239,0.7142835806629256
Human,96761538.txt,6.952960275574947,123.89380799513522,0.008402075651294577,0.6817852543572908
Human,97123005.txt,7.89990346125107,238.84046315495044,0.017560602676390504,0.6565622746767658
Human,97169343.txt,7.818571161895632,225.74827631009984,0.022299180313126835,0.4992945860920899
Human,97405769.txt,7.550521924608297,187.47077822505332,0.02633831784516926,0.33432734836003325
Human,97449528.txt,8.192134625208364,292.46792958920787,0.025574854989286792,0.41339783442623546
Human,98086373.txt,7.556752321602563,188.2821368725821,0.022899291317480665,5.953466895225676
Human,98108571.txt,6.390858148210744,83.91507762398605,0.016748022135128035,0.6374208808623989
Human,98300955.txt,8.215712524003576,297.2869911204289,0.025703630890617488,3.6279611144912502
Human,98309114.txt,8.079739978371254,270.54785226811833,0.05475130872212131,2.742168006503702
Human,98348532.txt,7.600654152580676,194.09971003375514,0.021448781733355616,0.4752893958439155
Human,98379112.txt,7.685187384857755,205.812583920564,0.02044677093260502,0.36288059671050993
Human,98389424.txt,7.815685897486039,225.29725057867446,0.03387473726539904,0.9295964465726221
Human,98509238.txt,7.423914085846626,171.71997835769918,0.019774666328209026,1.0388485688226718
Human,98513424.txt,7.669237229948281,203.54969223976258,0.018068786634439088,1.717110893882076
Human,98559931.txt,7.89286379165232,237.67787338509612,0.012824615244153974,0.8803224670588161
Human,98965485.txt,7.453687159771815,175.30060437312466,0.02814371233039103,1.7131181811991685
Human,99033098.txt,8.078203197183857,270.25981392832057,0.016256787060324056,2.018471937750245
Human,99124477.txt,8.482316842933317,357.62823756699026,0.035570044169168515,1.4896039670770573
Human,99244405.txt,7.788786221281904,221.13540567657648,0.009732135684706131,0.4020007366935218
Human,99416532.txt,7.6489262374935265,200.7040943272484,0.020454969308136794,1.46464938446904
Human,99433371.txt,6.414669757198,85.31158469099337,0.023791636673672702,0.4888553013235386
Human,99561379.txt,8.389228442262231,335.28135393396747,0.05971399967403189,1.8098129905792544
Human,99680385.txt,8.261201000964927,306.8098522316895,0.03836526747079288,2.7222517315397017
Human,99714410.txt,7.983224207436099,253.04044842898918,0.02239177057316247,1.098704303192122
AI,10138632_AI.txt,7.397947195986174,168.65686070711627,0.02707415923708537,0.32610188549786695
AI,10176815_AI.txt,7.607691319476579,195.04880097533567,0.01723861216822052,0.30918817744964866
AI,10182582_AI.txt,7.304976027992112,158.1309580059125,0.012313103869191041,0.5601449684141334
AI,10186968_AI.txt,7.771186105495396,218.45405954503627,0.01892031432208617,0.42307578093458675
AI,10268614_AI.txt,7.81540114400415,225.25278668026846,0.013903341873543893,0.7293834630988159
AI,10395944_AI.txt,7.446964878051017,174.48568588228267,0.011218297968840642,0.5962797232212499
AI,10464113_AI.txt,7.598610042094969,193.82489082763286,0.012733225978070814,0.8011580598440639
AI,10466208_AI.txt,7.489892438509472,179.75554175077178,0.011043083870151418,0.8362033401703024
AI,10466583_AI.txt,6.7591998497141885,108.32330484017253,0.014547592931514954,0.36117993978056134
AI,10480456_AI.txt,7.685983822291049,205.92623378749377,0.03258906130874549,1.6492813788738565
AI,10549585_AI.txt,7.621566308432148,196.93371462643157,0.01686087327247504,0.4536627404797954
AI,10553553_AI.txt,7.652356761622509,201.18190805072143,0.01583369696648104,0.6699337667240903
AI,10554045_AI.txt,7.588221900769216,192.43426520990775,0.010165866326275315,0.4955689858114605
AI,10554236_AI.txt,7.739005560144324,213.63519932390636,0.009023014746537427,0.3845949823702272
AI,10562768_AI.txt,7.731976060178237,212.59679834500355,0.015659469038878045,0.5468985427791655
AI,10567764_AI.txt,7.511004476507566,182.40538059191786,0.012431399301177178,2.7019409654844395
AI,10624813_AI.txt,7.82887724628765,227.36671309986252,0.04796760537894598,1.2824100907658866
AI,10659182_AI.txt,7.757990226315522,216.4650390992248,0.006695764716416991,0.5869052062287397
AI,10738095_AI.txt,7.7805301724648395,219.8735376707374,0.012608003428242054,0.6263499443158432
AI,10748989_AI.txt,7.307775799750014,158.43813343049675,0.009925415014603835,0.6297327387026214
AI,10751444_AI.txt,7.678705744820923,204.88999746202143,0.011922996046182065,0.7450102003558962
AI,10820510_AI.txt,7.258762560019014,153.1458603429119,0.017650544351048958,1.3194191243303415
AI,10830646_AI.txt,7.762739562546464,217.1788138554423,0.03925237440381356,2.2544833827825763
AI,10840430_AI.txt,7.746849426972806,214.7998874220432,0.021349784891147718,2.2843504777433243
AI,10926726_AI.txt,7.766254916965535,217.7086496026838,0.009614538569079033,1.0475599434632372
AI,10945968_AI.txt,7.619371220292337,196.63430404455428,0.02322004589168971,1.692160398911385
AI,10953078_AI.txt,7.52943343657602,184.750369121287,0.0225510994111321,0.6712547783598962
AI,10969918_AI.txt,7.595360178847535,193.38876577566174,0.0071471885487000945,1.0462001195355923
AI,10984392_AI.txt,7.875833768091689,234.8887436847569,0.01279416101844929,0.6891229182472469
AI,11121498_AI.txt,7.624695761977071,197.36136135858249,0.01584138615932279,0.20775320091419383
AI,11152490_AI.txt,7.8954084170190875,238.09745951827404,0.05568858689619041,0.35752561784270215
AI,11174187_AI.txt,7.5465895412414525,186.9604810718972,0.02068406465999515,1.4092578992025167
AI,11188218_AI.txt,7.869074356697291,233.7908013020362,0.01954288408329302,0.6573136620041499
AI,11232471_AI.txt,6.922148251237417,121.27583069195255,0.013998496341199818,0.27667467043498606
AI,11262933_AI.txt,7.6340035274812434,198.63878437824619,0.011671346495502699,0.2918919643736668
AI,11289482_AI.txt,7.615111589530255,196.0545874656391,0.01891703935247822,0.4817916107973606
AI,11333001_AI.txt,7.912405018479499,240.9191090389904,0.01226873305441212,0.30810795385148326
AI,11336022_AI.txt,7.280864754473778,155.51013037474496,0.009009780760775441,1.2024260600431775
AI,11393213_AI.txt,7.4817874865503935,178.74852000563502,0.009499457277884867,0.3018317721083248
AI,11441764_AI.txt,7.89674805355247,238.31865123346958,0.021995315869070407,0.2731369327174617
AI,11480899_AI.txt,7.524436400539789,184.11155965169544,0.021521803912819586,1.0087544262957597
AI,11522068_AI.txt,7.009295652978496,128.8273994341973,0.006881722433621377,0.5306703482659014
AI,11580408_AI.txt,7.5245964712315,184.13198843176636,0.06530949819680675,0.7988413933163414
AI,11584809_AI.txt,7.592758320456409,193.04030909216,0.025339470290632302,0.5289351695893872
AI,11592605_AI.txt,7.578728282273476,191.17211369174638,0.0074187884996589175,0.9904707887936375
AI,11698189_AI.txt,7.6494458208304374,200.77639046809162,0.019335577966825432,0.3401944927348422
AI,11704150_AI.txt,7.718707486570938,210.6504936501246,0.011123328155066755,0.5089735737040458
AI,11722421_AI.txt,7.63602964362587,198.9179480125141,0.019813071170217512,0.9215515174695336
AI,11807040_AI.txt,7.706798512284506,208.91880004332396,0.015918193001193476,1.2194422259010613
AI,11813872_AI.txt,7.906655136013986,239.9608332392736,0.012211807090147955,1.6606622636332038
AI,11887930_AI.txt,7.563846630333367,189.21027561479136,0.04677252084720461,1.2822596991565975
AI,11919526_AI.txt,7.859610299810833,232.26215672903274,0.09879242926613606,1.9585315514186759
AI,11958994_AI.txt,7.751409810594992,215.47994780348546,0.008972867562753967,0.2430420473021489
AI,11995013_AI.txt,7.46998531783824,177.29220762412174,0.007993508902251204,0.4328130541187805
AI,12021752_AI.txt,7.650200937555917,200.88150574881072,0.008802234586208766,0.7103756068737036
AI,12022566_AI.txt,7.75303622789473,215.72300536193467,0.01048112214859484,0.34674831324195615
AI,12059198_AI.txt,7.260381761888589,153.31783935765802,0.015009248489563653,0.3410342127265911
AI,12059610_AI.txt,7.337617230105019,161.7494762049108,0.01023903729943842,0.2695721240771857
AI,12065211_AI.txt,7.649311135074102,200.75764745102305,0.013784253148735392,0.6622788582159492
AI,12071138_AI.txt,7.293390750905916,156.86620361063916,0.010983231733199574,0.27725419205920876
AI,12082377_AI.txt,7.254016065222659,152.642835412888,0.015559009194839952,0.3632571774010808
AI,12085736_AI.txt,7.681952554533875,205.35162513973012,0.012637468287624146,0.27053351979549367
AI,12144825_AI.txt,7.660269097607795,202.28830399211665,0.020554104885177008,1.88091602102333
AI,12155206_AI.txt,7.650426720541076,200.91294633329153,0.03552362833620221,0.41622815853858985
AI,12191094_AI.txt,7.472010596931129,177.54126812599776,0.012844046726886585,0.5240162276937372
AI,12212468_AI.txt,7.4916937197349975,179.98011623960943,0.011531929731744831,1.328925119859944
AI,12254068_AI.txt,7.461330522873421,176.2318072618912,0.014043520651719437,0.41030489095335904
AI,12351749_AI.txt,7.415330725695895,170.70135803233885,0.015095009081075302,0.3934099732390596
AI,12545844_AI.txt,7.271410712418158,154.49439757132058,0.012970361550497517,0.6510371875754454
AI,12547982_AI.txt,7.558755499124786,188.54374760766967,0.011038858692965127,2.456309119622434
AI,12587973_AI.txt,7.603719099596997,194.51250531210462,0.012991511923287222,0.40724180181348785
AI,12613221_AI.txt,7.348909873392078,163.02053246731685,0.034508717555600414,0.9065967238864288
AI,12632728_AI.txt,3.521640636343318,11.484694984106929,0,2.9240773705026495
AI,12674256_AI.txt,7.930302245379105,243.92642486246496,0.009846811326415076,1.4325129390263849
AI,12674307_AI.txt,7.483403164810427,178.94881311263603,0.013113117325679201,0.16092386965862168
AI,12693146_AI.txt,7.341558276285112,162.19193536382693,0.012243377247406439,0.7773233983033982
AI,12695537_AI.txt,7.92817846941195,243.56760754700596,0.013212010792569432,0.5690679934860305
AI,12696104_AI.txt,6.51719181355276,91.59467444401481,0.013325048118160111,0.5773123558075168
AI,12717345_AI.txt,7.511594521303392,182.47999744068986,0.010657611489630311,0.6010521300985631
AI,12780508_AI.txt,7.546539152189511,186.95395121173473,0.015607590974604704,0.48258492574720957
AI,12786012_AI.txt,7.6124184686221765,195.68894803049065,0.016776515981632295,0.8374657968503425
AI,12791244_AI.txt,7.616433628301244,196.23432784890946,0.013484201320798101,0.4204625688945862
AI,12802330_AI.txt,7.666862029358553,203.21485114801317,0.01238263861916326,0.2472392077025438
AI,12839152_AI.txt,7.52286987735921,183.91175408676983,0.016715232549715422,0.33062543640087044
AI,12920612_AI.txt,7.83141806696162,227.7674956891982,0.014499855074131342,1.3868987496044027
AI,12938200_AI.txt,7.58282203542913,191.71534897793194,0.012469462651977582,0.6362582761608709
AI,12955994_AI.txt,7.7386810457921875,213.5871504363948,0.02204877352816298,0.42091660984494145
AI,13014900_AI.txt,7.562225777811683,188.99781925276335,0.010611428073618836,0.6762263409756603
AI,13037145_AI.txt,7.285831932026874,156.04647221772282,0.016761614913739616,0.4809018469038405
AI,13087952_AI.txt,7.623368864909264,197.1799246641285,0.013596560113319616,1.9384161650548417
AI,13115648_AI.txt,7.88476312105837,236.34706207086094,0.02152729939075444,0.3823680583647337
AI,13129275_AI.txt,7.496985653199861,180.64151156797274,0.010579134910275038,0.5796100849492746
AI,13264796_AI.txt,7.87999799775889,235.5677116276155,0.022729778977346005,0.34624346409846923
AI,13294301_AI.txt,7.517049877069316,183.17132708005798,0.007853596613320192,1.1220490614476613
AI,13296856_AI.txt,7.494184183590521,180.29107667681285,0.016976952153950026,0.8784268254985039
AI,13313917_AI.txt,7.745815092869852,214.64594274354366,0.01619525565452256,0.38397949074296456
AI,13342150_AI.txt,7.68710032990748,206.0856626287983,0.009044743088381307,0.5060557447011526
AI,13348915_AI.txt,7.578638604460057,191.16023081710134,0.018690631979471486,0.5237652085229747
AI,13385306_AI.txt,7.410966537170701,170.18576239960007,0.019786915049178722,1.2555339563266916
AI,13386301_AI.txt,7.595314865788543,193.3826917969707,0.020442680149980224,0.44432725938488526
AI,13393401_AI.txt,7.631168297463661,198.24879647754844,0.014537525993940318,1.880427467374108
AI,13405229_AI.txt,7.477512803848998,178.2196748208422,0.03406193501653351,0.6913234840717996
AI,13518263_AI.txt,7.2422817177402425,151.4063305401744,0.011358974340110038,1.647763644368523
AI,13520837_AI.txt,7.746073871985438,214.684447671917,0.0077654184246853265,0.6386555158443218
AI,13565152_AI.txt,7.582765931697086,191.7078936688567,0.013083559278764265,1.3229610388149418
AI,13569152_AI.txt,7.632758222103534,198.46739734948852,0.0501797483292198,0.9629405849143479
AI,13727873_AI.txt,7.722334786550355,211.18078860228744,0.009043239635399776,0.6188232719643815
AI,13764840_AI.txt,7.252688491755126,152.5024375020345,0.013305423893351395,0.46993760078406877
AI,13807808_AI.txt,7.11585527155219,138.7030086337274,0.04998437831960935,2.585319395923384
AI,13809698_AI.txt,7.603993234168016,194.54946923523056,0.010138930714091807,0.9766273994722489
AI,13812481_AI.txt,7.42792354181065,172.197876516268,0.011677351030216276,0.916918777605906
AI,13836471_AI.txt,7.37478865757454,165.9711478675311,0.0182795088370701,1.309291699942231
AI,13888506_AI.txt,7.680660365344489,205.1677786977678,0.020949247788196176,0.7089195701461278
AI,13907230_AI.txt,7.192198562264005,146.2404457043334,0.01258960493872327,0.5615901285475947
AI,13909762_AI.txt,7.613576122672504,195.84603668184457,0.021355480754606217,0.4527749484850243
AI,13915715_AI.txt,7.200328301698482,147.06685237037058,0.039906462309227925,0.5548342883131833
AI,13982572_AI.txt,7.609353535410004,195.2736579687646,0.006863173325733963,0.33087416450028245
AI,13998435_AI.txt,7.521465229588126,183.7327796606268,0.03169713451282547,0.6635797181940991
AI,14062078_AI.txt,7.438254362182771,173.43537288777563,0.031869954775738,0.3994507145826733
AI,14070138_AI.txt,7.51169398208165,182.49257822019447,0.009277863232631252,1.3524758528813476
AI,14128006_AI.txt,7.61282175096177,195.74365739435726,0.023021212125830158,2.153223818065807
AI,14241621_AI.txt,7.615408095710684,196.0948852203963,0.011321140304382301,0.5431521331282796
AI,14248724_AI.txt,7.037828520630711,131.40064258555083,0.03100064029137064,0.32229054467422474
AI,14256329_AI.txt,7.546591391419388,186.9607208387009,0.017213483463445516,0.5416597301418319
AI,14267489_AI.txt,7.5216876166571796,183.76110369486003,0.008378169198521237,0.7281373578717572
AI,14278888_AI.txt,7.724096793231349,211.43886759475282,0.02022857200381827,1.400041152086751
AI,14364597_AI.txt,7.501106100632407,181.15817501174837,0.018988802849715408,0.41760797721009446
AI,14381464_AI.txt,6.530626648779005,92.45161706242429,0.0072507801704159176,0.30011595071571345
AI,14391434_AI.txt,7.808204242635597,224.13190855649069,0.015501983273726481,0.4640675699153716
AI,14408510_AI.txt,7.729372356278779,212.21346028832312,0.016539336893236018,0.2965987631661493
AI,14445309_AI.txt,7.4599313600336945,176.06097596408097,0.020093843266345036,2.0885628458172403
AI,14449423_AI.txt,7.704609404788272,208.602032541124,0.015276750165046303,0.5182010522453714
AI,14517953_AI.txt,7.574746564892332,190.64522210542444,0.03401351808912888,0.5935924501046222
AI,14528265_AI.txt,7.205120976418983,147.55622511962085,0.034694289020108245,0.8632158661114636
AI,14536764_AI.txt,7.600228647447101,194.0424711562463,0.009177332580379779,1.3660124441752024
AI,14554542_AI.txt,7.4646985357934454,176.64370607439776,0.02167093418262954,0.9221575097377873
AI,14589288_AI.txt,7.2188775266875425,148.9699495050658,0.011520917078710172,0.24270888436257756
AI,14667957_AI.txt,7.354486675422033,163.65191513961406,0.014977510660831524,0.4152646920143649
AI,14708590_AI.txt,7.5093984440244625,182.20243682303644,0.016679907283638565,0.3834786223357995
AI,14726000_AI.txt,7.6243213535278125,197.3101487519506,0.015856980736757263,1.4038906287577844
AI,14743911_AI.txt,7.531002839041649,184.95145489495965,0.033342318742565706,0.40290878803284
AI,14771530_AI.txt,7.389967215416447,167.72654414172365,0.008214667258938822,0.4551475568969869
AI,14825300_AI.txt,7.750426967256119,215.3332009840926,0.014313852613215591,2.1365227074274733
AI,14874322_AI.txt,7.081310391410734,135.4212556767611,0.004657979275478618,0.25062277751025214
AI,14886205_AI.txt,7.776068146020594,219.1945543028098,0.010374116563611601,0.3311566083644536
AI,14910300_AI.txt,7.607435975042588,195.0142820943232,0.016466416275163327,1.076152029139185
AI,14937492_AI.txt,7.956680734770923,248.4274417328003,0.013400277517897954,0.8569409818677063
AI,14945250_AI.txt,7.792862171748878,221.76104822617174,0.01301279073808543,1.334206863482459
AI,14990354_AI.txt,7.661303486078809,202.4333933657948,0.01687234914864935,1.0944604362827604
AI,15119529_AI.txt,7.7862272812090865,220.74352057154348,0.007341484477930134,0.67912611348203
AI,15139979_AI.txt,7.45417277478448,175.3596209578259,0.0683337131578701,0.3516116154368099
AI,15180322_AI.txt,7.436758644374415,173.25565649397822,0.011371896010002307,0.7023119031926185
AI,15224503_AI.txt,7.625787420385053,197.51075725847156,0.01741636672924448,0.36610055892408655
AI,15297298_AI.txt,7.800165152821161,222.88645771802447,0.00844293908221058,1.3089750296791427
AI,15306049_AI.txt,7.389584222452262,167.68202360301717,0.007533947051886696,1.8959946418305174
AI,15313140_AI.txt,7.726014333708894,211.72008582839578,0.009591785379060335,0.2807034347430036
AI,15353911_AI.txt,7.115405979173134,138.65981967124677,0.007420399727011066,0.9734140631045387
AI,15354126_AI.txt,7.383563964936868,166.98375709462934,0.011926974611217191,0.5008410988849828
AI,15363277_AI.txt,7.71928487833597,210.73481653121198,0.020949933254894186,0.9472269730744077
AI,15425154_AI.txt,7.733367564283962,212.8019505230291,0.011361655580405533,1.2050481113415994
AI,15433732_AI.txt,7.33645644030555,161.61938521377544,0.015069802125600506,2.1798947133160422
AI,15564893_AI.txt,7.633973710393065,198.6346790276513,0.01995637985902237,0.9695943497202131
AI,15603319_AI.txt,7.65635860323174,201.74073424602375,0.030228871329526952,0.5557375329242062
AI,15618327_AI.txt,7.497982660551691,180.76639115495107,0.04438987240757394,0.5161898399726111
AI,15620421_AI.txt,7.760965059308218,216.91184988538788,0.011998006751351865,0.3262471658751932
AI,15636923_AI.txt,7.728449647538818,212.07777769112434,0.01799864483566943,0.4069383371952126
AI,15651486_AI.txt,7.602879049387647,194.39927784324655,0.043574274306028865,1.6029250950087222
AI,15680735_AI.txt,7.598604313165145,193.8241211521564,0.03524701755082532,1.1192656770849039
AI,15684810_AI.txt,7.609146901189235,195.2456913302816,0.014667290523944552,2.0485557925415576
AI,15699744_AI.txt,7.863039752437784,232.81492742267358,0.011188154400011432,1.84617610510996
AI,15717923_AI.txt,7.781378006073053,220.0027894919203,0.011365985441514622,1.4018550225191382
AI,15721849_AI.txt,7.39907298494929,168.7885213341762,0.06390574934090135,0.521653176331952
AI,15727656_AI.txt,7.6075592860117744,195.03095119428926,0.013301324582860706,0.43407601823573483
AI,15746146_AI.txt,7.311794479065398,158.88008384117165,0.014915665095373083,0.3388023438500995
AI,15765660_AI.txt,7.87250085509623,234.3467302068621,0.03609610916567754,0.5159627156914943
AI,15790602_AI.txt,7.8412018914067625,229.31738007747404,0.00971152530999047,0.6577809272509818
AI,15791766_AI.txt,7.673352045406446,204.13107983664975,0.016948633512384393,0.2550136620769812
AI,15792052_AI.txt,7.678636400774078,204.8801495317735,0.009590034747798001,0.3278313067209196
AI,15802627_AI.txt,7.801768015001558,223.13422650928757,0.06166831224763775,0.4396069605327764
AI,15811992_AI.txt,7.491038197392599,179.89835662695134,0.054373520651622514,1.2503912408009887
AI,15821633_AI.txt,7.867215938054127,233.4898357816554,0.012729945150574004,0.3997373709249402
AI,15891494_AI.txt,7.588800228766031,192.51142110854192,0.013606976479475985,0.2661396857839309
AI,15899269_AI.txt,7.258634542738939,153.1322715759661,0.038742324336633646,1.1804766620860403
AI,15906625_AI.txt,7.362080235289031,164.51556045224186,0.014931033490369639,0.6033658452405527
AI,15917885_AI.txt,7.159492147754257,142.9624197050766,0.014631905091056531,2.187932107362898
AI,15918496_AI.txt,7.735005467926964,213.04368353683194,0.01019619935047461,0.36485529824944224
AI,15936656_AI.txt,6.955837225475268,124.141117300605,0.03191961055947592,0.34778793453448487
AI,15941675_AI.txt,7.364106978075248,164.7468394353535,0.05657379933120057,0.4982242371136731
AI,15958967_AI.txt,7.8502582598914605,230.76142382186057,0.013898252631008983,0.8225902372637887
AI,15973307_AI.txt,7.276466948581497,155.03680647314664,0.01491537871808113,0.35031304653518336
AI,16203589_AI.txt,7.87376365026526,234.55194438118426,0.01002922710170767,1.0799066473296657
AI,16223371_AI.txt,7.37881923084561,166.43548314722574,0.005201733642043731,1.3139925640770809
AI,16248476_AI.txt,6.969759116109351,125.34486776324508,0.021375211087955762,0.3242299347755589
AI,16270906_AI.txt,8.006215383090128,257.105272011094,0.010965185222370515,0.2623242406371825
AI,16276121_AI.txt,7.528439306591473,184.62310548563784,0.014613521230679273,1.4714184045487013
AI,16300459_AI.txt,7.883200903785572,236.09127299751538,0.01182518003424702,0.6282469821641226
AI,16332348_AI.txt,7.89921323957109,238.7262231856849,0.018212872257723067,0.30204021453848867
AI,16378091_AI.txt,7.459629824130078,176.02418152287285,0.006498702892495795,0.2603502922379635
AI,16407619_AI.txt,7.678502935802002,204.86119676776124,0.009778469205264826,1.0739899898991572
AI,16449850_AI.txt,7.458286549889598,175.8603640153263,0.010083589652047023,0.31696431343291953
AI,16605352_AI.txt,7.758742720631579,216.5779744007416,0.008233890761166492,0.7112764519375123
AI,16702198_AI.txt,7.760849860596642,216.89453023895513,0.015144629394964481,0.48824206421773525
AI,16833515_AI.txt,7.645292373446123,200.199196464781,0.012325986248382385,0.41936484076516345
AI,16861758_AI.txt,7.511890013600295,182.51737675822815,0.01517988344223965,0.40191062677574363
AI,16877897_AI.txt,7.342688859332926,162.3190885851699,0.023573044995797904,2.030725266613283
AI,16887936_AI.txt,8.124431175225988,279.05993031793304,0.013463833967593486,0.35201173136898123
AI,16893572_AI.txt,7.692314272652281,206.8318098239298,0.012387406320097534,0.8286552469143729
AI,16985289_AI.txt,7.647335253975535,200.4828827110287,0.012929214115890408,0.3997243838274144
AI,17021141_AI.txt,7.695242016725481,207.25197170386815,0.032241550649898705,0.719892938099521
AI,17043822_AI.txt,7.657740424404388,201.9340551878897,0.024553926385776755,0.36971336618596784
AI,17095812_AI.txt,7.573456938908347,190.47488036981406,0.01724629360886621,0.7072576710811206
AI,17103000_AI.txt,7.575282855462868,190.71610350264945,0.015149399288881576,0.413220205651873
AI,17108676_AI.txt,7.470029478561411,177.29763460051555,0.019181192870651575,0.570014385608621
AI,17111768_AI.txt,7.930327936957,243.93076875384048,0.021183370881676575,0.5968470029153515
AI,17115815_AI.txt,7.368813446730639,165.2851666182241,0.018148252109710272,5.612981091270943
AI,17131084_AI.txt,7.815542559428952,225.2748674242002,0.018417973390192244,0.30206273729675326
AI,17132168_AI.txt,7.508306148544849,182.06453964397787,0.021250287260065562,0.6721171690435537
AI,17150707_AI.txt,7.2577855955040205,153.04218810507248,0.01789975617247811,0.39136295173259983
AI,17152392_AI.txt,7.638363221959647,199.23996078738548,0.014125177938179453,1.0337701261426253
AI,17163375_AI.txt,7.418815289143968,171.11415395464377,0.006871736605348436,0.4016377844280882
AI,17254634_AI.txt,7.462764614878822,176.40707526595702,0.01948476545997704,0.8577483412739011
AI,17274759_AI.txt,7.468030764826876,177.052176031661,0.019978773750579777,0.6600635217034888
AI,17276884_AI.txt,7.740984459546331,213.92843707261414,0.028567070066325796,0.2905870145767223
AI,17286050_AI.txt,7.17662964063958,144.67076887835532,0.016104472629149692,0.5349322005322807
AI,17306905_AI.txt,7.730239876622646,212.34110670784153,0.013147780267962905,0.9897707130779394
AI,17307206_AI.txt,7.792186546416927,221.6572201125464,0.008965053039758378,0.5389715360795144
AI,17311685_AI.txt,7.059261522823629,133.3673327261927,0.014124963607972925,1.977896292010483
AI,17312146_AI.txt,7.222139846262821,149.30719158118274,0.012146941822550545,0.6410142082916376
AI,17325147_AI.txt,7.787214440164312,220.89461522819573,0.019699817378339778,0.3807413322446808
AI,17342969_AI.txt,7.665628629212108,203.0411913593533,0.02461476449485558,0.2334316735758775
AI,17378327_AI.txt,7.316764449878389,159.42835705603665,0.00588130060099475,2.1030180774720257
AI,17392859_AI.txt,7.727492548510163,211.93712972684958,0.023688985703959373,0.2715320889513393
AI,17396388_AI.txt,7.670328328885957,203.703693502252,0.013053594026852057,0.28493886973051935
AI,17407184_AI.txt,7.462334588730166,176.35450119565914,0.0581229127893023,0.8939430731765379
AI,17410700_AI.txt,7.439647841085631,173.60297260969602,0.008231677262474106,0.3536199400682236
AI,17412079_AI.txt,7.634288311119512,198.67799894387696,0.01025655886007358,0.40172499999269984
AI,17421910_AI.txt,7.6223435003008495,197.03983304427112,0.013779766053902725,0.35763913291871785
AI,17422560_AI.txt,7.641067919394751,199.61383693485283,0.011970620911730229,0.34919731407891175
AI,17431847_AI.txt,7.774930299304858,219.02174475654815,0.03976767970616792,1.0936814024263075
AI,17432318_AI.txt,7.668787218012713,203.48621000424578,0.015817370312168406,0.9080528589913169
AI,17481570_AI.txt,6.967305130151597,125.1318406994203,0.02630658278911625,0.5039748332379093
AI,17483843_AI.txt,7.4370664106243245,173.29262059942886,0.01604398489382099,1.0372672408375416
AI,17488801_AI.txt,7.327943337061079,160.66850438322217,0.02188419406757862,0.49421766096170755
AI,17499196_AI.txt,7.3329382661038744,161.22573832732067,0.01535711723951858,1.2354469684012803
AI,17509935_AI.txt,7.12095778159808,139.19444064408782,0.011501153556758162,0.5491922643394748
AI,17510973_AI.txt,7.698687301409579,207.74749938005974,0.0076512819137337295,1.328018758749633
AI,17539842_AI.txt,7.436189155426139,173.18727911175878,0.010654166340874979,0.3559896436341336
AI,17545780_AI.txt,7.717972739935549,210.5432392884391,0.010385210816354443,0.7298733070295381
AI,17555081_AI.txt,7.7115358315712115,209.60594580620966,0.016884193444264933,2.6354154502149254
AI,17556527_AI.txt,7.5008746437520415,181.12911346962352,0.01479854725069747,0.7879549364489231
AI,17562754_AI.txt,7.477862406974475,178.26286738988577,0.018987977862680316,2.446328927292335
AI,17570634_AI.txt,7.6857322312093705,205.8903255149868,0.012616150183944706,0.4419127211595713
AI,17571262_AI.txt,7.681369487005845,205.26864871782783,0.011978710844450596,0.26248663099533764
AI,17576030_AI.txt,7.22649356840132,149.75844692836353,0.048126455696326,0.8353311511877973
AI,17584743_AI.txt,7.575858463313373,190.79221077812895,0.014818831775440723,0.41288769985742857
AI,17597372_AI.txt,7.726224581408877,211.75094259543755,0.008474181177862406,0.5265755259395422
AI,17602815_AI.txt,7.615149526391072,196.05974295115576,0.033490531831469966,1.328360951156598
AI,17624934_AI.txt,7.783559243337708,220.33566734931105,0.017494878804090057,0.4497508862639636
AI,17640785_AI.txt,8.056435722919552,266.21272486194005,0.032488221073464184,3.0585846192221617
AI,17641670_AI.txt,7.6782657721892384,204.82752254909096,0.014333586065191582,0.3393637863054225
AI,17655479_AI.txt,7.545180186643687,186.77793039703252,0.023624419560713865,0.32099357473452617
AI,17658471_AI.txt,7.656678568691103,201.78548190472057,0.012068595439103354,0.6174280632789547
AI,17659053_AI.txt,7.893408065155829,237.76755704648855,0.009192183709774919,0.5120748705487059
AI,17660419_AI.txt,6.904364534427459,119.7900719762304,0.023083236777958357,3.8128291931403027
AI,17681064_AI.txt,7.435856208358038,173.14731533423722,0.021022318748455844,2.0181341820679046
AI,17686472_AI.txt,7.659972625225429,202.24673821976222,0.008085245209096334,0.7486941806449977
AI,17688766_AI.txt,7.503170977529398,181.41764575458828,0.02808402075300345,0.6644176457768408
AI,17694454_AI.txt,7.567796758661082,189.72904707219422,0.021693615259125863,1.4863421221867628
AI,17694572_AI.txt,7.396956314245486,168.54106241211545,0.008265839299810694,4.1621630368204965
AI,17704246_AI.txt,7.499397523977551,180.94375726637492,0.01265650496338371,0.5493720881854519
AI,17714174_AI.txt,7.698452584370478,207.713702971152,0.015873511298318797,1.0739182999304484
AI,17730889_AI.txt,7.787230712447686,220.89710673190518,0.01940991225757268,0.4722535645705951
AI,17775916_AI.txt,7.552890426793012,187.77880564401372,0.007648962164440208,0.2772194033610192
AI,17781039_AI.txt,7.878461296208558,235.31692782835236,0.013315854713833921,0.5975890222081386
AI,17812897_AI.txt,7.6802155598935,205.10453201237135,0.013308423500672446,1.2600988423167023
AI,17818707_AI.txt,7.628649278374102,197.90294599638523,0.02880944657781049,1.0149590470604564
AI,17823436_AI.txt,7.771914581911894,218.5643938919067,0.014159974764182575,1.2246908214006624
AI,17847636_AI.txt,7.517945901663294,183.28512589915363,0.011558204216417352,0.5549692831105699
AI,17855844_AI.txt,7.871930252376199,234.25406166798567,0.013783906641616772,0.8033336361420921
AI,17857644_AI.txt,7.796601610054819,222.33659425601778,0.011578133414777174,1.562094338136344
AI,17864043_AI.txt,7.702221781378212,208.2570870269315,0.011651429689871184,0.8953685000198444
AI,17876954_AI.txt,7.801828833483977,223.14363318962918,0.007626684269466501,0.2577246798100908
AI,17880988_AI.txt,7.494521097062625,180.33318508093086,0.006001227814284665,0.3985781905049829
AI,17911230_AI.txt,7.719494842538605,210.7654882853758,0.012400553544940903,0.7380780173725204
AI,17915015_AI.txt,7.423749249836148,171.7003595066099,0.03512163531221992,2.9037535982280542
AI,17926546_AI.txt,7.726737369360428,211.82622020338408,0.012109826472723307,0.32230648427867975
AI,17960690_AI.txt,7.4282927395002,172.24194902760317,0.2022175196412056,1.8970008795320394
AI,17963031_AI.txt,7.640475371986015,199.53186786202124,0.028548500985170998,0.3326994410421263
AI,17983430_AI.txt,7.64872118952259,200.67557059790954,0.006101039713902976,0.504177490860898
AI,17983957_AI.txt,7.5538555557972,187.90446727009513,0.01549440369168522,0.3390282018638922
AI,17987433_AI.txt,7.625102537602684,197.41701630156632,0.01922137579253704,0.3997712171414841
AI,18001081_AI.txt,7.562867473667042,189.08190222920476,0.018169898387652303,0.6766204399798885
AI,18024825_AI.txt,7.5261560740491324,184.33114905655884,0.037498910568812896,2.542845591866282
AI,18029935_AI.txt,7.449794382018329,174.82823395279476,0.03416428032814857,0.4543439831309492
AI,18036030_AI.txt,7.846066235179321,230.0918758554155,0.007060451522065319,0.3318704884059888
AI,18062906_AI.txt,7.606313210359455,194.86257299116528,0.01347903799418714,0.3202984469169732
AI,18067556_AI.txt,7.9897779968552305,254.19256045392302,0.01884730536470795,0.4774628860140883
AI,18072085_AI.txt,7.5453609795623136,186.8013381458275,0.025896232607628526,0.5820169638313658
AI,18079050_AI.txt,7.321325927911445,159.9332314805836,0.022016457991628574,2.2776807262367558
AI,18084150_AI.txt,7.61421224407999,195.93240928498315,0.016484419606485515,0.6233004542811138
AI,18090899_AI.txt,7.343196524589612,162.37621657101036,0.029138293495276295,2.3042143262695434
AI,18106533_AI.txt,7.446139491638186,174.3858886827867,0.013410825742343814,1.0901711785660928
AI,18129173_AI.txt,7.6890105339571395,206.35871160189575,0.021197851187406472,1.6480334878890386
AI,18132924_AI.txt,7.841005566672416,229.2861762476017,0.040431234054704814,0.550286829407828
AI,18133495_AI.txt,7.766591480693435,217.7594443861537,0.010602141242314438,1.6791887976784579
AI,18155310_AI.txt,8.01495747819343,258.6679462427492,0.00833613933480758,0.4141384858741759
AI,18159866_AI.txt,7.718821956745,210.66720830890077,0.020520979538049457,1.079820549893329
AI,18171955_AI.txt,7.506060760722294,181.78139766010793,0.013880312372982035,0.9873947966373486
AI,18172739_AI.txt,7.33704423967757,161.68524745494173,0.01197842783298657,0.4545149135542764
AI,18176523_AI.txt,7.638967211000339,199.3233907174787,0.0200156634329751,0.6597374424240768
AI,18187364_AI.txt,7.476403119177796,178.08264544442767,0.01941549985875861,0.9108703491171356
AI,18198627_AI.txt,7.575804727085087,190.78510445103407,0.01735314819798295,0.3079675437838541
AI,18208580_AI.txt,7.670491522184018,203.72673715103198,0.013956699128917692,0.4747380286632185
AI,18227306_AI.txt,7.709804668127171,209.35457977291952,0.019749693119142694,0.3470991687842756
AI,18236085_AI.txt,7.538692568183165,185.93989916786347,0.022697771416232693,0.3280953605420685
AI,18242317_AI.txt,7.7637193505334485,217.3263581802699,0.03013176126718873,0.7014503343691569
AI,18264694_AI.txt,7.592531121860835,193.00991109910493,0.02833182309533857,1.9706836174706863
AI,18268860_AI.txt,7.483971287772144,179.0192957488879,0.020149007437058213,1.8423391974573073
AI,18278509_AI.txt,7.246166912306382,151.81461906976543,0.01803504676492629,0.6843377893047548
AI,18293620_AI.txt,7.752212494251091,215.59986944494344,0.019863987759861066,0.7551441622066941
AI,18297650_AI.txt,7.673739738401875,204.18594300739332,0.011484744837528985,1.342182280138467
AI,18301617_AI.txt,7.555854662963987,188.1650223667513,0.010953773125844985,0.5579393387806271
AI,18311419_AI.txt,7.696059462573987,207.36943607777226,0.006373131138388087,0.25931081450936444
AI,18316239_AI.txt,7.771087084467464,218.43906621478766,0.01584738567219183,0.25733866842085107
AI,18319061_AI.txt,7.5553331110853605,188.09701070714675,0.018792214252620582,1.9189520303162388
AI,18328743_AI.txt,6.858602161702751,116.04995569747555,0.02221261465834483,0.45398068840125944
AI,18334783_AI.txt,7.325180724567805,160.36113512060425,0.01215079768045668,0.9737974470641989
AI,18354623_AI.txt,7.688861060517472,206.3373324831482,0.022895804464035052,0.48571517898248995
AI,18365443_AI.txt,7.838078514334658,228.8214541433082,0.010791894520286043,0.2977709443365652
AI,18365791_AI.txt,7.163829472777235,143.39286931147976,0.005380024574562282,0.3083713700178326
AI,18368613_AI.txt,7.237054757916838,150.85876998045177,0.016737388165913254,2.1902211673812753
AI,18369400_AI.txt,7.399420788244721,168.82921758608515,0.024178349127025857,0.3683451007319431
AI,18422164_AI.txt,7.591222053372425,192.83485775125618,0.017983241433327683,0.3610581475811454
AI,18436190_AI.txt,7.51169412645944,182.49259648315072,0.0153803659056757,0.29278909653614665
AI,18442517_AI.txt,7.930118374159047,243.8953384650871,0.023063527412356965,1.1961372338429737
AI,18448085_AI.txt,7.584402690495317,191.92551252375475,0.00890645365226608,1.5202651501941171
AI,18457785_AI.txt,7.6144243031226715,195.96121113966316,0.008856524127571192,0.34287147666582707
AI,18460045_AI.txt,7.010656644523363,128.94898835225763,0.02626784604061637,0.37731111979262244
AI,18472240_AI.txt,6.9296205715057475,121.9055983863177,0.021403748472298995,0.2820595625155281
AI,18480859_AI.txt,7.260373184806042,153.31692785812564,0.027661630051868835,0.4835119871355475
AI,18484846_AI.txt,7.584954809157033,191.9989763766193,0.006953237487774244,2.4723118152851407
AI,18488289_AI.txt,7.5023739458932726,181.3174474003866,0.008030646813177885,0.5188853304887471
AI,18501746_AI.txt,7.214559990464156,148.5247953518523,0.0067590964747014206,0.3291360958684093
AI,18509268_AI.txt,7.38409665059913,167.0454238184986,0.008803799276278721,0.15120439793704146
AI,18525641_AI.txt,7.596237449941627,193.50639698761515,0.015935968337975424,0.35819480508433266
AI,18557164_AI.txt,7.66790012777637,203.36112802931297,0.0066064840185383125,0.3979535011238738
AI,18569929_AI.txt,7.558084039310014,188.45601590428376,0.023831898112770335,0.5350945939482282
AI,18586076_AI.txt,7.795086103886465,222.10315922406954,0.01637812136559996,0.5967300009927916
AI,18589927_AI.txt,7.406007381159746,169.601765901221,0.014713067475993014,0.3828718968155765
AI,18635654_AI.txt,7.1576193374193435,142.776955845665,0.012123580986433347,0.8377999035896632
AI,18636651_AI.txt,7.472911146453202,177.65212635389437,0.021798618440984983,0.6681605333985395
AI,18640927_AI.txt,7.707392283477876,209.0048026238268,0.00655100651876455,0.3745256450828444
AI,18645964_AI.txt,7.5601625019513605,188.72771648509925,0.015820909602981,0.39325279545401787
AI,18669563_AI.txt,7.489966185587334,179.76473065375018,0.012741972630505624,1.5616576096163277
AI,18714571_AI.txt,7.1536139410589055,142.38110976865795,0.012036829221166074,0.4933575449372829
AI,18725071_AI.txt,7.526902249772324,184.42651155527034,0.02785074331740197,0.3702917559719437
AI,18731098_AI.txt,7.945682870534518,246.54084494606772,0.018540621160287582,1.1545846865105442
AI,18752129_AI.txt,7.5231434383340785,183.9466303756297,0.008931644596901584,2.2648690998059937
AI,18753367_AI.txt,7.610577974859093,195.43946034316176,0.016145044828076136,0.4326490385600949
AI,18757174_AI.txt,7.180208070527106,145.03005255126308,0.01244525355481516,2.9018678123923873
AI,18767449_AI.txt,7.475378015858295,177.95615421457603,0.029980889740293618,0.7748400625806595
AI,18784594_AI.txt,7.764050166593643,217.37619774518203,0.01542152734606964,1.1526470835340437
AI,18795567_AI.txt,7.58716190507515,192.2929293282083,0.009419925512213467,2.7802194932680213
AI,18805506_AI.txt,7.6706609466442695,203.75066342672488,0.016391568267466426,1.9421809639963177
AI,18824120_AI.txt,7.603181478747838,194.44003365803454,0.017543603429463452,1.0444155473076098
AI,18825446_AI.txt,7.1622058570738005,143.23158508202204,0.00749456111071977,0.6735916397325286
AI,18827609_AI.txt,7.797393765974043,222.45870849814136,0.010517036670684533,0.5834216320262038
AI,18835363_AI.txt,7.461207692989857,176.21680366771864,0.016853821939093166,0.4110158483432856
AI,18856440_AI.txt,7.547710677483392,187.1058268524368,0.015858981089105495,0.8957681834194396
AI,18882984_AI.txt,7.570308779646759,190.05969111420347,0.023039868090947758,0.6034299798112077
AI,18885231_AI.txt,7.213240089781647,148.38897431941194,0.019439392899106595,0.6215260715700625
AI,18885767_AI.txt,7.521163091610017,183.69430525231937,0.014892057001435149,1.7336223181768473
AI,18900722_AI.txt,7.646393046229984,200.35199236350053,0.010432700768299268,0.9455721904262421
AI,18905648_AI.txt,7.293187786292687,156.84413654312118,0.013910536634707,1.282536603455773
AI,18927233_AI.txt,7.361160313434897,164.41069198413655,0.017613129503207234,0.4167331789666121
AI,18932512_AI.txt,7.259490198556374,153.2231205628873,0.010463932059047816,0.4557475724452645
AI,18937778_AI.txt,7.954660153999503,248.0797477685349,0.008555857373995897,2.4777126820215107
AI,18949843_AI.txt,7.6075576277530175,195.03072702245274,0.010765963164531387,0.3234829622059764
AI,18975686_AI.txt,7.291129615383183,156.62053981951027,0.017750584306361172,0.4129492142650433
AI,18979238_AI.txt,7.564145191331237,189.24943611149405,0.010225675718362272,1.0240184468894793
AI,18997135_AI.txt,7.688044499580124,206.220579234346,0.019790668227063345,0.5387516516489218
AI,19007667_AI.txt,6.811822336758949,112.34735402781646,0.011410223754274133,0.3676275499220559
AI,19037403_AI.txt,7.79228564780649,221.67244667975262,0.013285647356268745,1.0755175121444487
AI,19053815_AI.txt,7.814900281617754,225.174598939062,0.015532992013971519,0.5579289985831843
AI,19063156_AI.txt,7.5385032721686285,185.9155035944295,0.016539982856270258,0.3473301519311818
AI,19070271_AI.txt,7.3970303675960025,168.54971382516382,0.10261307561285217,1.7920469146455624
AI,19072267_AI.txt,7.563527631705505,189.1684433882081,0.019444689547234682,2.408014995481237
AI,19090468_AI.txt,7.475691257855629,177.9947967492887,0.023665850058766237,0.8635639364172598
AI,19108760_AI.txt,7.544624131777051,186.70595485003722,0.022090357947156965,0.4881264118223502
AI,19124258_AI.txt,7.472518717385822,177.60380957494698,0.03812812414169272,0.44875338073670445
AI,19147494_AI.txt,7.566610296568848,189.57307940181127,0.009856208041050406,0.17533723207514154
AI,19147603_AI.txt,7.527550277065729,184.50937054844763,0.012026199901516607,0.5576943081787301
AI,19147947_AI.txt,7.534658869390959,185.420747173737,0.03689629991582382,1.396167207252782
AI,19149865_AI.txt,7.6491508834324495,200.735348936821,0.01940103486516691,0.40660580186964446
AI,19156751_AI.txt,7.730257723159565,212.34373344234325,0.009622042780553626,0.221639800745275
AI,19161572_AI.txt,6.933558863457065,122.23883286214362,0.011380822053282268,0.6158501497350167
AI,19164410_AI.txt,7.55410044652111,187.93636588029185,0.022453515040804065,1.0837902969960538
AI,19176318_AI.txt,7.552977238140561,187.79010520570708,0.008979182391615496,0.25615417844713273
AI,19179079_AI.txt,7.55942819629133,188.63168193576954,0.016897640842791235,0.5146170054263959
AI,19195747_AI.txt,7.647151141456723,200.45729930476077,0.024071304320721357,0.32481970899813967
AI,19201175_AI.txt,7.48247267930808,178.8334348886224,0.012841985221621173,0.32428001321051636
AI,19234823_AI.txt,7.60316330997446,194.43758496682665,0.02157150412754411,0.35535067430067374
AI,19243556_AI.txt,7.516234102376979,183.06778177771687,0.020240954229183962,0.41250216950718555
AI,19268120_AI.txt,7.602023643282361,194.28404833490563,0.015247286324126481,0.530528252843291
AI,19284293_AI.txt,7.616351149742869,196.2231094961982,0.022621197728210224,3.041887363451154
AI,19285236_AI.txt,7.73673657076852,213.29947001114402,0.010309993471808445,0.30696879392742543
AI,19302310_AI.txt,7.644883219499811,200.14242724139282,0.01750473720793908,0.3263925305159182
AI,19336728_AI.txt,7.241283051947123,151.30155995633407,0.013888404608892865,0.6786565869826451
AI,19362586_AI.txt,7.603924375676325,194.54018379171148,0.011609751930745132,0.3950709269041202
AI,19364677_AI.txt,7.3400026619094625,162.01714296494674,0.0576979198986894,2.3849927813946765
AI,19374660_AI.txt,7.652524783606789,201.2053398578081,0.019551084061856506,0.27726444221580254
AI,19396040_AI.txt,7.801224083806981,223.0501153242132,0.013930299236829632,0.45150940989967475
AI,19397727_AI.txt,7.5402200914452555,186.13687630461556,0.023925883414726148,1.6446474668124973
AI,19402977_AI.txt,7.25226560992604,152.45774263784017,0.011368697256989531,1.177894664871467
AI,19405513_AI.txt,7.750553727134724,215.35212169069965,0.011775642052181897,0.993236583215462
AI,19437318_AI.txt,7.030653272528517,130.74874355118507,0.008419406660310439,0.4577826695951484
AI,19444529_AI.txt,7.670329306983691,203.70383160641316,0.022465884570684515,2.0473475491322026
AI,19446337_AI.txt,7.82132197686997,226.17912560694933,0.020230833229069194,0.6094716720229896
AI,19464810_AI.txt,7.70485363782067,208.63734965126068,0.010433405345129002,0.3986623840125387
AI,19471144_AI.txt,7.414917842057612,170.6525121491459,0.020393483469054022,0.4248251116435148
AI,19473948_AI.txt,7.108398096872441,137.9879136595949,0.009853651461058764,0.43593815713382045
AI,19497420_AI.txt,7.809245299137525,224.29370171572273,0.015507890405656134,1.9075179876694945
AI,19503224_AI.txt,7.88844041388497,236.95025673212254,0.02350811305970864,1.905809420047407
AI,19506295_AI.txt,7.683249905583813,205.53637171578987,0.026510565410515847,0.817329767979703
AI,19508520_AI.txt,7.669554305383792,203.594433296168,0.03810757125763102,0.6005039883106973
AI,19518606_AI.txt,7.60431658776006,194.59307881197245,0.018512295604025987,0.24141565871158027
AI,19532392_AI.txt,7.4647373991225185,176.6484645678758,0.02655956355851894,0.3356341912233297
AI,19540089_AI.txt,7.605466802789244,194.74828356768256,0.016663201285891868,0.9142852278026833
AI,19545827_AI.txt,7.553337013788466,187.83694166789388,0.019159044852663603,1.2678915104721427
AI,19553067_AI.txt,7.539266385910185,186.01386963886063,0.02089075403976255,1.9453063555486023
AI,19556300_AI.txt,7.368972603839948,165.30340176819354,0.01416293653667855,0.3862845605594316
AI,19557384_AI.txt,7.8436010650930985,229.69904766834975,0.021945662976077362,0.4934363917651916
AI,19558834_AI.txt,7.765822867422157,217.6434613009334,0.013596152093762732,2.2698210914802424
AI,19582792_AI.txt,7.919205115766618,242.0573540466938,0.012768075716142321,0.37567341501288143
AI,19599699_AI.txt,7.285022453458762,155.9589410065673,0.014652387018788989,0.6758434928135332
AI,19612167_AI.txt,7.263418515967001,153.6409006544125,0.007454217282290875,0.49656906229897263
AI,19616406_AI.txt,7.5690131206756,189.8890784812952,0.017029346892476246,0.6432693765585444
AI,19671909_AI.txt,7.669486306722764,203.58483748956232,0.01598206360071249,0.3695462858130221
AI,19714635_AI.txt,7.551981013076761,187.66047515468802,0.008984472525814831,1.6248007300842326
AI,19717385_AI.txt,7.883240466389157,236.0977473481226,0.026196388480284723,1.2915338426386522
AI,19724031_AI.txt,7.909770447805988,240.47955722104018,0.011446571848726323,0.6281122206663209
AI,19738730_AI.txt,7.2126304755093456,148.3262854456914,0.03719542122750232,0.4669818434146293
AI,19774173_AI.txt,7.217456322496822,148.82327091859625,0.014923070312207552,1.8932581891969267
AI,19786924_AI.txt,7.578853851227852,191.18875360971603,0.01442996462427972,1.1507694127411456
AI,19796840_AI.txt,7.628518237595404,197.88497118003104,0.018443347361139978,1.314799790301195
AI,19818707_AI.txt,7.3498967319883795,163.1320828956834,0.03388633801338547,0.4086157644776566
AI,19831366_AI.txt,7.013333475288256,129.18846726670307,0.01401623058748192,0.38122755744760906
AI,19850482_AI.txt,7.84314351353467,229.6262100346956,0.02399338410923733,1.229140795924328
AI,19851252_AI.txt,6.935278338776904,122.38461000525136,0.00730646296370533,0.5499363665605947
AI,19861776_AI.txt,7.893418918948209,237.76934584407448,0.013712337464589788,2.0441757598653094
AI,19867922_AI.txt,7.615483338373245,196.10511266668755,0.006535099274304872,0.2606111166677103
AI,19911786_AI.txt,7.517860117952704,183.27422795446518,0.016612216536695864,0.4555179883297255
AI,19918523_AI.txt,7.204235728436569,147.4657113386688,0.023342629254687663,0.583485876883057
AI,19920687_AI.txt,7.553250499715059,187.82567799035888,0.02058754676856248,0.7624635556654528
AI,19926135_AI.txt,7.763776561421636,217.33497655085856,0.015522100852487775,0.4521160181930003
AI,19928941_AI.txt,7.013178588120084,129.1745983885178,0.012188709530845223,0.5395830068224626
AI,19929506_AI.txt,7.491657484973989,179.97559591173933,0.019141573691363368,0.5214286704992808
AI,19936735_AI.txt,6.963705924477745,124.82005345972338,0.022847785014468876,1.3740211412529046
AI,19938081_AI.txt,7.356511626474496,163.8817764636799,0.017206283471839858,0.5485551909964237
AI,19951766_AI.txt,7.508736925728077,182.11891077416743,0.01243626135476385,0.44696796214599516
AI,19975121_AI.txt,7.295976617681904,157.1476205680496,0.006970067259731387,0.7240125441341528
AI,20001721_AI.txt,7.798829932240861,222.68027075320373,0.01371268489853124,0.5544006321031248
AI,20006992_AI.txt,7.946618455472556,246.7007780587648,0.01336386505209815,0.4097053014640481
AI,20024870_AI.txt,7.682900868323606,205.4866514543612,0.010460182145555408,0.866365990403107
AI,20026169_AI.txt,7.655855119155523,201.67034131997244,0.020727360249584107,0.42052610448254857
AI,20033302_AI.txt,7.942645311908824,246.02230538958636,0.012727060656468123,0.7300385666861879
AI,20082776_AI.txt,7.438111388413794,173.41818597053154,0.024883515471760664,0.47124376137243307
AI,20110597_AI.txt,7.6013736625303086,194.19653680562894,0.014078714465770178,0.6063266223320338
AI,20138606_AI.txt,7.840092868095946,229.14116778825888,0.009426224224002105,0.7246684493726238
AI,20141807_AI.txt,7.674304556057743,204.2658978148138,0.014359623713227533,0.7202522467262724
AI,20148147_AI.txt,7.392788259341677,168.0548372658951,0.009457645095933307,0.42944114282432294
AI,20149476_AI.txt,7.707018137054181,208.95060665158874,0.038047852663354434,2.1563840491864026
AI,20172393_AI.txt,7.626669804266348,197.63159611307393,0.013144213992356876,1.8760749810979276
AI,20176584_AI.txt,7.69386211528974,207.05383518922724,0.04764900274475734,0.5938401407290025
AI,20210676_AI.txt,7.298881718620703,157.46438166041176,0.01726914658775005,1.3027471388789527
AI,20211577_AI.txt,7.452747320834786,175.18644256045906,0.011055324815850365,1.0528572377863197
AI,20230207_AI.txt,7.526139426053328,184.32902197744423,0.038129270011076875,0.652431774261005
AI,20237244_AI.txt,7.067844373906821,134.16312366956132,0.06712954432703042,0.8344790700664975
AI,20253563_AI.txt,7.446360419541755,174.4125954071892,0.00950135807849733,0.3171558411351063
AI,20255404_AI.txt,7.696203611593109,207.39015673831784,0.025360208379932303,0.48875831703031325
AI,20272792_AI.txt,7.345347179761561,162.61845464671714,0.018471286581308494,0.3081341131816708
AI,20275356_AI.txt,7.473844101661172,177.7670467451071,0.03843615112798871,0.27192517662987464
AI,20279756_AI.txt,7.639486071255562,199.39508957425474,0.02546812065284732,0.6397109681846278
AI,20314980_AI.txt,7.79981866414633,222.83293402927754,0.007380427609420511,1.1468046111381884
AI,20317319_AI.txt,7.850844708091285,230.85524623538652,0.00865642402404108,0.40779758057958204
AI,20321582_AI.txt,7.713030934912291,209.82327863154947,0.014616881189691837,0.5722110014114095
AI,20324037_AI.txt,7.382642542259185,166.87714170323753,0.020040622824101562,0.6010704309623924
AI,20330739_AI.txt,7.395274555813477,168.34470753322034,0.018045310980802587,0.6695581385868862
AI,20345168_AI.txt,7.477889945736116,178.2662701779523,0.013928036326066777,0.4794585524661791
AI,20356750_AI.txt,7.397024335225814,168.5490090662824,0.01157043222687906,0.6993285496577014
AI,20357858_AI.txt,7.640354922154547,199.51520974930307,0.02219990078943583,2.4170272083303432
AI,20390397_AI.txt,7.440446435243093,173.69909597184144,0.02846242298836118,0.4484301345899534
AI,20393721_AI.txt,7.51061652829209,182.35633742870021,0.021421712621381945,0.5864629638172051
AI,20399718_AI.txt,7.40951664057372,170.01481303015242,0.026021810387297253,0.32321936974321946
AI,20400279_AI.txt,7.443523813582251,174.0700048131629,0.008737229756441808,1.0106396700414433
AI,20408458_AI.txt,7.547663364821724,187.0996908851839,0.017582177686351366,0.8520649426674449
AI,20417897_AI.txt,7.63610504568569,198.92834467608589,0.015378677105247046,0.5319823515926844
AI,20423658_AI.txt,7.427365792118073,172.13131723169187,0.015590538311071368,0.5704072537959382
AI,20427934_AI.txt,7.732895118181728,212.73227468074424,0.013473381691238028,0.8489020787029724
AI,20457611_AI.txt,7.554998952854392,188.05344856548683,0.015009439748260724,0.9201333476095727
AI,20470943_AI.txt,7.842255044615321,229.48484062723585,0.015594035274750928,0.3821290400151547
AI,20478831_AI.txt,7.446589307364921,174.44026867500895,0.018084251380844203,0.43959322761719755
AI,20488267_AI.txt,7.209571349828443,148.01210399638214,0.012895630898733107,1.281166029832275
AI,20490741_AI.txt,7.624470630174137,197.33056562475576,0.005322767515980055,0.3899682567640116
AI,20504094_AI.txt,7.8043247621401175,223.5300160534429,0.013112560956495501,0.829238529154972
AI,20544228_AI.txt,7.760275877311656,216.8082548519347,0.008207975082257606,0.33124332219320596
AI,20552814_AI.txt,7.480098238761345,178.5393463229826,0.008122283301416297,0.3968905580168112
AI,20553895_AI.txt,7.290840034012006,156.58910570636016,0.010226490089826738,0.45396911451961125
AI,20565486_AI.txt,7.6829945612248585,205.49999680121076,0.021213415653207897,0.33898444338001626
AI,20565849_AI.txt,7.284774567863877,155.93214625600538,0.015507107800946518,0.8074531999429317
AI,20566550_AI.txt,7.93427144486118,244.59844888618414,0.015781165934351096,0.5725919666752733
AI,20574232_AI.txt,7.263656522299718,153.66624940988945,0.03441963870079676,0.6342697385035624
AI,20604208_AI.txt,7.526375766217438,184.35922095823233,0.01303600518106742,0.501724587302278
AI,20624984_AI.txt,7.533022105292922,185.21050320603405,0.014788068754250127,0.3429246807478482
AI,20626794_AI.txt,7.090059818591046,136.2450323766463,0.01357718007330049,0.26426055426062717
AI,20628003_AI.txt,7.267525505506242,154.07890075703676,0.012100018259059517,0.2665493760125231
AI,20633855_AI.txt,7.654198084381925,201.43884199338467,0.014057348139023807,0.6845099930814935
AI,20674668_AI.txt,7.740549436147523,213.86393983407743,0.024808778785026145,0.48639868765229544
AI,20681037_AI.txt,7.012189783395189,129.0860941046056,0.015905476172452377,0.9014968894468265
AI,20691949_AI.txt,7.461730971887549,176.28073073268735,0.019111765900194526,1.7135796523628035
AI,20698469_AI.txt,7.360566046842009,164.3429828294187,0.016791061287662005,1.4927909071498753
AI,20705888_AI.txt,7.7884390270421795,221.0821943608288,0.018146104720112844,0.5050098253174096
AI,20736486_AI.txt,7.766005488812551,217.671013116188,0.013773105695729934,0.38595277547157564
AI,20748468_AI.txt,7.7457222010446625,214.63212262845968,0.009555722377842905,1.100954820947982
AI,20748926_AI.txt,7.732805928084313,212.71912358138903,0.021391404262554155,0.528885202232745
AI,20748929_AI.txt,7.862489968771205,232.7262229805494,0.008758949677398334,0.4555503822193711
AI,20765795_AI.txt,7.869795434189928,233.9076821511345,0.013491043808795226,1.1009352754941393
AI,20806155_AI.txt,7.595210902142781,193.3687567346615,0.013408352057875616,0.39890211201498227
AI,20817322_AI.txt,7.544775676397401,186.72556798264606,0.017886262077747624,1.187665248886581
AI,20819838_AI.txt,7.397748481991654,168.63363184062598,0.009810454489648221,0.7124060073697838
AI,20824105_AI.txt,7.5536989543301,187.8840717482406,0.030096106095167354,0.8029756429286858
AI,20835760_AI.txt,7.787907132529374,221.00070053965558,0.028486831934636452,0.31398899013990883
AI,20836112_AI.txt,7.079798692023453,135.27943151644766,0.014275729146904052,1.1484196708053083
AI,20850529_AI.txt,7.605054744320886,194.69266805768095,0.008225010146292644,1.0260149079917442
AI,20879311_AI.txt,7.876211963431763,234.95032667386437,0.020166902189041033,0.6309996544320555
AI,20880935_AI.txt,7.563660409528316,189.18585422640635,0.01764190741017439,1.2850346306140255
AI,20882041_AI.txt,7.432703254313687,172.7693217891667,0.011051900012909925,0.3023453118375467
AI,20905088_AI.txt,7.645864436305717,200.27859594340745,0.028094631291191236,0.7704124685639915
AI,20918464_AI.txt,7.494590170300547,180.34181926545241,0.020407382643766445,2.0773237247615817
AI,20925036_AI.txt,7.488758520168615,179.61431438168378,0.020489299073547344,1.1378154049806162
AI,20932019_AI.txt,7.434615901754572,172.99852195478408,0.02761555164738442,0.42161068474378904
AI,20966771_AI.txt,7.5703263530525176,190.06200623716282,0.011255240869160556,0.73579515567143
AI,20969119_AI.txt,7.9429929651640245,246.08159772723877,0.03059964308463327,0.4058762928661837
AI,20969845_AI.txt,7.513080031593409,182.6679897152178,0.024757039502754694,0.6228610927470775
AI,20977412_AI.txt,7.59755512636806,193.6832155719669,0.022569253488172836,0.4601806246153315
AI,20981299_AI.txt,7.841336722313593,229.33881254538204,0.015296560648827822,1.4838838580986875
AI,20986595_AI.txt,7.639306626935114,199.3702900911859,0.008879786685401228,0.7779232332590268
AI,20992320_AI.txt,7.695232022467584,207.2505359725309,0.008174253854591067,1.755221084166649
AI,20993320_AI.txt,7.547290590863427,187.0513529617535,0.012901143710487003,0.5602406127754822
AI,21007083_AI.txt,7.013211405776472,129.1775368167232,0.015923607899436972,1.5136575732459254
AI,21031285_AI.txt,7.615686129303901,196.13267991569404,0.020006674893769425,0.511229455441096
AI,21038022_AI.txt,7.753691036783166,215.8209397133139,0.039487821782318945,2.670184062270303
AI,21060367_AI.txt,7.517294667589697,183.20240946922092,0.020168344243026146,0.3890275952157299
AI,21101152_AI.txt,7.446627123813589,174.44484122689096,0.0056560746744361715,0.2590899964213519
AI,21122155_AI.txt,7.806438001132736,223.8576795330042,0.019402509176931402,0.5810639138335111
AI,21125113_AI.txt,7.711064260301212,209.53744346405549,0.013869618872604744,0.362735635502357
AI,21134923_AI.txt,7.759911832597544,216.753553103084,0.019396318943120574,2.0009450409126552
AI,21156767_AI.txt,7.607154219027742,194.97619983835312,0.024982590649396647,0.7855451064377895
AI,21178545_AI.txt,7.945294009133878,246.47440172946105,0.07941688965402331,1.7441343147022317
AI,21190805_AI.txt,7.576935504533816,190.9346995185053,0.015382618839387711,0.3052514391037272
AI,21238396_AI.txt,7.777274738824275,219.3779535611552,0.0141925879271615,0.39367957893623673
AI,21265194_AI.txt,7.477736669349011,178.24733162363628,0.01827343179494698,0.47845233928387904
AI,21283365_AI.txt,7.449637132815855,174.8091792659861,0.009325775766394746,0.241305556204141
AI,21283733_AI.txt,7.614473685704086,195.96791888857123,0.010994490458570977,0.3735003771780733
AI,21287405_AI.txt,7.9360769793607995,244.90475575743994,0.018383909890035757,0.38612285696683146
AI,21297521_AI.txt,8.138756847352715,281.84474283567585,0.0067091440798961325,2.2550540297517694
AI,21297828_AI.txt,6.803578806714783,111.7072340956465,0.012752863471415013,0.7076311559672432
AI,21298336_AI.txt,6.759467924101549,108.34343480585436,0.010026660824269631,0.47754503937363996
AI,21321598_AI.txt,7.69127009388941,206.682165415372,0.0091449478260596,1.8661278440398585
AI,21334981_AI.txt,7.641627886456178,199.69133000573757,0.009884747015865395,0.4443785736358284
AI,21338490_AI.txt,7.295823111279032,157.13090055312455,0.009544437479180719,1.0496631129139384
AI,21363048_AI.txt,7.841858829581441,229.42182463507243,0.025392941274534696,0.5433126355589065
AI,21366189_AI.txt,7.59818547822706,193.76785941372881,0.016629038904231754,0.5861257869811963
AI,21386255_AI.txt,7.760265084487645,216.80663291207918,0.03633558433967937,0.40112941892841353
AI,21478007_AI.txt,7.775922261796508,219.1723906369758,0.012989278042397263,0.40609315374202737
AI,21511817_AI.txt,7.663335030368712,202.71865260846386,0.03045369103982207,0.42631022217270365
AI,21512769_AI.txt,7.589747762736262,192.63790038595872,0.008940650878532977,0.6220513290004935
AI,21531811_AI.txt,7.187167695151497,145.73137417628328,0.010635305058350598,0.37539357241426974
AI,21549195_AI.txt,7.550218281822785,187.4313255633881,0.024603606135079184,0.8328087992082222
AI,21550454_AI.txt,7.882511930907192,235.97855225927754,0.01239022543995799,0.6390308116468574
AI,21567392_AI.txt,7.669070079533496,203.5261103713667,0.011989995939924596,0.5202228124052125
AI,21568833_AI.txt,7.361792545116978,164.48275740666614,0.0307949149410214,1.304097332845133
AI,21570485_AI.txt,7.695270986112205,207.25613337534256,0.02126925755414705,0.8752193911628914
AI,21586858_AI.txt,7.823358511177815,226.49862959068955,0.02179097923759176,1.5080651610204963
AI,21595057_AI.txt,7.669837139367325,203.63435099728912,0.011102244616364658,0.3665797585966265
AI,21611212_AI.txt,7.358352574760347,164.09103097645718,0.013827836236152306,0.34411837551783214
AI,21611637_AI.txt,7.657369437149871,201.88213477000153,0.014232125987368793,0.33100156646592
AI,21614256_AI.txt,7.737195073531051,213.36726946686397,0.023879037034455805,1.6034698384183612
AI,21622444_AI.txt,7.154654672846269,142.4838577526555,0.017102156943061553,0.4424272499999737
AI,21629057_AI.txt,7.7373267824468215,213.38674943577567,0.006502460335111605,0.8336810282990414
AI,21645690_AI.txt,7.808339077317596,224.15285696625406,0.010728711040344943,0.4528928415632604
AI,21663616_AI.txt,7.774869411472485,219.01250130765982,0.02512819641695683,2.5784556985287876
AI,21669215_AI.txt,7.590775738688416,192.77521124598488,0.012142223099243218,0.8690238679799224
AI,21705160_AI.txt,6.671753962372232,101.95254382569068,0.011934312007377393,0.3807191239396878
AI,21756639_AI.txt,7.831444245490394,227.77162869850966,0.020558742519528658,0.779454229036971
AI,21763056_AI.txt,7.64984912322638,200.83252493593443,0.019746746537080164,0.35335226925148205
AI,21773106_AI.txt,7.815202267069308,225.22173750150486,0.02797389040858207,0.803265422501084
AI,21780877_AI.txt,7.802199225031337,223.20092951617164,0.01692103923471604,0.5619979960291799
AI,21782152_AI.txt,7.663783716767815,202.7817090724062,0.011046759127989622,0.3691500876174092
AI,21794875_AI.txt,7.634080336434248,198.6493601706181,0.02512669005066587,0.5340320478500306
AI,21796843_AI.txt,7.757772277014632,216.43233999155595,0.016046226735966587,2.4956652240351063
AI,21807211_AI.txt,7.742731721071196,214.1876847705811,0.014671373054019356,0.8754436187519935
AI,21807224_AI.txt,7.164788642223348,143.48823512757758,0.014062178687301813,0.42337037529305593
AI,21809601_AI.txt,7.49929693836647,180.93114219290106,0.01800469051396873,0.6662714814068295
AI,21830565_AI.txt,7.576488113963626,190.87549841364708,0.012947601208177137,1.0094080399338714
AI,21847415_AI.txt,7.677567286161951,204.72837856487203,0.02256828939233422,0.5239389045004627
AI,21853199_AI.txt,7.424078551012586,171.73955530485102,0.04607678171642041,0.5705080078125279
AI,21856577_AI.txt,7.506230656133845,181.80280595710943,0.010685585012533454,0.3660078974784094
AI,21866029_AI.txt,7.527071245352897,184.4481163227572,0.027040416604410058,0.38094311830711036
AI,21867728_AI.txt,7.756508169281827,216.24278228276634,0.02851067139871389,1.3765505361798906
AI,21868149_AI.txt,7.704353232819017,208.56499543495974,0.013078021398540203,0.9116274185222549
AI,21869994_AI.txt,7.4669290822579075,176.91702561199486,0.00879227209274788,0.42275109522577703
AI,21904897_AI.txt,7.226603949766652,149.76990546517814,0.007829520170074194,0.4586930007372801
AI,21912637_AI.txt,7.556405868211859,188.23692762799575,0.035368743411145404,0.6808478724792464
AI,21916744_AI.txt,7.794380710958193,221.99459040081598,0.02341051455007784,2.8165972924957687
AI,22008817_AI.txt,8.095156534290286,273.45441301052455,0.02239723207908721,0.3772005484516561
AI,22019500_AI.txt,7.5855596686839535,192.0794901059765,0.02500488590050235,0.42594330751497494
AI,22025574_AI.txt,7.659789746638059,202.22110268862548,0.009589768720696463,0.43946961461855605
AI,22042181_AI.txt,7.463751276717666,176.52776165904442,0.029041162502600124,0.47022931911131405
AI,22047665_AI.txt,7.16912981418174,143.92065168937512,0.014385069744367408,0.2629275898442779
AI,22056333_AI.txt,7.066274459322892,134.01720919622812,0.009903113873967763,0.6619671735977797
AI,22093368_AI.txt,7.8007506013018215,222.97692383467836,0.02276148242573371,0.8532152009548697
AI,22168194_AI.txt,7.06104906263917,133.53268102461692,0.010828944819124806,0.40051847242622546
AI,22182279_AI.txt,7.233876806325639,150.52682579985878,0.006787986123989373,0.6672354868863626
AI,22232367_AI.txt,7.548562938769355,187.2163908719707,0.022279221512884386,2.542936782659054
AI,22249155_AI.txt,7.12866656617449,139.94019202272725,0.01811726917581535,0.4062061932111943
AI,22259475_AI.txt,7.581782265096655,191.57722684523844,0.02811716102024566,0.4397436806052747
AI,22259768_AI.txt,7.524921673726681,184.1734988894736,0.027689055267346403,0.18706989308218
AI,22319662_AI.txt,7.089574668543438,136.19922354708078,0.013311796005181275,0.6140498479653387
AI,22323967_AI.txt,7.793485978294268,221.85695616327436,0.013611735609184161,0.3597693408523971
AI,22349169_AI.txt,7.165277846507697,143.53689888531918,0.026989691872042035,0.4292352819368967
AI,22351830_AI.txt,7.94686677950126,246.74324510966534,0.01844775346263139,0.8076598641354789
AI,22380187_AI.txt,7.221665017695859,149.258058776025,0.02100801254580828,0.7031795550765311
AI,22391901_AI.txt,7.686785042623667,206.04062948768754,0.012068051290482617,0.8012014720879329
AI,22408666_AI.txt,7.46429896286541,176.59478910479882,0.026488545725821388,0.4768016955874229
AI,22423839_AI.txt,7.347816540092032,162.89703564257889,0.011007429027112126,0.3871713321328998
AI,22442947_AI.txt,7.352812140788618,163.4620747270235,0.022452375617958722,0.18356195127048255
AI,22450718_AI.txt,7.724942483626198,211.56284683725298,0.01844990489208692,0.6760626626392868
AI,22452756_AI.txt,7.371099345584074,165.5472626576197,0.021238491720683816,1.6514478538170705
AI,22455205_AI.txt,7.581217282063656,191.50221675058145,0.014237903028703102,0.8966627423467821
AI,22465498_AI.txt,7.53703511287724,185.72640282973802,0.02207122675621187,0.7090430935276538
AI,22485475_AI.txt,7.7096884876536205,209.3377210923317,0.02568321724672926,1.6458529187969337
AI,22488036_AI.txt,7.854314628279295,231.41115954864986,0.027131712844441862,0.494201323258535
AI,22492537_AI.txt,7.595525996734742,193.41099442313046,0.011025381414020428,0.3742142928501713
AI,22496394_AI.txt,7.403019379222652,169.2508629311837,0.013636650897383184,0.5787735850518855
AI,22506245_AI.txt,7.532469488583656,185.13957288742057,0.01396171026256616,0.6151701701318548
AI,22510753_AI.txt,7.592545797040293,193.01187441734484,0.015602839969357312,1.404992856280924
AI,22546476_AI.txt,7.462533259165973,176.37878826750878,0.015777199475396683,1.6201399352463395
AI,22551979_AI.txt,7.714256495952823,210.0015980154595,0.009773992162716022,0.34124628682414615
AI,22556198_AI.txt,7.726121037119476,211.73574547237104,0.020781811089685364,0.9895403280120838
AI,22560013_AI.txt,7.58523222208471,192.03589902339053,0.0274227282290237,0.7873309745832109
AI,22561438_AI.txt,7.258487999350867,153.1167177814414,0.008057831141717027,1.000401714859192
AI,22567495_AI.txt,7.61926312679373,196.61957182947785,0.03216968050041158,0.40134630377273106
AI,22571461_AI.txt,7.595880748404782,193.45855909051173,0.00981864111003027,2.6782588585625726
AI,22593054_AI.txt,7.638594913130057,199.27196051381878,0.018229992511424764,0.5152880451740778
AI,22605864_AI.txt,7.582978196977641,191.73610193354543,0.011641509042889254,0.8889197743645461
AI,22615491_AI.txt,7.044003762495273,131.96428896326586,0.007438594402764971,0.3809014678957739
AI,22622351_AI.txt,7.600508497944348,194.08011469671214,0.013722229285687214,0.6211637880707621
AI,22632070_AI.txt,7.1268905482995875,139.76802579293422,0.06804378613025729,0.4820523962381419
AI,22650051_AI.txt,7.81648697020644,225.422384160072,0.017555073996310004,0.5355057957209963
AI,22675694_AI.txt,7.333813075601499,161.3235307045584,0.01540623449714707,0.3895753446623619
AI,22706174_AI.txt,7.435792864688765,173.13971321099413,0.014235596234312396,0.27649960825198333
AI,22718826_AI.txt,7.768039779768625,217.97815946376738,0.005644972065029068,0.49719041426329375
AI,22720697_AI.txt,7.488705567562486,179.6077219479188,0.020895813633800015,0.5640455668490982
AI,22732234_AI.txt,7.700248170721752,207.97238555807178,0.01769504174216428,0.27106940368508636
AI,22754014_AI.txt,7.655736333354183,201.6537372655848,0.01957042232030234,0.40488630302286566
AI,22765255_AI.txt,7.513484502569387,182.71920931182123,0.013055637008348024,1.0210431302616993
AI,22776912_AI.txt,7.603517615972543,194.48534201915763,0.036005448058805845,0.4650036641129662
AI,22800977_AI.txt,7.599155118506666,193.89813523039032,0.0257549099813199,0.8573937091523234
AI,22807104_AI.txt,7.430185084183675,172.46802244223335,0.008677052309921657,0.5198801165108626
AI,22848179_AI.txt,7.637224058194815,199.08270138500927,0.011677714152427986,1.3599970293809562
AI,22852364_AI.txt,7.573760060780453,190.51490488409513,0.009661438620169448,0.4995453748332723
AI,22855060_AI.txt,7.394756383356732,168.28425405926336,0.009523095367606487,0.28055040849471635
AI,22861181_AI.txt,7.630980747878225,198.22302591491578,0.011947846271842406,0.4401963924859275
AI,22884757_AI.txt,7.181257754560699,145.13561271604453,0.01831466883988879,0.44631865406621807
AI,22890839_AI.txt,7.8863107881241605,236.60074204109725,0.03453253044611417,2.2865540998631695
AI,22894544_AI.txt,7.662412733514649,202.58909853068675,0.006739396743856804,0.35780872989124796
AI,22925443_AI.txt,7.369720748472409,165.38914610158602,0.007531481116235644,0.4071887408408277
AI,22946204_AI.txt,7.8807860073546445,235.69641541964717,0.03007627169229455,2.062820975837987
AI,22965804_AI.txt,6.575952692666817,95.40233637111173,0.015927793991717506,1.725133530454569
AI,22968380_AI.txt,7.6866302820899834,206.01852831824334,0.011801822762206376,0.6956822890613399
AI,22983516_AI.txt,7.649698431346532,200.8115487425179,0.00788689739262453,0.8001964600450605
AI,22990761_AI.txt,7.682262922823271,205.39580737294574,0.01473806724941393,0.5670178672539408
AI,23004695_AI.txt,7.458506088176925,175.8871271355427,0.05402001738084941,0.4544652902717884
AI,23009962_AI.txt,7.607284031494861,194.99374441953535,0.02333625953396659,0.347531540486005
AI,23011221_AI.txt,7.691746505617771,206.75042798265378,0.019499879862475922,1.2982850404156059
AI,23015611_AI.txt,7.8514846035176795,230.95766287756362,0.012018061792009649,1.680941856254958
AI,23032182_AI.txt,7.592402444540183,192.99269686466283,0.014075562928062385,0.5022968824702595
AI,23032276_AI.txt,7.799172331471275,222.73312641547756,0.009882340450326493,0.39058973571008476
AI,23048999_AI.txt,7.555097561997849,188.06630258017188,0.031639666100822354,0.9628218464509855
AI,23063986_AI.txt,7.837256669311504,228.69114093487872,0.008850004721765895,0.5421776497653817
AI,23085604_AI.txt,7.575419139695806,190.73412035640254,0.021578367881378995,0.3202545543676141
AI,23110214_AI.txt,7.636813645152299,199.02607506119827,0.025461050511236146,0.8920343392154793
AI,23138078_AI.txt,7.631457955488547,198.28860400324697,0.03205536114398398,1.3673888792789421
AI,23139437_AI.txt,7.048221529024493,132.35065541630948,0.004166626057284922,0.41669551420165657
AI,23139819_AI.txt,7.466773756110846,176.8979790637507,0.015842017664781813,0.3769424340546369
AI,23143731_AI.txt,7.708235222845026,209.1269558508975,0.01239906280859797,0.7117167603508633
AI,23155093_AI.txt,7.688286837261247,206.25522218596345,0.01306951104239066,0.2576498315779853
AI,23185829_AI.txt,7.479510305481371,178.4666020252174,0.007845424996651532,0.32256115306607613
AI,23190306_AI.txt,7.4831581596572025,178.91842577678116,0.0182648740160176,0.6245014247245766
AI,23234047_AI.txt,7.693477742357061,206.99867780209777,0.03851456172897576,1.0150794844391822
AI,23246831_AI.txt,7.512225634078312,182.5598415156733,0.014055993324310088,0.26357636274327173
AI,23296286_AI.txt,7.205264013815679,147.5708554496865,0.007314601847458209,0.6542548152235976
AI,23302948_AI.txt,7.956873696231919,248.4606712973935,0.017355688043035455,3.625477195233168
AI,23323001_AI.txt,7.611014649043601,195.49862481083719,0.01685437182159089,0.7785270624238569
AI,23354541_AI.txt,6.9237770379140215,121.41282707689429,0.014385833137423558,0.44472421145080915
AI,23387174_AI.txt,7.623004025898052,197.13006670298017,0.02244403422883109,0.5969007225677687
AI,23396633_AI.txt,7.716202044643577,210.28498704370475,0.019595730262430947,0.9063875548205874
AI,23398733_AI.txt,7.08845049432288,136.09313597248504,0.010633759608529624,0.4918354250114539
AI,23398843_AI.txt,7.46706727187398,176.93397255232532,0.012105039644650767,0.6645464381666656
AI,23408537_AI.txt,7.454179690593395,175.36046157660004,0.017051094901009575,0.4016938619067113
AI,23416654_AI.txt,7.858877172984827,232.14415926198552,0.017941896512786937,1.131149821509778
AI,23427369_AI.txt,7.636663787685611,199.00540264354711,0.022918760978132193,0.40898481267013476
AI,23438112_AI.txt,7.495011999517269,180.39455707132146,0.04109721274864281,0.3800574270053974
AI,23438227_AI.txt,7.847246967438128,230.28026501321824,0.014905138770402542,0.42992759038267947
AI,23464505_AI.txt,7.573463585987713,190.47575796662275,0.02476449216819164,1.4383123973823695
AI,23477199_AI.txt,7.3648058343804035,164.82666382988504,0.020238430317514145,0.4424611559671353
AI,23497307_AI.txt,7.506016046283897,181.77576367169323,0.013211158872077274,0.2476981820542643
AI,23510685_AI.txt,7.640403472091425,199.52192399836628,0.02026071385519722,0.2880645260260228
AI,23513618_AI.txt,7.7255809816579255,211.6564995870065,0.025410999797681005,0.4633410276454685
AI,23522150_AI.txt,7.7680754179513745,217.98354413704334,0.01996825579910077,0.46227461775135165
AI,23527321_AI.txt,7.4898956593876065,179.75594306312396,0.021093502576177797,1.836624931201891
AI,23568641_AI.txt,7.416954590576579,170.89360379032544,0.0034418078384042304,1.0488884980484177
AI,23568731_AI.txt,7.449612201391105,174.8061583890041,0.01575031431664216,0.26359380436649776
AI,23573064_AI.txt,7.471032628114283,177.4209578854184,0.05929635428822583,0.2775383516025975
AI,23577836_AI.txt,7.621604990102318,196.9389949018211,0.019199288055588876,0.5850407644630947
AI,23591247_AI.txt,7.209063097939175,147.9599694982017,0.011509235171404746,0.6650827179775394
AI,23602130_AI.txt,7.151867711901099,142.20887680956918,0.013833181081276152,0.5128018236957507
AI,23617240_AI.txt,7.923069214685221,242.7065468741542,0.020172955689255614,0.4320389771233797
AI,23628651_AI.txt,7.656563667213534,201.76941161536388,0.0239175576467022,1.7766165612659377
AI,23631188_AI.txt,7.510152915923875,182.2977463414955,0.020528788271500155,1.2881484414351005
AI,23631724_AI.txt,7.61795431585898,196.44127971275955,0.02389975942759812,1.0362273997895894
AI,23636277_AI.txt,7.540566179235884,186.181533994481,0.028835626005474197,0.3566283351424048
AI,23666211_AI.txt,7.827027681744018,227.07541109178246,0.01601203734739571,1.169309723315286
AI,23673025_AI.txt,7.730817246561665,212.42610312351283,0.012841745739051636,0.6723120622781557
AI,23719943_AI.txt,7.91205257603781,240.86026101779353,0.011328215632486713,0.5199742221683543
AI,23734441_AI.txt,7.425235596053396,171.8773461057953,0.05870598018773661,0.2648589813111072
AI,23752500_AI.txt,7.4892298265684305,179.6730012160142,0.02653048136933533,1.4864537040348895
AI,23760084_AI.txt,7.370320356781728,165.45789889715846,0.01920756243577369,0.7984287929314867
AI,23761385_AI.txt,7.671285684105488,203.83891370361624,0.0246821948737506,1.4031190376102407
AI,23771896_AI.txt,7.653794475101575,201.3824952172634,0.01268224906770009,0.36037559899141436
AI,23782450_AI.txt,7.329325191105319,160.82247093813464,0.026719382610745135,0.6378286755862927
AI,23804341_AI.txt,7.496563032177941,180.58860245186827,0.018037573650075148,0.2603651572901713
AI,23807940_AI.txt,7.6302003350020735,198.1158279525715,0.013272849722024423,2.3770851683377927
AI,23810469_AI.txt,7.537644440394775,185.8048616215385,0.010202336053813927,0.6434393003232085
AI,23814777_AI.txt,7.606120468945396,194.83654144737605,0.02047631716794197,0.5011185085740173
AI,23818675_AI.txt,7.810054447135719,224.41953406306072,0.043647532449194025,0.8311328733015955
AI,23841877_AI.txt,7.35133919203309,163.29526997314727,0.027058173787039858,0.31086367142284005
AI,23864648_AI.txt,8.006805255886501,257.2104157941388,0.021454061237143527,0.3493350825417985
AI,23864858_AI.txt,7.6981980976438065,207.67706617894703,0.0192342349410848,0.37369954981931924
AI,23914451_AI.txt,7.744751406209647,214.48774446015457,0.014474439984298437,0.7150720826651386
AI,23917826_AI.txt,7.70163432108588,208.17230274448198,0.017713838218238232,0.3022518341910037
AI,23918545_AI.txt,7.455152382948225,175.4787327910761,0.021203753744838977,0.49595370461475285
AI,23929500_AI.txt,7.517112009737252,183.17921590478767,0.017318083246044343,0.6236447531747618
AI,23933031_AI.txt,7.5996669277091415,193.9669345623109,0.01284341518494131,0.7201985616415534
AI,23939133_AI.txt,7.491194086767348,179.9177964647153,0.020972952391056537,0.29969150406753164
AI,23944036_AI.txt,7.670096905978829,203.6710199858082,0.008584868063580293,2.05715142087169
AI,23951429_AI.txt,7.375862319785347,166.09471055303484,0.010816101163681846,0.7209483123035691
AI,23955183_AI.txt,7.781722552358526,220.0553371156027,0.012910594523762926,0.27139122458328135
AI,23985183_AI.txt,7.810758038512555,224.52900845229183,0.028713293994371586,1.338295773901581
AI,24001783_AI.txt,7.435548617849567,173.11040331044916,0.03594885185117607,1.9052126695355442
AI,24020470_AI.txt,7.804203938730789,223.51129655488725,0.014409563301863264,1.2983186097354384
AI,24025053_AI.txt,7.491121928998488,179.90879792951318,0.011751420585259964,0.4913800764798578
AI,24038620_AI.txt,7.390353842036078,167.77149905938927,0.03373559117476598,1.1287101457745805
AI,24061629_AI.txt,7.668788974199867,203.4864577073815,0.010897146152702845,0.5326617438194511
AI,24068423_AI.txt,7.6319999731132,198.36311462875182,0.03659119704069264,2.2306910153490866
AI,24083609_AI.txt,7.062829859487352,133.6976094346685,0.013587495319837413,1.5089717040765476
AI,24103168_AI.txt,7.698163156735675,207.6720364691241,0.015698021908119277,0.40641214780206875
AI,24124250_AI.txt,7.726643509016327,211.8124394426453,0.01661069128358331,0.31391606719731596
AI,24154692_AI.txt,7.798081983843034,222.56485468767497,0.014806087157466593,0.8837881227355369
AI,24184357_AI.txt,7.474987621223931,177.90800562676657,0.03800694251130805,0.5091249447396389
AI,24219583_AI.txt,7.69784813219359,207.62669449167157,0.014764673268425182,0.581383652760809
AI,24221960_AI.txt,7.577879808239595,191.05971510330048,0.020510240079215696,0.659880856648503
AI,24230851_AI.txt,7.262047200738857,153.49493078582813,0.012011371537769678,0.40770129121622123
AI,24240349_AI.txt,7.69480450479163,207.18912996624164,0.008462229868870762,2.662360112313075
AI,24251588_AI.txt,7.6022164484686146,194.31001465088235,0.009650817457198962,0.37767250169460675
AI,24285142_AI.txt,7.849575991006996,230.65231960190667,0.032691762809913115,1.622074846104405
AI,24294778_AI.txt,7.698285266310807,207.6896145550205,0.016702494520537407,0.9974389779328323
AI,24322804_AI.txt,7.44722063825083,174.51662135272855,0.024270068964784466,1.536754497530417
AI,24349611_AI.txt,7.9424433794321745,245.98787232135513,0.01645774184610491,0.9290823877554328
AI,24361598_AI.txt,7.453070214853077,175.22565596553488,0.008783748679387861,0.4174155753002546
AI,24397882_AI.txt,7.548413570013328,187.1970085139286,0.03806600679680411,1.910633172832578
AI,24402267_AI.txt,7.432280827598138,172.71874166560372,0.01908278281721181,0.5119376286124111
AI,24410405_AI.txt,7.645165515176105,200.1815934326492,0.021109529280877996,1.0035356435600307
AI,24411323_AI.txt,7.1682306205238815,143.83097770267725,0.013365192149099567,0.3221924991272252
AI,24412546_AI.txt,7.388687142871292,167.57778995874318,0.023270594335411357,3.152872116671202
AI,24416961_AI.txt,7.495441745983111,180.44830056431607,0.021483511363944288,1.9812167694972553
AI,24444525_AI.txt,7.459880303466736,176.05474532649308,0.020321858362234445,0.5546901838779451
AI,24455357_AI.txt,7.456228648504122,175.60969059883683,0.012924567410711638,0.7999598811716633
AI,24491862_AI.txt,7.499792919928548,180.993354881847,0.008804433305678653,0.4055028538620204
AI,24508725_AI.txt,7.738107913584244,213.50231659449753,0.04312981661218146,0.3550640046494673
AI,24516163_AI.txt,7.698871448247677,207.7740181422863,0.014307837928644691,0.579806935853536
AI,24530382_AI.txt,7.5992343028073215,193.90877788816846,0.016590947292569085,0.6879890178102596
AI,24533931_AI.txt,6.783555487334106,110.16754685711636,0.018846506067712956,0.2807439026345378
AI,24544244_AI.txt,7.717463883119449,210.46899111581436,0.01020300041514053,0.3181828718354518
AI,24548333_AI.txt,7.646320628274696,200.3419356868858,0.01834266930193023,0.46945444318273344
AI,24550866_AI.txt,7.506542703670344,181.84213322440195,0.011504034689813706,0.5052871470590978
AI,24553863_AI.txt,7.596994355152675,193.60794611911666,0.017968305224532865,1.3342364946624692
AI,24559558_AI.txt,7.877105157679251,235.09583300076136,0.01284844375178848,2.5576797498829413
AI,24574164_AI.txt,7.6779414739354666,204.78148527799647,0.015216609892232506,0.40473949411016547
AI,24580361_AI.txt,7.376539182004955,166.17265468392813,0.011949563099939109,0.46631137167935316
AI,24583187_AI.txt,7.8275968096647155,227.165007608826,0.013002529180876531,2.1840996225147937
AI,24588864_AI.txt,7.707568096399811,209.03027438542097,0.008841715017976702,0.44902766812649697
AI,24589765_AI.txt,7.638685979153173,199.2845393868281,0.009848102573061132,0.8726387222170504
AI,24590489_AI.txt,7.8917097685545405,237.48782900598212,0.007230191470653684,0.3540000122469542
AI,24592627_AI.txt,7.2494290757905375,152.1582845207674,0.019307850441937127,0.6131815148813529
AI,24610685_AI.txt,7.888050318757539,236.88619562256798,0.04004193786820009,1.8267999441799954
AI,24611721_AI.txt,7.645194507917593,200.18561636982056,0.015624051969421933,0.35325389761214576
AI,24643412_AI.txt,7.512022500276739,182.53413860345404,0.01947781247537815,2.6317034339279943
AI,24647386_AI.txt,7.651295599924229,201.03398486922208,0.010285821077875653,0.33835055587849766
AI,24647794_AI.txt,7.645048971436265,200.16542302338604,0.02396222514643142,0.8015016236782408
AI,24655918_AI.txt,7.728143941738404,212.03284335895006,0.014219238000886068,1.7571884127567785
AI,24658786_AI.txt,7.9140787626510285,241.19877379245528,0.04776750158336397,3.054677526041097
AI,24668861_AI.txt,8.103535678179698,275.0472518724793,0.02716925986393458,2.4625991672590484
AI,24670867_AI.txt,7.661875627512193,202.51368996178232,0.012811237577485911,1.0819694468399939
AI,24673903_AI.txt,7.110085309306077,138.1493830672391,0.00713743671931655,0.6001005565406838
AI,24677466_AI.txt,7.567478361997572,189.68717929811734,0.015063870806190576,0.30699945155700525
AI,24679149_AI.txt,7.576700518236536,190.90360259017646,0.01625757747541147,0.29308589163616705
AI,24695561_AI.txt,7.701568258777358,208.16277056502713,0.0239706392348404,0.9790035853515232
AI,24703009_AI.txt,7.812382495172932,224.78196770910088,0.023717496579021887,0.7485671739262482
AI,24703983_AI.txt,6.818733026159012,112.88680286496574,0.012248816620295564,0.5589513386205043
AI,24708621_AI.txt,7.452239682227747,175.12481085388265,0.01655261432729625,0.5363304445897659
AI,24709432_AI.txt,7.724148511058244,211.44644740507147,0.014333372950856441,1.0489451762344477
AI,24710433_AI.txt,7.561156258879098,188.85776065876513,0.012469954624891828,0.5756487385368233
AI,24727739_AI.txt,7.496764386123555,180.6138085863764,0.013973008224880476,0.4614378984703487
AI,24740005_AI.txt,7.72004932663698,210.84650927000007,0.04499667515085785,0.44248933445739813
AI,24754689_AI.txt,7.504431797579061,181.57626207848247,0.010659651441386472,0.3648800946378967
AI,24763208_AI.txt,7.7600260261709995,216.77071046600818,0.022288723428937278,0.2610246030457322
AI,24767027_AI.txt,7.8781087350870385,235.25942886892233,0.00952285228445499,1.1442171189526342
AI,24770846_AI.txt,7.4233145195274615,171.64862847331048,0.012174518461538815,0.42761416073999087
AI,24773845_AI.txt,7.91021386531637,240.55348083775172,0.009776352671946806,0.24585656136297024
AI,24791126_AI.txt,7.35768391982222,164.0149962964936,0.02332303395779848,3.162472020598918
AI,24799301_AI.txt,6.829585106648119,113.7391491357034,0.018279163396137322,0.7903035128079721
AI,24817041_AI.txt,7.246920781220991,151.89396933167,0.015326108050021514,0.8050949114377725
AI,24828381_AI.txt,7.879321559626648,235.45728660528698,0.011657758247968176,2.5046368058291395
AI,24833063_AI.txt,7.586442186152052,192.1970238591147,0.031055259980582756,1.2015255369694997
AI,24854026_AI.txt,7.3698379221330645,165.4025793207565,0.018175294293087303,0.5454410727941424
AI,24889109_AI.txt,7.747047664983547,214.82940469827906,0.01648614137961916,0.6419397716892878
AI,24905947_AI.txt,7.580152766557875,191.36096590945024,0.013480627422593565,1.2950155492578335
AI,24913648_AI.txt,7.535125818755017,185.48077102549743,0.013885807978416754,0.37127871112979016
AI,24946537_AI.txt,7.619363011660313,196.633185239812,0.020179733479654034,0.6799375580015472
AI,24953126_AI.txt,7.391938685297023,167.9559022911733,0.01665928089403555,0.9590646211123087
AI,24953921_AI.txt,7.762346983968882,217.11972434016482,0.014292783441282122,0.3472390901862656
AI,24964303_AI.txt,7.483819827575892,179.00050253641962,0.022892642795072252,0.35044557657447367
AI,24967652_AI.txt,7.6021417168280125,194.29994964776085,0.015314489789586357,0.36377442011392136
AI,24977396_AI.txt,7.799627205773802,222.80336409320833,0.007429175604961593,1.5617773261372965
AI,24983760_AI.txt,7.65211060688951,201.14758502821857,0.020259257127284318,1.1430312101300995
AI,24989856_AI.txt,7.394609571277333,168.2671299245487,0.015933612690037062,2.2393664899772228
AI,24994145_AI.txt,7.5361036191749795,185.6065250101347,0.021066539904523122,0.854973436499862
AI,25001005_AI.txt,7.719696420149427,210.79493911913713,0.040785202297989126,1.018607448994986
AI,25023614_AI.txt,7.5893933828686135,192.59058712298142,0.017491739931774306,0.9917272022781312
AI,25038571_AI.txt,7.166993303092603,143.70767494111251,0.01976326891818092,0.1782765909570027
AI,25047127_AI.txt,7.470937916255393,177.4093107135057,0.008716137601812399,0.7958915007018341
AI,25061645_AI.txt,7.190776340724473,146.09635161497616,0.01849007805170361,3.4012422639376525
AI,25067742_AI.txt,7.092998277772314,136.522816971264,0.019093863350714838,0.6650106778942143
AI,25070914_AI.txt,7.513896375563503,182.7713810107834,0.006601410589039804,0.23836505970971159
AI,25080805_AI.txt,7.796251585588097,222.28265783444803,0.05103038755886061,1.974817085544621
AI,25098739_AI.txt,6.874452934827486,117.3320171819417,0.031361277300932175,0.46059926734743944
AI,25101183_AI.txt,7.354015375626882,163.59846204315699,0.011460952452342294,0.3209835701949578
AI,25127518_AI.txt,7.344318846537249,162.50258374466586,0.015059351523584537,0.5319142779181106
AI,25128608_AI.txt,7.371862142960331,165.63481574660415,0.01408955282077073,1.1108606815204047
AI,25142074_AI.txt,7.5433082939347775,186.53574371624856,0.023719652067126208,0.3660687483349491
AI,25150191_AI.txt,7.660939594086935,202.38233988652195,0.012875826317418976,1.5293913534272114
AI,25157655_AI.txt,7.184650984330415,145.47737454279573,0.009887237562006155,0.5338092245505578
AI,25162378_AI.txt,7.6957681581149675,207.32756891844085,0.0075258015410736585,1.2941516920232137
AI,25187733_AI.txt,7.575463672767926,190.74000802302234,0.011591175877783523,2.5631929999141954
AI,25200253_AI.txt,7.41380337746814,170.52073603766874,0.03809021195710518,0.6526336979693229
AI,25207620_AI.txt,7.55775063822593,188.4124695006882,0.04712795156171218,0.3332246822677022
AI,25213006_AI.txt,7.51737794139938,183.2129844018647,0.017961418226389535,0.708062764340116
AI,25224998_AI.txt,7.848068013512239,230.41135613989235,0.018040070478192092,2.5011184666997566
AI,25258040_AI.txt,7.728711698207253,212.11630292997134,0.01096134697828066,0.5163942259477385
AI,25315791_AI.txt,7.318312292899546,159.59949682425537,0.008866910402654665,0.27248003517009983
AI,25328428_AI.txt,7.643930548419907,200.0103085627087,0.01528010088695849,0.6277281097049058
AI,25330083_AI.txt,7.5993919761826465,193.92997150251668,0.01110245124704478,0.6345639475498727
AI,25370801_AI.txt,6.717614087191315,105.24545246297521,0.004386745850452016,0.2851128818658827
AI,25397102_AI.txt,7.564329463252848,189.27361002455746,0.0082122817945522,0.5332646065437517
AI,25413261_AI.txt,7.6637649662847735,202.7790735672018,0.02441555768771962,0.42717523007033315
AI,25422388_AI.txt,7.313666438616246,159.08637146346072,0.016618381471894195,0.4208774030264506
AI,25425322_AI.txt,7.830187843886831,227.57335528809259,0.015820867421702776,0.7206925157875784
AI,25451319_AI.txt,7.389570248648178,167.68039945908367,0.012224406584009221,0.29405931449631906
AI,25452321_AI.txt,7.553397303908438,187.84479152393422,0.016159362064041668,0.8794197594719582
AI,25462793_AI.txt,7.223984987822846,149.49827087596196,0.028854846174056443,2.1405909273022226
AI,25482567_AI.txt,7.15078271377318,142.10196692566527,0.0313595511084194,0.3750346788049721
AI,25497147_AI.txt,7.497948304895275,180.762086520981,0.016502729863785367,0.37545086551827794
AI,25507648_AI.txt,7.749360460072057,215.17407550391732,0.02066903293027639,0.7090042820339382
AI,25525152_AI.txt,7.124522175229287,139.53876648383834,0.013644362283314273,0.5405213038429298
AI,25543217_AI.txt,7.800134053788794,222.88165318327674,0.021355388563252888,1.202081880322347
AI,25547145_AI.txt,7.3606691004048255,164.35472247939575,0.014808372709767547,0.7307625638293841
AI,25561640_AI.txt,7.546414304248288,186.93777329100575,0.020838789052602814,1.610538693060631
AI,25588694_AI.txt,7.305401934980756,158.17764772236376,0.04824973409072296,0.425023810943617
AI,25608963_AI.txt,7.844939179927204,229.91219478535234,0.013399617222979967,0.3343796711662523
AI,25624652_AI.txt,7.609071133962241,195.23543771759975,0.02697049739144916,0.5470457847246902
AI,25625173_AI.txt,7.7324106277726985,212.66084625014048,0.03600784137625908,1.8434689648216445
AI,25656981_AI.txt,7.702299354293026,208.2682851964316,0.014264251794206224,0.48517195504966765
AI,25676643_AI.txt,7.555888092977411,188.16938256202874,0.008309399455270821,0.5026649232160628
AI,25678238_AI.txt,7.612453162822863,195.693654051568,0.02224608410968799,1.097657627970949
AI,25694422_AI.txt,7.72133935994836,211.03512894188677,0.022069139925546332,1.8288140952426266
AI,25706337_AI.txt,7.111552759856537,138.2899744746125,0.014678647546083275,0.9438210333508839
AI,25718772_AI.txt,7.753778262008878,215.8339886243712,0.011391730858649361,1.0842374971708277
AI,25719936_AI.txt,7.87703712586239,235.08474706846025,0.017881337330351688,0.587682631281051
AI,25723793_AI.txt,7.802504518066377,223.24816673374488,0.005147126422358704,0.6663903337114405
AI,25724495_AI.txt,7.753651674621186,215.8150513844172,0.01304216655716029,0.2443654924081002
AI,25729119_AI.txt,7.2751706353690855,154.89756291175786,0.014685196411212686,1.7418802001957752
AI,25749150_AI.txt,7.705810467344668,208.77576877985666,0.020118596216973168,0.30371881695598746
AI,25780596_AI.txt,7.460078824166276,176.07897284165415,0.010121628796564086,0.26258048140377793
AI,25797445_AI.txt,7.187511931305446,145.76615075190975,0.027030355278549252,0.2996519621344084
AI,25810233_AI.txt,7.291730832637615,156.68582221901818,0.010631210483438187,2.008425772501404
AI,25813953_AI.txt,7.511481411844552,182.46569129553518,0.012431333635912256,0.30919403258666556
AI,25824789_AI.txt,7.466358006847354,176.8470087571494,0.012572568238683173,0.706805236578706
AI,25834360_AI.txt,7.505788838923884,181.7471383987242,0.012302295306794135,0.47494594676441
AI,25838512_AI.txt,7.248450180395488,152.05507731510417,0.013690075907517342,1.1752424388544904
AI,25839123_AI.txt,6.7260969192575635,105.86610293361372,0.013982394858803074,0.4880791430038063
AI,25846894_AI.txt,7.415474919844681,170.71842010465863,0.012813602851489995,0.285206525023221
AI,25857360_AI.txt,7.4911445783634765,179.9116224016987,0.013707536239435937,1.3572682721795342
AI,25862026_AI.txt,7.523029105028759,183.93205321807469,0.01779489165692742,0.7402283737642913
AI,25867805_AI.txt,7.603685018016569,194.50791029021636,0.03183803674961495,0.46159811650566224
AI,25873425_AI.txt,7.7312998783805496,212.49717895339717,0.010965441133514943,1.6998356435771491
AI,25905275_AI.txt,7.406393822428638,169.64720162983423,0.016009351920815013,0.34879746696647707
AI,25919149_AI.txt,7.720520166722071,210.91533267832975,0.008949559879609666,0.3950149262520491
AI,25923361_AI.txt,7.480308551601779,178.56537528477713,0.014547093207984104,0.40321764728489656
AI,25924968_AI.txt,7.520834728422819,183.65250044812046,0.023303884957310176,0.4100212457145707
AI,25926667_AI.txt,7.8144884805963155,225.1103345626554,0.01363776269643822,0.8881344568854912
AI,25930778_AI.txt,6.957477008925013,124.28229771263497,0.027116079531805008,1.8044824613243107
AI,25935030_AI.txt,7.691389266009755,206.69923885675558,0.014770708429883496,0.7350987446823467
AI,25949631_AI.txt,7.883074197535982,236.07053893707436,0.017166917650134148,0.6802489928692008
AI,25953797_AI.txt,6.831210261450815,113.86734523323284,0.004915582534516143,1.1428770648360025
AI,25959103_AI.txt,7.4882898973509855,179.55598071121125,0.025090846346009475,0.37121067614640774
AI,25974844_AI.txt,7.554404610016204,187.97599269440326,0.015506008038417856,1.0755134144316074
AI,25990239_AI.txt,7.463415020656154,176.486622255882,0.026156294557711283,2.557736760108363
AI,26013403_AI.txt,7.689879888263988,206.48309887188353,0.02782123339160149,0.48962616494049593
AI,26046064_AI.txt,6.98758078450506,126.90286099201329,0.01382029177365117,0.674131348310257
AI,26046878_AI.txt,7.552797879456298,187.76676022175235,0.009925216090988323,1.2640811473124471
AI,26048718_AI.txt,7.8938548730598574,237.8412059281998,0.01715689685918882,0.8335488038401759
AI,26065877_AI.txt,7.401419779926013,169.06330872179046,0.012402351897837217,0.9252722790395427
AI,26069113_AI.txt,7.794255368193762,221.9753041302278,0.0228883812436816,0.32511264207787327
AI,26070334_AI.txt,7.5912620274981295,192.8402008843637,0.022108276430693612,0.8880649102457653
AI,26071861_AI.txt,7.661310931653391,202.43443810274528,0.018419719779442977,0.7616554922203165
AI,26079779_AI.txt,7.515913864875484,183.02715041675992,0.02156780470411553,0.24422765453617395
AI,26091595_AI.txt,7.200170756262621,147.0507932271315,0.018643478573188352,0.2747391156134504
AI,26098594_AI.txt,7.623035202515106,197.13432672663842,0.015806986072221446,1.0835581453469048
AI,26125407_AI.txt,7.774258780888181,218.9198223772116,0.04182661997724905,0.475892462506352
AI,26127853_AI.txt,7.593888613934981,193.19160766255123,0.018943674127234456,0.5147283344821871
AI,26130673_AI.txt,7.438438975910264,173.45756787595164,0.035238697196320515,0.5085827619380958
AI,26160200_AI.txt,7.7292752235888775,212.19917302056473,0.012976806424822646,0.4882003925768063
AI,26167298_AI.txt,7.625086345517318,197.4148006044497,0.01588822327414892,0.35099160309403504
AI,26173524_AI.txt,7.636864531949326,199.03309524066367,0.007300623917500267,0.3535335805801697
AI,26189601_AI.txt,7.670596479440356,203.74155897864466,0.02505576612209123,0.35536827786977876
AI,26202430_AI.txt,7.637602894413832,199.1349852279559,0.020099015283118894,0.491167456501871
AI,26231609_AI.txt,7.660251249772183,202.285801463196,0.013553151268541437,0.39292909096752954
AI,26234972_AI.txt,7.625330792126011,197.44825290426417,0.07641675540459053,0.6687858188576955
AI,26278597_AI.txt,7.8709673961210935,234.0977724095105,0.01883540832916578,1.815745983901712
AI,26279402_AI.txt,7.490495944324156,179.83075252302783,0.016376989475158726,0.5892381751529984
AI,26289308_AI.txt,7.415401238198044,170.70970135763338,0.04736554254961372,3.5781539104245543
AI,26291616_AI.txt,7.4468730561758205,174.47458090682122,0.021889791947160966,1.7059856507737192
AI,26330995_AI.txt,7.605236038554861,194.7171353740305,0.03450621028426224,1.0922377603566638
AI,26341645_AI.txt,7.704706648136351,208.61609361650775,0.018407955335036055,0.588901353538256
AI,26341987_AI.txt,7.730648124636411,212.40120263874903,0.010723235619516984,1.141935783233828
AI,26410763_AI.txt,7.387546674528714,167.4453699818194,0.00938520779653334,0.3858366189408333
AI,26425074_AI.txt,7.662083642702778,202.5428915322679,0.06669069209486927,0.4881032068740082
AI,26456474_AI.txt,7.304656196573257,158.09590580040458,0.014713969281418082,0.6150485519473703
AI,26456899_AI.txt,7.7426148697725266,214.17033730984633,0.020286534529306604,2.651671457360386
AI,26459032_AI.txt,7.886550438199412,236.64004771118027,0.01816131593078161,0.49122703379401184
AI,26480367_AI.txt,7.247364003510692,151.94064110458532,0.025702358981910152,0.3955130057618868
AI,26496059_AI.txt,7.710680509532204,209.4817148039059,0.010700110318600265,0.4304791240028462
AI,26503829_AI.txt,7.534992611404871,185.46364595006517,0.017837158580910884,0.4039167817104148
AI,26509539_AI.txt,7.635544006873394,198.8509999698457,0.00917292948753013,0.2873256960738585
AI,26530575_AI.txt,7.64611314717833,200.3131255957438,0.008161492178738997,0.3756665152153574
AI,26530696_AI.txt,7.404647227582411,169.441942977361,0.014497955546934433,0.5199836606837611
AI,26579709_AI.txt,7.794789743682519,222.05753920356022,0.01867629306801195,0.763090708059614
AI,26581830_AI.txt,7.668378666074904,203.4285935899279,0.017369651311872777,0.35753100486971867
AI,26585242_AI.txt,7.5599652193822395,188.70191051632176,0.010328930430110576,0.3674147000644895
AI,26586477_AI.txt,7.688945017052807,206.34934047591472,0.012530778125196146,0.6891933775454484
AI,26622051_AI.txt,7.448753637409374,174.70216023404961,0.03106550731862012,0.3967333288113053
AI,26671167_AI.txt,7.817247677899134,225.54127675632893,0.01415994482451914,0.5618538495367144
AI,26673507_AI.txt,7.706075652220583,208.814147829749,0.03805826858875267,0.66887207845011
AI,26676567_AI.txt,7.7123496506591795,209.72421712205625,0.023053025592358986,2.6878812839599187
AI,26691587_AI.txt,7.932549352113323,244.30665477531022,0.00936026713466788,0.36051630476363083
AI,26695839_AI.txt,7.626772277501941,197.6456341930495,0.01977858121012783,1.1672190082392535
AI,26718039_AI.txt,6.790352593621085,110.68781432342759,0.011360656824297908,0.28835492757906683
AI,26746496_AI.txt,7.5998386985829685,193.99003012473543,0.0154425797582523,1.7439016963010763
AI,26750846_AI.txt,7.457109846182299,175.7169857073121,0.010588110435448399,0.7433178584335632
AI,26767199_AI.txt,7.760024093389462,216.77042005803247,0.02325189003063308,0.28982169468134006
AI,26768723_AI.txt,7.647053063430452,200.4436721781388,0.013467066252226578,0.25683145796939033
AI,26780935_AI.txt,7.790084860221465,221.33454986809713,0.016640665579974484,0.4820174181304287
AI,26790545_AI.txt,7.556361987906522,188.2312023929234,0.013075397045715623,0.6191302492781671
AI,26801767_AI.txt,7.790976113988134,221.47132596457024,0.021618183591268634,2.0660677766136617
AI,26819872_AI.txt,7.996328384857965,255.34931609754884,0.014700012797235726,0.8302066523221187
AI,26829350_AI.txt,7.666524381727986,203.1672964102784,0.014177830912160908,0.25192932118174277
AI,26829561_AI.txt,7.430007606020721,172.44680699181202,0.01609067362602066,1.1382044737558765
AI,26834746_AI.txt,7.595046942439924,193.3467819711284,0.017808643511809157,0.26789892466993354
AI,26835781_AI.txt,7.769839664031118,218.2502753893967,0.026626738071144962,0.7711833075726887
AI,26888302_AI.txt,7.906404151326558,239.9190910452956,0.012272219995212325,0.35144760944374126
AI,26896699_AI.txt,7.569343258468451,189.93253654608404,0.011835277296032773,1.2049890044043265
AI,26908066_AI.txt,7.55202232937306,187.66584950380482,0.018270518464754474,0.42184862220253916
AI,26919036_AI.txt,7.545100870016874,186.7676619842698,0.00602937500110293,1.7470535003762937
AI,26921245_AI.txt,7.929524243001293,243.79491808363375,0.022445009933147398,0.4522342125448184
AI,26924514_AI.txt,7.5199320368968054,183.53762537237478,0.028213624440762804,1.3059756098238202
AI,26932091_AI.txt,7.503394360955601,181.4457382008407,0.010935994143595631,0.4163678664533109
AI,26942552_AI.txt,7.398515218831055,168.72327793953662,0.008554663288013914,1.556900948304843
AI,26958533_AI.txt,7.56539628047546,189.4136223042053,0.03159694310844671,0.416869150630519
AI,26961846_AI.txt,7.623560894031201,197.20617193523427,0.014734367548405397,0.42289201049063185
AI,26975573_AI.txt,7.743024835491338,214.2312060106069,0.012109845765548766,0.3804974994746252
AI,26987539_AI.txt,7.855099699920726,231.53712087351033,0.014880421293766419,1.2992048187964849
AI,26994282_AI.txt,7.759084872337702,216.62934444720088,0.008635041722767694,0.3134900504185535
AI,27000192_AI.txt,7.732831808176461,212.72293952290275,0.006742289594087275,0.49436015499235486
AI,27004930_AI.txt,7.499267330942773,180.9274291074136,0.016699208362284605,0.6001347986969993
AI,27018361_AI.txt,7.742822397434181,214.2011473320112,0.009481597160299105,2.4605260356298655
AI,27018550_AI.txt,7.0130201018497855,129.16040878136855,0.01610308283520839,0.4416255165458715
AI,27024099_AI.txt,7.593946390470781,193.19934468598842,0.007438529918217011,0.3762504607556611
AI,27030979_AI.txt,7.669425961341883,203.57632207412323,0.017834837157905663,0.46356806460253436
AI,27040860_AI.txt,7.38105137640296,166.69319233856538,0.006397029291373694,0.33429399265109516
AI,27058381_AI.txt,7.633800415192227,198.6108206457292,0.033228774890298574,0.5866773250558012
AI,27066370_AI.txt,7.278470588336039,155.25227385162538,0.012378314072163336,0.31260497277182187
AI,27080812_AI.txt,7.6072731158345395,194.99226907140815,0.024380464405059317,0.3643887895540537
AI,27084878_AI.txt,7.701663053015687,208.17644863212988,0.016290763013077976,0.25794772354014495
AI,27090089_AI.txt,7.4606475412414195,176.14839767215287,0.016204138295503212,0.48172983730971214
AI,27091280_AI.txt,7.530947455358933,184.94435492178945,0.011096239039219396,0.4555880194975738
AI,27096471_AI.txt,7.9292050577621795,243.74098628960647,0.018552340035578433,0.6348878232581326
AI,27096796_AI.txt,6.315616036547457,79.6507497391011,0.08990319308011407,0.9469004109576933
AI,27099856_AI.txt,7.791158825830201,221.49937624220334,0.018817029502635068,0.41554493041146384
AI,27120528_AI.txt,7.820475262556876,226.04642055812005,0.014785564901944655,0.3602617504563962
AI,27126818_AI.txt,7.605336077128505,194.73063781169694,0.021089091846273673,1.6519801840702382
AI,27139412_AI.txt,7.2342707907005765,150.5679386575565,0.034174198336096605,0.48171712261647937
AI,27152464_AI.txt,8.162052595208106,286.43273992984393,0.03205915102978216,0.4569320890401579
AI,27164756_AI.txt,7.929090067720549,243.72155968286128,0.03972063923826341,3.5688047728471504
AI,27165830_AI.txt,7.570363260726919,190.0668685512149,0.01934889810261362,0.24315960436920345
AI,27176039_AI.txt,7.472153674885567,177.5588764911861,0.013882552329058115,0.3052110825803838
AI,27182111_AI.txt,7.45954495413598,176.01382678301738,0.06393198785234674,0.8957346226226891
AI,27187994_AI.txt,7.116483603252063,138.7634306050129,0.008419355992453508,0.811255618485241
AI,27213082_AI.txt,7.670019637629013,203.66011199642114,0.02016374281652597,2.4511483079441194
AI,27219200_AI.txt,7.375555915471948,166.05943855835335,0.01625841907683406,0.37835106181056427
AI,27233183_AI.txt,7.493645555022064,180.2237777701835,0.020080583605753568,0.7758367161478541
AI,27243670_AI.txt,7.59269355421302,193.03164321707342,0.016163844980271375,0.355284899439814
AI,27246366_AI.txt,7.3202337735523,159.81220404767012,0.008905698253939633,0.7340621586040519
AI,27257013_AI.txt,7.721546640544677,211.06545179510607,0.025843062409331635,0.703300024604957
AI,27295996_AI.txt,7.714098746516822,209.97863694494467,0.021098869104698534,0.4081892510478001
AI,27298953_AI.txt,7.645285479690393,200.19823983775905,0.039835031478406474,0.29446488348871425
AI,27330027_AI.txt,7.397922509543935,168.65397478728542,0.009527902859120812,0.6506126015983648
AI,27372171_AI.txt,7.860629602124454,232.42631408741002,0.016922253509737358,0.4970382862456932
AI,27375577_AI.txt,7.850544208225004,230.80716625701703,0.01481464842187415,0.6736184503041742
AI,27397245_AI.txt,7.398400412066147,168.70985181520624,0.009042456814205247,0.6304839221582555
AI,27409087_AI.txt,7.6224373484410135,197.05265101536702,0.032196366037209975,0.5075553663194944
AI,27419236_AI.txt,7.663082401671921,202.68315788231013,0.020793112179460158,1.3042746649306536
AI,27485716_AI.txt,7.408583250332131,169.9048529626737,0.0136970641097773,0.8597231940460451
AI,27490876_AI.txt,7.650917142291018,200.98125517546234,0.012203994262346569,0.3760876993938883
AI,27496514_AI.txt,7.542123726712066,186.38264591533905,0.009273113922759505,0.5938868202502698
AI,27497542_AI.txt,7.447615909884387,174.5644422148881,0.021918077759837864,0.4613947039510759
AI,27502951_AI.txt,7.694424775444679,207.1346032383924,0.023549980704813362,0.5885301780864781
AI,27512470_AI.txt,7.577063190243418,190.9515989399326,0.0068403557529385615,0.41720373075692924
AI,27523575_AI.txt,7.790529549443126,221.40278345628363,0.010850181173817976,0.7336561544929701
AI,27524018_AI.txt,7.524243341637985,184.0869238164207,0.010004795325295175,1.2304775679007773
AI,27529455_AI.txt,7.374269824208746,165.91147074612707,0.023365409931794572,0.5479040305111599
AI,27531694_AI.txt,7.466269160796332,176.83611825421997,0.015286386782549016,1.1409586243041943
AI,27536013_AI.txt,7.497644185498023,180.7239859789535,0.012970020229217965,0.3237452155673942
AI,27549075_AI.txt,7.628988787637094,197.9495239549619,0.035092296215321846,0.5625310098019036
AI,27558837_AI.txt,7.487672105450973,179.47910758151596,0.014535374166523894,0.32120279790866374
AI,27573855_AI.txt,7.841644058321625,229.38767358756277,0.017725777062095514,0.47071670323082226
AI,27606527_AI.txt,7.690661835134622,206.59504392750074,0.027467709388912402,0.8944407281909118
AI,27607632_AI.txt,7.410119920287804,170.08592156838242,0.01227403614088255,1.2389190506968994
AI,27624540_AI.txt,7.785022152616799,220.5592035521118,0.014985607252447611,1.044548659248436
AI,27637576_AI.txt,7.32938084456818,160.82867495200887,0.015912165726738307,0.26104135743786067
AI,27662298_AI.txt,7.391701243040409,167.92826197513844,0.019351752667687714,0.41527806704096276
AI,27689009_AI.txt,7.663273861672999,202.71005774097276,0.018039137740630068,3.3576894850073047
AI,27694040_AI.txt,6.954191388477741,123.99957696139917,0.018133584615047074,0.3909220134197654
AI,27710853_AI.txt,7.811382885848143,224.626275535814,0.014710027157748403,0.31332573749751097
AI,27715131_AI.txt,7.4382473529179665,173.43453026236458,0.039514572522587575,0.49393653451189207
AI,27726066_AI.txt,7.67302759108222,204.08517702093167,0.02612675254138178,1.176810593361153
AI,27756469_AI.txt,7.737695892176958,213.44135085866466,0.038343456385223185,1.3687169807249255
AI,27770859_AI.txt,7.97163124757423,251.01525739525363,0.025507757823377875,0.6578865507135574
AI,27788376_AI.txt,7.383971769834743,167.03096486716998,0.010288357840150582,1.038523354473018
AI,27789372_AI.txt,7.109506560035847,138.09397439289668,0.013712610381868523,0.3176023587612853
AI,27796199_AI.txt,7.422369083738222,171.53617948757133,0.015684972262588835,1.1376800726333374
AI,27798860_AI.txt,7.773848221392582,218.85753144140682,0.02225098221862459,0.4727564539365981
AI,27820360_AI.txt,7.610509998717765,195.4302519470539,0.016995522980060105,1.40191397116197
AI,27831220_AI.txt,7.403909907636652,169.35536819801325,0.017337718071300447,0.4341241550732838
AI,27835351_AI.txt,7.636273246984123,198.9515387368673,0.012050249755441294,0.615412742431589
AI,27847081_AI.txt,7.641441441963373,199.66552486880926,0.021393330552473454,0.3802149046384405
AI,27850777_AI.txt,7.8203715090140555,226.03016468075336,0.011061710157306833,0.4727758617768703
AI,27884470_AI.txt,7.692044848130012,206.7931874145511,0.02019572999904185,0.41685627186249447
AI,27888251_AI.txt,7.524438889606371,184.11187729770714,0.013484771814136282,0.6254207786441077
AI,27902692_AI.txt,7.213286673757512,148.39376581020187,0.014487919522921307,0.6228277342424815
AI,27903191_AI.txt,7.385519902378007,167.21029927742453,0.013200152623019396,0.30085059750649334
AI,27909372_AI.txt,7.668158176805531,203.39750566535972,0.011087821311371421,1.0836949270322505
AI,27914096_AI.txt,7.662319069594447,202.57594628945148,0.015453900505634725,0.7458067795773012
AI,27917969_AI.txt,7.590645452967383,192.7578030462991,0.043595993850909724,0.38755853505646576
AI,27921561_AI.txt,7.968821681875843,250.52689528711872,0.013795973180094682,0.5282706993730705
AI,27936502_AI.txt,7.81855978785094,225.74649654321237,0.011865289020910469,1.016647259651262
AI,27937592_AI.txt,7.556496727397584,188.24878293494498,0.015383201411235033,0.526800654116525
AI,27974588_AI.txt,7.252579993258477,152.4909689223515,0.08186552961740799,0.38499465760781393
AI,27980446_AI.txt,7.561281437157195,188.87414798544765,0.009969222956006428,0.7016163777329639
AI,27981289_AI.txt,7.358773145855474,164.1388733843952,0.025460404043346842,3.5995549658973665
AI,28005884_AI.txt,7.4796109390251715,178.47905119326572,0.018505759115427855,0.3405087811220847
AI,28013287_AI.txt,7.346791757654799,162.78136688251467,0.007887199430352692,0.8717732436892324
AI,28020046_AI.txt,7.6723317796100705,203.98677052163313,0.014717253945586737,0.5470797978192695
AI,28035460_AI.txt,7.293055471117266,156.8297524167337,0.03333915269080835,0.530820684960735
AI,28051330_AI.txt,7.4719127298848,177.52922479758027,0.011960968252690071,0.6748870352608126
AI,28063132_AI.txt,7.3886317847187355,167.57135989651982,0.012424874373694718,1.9762289171829175
AI,28078163_AI.txt,7.698876728902648,207.77477865291306,0.012885160061074362,2.0258762558432726
AI,28086303_AI.txt,7.593802936051094,193.18013485910174,0.018611236657839127,0.2899263696545658
AI,28092317_AI.txt,7.160370703127271,143.049505783214,0.009436358883206243,0.4273038898580811
AI,28109594_AI.txt,7.8292886011454215,227.43155129116192,0.007703843923640732,2.3529798441321903
AI,28111403_AI.txt,7.887263067021572,236.75696651253463,0.025309938447646712,1.8806870356838863
AI,28126340_AI.txt,7.731565753849334,212.5363438439666,0.011401907368537984,0.7572058848689689
AI,28139742_AI.txt,7.510149735404088,182.29734445410153,0.020056512788661163,1.295211394920586
AI,28165687_AI.txt,7.673055777188448,204.08916429648795,0.020301331002178694,1.4232642628761796
AI,28172023_AI.txt,7.552759932619928,187.76182150593286,0.012514842856697803,0.7051143579352921
AI,28175164_AI.txt,7.793362300562778,221.83793787584025,0.00790682368914033,0.3390309874382432
AI,28176889_AI.txt,7.378056551732266,166.3475204686868,0.014768297875445204,0.8286498490992164
AI,28186635_AI.txt,7.6754771965490125,204.43199517359233,0.013699789813844596,1.282811133324024
AI,28198029_AI.txt,6.9802408200778,126.25886001962722,0.01291258584598023,0.39565243526707294
AI,28206098_AI.txt,7.6859544210839905,205.92203718462628,0.01650419118979863,1.1448583091296525
AI,28230807_AI.txt,7.202968517171998,147.3362396490523,0.016459811868920097,0.4100583070293955
AI,28243590_AI.txt,7.270703924949418,154.4187281070181,0.018867978263075402,0.35386059618728355
AI,28247753_AI.txt,8.072549303014261,269.2027435778715,0.007676014294475181,2.0588197382735762
AI,28290448_AI.txt,7.425004947567596,171.8498696955226,0.022625042353136674,0.4466352848774912
AI,28298773_AI.txt,7.669079135083907,203.52738787401586,0.011551219035977698,0.47086571488813755
AI,28320387_AI.txt,7.779576082660471,219.72817794893814,0.016433570379394236,0.34881964040299046
AI,28321954_AI.txt,7.787071579240623,220.87274252088633,0.011146398880055785,0.26190211613796893
AI,28325193_AI.txt,7.504385196167422,181.570396962688,0.05017249291921997,2.7673920958462768
AI,28326441_AI.txt,7.90519499159127,239.71809294104065,0.010085618363350172,0.4444450080764548
AI,28337049_AI.txt,7.671649680229409,203.8903493384396,0.01813215194879066,0.295652097693494
AI,28359817_AI.txt,7.6033976607234735,194.46917188817244,0.02245101375831613,0.5890487521278573
AI,28377361_AI.txt,7.5357650802602665,185.56297619490536,0.012947037548893656,0.3163723016597337
AI,28383893_AI.txt,8.07759817332769,270.14649867558524,0.045244679547256285,3.0539246887752283
AI,28396458_AI.txt,7.703977630796941,208.51070313117575,0.015387903868210227,1.9328757796125235
AI,28396528_AI.txt,7.487888348598763,179.50601142113467,0.006895172100352276,0.655107242898356
AI,28398216_AI.txt,7.447669544906493,174.57093211156996,0.01562460012608697,0.42920065152095926
AI,28419173_AI.txt,7.743196663739213,214.25672295212806,0.01298301168145631,0.4500650803205774
AI,28419927_AI.txt,7.896215031681529,238.2306176668405,0.01830491647039545,1.013266423202936
AI,28423028_AI.txt,7.693244599707473,206.9652290692969,0.024580391497067755,1.1856415557443278
AI,28424982_AI.txt,7.309838791576761,158.66485520598704,0.016526543371260263,0.3247162134767408
AI,28471099_AI.txt,7.5101025807801705,182.29138614552377,0.049103611292142677,2.2301986819003567
AI,28505854_AI.txt,7.822889113836802,226.4249476568987,0.017752929301765395,2.4096090700550126
AI,28522529_AI.txt,7.514773879922295,182.882583631156,0.02106665650277611,2.22277234262105
AI,28531493_AI.txt,7.654765082284729,201.5180256356132,0.018840281468965724,0.39647473954902346
AI,28609364_AI.txt,7.561397913773144,188.88939743807927,0.030616044950515113,0.8524850547719512
AI,28614791_AI.txt,7.539884979015453,186.09364503592857,0.011467307765916908,0.8180488244976281
AI,28623782_AI.txt,8.035525964659156,262.38218617680633,0.015303657437928735,0.606972872016235
AI,28628090_AI.txt,7.899514264473431,238.7760396983424,0.019237962489060564,1.475605189136924
AI,28629430_AI.txt,7.732221744428974,212.63300567315594,0.010510714980756085,0.7020627890987772
AI,28630325_AI.txt,7.383570452635872,166.9845080106301,0.023387385530700185,0.32016159273341704
AI,28631840_AI.txt,7.877955142838448,235.23438400477886,0.00900147583738998,0.3942116905473177
AI,28635795_AI.txt,7.578499901834595,191.14185330097948,0.007231580315645205,2.514553928096932
AI,28640735_AI.txt,7.608114118869472,195.1059707841928,0.011375763554008558,1.2016358649266767
AI,28642819_AI.txt,7.488279214609512,179.5546511557848,0.0175289602392078,1.317063947115429
AI,28663949_AI.txt,6.799841888905768,111.41826063102937,0.014827513079642033,0.6823252661002855
AI,28669770_AI.txt,7.634118755549724,198.65465029369452,0.010308456868762719,0.6041742769560572
AI,28670024_AI.txt,7.730427221634958,212.36868261901603,0.02176338702706467,0.3654785139550851
AI,28672970_AI.txt,7.676314066802415,204.55061531214432,0.013148356815487688,0.630731077087977
AI,28679359_AI.txt,7.480401442451506,178.57687294920382,0.01796639716027909,0.37890075510081045
AI,28697203_AI.txt,7.542907109283494,186.48387906638067,0.014870578759801271,0.33271709637869673
AI,28711616_AI.txt,7.5281935471675,184.59165808863875,0.020743029211943025,0.4367384920079345
AI,28724469_AI.txt,7.6692704709372705,203.55438226144912,0.012435619538852846,0.42335855433731656
AI,28733974_AI.txt,7.75589192265985,216.15043398763507,0.018285030364172374,0.9923634846786403
AI,28745844_AI.txt,7.317353435171535,159.4934575279038,0.014032132400061091,1.6899727662549258
AI,28756444_AI.txt,7.640015871647054,199.46832680935566,0.021049448982078795,0.32432013713332786
AI,28758002_AI.txt,7.594802029349892,193.3139620491418,0.011868177054580481,0.9536535456298618
AI,28762662_AI.txt,7.772350754805311,218.63048289461958,0.014220872855256082,1.924835377387347
AI,28772892_AI.txt,7.766299823737892,217.71542632586542,0.017161797743312217,0.3424975160086727
AI,28790806_AI.txt,7.6665917073401095,203.17677774997435,0.02003492059932716,2.0305578874574546
AI,28803888_AI.txt,7.407820934363293,169.8150994349771,0.025950672862211456,0.5283629164419658
AI,28808263_AI.txt,7.796104329226478,222.2599705276628,0.01567533378323076,1.055253175041798
AI,28815362_AI.txt,7.6779098095653495,204.7769907691772,0.04102283951750513,0.5530359017172629
AI,28828844_AI.txt,7.3102207087988065,158.7068632953416,0.009208583930251067,0.5417729727602639
AI,28831378_AI.txt,7.626842910662088,197.65531099728418,0.013408354635629196,0.9769713676221186
AI,28831442_AI.txt,7.649131671871518,200.73267587453063,0.01784653868205097,3.1088448810292446
AI,28862054_AI.txt,7.721928544795787,211.12133156242197,0.01817368751070627,1.0387685269618356
AI,28867567_AI.txt,7.635553853938889,198.85235722515435,0.014176823021034728,0.24029081636455166
AI,28871170_AI.txt,7.597692185660999,193.7016167897136,0.011002354264564002,0.5421746722331068
AI,28895997_AI.txt,6.856247698433507,115.86071783849609,0.009308196386991523,0.3458808506708006
AI,28897981_AI.txt,7.691481840111276,206.712502651054,0.02041377455594513,1.273128915684229
AI,28916894_AI.txt,7.625383239153823,197.45543097166654,0.017345721445864496,0.3262789757933634
AI,28923650_AI.txt,7.835766622793479,228.45506573062096,0.03776430080037078,1.8068969206493484
AI,28933005_AI.txt,7.58295046195313,191.73241594709617,0.06386951725494079,0.48364934805953746
AI,28939941_AI.txt,7.734540858568908,212.9750854272358,0.011431997973191037,0.5485020936876904
AI,28942221_AI.txt,7.647669236488381,200.5292996778728,0.013333286182206435,0.42390374336035547
AI,28949406_AI.txt,7.7780037140310005,219.48883042310658,0.022857629814583592,2.9103578365321683
AI,28951817_AI.txt,7.6503069113270055,200.89626212627624,0.01365301123475963,1.0233545128461594
AI,28969385_AI.txt,7.562572959305905,189.04330664913428,0.029925643351442245,0.2850401896534801
AI,28973180_AI.txt,7.588512400651424,192.47301751609365,0.028196162885963577,1.3032241715280315
AI,28974459_AI.txt,7.440104643226843,173.65794941592304,0.01452511080945943,7.458526797717786
AI,28975482_AI.txt,7.519909090107175,183.53470613742513,0.010114356992842601,0.41583784799134976
AI,28989677_AI.txt,7.577353909601802,190.9900817227868,0.0095613741645825,0.4921139409526142
AI,28998957_AI.txt,7.937033450786716,245.0671754377055,0.016921002694586344,0.5876490724725361
AI,29002596_AI.txt,7.507568939124432,181.97152940756942,0.03337797261272925,1.3062891923607165
AI,29014805_AI.txt,8.047255308482677,264.5240909694927,0.011775827379460412,1.5554165511238627
AI,29028935_AI.txt,7.661530494008267,202.46524874742144,0.010024994488031224,0.27969514064938056
AI,29050809_AI.txt,7.550347698401281,187.4481397952069,0.025922220802535943,0.6070477810192992
AI,29051656_AI.txt,7.541413973115686,186.29097496968961,0.021321884355767092,1.1635366260861755
AI,29061628_AI.txt,7.376697163765624,166.19085235234837,0.0069019854789974695,0.7964875719623034
AI,29072179_AI.txt,7.625255842239363,197.43799547677273,0.01285608564697363,0.3309852863395352
AI,29075857_AI.txt,7.762583551468213,217.15532970388162,0.01963321499375,0.826816278415449
AI,29076405_AI.txt,7.563617715866501,189.18025573390386,0.00486383324098373,0.30281024436981385
AI,29087505_AI.txt,7.362626960841943,164.57791729354497,0.020295138695015435,0.3928143296757618
AI,29091445_AI.txt,7.654617876819838,201.49746478217844,0.01255861373830542,0.9014864524342879
AI,29093426_AI.txt,7.661672852889062,202.48522812455388,0.011414609268863127,1.9009507383176696
AI,29134372_AI.txt,7.842648232862736,229.54739233530756,0.018259571107989838,0.4004327492177488
AI,29134721_AI.txt,7.547618708615003,187.09389961750216,0.011883755040525369,0.44946925506656504
AI,29142288_AI.txt,7.76620957707972,217.70180773386988,0.013348862358998454,1.5044895746336238
AI,29147100_AI.txt,7.016044013089877,129.43141492398905,0.016272202624968146,4.262366009450373
AI,29148871_AI.txt,7.952484225882032,247.70586637884963,0.015931048060870607,0.6462536232636691
AI,29149998_AI.txt,7.601939464143707,194.27271247649244,0.008321825872645522,0.4167701566901555
AI,29161565_AI.txt,7.242677717305839,151.44789515974549,0.047522074850547734,1.3438874054543828
AI,29165698_AI.txt,7.3085044945684,158.51817959808665,0.009779011240971957,0.37507683317103885
AI,29167286_AI.txt,7.180751325267726,145.08467469751452,0.02927034536236495,1.8177043936520179
AI,29173771_AI.txt,7.538875404297632,185.96346525913393,0.009024971823244484,0.24304209438250846
AI,29177904_AI.txt,7.420711179983392,171.33916825242193,0.018637915171813676,0.5236764140721609
AI,29184740_AI.txt,7.633725665617923,198.60053039777267,0.008907401556638788,1.5371596732499238
AI,29193505_AI.txt,7.7513687039107335,215.47380822461548,0.016581085394384725,0.7708285707678086
AI,29196643_AI.txt,7.46161268867711,176.2662784780961,0.02845717691523211,0.8498443636739085
AI,29208172_AI.txt,7.718799417968558,210.6639171462589,0.024251835556757043,0.3642272426113713
AI,29211359_AI.txt,7.7500679109189,215.27961576491555,0.017145745635005493,0.37560311314194234
AI,29211919_AI.txt,7.405486024352814,169.54048679682714,0.005683090764562345,0.5154623744347043
AI,29221006_AI.txt,7.499673006911454,180.9783118154328,0.012489191062171768,1.0474366120838945
AI,29267293_AI.txt,7.051667403320433,132.66715252495533,0.019939976082863974,2.7288241887891482
AI,29297393_AI.txt,7.947029037682636,246.77099758719848,0.011344875437834261,0.9818026379066038
AI,29297973_AI.txt,7.680390575559798,205.12941508379885,0.018953808750953434,0.5924636099686174
AI,29306433_AI.txt,7.581226166398082,191.50339605384892,0.015138801232521822,0.4026229269204996
AI,29319314_AI.txt,7.749380246385142,215.1770265994022,0.008955551128373207,0.9934378387365282
AI,29329075_AI.txt,7.824406238773129,226.66317930424574,0.017746801460707205,1.7929829892548221
AI,29332616_AI.txt,7.447964932743029,174.6066786885449,0.009796827701502317,0.35398432564334065
AI,29399491_AI.txt,7.6739531128062195,204.21614431449103,0.013876076869318703,0.4127068001262709
AI,29406313_AI.txt,7.707585117941907,209.03274062984792,0.0142913933078887,0.8109386420887515
AI,29415426_AI.txt,7.272705134706422,154.6330760354337,0.025645318377800166,0.531951507328572
AI,29425788_AI.txt,7.621228021684139,196.88754252907435,0.017423802772412737,0.5380442656978444
AI,29449419_AI.txt,7.750052584324128,215.27732873556164,0.018966754475791634,0.7278489751807903
AI,29456173_AI.txt,7.580371111012486,191.38992959650918,0.02168512938790344,0.41757023745521266
AI,29483501_AI.txt,7.534248875759062,185.36806069299368,0.018148689696634447,1.1009406723517021
AI,29486525_AI.txt,7.157362216644371,142.75151204130412,0.011380726719950471,0.2922007879572599
AI,29494962_AI.txt,7.7395736535454365,213.71933952104965,0.03138535210547806,0.9857183992823471
AI,29510501_AI.txt,7.585667641828349,192.09386611894854,0.012276753269671337,0.6297218386870939
AI,29521434_AI.txt,7.30723028479125,158.37823578697817,0.01496647101829419,0.730828138445724
AI,29524570_AI.txt,7.717303322019276,210.44556880450313,0.011738073264729322,1.142535299619325
AI,29525715_AI.txt,7.91531053544392,241.40479720542453,0.014719782519614196,0.6931218457307325
AI,29534737_AI.txt,7.657409992915946,201.8878099816583,0.01460806680771151,0.3621367280276292
AI,29552167_AI.txt,7.365749317416603,164.9344912070745,0.016901528097608674,0.318439949056706
AI,29564653_AI.txt,7.422271852109611,171.52461905407813,0.011000846485471347,0.5821782374791495
AI,29573698_AI.txt,7.104387156623553,137.60481632105197,0.008783750229070892,0.4823076016063099
AI,29574501_AI.txt,7.602112449006043,194.29600794248634,0.019385109154131493,0.6705720807522643
AI,29595906_AI.txt,6.915710949837315,120.73590373304528,0.03632488077819632,0.7216161458648102
AI,29612672_AI.txt,7.83615694470903,228.51688273287516,0.008202309958028035,0.7713873996766404
AI,29639533_AI.txt,7.743918556690277,214.36395914337407,0.018064452275121955,3.2264596675494057
AI,29640922_AI.txt,7.343934600293808,162.4593086996439,0.014754821029263933,1.2055737040063772
AI,29647215_AI.txt,7.476829791014268,178.1353205310924,0.012205435393797731,1.043690925372055
AI,29648950_AI.txt,7.429498045794898,172.38590949439325,0.03644011815047143,0.3504984696899723
AI,29723311_AI.txt,7.484390247151992,179.07129059349361,0.032440329176906126,1.9032813518150205
AI,29746235_AI.txt,7.9634822470528945,249.60140537391578,0.04498919692945491,0.9646668527370154
AI,29764492_AI.txt,7.80598012249304,223.78664346295773,0.017839476620195114,0.2512233587781603
AI,29770086_AI.txt,7.956446695830912,248.3871442494324,0.011507040781785438,0.5861779669969515
AI,29772450_AI.txt,7.327149556223262,160.58012777045286,0.038148337845479094,0.7810328151808448
AI,29775391_AI.txt,7.4630342235314995,176.4400450321695,0.011840974133169216,0.7358362813856913
AI,29784524_AI.txt,7.5711868087198395,190.17539728995678,0.011613228132241811,0.9948434145243386
AI,29792535_AI.txt,7.504985411035397,181.64595272605158,0.010497775029319496,0.6101784004064449
AI,29797594_AI.txt,7.385061196451347,167.1571430933875,0.01332117917848746,0.450745603316219
AI,29805310_AI.txt,7.433958918197346,172.91975873310957,0.010671716477074687,0.24283684361581287
AI,29815762_AI.txt,7.5473894668349635,187.06417307793924,0.015314038724126613,0.7775869006749057
AI,29821051_AI.txt,7.4879620321080615,179.5151796585361,0.02212699135676607,0.4443421328089085
AI,29825044_AI.txt,7.407855167006882,169.81912889968004,0.015260577106207998,0.8072535395703538
AI,29839396_AI.txt,7.727503644897586,211.9387598326433,0.009077088050330672,0.3149133010990943
AI,29865476_AI.txt,7.65572782254983,201.65254766529227,0.025335366668279725,0.33579157364827245
AI,29878348_AI.txt,7.268737511982656,154.2083966548162,0.013284879287624547,0.4592225636687113
AI,29894080_AI.txt,7.289083011129214,156.3985157585934,0.01223713002588136,3.032348984979203
AI,29897742_AI.txt,7.454744814099913,175.4291661386562,0.010260262668742257,0.5583012935385822
AI,29908929_AI.txt,7.805707788923806,223.74440386150195,0.012628295963422714,0.5612826775337852
AI,29915354_AI.txt,7.65981151209463,202.22415355364217,0.012636325013592983,2.5927378735520965
AI,29926588_AI.txt,7.446575410540761,174.43858837945362,0.016601119356246873,0.7124204594547816
AI,29928796_AI.txt,7.218052040753386,148.88473577678434,0.008483495549162131,0.41689997006705365
AI,29930479_AI.txt,7.187030507676305,145.7175170767663,0.04103768247487406,0.7015377554313449
AI,29968330_AI.txt,7.400734652346787,168.98304058956117,0.015146118523370458,2.045481161970678
AI,29975124_AI.txt,7.398624532793988,168.73606269889004,0.027256629148830636,0.9336821408518563
AI,29990140_AI.txt,7.813356393596852,224.93375911633586,0.01630474539836272,0.6313643342785034
AI,29992154_AI.txt,7.423999125162294,171.73010064926072,0.007683695717349341,0.5037950549591742
AI,29998869_AI.txt,7.406298881926342,169.63603789797938,0.04038553589044271,0.5448690458615839
AI,29999135_AI.txt,7.314199120849147,159.14512132237974,0.01509473969592673,1.067861285644387
AI,30083884_AI.txt,7.271136144099643,154.4649975737625,0.015375879146695645,0.32652218464428007
AI,30083943_AI.txt,7.539460497442273,186.03889909096242,0.021324777734667063,0.3700004245501796
AI,30097175_AI.txt,7.919033033379328,242.02848354942063,0.021668144155780267,0.3854987449680354
AI,30127072_AI.txt,7.384152814779222,167.05192703062843,0.025659675706428128,0.3909357632256661
AI,30128072_AI.txt,7.220571091090154,149.14492643001736,0.021601388985138744,0.9716348427003366
AI,30148777_AI.txt,7.4723396604910395,177.58176803993263,0.012692298286339668,1.3317540576094138
AI,30163002_AI.txt,7.475569793657329,177.97981154134106,0.021117416617296977,0.5318791215800818
AI,30223363_AI.txt,7.674949502398733,204.35723381505304,0.015438981826842847,0.7766242433995639
AI,30288581_AI.txt,7.383881150808757,167.0204735938535,0.019769810978715607,2.1265764420420803
AI,30304575_AI.txt,7.680059330542013,205.08232245859057,0.024478225500047256,1.5230584018499536
AI,30311202_AI.txt,7.51935240606838,183.46390036829985,0.01121427866946535,0.1946364820774239
AI,30311725_AI.txt,7.727250959261924,211.90164236216668,0.008666105820713938,0.3391239650137767
AI,30337969_AI.txt,7.856384877142601,231.7434699654649,0.018840498299215566,1.037713823203388
AI,30344127_AI.txt,7.666447469370949,203.1564655287138,0.014377441795388798,0.3420921677512951
AI,30361788_AI.txt,7.40187834999429,169.11705514319158,0.014031951439542598,0.44089426653172764
AI,30397268_AI.txt,7.7127690566507034,209.78519492910803,0.015839163332682805,0.9181789688675253
AI,30430249_AI.txt,7.51453085595228,182.85177940221436,0.009950824889957466,0.5073242713490124
AI,30437583_AI.txt,7.880219269395598,235.6038443161583,0.01720198780025755,1.1903649817437214
AI,30504149_AI.txt,7.473481501744734,177.72237325914645,0.012982226654952416,0.5602773102791484
AI,30529547_AI.txt,7.293764782639665,156.9068778646168,0.00820398489930755,0.40568409402923095
AI,30542184_AI.txt,7.614660784645274,195.99333504840303,0.009272094410196996,1.154867273067256
AI,30563572_AI.txt,7.424095113404043,171.7415269163075,0.03571689630904957,1.5890385693006766
AI,30594821_AI.txt,7.0687680550090946,134.24904870421727,0.005183991769453733,0.19143836395506372
AI,30608780_AI.txt,7.59717641352285,193.63237967592826,0.023192792596180737,0.6218507985543589
AI,30642458_AI.txt,7.881631560190916,235.83459582549708,0.007815336891547373,1.1536093519158483
AI,30646367_AI.txt,6.937108692940399,122.53997848835195,0.022747559261341477,1.4645223981302824
AI,30709029_AI.txt,7.611947104664495,195.62502208121532,0.018199568122645355,0.4580841417136976
AI,30713796_AI.txt,7.274372165505242,154.81185746971994,0.0054581130942730986,0.27631446710386637
AI,30741799_AI.txt,7.601228332093787,194.17697532853072,0.014345681460774244,0.6809736855433772
AI,30757456_AI.txt,7.613350305464169,195.81538436585737,0.0261850335909354,0.6258984473207588
AI,30813919_AI.txt,7.5432338001497845,186.52611216249426,0.03168966416327782,0.5320620584327538
AI,30826569_AI.txt,8.068442486062878,268.43751303156324,0.024957517376955188,0.591322393488648
AI,30862904_AI.txt,7.678144401869239,204.8102916474955,0.012177100252401209,0.9565821089539432
AI,30863060_AI.txt,7.563269838132462,189.13464410922128,0.012842247570747627,0.3153524964139052
AI,30864828_AI.txt,7.4492353714140265,174.76050522137223,0.016488108142892335,0.7533182617815954
AI,30938994_AI.txt,7.608269372274525,195.12696794254072,0.010176011818453545,0.44269187086866857
AI,30965258_AI.txt,7.7926792342635816,221.73293013096225,0.01324543240209691,0.8995992520784489
AI,30968749_AI.txt,7.652459917188121,201.19629347167802,0.012947012656765363,1.0600453511325503
AI,30990885_AI.txt,7.423633146410648,171.68654217363047,0.031209712781207793,1.5053118171166084
AI,30999638_AI.txt,7.467224380480641,176.95324160278298,0.010685012458442538,0.4225627666974001
AI,31016926_AI.txt,7.6911636255618925,206.6669132020441,0.027234698544665065,0.2496251939766731
AI,31025785_AI.txt,7.786824520266017,220.83492169277073,0.014282853363428384,1.8626619645470828
AI,31040875_AI.txt,7.433119474624211,172.81917326354275,0.012207561000755845,0.5790615190271511
AI,31042953_AI.txt,7.622439095694804,197.05288966677298,0.057980262454905306,0.7571452500912419
AI,31064969_AI.txt,7.324461975124079,160.28126323702656,0.025668275718192524,0.22950733893855835
AI,31111279_AI.txt,7.547982980148243,187.14114562900704,0.027843190550880147,1.1405178644039105
AI,31114531_AI.txt,7.5362488416747215,185.62520920840714,0.008016554434954531,1.0142282219510748
AI,31162167_AI.txt,7.7586037584746474,216.55711434909415,0.019214337913658782,0.43411423379780417
AI,31169070_AI.txt,7.504264835296317,181.55524957606988,0.010609464449425855,0.2595113389154689
AI,31199035_AI.txt,7.087013973095773,135.95769267129052,0.009150077902951415,0.5430621146961568
AI,31201660_AI.txt,7.921680322184484,242.47300403640023,0.01735988868294426,1.0127598775912707
AI,31211074_AI.txt,7.702016425087994,208.22744537850977,0.018445256597322195,0.4966929886389115
AI,31217840_AI.txt,7.7977391104682665,222.5119658281316,0.016104053589818753,1.532552618255185
AI,31220062_AI.txt,7.502170907906328,181.2919314472156,0.01633316580747657,0.27812969672637267
AI,31225895_AI.txt,7.714427620008842,210.0265086553156,0.008763891875010444,0.5209488237312684
AI,31242382_AI.txt,7.617680325311922,196.40397595724093,0.04044814544591894,0.3735579179257257
AI,31243710_AI.txt,7.466127010742268,176.81869528907492,0.03487408472724909,1.778225464718614
AI,31273310_AI.txt,7.816663762714085,225.450009839375,0.02889902246612482,0.42659705634268674
AI,31273413_AI.txt,7.796329215988661,222.29461902898257,0.039114281318274796,0.8224543335643019
AI,31292364_AI.txt,7.922372668119327,242.58939418247712,0.02540498322602382,1.1583702494764068
AI,31362807_AI.txt,7.436192179097343,173.18764208655435,0.010192827142855595,0.8636472913814265
AI,31392754_AI.txt,7.614313544891766,195.94616743095207,0.019029364182526494,0.4093603899885733
AI,31395710_AI.txt,7.328057908953071,160.6812644087088,0.020918250448686986,1.289181949328935
AI,31395742_AI.txt,7.469381477033548,177.21801740014584,0.023125236755904246,1.09191920108378
AI,31454430_AI.txt,7.188560302216278,145.8721139149631,0.011530009070845528,0.5105987335489203
AI,31536294_AI.txt,7.780446826828845,219.86083576909704,0.014501031203374867,0.597200591120463
AI,31547476_AI.txt,7.443524761720126,174.07011921185008,0.012596015405796983,0.8578321929598611
AI,31552617_AI.txt,7.595510051809104,193.40885682177026,0.019005791204222473,2.0501435442538685
AI,31556198_AI.txt,7.3619732533943285,164.50336138499713,0.016114876916958596,1.7702809831827402
AI,31602598_AI.txt,7.656925517974085,201.82002492575103,0.017896991363415733,0.7330150460795878
AI,31605080_AI.txt,6.759263534485235,108.32808665263842,0.0345350747986502,1.8703152049685208
AI,31638814_AI.txt,7.121550515934236,139.25164072664063,0.0077795322824713055,0.3862568845625994
AI,31677347_AI.txt,7.553586135389799,187.86937976379795,0.014241713521244748,3.2499155332147796
AI,31684925_AI.txt,7.629265847617958,197.9875424940875,0.030906607324175665,0.8117591078436855
AI,31694970_AI.txt,7.8705009457920685,234.02209644932432,0.022820216112604676,1.061574431735308
AI,31710562_AI.txt,7.563853863243797,189.2112242174883,0.040633266218484655,0.33867452123870606
AI,31761591_AI.txt,7.69954897088987,207.8716164965606,0.014486532927318876,0.4295719079336895
AI,31813535_AI.txt,7.819718009396001,225.927802661888,0.019098823581959842,1.7480289821979165
AI,31850269_AI.txt,7.713435966224438,209.88219401295916,0.047861083468788056,0.7760572874548233
AI,31909493_AI.txt,7.805238506919464,223.67163578229713,0.012052507121901106,0.2689310998607722
AI,31926950_AI.txt,7.678353495083476,204.83997744002235,0.009360944312102782,0.42543244089083027
AI,31929166_AI.txt,7.478545979798136,178.34735130459754,0.013064856386862174,0.38443594365081246
AI,31948488_AI.txt,7.573041116975195,190.41998850593492,0.028528049130343902,0.5184760458705274
AI,32025286_AI.txt,7.565297235215346,189.40061894799288,0.018092455674271805,0.44197321612060453
AI,32042584_AI.txt,7.617791024239546,196.419046740083,0.009478355700233023,1.1943837151377326
AI,32067700_AI.txt,7.522208142449414,183.8274168443377,0.032889809179333124,0.34773057856315487
AI,32069695_AI.txt,7.706462132143522,208.87009401659418,0.012267866779246983,0.39444767151509463
AI,32081266_AI.txt,7.6747596337321005,204.33034075638784,0.02174982129448016,0.38462858961436286
AI,32109048_AI.txt,7.548471723012709,187.2045543130169,0.01716578416090435,0.4166046880620501
AI,32140087_AI.txt,7.7156355692513605,210.20243467909157,0.058845247983933396,1.1984943242671693
AI,32219038_AI.txt,7.611342794562776,195.54309664463298,0.00837767606174686,1.956710705629944
AI,32265203_AI.txt,7.341904294391653,162.23084038216504,0.013871807953763705,0.41284104954357254
AI,32308556_AI.txt,7.074787155332437,134.8103222067223,0.030810978573231985,0.5710247203819112
AI,32318506_AI.txt,7.1644281032482935,143.45238095460502,0.01698291094451095,0.4631091739814565
AI,32385553_AI.txt,7.454469623003096,175.39570657912182,0.025573471504587057,0.8131221346555887
AI,32433431_AI.txt,7.596284133636729,193.51265869888485,0.012811155286184669,0.3926975005510789
AI,32441790_AI.txt,7.6250794705232305,197.41385984960223,0.0073802537533624165,0.6047624069270121
AI,32517106_AI.txt,7.676445432628696,204.5692416907284,0.01658721301298031,1.2071088257324312
AI,32518109_AI.txt,7.243881611700512,151.5743275393752,0.013606826833461648,0.2662229007721785
AI,32531824_AI.txt,7.353476577193947,163.5373748870878,0.0056030336623365245,0.2927608595431021
AI,32532982_AI.txt,7.5719348517916805,190.27402955231761,0.034968996097759386,0.30910226757874865
AI,32563518_AI.txt,7.845620543608335,230.02080458396426,0.013417240661608916,0.5050661937921904
AI,32605413_AI.txt,7.817675617675578,225.60818791709661,0.00983743383497025,0.6873568684192776
AI,32636041_AI.txt,7.840258226356432,229.16743290692426,0.01480660001183176,1.8132908294774002
AI,32637306_AI.txt,7.636036222912661,198.91885516279532,0.009805281616847027,0.5497768863757481
AI,32651555_AI.txt,7.686039163078218,205.93413312736115,0.021619033432462558,1.9016228337017276
AI,32720816_AI.txt,7.505498908342354,181.71061733393222,0.026597672285060502,0.9199732039034517
AI,32773331_AI.txt,7.519763443525959,183.51617841503517,0.013106878029917467,1.0656720602209098
AI,32794700_AI.txt,7.603702664203432,194.51028940972893,0.010436822885446652,0.4092870770629008
AI,32799518_AI.txt,7.7345857783442815,212.98171672606458,0.018443094613162358,0.35683271385106713
AI,32802563_AI.txt,7.421943700735068,171.48560898121568,0.010156953263836017,1.386558872907553
AI,32896934_AI.txt,7.425273514242201,171.881863597797,0.012968715553108367,0.3062391007585893
AI,32947778_AI.txt,7.6743780963008446,204.2763103734105,0.013698257656705516,1.2927309287657807
AI,32954522_AI.txt,7.3921023276154205,167.9749543092985,0.009384126016528258,0.32054894117287325
AI,32959732_AI.txt,8.002808351693924,256.49881521061496,0.010640603033619451,0.5182686998739859
AI,32965335_AI.txt,7.608287169659711,195.12937508412685,0.010938060268694764,1.418764060519962
AI,32977530_AI.txt,7.664898291298886,202.9384314912496,0.016564961422172834,0.31845424490492813
AI,32980197_AI.txt,7.723636865436895,211.3714721231319,0.025800682509889223,0.27000745321527125
AI,32985311_AI.txt,7.49100850499336,179.89465414048817,0.010284390920954699,1.964240720553508
AI,33023370_AI.txt,7.538361001903951,185.89717058363246,0.020061886155395423,0.3153523259052484
AI,33072201_AI.txt,7.648521222535024,200.64775757624804,0.03137358733578665,0.6146093681414135
AI,33135102_AI.txt,7.444191482070782,174.15058175491785,0.03928267925153423,0.8790398927420002
AI,33141415_AI.txt,7.640477489761052,199.53216076101032,0.00847050671564507,0.8718256665239598
AI,33176873_AI.txt,7.6353401870093975,198.82290884886095,0.014121326638249936,0.39373396617138656
AI,33236701_AI.txt,7.554201101640781,187.94947843476615,0.009832289399034985,0.4443465636813397
AI,33241454_AI.txt,7.56204378981867,188.9739797277524,0.01515629692972004,1.439588882360278
AI,33286293_AI.txt,7.782963394173579,220.24468504759957,0.018965690713217468,1.5197025596399065
AI,33344933_AI.txt,7.977538279487904,252.04513187957198,0.016289510555919973,1.8146204681246116
AI,33370664_AI.txt,7.64117196282063,199.6282330863349,0.019152755489001777,0.47129751113574264
AI,33381211_AI.txt,7.698144448237404,207.66934344902353,0.038970952312647966,1.3391728720963307
AI,33424600_AI.txt,7.304194097496382,158.0452753682652,0.04131455115883239,0.7209416169990568
AI,33527446_AI.txt,7.52757105635882,184.5120280760544,0.014138618125955007,0.5556823689589079
AI,33542483_AI.txt,7.693797963675868,207.04462843243323,0.017276134361120934,0.8115204368280106
AI,33578873_AI.txt,7.240446057310978,151.21380622995008,0.009403143873788796,0.3063171941363388
AI,33627938_AI.txt,7.452129169590918,175.11139654050527,0.012386435115237088,1.404592248633399
AI,33665485_AI.txt,7.664423994308685,202.8717249009512,0.009709219189897367,0.7493991748024732
AI,33685075_AI.txt,7.886783238305331,236.67823615130618,0.01229713755533592,1.485288924172189
AI,33685988_AI.txt,7.538657284605165,185.93535174479442,0.006619178903465726,0.328171274253174
AI,33704389_AI.txt,7.390858355872422,167.8301794054643,0.024270844324045738,1.132323099696758
AI,33750209_AI.txt,7.631901490600542,198.34957425421584,0.01425227424577263,0.335107571570647
AI,33803142_AI.txt,7.497588675267317,180.71703243931137,0.017903831248518617,0.43851984596204496
AI,33872500_AI.txt,7.850907505703334,230.86529511841607,0.015663225642346512,0.3935934931327471
AI,33893326_AI.txt,7.765425491310271,217.58352181256535,0.00873925042799951,2.4708651259920464
AI,33919379_AI.txt,7.046886377953097,132.2282273412284,0.015030549363934406,0.4000535112156762
AI,33964275_AI.txt,7.896084522205646,238.20906775787495,0.014729605533292865,0.5678732686216457
AI,34033933_AI.txt,7.645833419299281,200.27429012994975,0.015644856540914628,1.65062375560033
AI,34046031_AI.txt,7.749439506069771,215.18586532433193,0.012763172824518599,0.4556545094400219
AI,34051710_AI.txt,7.489457592623627,179.70136940202877,0.06917062345700353,0.5004813049829744
AI,34131484_AI.txt,7.292214977367417,156.73841222784708,0.00999477898094387,0.44089422630031955
AI,34141299_AI.txt,7.589274706723662,192.5747452660763,0.00721366032391347,0.9987448051998932
AI,34146825_AI.txt,7.548949617726868,187.26657635067588,0.00853986069868062,0.44809047531058316
AI,34151183_AI.txt,7.886291580595519,236.5975920439401,0.018233339140042083,0.45471664645858234
AI,34185495_AI.txt,7.747971617333684,214.96703302716668,0.015385353197871944,2.6101360411796652
AI,34198885_AI.txt,7.542333373189601,186.40973223870589,0.017109353864892797,0.4514358136576989
AI,34250007_AI.txt,7.683843199326471,205.62091385200858,0.010856365334893007,0.2128037126788365
AI,34252537_AI.txt,7.340170152843642,162.0359535778152,0.015060324804155045,0.44989863458118945
AI,34303500_AI.txt,7.927151655535852,243.39431408477597,0.008872216488348229,1.1495997958436677
AI,34304175_AI.txt,7.714807216102628,210.0817772529256,0.01853640053578044,0.4018733759971192
AI,34317538_AI.txt,8.051520608235066,265.3073084987736,0.040855174808082435,2.825185093365448
AI,34319869_AI.txt,7.644639948710309,200.10868157780794,0.015446093200132556,0.28240877873682874
AI,34327438_AI.txt,7.834816152938919,228.30460556047632,0.02446288086754739,2.0778452636930065
AI,34349255_AI.txt,7.039278651124677,131.53278685062406,0.010284443047592615,0.2532816784395667
AI,34419403_AI.txt,7.328149048310619,160.6914154450455,0.011096703302474387,0.4045642920597325
AI,34452806_AI.txt,7.713707204110402,209.92165720703755,0.009918715617513053,0.6964871433690721
AI,34465087_AI.txt,7.707121483999828,208.9655752900388,0.01536038462420227,0.8889980250961291
AI,34511655_AI.txt,7.591039869050205,192.81050799697977,0.019435743463797006,0.33105368721765077
AI,34544955_AI.txt,7.52712729848116,184.45528283714899,0.020687756773835705,1.2721712473185456
AI,34554248_AI.txt,7.62663080571905,197.62625386072006,0.012077763683707892,0.3601160797131081
AI,34583750_AI.txt,7.287695036411867,156.24812167583414,0.016074991914602058,0.35499061895527023
AI,34594746_AI.txt,7.6830162776513165,205.50309015013713,0.013086028987765425,0.34702147786985527
AI,34657584_AI.txt,7.449492767531219,174.7916876176529,0.012521090206932197,0.6670731155520558
AI,34689720_AI.txt,7.5752155667707335,190.70720852655123,0.02396130679778624,1.0043969666096317
AI,34712719_AI.txt,7.807748688050556,224.06114640867375,0.050561210374411004,0.5697238864847401
AI,34740556_AI.txt,7.555359476501067,188.10044823278847,0.020297650165363963,0.2765070712511332
AI,34745915_AI.txt,7.563507861586921,189.16585111691904,0.012317188293655579,0.4011478854413975
AI,34758680_AI.txt,7.495203268295659,180.4184749007294,0.022284703199553314,0.4088258925186721
AI,34783330_AI.txt,7.716528175190436,210.33252869871689,0.021387569179773375,0.3053421415151121
AI,34792238_AI.txt,7.658227308606035,202.0022158806955,0.008502496599345101,0.41666518128319047
AI,34797369_AI.txt,7.740239771649657,213.81804034687565,0.015070706801849038,0.5597840474575829
AI,34816637_AI.txt,7.3805244225875635,166.63231767609685,0.011537697762130292,0.3452232104814303
AI,34875813_AI.txt,7.891340035323848,237.4269735312255,0.010049650496647456,0.18378732946603046
AI,34953092_AI.txt,7.427608541956481,172.16028271909119,0.013360387315422604,1.7282110458873543
AI,34962725_AI.txt,7.3430906106493,162.3642963292719,0.02240447902382339,0.6445318021447628
AI,34970271_AI.txt,7.564694686857474,189.32153140696678,0.013629947155988125,0.3779634189555544
AI,35121930_AI.txt,7.629166169720443,197.97386371952518,0.011004223891695622,0.6208472774538181
AI,35157762_AI.txt,7.305792993011913,158.22052928911887,0.038245098251949404,0.8169209748187121
AI,35164503_AI.txt,7.844928601799361,229.91050902945517,0.012792327470848344,1.0608030894766138
AI,35172961_AI.txt,7.888945045870085,237.03315269405235,0.034356574716487315,2.993947748790844
AI,35302620_AI.txt,7.46446079126747,176.61459901236478,0.009127708163428177,0.3761051681104297
AI,35325329_AI.txt,7.655576517641724,201.63140014662795,0.01646484158753855,0.42500987441905275
AI,35344611_AI.txt,7.436768640247883,173.25685691927285,0.018095856507001958,0.9763497105458696
AI,35389360_AI.txt,7.52087203440241,183.65724949405384,0.017281691173518063,0.46496392118783886
AI,35421497_AI.txt,7.62180548057516,196.96636529873672,0.012860971366984601,0.4473445750968565
AI,35422305_AI.txt,7.871836686649857,234.23886965576284,0.012992547125234058,1.210509261783803
AI,35468363_AI.txt,6.904641029707952,119.81303217412695,0.011280362852076203,0.1688141131380598
AI,35474904_AI.txt,7.656183674970855,201.7162744569527,0.008656358048264466,1.4774796727295678
AI,35483925_AI.txt,7.609876675842047,195.3444796369759,0.01853527125163821,1.3183534723920987
AI,35492909_AI.txt,7.226315424383447,149.7399558934444,0.018494908762779105,0.6015670332545187
AI,35554162_AI.txt,7.619609485314806,196.66678141818338,0.011072303952181138,0.3121244764171696
AI,35564026_AI.txt,7.740406541863589,213.84275835060765,0.016508832689200992,0.5272105037779542
AI,35571205_AI.txt,7.629615838811138,198.03557918939617,0.01036124581779391,0.31950879585060843
AI,35579812_AI.txt,7.433595806154508,172.87624202028488,0.009590992713857653,0.29183827394463585
AI,35603950_AI.txt,7.575915538968634,190.79975901635618,0.012062740099220518,0.6468598766295026
AI,35651876_AI.txt,7.495031239342221,180.39696283466375,0.014401224439409041,0.2824200720829263
AI,35673335_AI.txt,7.621743053097239,196.95784246678605,0.015182274846863571,2.323767177296039
AI,35737840_AI.txt,7.590178038203332,192.69536209600972,0.00916650902846312,0.39855486979871696
AI,35971546_AI.txt,7.887255036603284,236.75564866494486,0.017331019460245307,0.3596717145625444
AI,35985133_AI.txt,7.4958129237912425,180.4947324294403,0.015457068948856659,0.4576953853300585
AI,35990852_AI.txt,7.56042124981672,188.76156790327892,0.009435845620552635,2.263282184305797
AI,36019469_AI.txt,7.945728676098692,246.5486727415837,0.0139794326357939,0.5556076817580301
AI,36024962_AI.txt,6.938155148237119,122.62889480383357,0.024034380524198637,0.4705259039033176
AI,36074301_AI.txt,7.479776397097675,178.49952155769952,0.029877030808218935,0.8778810077089402
AI,36094883_AI.txt,7.662843548550576,202.64960436182236,0.015439842272655413,2.212439780499475
AI,36102323_AI.txt,7.729639331344445,212.2527346625793,0.016110356142587344,0.6732038998773142
AI,36107065_AI.txt,7.659497053922397,202.18008040853965,0.016844279339897163,1.3369990633921418
AI,36136569_AI.txt,7.691842290675353,206.7641552489952,0.017270342089562223,0.7862654445213411
AI,36139251_AI.txt,7.558660850460514,188.5313785151057,0.012084596786706429,0.29954712353236207
AI,36149549_AI.txt,7.745996578026127,214.67294602674266,0.01202037975356039,0.6818457490040145
AI,36170003_AI.txt,7.420379554663567,171.29978787414066,0.006317425709519716,0.34055990580669954
AI,36206485_AI.txt,7.567708361159832,189.71742225933158,0.010447256358486428,0.3234135778434351
AI,36252245_AI.txt,7.599389718848113,193.92966806730212,0.007720761198024148,1.1900164709581171
AI,36269672_AI.txt,7.03517230645818,131.15893721462226,0.010898830408222109,0.2809157254143199
AI,36302399_AI.txt,7.887841387855321,236.85189227946972,0.04152509574006969,0.5321862825214756
AI,36331163_AI.txt,7.319819763387001,159.76634932264187,0.011130631889084313,0.331518116122967
AI,36366044_AI.txt,8.134953214737687,281.1026442835955,0.008751119762192214,0.3590876412081237
AI,36379931_AI.txt,7.9279445716478865,243.5281222092886,0.013920369138098602,0.44395614259246696
AI,36392131_AI.txt,7.651864518415084,201.11327709797823,0.020355510077677483,0.3958028194095662
AI,36425270_AI.txt,7.631131651541855,198.2437608203794,0.027732473773990064,0.4621810423736873
AI,36434348_AI.txt,7.384210831834883,167.05864505179903,0.018286000093321004,0.5251143504271447
AI,36517781_AI.txt,7.69268671266906,206.88521153709672,0.01015938341034592,0.2663729928710398
AI,36569713_AI.txt,6.974363608746366,125.74555640330246,0.08308121319376346,3.0004343520393695
AI,36574147_AI.txt,7.569894844962214,190.00516745473266,0.010916397062411907,0.34064831116722427
AI,36621169_AI.txt,7.288137133096491,156.29600938569095,0.010274210917814526,0.5870886332573483
AI,36625776_AI.txt,7.48902263090469,179.64719895526886,0.02140939287199999,0.30857696985689476
AI,36671891_AI.txt,7.909642021498921,240.4581510846026,0.01199735749547927,0.5910992123029224
AI,36694627_AI.txt,7.53811583270555,185.86558221142093,0.025636349648552607,0.4088442116647242
AI,36727173_AI.txt,7.600488584978648,194.07743590189693,0.020422779775548256,0.6068527602117667
AI,36758947_AI.txt,7.615145357987822,196.0591764732336,0.01203414094468944,1.0051588101146711
AI,36805025_AI.txt,7.573127886713873,190.43144150816727,0.00920289824720984,1.603741471085024
AI,36856210_AI.txt,7.707447565422759,209.01281153286448,0.007155559055415199,0.5154560608607449
AI,36861863_AI.txt,7.029112864717973,130.60921378599866,0.0160970029291513,0.310055976924815
AI,36868767_AI.txt,7.6719866672557355,203.93797993652652,0.03826091275947735,0.47996564760377525
AI,36904300_AI.txt,7.720833700050224,210.9611747798076,0.014478256661521261,0.43318595036969587
AI,36905896_AI.txt,7.638478062084468,199.25582114041094,0.021071181571149306,0.3610617420880231
AI,36970996_AI.txt,7.379177498180278,166.47681953480821,0.027788541379437773,1.0748963077903766
AI,37001381_AI.txt,7.393842019227592,168.1776311557232,0.022336702749121633,0.8122451567796745
AI,37058472_AI.txt,7.45326216019479,175.2489706543508,0.0180945449415439,0.3974997809296383
AI,37087371_AI.txt,7.529081274295413,184.7052770059786,0.03229875588475866,0.2957981237553906
AI,37087824_AI.txt,7.462687790425466,176.39768172407108,0.017696029183869637,1.1300354637581647
AI,37201447_AI.txt,7.62791438615027,197.80216218816327,0.013919824677785787,0.297990300927612
AI,37220856_AI.txt,7.67536677930192,204.41634948708403,0.025277097515530433,1.0802859456403517
AI,37231163_AI.txt,7.424302633388272,171.76623231926365,0.011096501612942334,0.22809395347456793
AI,37242217_AI.txt,7.846392425296272,230.14390499472984,0.015818208073840805,0.4483944584049045
AI,37263609_AI.txt,7.232832260152638,150.41788017439094,0.0183447356925368,0.572135741792133
AI,37292350_AI.txt,7.857629108644363,231.94341998377004,0.02149342562775176,0.4303918542331001
AI,37333719_AI.txt,6.92095655777966,121.17569591867476,0.012130794446774971,0.524211116211918
AI,37335325_AI.txt,7.9857624069972015,253.48602594429082,0.01847865931074919,0.44421429727538736
AI,37348041_AI.txt,7.559522551652211,188.64401925721174,0.023105915237572966,0.42984029227867104
AI,37360517_AI.txt,7.476351705226618,178.076299148756,0.013226591253005607,0.36486534696169864
AI,37370455_AI.txt,7.578501844313892,191.1421106591405,0.020182879924425415,0.5408689715675812
AI,37374340_AI.txt,7.491121209913217,179.90870825724656,0.009565820237840233,0.3553729718563705
AI,37375999_AI.txt,7.514584303977411,182.85855370118892,0.012357076596230098,0.2607981824729135
AI,37391947_AI.txt,7.289603101954785,156.45490750765174,0.013414251433181461,0.32028301932139164
AI,37402097_AI.txt,7.225352658714845,149.64006201974058,0.013652805119429805,0.7506441720048255
AI,37472265_AI.txt,7.449304008838888,174.76881979655911,0.017754207658049945,0.4370818674429455
AI,37473139_AI.txt,7.504992553228316,181.6468519830753,0.011523048426526902,0.6163060700270119
AI,37521676_AI.txt,7.789933610251515,221.3113467043666,0.011293189729797351,1.4088307600782908
AI,37540732_AI.txt,7.3562690256242975,163.85422073321723,0.013769107860329893,1.4760956889828203
AI,37560528_AI.txt,7.613557394498376,195.84349434630823,0.015410251249305002,0.3070870041769856
AI,37640804_AI.txt,7.944250638312861,246.296213531527,0.028177792473095382,1.3174068143544049
AI,37660306_AI.txt,7.5340926550900695,185.34798940015145,0.004361777994169443,1.1252653588866435
AI,37664296_AI.txt,7.715073753252042,210.12059333620766,0.02346077393855894,2.146038475957324
AI,37695494_AI.txt,7.176898110830994,144.69769307367847,0.0368375458705922,2.3614137538595146
AI,37735467_AI.txt,7.795116639463198,222.1078602313113,0.00959515635071892,0.5994491999928974
AI,37739183_AI.txt,7.743471139408979,214.29748960787816,0.01796929998252316,1.4324309597908182
AI,37750854_AI.txt,7.720090532593371,210.85253151024864,0.01979067020613994,0.283885406875792
AI,37751611_AI.txt,7.779333836191488,219.69128594811176,0.024397776558061295,0.349386750478878
AI,37764298_AI.txt,7.588632863411517,192.48908938041242,0.015168074697649508,1.065804165667364
AI,37792474_AI.txt,7.494330878471467,180.30940981163675,0.020578122831961143,0.42706544101013577
AI,37818861_AI.txt,7.243148340587138,151.49730721838978,0.013046805692492506,0.24043925929585594
AI,37913536_AI.txt,7.323699391452213,160.19656371792726,0.014142835122301925,0.4531032233364185
AI,37931076_AI.txt,7.271035363298504,154.45420765486242,0.018886938900096333,0.43369630402633924
AI,37997506_AI.txt,7.586224359058986,192.16800694465798,0.016633391044244307,1.3467131940622552
AI,38007664_AI.txt,7.462586861412269,176.38534161011964,0.016479269981566413,1.2978105218604552
AI,38047274_AI.txt,7.492070529403362,180.0271304063604,0.02463227501843017,0.49131471081460437
AI,38056161_AI.txt,7.445994467798357,174.36835979456202,0.028012577252807796,1.1616440448408292
AI,38059130_AI.txt,7.528968466052275,184.69083496340863,0.022119582350280696,0.39303419513215787
AI,38087844_AI.txt,7.661209267053274,202.42017334789583,0.012696065949454004,0.4370945653702104
AI,38108845_AI.txt,7.482536411436195,178.84133516332318,0.021373300686501197,0.29715317912564587
AI,38115035_AI.txt,7.513900024663153,182.77184330656112,0.011941647956690954,0.4192272415428405
AI,38154903_AI.txt,7.225792752658121,149.68571666521672,0.028819407818209745,0.7029687190471166
AI,38165833_AI.txt,6.9407098902601865,122.84623993245673,0.016616534730024096,1.3631774880877663
AI,38216888_AI.txt,7.049444455109154,132.4628923640296,0.016715686967148518,1.9368372083984002
AI,38220146_AI.txt,7.830716552473138,227.6567700315023,0.012013392738514938,0.5517475703450432
AI,38225199_AI.txt,7.689810502783334,206.47316844019872,0.01630632460113826,0.6359424242100563
AI,38291889_AI.txt,7.580909670913915,191.46138903879876,0.018090491482995075,0.45323787359658374
AI,38309905_AI.txt,7.655481084756248,201.6180628651107,0.010243610529280524,0.4013324775359283
AI,38314236_AI.txt,7.3673851731319075,165.1216146441061,0.01992640641192065,0.5906507276918276
AI,38355831_AI.txt,7.033149049540672,130.97512689554287,0.07859666051675465,0.7662789822740983
AI,38399177_AI.txt,7.192968150012402,146.3184766639676,0.009255499925163,0.34240085180389296
AI,38441665_AI.txt,7.50131501526263,181.18441017057253,0.02142836350066979,0.5393928753046755
AI,38457612_AI.txt,7.549820162518875,187.37961003668195,0.015611231569347992,1.8202981583278077
AI,38535335_AI.txt,7.218868182437559,148.96898463868675,0.011856234640737592,0.407849348406584
AI,38565119_AI.txt,7.4543334975823035,175.37915790644925,0.014911155983313296,0.37843410587887044
AI,38642923_AI.txt,7.448828141532694,174.71118249240376,0.019643333967499666,0.5511707664214724
AI,38650096_AI.txt,7.2048767939454095,147.53125269369616,0.009637174718711995,0.5492695310840231
AI,38663892_AI.txt,7.720417117422113,210.9002678860143,0.015179891411634455,0.5232744481625109
AI,38688388_AI.txt,7.5444889934548724,186.68846678284928,0.011212663946925296,0.25049434987502306
AI,38698573_AI.txt,7.708103895966214,209.1079201298066,0.008485830191079093,0.3843728949429509
AI,38707449_AI.txt,7.548455336184051,187.20242796514256,0.011544756734399498,1.8834548413957064
AI,38744475_AI.txt,7.518246561273896,183.32332674933116,0.012831456105147862,1.6262382846949843
AI,38750659_AI.txt,7.435516900279937,173.10659752976798,0.039638806995975356,0.4469703665804992
AI,38753827_AI.txt,7.768245248762795,218.00920617939306,0.009721350204167428,2.5025388234411357
AI,38847011_AI.txt,7.676715115243391,204.6074853410389,0.011166949891645383,1.6796312424162292
AI,38860712_AI.txt,7.619175964147692,196.6076931136283,0.022399260794026734,0.1655922213748124
AI,38896303_AI.txt,7.513132370194572,182.67461672938998,0.03304980088644437,0.35165047681924133
AI,38897568_AI.txt,7.70585695310996,208.78249595189857,0.01728352326278526,0.9723683660493788
AI,38907798_AI.txt,7.4605571570775,176.13736240379316,0.018295123637767245,0.4568922467240498
AI,38946032_AI.txt,7.673422525459021,204.14105250603967,0.017683341573007695,0.3949521800933621
AI,38989376_AI.txt,7.656691337689333,201.787267874583,0.013641528655673373,0.3239429604396242
AI,39027764_AI.txt,7.612950702341954,195.7611541917878,0.019612184537915633,0.3638711142379758
AI,39064638_AI.txt,7.558603562507772,188.52389227445218,0.013092163364772461,0.9535507421167574
AI,39081840_AI.txt,7.774941262923349,219.0234091969925,0.01642479247577462,0.8385072977164895
AI,39082090_AI.txt,7.64418054251122,200.044969891932,0.007643253249162825,0.36528756048808575
AI,39115899_AI.txt,7.634782764707099,198.7461033476763,0.04527638226606161,0.8842676998501265
AI,39142536_AI.txt,7.7053486132643405,208.70894349428806,0.01291960923829367,0.5012776483989922
AI,39166680_AI.txt,7.882758328162758,236.01885837492765,0.01549123772656461,1.3361341965693365
AI,39237915_AI.txt,7.793485180100593,221.8568334174651,0.01973216191719887,0.4364859929862618
AI,39247950_AI.txt,7.646079565880322,200.30846300504606,0.0148388773840853,2.227143491179965
AI,39252859_AI.txt,7.524845891797703,184.16382487240432,0.016550761294670698,0.4266892901702149
AI,39295103_AI.txt,7.5082549748202805,182.05808176126297,0.024768977750659525,0.27349397530512554
AI,39308779_AI.txt,7.481970260690732,178.77116697935546,0.0251120917750168,2.0830981183105273
AI,39413067_AI.txt,7.564050328572288,189.23699264082788,0.013334017348112917,0.7594846303469608
AI,39434376_AI.txt,7.027943510880573,130.50339342761768,0.017589628711484794,1.1700446711506165
AI,39441617_AI.txt,7.466416421834483,176.8541694699768,0.017450522748648827,1.4288703091157635
AI,39470264_AI.txt,7.753673960681581,215.81838521747406,0.048989679011296944,0.6594415056993105
AI,39566718_AI.txt,7.671667634270184,203.892886727368,0.013727010129203302,0.3923157279797338
AI,39569771_AI.txt,7.848758722583395,230.5216949933953,0.015583521349973666,1.3267244474931108
AI,39581020_AI.txt,7.0424483328302685,131.82208943155385,0.017258141343079028,0.9697634987527093
AI,39608848_AI.txt,7.781916899795273,220.08498307004322,0.025889186203387128,0.3985340749202118
AI,39650734_AI.txt,7.597382637816964,193.66006020009644,0.010086700882031861,0.492451616323129
AI,39674178_AI.txt,7.400773262065959,168.98756301104416,0.04287928783153237,2.188354285448656
AI,39674782_AI.txt,7.52879431679843,184.66854208167965,0.044777368258359145,1.847047226015799
AI,39675895_AI.txt,7.52096393065959,183.66894839845938,0.021310678517685828,0.30687207443547343
AI,39718499_AI.txt,7.1266631176466735,139.74599409042355,0.019092632237129387,1.1258306249912098
AI,39776400_AI.txt,7.334364853026095,161.38524278116196,0.013751775925929306,0.8063043799184487
AI,39805617_AI.txt,7.895227965595525,238.0676802943969,0.028175535333279284,1.7493331072874703
AI,39835894_AI.txt,7.490527852539682,179.83472989988314,0.013208156137074665,0.5571556507233004
AI,39855211_AI.txt,7.856280031836985,231.72662903138865,0.016621567803001686,0.2801379092916749
AI,39875803_AI.txt,7.646686285823309,200.39271968724313,0.020821354452136218,0.45875387063042605
AI,39908485_AI.txt,7.84129532152665,229.3322313408914,0.03642761426305907,1.207159885254617
AI,39970711_AI.txt,7.596151403836164,193.49485610416986,0.02163163324541347,0.41604447524990024
AI,40018190_AI.txt,7.643873120036166,200.0023470463683,0.00919486494856791,1.8759571739784968
AI,40088790_AI.txt,7.462035199557994,176.31790777251794,0.03183859630613527,0.6836610127595082
AI,40311088_AI.txt,7.304115744219055,158.03669210660985,0.015385418032464578,2.2137424112479223
AI,40792022_AI.txt,7.4646404405813795,176.63659303480483,0.012532808817270966,0.4954193346729646
AI,40882926_AI.txt,7.4327619766156054,172.77635419620148,0.011729993212922233,1.2453366561838737
AI,40883703_AI.txt,7.12614310456184,139.69563233811337,0.021116526849980184,0.5196698811703713
AI,40987524_AI.txt,7.5251811397618935,184.20662513142503,0.01912839061988538,0.3353558376428665
AI,41152404_AI.txt,7.647869468414629,200.55713310996478,0.12462547142248534,3.7069409504426933
AI,41344156_AI.txt,7.7682274455899405,218.00651591462903,0.02168595386331844,1.0989394627154725
AI,41506705_AI.txt,7.686107408466414,205.94387488627228,0.020887245277272395,0.5300191160967377
AI,41523474_AI.txt,7.494039162694906,180.27295457989933,0.010276936143687472,2.7022613470396126
AI,41586420_AI.txt,7.792582405004233,221.71804859723736,0.023979426922984885,0.8870416707603729
AI,41590605_AI.txt,7.840609883215806,229.22329926810113,0.021588479825350726,2.3587666543542705
AI,41651672_AI.txt,7.389420352614157,167.66297836838135,0.015615595632430377,0.6086499258796361
AI,41910253_AI.txt,7.245676977249577,151.76307201800358,0.0237272508688414,0.4166986398930767
AI,41950126_AI.txt,7.750580443357281,215.3561096772941,0.008161846769392828,0.3117018717956371
AI,42156237_AI.txt,7.405708430645643,169.56662522295653,0.012969570176557204,0.47960594744568946
AI,42164460_AI.txt,7.540581782189848,186.1835475853859,0.018115004583562848,0.7794688888053203
AI,42304307_AI.txt,7.428086546461978,172.21733360164862,0.021218048223062027,0.3651329391950832
AI,42332765_AI.txt,7.599732660169002,193.97577233733685,0.014412631531237747,0.9128995519219906
AI,42384185_AI.txt,7.443293097264416,174.04216970017993,0.010476339707567091,0.24656833449587745
AI,42427521_AI.txt,7.64225498745285,199.77814936035028,0.00857647233210438,1.535145770326236
AI,42487883_AI.txt,7.622000459724001,196.99298695365547,0.019246307803145988,0.41767101820583874
AI,42546558_AI.txt,7.829386336159722,227.44695910654966,0.027239600728923858,0.5234115232747715
AI,42641525_AI.txt,7.559369961767682,188.62406795351313,0.007596585576445127,0.33738579158603754
AI,43311839_AI.txt,7.873220164098796,234.46360157454654,0.020824867577183794,0.9085169146042936
AI,43375498_AI.txt,7.6677515000876735,203.3401786694559,0.01651095272855489,0.3014371819776398
AI,43378989_AI.txt,7.345721477374352,162.66065039438874,0.07309096992836508,1.918323954423969
AI,43408471_AI.txt,7.768319043809388,218.0203578161119,0.01868030941367465,0.5062044283021809
AI,43622023_AI.txt,7.820753515355237,226.090022368111,0.010815987516620724,0.5269954795978216
AI,43685045_AI.txt,7.684290912294008,205.6847342941669,0.012920981006917524,0.3999859922588596
AI,43720116_AI.txt,7.58799291007174,192.40372364817725,0.014831567821929126,0.6402646936931428
AI,43752620_AI.txt,7.764749568425307,217.48160475394158,0.012940786361912942,1.62052707979712
AI,43852883_AI.txt,7.783701671048074,220.35742070177827,0.02013106316107165,0.70605716511124
AI,43994605_AI.txt,7.598214366308702,193.77173940057722,0.022369762141449933,0.5019281051038259
AI,44115326_AI.txt,7.629019065032046,197.95367830403686,0.01882818610535686,1.331773216570659
AI,44145704_AI.txt,7.398287036872401,168.6965941550358,0.014278963383675696,1.0663104569428055
AI,44147689_AI.txt,7.206336849071939,147.68063478094098,0.021509107805688876,1.0165346662658454
AI,44185767_AI.txt,7.69593606152999,207.3516994738424,0.025443442285723157,0.41608237906190876
AI,44476983_AI.txt,7.606743284233157,194.92067105890655,0.01459576865168657,0.24188649476181542
AI,44624796_AI.txt,7.4880013922363124,179.52007732344796,0.010333708783171632,0.36628825113432434
AI,45077654_AI.txt,7.467638335230045,177.00402235871022,0.020976505245111146,0.49738035419042165
AI,45167858_AI.txt,7.3615567954579175,164.4558816049103,0.013401823302270738,0.3574815228629611
AI,45286020_AI.txt,7.466048227413953,176.80903975926617,0.05193955914891169,1.0364070571490265
AI,45462344_AI.txt,7.3605527710903385,164.3414705440579,0.012407535876070994,0.5871886877834842
AI,45475027_AI.txt,7.8699039012831875,233.9252688478596,0.019590064892228923,1.2574472487755708
AI,45656814_AI.txt,7.334139716567573,161.3600601430097,0.010506732512514544,0.3917248896622685
AI,45900271_AI.txt,7.529474034979712,184.7555681934345,0.011419592187548646,0.8941696133345797
AI,45907524_AI.txt,7.695445976629153,207.28127386347143,0.012002643876981663,0.6775703532620745
AI,45987048_AI.txt,7.682051426643309,205.36569896928137,0.01238797439312673,0.24806167884360095
AI,46055835_AI.txt,7.791269468107923,221.51636398706708,0.01158636454226961,0.593799378855361
AI,46258701_AI.txt,7.7631520383807295,217.2409155588558,0.009442062420900357,0.5646421106634084
AI,46260230_AI.txt,7.886409252220746,236.6168906190536,0.0072296728369316094,1.2599713375876052
AI,46349752_AI.txt,7.8041949510594675,223.50990413323478,0.009708561304930105,0.3644733811653776
AI,46514339_AI.txt,7.573134809389471,190.4323552828865,0.011053610294814043,0.2745168861681542
AI,46772262_AI.txt,7.658164869639499,201.9934735364671,0.04479749658978669,0.3815680804457154
AI,47067533_AI.txt,7.48362929291431,178.97686375819256,0.04194822477178306,0.2464779991999325
AI,47133747_AI.txt,7.810230001788567,224.44684426337744,0.019250330458516964,0.7034222913550143
AI,47276718_AI.txt,7.6387219744380355,199.28951160413553,0.0456796938334737,1.6832806364348643
AI,47317494_AI.txt,6.864435418519851,116.52013101418628,0.0072074444975400885,0.2235003059443822
AI,47410104_AI.txt,7.525001772956003,184.18372458820826,0.018139928010441217,0.5446210739335575
AI,47470864_AI.txt,7.559253406090997,188.60882958560785,0.011416108392638165,0.7853443883045315
AI,47487091_AI.txt,7.675223824269127,204.3960951038919,0.008798824932964489,0.4054226698728174
AI,47549345_AI.txt,7.688827107990913,206.33247657727256,0.029318627629642185,2.524699474565911
AI,47603843_AI.txt,7.210183310043794,148.0749008659235,0.028669492792019594,1.8217364046746136
AI,47729453_AI.txt,7.295360679000032,157.08054288621807,0.023442300480003942,0.293320907053006
AI,47919212_AI.txt,7.829663843796044,227.4907135640924,0.03452870537892554,0.18999048435926444
AI,47996197_AI.txt,7.494792030561077,180.36705425448397,0.008958455898850559,1.9650392067720168
AI,48037995_AI.txt,7.666119869032569,203.11033896063137,0.032704077850503964,0.5852245655645312
AI,48285304_AI.txt,7.494425534416165,180.3212403904848,0.006229320903661475,0.8281780481908818
AI,48533663_AI.txt,7.904461135960918,239.596186555712,0.015120025192894106,0.5054044378367489
AI,48547319_AI.txt,7.515499206349496,182.97455242436956,0.012422167431792561,0.5751173345623131
AI,48549972_AI.txt,7.151071050503571,142.13037023342343,0.0219535582720968,0.48676947815300425
AI,48580330_AI.txt,7.606499567464249,194.88774558093723,0.053049775198434006,0.9134616971052405
AI,49119887_AI.txt,7.60490202550152,194.67205964087213,0.011291682218830519,0.4053355142643385
AI,49127329_AI.txt,7.517658794390826,183.24865439596059,0.011736333869878867,0.8401273886267971
AI,49204385_AI.txt,7.594138110410953,193.2250206791818,0.021363036739205945,0.3316798401196347
AI,49285644_AI.txt,7.610532203633836,195.43325989094694,0.012056865928509363,0.4583832261149893
AI,49325370_AI.txt,7.723381092789989,211.33400180037486,0.01608943602379415,0.2905998877120168
AI,49475708_AI.txt,7.446772909215115,174.46246989787224,0.010938112239152213,1.3271028126954534
AI,49486820_AI.txt,7.670344011953317,203.70590791071695,0.008822446677140832,0.23582506955417978
AI,49646155_AI.txt,7.721982764629739,211.1292661420254,0.012644816637943918,0.8406281160708677
AI,49685006_AI.txt,7.693511141402564,207.00346997098293,0.02029171853716619,1.3395036285298294
AI,49777184_AI.txt,7.956892244222975,248.46386564949339,0.012834115684091537,1.031968071828263
AI,49937469_AI.txt,7.874437181920322,234.66147206176026,0.017848008507025656,0.3269224987831438
AI,49997097_AI.txt,7.630007303781459,198.0893220170027,0.022754269738930438,0.44017532204924803
AI,50219114_AI.txt,7.71472785909556,210.0702217944938,0.015847409471087807,0.31768357493584215
AI,50222417_AI.txt,7.490648319687548,179.84974699005446,0.016120161914403002,0.3257382262409936
AI,50324968_AI.txt,7.551776664709796,187.63389615163965,0.010217675576040808,0.5138760844556142
AI,50328713_AI.txt,8.060402445677632,266.94568998122054,0.022138554950946115,3.4846528749358074
AI,50432401_AI.txt,7.70856335700569,209.17452619710173,0.01192209227514123,0.33383648005188726
AI,50775901_AI.txt,7.630190173853503,198.11443259373561,0.011933860703361164,1.995216069544566
AI,51018476_AI.txt,7.218080942117819,148.88771839957437,0.02039785217806236,1.153891402380923
AI,51209395_AI.txt,6.880214970647223,117.80157114830047,0.009509265284877891,0.3483949540836848
AI,51349448_AI.txt,7.341530096630711,162.18876735678535,0.010848144404278285,0.8934935606139482
AI,51363762_AI.txt,7.850338357292241,230.7742358873536,0.01358122988772403,0.5469974028149236
AI,51415089_AI.txt,7.605006985061809,194.68622302016118,0.007595866314789537,0.45994038132924575
AI,51432451_AI.txt,7.668361257035362,203.42613882647348,0.0214705381956307,0.3801139405482205
AI,51508889_AI.txt,7.456477000211835,175.63992340576542,0.019252301944388973,1.1408865785569813
AI,51554903_AI.txt,7.6197885792295565,196.6911968414495,0.019494262012446462,0.4140424699985245
AI,51588273_AI.txt,7.224984068768586,149.6018358003005,0.017841747847403406,0.5956937293621328
AI,51638201_AI.txt,7.589839532510785,192.6501544649242,0.01198170052034162,0.3331638396098422
AI,51639418_AI.txt,7.525914305412041,184.30026120052813,0.024169589244803953,1.3222567126113376
AI,51681660_AI.txt,7.674263019380933,204.26001687379548,0.010000282703467835,0.889128142269265
AI,51724595_AI.txt,7.778848410977961,219.61737861002524,0.01076399473339542,1.0206545469139647
AI,51769822_AI.txt,7.599720648185054,193.97415728765722,0.014578638070470001,0.566949806468194
AI,51777546_AI.txt,7.681197705444301,205.24420885436902,0.011369585373443632,1.4411831366642271
AI,52246737_AI.txt,7.637168574522986,199.0750451398862,0.02847669357501749,0.22577375884780673
AI,52252936_AI.txt,7.580882073876016,191.45772664548355,0.044341581538517444,0.6564920788483167
AI,52618188_AI.txt,7.578432823713103,191.13296636504862,0.02188580539216832,0.516982532171262
AI,52684666_AI.txt,7.55779869728519,188.41874600168168,0.020119539358066076,0.4944662382056641
AI,52979663_AI.txt,7.643291483376211,199.9217303897318,0.02893832160587815,0.4655523377985183
AI,53129155_AI.txt,7.587902386765618,192.39165146780059,0.01390632391577452,0.6041672903761949
AI,53169257_AI.txt,7.821775546424773,226.2502453449591,0.010695436164626195,0.5980957267267966
AI,53227466_AI.txt,7.729548568051673,212.23938177054782,0.010162936012212378,2.3579580347706837
AI,53265899_AI.txt,7.555661951040202,188.13988938947227,0.015824549634219438,0.9857969679101461
AI,53640713_AI.txt,7.465118598231248,176.69514604415437,0.017448341547096128,1.6802462018513569
AI,53701275_AI.txt,7.680908498053214,205.2030690491228,0.041194762777978934,0.38104224289616634
AI,54067174_AI.txt,7.567156911179668,189.6449192884177,0.013449231811983826,0.42724699249795023
AI,54100393_AI.txt,7.2895312951793585,156.44712052391097,0.029776154967735866,0.25950857864320315
AI,54101961_AI.txt,7.382091818877785,166.81345145534536,0.012647588435685204,1.931094274554737
AI,54180474_AI.txt,7.652349267380366,201.18086299131866,0.05296406538083677,0.4061220193996516
AI,54201930_AI.txt,7.674983305827659,204.36202211470277,0.019411055561108524,0.6791462112549344
AI,54227873_AI.txt,8.053462964637326,265.6647425987928,0.010542640327986007,0.35126037859941894
AI,54232810_AI.txt,7.658628464937169,202.05839250346634,0.023194603131441147,0.5164394450427047
AI,54246169_AI.txt,7.517110377975286,183.1790087198318,0.015984624732841464,1.4826881461482593
AI,54259150_AI.txt,7.622978497217023,197.12657849103897,0.018581537693368115,0.6901893265898342
AI,54308684_AI.txt,7.73488257171076,213.0255361482902,0.012557895442768778,0.3272058136415343
AI,54421668_AI.txt,7.588324741168452,192.44798309308317,0.012070153283855526,0.478893064435194
AI,54934269_AI.txt,7.420488768323174,171.31275595424776,0.00868840661965459,1.8368972248095539
AI,55097118_AI.txt,7.487870144281471,179.50374637989015,0.0258785486421828,1.3729190140177783
AI,55104715_AI.txt,7.27101920495484,154.45247776037968,0.015334398989354814,0.9575228399221852
AI,55477468_AI.txt,7.643762700726,199.98704008580918,0.017458213811231995,0.6951379133550469
AI,55500538_AI.txt,7.611574805862519,195.5745460188456,0.015865986785802616,0.5196524451044384
AI,55595908_AI.txt,7.413037566871172,170.43024433280974,0.06676913119169439,0.5018736986694864
AI,55712978_AI.txt,8.037596342088943,262.75899493798744,0.014511585095129828,1.9380833410293217
AI,55746506_AI.txt,7.560310709786294,188.7471054496642,0.0244592588832226,1.3506800145459854
AI,55953734_AI.txt,7.659915876352316,202.2387829357754,0.012663680153712668,0.47388564858741433
AI,56025640_AI.txt,7.588462115227249,192.46630894749035,0.02498418332245225,0.5467922061177094
AI,56068028_AI.txt,8.028271855020055,261.0661963627276,0.02834284004930097,2.726453539479619
AI,56151548_AI.txt,7.558434972662107,188.50186311650853,0.009056542388873243,1.437304716594375
AI,56286525_AI.txt,7.727412312067351,211.925343030395,0.027341208802633247,3.3050163332864777
AI,56520872_AI.txt,7.471661952356242,177.49836833116592,0.008715241014442331,0.43260645863283
AI,56525735_AI.txt,7.426453975532833,172.02256063574654,0.012711866933092293,0.3902150956356001
AI,56691064_AI.txt,7.940343846670253,245.63015016485573,0.023177162522423692,0.41341852376370986
AI,56792999_AI.txt,7.693492272673614,207.0007626304059,0.015921039546786808,0.33965220679793856
AI,56952849_AI.txt,7.427505291638675,172.14796205024822,0.016641727229571995,0.7785320452401455
AI,57002858_AI.txt,7.439971341205602,173.641904523842,0.034532562603856946,1.0168523550233368
AI,57088974_AI.txt,7.4785691247068335,178.35021252346678,0.019410305564669314,0.34937542858274
AI,57262959_AI.txt,7.48871688070815,179.60913037882767,0.008458820637477556,0.4127037534089995
AI,57364820_AI.txt,7.923763251213571,242.82333367131326,0.012963550705045714,0.6714496788494934
AI,57575888_AI.txt,7.808310901594265,224.14847932092297,0.0418766308680404,0.7801758763271607
AI,57601040_AI.txt,7.8519455495553965,231.03146643645115,0.017071262332773746,0.7323503480585304
AI,57667857_AI.txt,7.492567319846121,180.0891332244251,0.007838493383502187,0.31706352249844305
AI,57706851_AI.txt,7.856418515880025,231.74887349732614,0.013790137276260725,0.8670509925271068
AI,58048626_AI.txt,7.6758833997822205,204.4895628691899,0.02648256053613026,0.8765376781767688
AI,58105060_AI.txt,7.339464558846698,161.9567243306251,0.01179481601285264,0.3659462895197984
AI,58165257_AI.txt,7.812023388336674,224.72602331783241,0.014849232645063055,1.1879853645016278
AI,58208591_AI.txt,7.763927060847475,217.3576497384552,0.009064160853707804,0.43514781071031583
AI,58428843_AI.txt,7.619771628822829,196.68888590524614,0.007692004312495163,0.2977433097077554
AI,58665241_AI.txt,7.5545005275241195,187.98849068437175,0.017066665782054475,1.4502823812982601
AI,58708773_AI.txt,7.049919383560492,132.50650570613388,0.03221346288266213,0.5146257338230246
AI,58879993_AI.txt,7.803120876114188,223.34356472007573,0.017376028144457142,0.7185929554786299
AI,58915642_AI.txt,7.622236891442079,197.02527319965807,0.01307686056350406,0.6990157179229929
AI,59011090_AI.txt,7.452945202268353,175.21047294868544,0.010464343805367551,0.7485683636629828
AI,59346975_AI.txt,7.88534049944786,236.4416690337859,0.019158088841985884,1.904449162360643
AI,59403481_AI.txt,7.680861286106046,205.19635392384527,0.012686253531030365,0.3705483780986021
AI,59422148_AI.txt,7.498243557683373,180.79908392522927,0.015138632329891641,0.4307273264806848
AI,59450123_AI.txt,7.574273834134038,190.58276323924875,0.013076009853939094,0.4701232308604136
AI,59487170_AI.txt,7.4785814609995525,178.35173757884755,0.018184050917125733,0.28519548048607124
AI,59696315_AI.txt,7.558368425705082,188.49316832258444,0.009209953194162753,1.687321942988063
AI,59777056_AI.txt,7.858571234707113,232.0949359318036,0.014963184810499458,0.5352006608672811
AI,59818742_AI.txt,7.539902634180628,186.0959223946575,0.01568543906238804,1.8855018618239756
AI,59938965_AI.txt,7.132057980069399,140.26954324565594,0.005006053477745793,0.3931578978448292
AI,59962788_AI.txt,7.758160816156912,216.49063627597099,0.011629078129916509,0.5363651694675978
AI,60004873_AI.txt,7.046243564672471,132.1693242986829,0.03116666223201529,0.3793488279343971
AI,60182829_AI.txt,7.598700646137782,193.83706378842015,0.0294165164384167,1.8278734572526318
AI,60489316_AI.txt,7.696789098949529,207.47433874023523,0.015067269770647526,0.5738720404723583
AI,60624892_AI.txt,7.5897616828061505,192.63975909198962,0.015610613514290578,0.3479342317467601
AI,61065616_AI.txt,7.55570522791444,188.14553315216853,0.028545763062640655,0.4532734051615939
AI,61315605_AI.txt,7.645156319039,200.18031742388797,0.021085761044842756,0.4109057198665874
AI,61319162_AI.txt,7.360412750317582,164.325521155997,0.015135025071164977,0.350020986140621
AI,61322296_AI.txt,7.620978450778537,196.85348602300817,0.014062607304525437,0.19311458716026347
AI,61579998_AI.txt,7.662031839519107,202.53561890850457,0.023956633503707657,0.56485041245024
AI,61634281_AI.txt,7.697182365763767,207.53090224928582,0.013037947945221935,0.47115633806728274
AI,61677751_AI.txt,7.604600531669272,194.63138140236924,0.016237809688519605,2.004879421823236
AI,62071407_AI.txt,7.663538129845781,202.74719290933277,0.022123581784230118,0.5999731994429738
AI,62184086_AI.txt,7.1340147490643755,140.45992396286528,0.019983590882958136,0.36944519242127793
AI,62312955_AI.txt,7.312028210185942,158.90582609942996,0.011234934146539378,1.418657415226091
AI,62555739_AI.txt,7.672573541191093,204.0209567460905,0.012305481660973661,0.40525726992444605
AI,62700506_AI.txt,7.81353107619107,224.9609959129596,0.01923248329441571,0.31156633308139037
AI,62809577_AI.txt,7.363466529938596,164.673720455142,0.00852579549303029,0.4851296067609949
AI,62850928_AI.txt,7.518253400631704,183.32419582890975,0.019058638766262598,0.8080810851373477
AI,62870550_AI.txt,7.773051634916219,218.7367222454626,0.014494738015948489,0.2429904018507931
AI,62994611_AI.txt,7.704009928113108,208.51537106950857,0.02276675176401948,0.5997165471210762
AI,63083944_AI.txt,7.733327094344616,212.7959811663764,0.01650561201175316,0.5459144694778024
AI,63137898_AI.txt,7.197906202940656,146.8201532538237,0.016048256181047653,1.153599648065485
AI,63145386_AI.txt,7.858486034044306,232.08122959892316,0.016525993990508032,0.36902932574268904
AI,63158213_AI.txt,7.898357907422726,238.58473126238297,0.0310666598896714,1.5622761801599314
AI,63282405_AI.txt,7.481693463679379,178.73687104246278,0.006099199755980909,0.4901865476364203
AI,63391085_AI.txt,7.7596092538909325,216.70809780536015,0.017676611470920915,0.3415444756695863
AI,63670997_AI.txt,7.444253564714922,174.1580760353569,0.01773241272778656,0.9138350573546535
AI,63989974_AI.txt,7.461163290782599,176.21138027995383,0.012515755617935331,0.5617094750384942
AI,64017585_AI.txt,7.466348199664857,176.84580658694375,0.01579816659539151,0.4850373482160077
AI,64468610_AI.txt,7.67009878404788,203.67128512048836,0.00756362992562574,2.292823789898517
AI,64471954_AI.txt,7.2126505312064735,148.32834742528507,0.014107760501368288,0.5611050564220842
AI,64589506_AI.txt,7.932808575533426,244.35055573477683,0.03545577474767128,3.743002317403162
AI,64755882_AI.txt,7.831661376639436,227.80591178393394,0.017192649421502358,3.3986494317364984
AI,65062795_AI.txt,7.794551874900862,222.0209298020065,0.021431669447044135,0.440838826180546
AI,65219288_AI.txt,7.406029805765417,169.60440213561,0.01980151704115239,0.3865120569948162
AI,65237556_AI.txt,7.838070679458948,228.82021148097544,0.03996987131819347,1.4317237602926398
AI,65325317_AI.txt,7.7277680285421235,211.9776026058527,0.011607281323617078,1.2469620929246694
AI,65352424_AI.txt,7.442736823982906,173.97507558563325,0.011783491996797556,0.47752903049021156
AI,65373280_AI.txt,7.884742999600743,236.3437657302648,0.012744889184397774,0.29541817388831604
AI,65456466_AI.txt,7.317573819300152,159.5178233921492,0.028131144918233358,0.45205885348878344
AI,65708020_AI.txt,7.613792994192984,195.8754792314455,0.03577781697260682,0.7856675051185642
AI,65864767_AI.txt,7.571783736849609,190.25410036263222,0.012033813093713156,1.2059971808665686
AI,66226673_AI.txt,7.275434632212179,154.9259100039082,0.013590035166551152,0.26014594824254766
AI,66683238_AI.txt,7.831412344192394,227.7665922008013,0.014351740340609738,0.3207497272561079
AI,66741193_AI.txt,7.897940149301305,238.51565479300925,0.01571362082494136,0.8411350023054405
AI,66832845_AI.txt,7.4725686008667935,177.60995061596515,0.011441294779331682,0.3229110884063451
AI,66906212_AI.txt,7.711211391550483,209.55881393879736,0.017548715941363417,0.988858810971304
AI,67032711_AI.txt,7.686847482859208,206.04954717540454,0.01740555884488261,2.25663105923237
AI,67406885_AI.txt,7.776866964291914,219.31595563456264,0.01078877379347653,0.8631017461755692
AI,67501448_AI.txt,7.729922585870268,212.29441183511963,0.011933548032644615,0.4921088741292641
AI,67582956_AI.txt,7.559379923165595,188.62537035341788,0.010669600113173675,0.8196531808689727
AI,67631413_AI.txt,7.644157122742243,200.04172251891086,0.050209779412888934,0.4027855024452108
AI,67645662_AI.txt,7.690851181777867,206.62216029243586,0.011048818056588965,0.34057566551163015
AI,68216398_AI.txt,7.49196793221325,180.01432824065026,0.014384217485499465,0.8332879246709075
AI,68240723_AI.txt,7.682465531923693,205.42465475987504,0.01200460705779851,1.0756884119840646
AI,68338341_AI.txt,7.717793147817024,210.51703170338013,0.0072844953452304495,2.4858193126473513
AI,68460556_AI.txt,7.147964181846813,141.8246193674505,0.008387450581763121,0.427207657377962
AI,68781345_AI.txt,7.480411563269312,178.5781257089928,0.031140221712127866,0.4845120276281964
AI,69005326_AI.txt,7.381377828323555,166.73091581335723,0.01192663491384686,0.47872800875094446
AI,69097572_AI.txt,7.986646644545762,253.64143686544037,0.009934995931587635,0.35018476767815865
AI,69155584_AI.txt,7.575679756403714,190.76857877429995,0.017000687576264353,0.37233176316653555
AI,69181350_AI.txt,7.778824613993793,219.61375609242376,0.01304597559292036,0.21838633211198116
AI,69199666_AI.txt,7.774446456292918,218.94830278199768,0.01358178971680769,0.8336906680228813
AI,69243180_AI.txt,7.633870059307753,198.62040854089298,0.09152015215656949,1.531681108956794
AI,69336473_AI.txt,7.499263416077902,180.92693814747028,0.016822141341914697,0.4381713077984602
AI,69360287_AI.txt,7.592063651525764,192.94738105013676,0.009701327372221508,0.5397033516615153
AI,69458502_AI.txt,7.8633978497569705,232.87272255381785,0.010660716442397522,0.39615698788804826
AI,69487178_AI.txt,7.658682790778568,202.06600131790714,0.02107198445862883,0.5978840108096086
AI,69532425_AI.txt,7.279254146384099,155.33661753223777,0.011722191933929628,0.33050187268435427
AI,69666645_AI.txt,7.504786099038445,181.62085960809333,0.025159482031414986,0.7955514161864188
AI,69764348_AI.txt,7.947201418245354,246.80048480638328,0.061283440486057175,1.5964033084883653
AI,69859102_AI.txt,7.816470396005084,225.41979444123461,0.012754285195563349,0.5055014867756137
AI,70089206_AI.txt,7.744968694547579,214.52005149252244,0.019161616858760038,0.30169157933386626
AI,70196518_AI.txt,7.276823140162107,155.0750887304591,0.0069044222613774565,0.7447739949521811
AI,70198580_AI.txt,7.722529516651835,211.20929499531823,0.04572427504072254,0.39697205448945766
AI,70528646_AI.txt,7.716865612721399,210.3817299422251,0.017406057877233632,0.41011035617237074
AI,70541112_AI.txt,7.956214701090327,248.34720519335198,0.011490034268824476,0.7619119966673746
AI,70603826_AI.txt,7.908368663329325,240.24601043320314,0.027351331423895668,1.5873217774398254
AI,70667011_AI.txt,7.804276159015456,223.52248565101797,0.009780012050195186,0.34087691695679523
AI,70750649_AI.txt,7.7812873085147665,219.98895906479734,0.015572584435051955,1.5301357809421112
AI,70892619_AI.txt,7.314677324512954,159.19788118653628,0.04490192060417357,0.5096806679876646
AI,71422121_AI.txt,7.799719111663467,222.81755807950873,0.013689059409585673,0.3345234087554509
AI,71499299_AI.txt,7.585739731383391,192.1034650341249,0.019154332691232685,0.5779638710955725
AI,71576860_AI.txt,7.402733254079784,169.21729927143434,0.010281362455575833,0.47526084135371044
AI,71767359_AI.txt,7.68450368328812,205.71507124791074,0.018709987202731652,0.22500091245863754
AI,71772815_AI.txt,7.169488360241502,143.95642404172352,0.01190527174649194,0.9950268350693541
AI,71888547_AI.txt,7.675819760663371,204.48054277262864,0.005864914801902392,0.3789188115865404
AI,72136463_AI.txt,7.584144994614665,191.89123362511657,0.008387203299489833,0.4206434115855776
AI,72231872_AI.txt,7.551999733564996,187.6629102628785,0.019789381942233286,0.7249583815069932
AI,72652441_AI.txt,7.609686608323209,195.31874571964303,0.006300283756689872,0.3634476894562179
AI,72807293_AI.txt,7.61213898106284,195.65104166249594,0.01063665698389366,1.6854675730787112
AI,72876163_AI.txt,7.707892809083193,209.07732689365474,0.014515730249797264,0.7681306256680499
AI,73030450_AI.txt,7.611899422335172,195.61855661046997,0.055464275839261445,1.628911681937338
AI,73075521_AI.txt,7.592090376108846,192.95095525392114,0.011387525970094096,0.46794737734931896
AI,73077810_AI.txt,7.525236210498398,184.21365682408805,0.024890875782026294,0.39330783410060394
AI,73157997_AI.txt,7.587718057677044,192.36707169776759,0.012456766072651584,0.27966620757319455
AI,73282756_AI.txt,8.063647105593661,267.54673363985626,0.015914351564566203,0.2867719158780238
AI,73448369_AI.txt,7.533619102896971,185.2871605064742,0.01784789511737885,0.347494516298416
AI,73497035_AI.txt,7.754162393223679,215.89146411882527,0.01775495753168086,0.32852237023018654
AI,74126637_AI.txt,7.76545624314018,217.58815977317158,0.008892733192535593,0.39204024047366015
AI,74191424_AI.txt,7.839711975720105,229.08067918810553,0.011447833619178505,0.32396522277564715
AI,74236636_AI.txt,7.8146872777080665,225.1413559264751,0.03158965803256959,1.6461895291706554
AI,74512244_AI.txt,7.772113940419598,218.59459825308303,0.024447971059283674,0.34279442704387453
AI,74522938_AI.txt,7.530059910924309,184.83061234466533,0.01450843088880838,2.129037952295378
AI,74552449_AI.txt,7.008128054376544,128.72317932157813,0.0146843669943706,0.4658740838870931
AI,74816727_AI.txt,7.563486334442227,189.16302850357988,0.014889460368647526,1.395045606883157
AI,74849878_AI.txt,7.21537006710657,148.60821579029226,0.018645634996631345,0.6023312720146257
AI,75057933_AI.txt,7.577290568217084,190.98169650599917,0.01385409031047386,0.9620718144269618
AI,75156649_AI.txt,7.182801892056718,145.29103663571746,0.009860570778001012,0.38420190784751557
AI,75286906_AI.txt,7.790597174339485,221.4131617349723,0.010251699828816416,0.4770082069214639
AI,75297735_AI.txt,7.740216597674384,213.81460582049027,0.01076428715034325,1.8051401707808008
AI,75329822_AI.txt,7.406255464943406,169.63093288691928,0.012238549250124934,1.323959436015109
AI,75435017_AI.txt,7.4691317239486335,177.18734084383908,0.007850852710618996,0.27922073112911333
AI,75744306_AI.txt,7.617447276705661,196.37225201361193,0.01852373081415034,0.48034308552129884
AI,75950464_AI.txt,7.478913640738926,178.392807696298,0.011821696066786628,0.7397701690493446
AI,76010167_AI.txt,6.832507261430255,113.96975935807991,0.018488682188712212,0.623109178819101
AI,76196367_AI.txt,7.516626973818657,183.1176411693653,0.007997349792746326,0.21700724676213135
AI,76454959_AI.txt,7.370422126441391,165.46957093283103,0.011883543361838552,0.6142749748156758
AI,76530505_AI.txt,7.385984302747784,167.2641325700079,0.015410972758214193,1.158832185124426
AI,76916835_AI.txt,6.944248485855871,123.14792303268209,0.016141055976029283,0.3694720587460936
AI,77156708_AI.txt,7.638295481615239,199.23060588816796,0.020751147100636667,0.4473657458125675
AI,77266989_AI.txt,7.557250892471823,188.34721522118372,0.01612319039163533,1.6226815842273963
AI,77439230_AI.txt,7.809974937611812,224.4071662388715,0.006945784217158782,0.4200598125315068
AI,77576845_AI.txt,7.769272666863294,218.16451715873356,0.01711330890691735,0.7218082541971091
AI,77626587_AI.txt,7.124745232449738,139.56034244742733,0.014052790293108831,0.4291085017885787
AI,77638654_AI.txt,7.657913333087502,201.9582586702773,0.017459533855984706,0.47031441851345496
AI,77828437_AI.txt,7.901609326270079,239.1230388554067,0.011113400863115878,0.36745629562841337
AI,78016758_AI.txt,7.739526011968075,213.7122820639685,0.01443953686151726,0.3567464425392923
AI,78107631_AI.txt,7.294464633237893,156.98301177251352,0.034956175541182445,3.8948231494936265
AI,78114950_AI.txt,7.862075625904746,232.65939346927436,0.006793171145558216,0.6846405414691751
AI,78149576_AI.txt,6.572555132364574,95.1779273239086,0.005226113208711061,0.6359935401733207
AI,78229715_AI.txt,7.416291842105332,170.8151163340464,0.022177600188477673,0.45589911398694416
AI,78257294_AI.txt,7.8421361900910815,229.46593560067757,0.015169616348419946,1.5104469651210124
AI,78273826_AI.txt,7.477709379010992,178.24395988963494,0.01784263822622955,0.2309468995818404
AI,78298706_AI.txt,7.326416765143575,160.4985846845486,0.016295162218988232,0.2779177627246588
AI,78357954_AI.txt,7.427955397446527,172.20167879828838,0.012097024076863166,0.2558198962444607
AI,78403342_AI.txt,7.890804904046532,237.3389223249199,0.01370564481680974,0.39337183013997457
AI,78538268_AI.txt,7.55866315987101,188.53168030909572,0.012524099142987397,0.5886198917581746
AI,79041971_AI.txt,6.86890356990056,116.8815633473425,0.008621259895054011,0.2821675438034074
AI,79261033_AI.txt,7.4639961869477345,176.55773135002835,0.014529979370302148,0.5572155944438512
AI,79376680_AI.txt,7.799733506909658,222.81978136961206,0.009195848483409068,1.0422978364982496
AI,79432080_AI.txt,8.036290878255722,262.521337494776,0.019138546299128242,0.34267799136587035
AI,79536879_AI.txt,7.607714343989119,195.05191385731885,0.018047037783897695,0.5082406510152493
AI,79541391_AI.txt,7.700663721477671,208.03229810184095,0.014604902804868319,0.4090373596140271
AI,79570655_AI.txt,6.812184710439571,112.37557678897672,0.011144001511654657,2.0642056174351904
AI,79663360_AI.txt,7.837401608368871,228.71411733842692,0.013602772127976441,0.29083575825666924
AI,79759716_AI.txt,7.325969087305346,160.44878863581746,0.0060840861409530685,1.0405998255240687
AI,80000092_AI.txt,6.8472533675992056,115.14064329857015,0.013270645710813829,0.25889100413476146
AI,80053367_AI.txt,7.708905200842008,209.22409557429287,0.021832428724825687,0.5810457525659622
AI,80162314_AI.txt,7.56306626683045,189.10795817189126,0.008717721064473102,0.31001986496664385
AI,80275976_AI.txt,7.531927146791179,185.06998780232578,0.020325324996730825,0.785110015637071
AI,80503242_AI.txt,7.7181981206003,210.5761333378601,0.026150643860698666,1.5046360666775924
AI,80527194_AI.txt,7.6350823783529895,198.7873824999762,0.024100843838635665,0.9887669790563145
AI,80679862_AI.txt,7.667407509270856,203.2917007764405,0.011686065641714661,0.561163853240126
AI,80876647_AI.txt,7.493404966784285,180.19372560761835,0.012999417996868191,0.562546957333074
AI,81011612_AI.txt,7.10505861271962,137.66887497153945,0.01967090400048382,0.8672829593770571
AI,81042872_AI.txt,7.642427131364935,199.80198852458662,0.017627209526053338,0.25732721412433535
AI,81125166_AI.txt,7.681507678513327,205.28831173864012,0.01998317941344191,0.3886995178641206
AI,81217013_AI.txt,7.704870920663593,208.63984904859555,0.016902085849600942,0.31091067796759597
AI,81310245_AI.txt,7.6474265786355335,200.49557396599695,0.008704224216185396,0.7193670923413894
AI,81373857_AI.txt,7.488570064144431,179.59085329817265,0.008095424538443674,0.657947108065282
AI,81508860_AI.txt,7.695216909377794,207.2483649111044,0.010202118907759327,0.4843318984695651
AI,81588968_AI.txt,7.70154802685627,208.15985137344634,0.014605098187630002,1.3393708449579456
AI,81677620_AI.txt,7.644266171004655,200.05684354316244,0.012718129834833237,1.1038841723656492
AI,81761658_AI.txt,7.787808289226695,220.9855596469374,0.019500523952375445,0.4881229380917943
AI,82118447_AI.txt,7.467400659410468,176.97486435253526,0.06498434683165377,2.558863786375704
AI,82125182_AI.txt,7.5691660224126265,189.90920463946048,0.026522473201024323,0.9428024766468913
AI,82140102_AI.txt,7.394339251298681,168.2356044083734,0.00944390604385995,0.42241428306936235
AI,82246962_AI.txt,7.763946177486104,217.36052988641075,0.02304389463623269,1.15562623312387
AI,82649935_AI.txt,7.52380708688423,184.03126641667316,0.021272548335473537,0.25359215043927186
AI,82738323_AI.txt,7.086920039719806,135.94884080103955,0.012047050172638511,1.7086646692782739
AI,82929064_AI.txt,7.125584875976365,139.64158972481755,0.012764346540460315,0.24310976479292987
AI,83206166_AI.txt,7.623281914559931,197.16804110856043,0.01031513630742653,0.48808285393241685
AI,83338413_AI.txt,7.751413018810146,215.48042698084657,0.014675238572551963,0.6025001376389723
AI,83566455_AI.txt,7.701471297741034,208.14878077567727,0.021677752495017917,0.3894225453585232
AI,83816738_AI.txt,8.136554536306416,281.4148278160997,0.049418392396020756,1.979074057105471
AI,84295343_AI.txt,7.02098941150168,129.8758527496111,0.01594121665822805,0.8533352841807765
AI,84356308_AI.txt,7.5548050954873505,188.0281812039295,0.040116588003923676,0.886083292319732
AI,84373843_AI.txt,7.719008358710236,210.69442911265875,0.011583659333827793,0.38369530008361186
AI,84512719_AI.txt,7.352837588214381,163.46495802916291,0.01052379325626752,0.5328998576324311
AI,85101052_AI.txt,7.451376437770124,175.02005531043912,0.011286538905097971,1.8807288256588965
AI,85417107_AI.txt,7.511347564923776,182.44876371391524,0.013695829469810962,0.9573856212219308
AI,85421438_AI.txt,7.6305838127782755,198.16849543456678,0.012084785114327565,0.37046586599392983
AI,85766635_AI.txt,7.744923321223353,214.5133048589554,0.01503436753123094,0.5457097001263318
AI,85918100_AI.txt,7.601115068096785,194.16173136052606,0.012446679617716205,1.1776368570498807
AI,85973397_AI.txt,7.522533171655542,183.86883655447943,0.0410001397070766,1.2234876722032655
AI,86184722_AI.txt,7.581907719534499,191.59388681677424,0.02056548958292954,0.5441345170834929
AI,86209934_AI.txt,8.002647207693236,256.47016678819756,0.01681741847910879,0.5516787521305444
AI,86322251_AI.txt,7.568726626057344,189.85137349431446,0.026609544723542076,0.3015824372064965
AI,86549455_AI.txt,7.224829537361402,149.58581235566155,0.02303817382330313,0.7060206896370553
AI,86551046_AI.txt,7.299863509558968,157.57157667682895,0.02246180279535997,1.3589568756378345
AI,86595128_AI.txt,7.697738719396592,207.61094885220254,0.01720413494848359,0.5559487315915368
AI,86597425_AI.txt,7.754700646098953,215.97202576070686,0.015346192057796911,1.1186501185256883
AI,86828820_AI.txt,7.441197551232822,173.7895531604085,0.012031355860343313,0.8883776483512785
AI,87118391_AI.txt,7.588314161876212,192.44657187592952,0.011374481516282153,0.3983777031259172
AI,87520378_AI.txt,7.870126185940237,233.96131389044615,0.01655974743910794,2.904903319428666
AI,87635012_AI.txt,7.736376385341402,213.24622398969575,0.011700663424476855,0.6164878086849765
AI,87826037_AI.txt,7.908199576966099,240.21785483370212,0.011246276956813746,0.39851838754511965
AI,87867370_AI.txt,7.6547373141052315,201.51414696777474,0.03013199722362147,1.75749361812458
AI,87968870_AI.txt,7.5381483185279485,185.86976747864873,0.01460352794514332,0.2828038797927724
AI,88038965_AI.txt,7.236079998386602,150.75687640410175,0.023245314393252895,0.7180218199869149
AI,88651471_AI.txt,7.749912249858975,215.25638920320137,0.045161243429398715,1.5514985699645192
AI,88691367_AI.txt,7.57488641865843,190.66370400485917,0.013211738294090669,0.571295755927735
AI,88859947_AI.txt,7.788943532210587,221.15951951331698,0.015528517748127812,0.6630661372981979
AI,88907739_AI.txt,7.7626841944270515,217.1704790712942,0.006859092912310746,1.5238270165995298
AI,89049979_AI.txt,8.035143854412606,262.3127011900556,0.030746317091854464,0.7068713597303189
AI,89197180_AI.txt,7.587536517694222,192.3428669165851,0.025338517097961314,1.2999112129196715
AI,89413122_AI.txt,7.520560080006957,183.61754152331054,0.01149053156106181,0.42154402058775814
AI,89508407_AI.txt,7.444441296078554,174.18073991059663,0.010212883930629807,1.0379383655091041
AI,89512321_AI.txt,7.432893877417241,172.79215128483398,0.04956945882329112,0.7337173430816964
AI,89740812_AI.txt,7.778607451237621,219.58070105448215,0.02587337564604942,0.5794536389335195
AI,89858892_AI.txt,7.722161717185223,211.15545633745512,0.012649951510035198,0.24794397365444934
AI,90032884_AI.txt,7.630958259925927,198.219936145364,0.01836729062036658,0.8695686515753168
AI,90066849_AI.txt,7.187280060276159,145.74272498936006,0.02338240841777024,0.5703671533256001
AI,90280583_AI.txt,7.695349601551373,207.26742749878935,0.007664628657769798,2.0002583906707736
AI,90318913_AI.txt,7.201163867687642,147.15205378075464,0.01990294319010733,0.46967654320232055
AI,90363254_AI.txt,7.51997518220066,183.54311433906702,0.010199369309864249,0.8488647202131481
AI,90365216_AI.txt,7.690529674720211,206.5761193209235,0.04781262924856191,0.6170004401147645
AI,90468982_AI.txt,7.6729838697693955,204.07899225117043,0.012500174777139248,0.881123695269915
AI,90629382_AI.txt,7.708357210243072,209.14463937447718,0.01634774435916363,0.5055020573529216
AI,90682785_AI.txt,6.911365779751968,120.37281327982082,0.010373118014179264,2.1070715605146924
AI,90685127_AI.txt,7.362235927892244,164.53331558225636,0.017010438434776644,0.25050185000220304
AI,90867631_AI.txt,7.583273695316348,191.77537808048257,0.019605160826108976,1.1082145682915217
AI,91026230_AI.txt,7.577600169708129,191.02268546154315,0.014925301414554826,0.41820516508930966
AI,91051945_AI.txt,7.67765625233518,204.74100386785207,0.013771822545270592,0.23904290333071418
AI,91072502_AI.txt,7.388872971171266,167.5993764344604,0.019247237937956206,0.3850674300979531
AI,91116867_AI.txt,7.269565769135631,154.29695374725125,0.033624847103570416,0.7599382548166299
AI,91121135_AI.txt,7.403946809460812,169.35970009198095,0.023424249914234474,0.45112203744617957
AI,91153752_AI.txt,7.482037293932258,178.7794735783812,0.015357578243706997,0.4796624738725325
AI,91189201_AI.txt,7.533397888299454,185.25875181220025,0.014654799451314397,2.35653856357476
AI,91197243_AI.txt,7.8070053566677595,223.94573131569996,0.008184217507674688,1.2259604865393519
AI,91268638_AI.txt,7.654987972644736,201.5491617342948,0.0057864672931577064,0.2952214152483133
AI,91318828_AI.txt,7.685135501098255,205.80518239890273,0.019169193889211796,1.2058425388781226
AI,91431878_AI.txt,7.54698271952331,187.01144043353742,0.015242884005927982,1.5273454519561604
AI,91467795_AI.txt,7.766935545223551,217.81138345409775,0.015270959246256616,1.045313771356255
AI,91478356_AI.txt,7.413152841195031,170.44386260661807,0.01814113100048159,0.38733803226659397
AI,91515108_AI.txt,7.711814975046295,209.64650586312194,0.01981587062491882,0.6545258143801768
AI,91533580_AI.txt,7.260653383983835,153.34670785177627,0.011112038891808632,2.1948623310883097
AI,91539554_AI.txt,7.515475997713272,182.97160893628111,0.05755507523670903,2.864846318320977
AI,91564103_AI.txt,7.470432685049675,177.34719292382837,0.011541670226011378,0.48505539578857537
AI,91591026_AI.txt,7.714876698133689,210.09189530259462,0.02559153735742508,2.8251226471177207
AI,91635250_AI.txt,7.905163654171205,239.71288597437336,0.016453415446152243,0.24276867447310185
AI,91697974_AI.txt,7.640478587307485,199.53231255739726,0.029965807628656218,0.7141955315139696
AI,91930382_AI.txt,7.489308552821302,179.68280603801185,0.01053999638841752,0.769874946786182
AI,92069209_AI.txt,7.55961131878458,188.6556266332163,0.014940588106288823,0.7469198364257107
AI,92122785_AI.txt,7.69297049612338,206.92591062663976,0.014910910633091013,0.6303076821879777
AI,92200491_AI.txt,7.382582597812474,166.87020804794238,0.008955249706704556,0.7568923737459952
AI,92246939_AI.txt,7.8389526495989506,228.96014007875186,0.03274094023920353,2.2138254638179027
AI,92283635_AI.txt,7.183376722216967,145.34893820755653,0.03452658534106421,0.22357762288480956
AI,92524964_AI.txt,7.447530697007493,174.5541318591919,0.019552059491566607,1.3245593326604075
AI,92985983_AI.txt,7.6378048873767055,199.1628682389583,0.011793585073308384,0.6790373510810138
AI,93002334_AI.txt,7.718333039155493,210.59582700517223,0.010386441896717334,1.9510062392591694
AI,93112113_AI.txt,7.663662181413367,202.76462707784634,0.012485766921152459,0.7338912970277555
AI,93301686_AI.txt,7.853517530534061,231.28333879598645,0.009955341641353104,1.1528430174858366
AI,93349646_AI.txt,7.657019354470721,201.83315223225506,0.028345349227877195,0.5140094161745776
AI,93436805_AI.txt,7.52946314126455,184.7541731190226,0.010555655124529295,0.8923635572083578
AI,93459677_AI.txt,7.839763602870484,229.08887703585063,0.014115934234025742,0.3098082082482329
AI,93512385_AI.txt,7.280662128307382,155.48829054862188,0.006148042626485133,0.3018731595982371
AI,93576192_AI.txt,7.52586628079918,184.29412629250575,0.025143848261394732,3.467800807615541
AI,93653247_AI.txt,7.544052582527469,186.632002621536,0.01333618233658505,0.4931534361450498
AI,93828034_AI.txt,7.631067340488613,198.2349239002142,0.016832990264535264,0.3654354102339138
AI,93988900_AI.txt,7.724576821153397,211.5092313547455,0.020362573513969875,1.7275923873364443
AI,94047639_AI.txt,7.191353153268956,146.15477495078835,0.021854337168759817,0.3737164787623588
AI,94137171_AI.txt,7.414520333125229,170.60549836496986,0.026617426359818362,0.33672681354380923
AI,94230796_AI.txt,7.846818178465264,230.21183269504334,0.018546403030093382,1.3879956171272465
AI,94417768_AI.txt,7.868989061449327,233.77697949331684,0.026053702838498418,0.6880940872181102
AI,94492380_AI.txt,7.681415414344626,205.27518342721802,0.026902208614289415,0.8272364049213212
AI,94503308_AI.txt,7.616007602732621,196.17638871669317,0.012698697457284676,0.4748658539096891
AI,95011061_AI.txt,7.468530749593647,177.11354640424122,0.011322511909280089,0.5116631312773791
AI,95085510_AI.txt,7.7578370150781195,216.44205217919213,0.01363571464871577,1.3567497404634101
AI,95350373_AI.txt,7.44944581254278,174.7859988144899,0.007965873034309031,0.4180773854264194
AI,95382114_AI.txt,7.7977356956805215,222.51143915394667,0.013537736854233932,0.9624676091116362
AI,95429627_AI.txt,7.854969151367134,231.51617017512018,0.01578722544410286,0.9904076593364797
AI,95519832_AI.txt,7.500121081086904,181.03452903364752,0.016594187158598922,0.4867156290145653
AI,95625660_AI.txt,7.825988903306882,226.9119696616402,0.01721176778622223,2.681458141657549
AI,95714702_AI.txt,7.679580155666037,205.01421799037934,0.012806758452364743,1.1302008080344867
AI,95769832_AI.txt,7.415229876128675,170.68942581110915,0.009566538844911624,0.276422845405348
AI,95792386_AI.txt,7.751639142311618,215.51420335491238,0.024270949174153705,0.7265849502553613
AI,95970987_AI.txt,7.4072601268506775,169.7491013733517,0.010827858751682323,0.8986969014636539
AI,96029688_AI.txt,7.615646929228467,196.1273507843266,0.015172778426107411,0.7473737663861297
AI,96260484_AI.txt,7.5385396517415915,185.92019177295154,0.021926021969331102,1.1258119482580944
AI,96457008_AI.txt,6.854728107418152,115.73874596576982,0.025231288021625015,0.3996846482198058
AI,96493528_AI.txt,7.787541041394926,220.94462761325957,0.017927280064267703,0.9793673384678515
AI,96547039_AI.txt,7.499748930876553,180.98783631798275,0.004474955860909334,1.3692765777915847
AI,96761538_AI.txt,7.174870995917315,144.49452270833132,0.009829818758047153,0.631336981944519
AI,97123005_AI.txt,7.803488882900049,223.40054310347324,0.009294137489230234,0.46743873596585117
AI,97169343_AI.txt,7.696751190539709,207.46888719385362,0.01616579343090004,0.5005230736682963
AI,97405769_AI.txt,7.494544028317076,180.33605145178572,0.009214415074993737,0.6564174142211705
AI,97449528_AI.txt,7.910304894558667,240.5686594384351,0.008666698459306729,0.33089817563039353
AI,98086373_AI.txt,7.552746776239609,187.76010925587343,0.02290786376241592,0.6666393636928868
AI,98108571_AI.txt,7.0204121054160415,129.8238922739073,0.03245750330448525,0.6106314977441816
AI,98300955_AI.txt,7.970630087887881,250.84112552936452,0.010488610088272695,0.577171152455524
AI,98309114_AI.txt,7.84733293182302,230.2939868952268,0.03870332297620638,1.3868672275812062
AI,98348532_AI.txt,7.559017366841822,188.57797383052608,0.017376396046702394,0.47932544030524665
AI,98379112_AI.txt,7.720249004888949,210.87569379957986,0.015359464397096359,0.37754656265550185
AI,98389424_AI.txt,7.671130614896998,203.81700509548634,0.027763644406590262,0.559264664353545
AI,98509238_AI.txt,7.627107345669861,197.69154303009856,0.016842693859042315,0.4495254374949519
AI,98513424_AI.txt,7.719094356908746,210.7069888573578,0.011576828193354212,1.5821839886456963
AI,98559931_AI.txt,7.614626147063893,195.98862951230154,0.023197860790315633,0.9025543565391942
AI,98965485_AI.txt,7.508961729442272,182.14729112921717,0.014280170693354537,2.198317342148226
AI,99033098_AI.txt,7.424158253569418,171.74904342215171,0.009431129158996502,0.5865371644030452
AI,99124477_AI.txt,7.899407670307101,238.7583982759198,0.014393934769224551,0.44368320231600983
AI,99244405_AI.txt,7.615666368368751,196.12999345839341,0.028005753456610095,0.4067166728494149
AI,99416532_AI.txt,7.627648423244191,197.76570043602047,0.021588415384831236,1.5650345742547764
AI,99433371_AI.txt,6.718771352760075,105.32990953674953,0.020731420336400005,0.40154588405531993
AI,99561379_AI.txt,7.985758122015491,253.48527306073518,0.020559624648010293,1.7455487994468568
AI,99680385_AI.txt,7.774980934470268,219.02943203388807,0.009280911572134282,0.4249187352376708
AI,99714410_AI.txt,7.63717139832852,199.07543479241042,0.02558035225959611,1.9657923814375242
