file,entropy,perplexity,rolling_entropy,sentence_entropy_variance
10138632_AI.txt,7.397947195986174,168.65686070711627,0.02707415923708537,0.32610188549786695
10176815_AI.txt,7.607691319476579,195.04880097533567,0.01723861216822052,0.30918817744964866
10182582_AI.txt,7.304976027992112,158.1309580059125,0.012313103869191041,0.5601449684141334
10186968_AI.txt,7.771186105495396,218.45405954503627,0.01892031432208617,0.42307578093458675
10268614_AI.txt,7.81540114400415,225.25278668026846,0.013903341873543893,0.7293834630988159
10395944_AI.txt,7.446964878051017,174.48568588228267,0.011218297968840642,0.5962797232212499
10464113_AI.txt,7.598610042094969,193.82489082763286,0.012733225978070814,0.8011580598440639
10466208_AI.txt,7.489892438509472,179.75554175077178,0.011043083870151418,0.8362033401703024
10466583_AI.txt,6.7591998497141885,108.32330484017253,0.014547592931514954,0.36117993978056134
10480456_AI.txt,7.685983822291049,205.92623378749377,0.03258906130874549,1.6492813788738565
10549585_AI.txt,7.621566308432148,196.93371462643157,0.01686087327247504,0.4536627404797954
10553553_AI.txt,7.652356761622509,201.18190805072143,0.01583369696648104,0.6699337667240903
10554045_AI.txt,7.588221900769216,192.43426520990775,0.010165866326275315,0.4955689858114605
10554236_AI.txt,7.739005560144324,213.63519932390636,0.009023014746537427,0.3845949823702272
10562768_AI.txt,7.731976060178237,212.59679834500355,0.015659469038878045,0.5468985427791655
10567764_AI.txt,7.511004476507566,182.40538059191786,0.012431399301177178,2.7019409654844395
10624813_AI.txt,7.82887724628765,227.36671309986252,0.04796760537894598,1.2824100907658866
10659182_AI.txt,7.757990226315522,216.4650390992248,0.006695764716416991,0.5869052062287397
10738095_AI.txt,7.7805301724648395,219.8735376707374,0.012608003428242054,0.6263499443158432
10748989_AI.txt,7.307775799750014,158.43813343049675,0.009925415014603835,0.6297327387026214
10751444_AI.txt,7.678705744820923,204.88999746202143,0.011922996046182065,0.7450102003558962
10820510_AI.txt,7.258762560019014,153.1458603429119,0.017650544351048958,1.3194191243303415
10830646_AI.txt,7.762739562546464,217.1788138554423,0.03925237440381356,2.2544833827825763
10840430_AI.txt,7.746849426972806,214.7998874220432,0.021349784891147718,2.2843504777433243
10926726_AI.txt,7.766254916965535,217.7086496026838,0.009614538569079033,1.0475599434632372
10945968_AI.txt,7.619371220292337,196.63430404455428,0.02322004589168971,1.692160398911385
10953078_AI.txt,7.52943343657602,184.750369121287,0.0225510994111321,0.6712547783598962
10969918_AI.txt,7.595360178847535,193.38876577566174,0.0071471885487000945,1.0462001195355923
10984392_AI.txt,7.875833768091689,234.8887436847569,0.01279416101844929,0.6891229182472469
11121498_AI.txt,7.624695761977071,197.36136135858249,0.01584138615932279,0.20775320091419383
11152490_AI.txt,7.8954084170190875,238.09745951827404,0.05568858689619041,0.35752561784270215
11174187_AI.txt,7.5465895412414525,186.9604810718972,0.02068406465999515,1.4092578992025167
11188218_AI.txt,7.869074356697291,233.7908013020362,0.01954288408329302,0.6573136620041499
11232471_AI.txt,6.922148251237417,121.27583069195255,0.013998496341199818,0.27667467043498606
11262933_AI.txt,7.6340035274812434,198.63878437824619,0.011671346495502699,0.2918919643736668
11289482_AI.txt,7.615111589530255,196.0545874656391,0.01891703935247822,0.4817916107973606
11333001_AI.txt,7.912405018479499,240.9191090389904,0.01226873305441212,0.30810795385148326
11336022_AI.txt,7.280864754473778,155.51013037474496,0.009009780760775441,1.2024260600431775
11393213_AI.txt,7.4817874865503935,178.74852000563502,0.009499457277884867,0.3018317721083248
11441764_AI.txt,7.89674805355247,238.31865123346958,0.021995315869070407,0.2731369327174617
11480899_AI.txt,7.524436400539789,184.11155965169544,0.021521803912819586,1.0087544262957597
11522068_AI.txt,7.009295652978496,128.8273994341973,0.006881722433621377,0.5306703482659014
11580408_AI.txt,7.5245964712315,184.13198843176636,0.06530949819680675,0.7988413933163414
11584809_AI.txt,7.592758320456409,193.04030909216,0.025339470290632302,0.5289351695893872
11592605_AI.txt,7.578728282273476,191.17211369174638,0.0074187884996589175,0.9904707887936375
11698189_AI.txt,7.6494458208304374,200.77639046809162,0.019335577966825432,0.3401944927348422
11704150_AI.txt,7.718707486570938,210.6504936501246,0.011123328155066755,0.5089735737040458
11722421_AI.txt,7.63602964362587,198.9179480125141,0.019813071170217512,0.9215515174695336
11807040_AI.txt,7.706798512284506,208.91880004332396,0.015918193001193476,1.2194422259010613
11813872_AI.txt,7.906655136013986,239.9608332392736,0.012211807090147955,1.6606622636332038
11887930_AI.txt,7.563846630333367,189.21027561479136,0.04677252084720461,1.2822596991565975
11919526_AI.txt,7.859610299810833,232.26215672903274,0.09879242926613606,1.9585315514186759
11958994_AI.txt,7.751409810594992,215.47994780348546,0.008972867562753967,0.2430420473021489
11995013_AI.txt,7.46998531783824,177.29220762412174,0.007993508902251204,0.4328130541187805
12021752_AI.txt,7.650200937555917,200.88150574881072,0.008802234586208766,0.7103756068737036
12022566_AI.txt,7.75303622789473,215.72300536193467,0.01048112214859484,0.34674831324195615
12059198_AI.txt,7.260381761888589,153.31783935765802,0.015009248489563653,0.3410342127265911
12059610_AI.txt,7.337617230105019,161.7494762049108,0.01023903729943842,0.2695721240771857
12065211_AI.txt,7.649311135074102,200.75764745102305,0.013784253148735392,0.6622788582159492
12071138_AI.txt,7.293390750905916,156.86620361063916,0.010983231733199574,0.27725419205920876
12082377_AI.txt,7.254016065222659,152.642835412888,0.015559009194839952,0.3632571774010808
12085736_AI.txt,7.681952554533875,205.35162513973012,0.012637468287624146,0.27053351979549367
12144825_AI.txt,7.660269097607795,202.28830399211665,0.020554104885177008,1.88091602102333
12155206_AI.txt,7.650426720541076,200.91294633329153,0.03552362833620221,0.41622815853858985
12191094_AI.txt,7.472010596931129,177.54126812599776,0.012844046726886585,0.5240162276937372
12212468_AI.txt,7.4916937197349975,179.98011623960943,0.011531929731744831,1.328925119859944
12254068_AI.txt,7.461330522873421,176.2318072618912,0.014043520651719437,0.41030489095335904
12351749_AI.txt,7.415330725695895,170.70135803233885,0.015095009081075302,0.3934099732390596
12545844_AI.txt,7.271410712418158,154.49439757132058,0.012970361550497517,0.6510371875754454
12547982_AI.txt,7.558755499124786,188.54374760766967,0.011038858692965127,2.456309119622434
12587973_AI.txt,7.603719099596997,194.51250531210462,0.012991511923287222,0.40724180181348785
12613221_AI.txt,7.348909873392078,163.02053246731685,0.034508717555600414,0.9065967238864288
12632728_AI.txt,3.521640636343318,11.484694984106929,0,2.9240773705026495
12674256_AI.txt,7.930302245379105,243.92642486246496,0.009846811326415076,1.4325129390263849
12674307_AI.txt,7.483403164810427,178.94881311263603,0.013113117325679201,0.16092386965862168
12693146_AI.txt,7.341558276285112,162.19193536382693,0.012243377247406439,0.7773233983033982
12695537_AI.txt,7.92817846941195,243.56760754700596,0.013212010792569432,0.5690679934860305
12696104_AI.txt,6.51719181355276,91.59467444401481,0.013325048118160111,0.5773123558075168
12717345_AI.txt,7.511594521303392,182.47999744068986,0.010657611489630311,0.6010521300985631
12780508_AI.txt,7.546539152189511,186.95395121173473,0.015607590974604704,0.48258492574720957
12786012_AI.txt,7.6124184686221765,195.68894803049065,0.016776515981632295,0.8374657968503425
12791244_AI.txt,7.616433628301244,196.23432784890946,0.013484201320798101,0.4204625688945862
12802330_AI.txt,7.666862029358553,203.21485114801317,0.01238263861916326,0.2472392077025438
12839152_AI.txt,7.52286987735921,183.91175408676983,0.016715232549715422,0.33062543640087044
12920612_AI.txt,7.83141806696162,227.7674956891982,0.014499855074131342,1.3868987496044027
12938200_AI.txt,7.58282203542913,191.71534897793194,0.012469462651977582,0.6362582761608709
12955994_AI.txt,7.7386810457921875,213.5871504363948,0.02204877352816298,0.42091660984494145
13014900_AI.txt,7.562225777811683,188.99781925276335,0.010611428073618836,0.6762263409756603
13037145_AI.txt,7.285831932026874,156.04647221772282,0.016761614913739616,0.4809018469038405
13087952_AI.txt,7.623368864909264,197.1799246641285,0.013596560113319616,1.9384161650548417
13115648_AI.txt,7.88476312105837,236.34706207086094,0.02152729939075444,0.3823680583647337
13129275_AI.txt,7.496985653199861,180.64151156797274,0.010579134910275038,0.5796100849492746
13264796_AI.txt,7.87999799775889,235.5677116276155,0.022729778977346005,0.34624346409846923
13294301_AI.txt,7.517049877069316,183.17132708005798,0.007853596613320192,1.1220490614476613
13296856_AI.txt,7.494184183590521,180.29107667681285,0.016976952153950026,0.8784268254985039
13313917_AI.txt,7.745815092869852,214.64594274354366,0.01619525565452256,0.38397949074296456
13342150_AI.txt,7.68710032990748,206.0856626287983,0.009044743088381307,0.5060557447011526
13348915_AI.txt,7.578638604460057,191.16023081710134,0.018690631979471486,0.5237652085229747
13385306_AI.txt,7.410966537170701,170.18576239960007,0.019786915049178722,1.2555339563266916
13386301_AI.txt,7.595314865788543,193.3826917969707,0.020442680149980224,0.44432725938488526
13393401_AI.txt,7.631168297463661,198.24879647754844,0.014537525993940318,1.880427467374108
13405229_AI.txt,7.477512803848998,178.2196748208422,0.03406193501653351,0.6913234840717996
13518263_AI.txt,7.2422817177402425,151.4063305401744,0.011358974340110038,1.647763644368523
13520837_AI.txt,7.746073871985438,214.684447671917,0.0077654184246853265,0.6386555158443218
13565152_AI.txt,7.582765931697086,191.7078936688567,0.013083559278764265,1.3229610388149418
13569152_AI.txt,7.632758222103534,198.46739734948852,0.0501797483292198,0.9629405849143479
13727873_AI.txt,7.722334786550355,211.18078860228744,0.009043239635399776,0.6188232719643815
13764840_AI.txt,7.252688491755126,152.5024375020345,0.013305423893351395,0.46993760078406877
13807808_AI.txt,7.11585527155219,138.7030086337274,0.04998437831960935,2.585319395923384
13809698_AI.txt,7.603993234168016,194.54946923523056,0.010138930714091807,0.9766273994722489
13812481_AI.txt,7.42792354181065,172.197876516268,0.011677351030216276,0.916918777605906
13836471_AI.txt,7.37478865757454,165.9711478675311,0.0182795088370701,1.309291699942231
13888506_AI.txt,7.680660365344489,205.1677786977678,0.020949247788196176,0.7089195701461278
13907230_AI.txt,7.192198562264005,146.2404457043334,0.01258960493872327,0.5615901285475947
13909762_AI.txt,7.613576122672504,195.84603668184457,0.021355480754606217,0.4527749484850243
13915715_AI.txt,7.200328301698482,147.06685237037058,0.039906462309227925,0.5548342883131833
13982572_AI.txt,7.609353535410004,195.2736579687646,0.006863173325733963,0.33087416450028245
13998435_AI.txt,7.521465229588126,183.7327796606268,0.03169713451282547,0.6635797181940991
14062078_AI.txt,7.438254362182771,173.43537288777563,0.031869954775738,0.3994507145826733
14070138_AI.txt,7.51169398208165,182.49257822019447,0.009277863232631252,1.3524758528813476
14128006_AI.txt,7.61282175096177,195.74365739435726,0.023021212125830158,2.153223818065807
14241621_AI.txt,7.615408095710684,196.0948852203963,0.011321140304382301,0.5431521331282796
14248724_AI.txt,7.037828520630711,131.40064258555083,0.03100064029137064,0.32229054467422474
14256329_AI.txt,7.546591391419388,186.9607208387009,0.017213483463445516,0.5416597301418319
14267489_AI.txt,7.5216876166571796,183.76110369486003,0.008378169198521237,0.7281373578717572
14278888_AI.txt,7.724096793231349,211.43886759475282,0.02022857200381827,1.400041152086751
14364597_AI.txt,7.501106100632407,181.15817501174837,0.018988802849715408,0.41760797721009446
14381464_AI.txt,6.530626648779005,92.45161706242429,0.0072507801704159176,0.30011595071571345
14391434_AI.txt,7.808204242635597,224.13190855649069,0.015501983273726481,0.4640675699153716
14408510_AI.txt,7.729372356278779,212.21346028832312,0.016539336893236018,0.2965987631661493
14445309_AI.txt,7.4599313600336945,176.06097596408097,0.020093843266345036,2.0885628458172403
14449423_AI.txt,7.704609404788272,208.602032541124,0.015276750165046303,0.5182010522453714
14517953_AI.txt,7.574746564892332,190.64522210542444,0.03401351808912888,0.5935924501046222
14528265_AI.txt,7.205120976418983,147.55622511962085,0.034694289020108245,0.8632158661114636
14536764_AI.txt,7.600228647447101,194.0424711562463,0.009177332580379779,1.3660124441752024
14554542_AI.txt,7.4646985357934454,176.64370607439776,0.02167093418262954,0.9221575097377873
14589288_AI.txt,7.2188775266875425,148.9699495050658,0.011520917078710172,0.24270888436257756
14667957_AI.txt,7.354486675422033,163.65191513961406,0.014977510660831524,0.4152646920143649
14708590_AI.txt,7.5093984440244625,182.20243682303644,0.016679907283638565,0.3834786223357995
14726000_AI.txt,7.6243213535278125,197.3101487519506,0.015856980736757263,1.4038906287577844
14743911_AI.txt,7.531002839041649,184.95145489495965,0.033342318742565706,0.40290878803284
14771530_AI.txt,7.389967215416447,167.72654414172365,0.008214667258938822,0.4551475568969869
14825300_AI.txt,7.750426967256119,215.3332009840926,0.014313852613215591,2.1365227074274733
14874322_AI.txt,7.081310391410734,135.4212556767611,0.004657979275478618,0.25062277751025214
14886205_AI.txt,7.776068146020594,219.1945543028098,0.010374116563611601,0.3311566083644536
14910300_AI.txt,7.607435975042588,195.0142820943232,0.016466416275163327,1.076152029139185
14937492_AI.txt,7.956680734770923,248.4274417328003,0.013400277517897954,0.8569409818677063
14945250_AI.txt,7.792862171748878,221.76104822617174,0.01301279073808543,1.334206863482459
14990354_AI.txt,7.661303486078809,202.4333933657948,0.01687234914864935,1.0944604362827604
15119529_AI.txt,7.7862272812090865,220.74352057154348,0.007341484477930134,0.67912611348203
15139979_AI.txt,7.45417277478448,175.3596209578259,0.0683337131578701,0.3516116154368099
15180322_AI.txt,7.436758644374415,173.25565649397822,0.011371896010002307,0.7023119031926185
15224503_AI.txt,7.625787420385053,197.51075725847156,0.01741636672924448,0.36610055892408655
15297298_AI.txt,7.800165152821161,222.88645771802447,0.00844293908221058,1.3089750296791427
15306049_AI.txt,7.389584222452262,167.68202360301717,0.007533947051886696,1.8959946418305174
15313140_AI.txt,7.726014333708894,211.72008582839578,0.009591785379060335,0.2807034347430036
15353911_AI.txt,7.115405979173134,138.65981967124677,0.007420399727011066,0.9734140631045387
15354126_AI.txt,7.383563964936868,166.98375709462934,0.011926974611217191,0.5008410988849828
15363277_AI.txt,7.71928487833597,210.73481653121198,0.020949933254894186,0.9472269730744077
15425154_AI.txt,7.733367564283962,212.8019505230291,0.011361655580405533,1.2050481113415994
15433732_AI.txt,7.33645644030555,161.61938521377544,0.015069802125600506,2.1798947133160422
15564893_AI.txt,7.633973710393065,198.6346790276513,0.01995637985902237,0.9695943497202131
15603319_AI.txt,7.65635860323174,201.74073424602375,0.030228871329526952,0.5557375329242062
15618327_AI.txt,7.497982660551691,180.76639115495107,0.04438987240757394,0.5161898399726111
15620421_AI.txt,7.760965059308218,216.91184988538788,0.011998006751351865,0.3262471658751932
15636923_AI.txt,7.728449647538818,212.07777769112434,0.01799864483566943,0.4069383371952126
15651486_AI.txt,7.602879049387647,194.39927784324655,0.043574274306028865,1.6029250950087222
15680735_AI.txt,7.598604313165145,193.8241211521564,0.03524701755082532,1.1192656770849039
15684810_AI.txt,7.609146901189235,195.2456913302816,0.014667290523944552,2.0485557925415576
15699744_AI.txt,7.863039752437784,232.81492742267358,0.011188154400011432,1.84617610510996
15717923_AI.txt,7.781378006073053,220.0027894919203,0.011365985441514622,1.4018550225191382
15721849_AI.txt,7.39907298494929,168.7885213341762,0.06390574934090135,0.521653176331952
15727656_AI.txt,7.6075592860117744,195.03095119428926,0.013301324582860706,0.43407601823573483
15746146_AI.txt,7.311794479065398,158.88008384117165,0.014915665095373083,0.3388023438500995
15765660_AI.txt,7.87250085509623,234.3467302068621,0.03609610916567754,0.5159627156914943
15790602_AI.txt,7.8412018914067625,229.31738007747404,0.00971152530999047,0.6577809272509818
15791766_AI.txt,7.673352045406446,204.13107983664975,0.016948633512384393,0.2550136620769812
15792052_AI.txt,7.678636400774078,204.8801495317735,0.009590034747798001,0.3278313067209196
15802627_AI.txt,7.801768015001558,223.13422650928757,0.06166831224763775,0.4396069605327764
15811992_AI.txt,7.491038197392599,179.89835662695134,0.054373520651622514,1.2503912408009887
15821633_AI.txt,7.867215938054127,233.4898357816554,0.012729945150574004,0.3997373709249402
15891494_AI.txt,7.588800228766031,192.51142110854192,0.013606976479475985,0.2661396857839309
15899269_AI.txt,7.258634542738939,153.1322715759661,0.038742324336633646,1.1804766620860403
15906625_AI.txt,7.362080235289031,164.51556045224186,0.014931033490369639,0.6033658452405527
15917885_AI.txt,7.159492147754257,142.9624197050766,0.014631905091056531,2.187932107362898
15918496_AI.txt,7.735005467926964,213.04368353683194,0.01019619935047461,0.36485529824944224
15936656_AI.txt,6.955837225475268,124.141117300605,0.03191961055947592,0.34778793453448487
15941675_AI.txt,7.364106978075248,164.7468394353535,0.05657379933120057,0.4982242371136731
15958967_AI.txt,7.8502582598914605,230.76142382186057,0.013898252631008983,0.8225902372637887
15973307_AI.txt,7.276466948581497,155.03680647314664,0.01491537871808113,0.35031304653518336
16203589_AI.txt,7.87376365026526,234.55194438118426,0.01002922710170767,1.0799066473296657
16223371_AI.txt,7.37881923084561,166.43548314722574,0.005201733642043731,1.3139925640770809
16248476_AI.txt,6.969759116109351,125.34486776324508,0.021375211087955762,0.3242299347755589
16270906_AI.txt,8.006215383090128,257.105272011094,0.010965185222370515,0.2623242406371825
16276121_AI.txt,7.528439306591473,184.62310548563784,0.014613521230679273,1.4714184045487013
16300459_AI.txt,7.883200903785572,236.09127299751538,0.01182518003424702,0.6282469821641226
16332348_AI.txt,7.89921323957109,238.7262231856849,0.018212872257723067,0.30204021453848867
16378091_AI.txt,7.459629824130078,176.02418152287285,0.006498702892495795,0.2603502922379635
16407619_AI.txt,7.678502935802002,204.86119676776124,0.009778469205264826,1.0739899898991572
16449850_AI.txt,7.458286549889598,175.8603640153263,0.010083589652047023,0.31696431343291953
16605352_AI.txt,7.758742720631579,216.5779744007416,0.008233890761166492,0.7112764519375123
16702198_AI.txt,7.760849860596642,216.89453023895513,0.015144629394964481,0.48824206421773525
16833515_AI.txt,7.645292373446123,200.199196464781,0.012325986248382385,0.41936484076516345
16861758_AI.txt,7.511890013600295,182.51737675822815,0.01517988344223965,0.40191062677574363
16877897_AI.txt,7.342688859332926,162.3190885851699,0.023573044995797904,2.030725266613283
16887936_AI.txt,8.124431175225988,279.05993031793304,0.013463833967593486,0.35201173136898123
16893572_AI.txt,7.692314272652281,206.8318098239298,0.012387406320097534,0.8286552469143729
16985289_AI.txt,7.647335253975535,200.4828827110287,0.012929214115890408,0.3997243838274144
17021141_AI.txt,7.695242016725481,207.25197170386815,0.032241550649898705,0.719892938099521
17043822_AI.txt,7.657740424404388,201.9340551878897,0.024553926385776755,0.36971336618596784
17095812_AI.txt,7.573456938908347,190.47488036981406,0.01724629360886621,0.7072576710811206
17103000_AI.txt,7.575282855462868,190.71610350264945,0.015149399288881576,0.413220205651873
17108676_AI.txt,7.470029478561411,177.29763460051555,0.019181192870651575,0.570014385608621
17111768_AI.txt,7.930327936957,243.93076875384048,0.021183370881676575,0.5968470029153515
17115815_AI.txt,7.368813446730639,165.2851666182241,0.018148252109710272,5.612981091270943
17131084_AI.txt,7.815542559428952,225.2748674242002,0.018417973390192244,0.30206273729675326
17132168_AI.txt,7.508306148544849,182.06453964397787,0.021250287260065562,0.6721171690435537
17150707_AI.txt,7.2577855955040205,153.04218810507248,0.01789975617247811,0.39136295173259983
17152392_AI.txt,7.638363221959647,199.23996078738548,0.014125177938179453,1.0337701261426253
17163375_AI.txt,7.418815289143968,171.11415395464377,0.006871736605348436,0.4016377844280882
17254634_AI.txt,7.462764614878822,176.40707526595702,0.01948476545997704,0.8577483412739011
17274759_AI.txt,7.468030764826876,177.052176031661,0.019978773750579777,0.6600635217034888
17276884_AI.txt,7.740984459546331,213.92843707261414,0.028567070066325796,0.2905870145767223
17286050_AI.txt,7.17662964063958,144.67076887835532,0.016104472629149692,0.5349322005322807
17306905_AI.txt,7.730239876622646,212.34110670784153,0.013147780267962905,0.9897707130779394
17307206_AI.txt,7.792186546416927,221.6572201125464,0.008965053039758378,0.5389715360795144
17311685_AI.txt,7.059261522823629,133.3673327261927,0.014124963607972925,1.977896292010483
17312146_AI.txt,7.222139846262821,149.30719158118274,0.012146941822550545,0.6410142082916376
17325147_AI.txt,7.787214440164312,220.89461522819573,0.019699817378339778,0.3807413322446808
17342969_AI.txt,7.665628629212108,203.0411913593533,0.02461476449485558,0.2334316735758775
17378327_AI.txt,7.316764449878389,159.42835705603665,0.00588130060099475,2.1030180774720257
17392859_AI.txt,7.727492548510163,211.93712972684958,0.023688985703959373,0.2715320889513393
17396388_AI.txt,7.670328328885957,203.703693502252,0.013053594026852057,0.28493886973051935
17407184_AI.txt,7.462334588730166,176.35450119565914,0.0581229127893023,0.8939430731765379
17410700_AI.txt,7.439647841085631,173.60297260969602,0.008231677262474106,0.3536199400682236
17412079_AI.txt,7.634288311119512,198.67799894387696,0.01025655886007358,0.40172499999269984
17421910_AI.txt,7.6223435003008495,197.03983304427112,0.013779766053902725,0.35763913291871785
17422560_AI.txt,7.641067919394751,199.61383693485283,0.011970620911730229,0.34919731407891175
17431847_AI.txt,7.774930299304858,219.02174475654815,0.03976767970616792,1.0936814024263075
17432318_AI.txt,7.668787218012713,203.48621000424578,0.015817370312168406,0.9080528589913169
17481570_AI.txt,6.967305130151597,125.1318406994203,0.02630658278911625,0.5039748332379093
17483843_AI.txt,7.4370664106243245,173.29262059942886,0.01604398489382099,1.0372672408375416
17488801_AI.txt,7.327943337061079,160.66850438322217,0.02188419406757862,0.49421766096170755
17499196_AI.txt,7.3329382661038744,161.22573832732067,0.01535711723951858,1.2354469684012803
17509935_AI.txt,7.12095778159808,139.19444064408782,0.011501153556758162,0.5491922643394748
17510973_AI.txt,7.698687301409579,207.74749938005974,0.0076512819137337295,1.328018758749633
17539842_AI.txt,7.436189155426139,173.18727911175878,0.010654166340874979,0.3559896436341336
17545780_AI.txt,7.717972739935549,210.5432392884391,0.010385210816354443,0.7298733070295381
17555081_AI.txt,7.7115358315712115,209.60594580620966,0.016884193444264933,2.6354154502149254
17556527_AI.txt,7.5008746437520415,181.12911346962352,0.01479854725069747,0.7879549364489231
17562754_AI.txt,7.477862406974475,178.26286738988577,0.018987977862680316,2.446328927292335
17570634_AI.txt,7.6857322312093705,205.8903255149868,0.012616150183944706,0.4419127211595713
17571262_AI.txt,7.681369487005845,205.26864871782783,0.011978710844450596,0.26248663099533764
17576030_AI.txt,7.22649356840132,149.75844692836353,0.048126455696326,0.8353311511877973
17584743_AI.txt,7.575858463313373,190.79221077812895,0.014818831775440723,0.41288769985742857
17597372_AI.txt,7.726224581408877,211.75094259543755,0.008474181177862406,0.5265755259395422
17602815_AI.txt,7.615149526391072,196.05974295115576,0.033490531831469966,1.328360951156598
17624934_AI.txt,7.783559243337708,220.33566734931105,0.017494878804090057,0.4497508862639636
17640785_AI.txt,8.056435722919552,266.21272486194005,0.032488221073464184,3.0585846192221617
17641670_AI.txt,7.6782657721892384,204.82752254909096,0.014333586065191582,0.3393637863054225
17655479_AI.txt,7.545180186643687,186.77793039703252,0.023624419560713865,0.32099357473452617
17658471_AI.txt,7.656678568691103,201.78548190472057,0.012068595439103354,0.6174280632789547
17659053_AI.txt,7.893408065155829,237.76755704648855,0.009192183709774919,0.5120748705487059
17660419_AI.txt,6.904364534427459,119.7900719762304,0.023083236777958357,3.8128291931403027
17681064_AI.txt,7.435856208358038,173.14731533423722,0.021022318748455844,2.0181341820679046
17686472_AI.txt,7.659972625225429,202.24673821976222,0.008085245209096334,0.7486941806449977
17688766_AI.txt,7.503170977529398,181.41764575458828,0.02808402075300345,0.6644176457768408
17694454_AI.txt,7.567796758661082,189.72904707219422,0.021693615259125863,1.4863421221867628
17694572_AI.txt,7.396956314245486,168.54106241211545,0.008265839299810694,4.1621630368204965
17704246_AI.txt,7.499397523977551,180.94375726637492,0.01265650496338371,0.5493720881854519
17714174_AI.txt,7.698452584370478,207.713702971152,0.015873511298318797,1.0739182999304484
17730889_AI.txt,7.787230712447686,220.89710673190518,0.01940991225757268,0.4722535645705951
17775916_AI.txt,7.552890426793012,187.77880564401372,0.007648962164440208,0.2772194033610192
17781039_AI.txt,7.878461296208558,235.31692782835236,0.013315854713833921,0.5975890222081386
17812897_AI.txt,7.6802155598935,205.10453201237135,0.013308423500672446,1.2600988423167023
17818707_AI.txt,7.628649278374102,197.90294599638523,0.02880944657781049,1.0149590470604564
17823436_AI.txt,7.771914581911894,218.5643938919067,0.014159974764182575,1.2246908214006624
17847636_AI.txt,7.517945901663294,183.28512589915363,0.011558204216417352,0.5549692831105699
17855844_AI.txt,7.871930252376199,234.25406166798567,0.013783906641616772,0.8033336361420921
17857644_AI.txt,7.796601610054819,222.33659425601778,0.011578133414777174,1.562094338136344
17864043_AI.txt,7.702221781378212,208.2570870269315,0.011651429689871184,0.8953685000198444
17876954_AI.txt,7.801828833483977,223.14363318962918,0.007626684269466501,0.2577246798100908
17880988_AI.txt,7.494521097062625,180.33318508093086,0.006001227814284665,0.3985781905049829
17911230_AI.txt,7.719494842538605,210.7654882853758,0.012400553544940903,0.7380780173725204
17915015_AI.txt,7.423749249836148,171.7003595066099,0.03512163531221992,2.9037535982280542
17926546_AI.txt,7.726737369360428,211.82622020338408,0.012109826472723307,0.32230648427867975
17960690_AI.txt,7.4282927395002,172.24194902760317,0.2022175196412056,1.8970008795320394
17963031_AI.txt,7.640475371986015,199.53186786202124,0.028548500985170998,0.3326994410421263
17983430_AI.txt,7.64872118952259,200.67557059790954,0.006101039713902976,0.504177490860898
17983957_AI.txt,7.5538555557972,187.90446727009513,0.01549440369168522,0.3390282018638922
17987433_AI.txt,7.625102537602684,197.41701630156632,0.01922137579253704,0.3997712171414841
18001081_AI.txt,7.562867473667042,189.08190222920476,0.018169898387652303,0.6766204399798885
18024825_AI.txt,7.5261560740491324,184.33114905655884,0.037498910568812896,2.542845591866282
18029935_AI.txt,7.449794382018329,174.82823395279476,0.03416428032814857,0.4543439831309492
18036030_AI.txt,7.846066235179321,230.0918758554155,0.007060451522065319,0.3318704884059888
18062906_AI.txt,7.606313210359455,194.86257299116528,0.01347903799418714,0.3202984469169732
18067556_AI.txt,7.9897779968552305,254.19256045392302,0.01884730536470795,0.4774628860140883
18072085_AI.txt,7.5453609795623136,186.8013381458275,0.025896232607628526,0.5820169638313658
18079050_AI.txt,7.321325927911445,159.9332314805836,0.022016457991628574,2.2776807262367558
18084150_AI.txt,7.61421224407999,195.93240928498315,0.016484419606485515,0.6233004542811138
18090899_AI.txt,7.343196524589612,162.37621657101036,0.029138293495276295,2.3042143262695434
18106533_AI.txt,7.446139491638186,174.3858886827867,0.013410825742343814,1.0901711785660928
18129173_AI.txt,7.6890105339571395,206.35871160189575,0.021197851187406472,1.6480334878890386
18132924_AI.txt,7.841005566672416,229.2861762476017,0.040431234054704814,0.550286829407828
18133495_AI.txt,7.766591480693435,217.7594443861537,0.010602141242314438,1.6791887976784579
18155310_AI.txt,8.01495747819343,258.6679462427492,0.00833613933480758,0.4141384858741759
18159866_AI.txt,7.718821956745,210.66720830890077,0.020520979538049457,1.079820549893329
18171955_AI.txt,7.506060760722294,181.78139766010793,0.013880312372982035,0.9873947966373486
18172739_AI.txt,7.33704423967757,161.68524745494173,0.01197842783298657,0.4545149135542764
18176523_AI.txt,7.638967211000339,199.3233907174787,0.0200156634329751,0.6597374424240768
18187364_AI.txt,7.476403119177796,178.08264544442767,0.01941549985875861,0.9108703491171356
18198627_AI.txt,7.575804727085087,190.78510445103407,0.01735314819798295,0.3079675437838541
18208580_AI.txt,7.670491522184018,203.72673715103198,0.013956699128917692,0.4747380286632185
18227306_AI.txt,7.709804668127171,209.35457977291952,0.019749693119142694,0.3470991687842756
18236085_AI.txt,7.538692568183165,185.93989916786347,0.022697771416232693,0.3280953605420685
18242317_AI.txt,7.7637193505334485,217.3263581802699,0.03013176126718873,0.7014503343691569
18264694_AI.txt,7.592531121860835,193.00991109910493,0.02833182309533857,1.9706836174706863
18268860_AI.txt,7.483971287772144,179.0192957488879,0.020149007437058213,1.8423391974573073
18278509_AI.txt,7.246166912306382,151.81461906976543,0.01803504676492629,0.6843377893047548
18293620_AI.txt,7.752212494251091,215.59986944494344,0.019863987759861066,0.7551441622066941
18297650_AI.txt,7.673739738401875,204.18594300739332,0.011484744837528985,1.342182280138467
18301617_AI.txt,7.555854662963987,188.1650223667513,0.010953773125844985,0.5579393387806271
18311419_AI.txt,7.696059462573987,207.36943607777226,0.006373131138388087,0.25931081450936444
18316239_AI.txt,7.771087084467464,218.43906621478766,0.01584738567219183,0.25733866842085107
18319061_AI.txt,7.5553331110853605,188.09701070714675,0.018792214252620582,1.9189520303162388
18328743_AI.txt,6.858602161702751,116.04995569747555,0.02221261465834483,0.45398068840125944
18334783_AI.txt,7.325180724567805,160.36113512060425,0.01215079768045668,0.9737974470641989
18354623_AI.txt,7.688861060517472,206.3373324831482,0.022895804464035052,0.48571517898248995
18365443_AI.txt,7.838078514334658,228.8214541433082,0.010791894520286043,0.2977709443365652
18365791_AI.txt,7.163829472777235,143.39286931147976,0.005380024574562282,0.3083713700178326
18368613_AI.txt,7.237054757916838,150.85876998045177,0.016737388165913254,2.1902211673812753
18369400_AI.txt,7.399420788244721,168.82921758608515,0.024178349127025857,0.3683451007319431
18422164_AI.txt,7.591222053372425,192.83485775125618,0.017983241433327683,0.3610581475811454
18436190_AI.txt,7.51169412645944,182.49259648315072,0.0153803659056757,0.29278909653614665
18442517_AI.txt,7.930118374159047,243.8953384650871,0.023063527412356965,1.1961372338429737
18448085_AI.txt,7.584402690495317,191.92551252375475,0.00890645365226608,1.5202651501941171
18457785_AI.txt,7.6144243031226715,195.96121113966316,0.008856524127571192,0.34287147666582707
18460045_AI.txt,7.010656644523363,128.94898835225763,0.02626784604061637,0.37731111979262244
18472240_AI.txt,6.9296205715057475,121.9055983863177,0.021403748472298995,0.2820595625155281
18480859_AI.txt,7.260373184806042,153.31692785812564,0.027661630051868835,0.4835119871355475
18484846_AI.txt,7.584954809157033,191.9989763766193,0.006953237487774244,2.4723118152851407
18488289_AI.txt,7.5023739458932726,181.3174474003866,0.008030646813177885,0.5188853304887471
18501746_AI.txt,7.214559990464156,148.5247953518523,0.0067590964747014206,0.3291360958684093
18509268_AI.txt,7.38409665059913,167.0454238184986,0.008803799276278721,0.15120439793704146
18525641_AI.txt,7.596237449941627,193.50639698761515,0.015935968337975424,0.35819480508433266
18557164_AI.txt,7.66790012777637,203.36112802931297,0.0066064840185383125,0.3979535011238738
18569929_AI.txt,7.558084039310014,188.45601590428376,0.023831898112770335,0.5350945939482282
18586076_AI.txt,7.795086103886465,222.10315922406954,0.01637812136559996,0.5967300009927916
18589927_AI.txt,7.406007381159746,169.601765901221,0.014713067475993014,0.3828718968155765
18635654_AI.txt,7.1576193374193435,142.776955845665,0.012123580986433347,0.8377999035896632
18636651_AI.txt,7.472911146453202,177.65212635389437,0.021798618440984983,0.6681605333985395
18640927_AI.txt,7.707392283477876,209.0048026238268,0.00655100651876455,0.3745256450828444
18645964_AI.txt,7.5601625019513605,188.72771648509925,0.015820909602981,0.39325279545401787
18669563_AI.txt,7.489966185587334,179.76473065375018,0.012741972630505624,1.5616576096163277
18714571_AI.txt,7.1536139410589055,142.38110976865795,0.012036829221166074,0.4933575449372829
18725071_AI.txt,7.526902249772324,184.42651155527034,0.02785074331740197,0.3702917559719437
18731098_AI.txt,7.945682870534518,246.54084494606772,0.018540621160287582,1.1545846865105442
18752129_AI.txt,7.5231434383340785,183.9466303756297,0.008931644596901584,2.2648690998059937
18753367_AI.txt,7.610577974859093,195.43946034316176,0.016145044828076136,0.4326490385600949
18757174_AI.txt,7.180208070527106,145.03005255126308,0.01244525355481516,2.9018678123923873
18767449_AI.txt,7.475378015858295,177.95615421457603,0.029980889740293618,0.7748400625806595
18784594_AI.txt,7.764050166593643,217.37619774518203,0.01542152734606964,1.1526470835340437
18795567_AI.txt,7.58716190507515,192.2929293282083,0.009419925512213467,2.7802194932680213
18805506_AI.txt,7.6706609466442695,203.75066342672488,0.016391568267466426,1.9421809639963177
18824120_AI.txt,7.603181478747838,194.44003365803454,0.017543603429463452,1.0444155473076098
18825446_AI.txt,7.1622058570738005,143.23158508202204,0.00749456111071977,0.6735916397325286
18827609_AI.txt,7.797393765974043,222.45870849814136,0.010517036670684533,0.5834216320262038
18835363_AI.txt,7.461207692989857,176.21680366771864,0.016853821939093166,0.4110158483432856
18856440_AI.txt,7.547710677483392,187.1058268524368,0.015858981089105495,0.8957681834194396
18882984_AI.txt,7.570308779646759,190.05969111420347,0.023039868090947758,0.6034299798112077
18885231_AI.txt,7.213240089781647,148.38897431941194,0.019439392899106595,0.6215260715700625
18885767_AI.txt,7.521163091610017,183.69430525231937,0.014892057001435149,1.7336223181768473
18900722_AI.txt,7.646393046229984,200.35199236350053,0.010432700768299268,0.9455721904262421
18905648_AI.txt,7.293187786292687,156.84413654312118,0.013910536634707,1.282536603455773
18927233_AI.txt,7.361160313434897,164.41069198413655,0.017613129503207234,0.4167331789666121
18932512_AI.txt,7.259490198556374,153.2231205628873,0.010463932059047816,0.4557475724452645
18937778_AI.txt,7.954660153999503,248.0797477685349,0.008555857373995897,2.4777126820215107
18949843_AI.txt,7.6075576277530175,195.03072702245274,0.010765963164531387,0.3234829622059764
18975686_AI.txt,7.291129615383183,156.62053981951027,0.017750584306361172,0.4129492142650433
18979238_AI.txt,7.564145191331237,189.24943611149405,0.010225675718362272,1.0240184468894793
18997135_AI.txt,7.688044499580124,206.220579234346,0.019790668227063345,0.5387516516489218
19007667_AI.txt,6.811822336758949,112.34735402781646,0.011410223754274133,0.3676275499220559
19037403_AI.txt,7.79228564780649,221.67244667975262,0.013285647356268745,1.0755175121444487
19053815_AI.txt,7.814900281617754,225.174598939062,0.015532992013971519,0.5579289985831843
19063156_AI.txt,7.5385032721686285,185.9155035944295,0.016539982856270258,0.3473301519311818
19070271_AI.txt,7.3970303675960025,168.54971382516382,0.10261307561285217,1.7920469146455624
19072267_AI.txt,7.563527631705505,189.1684433882081,0.019444689547234682,2.408014995481237
19090468_AI.txt,7.475691257855629,177.9947967492887,0.023665850058766237,0.8635639364172598
19108760_AI.txt,7.544624131777051,186.70595485003722,0.022090357947156965,0.4881264118223502
19124258_AI.txt,7.472518717385822,177.60380957494698,0.03812812414169272,0.44875338073670445
19147494_AI.txt,7.566610296568848,189.57307940181127,0.009856208041050406,0.17533723207514154
19147603_AI.txt,7.527550277065729,184.50937054844763,0.012026199901516607,0.5576943081787301
19147947_AI.txt,7.534658869390959,185.420747173737,0.03689629991582382,1.396167207252782
19149865_AI.txt,7.6491508834324495,200.735348936821,0.01940103486516691,0.40660580186964446
19156751_AI.txt,7.730257723159565,212.34373344234325,0.009622042780553626,0.221639800745275
19161572_AI.txt,6.933558863457065,122.23883286214362,0.011380822053282268,0.6158501497350167
19164410_AI.txt,7.55410044652111,187.93636588029185,0.022453515040804065,1.0837902969960538
19176318_AI.txt,7.552977238140561,187.79010520570708,0.008979182391615496,0.25615417844713273
19179079_AI.txt,7.55942819629133,188.63168193576954,0.016897640842791235,0.5146170054263959
19195747_AI.txt,7.647151141456723,200.45729930476077,0.024071304320721357,0.32481970899813967
19201175_AI.txt,7.48247267930808,178.8334348886224,0.012841985221621173,0.32428001321051636
19234823_AI.txt,7.60316330997446,194.43758496682665,0.02157150412754411,0.35535067430067374
19243556_AI.txt,7.516234102376979,183.06778177771687,0.020240954229183962,0.41250216950718555
19268120_AI.txt,7.602023643282361,194.28404833490563,0.015247286324126481,0.530528252843291
19284293_AI.txt,7.616351149742869,196.2231094961982,0.022621197728210224,3.041887363451154
19285236_AI.txt,7.73673657076852,213.29947001114402,0.010309993471808445,0.30696879392742543
19302310_AI.txt,7.644883219499811,200.14242724139282,0.01750473720793908,0.3263925305159182
19336728_AI.txt,7.241283051947123,151.30155995633407,0.013888404608892865,0.6786565869826451
19362586_AI.txt,7.603924375676325,194.54018379171148,0.011609751930745132,0.3950709269041202
19364677_AI.txt,7.3400026619094625,162.01714296494674,0.0576979198986894,2.3849927813946765
19374660_AI.txt,7.652524783606789,201.2053398578081,0.019551084061856506,0.27726444221580254
19396040_AI.txt,7.801224083806981,223.0501153242132,0.013930299236829632,0.45150940989967475
19397727_AI.txt,7.5402200914452555,186.13687630461556,0.023925883414726148,1.6446474668124973
19402977_AI.txt,7.25226560992604,152.45774263784017,0.011368697256989531,1.177894664871467
19405513_AI.txt,7.750553727134724,215.35212169069965,0.011775642052181897,0.993236583215462
19437318_AI.txt,7.030653272528517,130.74874355118507,0.008419406660310439,0.4577826695951484
19444529_AI.txt,7.670329306983691,203.70383160641316,0.022465884570684515,2.0473475491322026
19446337_AI.txt,7.82132197686997,226.17912560694933,0.020230833229069194,0.6094716720229896
19464810_AI.txt,7.70485363782067,208.63734965126068,0.010433405345129002,0.3986623840125387
19471144_AI.txt,7.414917842057612,170.6525121491459,0.020393483469054022,0.4248251116435148
19473948_AI.txt,7.108398096872441,137.9879136595949,0.009853651461058764,0.43593815713382045
19497420_AI.txt,7.809245299137525,224.29370171572273,0.015507890405656134,1.9075179876694945
19503224_AI.txt,7.88844041388497,236.95025673212254,0.02350811305970864,1.905809420047407
19506295_AI.txt,7.683249905583813,205.53637171578987,0.026510565410515847,0.817329767979703
19508520_AI.txt,7.669554305383792,203.594433296168,0.03810757125763102,0.6005039883106973
19518606_AI.txt,7.60431658776006,194.59307881197245,0.018512295604025987,0.24141565871158027
19532392_AI.txt,7.4647373991225185,176.6484645678758,0.02655956355851894,0.3356341912233297
19540089_AI.txt,7.605466802789244,194.74828356768256,0.016663201285891868,0.9142852278026833
19545827_AI.txt,7.553337013788466,187.83694166789388,0.019159044852663603,1.2678915104721427
19553067_AI.txt,7.539266385910185,186.01386963886063,0.02089075403976255,1.9453063555486023
19556300_AI.txt,7.368972603839948,165.30340176819354,0.01416293653667855,0.3862845605594316
19557384_AI.txt,7.8436010650930985,229.69904766834975,0.021945662976077362,0.4934363917651916
19558834_AI.txt,7.765822867422157,217.6434613009334,0.013596152093762732,2.2698210914802424
19582792_AI.txt,7.919205115766618,242.0573540466938,0.012768075716142321,0.37567341501288143
19599699_AI.txt,7.285022453458762,155.9589410065673,0.014652387018788989,0.6758434928135332
19612167_AI.txt,7.263418515967001,153.6409006544125,0.007454217282290875,0.49656906229897263
19616406_AI.txt,7.5690131206756,189.8890784812952,0.017029346892476246,0.6432693765585444
19671909_AI.txt,7.669486306722764,203.58483748956232,0.01598206360071249,0.3695462858130221
19714635_AI.txt,7.551981013076761,187.66047515468802,0.008984472525814831,1.6248007300842326
19717385_AI.txt,7.883240466389157,236.0977473481226,0.026196388480284723,1.2915338426386522
19724031_AI.txt,7.909770447805988,240.47955722104018,0.011446571848726323,0.6281122206663209
19738730_AI.txt,7.2126304755093456,148.3262854456914,0.03719542122750232,0.4669818434146293
19774173_AI.txt,7.217456322496822,148.82327091859625,0.014923070312207552,1.8932581891969267
19786924_AI.txt,7.578853851227852,191.18875360971603,0.01442996462427972,1.1507694127411456
19796840_AI.txt,7.628518237595404,197.88497118003104,0.018443347361139978,1.314799790301195
19818707_AI.txt,7.3498967319883795,163.1320828956834,0.03388633801338547,0.4086157644776566
19831366_AI.txt,7.013333475288256,129.18846726670307,0.01401623058748192,0.38122755744760906
19850482_AI.txt,7.84314351353467,229.6262100346956,0.02399338410923733,1.229140795924328
19851252_AI.txt,6.935278338776904,122.38461000525136,0.00730646296370533,0.5499363665605947
19861776_AI.txt,7.893418918948209,237.76934584407448,0.013712337464589788,2.0441757598653094
19867922_AI.txt,7.615483338373245,196.10511266668755,0.006535099274304872,0.2606111166677103
19911786_AI.txt,7.517860117952704,183.27422795446518,0.016612216536695864,0.4555179883297255
19918523_AI.txt,7.204235728436569,147.4657113386688,0.023342629254687663,0.583485876883057
19920687_AI.txt,7.553250499715059,187.82567799035888,0.02058754676856248,0.7624635556654528
19926135_AI.txt,7.763776561421636,217.33497655085856,0.015522100852487775,0.4521160181930003
19928941_AI.txt,7.013178588120084,129.1745983885178,0.012188709530845223,0.5395830068224626
19929506_AI.txt,7.491657484973989,179.97559591173933,0.019141573691363368,0.5214286704992808
19936735_AI.txt,6.963705924477745,124.82005345972338,0.022847785014468876,1.3740211412529046
19938081_AI.txt,7.356511626474496,163.8817764636799,0.017206283471839858,0.5485551909964237
19951766_AI.txt,7.508736925728077,182.11891077416743,0.01243626135476385,0.44696796214599516
19975121_AI.txt,7.295976617681904,157.1476205680496,0.006970067259731387,0.7240125441341528
20001721_AI.txt,7.798829932240861,222.68027075320373,0.01371268489853124,0.5544006321031248
20006992_AI.txt,7.946618455472556,246.7007780587648,0.01336386505209815,0.4097053014640481
20024870_AI.txt,7.682900868323606,205.4866514543612,0.010460182145555408,0.866365990403107
20026169_AI.txt,7.655855119155523,201.67034131997244,0.020727360249584107,0.42052610448254857
20033302_AI.txt,7.942645311908824,246.02230538958636,0.012727060656468123,0.7300385666861879
20082776_AI.txt,7.438111388413794,173.41818597053154,0.024883515471760664,0.47124376137243307
20110597_AI.txt,7.6013736625303086,194.19653680562894,0.014078714465770178,0.6063266223320338
20138606_AI.txt,7.840092868095946,229.14116778825888,0.009426224224002105,0.7246684493726238
20141807_AI.txt,7.674304556057743,204.2658978148138,0.014359623713227533,0.7202522467262724
20148147_AI.txt,7.392788259341677,168.0548372658951,0.009457645095933307,0.42944114282432294
20149476_AI.txt,7.707018137054181,208.95060665158874,0.038047852663354434,2.1563840491864026
20172393_AI.txt,7.626669804266348,197.63159611307393,0.013144213992356876,1.8760749810979276
20176584_AI.txt,7.69386211528974,207.05383518922724,0.04764900274475734,0.5938401407290025
20210676_AI.txt,7.298881718620703,157.46438166041176,0.01726914658775005,1.3027471388789527
20211577_AI.txt,7.452747320834786,175.18644256045906,0.011055324815850365,1.0528572377863197
20230207_AI.txt,7.526139426053328,184.32902197744423,0.038129270011076875,0.652431774261005
20237244_AI.txt,7.067844373906821,134.16312366956132,0.06712954432703042,0.8344790700664975
20253563_AI.txt,7.446360419541755,174.4125954071892,0.00950135807849733,0.3171558411351063
20255404_AI.txt,7.696203611593109,207.39015673831784,0.025360208379932303,0.48875831703031325
20272792_AI.txt,7.345347179761561,162.61845464671714,0.018471286581308494,0.3081341131816708
20275356_AI.txt,7.473844101661172,177.7670467451071,0.03843615112798871,0.27192517662987464
20279756_AI.txt,7.639486071255562,199.39508957425474,0.02546812065284732,0.6397109681846278
20314980_AI.txt,7.79981866414633,222.83293402927754,0.007380427609420511,1.1468046111381884
20317319_AI.txt,7.850844708091285,230.85524623538652,0.00865642402404108,0.40779758057958204
20321582_AI.txt,7.713030934912291,209.82327863154947,0.014616881189691837,0.5722110014114095
20324037_AI.txt,7.382642542259185,166.87714170323753,0.020040622824101562,0.6010704309623924
20330739_AI.txt,7.395274555813477,168.34470753322034,0.018045310980802587,0.6695581385868862
20345168_AI.txt,7.477889945736116,178.2662701779523,0.013928036326066777,0.4794585524661791
20356750_AI.txt,7.397024335225814,168.5490090662824,0.01157043222687906,0.6993285496577014
20357858_AI.txt,7.640354922154547,199.51520974930307,0.02219990078943583,2.4170272083303432
20390397_AI.txt,7.440446435243093,173.69909597184144,0.02846242298836118,0.4484301345899534
20393721_AI.txt,7.51061652829209,182.35633742870021,0.021421712621381945,0.5864629638172051
20399718_AI.txt,7.40951664057372,170.01481303015242,0.026021810387297253,0.32321936974321946
20400279_AI.txt,7.443523813582251,174.0700048131629,0.008737229756441808,1.0106396700414433
20408458_AI.txt,7.547663364821724,187.0996908851839,0.017582177686351366,0.8520649426674449
20417897_AI.txt,7.63610504568569,198.92834467608589,0.015378677105247046,0.5319823515926844
20423658_AI.txt,7.427365792118073,172.13131723169187,0.015590538311071368,0.5704072537959382
20427934_AI.txt,7.732895118181728,212.73227468074424,0.013473381691238028,0.8489020787029724
20457611_AI.txt,7.554998952854392,188.05344856548683,0.015009439748260724,0.9201333476095727
20470943_AI.txt,7.842255044615321,229.48484062723585,0.015594035274750928,0.3821290400151547
20478831_AI.txt,7.446589307364921,174.44026867500895,0.018084251380844203,0.43959322761719755
20488267_AI.txt,7.209571349828443,148.01210399638214,0.012895630898733107,1.281166029832275
20490741_AI.txt,7.624470630174137,197.33056562475576,0.005322767515980055,0.3899682567640116
20504094_AI.txt,7.8043247621401175,223.5300160534429,0.013112560956495501,0.829238529154972
20544228_AI.txt,7.760275877311656,216.8082548519347,0.008207975082257606,0.33124332219320596
20552814_AI.txt,7.480098238761345,178.5393463229826,0.008122283301416297,0.3968905580168112
20553895_AI.txt,7.290840034012006,156.58910570636016,0.010226490089826738,0.45396911451961125
20565486_AI.txt,7.6829945612248585,205.49999680121076,0.021213415653207897,0.33898444338001626
20565849_AI.txt,7.284774567863877,155.93214625600538,0.015507107800946518,0.8074531999429317
20566550_AI.txt,7.93427144486118,244.59844888618414,0.015781165934351096,0.5725919666752733
20574232_AI.txt,7.263656522299718,153.66624940988945,0.03441963870079676,0.6342697385035624
20604208_AI.txt,7.526375766217438,184.35922095823233,0.01303600518106742,0.501724587302278
20624984_AI.txt,7.533022105292922,185.21050320603405,0.014788068754250127,0.3429246807478482
20626794_AI.txt,7.090059818591046,136.2450323766463,0.01357718007330049,0.26426055426062717
20628003_AI.txt,7.267525505506242,154.07890075703676,0.012100018259059517,0.2665493760125231
20633855_AI.txt,7.654198084381925,201.43884199338467,0.014057348139023807,0.6845099930814935
20674668_AI.txt,7.740549436147523,213.86393983407743,0.024808778785026145,0.48639868765229544
20681037_AI.txt,7.012189783395189,129.0860941046056,0.015905476172452377,0.9014968894468265
20691949_AI.txt,7.461730971887549,176.28073073268735,0.019111765900194526,1.7135796523628035
20698469_AI.txt,7.360566046842009,164.3429828294187,0.016791061287662005,1.4927909071498753
20705888_AI.txt,7.7884390270421795,221.0821943608288,0.018146104720112844,0.5050098253174096
20736486_AI.txt,7.766005488812551,217.671013116188,0.013773105695729934,0.38595277547157564
20748468_AI.txt,7.7457222010446625,214.63212262845968,0.009555722377842905,1.100954820947982
20748926_AI.txt,7.732805928084313,212.71912358138903,0.021391404262554155,0.528885202232745
20748929_AI.txt,7.862489968771205,232.7262229805494,0.008758949677398334,0.4555503822193711
20765795_AI.txt,7.869795434189928,233.9076821511345,0.013491043808795226,1.1009352754941393
20806155_AI.txt,7.595210902142781,193.3687567346615,0.013408352057875616,0.39890211201498227
20817322_AI.txt,7.544775676397401,186.72556798264606,0.017886262077747624,1.187665248886581
20819838_AI.txt,7.397748481991654,168.63363184062598,0.009810454489648221,0.7124060073697838
20824105_AI.txt,7.5536989543301,187.8840717482406,0.030096106095167354,0.8029756429286858
20835760_AI.txt,7.787907132529374,221.00070053965558,0.028486831934636452,0.31398899013990883
20836112_AI.txt,7.079798692023453,135.27943151644766,0.014275729146904052,1.1484196708053083
20850529_AI.txt,7.605054744320886,194.69266805768095,0.008225010146292644,1.0260149079917442
20879311_AI.txt,7.876211963431763,234.95032667386437,0.020166902189041033,0.6309996544320555
20880935_AI.txt,7.563660409528316,189.18585422640635,0.01764190741017439,1.2850346306140255
20882041_AI.txt,7.432703254313687,172.7693217891667,0.011051900012909925,0.3023453118375467
20905088_AI.txt,7.645864436305717,200.27859594340745,0.028094631291191236,0.7704124685639915
20918464_AI.txt,7.494590170300547,180.34181926545241,0.020407382643766445,2.0773237247615817
20925036_AI.txt,7.488758520168615,179.61431438168378,0.020489299073547344,1.1378154049806162
20932019_AI.txt,7.434615901754572,172.99852195478408,0.02761555164738442,0.42161068474378904
20966771_AI.txt,7.5703263530525176,190.06200623716282,0.011255240869160556,0.73579515567143
20969119_AI.txt,7.9429929651640245,246.08159772723877,0.03059964308463327,0.4058762928661837
20969845_AI.txt,7.513080031593409,182.6679897152178,0.024757039502754694,0.6228610927470775
20977412_AI.txt,7.59755512636806,193.6832155719669,0.022569253488172836,0.4601806246153315
20981299_AI.txt,7.841336722313593,229.33881254538204,0.015296560648827822,1.4838838580986875
20986595_AI.txt,7.639306626935114,199.3702900911859,0.008879786685401228,0.7779232332590268
20992320_AI.txt,7.695232022467584,207.2505359725309,0.008174253854591067,1.755221084166649
20993320_AI.txt,7.547290590863427,187.0513529617535,0.012901143710487003,0.5602406127754822
21007083_AI.txt,7.013211405776472,129.1775368167232,0.015923607899436972,1.5136575732459254
21031285_AI.txt,7.615686129303901,196.13267991569404,0.020006674893769425,0.511229455441096
21038022_AI.txt,7.753691036783166,215.8209397133139,0.039487821782318945,2.670184062270303
21060367_AI.txt,7.517294667589697,183.20240946922092,0.020168344243026146,0.3890275952157299
21101152_AI.txt,7.446627123813589,174.44484122689096,0.0056560746744361715,0.2590899964213519
21122155_AI.txt,7.806438001132736,223.8576795330042,0.019402509176931402,0.5810639138335111
21125113_AI.txt,7.711064260301212,209.53744346405549,0.013869618872604744,0.362735635502357
21134923_AI.txt,7.759911832597544,216.753553103084,0.019396318943120574,2.0009450409126552
21156767_AI.txt,7.607154219027742,194.97619983835312,0.024982590649396647,0.7855451064377895
21178545_AI.txt,7.945294009133878,246.47440172946105,0.07941688965402331,1.7441343147022317
21190805_AI.txt,7.576935504533816,190.9346995185053,0.015382618839387711,0.3052514391037272
21238396_AI.txt,7.777274738824275,219.3779535611552,0.0141925879271615,0.39367957893623673
21265194_AI.txt,7.477736669349011,178.24733162363628,0.01827343179494698,0.47845233928387904
21283365_AI.txt,7.449637132815855,174.8091792659861,0.009325775766394746,0.241305556204141
21283733_AI.txt,7.614473685704086,195.96791888857123,0.010994490458570977,0.3735003771780733
21287405_AI.txt,7.9360769793607995,244.90475575743994,0.018383909890035757,0.38612285696683146
21297521_AI.txt,8.138756847352715,281.84474283567585,0.0067091440798961325,2.2550540297517694
21297828_AI.txt,6.803578806714783,111.7072340956465,0.012752863471415013,0.7076311559672432
21298336_AI.txt,6.759467924101549,108.34343480585436,0.010026660824269631,0.47754503937363996
21321598_AI.txt,7.69127009388941,206.682165415372,0.0091449478260596,1.8661278440398585
21334981_AI.txt,7.641627886456178,199.69133000573757,0.009884747015865395,0.4443785736358284
21338490_AI.txt,7.295823111279032,157.13090055312455,0.009544437479180719,1.0496631129139384
21363048_AI.txt,7.841858829581441,229.42182463507243,0.025392941274534696,0.5433126355589065
21366189_AI.txt,7.59818547822706,193.76785941372881,0.016629038904231754,0.5861257869811963
21386255_AI.txt,7.760265084487645,216.80663291207918,0.03633558433967937,0.40112941892841353
21478007_AI.txt,7.775922261796508,219.1723906369758,0.012989278042397263,0.40609315374202737
21511817_AI.txt,7.663335030368712,202.71865260846386,0.03045369103982207,0.42631022217270365
21512769_AI.txt,7.589747762736262,192.63790038595872,0.008940650878532977,0.6220513290004935
21531811_AI.txt,7.187167695151497,145.73137417628328,0.010635305058350598,0.37539357241426974
21549195_AI.txt,7.550218281822785,187.4313255633881,0.024603606135079184,0.8328087992082222
21550454_AI.txt,7.882511930907192,235.97855225927754,0.01239022543995799,0.6390308116468574
21567392_AI.txt,7.669070079533496,203.5261103713667,0.011989995939924596,0.5202228124052125
21568833_AI.txt,7.361792545116978,164.48275740666614,0.0307949149410214,1.304097332845133
21570485_AI.txt,7.695270986112205,207.25613337534256,0.02126925755414705,0.8752193911628914
21586858_AI.txt,7.823358511177815,226.49862959068955,0.02179097923759176,1.5080651610204963
21595057_AI.txt,7.669837139367325,203.63435099728912,0.011102244616364658,0.3665797585966265
21611212_AI.txt,7.358352574760347,164.09103097645718,0.013827836236152306,0.34411837551783214
21611637_AI.txt,7.657369437149871,201.88213477000153,0.014232125987368793,0.33100156646592
21614256_AI.txt,7.737195073531051,213.36726946686397,0.023879037034455805,1.6034698384183612
21622444_AI.txt,7.154654672846269,142.4838577526555,0.017102156943061553,0.4424272499999737
21629057_AI.txt,7.7373267824468215,213.38674943577567,0.006502460335111605,0.8336810282990414
21645690_AI.txt,7.808339077317596,224.15285696625406,0.010728711040344943,0.4528928415632604
21663616_AI.txt,7.774869411472485,219.01250130765982,0.02512819641695683,2.5784556985287876
21669215_AI.txt,7.590775738688416,192.77521124598488,0.012142223099243218,0.8690238679799224
21705160_AI.txt,6.671753962372232,101.95254382569068,0.011934312007377393,0.3807191239396878
21756639_AI.txt,7.831444245490394,227.77162869850966,0.020558742519528658,0.779454229036971
21763056_AI.txt,7.64984912322638,200.83252493593443,0.019746746537080164,0.35335226925148205
21773106_AI.txt,7.815202267069308,225.22173750150486,0.02797389040858207,0.803265422501084
21780877_AI.txt,7.802199225031337,223.20092951617164,0.01692103923471604,0.5619979960291799
21782152_AI.txt,7.663783716767815,202.7817090724062,0.011046759127989622,0.3691500876174092
21794875_AI.txt,7.634080336434248,198.6493601706181,0.02512669005066587,0.5340320478500306
21796843_AI.txt,7.757772277014632,216.43233999155595,0.016046226735966587,2.4956652240351063
21807211_AI.txt,7.742731721071196,214.1876847705811,0.014671373054019356,0.8754436187519935
21807224_AI.txt,7.164788642223348,143.48823512757758,0.014062178687301813,0.42337037529305593
21809601_AI.txt,7.49929693836647,180.93114219290106,0.01800469051396873,0.6662714814068295
21830565_AI.txt,7.576488113963626,190.87549841364708,0.012947601208177137,1.0094080399338714
21847415_AI.txt,7.677567286161951,204.72837856487203,0.02256828939233422,0.5239389045004627
21853199_AI.txt,7.424078551012586,171.73955530485102,0.04607678171642041,0.5705080078125279
21856577_AI.txt,7.506230656133845,181.80280595710943,0.010685585012533454,0.3660078974784094
21866029_AI.txt,7.527071245352897,184.4481163227572,0.027040416604410058,0.38094311830711036
21867728_AI.txt,7.756508169281827,216.24278228276634,0.02851067139871389,1.3765505361798906
21868149_AI.txt,7.704353232819017,208.56499543495974,0.013078021398540203,0.9116274185222549
21869994_AI.txt,7.4669290822579075,176.91702561199486,0.00879227209274788,0.42275109522577703
21904897_AI.txt,7.226603949766652,149.76990546517814,0.007829520170074194,0.4586930007372801
21912637_AI.txt,7.556405868211859,188.23692762799575,0.035368743411145404,0.6808478724792464
21916744_AI.txt,7.794380710958193,221.99459040081598,0.02341051455007784,2.8165972924957687
22008817_AI.txt,8.095156534290286,273.45441301052455,0.02239723207908721,0.3772005484516561
22019500_AI.txt,7.5855596686839535,192.0794901059765,0.02500488590050235,0.42594330751497494
22025574_AI.txt,7.659789746638059,202.22110268862548,0.009589768720696463,0.43946961461855605
22042181_AI.txt,7.463751276717666,176.52776165904442,0.029041162502600124,0.47022931911131405
22047665_AI.txt,7.16912981418174,143.92065168937512,0.014385069744367408,0.2629275898442779
22056333_AI.txt,7.066274459322892,134.01720919622812,0.009903113873967763,0.6619671735977797
22093368_AI.txt,7.8007506013018215,222.97692383467836,0.02276148242573371,0.8532152009548697
22168194_AI.txt,7.06104906263917,133.53268102461692,0.010828944819124806,0.40051847242622546
22182279_AI.txt,7.233876806325639,150.52682579985878,0.006787986123989373,0.6672354868863626
22232367_AI.txt,7.548562938769355,187.2163908719707,0.022279221512884386,2.542936782659054
22249155_AI.txt,7.12866656617449,139.94019202272725,0.01811726917581535,0.4062061932111943
22259475_AI.txt,7.581782265096655,191.57722684523844,0.02811716102024566,0.4397436806052747
22259768_AI.txt,7.524921673726681,184.1734988894736,0.027689055267346403,0.18706989308218
22319662_AI.txt,7.089574668543438,136.19922354708078,0.013311796005181275,0.6140498479653387
22323967_AI.txt,7.793485978294268,221.85695616327436,0.013611735609184161,0.3597693408523971
22349169_AI.txt,7.165277846507697,143.53689888531918,0.026989691872042035,0.4292352819368967
22351830_AI.txt,7.94686677950126,246.74324510966534,0.01844775346263139,0.8076598641354789
22380187_AI.txt,7.221665017695859,149.258058776025,0.02100801254580828,0.7031795550765311
22391901_AI.txt,7.686785042623667,206.04062948768754,0.012068051290482617,0.8012014720879329
22408666_AI.txt,7.46429896286541,176.59478910479882,0.026488545725821388,0.4768016955874229
22423839_AI.txt,7.347816540092032,162.89703564257889,0.011007429027112126,0.3871713321328998
22442947_AI.txt,7.352812140788618,163.4620747270235,0.022452375617958722,0.18356195127048255
22450718_AI.txt,7.724942483626198,211.56284683725298,0.01844990489208692,0.6760626626392868
22452756_AI.txt,7.371099345584074,165.5472626576197,0.021238491720683816,1.6514478538170705
22455205_AI.txt,7.581217282063656,191.50221675058145,0.014237903028703102,0.8966627423467821
22465498_AI.txt,7.53703511287724,185.72640282973802,0.02207122675621187,0.7090430935276538
22485475_AI.txt,7.7096884876536205,209.3377210923317,0.02568321724672926,1.6458529187969337
22488036_AI.txt,7.854314628279295,231.41115954864986,0.027131712844441862,0.494201323258535
22492537_AI.txt,7.595525996734742,193.41099442313046,0.011025381414020428,0.3742142928501713
22496394_AI.txt,7.403019379222652,169.2508629311837,0.013636650897383184,0.5787735850518855
22506245_AI.txt,7.532469488583656,185.13957288742057,0.01396171026256616,0.6151701701318548
22510753_AI.txt,7.592545797040293,193.01187441734484,0.015602839969357312,1.404992856280924
22546476_AI.txt,7.462533259165973,176.37878826750878,0.015777199475396683,1.6201399352463395
22551979_AI.txt,7.714256495952823,210.0015980154595,0.009773992162716022,0.34124628682414615
22556198_AI.txt,7.726121037119476,211.73574547237104,0.020781811089685364,0.9895403280120838
22560013_AI.txt,7.58523222208471,192.03589902339053,0.0274227282290237,0.7873309745832109
22561438_AI.txt,7.258487999350867,153.1167177814414,0.008057831141717027,1.000401714859192
22567495_AI.txt,7.61926312679373,196.61957182947785,0.03216968050041158,0.40134630377273106
22571461_AI.txt,7.595880748404782,193.45855909051173,0.00981864111003027,2.6782588585625726
22593054_AI.txt,7.638594913130057,199.27196051381878,0.018229992511424764,0.5152880451740778
22605864_AI.txt,7.582978196977641,191.73610193354543,0.011641509042889254,0.8889197743645461
22615491_AI.txt,7.044003762495273,131.96428896326586,0.007438594402764971,0.3809014678957739
22622351_AI.txt,7.600508497944348,194.08011469671214,0.013722229285687214,0.6211637880707621
22632070_AI.txt,7.1268905482995875,139.76802579293422,0.06804378613025729,0.4820523962381419
22650051_AI.txt,7.81648697020644,225.422384160072,0.017555073996310004,0.5355057957209963
22675694_AI.txt,7.333813075601499,161.3235307045584,0.01540623449714707,0.3895753446623619
22706174_AI.txt,7.435792864688765,173.13971321099413,0.014235596234312396,0.27649960825198333
22718826_AI.txt,7.768039779768625,217.97815946376738,0.005644972065029068,0.49719041426329375
22720697_AI.txt,7.488705567562486,179.6077219479188,0.020895813633800015,0.5640455668490982
22732234_AI.txt,7.700248170721752,207.97238555807178,0.01769504174216428,0.27106940368508636
22754014_AI.txt,7.655736333354183,201.6537372655848,0.01957042232030234,0.40488630302286566
22765255_AI.txt,7.513484502569387,182.71920931182123,0.013055637008348024,1.0210431302616993
22776912_AI.txt,7.603517615972543,194.48534201915763,0.036005448058805845,0.4650036641129662
22800977_AI.txt,7.599155118506666,193.89813523039032,0.0257549099813199,0.8573937091523234
22807104_AI.txt,7.430185084183675,172.46802244223335,0.008677052309921657,0.5198801165108626
22848179_AI.txt,7.637224058194815,199.08270138500927,0.011677714152427986,1.3599970293809562
22852364_AI.txt,7.573760060780453,190.51490488409513,0.009661438620169448,0.4995453748332723
22855060_AI.txt,7.394756383356732,168.28425405926336,0.009523095367606487,0.28055040849471635
22861181_AI.txt,7.630980747878225,198.22302591491578,0.011947846271842406,0.4401963924859275
22884757_AI.txt,7.181257754560699,145.13561271604453,0.01831466883988879,0.44631865406621807
22890839_AI.txt,7.8863107881241605,236.60074204109725,0.03453253044611417,2.2865540998631695
22894544_AI.txt,7.662412733514649,202.58909853068675,0.006739396743856804,0.35780872989124796
22925443_AI.txt,7.369720748472409,165.38914610158602,0.007531481116235644,0.4071887408408277
22946204_AI.txt,7.8807860073546445,235.69641541964717,0.03007627169229455,2.062820975837987
22965804_AI.txt,6.575952692666817,95.40233637111173,0.015927793991717506,1.725133530454569
22968380_AI.txt,7.6866302820899834,206.01852831824334,0.011801822762206376,0.6956822890613399
22983516_AI.txt,7.649698431346532,200.8115487425179,0.00788689739262453,0.8001964600450605
22990761_AI.txt,7.682262922823271,205.39580737294574,0.01473806724941393,0.5670178672539408
23004695_AI.txt,7.458506088176925,175.8871271355427,0.05402001738084941,0.4544652902717884
23009962_AI.txt,7.607284031494861,194.99374441953535,0.02333625953396659,0.347531540486005
23011221_AI.txt,7.691746505617771,206.75042798265378,0.019499879862475922,1.2982850404156059
23015611_AI.txt,7.8514846035176795,230.95766287756362,0.012018061792009649,1.680941856254958
23032182_AI.txt,7.592402444540183,192.99269686466283,0.014075562928062385,0.5022968824702595
23032276_AI.txt,7.799172331471275,222.73312641547756,0.009882340450326493,0.39058973571008476
23048999_AI.txt,7.555097561997849,188.06630258017188,0.031639666100822354,0.9628218464509855
23063986_AI.txt,7.837256669311504,228.69114093487872,0.008850004721765895,0.5421776497653817
23085604_AI.txt,7.575419139695806,190.73412035640254,0.021578367881378995,0.3202545543676141
23110214_AI.txt,7.636813645152299,199.02607506119827,0.025461050511236146,0.8920343392154793
23138078_AI.txt,7.631457955488547,198.28860400324697,0.03205536114398398,1.3673888792789421
23139437_AI.txt,7.048221529024493,132.35065541630948,0.004166626057284922,0.41669551420165657
23139819_AI.txt,7.466773756110846,176.8979790637507,0.015842017664781813,0.3769424340546369
23143731_AI.txt,7.708235222845026,209.1269558508975,0.01239906280859797,0.7117167603508633
23155093_AI.txt,7.688286837261247,206.25522218596345,0.01306951104239066,0.2576498315779853
23185829_AI.txt,7.479510305481371,178.4666020252174,0.007845424996651532,0.32256115306607613
23190306_AI.txt,7.4831581596572025,178.91842577678116,0.0182648740160176,0.6245014247245766
23234047_AI.txt,7.693477742357061,206.99867780209777,0.03851456172897576,1.0150794844391822
23246831_AI.txt,7.512225634078312,182.5598415156733,0.014055993324310088,0.26357636274327173
23296286_AI.txt,7.205264013815679,147.5708554496865,0.007314601847458209,0.6542548152235976
23302948_AI.txt,7.956873696231919,248.4606712973935,0.017355688043035455,3.625477195233168
23323001_AI.txt,7.611014649043601,195.49862481083719,0.01685437182159089,0.7785270624238569
23354541_AI.txt,6.9237770379140215,121.41282707689429,0.014385833137423558,0.44472421145080915
23387174_AI.txt,7.623004025898052,197.13006670298017,0.02244403422883109,0.5969007225677687
23396633_AI.txt,7.716202044643577,210.28498704370475,0.019595730262430947,0.9063875548205874
23398733_AI.txt,7.08845049432288,136.09313597248504,0.010633759608529624,0.4918354250114539
23398843_AI.txt,7.46706727187398,176.93397255232532,0.012105039644650767,0.6645464381666656
23408537_AI.txt,7.454179690593395,175.36046157660004,0.017051094901009575,0.4016938619067113
23416654_AI.txt,7.858877172984827,232.14415926198552,0.017941896512786937,1.131149821509778
23427369_AI.txt,7.636663787685611,199.00540264354711,0.022918760978132193,0.40898481267013476
23438112_AI.txt,7.495011999517269,180.39455707132146,0.04109721274864281,0.3800574270053974
23438227_AI.txt,7.847246967438128,230.28026501321824,0.014905138770402542,0.42992759038267947
23464505_AI.txt,7.573463585987713,190.47575796662275,0.02476449216819164,1.4383123973823695
23477199_AI.txt,7.3648058343804035,164.82666382988504,0.020238430317514145,0.4424611559671353
23497307_AI.txt,7.506016046283897,181.77576367169323,0.013211158872077274,0.2476981820542643
23510685_AI.txt,7.640403472091425,199.52192399836628,0.02026071385519722,0.2880645260260228
23513618_AI.txt,7.7255809816579255,211.6564995870065,0.025410999797681005,0.4633410276454685
23522150_AI.txt,7.7680754179513745,217.98354413704334,0.01996825579910077,0.46227461775135165
23527321_AI.txt,7.4898956593876065,179.75594306312396,0.021093502576177797,1.836624931201891
23568641_AI.txt,7.416954590576579,170.89360379032544,0.0034418078384042304,1.0488884980484177
23568731_AI.txt,7.449612201391105,174.8061583890041,0.01575031431664216,0.26359380436649776
23573064_AI.txt,7.471032628114283,177.4209578854184,0.05929635428822583,0.2775383516025975
23577836_AI.txt,7.621604990102318,196.9389949018211,0.019199288055588876,0.5850407644630947
23591247_AI.txt,7.209063097939175,147.9599694982017,0.011509235171404746,0.6650827179775394
23602130_AI.txt,7.151867711901099,142.20887680956918,0.013833181081276152,0.5128018236957507
23617240_AI.txt,7.923069214685221,242.7065468741542,0.020172955689255614,0.4320389771233797
23628651_AI.txt,7.656563667213534,201.76941161536388,0.0239175576467022,1.7766165612659377
23631188_AI.txt,7.510152915923875,182.2977463414955,0.020528788271500155,1.2881484414351005
23631724_AI.txt,7.61795431585898,196.44127971275955,0.02389975942759812,1.0362273997895894
23636277_AI.txt,7.540566179235884,186.181533994481,0.028835626005474197,0.3566283351424048
23666211_AI.txt,7.827027681744018,227.07541109178246,0.01601203734739571,1.169309723315286
23673025_AI.txt,7.730817246561665,212.42610312351283,0.012841745739051636,0.6723120622781557
23719943_AI.txt,7.91205257603781,240.86026101779353,0.011328215632486713,0.5199742221683543
23734441_AI.txt,7.425235596053396,171.8773461057953,0.05870598018773661,0.2648589813111072
23752500_AI.txt,7.4892298265684305,179.6730012160142,0.02653048136933533,1.4864537040348895
23760084_AI.txt,7.370320356781728,165.45789889715846,0.01920756243577369,0.7984287929314867
23761385_AI.txt,7.671285684105488,203.83891370361624,0.0246821948737506,1.4031190376102407
23771896_AI.txt,7.653794475101575,201.3824952172634,0.01268224906770009,0.36037559899141436
23782450_AI.txt,7.329325191105319,160.82247093813464,0.026719382610745135,0.6378286755862927
23804341_AI.txt,7.496563032177941,180.58860245186827,0.018037573650075148,0.2603651572901713
23807940_AI.txt,7.6302003350020735,198.1158279525715,0.013272849722024423,2.3770851683377927
23810469_AI.txt,7.537644440394775,185.8048616215385,0.010202336053813927,0.6434393003232085
23814777_AI.txt,7.606120468945396,194.83654144737605,0.02047631716794197,0.5011185085740173
23818675_AI.txt,7.810054447135719,224.41953406306072,0.043647532449194025,0.8311328733015955
23841877_AI.txt,7.35133919203309,163.29526997314727,0.027058173787039858,0.31086367142284005
23864648_AI.txt,8.006805255886501,257.2104157941388,0.021454061237143527,0.3493350825417985
23864858_AI.txt,7.6981980976438065,207.67706617894703,0.0192342349410848,0.37369954981931924
23914451_AI.txt,7.744751406209647,214.48774446015457,0.014474439984298437,0.7150720826651386
23917826_AI.txt,7.70163432108588,208.17230274448198,0.017713838218238232,0.3022518341910037
23918545_AI.txt,7.455152382948225,175.4787327910761,0.021203753744838977,0.49595370461475285
23929500_AI.txt,7.517112009737252,183.17921590478767,0.017318083246044343,0.6236447531747618
23933031_AI.txt,7.5996669277091415,193.9669345623109,0.01284341518494131,0.7201985616415534
23939133_AI.txt,7.491194086767348,179.9177964647153,0.020972952391056537,0.29969150406753164
23944036_AI.txt,7.670096905978829,203.6710199858082,0.008584868063580293,2.05715142087169
23951429_AI.txt,7.375862319785347,166.09471055303484,0.010816101163681846,0.7209483123035691
23955183_AI.txt,7.781722552358526,220.0553371156027,0.012910594523762926,0.27139122458328135
23985183_AI.txt,7.810758038512555,224.52900845229183,0.028713293994371586,1.338295773901581
24001783_AI.txt,7.435548617849567,173.11040331044916,0.03594885185117607,1.9052126695355442
24020470_AI.txt,7.804203938730789,223.51129655488725,0.014409563301863264,1.2983186097354384
24025053_AI.txt,7.491121928998488,179.90879792951318,0.011751420585259964,0.4913800764798578
24038620_AI.txt,7.390353842036078,167.77149905938927,0.03373559117476598,1.1287101457745805
24061629_AI.txt,7.668788974199867,203.4864577073815,0.010897146152702845,0.5326617438194511
24068423_AI.txt,7.6319999731132,198.36311462875182,0.03659119704069264,2.2306910153490866
24083609_AI.txt,7.062829859487352,133.6976094346685,0.013587495319837413,1.5089717040765476
24103168_AI.txt,7.698163156735675,207.6720364691241,0.015698021908119277,0.40641214780206875
24124250_AI.txt,7.726643509016327,211.8124394426453,0.01661069128358331,0.31391606719731596
24154692_AI.txt,7.798081983843034,222.56485468767497,0.014806087157466593,0.8837881227355369
24184357_AI.txt,7.474987621223931,177.90800562676657,0.03800694251130805,0.5091249447396389
24219583_AI.txt,7.69784813219359,207.62669449167157,0.014764673268425182,0.581383652760809
24221960_AI.txt,7.577879808239595,191.05971510330048,0.020510240079215696,0.659880856648503
24230851_AI.txt,7.262047200738857,153.49493078582813,0.012011371537769678,0.40770129121622123
24240349_AI.txt,7.69480450479163,207.18912996624164,0.008462229868870762,2.662360112313075
24251588_AI.txt,7.6022164484686146,194.31001465088235,0.009650817457198962,0.37767250169460675
24285142_AI.txt,7.849575991006996,230.65231960190667,0.032691762809913115,1.622074846104405
24294778_AI.txt,7.698285266310807,207.6896145550205,0.016702494520537407,0.9974389779328323
24322804_AI.txt,7.44722063825083,174.51662135272855,0.024270068964784466,1.536754497530417
24349611_AI.txt,7.9424433794321745,245.98787232135513,0.01645774184610491,0.9290823877554328
24361598_AI.txt,7.453070214853077,175.22565596553488,0.008783748679387861,0.4174155753002546
24397882_AI.txt,7.548413570013328,187.1970085139286,0.03806600679680411,1.910633172832578
24402267_AI.txt,7.432280827598138,172.71874166560372,0.01908278281721181,0.5119376286124111
24410405_AI.txt,7.645165515176105,200.1815934326492,0.021109529280877996,1.0035356435600307
24411323_AI.txt,7.1682306205238815,143.83097770267725,0.013365192149099567,0.3221924991272252
24412546_AI.txt,7.388687142871292,167.57778995874318,0.023270594335411357,3.152872116671202
24416961_AI.txt,7.495441745983111,180.44830056431607,0.021483511363944288,1.9812167694972553
24444525_AI.txt,7.459880303466736,176.05474532649308,0.020321858362234445,0.5546901838779451
24455357_AI.txt,7.456228648504122,175.60969059883683,0.012924567410711638,0.7999598811716633
24491862_AI.txt,7.499792919928548,180.993354881847,0.008804433305678653,0.4055028538620204
24508725_AI.txt,7.738107913584244,213.50231659449753,0.04312981661218146,0.3550640046494673
24516163_AI.txt,7.698871448247677,207.7740181422863,0.014307837928644691,0.579806935853536
24530382_AI.txt,7.5992343028073215,193.90877788816846,0.016590947292569085,0.6879890178102596
24533931_AI.txt,6.783555487334106,110.16754685711636,0.018846506067712956,0.2807439026345378
24544244_AI.txt,7.717463883119449,210.46899111581436,0.01020300041514053,0.3181828718354518
24548333_AI.txt,7.646320628274696,200.3419356868858,0.01834266930193023,0.46945444318273344
24550866_AI.txt,7.506542703670344,181.84213322440195,0.011504034689813706,0.5052871470590978
24553863_AI.txt,7.596994355152675,193.60794611911666,0.017968305224532865,1.3342364946624692
24559558_AI.txt,7.877105157679251,235.09583300076136,0.01284844375178848,2.5576797498829413
24574164_AI.txt,7.6779414739354666,204.78148527799647,0.015216609892232506,0.40473949411016547
24580361_AI.txt,7.376539182004955,166.17265468392813,0.011949563099939109,0.46631137167935316
24583187_AI.txt,7.8275968096647155,227.165007608826,0.013002529180876531,2.1840996225147937
24588864_AI.txt,7.707568096399811,209.03027438542097,0.008841715017976702,0.44902766812649697
24589765_AI.txt,7.638685979153173,199.2845393868281,0.009848102573061132,0.8726387222170504
24590489_AI.txt,7.8917097685545405,237.48782900598212,0.007230191470653684,0.3540000122469542
24592627_AI.txt,7.2494290757905375,152.1582845207674,0.019307850441937127,0.6131815148813529
24610685_AI.txt,7.888050318757539,236.88619562256798,0.04004193786820009,1.8267999441799954
24611721_AI.txt,7.645194507917593,200.18561636982056,0.015624051969421933,0.35325389761214576
24643412_AI.txt,7.512022500276739,182.53413860345404,0.01947781247537815,2.6317034339279943
24647386_AI.txt,7.651295599924229,201.03398486922208,0.010285821077875653,0.33835055587849766
24647794_AI.txt,7.645048971436265,200.16542302338604,0.02396222514643142,0.8015016236782408
24655918_AI.txt,7.728143941738404,212.03284335895006,0.014219238000886068,1.7571884127567785
24658786_AI.txt,7.9140787626510285,241.19877379245528,0.04776750158336397,3.054677526041097
24668861_AI.txt,8.103535678179698,275.0472518724793,0.02716925986393458,2.4625991672590484
24670867_AI.txt,7.661875627512193,202.51368996178232,0.012811237577485911,1.0819694468399939
24673903_AI.txt,7.110085309306077,138.1493830672391,0.00713743671931655,0.6001005565406838
24677466_AI.txt,7.567478361997572,189.68717929811734,0.015063870806190576,0.30699945155700525
24679149_AI.txt,7.576700518236536,190.90360259017646,0.01625757747541147,0.29308589163616705
24695561_AI.txt,7.701568258777358,208.16277056502713,0.0239706392348404,0.9790035853515232
24703009_AI.txt,7.812382495172932,224.78196770910088,0.023717496579021887,0.7485671739262482
24703983_AI.txt,6.818733026159012,112.88680286496574,0.012248816620295564,0.5589513386205043
24708621_AI.txt,7.452239682227747,175.12481085388265,0.01655261432729625,0.5363304445897659
24709432_AI.txt,7.724148511058244,211.44644740507147,0.014333372950856441,1.0489451762344477
24710433_AI.txt,7.561156258879098,188.85776065876513,0.012469954624891828,0.5756487385368233
24727739_AI.txt,7.496764386123555,180.6138085863764,0.013973008224880476,0.4614378984703487
24740005_AI.txt,7.72004932663698,210.84650927000007,0.04499667515085785,0.44248933445739813
24754689_AI.txt,7.504431797579061,181.57626207848247,0.010659651441386472,0.3648800946378967
24763208_AI.txt,7.7600260261709995,216.77071046600818,0.022288723428937278,0.2610246030457322
24767027_AI.txt,7.8781087350870385,235.25942886892233,0.00952285228445499,1.1442171189526342
24770846_AI.txt,7.4233145195274615,171.64862847331048,0.012174518461538815,0.42761416073999087
24773845_AI.txt,7.91021386531637,240.55348083775172,0.009776352671946806,0.24585656136297024
24791126_AI.txt,7.35768391982222,164.0149962964936,0.02332303395779848,3.162472020598918
24799301_AI.txt,6.829585106648119,113.7391491357034,0.018279163396137322,0.7903035128079721
24817041_AI.txt,7.246920781220991,151.89396933167,0.015326108050021514,0.8050949114377725
24828381_AI.txt,7.879321559626648,235.45728660528698,0.011657758247968176,2.5046368058291395
24833063_AI.txt,7.586442186152052,192.1970238591147,0.031055259980582756,1.2015255369694997
24854026_AI.txt,7.3698379221330645,165.4025793207565,0.018175294293087303,0.5454410727941424
24889109_AI.txt,7.747047664983547,214.82940469827906,0.01648614137961916,0.6419397716892878
24905947_AI.txt,7.580152766557875,191.36096590945024,0.013480627422593565,1.2950155492578335
24913648_AI.txt,7.535125818755017,185.48077102549743,0.013885807978416754,0.37127871112979016
24946537_AI.txt,7.619363011660313,196.633185239812,0.020179733479654034,0.6799375580015472
24953126_AI.txt,7.391938685297023,167.9559022911733,0.01665928089403555,0.9590646211123087
24953921_AI.txt,7.762346983968882,217.11972434016482,0.014292783441282122,0.3472390901862656
24964303_AI.txt,7.483819827575892,179.00050253641962,0.022892642795072252,0.35044557657447367
24967652_AI.txt,7.6021417168280125,194.29994964776085,0.015314489789586357,0.36377442011392136
24977396_AI.txt,7.799627205773802,222.80336409320833,0.007429175604961593,1.5617773261372965
24983760_AI.txt,7.65211060688951,201.14758502821857,0.020259257127284318,1.1430312101300995
24989856_AI.txt,7.394609571277333,168.2671299245487,0.015933612690037062,2.2393664899772228
24994145_AI.txt,7.5361036191749795,185.6065250101347,0.021066539904523122,0.854973436499862
25001005_AI.txt,7.719696420149427,210.79493911913713,0.040785202297989126,1.018607448994986
25023614_AI.txt,7.5893933828686135,192.59058712298142,0.017491739931774306,0.9917272022781312
25038571_AI.txt,7.166993303092603,143.70767494111251,0.01976326891818092,0.1782765909570027
25047127_AI.txt,7.470937916255393,177.4093107135057,0.008716137601812399,0.7958915007018341
25061645_AI.txt,7.190776340724473,146.09635161497616,0.01849007805170361,3.4012422639376525
25067742_AI.txt,7.092998277772314,136.522816971264,0.019093863350714838,0.6650106778942143
25070914_AI.txt,7.513896375563503,182.7713810107834,0.006601410589039804,0.23836505970971159
25080805_AI.txt,7.796251585588097,222.28265783444803,0.05103038755886061,1.974817085544621
25098739_AI.txt,6.874452934827486,117.3320171819417,0.031361277300932175,0.46059926734743944
25101183_AI.txt,7.354015375626882,163.59846204315699,0.011460952452342294,0.3209835701949578
25127518_AI.txt,7.344318846537249,162.50258374466586,0.015059351523584537,0.5319142779181106
25128608_AI.txt,7.371862142960331,165.63481574660415,0.01408955282077073,1.1108606815204047
25142074_AI.txt,7.5433082939347775,186.53574371624856,0.023719652067126208,0.3660687483349491
25150191_AI.txt,7.660939594086935,202.38233988652195,0.012875826317418976,1.5293913534272114
25157655_AI.txt,7.184650984330415,145.47737454279573,0.009887237562006155,0.5338092245505578
25162378_AI.txt,7.6957681581149675,207.32756891844085,0.0075258015410736585,1.2941516920232137
25187733_AI.txt,7.575463672767926,190.74000802302234,0.011591175877783523,2.5631929999141954
25200253_AI.txt,7.41380337746814,170.52073603766874,0.03809021195710518,0.6526336979693229
25207620_AI.txt,7.55775063822593,188.4124695006882,0.04712795156171218,0.3332246822677022
25213006_AI.txt,7.51737794139938,183.2129844018647,0.017961418226389535,0.708062764340116
25224998_AI.txt,7.848068013512239,230.41135613989235,0.018040070478192092,2.5011184666997566
25258040_AI.txt,7.728711698207253,212.11630292997134,0.01096134697828066,0.5163942259477385
25315791_AI.txt,7.318312292899546,159.59949682425537,0.008866910402654665,0.27248003517009983
25328428_AI.txt,7.643930548419907,200.0103085627087,0.01528010088695849,0.6277281097049058
25330083_AI.txt,7.5993919761826465,193.92997150251668,0.01110245124704478,0.6345639475498727
25370801_AI.txt,6.717614087191315,105.24545246297521,0.004386745850452016,0.2851128818658827
25397102_AI.txt,7.564329463252848,189.27361002455746,0.0082122817945522,0.5332646065437517
25413261_AI.txt,7.6637649662847735,202.7790735672018,0.02441555768771962,0.42717523007033315
25422388_AI.txt,7.313666438616246,159.08637146346072,0.016618381471894195,0.4208774030264506
25425322_AI.txt,7.830187843886831,227.57335528809259,0.015820867421702776,0.7206925157875784
25451319_AI.txt,7.389570248648178,167.68039945908367,0.012224406584009221,0.29405931449631906
25452321_AI.txt,7.553397303908438,187.84479152393422,0.016159362064041668,0.8794197594719582
25462793_AI.txt,7.223984987822846,149.49827087596196,0.028854846174056443,2.1405909273022226
25482567_AI.txt,7.15078271377318,142.10196692566527,0.0313595511084194,0.3750346788049721
25497147_AI.txt,7.497948304895275,180.762086520981,0.016502729863785367,0.37545086551827794
25507648_AI.txt,7.749360460072057,215.17407550391732,0.02066903293027639,0.7090042820339382
25525152_AI.txt,7.124522175229287,139.53876648383834,0.013644362283314273,0.5405213038429298
25543217_AI.txt,7.800134053788794,222.88165318327674,0.021355388563252888,1.202081880322347
25547145_AI.txt,7.3606691004048255,164.35472247939575,0.014808372709767547,0.7307625638293841
25561640_AI.txt,7.546414304248288,186.93777329100575,0.020838789052602814,1.610538693060631
25588694_AI.txt,7.305401934980756,158.17764772236376,0.04824973409072296,0.425023810943617
25608963_AI.txt,7.844939179927204,229.91219478535234,0.013399617222979967,0.3343796711662523
25624652_AI.txt,7.609071133962241,195.23543771759975,0.02697049739144916,0.5470457847246902
25625173_AI.txt,7.7324106277726985,212.66084625014048,0.03600784137625908,1.8434689648216445
25656981_AI.txt,7.702299354293026,208.2682851964316,0.014264251794206224,0.48517195504966765
25676643_AI.txt,7.555888092977411,188.16938256202874,0.008309399455270821,0.5026649232160628
25678238_AI.txt,7.612453162822863,195.693654051568,0.02224608410968799,1.097657627970949
25694422_AI.txt,7.72133935994836,211.03512894188677,0.022069139925546332,1.8288140952426266
25706337_AI.txt,7.111552759856537,138.2899744746125,0.014678647546083275,0.9438210333508839
25718772_AI.txt,7.753778262008878,215.8339886243712,0.011391730858649361,1.0842374971708277
25719936_AI.txt,7.87703712586239,235.08474706846025,0.017881337330351688,0.587682631281051
25723793_AI.txt,7.802504518066377,223.24816673374488,0.005147126422358704,0.6663903337114405
25724495_AI.txt,7.753651674621186,215.8150513844172,0.01304216655716029,0.2443654924081002
25729119_AI.txt,7.2751706353690855,154.89756291175786,0.014685196411212686,1.7418802001957752
25749150_AI.txt,7.705810467344668,208.77576877985666,0.020118596216973168,0.30371881695598746
25780596_AI.txt,7.460078824166276,176.07897284165415,0.010121628796564086,0.26258048140377793
25797445_AI.txt,7.187511931305446,145.76615075190975,0.027030355278549252,0.2996519621344084
25810233_AI.txt,7.291730832637615,156.68582221901818,0.010631210483438187,2.008425772501404
25813953_AI.txt,7.511481411844552,182.46569129553518,0.012431333635912256,0.30919403258666556
25824789_AI.txt,7.466358006847354,176.8470087571494,0.012572568238683173,0.706805236578706
25834360_AI.txt,7.505788838923884,181.7471383987242,0.012302295306794135,0.47494594676441
25838512_AI.txt,7.248450180395488,152.05507731510417,0.013690075907517342,1.1752424388544904
25839123_AI.txt,6.7260969192575635,105.86610293361372,0.013982394858803074,0.4880791430038063
25846894_AI.txt,7.415474919844681,170.71842010465863,0.012813602851489995,0.285206525023221
25857360_AI.txt,7.4911445783634765,179.9116224016987,0.013707536239435937,1.3572682721795342
25862026_AI.txt,7.523029105028759,183.93205321807469,0.01779489165692742,0.7402283737642913
25867805_AI.txt,7.603685018016569,194.50791029021636,0.03183803674961495,0.46159811650566224
25873425_AI.txt,7.7312998783805496,212.49717895339717,0.010965441133514943,1.6998356435771491
25905275_AI.txt,7.406393822428638,169.64720162983423,0.016009351920815013,0.34879746696647707
25919149_AI.txt,7.720520166722071,210.91533267832975,0.008949559879609666,0.3950149262520491
25923361_AI.txt,7.480308551601779,178.56537528477713,0.014547093207984104,0.40321764728489656
25924968_AI.txt,7.520834728422819,183.65250044812046,0.023303884957310176,0.4100212457145707
25926667_AI.txt,7.8144884805963155,225.1103345626554,0.01363776269643822,0.8881344568854912
25930778_AI.txt,6.957477008925013,124.28229771263497,0.027116079531805008,1.8044824613243107
25935030_AI.txt,7.691389266009755,206.69923885675558,0.014770708429883496,0.7350987446823467
25949631_AI.txt,7.883074197535982,236.07053893707436,0.017166917650134148,0.6802489928692008
25953797_AI.txt,6.831210261450815,113.86734523323284,0.004915582534516143,1.1428770648360025
25959103_AI.txt,7.4882898973509855,179.55598071121125,0.025090846346009475,0.37121067614640774
25974844_AI.txt,7.554404610016204,187.97599269440326,0.015506008038417856,1.0755134144316074
25990239_AI.txt,7.463415020656154,176.486622255882,0.026156294557711283,2.557736760108363
26013403_AI.txt,7.689879888263988,206.48309887188353,0.02782123339160149,0.48962616494049593
26046064_AI.txt,6.98758078450506,126.90286099201329,0.01382029177365117,0.674131348310257
26046878_AI.txt,7.552797879456298,187.76676022175235,0.009925216090988323,1.2640811473124471
26048718_AI.txt,7.8938548730598574,237.8412059281998,0.01715689685918882,0.8335488038401759
26065877_AI.txt,7.401419779926013,169.06330872179046,0.012402351897837217,0.9252722790395427
26069113_AI.txt,7.794255368193762,221.9753041302278,0.0228883812436816,0.32511264207787327
26070334_AI.txt,7.5912620274981295,192.8402008843637,0.022108276430693612,0.8880649102457653
26071861_AI.txt,7.661310931653391,202.43443810274528,0.018419719779442977,0.7616554922203165
26079779_AI.txt,7.515913864875484,183.02715041675992,0.02156780470411553,0.24422765453617395
26091595_AI.txt,7.200170756262621,147.0507932271315,0.018643478573188352,0.2747391156134504
26098594_AI.txt,7.623035202515106,197.13432672663842,0.015806986072221446,1.0835581453469048
26125407_AI.txt,7.774258780888181,218.9198223772116,0.04182661997724905,0.475892462506352
26127853_AI.txt,7.593888613934981,193.19160766255123,0.018943674127234456,0.5147283344821871
26130673_AI.txt,7.438438975910264,173.45756787595164,0.035238697196320515,0.5085827619380958
26160200_AI.txt,7.7292752235888775,212.19917302056473,0.012976806424822646,0.4882003925768063
26167298_AI.txt,7.625086345517318,197.4148006044497,0.01588822327414892,0.35099160309403504
26173524_AI.txt,7.636864531949326,199.03309524066367,0.007300623917500267,0.3535335805801697
26189601_AI.txt,7.670596479440356,203.74155897864466,0.02505576612209123,0.35536827786977876
26202430_AI.txt,7.637602894413832,199.1349852279559,0.020099015283118894,0.491167456501871
26231609_AI.txt,7.660251249772183,202.285801463196,0.013553151268541437,0.39292909096752954
26234972_AI.txt,7.625330792126011,197.44825290426417,0.07641675540459053,0.6687858188576955
26278597_AI.txt,7.8709673961210935,234.0977724095105,0.01883540832916578,1.815745983901712
26279402_AI.txt,7.490495944324156,179.83075252302783,0.016376989475158726,0.5892381751529984
26289308_AI.txt,7.415401238198044,170.70970135763338,0.04736554254961372,3.5781539104245543
26291616_AI.txt,7.4468730561758205,174.47458090682122,0.021889791947160966,1.7059856507737192
26330995_AI.txt,7.605236038554861,194.7171353740305,0.03450621028426224,1.0922377603566638
26341645_AI.txt,7.704706648136351,208.61609361650775,0.018407955335036055,0.588901353538256
26341987_AI.txt,7.730648124636411,212.40120263874903,0.010723235619516984,1.141935783233828
26410763_AI.txt,7.387546674528714,167.4453699818194,0.00938520779653334,0.3858366189408333
26425074_AI.txt,7.662083642702778,202.5428915322679,0.06669069209486927,0.4881032068740082
26456474_AI.txt,7.304656196573257,158.09590580040458,0.014713969281418082,0.6150485519473703
26456899_AI.txt,7.7426148697725266,214.17033730984633,0.020286534529306604,2.651671457360386
26459032_AI.txt,7.886550438199412,236.64004771118027,0.01816131593078161,0.49122703379401184
26480367_AI.txt,7.247364003510692,151.94064110458532,0.025702358981910152,0.3955130057618868
26496059_AI.txt,7.710680509532204,209.4817148039059,0.010700110318600265,0.4304791240028462
26503829_AI.txt,7.534992611404871,185.46364595006517,0.017837158580910884,0.4039167817104148
26509539_AI.txt,7.635544006873394,198.8509999698457,0.00917292948753013,0.2873256960738585
26530575_AI.txt,7.64611314717833,200.3131255957438,0.008161492178738997,0.3756665152153574
26530696_AI.txt,7.404647227582411,169.441942977361,0.014497955546934433,0.5199836606837611
26579709_AI.txt,7.794789743682519,222.05753920356022,0.01867629306801195,0.763090708059614
26581830_AI.txt,7.668378666074904,203.4285935899279,0.017369651311872777,0.35753100486971867
26585242_AI.txt,7.5599652193822395,188.70191051632176,0.010328930430110576,0.3674147000644895
26586477_AI.txt,7.688945017052807,206.34934047591472,0.012530778125196146,0.6891933775454484
26622051_AI.txt,7.448753637409374,174.70216023404961,0.03106550731862012,0.3967333288113053
26671167_AI.txt,7.817247677899134,225.54127675632893,0.01415994482451914,0.5618538495367144
26673507_AI.txt,7.706075652220583,208.814147829749,0.03805826858875267,0.66887207845011
26676567_AI.txt,7.7123496506591795,209.72421712205625,0.023053025592358986,2.6878812839599187
26691587_AI.txt,7.932549352113323,244.30665477531022,0.00936026713466788,0.36051630476363083
26695839_AI.txt,7.626772277501941,197.6456341930495,0.01977858121012783,1.1672190082392535
26718039_AI.txt,6.790352593621085,110.68781432342759,0.011360656824297908,0.28835492757906683
26746496_AI.txt,7.5998386985829685,193.99003012473543,0.0154425797582523,1.7439016963010763
26750846_AI.txt,7.457109846182299,175.7169857073121,0.010588110435448399,0.7433178584335632
26767199_AI.txt,7.760024093389462,216.77042005803247,0.02325189003063308,0.28982169468134006
26768723_AI.txt,7.647053063430452,200.4436721781388,0.013467066252226578,0.25683145796939033
26780935_AI.txt,7.790084860221465,221.33454986809713,0.016640665579974484,0.4820174181304287
26790545_AI.txt,7.556361987906522,188.2312023929234,0.013075397045715623,0.6191302492781671
26801767_AI.txt,7.790976113988134,221.47132596457024,0.021618183591268634,2.0660677766136617
26819872_AI.txt,7.996328384857965,255.34931609754884,0.014700012797235726,0.8302066523221187
26829350_AI.txt,7.666524381727986,203.1672964102784,0.014177830912160908,0.25192932118174277
26829561_AI.txt,7.430007606020721,172.44680699181202,0.01609067362602066,1.1382044737558765
26834746_AI.txt,7.595046942439924,193.3467819711284,0.017808643511809157,0.26789892466993354
26835781_AI.txt,7.769839664031118,218.2502753893967,0.026626738071144962,0.7711833075726887
26888302_AI.txt,7.906404151326558,239.9190910452956,0.012272219995212325,0.35144760944374126
26896699_AI.txt,7.569343258468451,189.93253654608404,0.011835277296032773,1.2049890044043265
26908066_AI.txt,7.55202232937306,187.66584950380482,0.018270518464754474,0.42184862220253916
26919036_AI.txt,7.545100870016874,186.7676619842698,0.00602937500110293,1.7470535003762937
26921245_AI.txt,7.929524243001293,243.79491808363375,0.022445009933147398,0.4522342125448184
26924514_AI.txt,7.5199320368968054,183.53762537237478,0.028213624440762804,1.3059756098238202
26932091_AI.txt,7.503394360955601,181.4457382008407,0.010935994143595631,0.4163678664533109
26942552_AI.txt,7.398515218831055,168.72327793953662,0.008554663288013914,1.556900948304843
26958533_AI.txt,7.56539628047546,189.4136223042053,0.03159694310844671,0.416869150630519
26961846_AI.txt,7.623560894031201,197.20617193523427,0.014734367548405397,0.42289201049063185
26975573_AI.txt,7.743024835491338,214.2312060106069,0.012109845765548766,0.3804974994746252
26987539_AI.txt,7.855099699920726,231.53712087351033,0.014880421293766419,1.2992048187964849
26994282_AI.txt,7.759084872337702,216.62934444720088,0.008635041722767694,0.3134900504185535
27000192_AI.txt,7.732831808176461,212.72293952290275,0.006742289594087275,0.49436015499235486
27004930_AI.txt,7.499267330942773,180.9274291074136,0.016699208362284605,0.6001347986969993
27018361_AI.txt,7.742822397434181,214.2011473320112,0.009481597160299105,2.4605260356298655
27018550_AI.txt,7.0130201018497855,129.16040878136855,0.01610308283520839,0.4416255165458715
27024099_AI.txt,7.593946390470781,193.19934468598842,0.007438529918217011,0.3762504607556611
27030979_AI.txt,7.669425961341883,203.57632207412323,0.017834837157905663,0.46356806460253436
27040860_AI.txt,7.38105137640296,166.69319233856538,0.006397029291373694,0.33429399265109516
27058381_AI.txt,7.633800415192227,198.6108206457292,0.033228774890298574,0.5866773250558012
27066370_AI.txt,7.278470588336039,155.25227385162538,0.012378314072163336,0.31260497277182187
27080812_AI.txt,7.6072731158345395,194.99226907140815,0.024380464405059317,0.3643887895540537
27084878_AI.txt,7.701663053015687,208.17644863212988,0.016290763013077976,0.25794772354014495
27090089_AI.txt,7.4606475412414195,176.14839767215287,0.016204138295503212,0.48172983730971214
27091280_AI.txt,7.530947455358933,184.94435492178945,0.011096239039219396,0.4555880194975738
27096471_AI.txt,7.9292050577621795,243.74098628960647,0.018552340035578433,0.6348878232581326
27096796_AI.txt,6.315616036547457,79.6507497391011,0.08990319308011407,0.9469004109576933
27099856_AI.txt,7.791158825830201,221.49937624220334,0.018817029502635068,0.41554493041146384
27120528_AI.txt,7.820475262556876,226.04642055812005,0.014785564901944655,0.3602617504563962
27126818_AI.txt,7.605336077128505,194.73063781169694,0.021089091846273673,1.6519801840702382
27139412_AI.txt,7.2342707907005765,150.5679386575565,0.034174198336096605,0.48171712261647937
27152464_AI.txt,8.162052595208106,286.43273992984393,0.03205915102978216,0.4569320890401579
27164756_AI.txt,7.929090067720549,243.72155968286128,0.03972063923826341,3.5688047728471504
27165830_AI.txt,7.570363260726919,190.0668685512149,0.01934889810261362,0.24315960436920345
27176039_AI.txt,7.472153674885567,177.5588764911861,0.013882552329058115,0.3052110825803838
27182111_AI.txt,7.45954495413598,176.01382678301738,0.06393198785234674,0.8957346226226891
27187994_AI.txt,7.116483603252063,138.7634306050129,0.008419355992453508,0.811255618485241
27213082_AI.txt,7.670019637629013,203.66011199642114,0.02016374281652597,2.4511483079441194
27219200_AI.txt,7.375555915471948,166.05943855835335,0.01625841907683406,0.37835106181056427
27233183_AI.txt,7.493645555022064,180.2237777701835,0.020080583605753568,0.7758367161478541
27243670_AI.txt,7.59269355421302,193.03164321707342,0.016163844980271375,0.355284899439814
27246366_AI.txt,7.3202337735523,159.81220404767012,0.008905698253939633,0.7340621586040519
27257013_AI.txt,7.721546640544677,211.06545179510607,0.025843062409331635,0.703300024604957
27295996_AI.txt,7.714098746516822,209.97863694494467,0.021098869104698534,0.4081892510478001
27298953_AI.txt,7.645285479690393,200.19823983775905,0.039835031478406474,0.29446488348871425
27330027_AI.txt,7.397922509543935,168.65397478728542,0.009527902859120812,0.6506126015983648
27372171_AI.txt,7.860629602124454,232.42631408741002,0.016922253509737358,0.4970382862456932
27375577_AI.txt,7.850544208225004,230.80716625701703,0.01481464842187415,0.6736184503041742
27397245_AI.txt,7.398400412066147,168.70985181520624,0.009042456814205247,0.6304839221582555
27409087_AI.txt,7.6224373484410135,197.05265101536702,0.032196366037209975,0.5075553663194944
27419236_AI.txt,7.663082401671921,202.68315788231013,0.020793112179460158,1.3042746649306536
27485716_AI.txt,7.408583250332131,169.9048529626737,0.0136970641097773,0.8597231940460451
27490876_AI.txt,7.650917142291018,200.98125517546234,0.012203994262346569,0.3760876993938883
27496514_AI.txt,7.542123726712066,186.38264591533905,0.009273113922759505,0.5938868202502698
27497542_AI.txt,7.447615909884387,174.5644422148881,0.021918077759837864,0.4613947039510759
27502951_AI.txt,7.694424775444679,207.1346032383924,0.023549980704813362,0.5885301780864781
27512470_AI.txt,7.577063190243418,190.9515989399326,0.0068403557529385615,0.41720373075692924
27523575_AI.txt,7.790529549443126,221.40278345628363,0.010850181173817976,0.7336561544929701
27524018_AI.txt,7.524243341637985,184.0869238164207,0.010004795325295175,1.2304775679007773
27529455_AI.txt,7.374269824208746,165.91147074612707,0.023365409931794572,0.5479040305111599
27531694_AI.txt,7.466269160796332,176.83611825421997,0.015286386782549016,1.1409586243041943
27536013_AI.txt,7.497644185498023,180.7239859789535,0.012970020229217965,0.3237452155673942
27549075_AI.txt,7.628988787637094,197.9495239549619,0.035092296215321846,0.5625310098019036
27558837_AI.txt,7.487672105450973,179.47910758151596,0.014535374166523894,0.32120279790866374
27573855_AI.txt,7.841644058321625,229.38767358756277,0.017725777062095514,0.47071670323082226
27606527_AI.txt,7.690661835134622,206.59504392750074,0.027467709388912402,0.8944407281909118
27607632_AI.txt,7.410119920287804,170.08592156838242,0.01227403614088255,1.2389190506968994
27624540_AI.txt,7.785022152616799,220.5592035521118,0.014985607252447611,1.044548659248436
27637576_AI.txt,7.32938084456818,160.82867495200887,0.015912165726738307,0.26104135743786067
27662298_AI.txt,7.391701243040409,167.92826197513844,0.019351752667687714,0.41527806704096276
27689009_AI.txt,7.663273861672999,202.71005774097276,0.018039137740630068,3.3576894850073047
27694040_AI.txt,6.954191388477741,123.99957696139917,0.018133584615047074,0.3909220134197654
27710853_AI.txt,7.811382885848143,224.626275535814,0.014710027157748403,0.31332573749751097
27715131_AI.txt,7.4382473529179665,173.43453026236458,0.039514572522587575,0.49393653451189207
27726066_AI.txt,7.67302759108222,204.08517702093167,0.02612675254138178,1.176810593361153
27756469_AI.txt,7.737695892176958,213.44135085866466,0.038343456385223185,1.3687169807249255
27770859_AI.txt,7.97163124757423,251.01525739525363,0.025507757823377875,0.6578865507135574
27788376_AI.txt,7.383971769834743,167.03096486716998,0.010288357840150582,1.038523354473018
27789372_AI.txt,7.109506560035847,138.09397439289668,0.013712610381868523,0.3176023587612853
27796199_AI.txt,7.422369083738222,171.53617948757133,0.015684972262588835,1.1376800726333374
27798860_AI.txt,7.773848221392582,218.85753144140682,0.02225098221862459,0.4727564539365981
27820360_AI.txt,7.610509998717765,195.4302519470539,0.016995522980060105,1.40191397116197
27831220_AI.txt,7.403909907636652,169.35536819801325,0.017337718071300447,0.4341241550732838
27835351_AI.txt,7.636273246984123,198.9515387368673,0.012050249755441294,0.615412742431589
27847081_AI.txt,7.641441441963373,199.66552486880926,0.021393330552473454,0.3802149046384405
27850777_AI.txt,7.8203715090140555,226.03016468075336,0.011061710157306833,0.4727758617768703
27884470_AI.txt,7.692044848130012,206.7931874145511,0.02019572999904185,0.41685627186249447
27888251_AI.txt,7.524438889606371,184.11187729770714,0.013484771814136282,0.6254207786441077
27902692_AI.txt,7.213286673757512,148.39376581020187,0.014487919522921307,0.6228277342424815
27903191_AI.txt,7.385519902378007,167.21029927742453,0.013200152623019396,0.30085059750649334
27909372_AI.txt,7.668158176805531,203.39750566535972,0.011087821311371421,1.0836949270322505
27914096_AI.txt,7.662319069594447,202.57594628945148,0.015453900505634725,0.7458067795773012
27917969_AI.txt,7.590645452967383,192.7578030462991,0.043595993850909724,0.38755853505646576
27921561_AI.txt,7.968821681875843,250.52689528711872,0.013795973180094682,0.5282706993730705
27936502_AI.txt,7.81855978785094,225.74649654321237,0.011865289020910469,1.016647259651262
27937592_AI.txt,7.556496727397584,188.24878293494498,0.015383201411235033,0.526800654116525
27974588_AI.txt,7.252579993258477,152.4909689223515,0.08186552961740799,0.38499465760781393
27980446_AI.txt,7.561281437157195,188.87414798544765,0.009969222956006428,0.7016163777329639
27981289_AI.txt,7.358773145855474,164.1388733843952,0.025460404043346842,3.5995549658973665
28005884_AI.txt,7.4796109390251715,178.47905119326572,0.018505759115427855,0.3405087811220847
28013287_AI.txt,7.346791757654799,162.78136688251467,0.007887199430352692,0.8717732436892324
28020046_AI.txt,7.6723317796100705,203.98677052163313,0.014717253945586737,0.5470797978192695
28035460_AI.txt,7.293055471117266,156.8297524167337,0.03333915269080835,0.530820684960735
28051330_AI.txt,7.4719127298848,177.52922479758027,0.011960968252690071,0.6748870352608126
28063132_AI.txt,7.3886317847187355,167.57135989651982,0.012424874373694718,1.9762289171829175
28078163_AI.txt,7.698876728902648,207.77477865291306,0.012885160061074362,2.0258762558432726
28086303_AI.txt,7.593802936051094,193.18013485910174,0.018611236657839127,0.2899263696545658
28092317_AI.txt,7.160370703127271,143.049505783214,0.009436358883206243,0.4273038898580811
28109594_AI.txt,7.8292886011454215,227.43155129116192,0.007703843923640732,2.3529798441321903
28111403_AI.txt,7.887263067021572,236.75696651253463,0.025309938447646712,1.8806870356838863
28126340_AI.txt,7.731565753849334,212.5363438439666,0.011401907368537984,0.7572058848689689
28139742_AI.txt,7.510149735404088,182.29734445410153,0.020056512788661163,1.295211394920586
28165687_AI.txt,7.673055777188448,204.08916429648795,0.020301331002178694,1.4232642628761796
28172023_AI.txt,7.552759932619928,187.76182150593286,0.012514842856697803,0.7051143579352921
28175164_AI.txt,7.793362300562778,221.83793787584025,0.00790682368914033,0.3390309874382432
28176889_AI.txt,7.378056551732266,166.3475204686868,0.014768297875445204,0.8286498490992164
28186635_AI.txt,7.6754771965490125,204.43199517359233,0.013699789813844596,1.282811133324024
28198029_AI.txt,6.9802408200778,126.25886001962722,0.01291258584598023,0.39565243526707294
28206098_AI.txt,7.6859544210839905,205.92203718462628,0.01650419118979863,1.1448583091296525
28230807_AI.txt,7.202968517171998,147.3362396490523,0.016459811868920097,0.4100583070293955
28243590_AI.txt,7.270703924949418,154.4187281070181,0.018867978263075402,0.35386059618728355
28247753_AI.txt,8.072549303014261,269.2027435778715,0.007676014294475181,2.0588197382735762
28290448_AI.txt,7.425004947567596,171.8498696955226,0.022625042353136674,0.4466352848774912
28298773_AI.txt,7.669079135083907,203.52738787401586,0.011551219035977698,0.47086571488813755
28320387_AI.txt,7.779576082660471,219.72817794893814,0.016433570379394236,0.34881964040299046
28321954_AI.txt,7.787071579240623,220.87274252088633,0.011146398880055785,0.26190211613796893
28325193_AI.txt,7.504385196167422,181.570396962688,0.05017249291921997,2.7673920958462768
28326441_AI.txt,7.90519499159127,239.71809294104065,0.010085618363350172,0.4444450080764548
28337049_AI.txt,7.671649680229409,203.8903493384396,0.01813215194879066,0.295652097693494
28359817_AI.txt,7.6033976607234735,194.46917188817244,0.02245101375831613,0.5890487521278573
28377361_AI.txt,7.5357650802602665,185.56297619490536,0.012947037548893656,0.3163723016597337
28383893_AI.txt,8.07759817332769,270.14649867558524,0.045244679547256285,3.0539246887752283
28396458_AI.txt,7.703977630796941,208.51070313117575,0.015387903868210227,1.9328757796125235
28396528_AI.txt,7.487888348598763,179.50601142113467,0.006895172100352276,0.655107242898356
28398216_AI.txt,7.447669544906493,174.57093211156996,0.01562460012608697,0.42920065152095926
28419173_AI.txt,7.743196663739213,214.25672295212806,0.01298301168145631,0.4500650803205774
28419927_AI.txt,7.896215031681529,238.2306176668405,0.01830491647039545,1.013266423202936
28423028_AI.txt,7.693244599707473,206.9652290692969,0.024580391497067755,1.1856415557443278
28424982_AI.txt,7.309838791576761,158.66485520598704,0.016526543371260263,0.3247162134767408
28471099_AI.txt,7.5101025807801705,182.29138614552377,0.049103611292142677,2.2301986819003567
28505854_AI.txt,7.822889113836802,226.4249476568987,0.017752929301765395,2.4096090700550126
28522529_AI.txt,7.514773879922295,182.882583631156,0.02106665650277611,2.22277234262105
28531493_AI.txt,7.654765082284729,201.5180256356132,0.018840281468965724,0.39647473954902346
28609364_AI.txt,7.561397913773144,188.88939743807927,0.030616044950515113,0.8524850547719512
28614791_AI.txt,7.539884979015453,186.09364503592857,0.011467307765916908,0.8180488244976281
28623782_AI.txt,8.035525964659156,262.38218617680633,0.015303657437928735,0.606972872016235
28628090_AI.txt,7.899514264473431,238.7760396983424,0.019237962489060564,1.475605189136924
28629430_AI.txt,7.732221744428974,212.63300567315594,0.010510714980756085,0.7020627890987772
28630325_AI.txt,7.383570452635872,166.9845080106301,0.023387385530700185,0.32016159273341704
28631840_AI.txt,7.877955142838448,235.23438400477886,0.00900147583738998,0.3942116905473177
28635795_AI.txt,7.578499901834595,191.14185330097948,0.007231580315645205,2.514553928096932
28640735_AI.txt,7.608114118869472,195.1059707841928,0.011375763554008558,1.2016358649266767
28642819_AI.txt,7.488279214609512,179.5546511557848,0.0175289602392078,1.317063947115429
28663949_AI.txt,6.799841888905768,111.41826063102937,0.014827513079642033,0.6823252661002855
28669770_AI.txt,7.634118755549724,198.65465029369452,0.010308456868762719,0.6041742769560572
28670024_AI.txt,7.730427221634958,212.36868261901603,0.02176338702706467,0.3654785139550851
28672970_AI.txt,7.676314066802415,204.55061531214432,0.013148356815487688,0.630731077087977
28679359_AI.txt,7.480401442451506,178.57687294920382,0.01796639716027909,0.37890075510081045
28697203_AI.txt,7.542907109283494,186.48387906638067,0.014870578759801271,0.33271709637869673
28711616_AI.txt,7.5281935471675,184.59165808863875,0.020743029211943025,0.4367384920079345
28724469_AI.txt,7.6692704709372705,203.55438226144912,0.012435619538852846,0.42335855433731656
28733974_AI.txt,7.75589192265985,216.15043398763507,0.018285030364172374,0.9923634846786403
28745844_AI.txt,7.317353435171535,159.4934575279038,0.014032132400061091,1.6899727662549258
28756444_AI.txt,7.640015871647054,199.46832680935566,0.021049448982078795,0.32432013713332786
28758002_AI.txt,7.594802029349892,193.3139620491418,0.011868177054580481,0.9536535456298618
28762662_AI.txt,7.772350754805311,218.63048289461958,0.014220872855256082,1.924835377387347
28772892_AI.txt,7.766299823737892,217.71542632586542,0.017161797743312217,0.3424975160086727
28790806_AI.txt,7.6665917073401095,203.17677774997435,0.02003492059932716,2.0305578874574546
28803888_AI.txt,7.407820934363293,169.8150994349771,0.025950672862211456,0.5283629164419658
28808263_AI.txt,7.796104329226478,222.2599705276628,0.01567533378323076,1.055253175041798
28815362_AI.txt,7.6779098095653495,204.7769907691772,0.04102283951750513,0.5530359017172629
28828844_AI.txt,7.3102207087988065,158.7068632953416,0.009208583930251067,0.5417729727602639
28831378_AI.txt,7.626842910662088,197.65531099728418,0.013408354635629196,0.9769713676221186
28831442_AI.txt,7.649131671871518,200.73267587453063,0.01784653868205097,3.1088448810292446
28862054_AI.txt,7.721928544795787,211.12133156242197,0.01817368751070627,1.0387685269618356
28867567_AI.txt,7.635553853938889,198.85235722515435,0.014176823021034728,0.24029081636455166
28871170_AI.txt,7.597692185660999,193.7016167897136,0.011002354264564002,0.5421746722331068
28895997_AI.txt,6.856247698433507,115.86071783849609,0.009308196386991523,0.3458808506708006
28897981_AI.txt,7.691481840111276,206.712502651054,0.02041377455594513,1.273128915684229
28916894_AI.txt,7.625383239153823,197.45543097166654,0.017345721445864496,0.3262789757933634
28923650_AI.txt,7.835766622793479,228.45506573062096,0.03776430080037078,1.8068969206493484
28933005_AI.txt,7.58295046195313,191.73241594709617,0.06386951725494079,0.48364934805953746
28939941_AI.txt,7.734540858568908,212.9750854272358,0.011431997973191037,0.5485020936876904
28942221_AI.txt,7.647669236488381,200.5292996778728,0.013333286182206435,0.42390374336035547
28949406_AI.txt,7.7780037140310005,219.48883042310658,0.022857629814583592,2.9103578365321683
28951817_AI.txt,7.6503069113270055,200.89626212627624,0.01365301123475963,1.0233545128461594
28969385_AI.txt,7.562572959305905,189.04330664913428,0.029925643351442245,0.2850401896534801
28973180_AI.txt,7.588512400651424,192.47301751609365,0.028196162885963577,1.3032241715280315
28974459_AI.txt,7.440104643226843,173.65794941592304,0.01452511080945943,7.458526797717786
28975482_AI.txt,7.519909090107175,183.53470613742513,0.010114356992842601,0.41583784799134976
28989677_AI.txt,7.577353909601802,190.9900817227868,0.0095613741645825,0.4921139409526142
28998957_AI.txt,7.937033450786716,245.0671754377055,0.016921002694586344,0.5876490724725361
29002596_AI.txt,7.507568939124432,181.97152940756942,0.03337797261272925,1.3062891923607165
29014805_AI.txt,8.047255308482677,264.5240909694927,0.011775827379460412,1.5554165511238627
29028935_AI.txt,7.661530494008267,202.46524874742144,0.010024994488031224,0.27969514064938056
29050809_AI.txt,7.550347698401281,187.4481397952069,0.025922220802535943,0.6070477810192992
29051656_AI.txt,7.541413973115686,186.29097496968961,0.021321884355767092,1.1635366260861755
29061628_AI.txt,7.376697163765624,166.19085235234837,0.0069019854789974695,0.7964875719623034
29072179_AI.txt,7.625255842239363,197.43799547677273,0.01285608564697363,0.3309852863395352
29075857_AI.txt,7.762583551468213,217.15532970388162,0.01963321499375,0.826816278415449
29076405_AI.txt,7.563617715866501,189.18025573390386,0.00486383324098373,0.30281024436981385
29087505_AI.txt,7.362626960841943,164.57791729354497,0.020295138695015435,0.3928143296757618
29091445_AI.txt,7.654617876819838,201.49746478217844,0.01255861373830542,0.9014864524342879
29093426_AI.txt,7.661672852889062,202.48522812455388,0.011414609268863127,1.9009507383176696
29134372_AI.txt,7.842648232862736,229.54739233530756,0.018259571107989838,0.4004327492177488
29134721_AI.txt,7.547618708615003,187.09389961750216,0.011883755040525369,0.44946925506656504
29142288_AI.txt,7.76620957707972,217.70180773386988,0.013348862358998454,1.5044895746336238
29147100_AI.txt,7.016044013089877,129.43141492398905,0.016272202624968146,4.262366009450373
29148871_AI.txt,7.952484225882032,247.70586637884963,0.015931048060870607,0.6462536232636691
29149998_AI.txt,7.601939464143707,194.27271247649244,0.008321825872645522,0.4167701566901555
29161565_AI.txt,7.242677717305839,151.44789515974549,0.047522074850547734,1.3438874054543828
29165698_AI.txt,7.3085044945684,158.51817959808665,0.009779011240971957,0.37507683317103885
29167286_AI.txt,7.180751325267726,145.08467469751452,0.02927034536236495,1.8177043936520179
29173771_AI.txt,7.538875404297632,185.96346525913393,0.009024971823244484,0.24304209438250846
29177904_AI.txt,7.420711179983392,171.33916825242193,0.018637915171813676,0.5236764140721609
29184740_AI.txt,7.633725665617923,198.60053039777267,0.008907401556638788,1.5371596732499238
29193505_AI.txt,7.7513687039107335,215.47380822461548,0.016581085394384725,0.7708285707678086
29196643_AI.txt,7.46161268867711,176.2662784780961,0.02845717691523211,0.8498443636739085
29208172_AI.txt,7.718799417968558,210.6639171462589,0.024251835556757043,0.3642272426113713
29211359_AI.txt,7.7500679109189,215.27961576491555,0.017145745635005493,0.37560311314194234
29211919_AI.txt,7.405486024352814,169.54048679682714,0.005683090764562345,0.5154623744347043
29221006_AI.txt,7.499673006911454,180.9783118154328,0.012489191062171768,1.0474366120838945
29267293_AI.txt,7.051667403320433,132.66715252495533,0.019939976082863974,2.7288241887891482
29297393_AI.txt,7.947029037682636,246.77099758719848,0.011344875437834261,0.9818026379066038
29297973_AI.txt,7.680390575559798,205.12941508379885,0.018953808750953434,0.5924636099686174
29306433_AI.txt,7.581226166398082,191.50339605384892,0.015138801232521822,0.4026229269204996
29319314_AI.txt,7.749380246385142,215.1770265994022,0.008955551128373207,0.9934378387365282
29329075_AI.txt,7.824406238773129,226.66317930424574,0.017746801460707205,1.7929829892548221
29332616_AI.txt,7.447964932743029,174.6066786885449,0.009796827701502317,0.35398432564334065
29399491_AI.txt,7.6739531128062195,204.21614431449103,0.013876076869318703,0.4127068001262709
29406313_AI.txt,7.707585117941907,209.03274062984792,0.0142913933078887,0.8109386420887515
29415426_AI.txt,7.272705134706422,154.6330760354337,0.025645318377800166,0.531951507328572
29425788_AI.txt,7.621228021684139,196.88754252907435,0.017423802772412737,0.5380442656978444
29449419_AI.txt,7.750052584324128,215.27732873556164,0.018966754475791634,0.7278489751807903
29456173_AI.txt,7.580371111012486,191.38992959650918,0.02168512938790344,0.41757023745521266
29483501_AI.txt,7.534248875759062,185.36806069299368,0.018148689696634447,1.1009406723517021
29486525_AI.txt,7.157362216644371,142.75151204130412,0.011380726719950471,0.2922007879572599
29494962_AI.txt,7.7395736535454365,213.71933952104965,0.03138535210547806,0.9857183992823471
29510501_AI.txt,7.585667641828349,192.09386611894854,0.012276753269671337,0.6297218386870939
29521434_AI.txt,7.30723028479125,158.37823578697817,0.01496647101829419,0.730828138445724
29524570_AI.txt,7.717303322019276,210.44556880450313,0.011738073264729322,1.142535299619325
29525715_AI.txt,7.91531053544392,241.40479720542453,0.014719782519614196,0.6931218457307325
29534737_AI.txt,7.657409992915946,201.8878099816583,0.01460806680771151,0.3621367280276292
29552167_AI.txt,7.365749317416603,164.9344912070745,0.016901528097608674,0.318439949056706
29564653_AI.txt,7.422271852109611,171.52461905407813,0.011000846485471347,0.5821782374791495
29573698_AI.txt,7.104387156623553,137.60481632105197,0.008783750229070892,0.4823076016063099
29574501_AI.txt,7.602112449006043,194.29600794248634,0.019385109154131493,0.6705720807522643
29595906_AI.txt,6.915710949837315,120.73590373304528,0.03632488077819632,0.7216161458648102
29612672_AI.txt,7.83615694470903,228.51688273287516,0.008202309958028035,0.7713873996766404
29639533_AI.txt,7.743918556690277,214.36395914337407,0.018064452275121955,3.2264596675494057
29640922_AI.txt,7.343934600293808,162.4593086996439,0.014754821029263933,1.2055737040063772
29647215_AI.txt,7.476829791014268,178.1353205310924,0.012205435393797731,1.043690925372055
29648950_AI.txt,7.429498045794898,172.38590949439325,0.03644011815047143,0.3504984696899723
29723311_AI.txt,7.484390247151992,179.07129059349361,0.032440329176906126,1.9032813518150205
29746235_AI.txt,7.9634822470528945,249.60140537391578,0.04498919692945491,0.9646668527370154
29764492_AI.txt,7.80598012249304,223.78664346295773,0.017839476620195114,0.2512233587781603
29770086_AI.txt,7.956446695830912,248.3871442494324,0.011507040781785438,0.5861779669969515
29772450_AI.txt,7.327149556223262,160.58012777045286,0.038148337845479094,0.7810328151808448
29775391_AI.txt,7.4630342235314995,176.4400450321695,0.011840974133169216,0.7358362813856913
29784524_AI.txt,7.5711868087198395,190.17539728995678,0.011613228132241811,0.9948434145243386
29792535_AI.txt,7.504985411035397,181.64595272605158,0.010497775029319496,0.6101784004064449
29797594_AI.txt,7.385061196451347,167.1571430933875,0.01332117917848746,0.450745603316219
29805310_AI.txt,7.433958918197346,172.91975873310957,0.010671716477074687,0.24283684361581287
29815762_AI.txt,7.5473894668349635,187.06417307793924,0.015314038724126613,0.7775869006749057
29821051_AI.txt,7.4879620321080615,179.5151796585361,0.02212699135676607,0.4443421328089085
29825044_AI.txt,7.407855167006882,169.81912889968004,0.015260577106207998,0.8072535395703538
29839396_AI.txt,7.727503644897586,211.9387598326433,0.009077088050330672,0.3149133010990943
29865476_AI.txt,7.65572782254983,201.65254766529227,0.025335366668279725,0.33579157364827245
29878348_AI.txt,7.268737511982656,154.2083966548162,0.013284879287624547,0.4592225636687113
29894080_AI.txt,7.289083011129214,156.3985157585934,0.01223713002588136,3.032348984979203
29897742_AI.txt,7.454744814099913,175.4291661386562,0.010260262668742257,0.5583012935385822
29908929_AI.txt,7.805707788923806,223.74440386150195,0.012628295963422714,0.5612826775337852
29915354_AI.txt,7.65981151209463,202.22415355364217,0.012636325013592983,2.5927378735520965
29926588_AI.txt,7.446575410540761,174.43858837945362,0.016601119356246873,0.7124204594547816
29928796_AI.txt,7.218052040753386,148.88473577678434,0.008483495549162131,0.41689997006705365
29930479_AI.txt,7.187030507676305,145.7175170767663,0.04103768247487406,0.7015377554313449
29968330_AI.txt,7.400734652346787,168.98304058956117,0.015146118523370458,2.045481161970678
29975124_AI.txt,7.398624532793988,168.73606269889004,0.027256629148830636,0.9336821408518563
29990140_AI.txt,7.813356393596852,224.93375911633586,0.01630474539836272,0.6313643342785034
29992154_AI.txt,7.423999125162294,171.73010064926072,0.007683695717349341,0.5037950549591742
29998869_AI.txt,7.406298881926342,169.63603789797938,0.04038553589044271,0.5448690458615839
29999135_AI.txt,7.314199120849147,159.14512132237974,0.01509473969592673,1.067861285644387
30083884_AI.txt,7.271136144099643,154.4649975737625,0.015375879146695645,0.32652218464428007
30083943_AI.txt,7.539460497442273,186.03889909096242,0.021324777734667063,0.3700004245501796
30097175_AI.txt,7.919033033379328,242.02848354942063,0.021668144155780267,0.3854987449680354
30127072_AI.txt,7.384152814779222,167.05192703062843,0.025659675706428128,0.3909357632256661
30128072_AI.txt,7.220571091090154,149.14492643001736,0.021601388985138744,0.9716348427003366
30148777_AI.txt,7.4723396604910395,177.58176803993263,0.012692298286339668,1.3317540576094138
30163002_AI.txt,7.475569793657329,177.97981154134106,0.021117416617296977,0.5318791215800818
30223363_AI.txt,7.674949502398733,204.35723381505304,0.015438981826842847,0.7766242433995639
30288581_AI.txt,7.383881150808757,167.0204735938535,0.019769810978715607,2.1265764420420803
30304575_AI.txt,7.680059330542013,205.08232245859057,0.024478225500047256,1.5230584018499536
30311202_AI.txt,7.51935240606838,183.46390036829985,0.01121427866946535,0.1946364820774239
30311725_AI.txt,7.727250959261924,211.90164236216668,0.008666105820713938,0.3391239650137767
30337969_AI.txt,7.856384877142601,231.7434699654649,0.018840498299215566,1.037713823203388
30344127_AI.txt,7.666447469370949,203.1564655287138,0.014377441795388798,0.3420921677512951
30361788_AI.txt,7.40187834999429,169.11705514319158,0.014031951439542598,0.44089426653172764
30397268_AI.txt,7.7127690566507034,209.78519492910803,0.015839163332682805,0.9181789688675253
30430249_AI.txt,7.51453085595228,182.85177940221436,0.009950824889957466,0.5073242713490124
30437583_AI.txt,7.880219269395598,235.6038443161583,0.01720198780025755,1.1903649817437214
30504149_AI.txt,7.473481501744734,177.72237325914645,0.012982226654952416,0.5602773102791484
30529547_AI.txt,7.293764782639665,156.9068778646168,0.00820398489930755,0.40568409402923095
30542184_AI.txt,7.614660784645274,195.99333504840303,0.009272094410196996,1.154867273067256
30563572_AI.txt,7.424095113404043,171.7415269163075,0.03571689630904957,1.5890385693006766
30594821_AI.txt,7.0687680550090946,134.24904870421727,0.005183991769453733,0.19143836395506372
30608780_AI.txt,7.59717641352285,193.63237967592826,0.023192792596180737,0.6218507985543589
30642458_AI.txt,7.881631560190916,235.83459582549708,0.007815336891547373,1.1536093519158483
30646367_AI.txt,6.937108692940399,122.53997848835195,0.022747559261341477,1.4645223981302824
30709029_AI.txt,7.611947104664495,195.62502208121532,0.018199568122645355,0.4580841417136976
30713796_AI.txt,7.274372165505242,154.81185746971994,0.0054581130942730986,0.27631446710386637
30741799_AI.txt,7.601228332093787,194.17697532853072,0.014345681460774244,0.6809736855433772
30757456_AI.txt,7.613350305464169,195.81538436585737,0.0261850335909354,0.6258984473207588
30813919_AI.txt,7.5432338001497845,186.52611216249426,0.03168966416327782,0.5320620584327538
30826569_AI.txt,8.068442486062878,268.43751303156324,0.024957517376955188,0.591322393488648
30862904_AI.txt,7.678144401869239,204.8102916474955,0.012177100252401209,0.9565821089539432
30863060_AI.txt,7.563269838132462,189.13464410922128,0.012842247570747627,0.3153524964139052
30864828_AI.txt,7.4492353714140265,174.76050522137223,0.016488108142892335,0.7533182617815954
30938994_AI.txt,7.608269372274525,195.12696794254072,0.010176011818453545,0.44269187086866857
30965258_AI.txt,7.7926792342635816,221.73293013096225,0.01324543240209691,0.8995992520784489
30968749_AI.txt,7.652459917188121,201.19629347167802,0.012947012656765363,1.0600453511325503
30990885_AI.txt,7.423633146410648,171.68654217363047,0.031209712781207793,1.5053118171166084
30999638_AI.txt,7.467224380480641,176.95324160278298,0.010685012458442538,0.4225627666974001
31016926_AI.txt,7.6911636255618925,206.6669132020441,0.027234698544665065,0.2496251939766731
31025785_AI.txt,7.786824520266017,220.83492169277073,0.014282853363428384,1.8626619645470828
31040875_AI.txt,7.433119474624211,172.81917326354275,0.012207561000755845,0.5790615190271511
31042953_AI.txt,7.622439095694804,197.05288966677298,0.057980262454905306,0.7571452500912419
31064969_AI.txt,7.324461975124079,160.28126323702656,0.025668275718192524,0.22950733893855835
31111279_AI.txt,7.547982980148243,187.14114562900704,0.027843190550880147,1.1405178644039105
31114531_AI.txt,7.5362488416747215,185.62520920840714,0.008016554434954531,1.0142282219510748
31162167_AI.txt,7.7586037584746474,216.55711434909415,0.019214337913658782,0.43411423379780417
31169070_AI.txt,7.504264835296317,181.55524957606988,0.010609464449425855,0.2595113389154689
31199035_AI.txt,7.087013973095773,135.95769267129052,0.009150077902951415,0.5430621146961568
31201660_AI.txt,7.921680322184484,242.47300403640023,0.01735988868294426,1.0127598775912707
31211074_AI.txt,7.702016425087994,208.22744537850977,0.018445256597322195,0.4966929886389115
31217840_AI.txt,7.7977391104682665,222.5119658281316,0.016104053589818753,1.532552618255185
31220062_AI.txt,7.502170907906328,181.2919314472156,0.01633316580747657,0.27812969672637267
31225895_AI.txt,7.714427620008842,210.0265086553156,0.008763891875010444,0.5209488237312684
31242382_AI.txt,7.617680325311922,196.40397595724093,0.04044814544591894,0.3735579179257257
31243710_AI.txt,7.466127010742268,176.81869528907492,0.03487408472724909,1.778225464718614
31273310_AI.txt,7.816663762714085,225.450009839375,0.02889902246612482,0.42659705634268674
31273413_AI.txt,7.796329215988661,222.29461902898257,0.039114281318274796,0.8224543335643019
31292364_AI.txt,7.922372668119327,242.58939418247712,0.02540498322602382,1.1583702494764068
31362807_AI.txt,7.436192179097343,173.18764208655435,0.010192827142855595,0.8636472913814265
31392754_AI.txt,7.614313544891766,195.94616743095207,0.019029364182526494,0.4093603899885733
31395710_AI.txt,7.328057908953071,160.6812644087088,0.020918250448686986,1.289181949328935
31395742_AI.txt,7.469381477033548,177.21801740014584,0.023125236755904246,1.09191920108378
31454430_AI.txt,7.188560302216278,145.8721139149631,0.011530009070845528,0.5105987335489203
31536294_AI.txt,7.780446826828845,219.86083576909704,0.014501031203374867,0.597200591120463
31547476_AI.txt,7.443524761720126,174.07011921185008,0.012596015405796983,0.8578321929598611
31552617_AI.txt,7.595510051809104,193.40885682177026,0.019005791204222473,2.0501435442538685
31556198_AI.txt,7.3619732533943285,164.50336138499713,0.016114876916958596,1.7702809831827402
31602598_AI.txt,7.656925517974085,201.82002492575103,0.017896991363415733,0.7330150460795878
31605080_AI.txt,6.759263534485235,108.32808665263842,0.0345350747986502,1.8703152049685208
31638814_AI.txt,7.121550515934236,139.25164072664063,0.0077795322824713055,0.3862568845625994
31677347_AI.txt,7.553586135389799,187.86937976379795,0.014241713521244748,3.2499155332147796
31684925_AI.txt,7.629265847617958,197.9875424940875,0.030906607324175665,0.8117591078436855
31694970_AI.txt,7.8705009457920685,234.02209644932432,0.022820216112604676,1.061574431735308
31710562_AI.txt,7.563853863243797,189.2112242174883,0.040633266218484655,0.33867452123870606
31761591_AI.txt,7.69954897088987,207.8716164965606,0.014486532927318876,0.4295719079336895
31813535_AI.txt,7.819718009396001,225.927802661888,0.019098823581959842,1.7480289821979165
31850269_AI.txt,7.713435966224438,209.88219401295916,0.047861083468788056,0.7760572874548233
31909493_AI.txt,7.805238506919464,223.67163578229713,0.012052507121901106,0.2689310998607722
31926950_AI.txt,7.678353495083476,204.83997744002235,0.009360944312102782,0.42543244089083027
31929166_AI.txt,7.478545979798136,178.34735130459754,0.013064856386862174,0.38443594365081246
31948488_AI.txt,7.573041116975195,190.41998850593492,0.028528049130343902,0.5184760458705274
32025286_AI.txt,7.565297235215346,189.40061894799288,0.018092455674271805,0.44197321612060453
32042584_AI.txt,7.617791024239546,196.419046740083,0.009478355700233023,1.1943837151377326
32067700_AI.txt,7.522208142449414,183.8274168443377,0.032889809179333124,0.34773057856315487
32069695_AI.txt,7.706462132143522,208.87009401659418,0.012267866779246983,0.39444767151509463
32081266_AI.txt,7.6747596337321005,204.33034075638784,0.02174982129448016,0.38462858961436286
32109048_AI.txt,7.548471723012709,187.2045543130169,0.01716578416090435,0.4166046880620501
32140087_AI.txt,7.7156355692513605,210.20243467909157,0.058845247983933396,1.1984943242671693
32219038_AI.txt,7.611342794562776,195.54309664463298,0.00837767606174686,1.956710705629944
32265203_AI.txt,7.341904294391653,162.23084038216504,0.013871807953763705,0.41284104954357254
32308556_AI.txt,7.074787155332437,134.8103222067223,0.030810978573231985,0.5710247203819112
32318506_AI.txt,7.1644281032482935,143.45238095460502,0.01698291094451095,0.4631091739814565
32385553_AI.txt,7.454469623003096,175.39570657912182,0.025573471504587057,0.8131221346555887
32433431_AI.txt,7.596284133636729,193.51265869888485,0.012811155286184669,0.3926975005510789
32441790_AI.txt,7.6250794705232305,197.41385984960223,0.0073802537533624165,0.6047624069270121
32517106_AI.txt,7.676445432628696,204.5692416907284,0.01658721301298031,1.2071088257324312
32518109_AI.txt,7.243881611700512,151.5743275393752,0.013606826833461648,0.2662229007721785
32531824_AI.txt,7.353476577193947,163.5373748870878,0.0056030336623365245,0.2927608595431021
32532982_AI.txt,7.5719348517916805,190.27402955231761,0.034968996097759386,0.30910226757874865
32563518_AI.txt,7.845620543608335,230.02080458396426,0.013417240661608916,0.5050661937921904
32605413_AI.txt,7.817675617675578,225.60818791709661,0.00983743383497025,0.6873568684192776
32636041_AI.txt,7.840258226356432,229.16743290692426,0.01480660001183176,1.8132908294774002
32637306_AI.txt,7.636036222912661,198.91885516279532,0.009805281616847027,0.5497768863757481
32651555_AI.txt,7.686039163078218,205.93413312736115,0.021619033432462558,1.9016228337017276
32720816_AI.txt,7.505498908342354,181.71061733393222,0.026597672285060502,0.9199732039034517
32773331_AI.txt,7.519763443525959,183.51617841503517,0.013106878029917467,1.0656720602209098
32794700_AI.txt,7.603702664203432,194.51028940972893,0.010436822885446652,0.4092870770629008
32799518_AI.txt,7.7345857783442815,212.98171672606458,0.018443094613162358,0.35683271385106713
32802563_AI.txt,7.421943700735068,171.48560898121568,0.010156953263836017,1.386558872907553
32896934_AI.txt,7.425273514242201,171.881863597797,0.012968715553108367,0.3062391007585893
32947778_AI.txt,7.6743780963008446,204.2763103734105,0.013698257656705516,1.2927309287657807
32954522_AI.txt,7.3921023276154205,167.9749543092985,0.009384126016528258,0.32054894117287325
32959732_AI.txt,8.002808351693924,256.49881521061496,0.010640603033619451,0.5182686998739859
32965335_AI.txt,7.608287169659711,195.12937508412685,0.010938060268694764,1.418764060519962
32977530_AI.txt,7.664898291298886,202.9384314912496,0.016564961422172834,0.31845424490492813
32980197_AI.txt,7.723636865436895,211.3714721231319,0.025800682509889223,0.27000745321527125
32985311_AI.txt,7.49100850499336,179.89465414048817,0.010284390920954699,1.964240720553508
33023370_AI.txt,7.538361001903951,185.89717058363246,0.020061886155395423,0.3153523259052484
33072201_AI.txt,7.648521222535024,200.64775757624804,0.03137358733578665,0.6146093681414135
33135102_AI.txt,7.444191482070782,174.15058175491785,0.03928267925153423,0.8790398927420002
33141415_AI.txt,7.640477489761052,199.53216076101032,0.00847050671564507,0.8718256665239598
33176873_AI.txt,7.6353401870093975,198.82290884886095,0.014121326638249936,0.39373396617138656
33236701_AI.txt,7.554201101640781,187.94947843476615,0.009832289399034985,0.4443465636813397
33241454_AI.txt,7.56204378981867,188.9739797277524,0.01515629692972004,1.439588882360278
33286293_AI.txt,7.782963394173579,220.24468504759957,0.018965690713217468,1.5197025596399065
33344933_AI.txt,7.977538279487904,252.04513187957198,0.016289510555919973,1.8146204681246116
33370664_AI.txt,7.64117196282063,199.6282330863349,0.019152755489001777,0.47129751113574264
33381211_AI.txt,7.698144448237404,207.66934344902353,0.038970952312647966,1.3391728720963307
33424600_AI.txt,7.304194097496382,158.0452753682652,0.04131455115883239,0.7209416169990568
33527446_AI.txt,7.52757105635882,184.5120280760544,0.014138618125955007,0.5556823689589079
33542483_AI.txt,7.693797963675868,207.04462843243323,0.017276134361120934,0.8115204368280106
33578873_AI.txt,7.240446057310978,151.21380622995008,0.009403143873788796,0.3063171941363388
33627938_AI.txt,7.452129169590918,175.11139654050527,0.012386435115237088,1.404592248633399
33665485_AI.txt,7.664423994308685,202.8717249009512,0.009709219189897367,0.7493991748024732
33685075_AI.txt,7.886783238305331,236.67823615130618,0.01229713755533592,1.485288924172189
33685988_AI.txt,7.538657284605165,185.93535174479442,0.006619178903465726,0.328171274253174
33704389_AI.txt,7.390858355872422,167.8301794054643,0.024270844324045738,1.132323099696758
33750209_AI.txt,7.631901490600542,198.34957425421584,0.01425227424577263,0.335107571570647
33803142_AI.txt,7.497588675267317,180.71703243931137,0.017903831248518617,0.43851984596204496
33872500_AI.txt,7.850907505703334,230.86529511841607,0.015663225642346512,0.3935934931327471
33893326_AI.txt,7.765425491310271,217.58352181256535,0.00873925042799951,2.4708651259920464
33919379_AI.txt,7.046886377953097,132.2282273412284,0.015030549363934406,0.4000535112156762
33964275_AI.txt,7.896084522205646,238.20906775787495,0.014729605533292865,0.5678732686216457
34033933_AI.txt,7.645833419299281,200.27429012994975,0.015644856540914628,1.65062375560033
34046031_AI.txt,7.749439506069771,215.18586532433193,0.012763172824518599,0.4556545094400219
34051710_AI.txt,7.489457592623627,179.70136940202877,0.06917062345700353,0.5004813049829744
34131484_AI.txt,7.292214977367417,156.73841222784708,0.00999477898094387,0.44089422630031955
34141299_AI.txt,7.589274706723662,192.5747452660763,0.00721366032391347,0.9987448051998932
34146825_AI.txt,7.548949617726868,187.26657635067588,0.00853986069868062,0.44809047531058316
34151183_AI.txt,7.886291580595519,236.5975920439401,0.018233339140042083,0.45471664645858234
34185495_AI.txt,7.747971617333684,214.96703302716668,0.015385353197871944,2.6101360411796652
34198885_AI.txt,7.542333373189601,186.40973223870589,0.017109353864892797,0.4514358136576989
34250007_AI.txt,7.683843199326471,205.62091385200858,0.010856365334893007,0.2128037126788365
34252537_AI.txt,7.340170152843642,162.0359535778152,0.015060324804155045,0.44989863458118945
34303500_AI.txt,7.927151655535852,243.39431408477597,0.008872216488348229,1.1495997958436677
34304175_AI.txt,7.714807216102628,210.0817772529256,0.01853640053578044,0.4018733759971192
34317538_AI.txt,8.051520608235066,265.3073084987736,0.040855174808082435,2.825185093365448
34319869_AI.txt,7.644639948710309,200.10868157780794,0.015446093200132556,0.28240877873682874
34327438_AI.txt,7.834816152938919,228.30460556047632,0.02446288086754739,2.0778452636930065
34349255_AI.txt,7.039278651124677,131.53278685062406,0.010284443047592615,0.2532816784395667
34419403_AI.txt,7.328149048310619,160.6914154450455,0.011096703302474387,0.4045642920597325
34452806_AI.txt,7.713707204110402,209.92165720703755,0.009918715617513053,0.6964871433690721
34465087_AI.txt,7.707121483999828,208.9655752900388,0.01536038462420227,0.8889980250961291
34511655_AI.txt,7.591039869050205,192.81050799697977,0.019435743463797006,0.33105368721765077
34544955_AI.txt,7.52712729848116,184.45528283714899,0.020687756773835705,1.2721712473185456
34554248_AI.txt,7.62663080571905,197.62625386072006,0.012077763683707892,0.3601160797131081
34583750_AI.txt,7.287695036411867,156.24812167583414,0.016074991914602058,0.35499061895527023
34594746_AI.txt,7.6830162776513165,205.50309015013713,0.013086028987765425,0.34702147786985527
34657584_AI.txt,7.449492767531219,174.7916876176529,0.012521090206932197,0.6670731155520558
34689720_AI.txt,7.5752155667707335,190.70720852655123,0.02396130679778624,1.0043969666096317
34712719_AI.txt,7.807748688050556,224.06114640867375,0.050561210374411004,0.5697238864847401
34740556_AI.txt,7.555359476501067,188.10044823278847,0.020297650165363963,0.2765070712511332
34745915_AI.txt,7.563507861586921,189.16585111691904,0.012317188293655579,0.4011478854413975
34758680_AI.txt,7.495203268295659,180.4184749007294,0.022284703199553314,0.4088258925186721
34783330_AI.txt,7.716528175190436,210.33252869871689,0.021387569179773375,0.3053421415151121
34792238_AI.txt,7.658227308606035,202.0022158806955,0.008502496599345101,0.41666518128319047
34797369_AI.txt,7.740239771649657,213.81804034687565,0.015070706801849038,0.5597840474575829
34816637_AI.txt,7.3805244225875635,166.63231767609685,0.011537697762130292,0.3452232104814303
34875813_AI.txt,7.891340035323848,237.4269735312255,0.010049650496647456,0.18378732946603046
34953092_AI.txt,7.427608541956481,172.16028271909119,0.013360387315422604,1.7282110458873543
34962725_AI.txt,7.3430906106493,162.3642963292719,0.02240447902382339,0.6445318021447628
34970271_AI.txt,7.564694686857474,189.32153140696678,0.013629947155988125,0.3779634189555544
35121930_AI.txt,7.629166169720443,197.97386371952518,0.011004223891695622,0.6208472774538181
35157762_AI.txt,7.305792993011913,158.22052928911887,0.038245098251949404,0.8169209748187121
35164503_AI.txt,7.844928601799361,229.91050902945517,0.012792327470848344,1.0608030894766138
35172961_AI.txt,7.888945045870085,237.03315269405235,0.034356574716487315,2.993947748790844
35302620_AI.txt,7.46446079126747,176.61459901236478,0.009127708163428177,0.3761051681104297
35325329_AI.txt,7.655576517641724,201.63140014662795,0.01646484158753855,0.42500987441905275
35344611_AI.txt,7.436768640247883,173.25685691927285,0.018095856507001958,0.9763497105458696
35389360_AI.txt,7.52087203440241,183.65724949405384,0.017281691173518063,0.46496392118783886
35421497_AI.txt,7.62180548057516,196.96636529873672,0.012860971366984601,0.4473445750968565
35422305_AI.txt,7.871836686649857,234.23886965576284,0.012992547125234058,1.210509261783803
35468363_AI.txt,6.904641029707952,119.81303217412695,0.011280362852076203,0.1688141131380598
35474904_AI.txt,7.656183674970855,201.7162744569527,0.008656358048264466,1.4774796727295678
35483925_AI.txt,7.609876675842047,195.3444796369759,0.01853527125163821,1.3183534723920987
35492909_AI.txt,7.226315424383447,149.7399558934444,0.018494908762779105,0.6015670332545187
35554162_AI.txt,7.619609485314806,196.66678141818338,0.011072303952181138,0.3121244764171696
35564026_AI.txt,7.740406541863589,213.84275835060765,0.016508832689200992,0.5272105037779542
35571205_AI.txt,7.629615838811138,198.03557918939617,0.01036124581779391,0.31950879585060843
35579812_AI.txt,7.433595806154508,172.87624202028488,0.009590992713857653,0.29183827394463585
35603950_AI.txt,7.575915538968634,190.79975901635618,0.012062740099220518,0.6468598766295026
35651876_AI.txt,7.495031239342221,180.39696283466375,0.014401224439409041,0.2824200720829263
35673335_AI.txt,7.621743053097239,196.95784246678605,0.015182274846863571,2.323767177296039
35737840_AI.txt,7.590178038203332,192.69536209600972,0.00916650902846312,0.39855486979871696
35971546_AI.txt,7.887255036603284,236.75564866494486,0.017331019460245307,0.3596717145625444
35985133_AI.txt,7.4958129237912425,180.4947324294403,0.015457068948856659,0.4576953853300585
35990852_AI.txt,7.56042124981672,188.76156790327892,0.009435845620552635,2.263282184305797
36019469_AI.txt,7.945728676098692,246.5486727415837,0.0139794326357939,0.5556076817580301
36024962_AI.txt,6.938155148237119,122.62889480383357,0.024034380524198637,0.4705259039033176
36074301_AI.txt,7.479776397097675,178.49952155769952,0.029877030808218935,0.8778810077089402
36094883_AI.txt,7.662843548550576,202.64960436182236,0.015439842272655413,2.212439780499475
36102323_AI.txt,7.729639331344445,212.2527346625793,0.016110356142587344,0.6732038998773142
36107065_AI.txt,7.659497053922397,202.18008040853965,0.016844279339897163,1.3369990633921418
36136569_AI.txt,7.691842290675353,206.7641552489952,0.017270342089562223,0.7862654445213411
36139251_AI.txt,7.558660850460514,188.5313785151057,0.012084596786706429,0.29954712353236207
36149549_AI.txt,7.745996578026127,214.67294602674266,0.01202037975356039,0.6818457490040145
36170003_AI.txt,7.420379554663567,171.29978787414066,0.006317425709519716,0.34055990580669954
36206485_AI.txt,7.567708361159832,189.71742225933158,0.010447256358486428,0.3234135778434351
36252245_AI.txt,7.599389718848113,193.92966806730212,0.007720761198024148,1.1900164709581171
36269672_AI.txt,7.03517230645818,131.15893721462226,0.010898830408222109,0.2809157254143199
36302399_AI.txt,7.887841387855321,236.85189227946972,0.04152509574006969,0.5321862825214756
36331163_AI.txt,7.319819763387001,159.76634932264187,0.011130631889084313,0.331518116122967
36366044_AI.txt,8.134953214737687,281.1026442835955,0.008751119762192214,0.3590876412081237
36379931_AI.txt,7.9279445716478865,243.5281222092886,0.013920369138098602,0.44395614259246696
36392131_AI.txt,7.651864518415084,201.11327709797823,0.020355510077677483,0.3958028194095662
36425270_AI.txt,7.631131651541855,198.2437608203794,0.027732473773990064,0.4621810423736873
36434348_AI.txt,7.384210831834883,167.05864505179903,0.018286000093321004,0.5251143504271447
36517781_AI.txt,7.69268671266906,206.88521153709672,0.01015938341034592,0.2663729928710398
36569713_AI.txt,6.974363608746366,125.74555640330246,0.08308121319376346,3.0004343520393695
36574147_AI.txt,7.569894844962214,190.00516745473266,0.010916397062411907,0.34064831116722427
36621169_AI.txt,7.288137133096491,156.29600938569095,0.010274210917814526,0.5870886332573483
36625776_AI.txt,7.48902263090469,179.64719895526886,0.02140939287199999,0.30857696985689476
36671891_AI.txt,7.909642021498921,240.4581510846026,0.01199735749547927,0.5910992123029224
36694627_AI.txt,7.53811583270555,185.86558221142093,0.025636349648552607,0.4088442116647242
36727173_AI.txt,7.600488584978648,194.07743590189693,0.020422779775548256,0.6068527602117667
36758947_AI.txt,7.615145357987822,196.0591764732336,0.01203414094468944,1.0051588101146711
36805025_AI.txt,7.573127886713873,190.43144150816727,0.00920289824720984,1.603741471085024
36856210_AI.txt,7.707447565422759,209.01281153286448,0.007155559055415199,0.5154560608607449
36861863_AI.txt,7.029112864717973,130.60921378599866,0.0160970029291513,0.310055976924815
36868767_AI.txt,7.6719866672557355,203.93797993652652,0.03826091275947735,0.47996564760377525
36904300_AI.txt,7.720833700050224,210.9611747798076,0.014478256661521261,0.43318595036969587
36905896_AI.txt,7.638478062084468,199.25582114041094,0.021071181571149306,0.3610617420880231
36970996_AI.txt,7.379177498180278,166.47681953480821,0.027788541379437773,1.0748963077903766
37001381_AI.txt,7.393842019227592,168.1776311557232,0.022336702749121633,0.8122451567796745
37058472_AI.txt,7.45326216019479,175.2489706543508,0.0180945449415439,0.3974997809296383
37087371_AI.txt,7.529081274295413,184.7052770059786,0.03229875588475866,0.2957981237553906
37087824_AI.txt,7.462687790425466,176.39768172407108,0.017696029183869637,1.1300354637581647
37201447_AI.txt,7.62791438615027,197.80216218816327,0.013919824677785787,0.297990300927612
37220856_AI.txt,7.67536677930192,204.41634948708403,0.025277097515530433,1.0802859456403517
37231163_AI.txt,7.424302633388272,171.76623231926365,0.011096501612942334,0.22809395347456793
37242217_AI.txt,7.846392425296272,230.14390499472984,0.015818208073840805,0.4483944584049045
37263609_AI.txt,7.232832260152638,150.41788017439094,0.0183447356925368,0.572135741792133
37292350_AI.txt,7.857629108644363,231.94341998377004,0.02149342562775176,0.4303918542331001
37333719_AI.txt,6.92095655777966,121.17569591867476,0.012130794446774971,0.524211116211918
37335325_AI.txt,7.9857624069972015,253.48602594429082,0.01847865931074919,0.44421429727538736
37348041_AI.txt,7.559522551652211,188.64401925721174,0.023105915237572966,0.42984029227867104
37360517_AI.txt,7.476351705226618,178.076299148756,0.013226591253005607,0.36486534696169864
37370455_AI.txt,7.578501844313892,191.1421106591405,0.020182879924425415,0.5408689715675812
37374340_AI.txt,7.491121209913217,179.90870825724656,0.009565820237840233,0.3553729718563705
37375999_AI.txt,7.514584303977411,182.85855370118892,0.012357076596230098,0.2607981824729135
37391947_AI.txt,7.289603101954785,156.45490750765174,0.013414251433181461,0.32028301932139164
37402097_AI.txt,7.225352658714845,149.64006201974058,0.013652805119429805,0.7506441720048255
37472265_AI.txt,7.449304008838888,174.76881979655911,0.017754207658049945,0.4370818674429455
37473139_AI.txt,7.504992553228316,181.6468519830753,0.011523048426526902,0.6163060700270119
37521676_AI.txt,7.789933610251515,221.3113467043666,0.011293189729797351,1.4088307600782908
37540732_AI.txt,7.3562690256242975,163.85422073321723,0.013769107860329893,1.4760956889828203
37560528_AI.txt,7.613557394498376,195.84349434630823,0.015410251249305002,0.3070870041769856
37640804_AI.txt,7.944250638312861,246.296213531527,0.028177792473095382,1.3174068143544049
37660306_AI.txt,7.5340926550900695,185.34798940015145,0.004361777994169443,1.1252653588866435
37664296_AI.txt,7.715073753252042,210.12059333620766,0.02346077393855894,2.146038475957324
37695494_AI.txt,7.176898110830994,144.69769307367847,0.0368375458705922,2.3614137538595146
37735467_AI.txt,7.795116639463198,222.1078602313113,0.00959515635071892,0.5994491999928974
37739183_AI.txt,7.743471139408979,214.29748960787816,0.01796929998252316,1.4324309597908182
37750854_AI.txt,7.720090532593371,210.85253151024864,0.01979067020613994,0.283885406875792
37751611_AI.txt,7.779333836191488,219.69128594811176,0.024397776558061295,0.349386750478878
37764298_AI.txt,7.588632863411517,192.48908938041242,0.015168074697649508,1.065804165667364
37792474_AI.txt,7.494330878471467,180.30940981163675,0.020578122831961143,0.42706544101013577
37818861_AI.txt,7.243148340587138,151.49730721838978,0.013046805692492506,0.24043925929585594
37913536_AI.txt,7.323699391452213,160.19656371792726,0.014142835122301925,0.4531032233364185
37931076_AI.txt,7.271035363298504,154.45420765486242,0.018886938900096333,0.43369630402633924
37997506_AI.txt,7.586224359058986,192.16800694465798,0.016633391044244307,1.3467131940622552
38007664_AI.txt,7.462586861412269,176.38534161011964,0.016479269981566413,1.2978105218604552
38047274_AI.txt,7.492070529403362,180.0271304063604,0.02463227501843017,0.49131471081460437
38056161_AI.txt,7.445994467798357,174.36835979456202,0.028012577252807796,1.1616440448408292
38059130_AI.txt,7.528968466052275,184.69083496340863,0.022119582350280696,0.39303419513215787
38087844_AI.txt,7.661209267053274,202.42017334789583,0.012696065949454004,0.4370945653702104
38108845_AI.txt,7.482536411436195,178.84133516332318,0.021373300686501197,0.29715317912564587
38115035_AI.txt,7.513900024663153,182.77184330656112,0.011941647956690954,0.4192272415428405
38154903_AI.txt,7.225792752658121,149.68571666521672,0.028819407818209745,0.7029687190471166
38165833_AI.txt,6.9407098902601865,122.84623993245673,0.016616534730024096,1.3631774880877663
38216888_AI.txt,7.049444455109154,132.4628923640296,0.016715686967148518,1.9368372083984002
38220146_AI.txt,7.830716552473138,227.6567700315023,0.012013392738514938,0.5517475703450432
38225199_AI.txt,7.689810502783334,206.47316844019872,0.01630632460113826,0.6359424242100563
38291889_AI.txt,7.580909670913915,191.46138903879876,0.018090491482995075,0.45323787359658374
38309905_AI.txt,7.655481084756248,201.6180628651107,0.010243610529280524,0.4013324775359283
38314236_AI.txt,7.3673851731319075,165.1216146441061,0.01992640641192065,0.5906507276918276
38355831_AI.txt,7.033149049540672,130.97512689554287,0.07859666051675465,0.7662789822740983
38399177_AI.txt,7.192968150012402,146.3184766639676,0.009255499925163,0.34240085180389296
38441665_AI.txt,7.50131501526263,181.18441017057253,0.02142836350066979,0.5393928753046755
38457612_AI.txt,7.549820162518875,187.37961003668195,0.015611231569347992,1.8202981583278077
38535335_AI.txt,7.218868182437559,148.96898463868675,0.011856234640737592,0.407849348406584
38565119_AI.txt,7.4543334975823035,175.37915790644925,0.014911155983313296,0.37843410587887044
38642923_AI.txt,7.448828141532694,174.71118249240376,0.019643333967499666,0.5511707664214724
38650096_AI.txt,7.2048767939454095,147.53125269369616,0.009637174718711995,0.5492695310840231
38663892_AI.txt,7.720417117422113,210.9002678860143,0.015179891411634455,0.5232744481625109
38688388_AI.txt,7.5444889934548724,186.68846678284928,0.011212663946925296,0.25049434987502306
38698573_AI.txt,7.708103895966214,209.1079201298066,0.008485830191079093,0.3843728949429509
38707449_AI.txt,7.548455336184051,187.20242796514256,0.011544756734399498,1.8834548413957064
38744475_AI.txt,7.518246561273896,183.32332674933116,0.012831456105147862,1.6262382846949843
38750659_AI.txt,7.435516900279937,173.10659752976798,0.039638806995975356,0.4469703665804992
38753827_AI.txt,7.768245248762795,218.00920617939306,0.009721350204167428,2.5025388234411357
38847011_AI.txt,7.676715115243391,204.6074853410389,0.011166949891645383,1.6796312424162292
38860712_AI.txt,7.619175964147692,196.6076931136283,0.022399260794026734,0.1655922213748124
38896303_AI.txt,7.513132370194572,182.67461672938998,0.03304980088644437,0.35165047681924133
38897568_AI.txt,7.70585695310996,208.78249595189857,0.01728352326278526,0.9723683660493788
38907798_AI.txt,7.4605571570775,176.13736240379316,0.018295123637767245,0.4568922467240498
38946032_AI.txt,7.673422525459021,204.14105250603967,0.017683341573007695,0.3949521800933621
38989376_AI.txt,7.656691337689333,201.787267874583,0.013641528655673373,0.3239429604396242
39027764_AI.txt,7.612950702341954,195.7611541917878,0.019612184537915633,0.3638711142379758
39064638_AI.txt,7.558603562507772,188.52389227445218,0.013092163364772461,0.9535507421167574
39081840_AI.txt,7.774941262923349,219.0234091969925,0.01642479247577462,0.8385072977164895
39082090_AI.txt,7.64418054251122,200.044969891932,0.007643253249162825,0.36528756048808575
39115899_AI.txt,7.634782764707099,198.7461033476763,0.04527638226606161,0.8842676998501265
39142536_AI.txt,7.7053486132643405,208.70894349428806,0.01291960923829367,0.5012776483989922
39166680_AI.txt,7.882758328162758,236.01885837492765,0.01549123772656461,1.3361341965693365
39237915_AI.txt,7.793485180100593,221.8568334174651,0.01973216191719887,0.4364859929862618
39247950_AI.txt,7.646079565880322,200.30846300504606,0.0148388773840853,2.227143491179965
39252859_AI.txt,7.524845891797703,184.16382487240432,0.016550761294670698,0.4266892901702149
39295103_AI.txt,7.5082549748202805,182.05808176126297,0.024768977750659525,0.27349397530512554
39308779_AI.txt,7.481970260690732,178.77116697935546,0.0251120917750168,2.0830981183105273
39413067_AI.txt,7.564050328572288,189.23699264082788,0.013334017348112917,0.7594846303469608
39434376_AI.txt,7.027943510880573,130.50339342761768,0.017589628711484794,1.1700446711506165
39441617_AI.txt,7.466416421834483,176.8541694699768,0.017450522748648827,1.4288703091157635
39470264_AI.txt,7.753673960681581,215.81838521747406,0.048989679011296944,0.6594415056993105
39566718_AI.txt,7.671667634270184,203.892886727368,0.013727010129203302,0.3923157279797338
39569771_AI.txt,7.848758722583395,230.5216949933953,0.015583521349973666,1.3267244474931108
39581020_AI.txt,7.0424483328302685,131.82208943155385,0.017258141343079028,0.9697634987527093
39608848_AI.txt,7.781916899795273,220.08498307004322,0.025889186203387128,0.3985340749202118
39650734_AI.txt,7.597382637816964,193.66006020009644,0.010086700882031861,0.492451616323129
39674178_AI.txt,7.400773262065959,168.98756301104416,0.04287928783153237,2.188354285448656
39674782_AI.txt,7.52879431679843,184.66854208167965,0.044777368258359145,1.847047226015799
39675895_AI.txt,7.52096393065959,183.66894839845938,0.021310678517685828,0.30687207443547343
39718499_AI.txt,7.1266631176466735,139.74599409042355,0.019092632237129387,1.1258306249912098
39776400_AI.txt,7.334364853026095,161.38524278116196,0.013751775925929306,0.8063043799184487
39805617_AI.txt,7.895227965595525,238.0676802943969,0.028175535333279284,1.7493331072874703
39835894_AI.txt,7.490527852539682,179.83472989988314,0.013208156137074665,0.5571556507233004
39855211_AI.txt,7.856280031836985,231.72662903138865,0.016621567803001686,0.2801379092916749
39875803_AI.txt,7.646686285823309,200.39271968724313,0.020821354452136218,0.45875387063042605
39908485_AI.txt,7.84129532152665,229.3322313408914,0.03642761426305907,1.207159885254617
39970711_AI.txt,7.596151403836164,193.49485610416986,0.02163163324541347,0.41604447524990024
40018190_AI.txt,7.643873120036166,200.0023470463683,0.00919486494856791,1.8759571739784968
40088790_AI.txt,7.462035199557994,176.31790777251794,0.03183859630613527,0.6836610127595082
40311088_AI.txt,7.304115744219055,158.03669210660985,0.015385418032464578,2.2137424112479223
40792022_AI.txt,7.4646404405813795,176.63659303480483,0.012532808817270966,0.4954193346729646
40882926_AI.txt,7.4327619766156054,172.77635419620148,0.011729993212922233,1.2453366561838737
40883703_AI.txt,7.12614310456184,139.69563233811337,0.021116526849980184,0.5196698811703713
40987524_AI.txt,7.5251811397618935,184.20662513142503,0.01912839061988538,0.3353558376428665
41152404_AI.txt,7.647869468414629,200.55713310996478,0.12462547142248534,3.7069409504426933
41344156_AI.txt,7.7682274455899405,218.00651591462903,0.02168595386331844,1.0989394627154725
41506705_AI.txt,7.686107408466414,205.94387488627228,0.020887245277272395,0.5300191160967377
41523474_AI.txt,7.494039162694906,180.27295457989933,0.010276936143687472,2.7022613470396126
41586420_AI.txt,7.792582405004233,221.71804859723736,0.023979426922984885,0.8870416707603729
41590605_AI.txt,7.840609883215806,229.22329926810113,0.021588479825350726,2.3587666543542705
41651672_AI.txt,7.389420352614157,167.66297836838135,0.015615595632430377,0.6086499258796361
41910253_AI.txt,7.245676977249577,151.76307201800358,0.0237272508688414,0.4166986398930767
41950126_AI.txt,7.750580443357281,215.3561096772941,0.008161846769392828,0.3117018717956371
42156237_AI.txt,7.405708430645643,169.56662522295653,0.012969570176557204,0.47960594744568946
42164460_AI.txt,7.540581782189848,186.1835475853859,0.018115004583562848,0.7794688888053203
42304307_AI.txt,7.428086546461978,172.21733360164862,0.021218048223062027,0.3651329391950832
42332765_AI.txt,7.599732660169002,193.97577233733685,0.014412631531237747,0.9128995519219906
42384185_AI.txt,7.443293097264416,174.04216970017993,0.010476339707567091,0.24656833449587745
42427521_AI.txt,7.64225498745285,199.77814936035028,0.00857647233210438,1.535145770326236
42487883_AI.txt,7.622000459724001,196.99298695365547,0.019246307803145988,0.41767101820583874
42546558_AI.txt,7.829386336159722,227.44695910654966,0.027239600728923858,0.5234115232747715
42641525_AI.txt,7.559369961767682,188.62406795351313,0.007596585576445127,0.33738579158603754
43311839_AI.txt,7.873220164098796,234.46360157454654,0.020824867577183794,0.9085169146042936
43375498_AI.txt,7.6677515000876735,203.3401786694559,0.01651095272855489,0.3014371819776398
43378989_AI.txt,7.345721477374352,162.66065039438874,0.07309096992836508,1.918323954423969
43408471_AI.txt,7.768319043809388,218.0203578161119,0.01868030941367465,0.5062044283021809
43622023_AI.txt,7.820753515355237,226.090022368111,0.010815987516620724,0.5269954795978216
43685045_AI.txt,7.684290912294008,205.6847342941669,0.012920981006917524,0.3999859922588596
43720116_AI.txt,7.58799291007174,192.40372364817725,0.014831567821929126,0.6402646936931428
43752620_AI.txt,7.764749568425307,217.48160475394158,0.012940786361912942,1.62052707979712
43852883_AI.txt,7.783701671048074,220.35742070177827,0.02013106316107165,0.70605716511124
43994605_AI.txt,7.598214366308702,193.77173940057722,0.022369762141449933,0.5019281051038259
44115326_AI.txt,7.629019065032046,197.95367830403686,0.01882818610535686,1.331773216570659
44145704_AI.txt,7.398287036872401,168.6965941550358,0.014278963383675696,1.0663104569428055
44147689_AI.txt,7.206336849071939,147.68063478094098,0.021509107805688876,1.0165346662658454
44185767_AI.txt,7.69593606152999,207.3516994738424,0.025443442285723157,0.41608237906190876
44476983_AI.txt,7.606743284233157,194.92067105890655,0.01459576865168657,0.24188649476181542
44624796_AI.txt,7.4880013922363124,179.52007732344796,0.010333708783171632,0.36628825113432434
45077654_AI.txt,7.467638335230045,177.00402235871022,0.020976505245111146,0.49738035419042165
45167858_AI.txt,7.3615567954579175,164.4558816049103,0.013401823302270738,0.3574815228629611
45286020_AI.txt,7.466048227413953,176.80903975926617,0.05193955914891169,1.0364070571490265
45462344_AI.txt,7.3605527710903385,164.3414705440579,0.012407535876070994,0.5871886877834842
45475027_AI.txt,7.8699039012831875,233.9252688478596,0.019590064892228923,1.2574472487755708
45656814_AI.txt,7.334139716567573,161.3600601430097,0.010506732512514544,0.3917248896622685
45900271_AI.txt,7.529474034979712,184.7555681934345,0.011419592187548646,0.8941696133345797
45907524_AI.txt,7.695445976629153,207.28127386347143,0.012002643876981663,0.6775703532620745
45987048_AI.txt,7.682051426643309,205.36569896928137,0.01238797439312673,0.24806167884360095
46055835_AI.txt,7.791269468107923,221.51636398706708,0.01158636454226961,0.593799378855361
46258701_AI.txt,7.7631520383807295,217.2409155588558,0.009442062420900357,0.5646421106634084
46260230_AI.txt,7.886409252220746,236.6168906190536,0.0072296728369316094,1.2599713375876052
46349752_AI.txt,7.8041949510594675,223.50990413323478,0.009708561304930105,0.3644733811653776
46514339_AI.txt,7.573134809389471,190.4323552828865,0.011053610294814043,0.2745168861681542
46772262_AI.txt,7.658164869639499,201.9934735364671,0.04479749658978669,0.3815680804457154
47067533_AI.txt,7.48362929291431,178.97686375819256,0.04194822477178306,0.2464779991999325
47133747_AI.txt,7.810230001788567,224.44684426337744,0.019250330458516964,0.7034222913550143
47276718_AI.txt,7.6387219744380355,199.28951160413553,0.0456796938334737,1.6832806364348643
47317494_AI.txt,6.864435418519851,116.52013101418628,0.0072074444975400885,0.2235003059443822
47410104_AI.txt,7.525001772956003,184.18372458820826,0.018139928010441217,0.5446210739335575
47470864_AI.txt,7.559253406090997,188.60882958560785,0.011416108392638165,0.7853443883045315
47487091_AI.txt,7.675223824269127,204.3960951038919,0.008798824932964489,0.4054226698728174
47549345_AI.txt,7.688827107990913,206.33247657727256,0.029318627629642185,2.524699474565911
47603843_AI.txt,7.210183310043794,148.0749008659235,0.028669492792019594,1.8217364046746136
47729453_AI.txt,7.295360679000032,157.08054288621807,0.023442300480003942,0.293320907053006
47919212_AI.txt,7.829663843796044,227.4907135640924,0.03452870537892554,0.18999048435926444
47996197_AI.txt,7.494792030561077,180.36705425448397,0.008958455898850559,1.9650392067720168
48037995_AI.txt,7.666119869032569,203.11033896063137,0.032704077850503964,0.5852245655645312
48285304_AI.txt,7.494425534416165,180.3212403904848,0.006229320903661475,0.8281780481908818
48533663_AI.txt,7.904461135960918,239.596186555712,0.015120025192894106,0.5054044378367489
48547319_AI.txt,7.515499206349496,182.97455242436956,0.012422167431792561,0.5751173345623131
48549972_AI.txt,7.151071050503571,142.13037023342343,0.0219535582720968,0.48676947815300425
48580330_AI.txt,7.606499567464249,194.88774558093723,0.053049775198434006,0.9134616971052405
49119887_AI.txt,7.60490202550152,194.67205964087213,0.011291682218830519,0.4053355142643385
49127329_AI.txt,7.517658794390826,183.24865439596059,0.011736333869878867,0.8401273886267971
49204385_AI.txt,7.594138110410953,193.2250206791818,0.021363036739205945,0.3316798401196347
49285644_AI.txt,7.610532203633836,195.43325989094694,0.012056865928509363,0.4583832261149893
49325370_AI.txt,7.723381092789989,211.33400180037486,0.01608943602379415,0.2905998877120168
49475708_AI.txt,7.446772909215115,174.46246989787224,0.010938112239152213,1.3271028126954534
49486820_AI.txt,7.670344011953317,203.70590791071695,0.008822446677140832,0.23582506955417978
49646155_AI.txt,7.721982764629739,211.1292661420254,0.012644816637943918,0.8406281160708677
49685006_AI.txt,7.693511141402564,207.00346997098293,0.02029171853716619,1.3395036285298294
49777184_AI.txt,7.956892244222975,248.46386564949339,0.012834115684091537,1.031968071828263
49937469_AI.txt,7.874437181920322,234.66147206176026,0.017848008507025656,0.3269224987831438
49997097_AI.txt,7.630007303781459,198.0893220170027,0.022754269738930438,0.44017532204924803
50219114_AI.txt,7.71472785909556,210.0702217944938,0.015847409471087807,0.31768357493584215
50222417_AI.txt,7.490648319687548,179.84974699005446,0.016120161914403002,0.3257382262409936
50324968_AI.txt,7.551776664709796,187.63389615163965,0.010217675576040808,0.5138760844556142
50328713_AI.txt,8.060402445677632,266.94568998122054,0.022138554950946115,3.4846528749358074
50432401_AI.txt,7.70856335700569,209.17452619710173,0.01192209227514123,0.33383648005188726
50775901_AI.txt,7.630190173853503,198.11443259373561,0.011933860703361164,1.995216069544566
51018476_AI.txt,7.218080942117819,148.88771839957437,0.02039785217806236,1.153891402380923
51209395_AI.txt,6.880214970647223,117.80157114830047,0.009509265284877891,0.3483949540836848
51349448_AI.txt,7.341530096630711,162.18876735678535,0.010848144404278285,0.8934935606139482
51363762_AI.txt,7.850338357292241,230.7742358873536,0.01358122988772403,0.5469974028149236
51415089_AI.txt,7.605006985061809,194.68622302016118,0.007595866314789537,0.45994038132924575
51432451_AI.txt,7.668361257035362,203.42613882647348,0.0214705381956307,0.3801139405482205
51508889_AI.txt,7.456477000211835,175.63992340576542,0.019252301944388973,1.1408865785569813
51554903_AI.txt,7.6197885792295565,196.6911968414495,0.019494262012446462,0.4140424699985245
51588273_AI.txt,7.224984068768586,149.6018358003005,0.017841747847403406,0.5956937293621328
51638201_AI.txt,7.589839532510785,192.6501544649242,0.01198170052034162,0.3331638396098422
51639418_AI.txt,7.525914305412041,184.30026120052813,0.024169589244803953,1.3222567126113376
51681660_AI.txt,7.674263019380933,204.26001687379548,0.010000282703467835,0.889128142269265
51724595_AI.txt,7.778848410977961,219.61737861002524,0.01076399473339542,1.0206545469139647
51769822_AI.txt,7.599720648185054,193.97415728765722,0.014578638070470001,0.566949806468194
51777546_AI.txt,7.681197705444301,205.24420885436902,0.011369585373443632,1.4411831366642271
52246737_AI.txt,7.637168574522986,199.0750451398862,0.02847669357501749,0.22577375884780673
52252936_AI.txt,7.580882073876016,191.45772664548355,0.044341581538517444,0.6564920788483167
52618188_AI.txt,7.578432823713103,191.13296636504862,0.02188580539216832,0.516982532171262
52684666_AI.txt,7.55779869728519,188.41874600168168,0.020119539358066076,0.4944662382056641
52979663_AI.txt,7.643291483376211,199.9217303897318,0.02893832160587815,0.4655523377985183
53129155_AI.txt,7.587902386765618,192.39165146780059,0.01390632391577452,0.6041672903761949
53169257_AI.txt,7.821775546424773,226.2502453449591,0.010695436164626195,0.5980957267267966
53227466_AI.txt,7.729548568051673,212.23938177054782,0.010162936012212378,2.3579580347706837
53265899_AI.txt,7.555661951040202,188.13988938947227,0.015824549634219438,0.9857969679101461
53640713_AI.txt,7.465118598231248,176.69514604415437,0.017448341547096128,1.6802462018513569
53701275_AI.txt,7.680908498053214,205.2030690491228,0.041194762777978934,0.38104224289616634
54067174_AI.txt,7.567156911179668,189.6449192884177,0.013449231811983826,0.42724699249795023
54100393_AI.txt,7.2895312951793585,156.44712052391097,0.029776154967735866,0.25950857864320315
54101961_AI.txt,7.382091818877785,166.81345145534536,0.012647588435685204,1.931094274554737
54180474_AI.txt,7.652349267380366,201.18086299131866,0.05296406538083677,0.4061220193996516
54201930_AI.txt,7.674983305827659,204.36202211470277,0.019411055561108524,0.6791462112549344
54227873_AI.txt,8.053462964637326,265.6647425987928,0.010542640327986007,0.35126037859941894
54232810_AI.txt,7.658628464937169,202.05839250346634,0.023194603131441147,0.5164394450427047
54246169_AI.txt,7.517110377975286,183.1790087198318,0.015984624732841464,1.4826881461482593
54259150_AI.txt,7.622978497217023,197.12657849103897,0.018581537693368115,0.6901893265898342
54308684_AI.txt,7.73488257171076,213.0255361482902,0.012557895442768778,0.3272058136415343
54421668_AI.txt,7.588324741168452,192.44798309308317,0.012070153283855526,0.478893064435194
54934269_AI.txt,7.420488768323174,171.31275595424776,0.00868840661965459,1.8368972248095539
55097118_AI.txt,7.487870144281471,179.50374637989015,0.0258785486421828,1.3729190140177783
55104715_AI.txt,7.27101920495484,154.45247776037968,0.015334398989354814,0.9575228399221852
55477468_AI.txt,7.643762700726,199.98704008580918,0.017458213811231995,0.6951379133550469
55500538_AI.txt,7.611574805862519,195.5745460188456,0.015865986785802616,0.5196524451044384
55595908_AI.txt,7.413037566871172,170.43024433280974,0.06676913119169439,0.5018736986694864
55712978_AI.txt,8.037596342088943,262.75899493798744,0.014511585095129828,1.9380833410293217
55746506_AI.txt,7.560310709786294,188.7471054496642,0.0244592588832226,1.3506800145459854
55953734_AI.txt,7.659915876352316,202.2387829357754,0.012663680153712668,0.47388564858741433
56025640_AI.txt,7.588462115227249,192.46630894749035,0.02498418332245225,0.5467922061177094
56068028_AI.txt,8.028271855020055,261.0661963627276,0.02834284004930097,2.726453539479619
56151548_AI.txt,7.558434972662107,188.50186311650853,0.009056542388873243,1.437304716594375
56286525_AI.txt,7.727412312067351,211.925343030395,0.027341208802633247,3.3050163332864777
56520872_AI.txt,7.471661952356242,177.49836833116592,0.008715241014442331,0.43260645863283
56525735_AI.txt,7.426453975532833,172.02256063574654,0.012711866933092293,0.3902150956356001
56691064_AI.txt,7.940343846670253,245.63015016485573,0.023177162522423692,0.41341852376370986
56792999_AI.txt,7.693492272673614,207.0007626304059,0.015921039546786808,0.33965220679793856
56952849_AI.txt,7.427505291638675,172.14796205024822,0.016641727229571995,0.7785320452401455
57002858_AI.txt,7.439971341205602,173.641904523842,0.034532562603856946,1.0168523550233368
57088974_AI.txt,7.4785691247068335,178.35021252346678,0.019410305564669314,0.34937542858274
57262959_AI.txt,7.48871688070815,179.60913037882767,0.008458820637477556,0.4127037534089995
57364820_AI.txt,7.923763251213571,242.82333367131326,0.012963550705045714,0.6714496788494934
57575888_AI.txt,7.808310901594265,224.14847932092297,0.0418766308680404,0.7801758763271607
57601040_AI.txt,7.8519455495553965,231.03146643645115,0.017071262332773746,0.7323503480585304
57667857_AI.txt,7.492567319846121,180.0891332244251,0.007838493383502187,0.31706352249844305
57706851_AI.txt,7.856418515880025,231.74887349732614,0.013790137276260725,0.8670509925271068
58048626_AI.txt,7.6758833997822205,204.4895628691899,0.02648256053613026,0.8765376781767688
58105060_AI.txt,7.339464558846698,161.9567243306251,0.01179481601285264,0.3659462895197984
58165257_AI.txt,7.812023388336674,224.72602331783241,0.014849232645063055,1.1879853645016278
58208591_AI.txt,7.763927060847475,217.3576497384552,0.009064160853707804,0.43514781071031583
58428843_AI.txt,7.619771628822829,196.68888590524614,0.007692004312495163,0.2977433097077554
58665241_AI.txt,7.5545005275241195,187.98849068437175,0.017066665782054475,1.4502823812982601
58708773_AI.txt,7.049919383560492,132.50650570613388,0.03221346288266213,0.5146257338230246
58879993_AI.txt,7.803120876114188,223.34356472007573,0.017376028144457142,0.7185929554786299
58915642_AI.txt,7.622236891442079,197.02527319965807,0.01307686056350406,0.6990157179229929
59011090_AI.txt,7.452945202268353,175.21047294868544,0.010464343805367551,0.7485683636629828
59346975_AI.txt,7.88534049944786,236.4416690337859,0.019158088841985884,1.904449162360643
59403481_AI.txt,7.680861286106046,205.19635392384527,0.012686253531030365,0.3705483780986021
59422148_AI.txt,7.498243557683373,180.79908392522927,0.015138632329891641,0.4307273264806848
59450123_AI.txt,7.574273834134038,190.58276323924875,0.013076009853939094,0.4701232308604136
59487170_AI.txt,7.4785814609995525,178.35173757884755,0.018184050917125733,0.28519548048607124
59696315_AI.txt,7.558368425705082,188.49316832258444,0.009209953194162753,1.687321942988063
59777056_AI.txt,7.858571234707113,232.0949359318036,0.014963184810499458,0.5352006608672811
59818742_AI.txt,7.539902634180628,186.0959223946575,0.01568543906238804,1.8855018618239756
59938965_AI.txt,7.132057980069399,140.26954324565594,0.005006053477745793,0.3931578978448292
59962788_AI.txt,7.758160816156912,216.49063627597099,0.011629078129916509,0.5363651694675978
60004873_AI.txt,7.046243564672471,132.1693242986829,0.03116666223201529,0.3793488279343971
60182829_AI.txt,7.598700646137782,193.83706378842015,0.0294165164384167,1.8278734572526318
60489316_AI.txt,7.696789098949529,207.47433874023523,0.015067269770647526,0.5738720404723583
60624892_AI.txt,7.5897616828061505,192.63975909198962,0.015610613514290578,0.3479342317467601
61065616_AI.txt,7.55570522791444,188.14553315216853,0.028545763062640655,0.4532734051615939
61315605_AI.txt,7.645156319039,200.18031742388797,0.021085761044842756,0.4109057198665874
61319162_AI.txt,7.360412750317582,164.325521155997,0.015135025071164977,0.350020986140621
61322296_AI.txt,7.620978450778537,196.85348602300817,0.014062607304525437,0.19311458716026347
61579998_AI.txt,7.662031839519107,202.53561890850457,0.023956633503707657,0.56485041245024
61634281_AI.txt,7.697182365763767,207.53090224928582,0.013037947945221935,0.47115633806728274
61677751_AI.txt,7.604600531669272,194.63138140236924,0.016237809688519605,2.004879421823236
62071407_AI.txt,7.663538129845781,202.74719290933277,0.022123581784230118,0.5999731994429738
62184086_AI.txt,7.1340147490643755,140.45992396286528,0.019983590882958136,0.36944519242127793
62312955_AI.txt,7.312028210185942,158.90582609942996,0.011234934146539378,1.418657415226091
62555739_AI.txt,7.672573541191093,204.0209567460905,0.012305481660973661,0.40525726992444605
62700506_AI.txt,7.81353107619107,224.9609959129596,0.01923248329441571,0.31156633308139037
62809577_AI.txt,7.363466529938596,164.673720455142,0.00852579549303029,0.4851296067609949
62850928_AI.txt,7.518253400631704,183.32419582890975,0.019058638766262598,0.8080810851373477
62870550_AI.txt,7.773051634916219,218.7367222454626,0.014494738015948489,0.2429904018507931
62994611_AI.txt,7.704009928113108,208.51537106950857,0.02276675176401948,0.5997165471210762
63083944_AI.txt,7.733327094344616,212.7959811663764,0.01650561201175316,0.5459144694778024
63137898_AI.txt,7.197906202940656,146.8201532538237,0.016048256181047653,1.153599648065485
63145386_AI.txt,7.858486034044306,232.08122959892316,0.016525993990508032,0.36902932574268904
63158213_AI.txt,7.898357907422726,238.58473126238297,0.0310666598896714,1.5622761801599314
63282405_AI.txt,7.481693463679379,178.73687104246278,0.006099199755980909,0.4901865476364203
63391085_AI.txt,7.7596092538909325,216.70809780536015,0.017676611470920915,0.3415444756695863
63670997_AI.txt,7.444253564714922,174.1580760353569,0.01773241272778656,0.9138350573546535
63989974_AI.txt,7.461163290782599,176.21138027995383,0.012515755617935331,0.5617094750384942
64017585_AI.txt,7.466348199664857,176.84580658694375,0.01579816659539151,0.4850373482160077
64468610_AI.txt,7.67009878404788,203.67128512048836,0.00756362992562574,2.292823789898517
64471954_AI.txt,7.2126505312064735,148.32834742528507,0.014107760501368288,0.5611050564220842
64589506_AI.txt,7.932808575533426,244.35055573477683,0.03545577474767128,3.743002317403162
64755882_AI.txt,7.831661376639436,227.80591178393394,0.017192649421502358,3.3986494317364984
65062795_AI.txt,7.794551874900862,222.0209298020065,0.021431669447044135,0.440838826180546
65219288_AI.txt,7.406029805765417,169.60440213561,0.01980151704115239,0.3865120569948162
65237556_AI.txt,7.838070679458948,228.82021148097544,0.03996987131819347,1.4317237602926398
65325317_AI.txt,7.7277680285421235,211.9776026058527,0.011607281323617078,1.2469620929246694
65352424_AI.txt,7.442736823982906,173.97507558563325,0.011783491996797556,0.47752903049021156
65373280_AI.txt,7.884742999600743,236.3437657302648,0.012744889184397774,0.29541817388831604
65456466_AI.txt,7.317573819300152,159.5178233921492,0.028131144918233358,0.45205885348878344
65708020_AI.txt,7.613792994192984,195.8754792314455,0.03577781697260682,0.7856675051185642
65864767_AI.txt,7.571783736849609,190.25410036263222,0.012033813093713156,1.2059971808665686
66226673_AI.txt,7.275434632212179,154.9259100039082,0.013590035166551152,0.26014594824254766
66683238_AI.txt,7.831412344192394,227.7665922008013,0.014351740340609738,0.3207497272561079
66741193_AI.txt,7.897940149301305,238.51565479300925,0.01571362082494136,0.8411350023054405
66832845_AI.txt,7.4725686008667935,177.60995061596515,0.011441294779331682,0.3229110884063451
66906212_AI.txt,7.711211391550483,209.55881393879736,0.017548715941363417,0.988858810971304
67032711_AI.txt,7.686847482859208,206.04954717540454,0.01740555884488261,2.25663105923237
67406885_AI.txt,7.776866964291914,219.31595563456264,0.01078877379347653,0.8631017461755692
67501448_AI.txt,7.729922585870268,212.29441183511963,0.011933548032644615,0.4921088741292641
67582956_AI.txt,7.559379923165595,188.62537035341788,0.010669600113173675,0.8196531808689727
67631413_AI.txt,7.644157122742243,200.04172251891086,0.050209779412888934,0.4027855024452108
67645662_AI.txt,7.690851181777867,206.62216029243586,0.011048818056588965,0.34057566551163015
68216398_AI.txt,7.49196793221325,180.01432824065026,0.014384217485499465,0.8332879246709075
68240723_AI.txt,7.682465531923693,205.42465475987504,0.01200460705779851,1.0756884119840646
68338341_AI.txt,7.717793147817024,210.51703170338013,0.0072844953452304495,2.4858193126473513
68460556_AI.txt,7.147964181846813,141.8246193674505,0.008387450581763121,0.427207657377962
68781345_AI.txt,7.480411563269312,178.5781257089928,0.031140221712127866,0.4845120276281964
69005326_AI.txt,7.381377828323555,166.73091581335723,0.01192663491384686,0.47872800875094446
69097572_AI.txt,7.986646644545762,253.64143686544037,0.009934995931587635,0.35018476767815865
69155584_AI.txt,7.575679756403714,190.76857877429995,0.017000687576264353,0.37233176316653555
69181350_AI.txt,7.778824613993793,219.61375609242376,0.01304597559292036,0.21838633211198116
69199666_AI.txt,7.774446456292918,218.94830278199768,0.01358178971680769,0.8336906680228813
69243180_AI.txt,7.633870059307753,198.62040854089298,0.09152015215656949,1.531681108956794
69336473_AI.txt,7.499263416077902,180.92693814747028,0.016822141341914697,0.4381713077984602
69360287_AI.txt,7.592063651525764,192.94738105013676,0.009701327372221508,0.5397033516615153
69458502_AI.txt,7.8633978497569705,232.87272255381785,0.010660716442397522,0.39615698788804826
69487178_AI.txt,7.658682790778568,202.06600131790714,0.02107198445862883,0.5978840108096086
69532425_AI.txt,7.279254146384099,155.33661753223777,0.011722191933929628,0.33050187268435427
69666645_AI.txt,7.504786099038445,181.62085960809333,0.025159482031414986,0.7955514161864188
69764348_AI.txt,7.947201418245354,246.80048480638328,0.061283440486057175,1.5964033084883653
69859102_AI.txt,7.816470396005084,225.41979444123461,0.012754285195563349,0.5055014867756137
70089206_AI.txt,7.744968694547579,214.52005149252244,0.019161616858760038,0.30169157933386626
70196518_AI.txt,7.276823140162107,155.0750887304591,0.0069044222613774565,0.7447739949521811
70198580_AI.txt,7.722529516651835,211.20929499531823,0.04572427504072254,0.39697205448945766
70528646_AI.txt,7.716865612721399,210.3817299422251,0.017406057877233632,0.41011035617237074
70541112_AI.txt,7.956214701090327,248.34720519335198,0.011490034268824476,0.7619119966673746
70603826_AI.txt,7.908368663329325,240.24601043320314,0.027351331423895668,1.5873217774398254
70667011_AI.txt,7.804276159015456,223.52248565101797,0.009780012050195186,0.34087691695679523
70750649_AI.txt,7.7812873085147665,219.98895906479734,0.015572584435051955,1.5301357809421112
70892619_AI.txt,7.314677324512954,159.19788118653628,0.04490192060417357,0.5096806679876646
71422121_AI.txt,7.799719111663467,222.81755807950873,0.013689059409585673,0.3345234087554509
71499299_AI.txt,7.585739731383391,192.1034650341249,0.019154332691232685,0.5779638710955725
71576860_AI.txt,7.402733254079784,169.21729927143434,0.010281362455575833,0.47526084135371044
71767359_AI.txt,7.68450368328812,205.71507124791074,0.018709987202731652,0.22500091245863754
71772815_AI.txt,7.169488360241502,143.95642404172352,0.01190527174649194,0.9950268350693541
71888547_AI.txt,7.675819760663371,204.48054277262864,0.005864914801902392,0.3789188115865404
72136463_AI.txt,7.584144994614665,191.89123362511657,0.008387203299489833,0.4206434115855776
72231872_AI.txt,7.551999733564996,187.6629102628785,0.019789381942233286,0.7249583815069932
72652441_AI.txt,7.609686608323209,195.31874571964303,0.006300283756689872,0.3634476894562179
72807293_AI.txt,7.61213898106284,195.65104166249594,0.01063665698389366,1.6854675730787112
72876163_AI.txt,7.707892809083193,209.07732689365474,0.014515730249797264,0.7681306256680499
73030450_AI.txt,7.611899422335172,195.61855661046997,0.055464275839261445,1.628911681937338
73075521_AI.txt,7.592090376108846,192.95095525392114,0.011387525970094096,0.46794737734931896
73077810_AI.txt,7.525236210498398,184.21365682408805,0.024890875782026294,0.39330783410060394
73157997_AI.txt,7.587718057677044,192.36707169776759,0.012456766072651584,0.27966620757319455
73282756_AI.txt,8.063647105593661,267.54673363985626,0.015914351564566203,0.2867719158780238
73448369_AI.txt,7.533619102896971,185.2871605064742,0.01784789511737885,0.347494516298416
73497035_AI.txt,7.754162393223679,215.89146411882527,0.01775495753168086,0.32852237023018654
74126637_AI.txt,7.76545624314018,217.58815977317158,0.008892733192535593,0.39204024047366015
74191424_AI.txt,7.839711975720105,229.08067918810553,0.011447833619178505,0.32396522277564715
74236636_AI.txt,7.8146872777080665,225.1413559264751,0.03158965803256959,1.6461895291706554
74512244_AI.txt,7.772113940419598,218.59459825308303,0.024447971059283674,0.34279442704387453
74522938_AI.txt,7.530059910924309,184.83061234466533,0.01450843088880838,2.129037952295378
74552449_AI.txt,7.008128054376544,128.72317932157813,0.0146843669943706,0.4658740838870931
74816727_AI.txt,7.563486334442227,189.16302850357988,0.014889460368647526,1.395045606883157
74849878_AI.txt,7.21537006710657,148.60821579029226,0.018645634996631345,0.6023312720146257
75057933_AI.txt,7.577290568217084,190.98169650599917,0.01385409031047386,0.9620718144269618
75156649_AI.txt,7.182801892056718,145.29103663571746,0.009860570778001012,0.38420190784751557
75286906_AI.txt,7.790597174339485,221.4131617349723,0.010251699828816416,0.4770082069214639
75297735_AI.txt,7.740216597674384,213.81460582049027,0.01076428715034325,1.8051401707808008
75329822_AI.txt,7.406255464943406,169.63093288691928,0.012238549250124934,1.323959436015109
75435017_AI.txt,7.4691317239486335,177.18734084383908,0.007850852710618996,0.27922073112911333
75744306_AI.txt,7.617447276705661,196.37225201361193,0.01852373081415034,0.48034308552129884
75950464_AI.txt,7.478913640738926,178.392807696298,0.011821696066786628,0.7397701690493446
76010167_AI.txt,6.832507261430255,113.96975935807991,0.018488682188712212,0.623109178819101
76196367_AI.txt,7.516626973818657,183.1176411693653,0.007997349792746326,0.21700724676213135
76454959_AI.txt,7.370422126441391,165.46957093283103,0.011883543361838552,0.6142749748156758
76530505_AI.txt,7.385984302747784,167.2641325700079,0.015410972758214193,1.158832185124426
76916835_AI.txt,6.944248485855871,123.14792303268209,0.016141055976029283,0.3694720587460936
77156708_AI.txt,7.638295481615239,199.23060588816796,0.020751147100636667,0.4473657458125675
77266989_AI.txt,7.557250892471823,188.34721522118372,0.01612319039163533,1.6226815842273963
77439230_AI.txt,7.809974937611812,224.4071662388715,0.006945784217158782,0.4200598125315068
77576845_AI.txt,7.769272666863294,218.16451715873356,0.01711330890691735,0.7218082541971091
77626587_AI.txt,7.124745232449738,139.56034244742733,0.014052790293108831,0.4291085017885787
77638654_AI.txt,7.657913333087502,201.9582586702773,0.017459533855984706,0.47031441851345496
77828437_AI.txt,7.901609326270079,239.1230388554067,0.011113400863115878,0.36745629562841337
78016758_AI.txt,7.739526011968075,213.7122820639685,0.01443953686151726,0.3567464425392923
78107631_AI.txt,7.294464633237893,156.98301177251352,0.034956175541182445,3.8948231494936265
78114950_AI.txt,7.862075625904746,232.65939346927436,0.006793171145558216,0.6846405414691751
78149576_AI.txt,6.572555132364574,95.1779273239086,0.005226113208711061,0.6359935401733207
78229715_AI.txt,7.416291842105332,170.8151163340464,0.022177600188477673,0.45589911398694416
78257294_AI.txt,7.8421361900910815,229.46593560067757,0.015169616348419946,1.5104469651210124
78273826_AI.txt,7.477709379010992,178.24395988963494,0.01784263822622955,0.2309468995818404
78298706_AI.txt,7.326416765143575,160.4985846845486,0.016295162218988232,0.2779177627246588
78357954_AI.txt,7.427955397446527,172.20167879828838,0.012097024076863166,0.2558198962444607
78403342_AI.txt,7.890804904046532,237.3389223249199,0.01370564481680974,0.39337183013997457
78538268_AI.txt,7.55866315987101,188.53168030909572,0.012524099142987397,0.5886198917581746
79041971_AI.txt,6.86890356990056,116.8815633473425,0.008621259895054011,0.2821675438034074
79261033_AI.txt,7.4639961869477345,176.55773135002835,0.014529979370302148,0.5572155944438512
79376680_AI.txt,7.799733506909658,222.81978136961206,0.009195848483409068,1.0422978364982496
79432080_AI.txt,8.036290878255722,262.521337494776,0.019138546299128242,0.34267799136587035
79536879_AI.txt,7.607714343989119,195.05191385731885,0.018047037783897695,0.5082406510152493
79541391_AI.txt,7.700663721477671,208.03229810184095,0.014604902804868319,0.4090373596140271
79570655_AI.txt,6.812184710439571,112.37557678897672,0.011144001511654657,2.0642056174351904
79663360_AI.txt,7.837401608368871,228.71411733842692,0.013602772127976441,0.29083575825666924
79759716_AI.txt,7.325969087305346,160.44878863581746,0.0060840861409530685,1.0405998255240687
80000092_AI.txt,6.8472533675992056,115.14064329857015,0.013270645710813829,0.25889100413476146
80053367_AI.txt,7.708905200842008,209.22409557429287,0.021832428724825687,0.5810457525659622
80162314_AI.txt,7.56306626683045,189.10795817189126,0.008717721064473102,0.31001986496664385
80275976_AI.txt,7.531927146791179,185.06998780232578,0.020325324996730825,0.785110015637071
80503242_AI.txt,7.7181981206003,210.5761333378601,0.026150643860698666,1.5046360666775924
80527194_AI.txt,7.6350823783529895,198.7873824999762,0.024100843838635665,0.9887669790563145
80679862_AI.txt,7.667407509270856,203.2917007764405,0.011686065641714661,0.561163853240126
80876647_AI.txt,7.493404966784285,180.19372560761835,0.012999417996868191,0.562546957333074
81011612_AI.txt,7.10505861271962,137.66887497153945,0.01967090400048382,0.8672829593770571
81042872_AI.txt,7.642427131364935,199.80198852458662,0.017627209526053338,0.25732721412433535
81125166_AI.txt,7.681507678513327,205.28831173864012,0.01998317941344191,0.3886995178641206
81217013_AI.txt,7.704870920663593,208.63984904859555,0.016902085849600942,0.31091067796759597
81310245_AI.txt,7.6474265786355335,200.49557396599695,0.008704224216185396,0.7193670923413894
81373857_AI.txt,7.488570064144431,179.59085329817265,0.008095424538443674,0.657947108065282
81508860_AI.txt,7.695216909377794,207.2483649111044,0.010202118907759327,0.4843318984695651
81588968_AI.txt,7.70154802685627,208.15985137344634,0.014605098187630002,1.3393708449579456
81677620_AI.txt,7.644266171004655,200.05684354316244,0.012718129834833237,1.1038841723656492
81761658_AI.txt,7.787808289226695,220.9855596469374,0.019500523952375445,0.4881229380917943
82118447_AI.txt,7.467400659410468,176.97486435253526,0.06498434683165377,2.558863786375704
82125182_AI.txt,7.5691660224126265,189.90920463946048,0.026522473201024323,0.9428024766468913
82140102_AI.txt,7.394339251298681,168.2356044083734,0.00944390604385995,0.42241428306936235
82246962_AI.txt,7.763946177486104,217.36052988641075,0.02304389463623269,1.15562623312387
82649935_AI.txt,7.52380708688423,184.03126641667316,0.021272548335473537,0.25359215043927186
82738323_AI.txt,7.086920039719806,135.94884080103955,0.012047050172638511,1.7086646692782739
82929064_AI.txt,7.125584875976365,139.64158972481755,0.012764346540460315,0.24310976479292987
83206166_AI.txt,7.623281914559931,197.16804110856043,0.01031513630742653,0.48808285393241685
83338413_AI.txt,7.751413018810146,215.48042698084657,0.014675238572551963,0.6025001376389723
83566455_AI.txt,7.701471297741034,208.14878077567727,0.021677752495017917,0.3894225453585232
83816738_AI.txt,8.136554536306416,281.4148278160997,0.049418392396020756,1.979074057105471
84295343_AI.txt,7.02098941150168,129.8758527496111,0.01594121665822805,0.8533352841807765
84356308_AI.txt,7.5548050954873505,188.0281812039295,0.040116588003923676,0.886083292319732
84373843_AI.txt,7.719008358710236,210.69442911265875,0.011583659333827793,0.38369530008361186
84512719_AI.txt,7.352837588214381,163.46495802916291,0.01052379325626752,0.5328998576324311
85101052_AI.txt,7.451376437770124,175.02005531043912,0.011286538905097971,1.8807288256588965
85417107_AI.txt,7.511347564923776,182.44876371391524,0.013695829469810962,0.9573856212219308
85421438_AI.txt,7.6305838127782755,198.16849543456678,0.012084785114327565,0.37046586599392983
85766635_AI.txt,7.744923321223353,214.5133048589554,0.01503436753123094,0.5457097001263318
85918100_AI.txt,7.601115068096785,194.16173136052606,0.012446679617716205,1.1776368570498807
85973397_AI.txt,7.522533171655542,183.86883655447943,0.0410001397070766,1.2234876722032655
86184722_AI.txt,7.581907719534499,191.59388681677424,0.02056548958292954,0.5441345170834929
86209934_AI.txt,8.002647207693236,256.47016678819756,0.01681741847910879,0.5516787521305444
86322251_AI.txt,7.568726626057344,189.85137349431446,0.026609544723542076,0.3015824372064965
86549455_AI.txt,7.224829537361402,149.58581235566155,0.02303817382330313,0.7060206896370553
86551046_AI.txt,7.299863509558968,157.57157667682895,0.02246180279535997,1.3589568756378345
86595128_AI.txt,7.697738719396592,207.61094885220254,0.01720413494848359,0.5559487315915368
86597425_AI.txt,7.754700646098953,215.97202576070686,0.015346192057796911,1.1186501185256883
86828820_AI.txt,7.441197551232822,173.7895531604085,0.012031355860343313,0.8883776483512785
87118391_AI.txt,7.588314161876212,192.44657187592952,0.011374481516282153,0.3983777031259172
87520378_AI.txt,7.870126185940237,233.96131389044615,0.01655974743910794,2.904903319428666
87635012_AI.txt,7.736376385341402,213.24622398969575,0.011700663424476855,0.6164878086849765
87826037_AI.txt,7.908199576966099,240.21785483370212,0.011246276956813746,0.39851838754511965
87867370_AI.txt,7.6547373141052315,201.51414696777474,0.03013199722362147,1.75749361812458
87968870_AI.txt,7.5381483185279485,185.86976747864873,0.01460352794514332,0.2828038797927724
88038965_AI.txt,7.236079998386602,150.75687640410175,0.023245314393252895,0.7180218199869149
88651471_AI.txt,7.749912249858975,215.25638920320137,0.045161243429398715,1.5514985699645192
88691367_AI.txt,7.57488641865843,190.66370400485917,0.013211738294090669,0.571295755927735
88859947_AI.txt,7.788943532210587,221.15951951331698,0.015528517748127812,0.6630661372981979
88907739_AI.txt,7.7626841944270515,217.1704790712942,0.006859092912310746,1.5238270165995298
89049979_AI.txt,8.035143854412606,262.3127011900556,0.030746317091854464,0.7068713597303189
89197180_AI.txt,7.587536517694222,192.3428669165851,0.025338517097961314,1.2999112129196715
89413122_AI.txt,7.520560080006957,183.61754152331054,0.01149053156106181,0.42154402058775814
89508407_AI.txt,7.444441296078554,174.18073991059663,0.010212883930629807,1.0379383655091041
89512321_AI.txt,7.432893877417241,172.79215128483398,0.04956945882329112,0.7337173430816964
89740812_AI.txt,7.778607451237621,219.58070105448215,0.02587337564604942,0.5794536389335195
89858892_AI.txt,7.722161717185223,211.15545633745512,0.012649951510035198,0.24794397365444934
90032884_AI.txt,7.630958259925927,198.219936145364,0.01836729062036658,0.8695686515753168
90066849_AI.txt,7.187280060276159,145.74272498936006,0.02338240841777024,0.5703671533256001
90280583_AI.txt,7.695349601551373,207.26742749878935,0.007664628657769798,2.0002583906707736
90318913_AI.txt,7.201163867687642,147.15205378075464,0.01990294319010733,0.46967654320232055
90363254_AI.txt,7.51997518220066,183.54311433906702,0.010199369309864249,0.8488647202131481
90365216_AI.txt,7.690529674720211,206.5761193209235,0.04781262924856191,0.6170004401147645
90468982_AI.txt,7.6729838697693955,204.07899225117043,0.012500174777139248,0.881123695269915
90629382_AI.txt,7.708357210243072,209.14463937447718,0.01634774435916363,0.5055020573529216
90682785_AI.txt,6.911365779751968,120.37281327982082,0.010373118014179264,2.1070715605146924
90685127_AI.txt,7.362235927892244,164.53331558225636,0.017010438434776644,0.25050185000220304
90867631_AI.txt,7.583273695316348,191.77537808048257,0.019605160826108976,1.1082145682915217
91026230_AI.txt,7.577600169708129,191.02268546154315,0.014925301414554826,0.41820516508930966
91051945_AI.txt,7.67765625233518,204.74100386785207,0.013771822545270592,0.23904290333071418
91072502_AI.txt,7.388872971171266,167.5993764344604,0.019247237937956206,0.3850674300979531
91116867_AI.txt,7.269565769135631,154.29695374725125,0.033624847103570416,0.7599382548166299
91121135_AI.txt,7.403946809460812,169.35970009198095,0.023424249914234474,0.45112203744617957
91153752_AI.txt,7.482037293932258,178.7794735783812,0.015357578243706997,0.4796624738725325
91189201_AI.txt,7.533397888299454,185.25875181220025,0.014654799451314397,2.35653856357476
91197243_AI.txt,7.8070053566677595,223.94573131569996,0.008184217507674688,1.2259604865393519
91268638_AI.txt,7.654987972644736,201.5491617342948,0.0057864672931577064,0.2952214152483133
91318828_AI.txt,7.685135501098255,205.80518239890273,0.019169193889211796,1.2058425388781226
91431878_AI.txt,7.54698271952331,187.01144043353742,0.015242884005927982,1.5273454519561604
91467795_AI.txt,7.766935545223551,217.81138345409775,0.015270959246256616,1.045313771356255
91478356_AI.txt,7.413152841195031,170.44386260661807,0.01814113100048159,0.38733803226659397
91515108_AI.txt,7.711814975046295,209.64650586312194,0.01981587062491882,0.6545258143801768
91533580_AI.txt,7.260653383983835,153.34670785177627,0.011112038891808632,2.1948623310883097
91539554_AI.txt,7.515475997713272,182.97160893628111,0.05755507523670903,2.864846318320977
91564103_AI.txt,7.470432685049675,177.34719292382837,0.011541670226011378,0.48505539578857537
91591026_AI.txt,7.714876698133689,210.09189530259462,0.02559153735742508,2.8251226471177207
91635250_AI.txt,7.905163654171205,239.71288597437336,0.016453415446152243,0.24276867447310185
91697974_AI.txt,7.640478587307485,199.53231255739726,0.029965807628656218,0.7141955315139696
91930382_AI.txt,7.489308552821302,179.68280603801185,0.01053999638841752,0.769874946786182
92069209_AI.txt,7.55961131878458,188.6556266332163,0.014940588106288823,0.7469198364257107
92122785_AI.txt,7.69297049612338,206.92591062663976,0.014910910633091013,0.6303076821879777
92200491_AI.txt,7.382582597812474,166.87020804794238,0.008955249706704556,0.7568923737459952
92246939_AI.txt,7.8389526495989506,228.96014007875186,0.03274094023920353,2.2138254638179027
92283635_AI.txt,7.183376722216967,145.34893820755653,0.03452658534106421,0.22357762288480956
92524964_AI.txt,7.447530697007493,174.5541318591919,0.019552059491566607,1.3245593326604075
92985983_AI.txt,7.6378048873767055,199.1628682389583,0.011793585073308384,0.6790373510810138
93002334_AI.txt,7.718333039155493,210.59582700517223,0.010386441896717334,1.9510062392591694
93112113_AI.txt,7.663662181413367,202.76462707784634,0.012485766921152459,0.7338912970277555
93301686_AI.txt,7.853517530534061,231.28333879598645,0.009955341641353104,1.1528430174858366
93349646_AI.txt,7.657019354470721,201.83315223225506,0.028345349227877195,0.5140094161745776
93436805_AI.txt,7.52946314126455,184.7541731190226,0.010555655124529295,0.8923635572083578
93459677_AI.txt,7.839763602870484,229.08887703585063,0.014115934234025742,0.3098082082482329
93512385_AI.txt,7.280662128307382,155.48829054862188,0.006148042626485133,0.3018731595982371
93576192_AI.txt,7.52586628079918,184.29412629250575,0.025143848261394732,3.467800807615541
93653247_AI.txt,7.544052582527469,186.632002621536,0.01333618233658505,0.4931534361450498
93828034_AI.txt,7.631067340488613,198.2349239002142,0.016832990264535264,0.3654354102339138
93988900_AI.txt,7.724576821153397,211.5092313547455,0.020362573513969875,1.7275923873364443
94047639_AI.txt,7.191353153268956,146.15477495078835,0.021854337168759817,0.3737164787623588
94137171_AI.txt,7.414520333125229,170.60549836496986,0.026617426359818362,0.33672681354380923
94230796_AI.txt,7.846818178465264,230.21183269504334,0.018546403030093382,1.3879956171272465
94417768_AI.txt,7.868989061449327,233.77697949331684,0.026053702838498418,0.6880940872181102
94492380_AI.txt,7.681415414344626,205.27518342721802,0.026902208614289415,0.8272364049213212
94503308_AI.txt,7.616007602732621,196.17638871669317,0.012698697457284676,0.4748658539096891
95011061_AI.txt,7.468530749593647,177.11354640424122,0.011322511909280089,0.5116631312773791
95085510_AI.txt,7.7578370150781195,216.44205217919213,0.01363571464871577,1.3567497404634101
95350373_AI.txt,7.44944581254278,174.7859988144899,0.007965873034309031,0.4180773854264194
95382114_AI.txt,7.7977356956805215,222.51143915394667,0.013537736854233932,0.9624676091116362
95429627_AI.txt,7.854969151367134,231.51617017512018,0.01578722544410286,0.9904076593364797
95519832_AI.txt,7.500121081086904,181.03452903364752,0.016594187158598922,0.4867156290145653
95625660_AI.txt,7.825988903306882,226.9119696616402,0.01721176778622223,2.681458141657549
95714702_AI.txt,7.679580155666037,205.01421799037934,0.012806758452364743,1.1302008080344867
95769832_AI.txt,7.415229876128675,170.68942581110915,0.009566538844911624,0.276422845405348
95792386_AI.txt,7.751639142311618,215.51420335491238,0.024270949174153705,0.7265849502553613
95970987_AI.txt,7.4072601268506775,169.7491013733517,0.010827858751682323,0.8986969014636539
96029688_AI.txt,7.615646929228467,196.1273507843266,0.015172778426107411,0.7473737663861297
96260484_AI.txt,7.5385396517415915,185.92019177295154,0.021926021969331102,1.1258119482580944
96457008_AI.txt,6.854728107418152,115.73874596576982,0.025231288021625015,0.3996846482198058
96493528_AI.txt,7.787541041394926,220.94462761325957,0.017927280064267703,0.9793673384678515
96547039_AI.txt,7.499748930876553,180.98783631798275,0.004474955860909334,1.3692765777915847
96761538_AI.txt,7.174870995917315,144.49452270833132,0.009829818758047153,0.631336981944519
97123005_AI.txt,7.803488882900049,223.40054310347324,0.009294137489230234,0.46743873596585117
97169343_AI.txt,7.696751190539709,207.46888719385362,0.01616579343090004,0.5005230736682963
97405769_AI.txt,7.494544028317076,180.33605145178572,0.009214415074993737,0.6564174142211705
97449528_AI.txt,7.910304894558667,240.5686594384351,0.008666698459306729,0.33089817563039353
98086373_AI.txt,7.552746776239609,187.76010925587343,0.02290786376241592,0.6666393636928868
98108571_AI.txt,7.0204121054160415,129.8238922739073,0.03245750330448525,0.6106314977441816
98300955_AI.txt,7.970630087887881,250.84112552936452,0.010488610088272695,0.577171152455524
98309114_AI.txt,7.84733293182302,230.2939868952268,0.03870332297620638,1.3868672275812062
98348532_AI.txt,7.559017366841822,188.57797383052608,0.017376396046702394,0.47932544030524665
98379112_AI.txt,7.720249004888949,210.87569379957986,0.015359464397096359,0.37754656265550185
98389424_AI.txt,7.671130614896998,203.81700509548634,0.027763644406590262,0.559264664353545
98509238_AI.txt,7.627107345669861,197.69154303009856,0.016842693859042315,0.4495254374949519
98513424_AI.txt,7.719094356908746,210.7069888573578,0.011576828193354212,1.5821839886456963
98559931_AI.txt,7.614626147063893,195.98862951230154,0.023197860790315633,0.9025543565391942
98965485_AI.txt,7.508961729442272,182.14729112921717,0.014280170693354537,2.198317342148226
99033098_AI.txt,7.424158253569418,171.74904342215171,0.009431129158996502,0.5865371644030452
99124477_AI.txt,7.899407670307101,238.7583982759198,0.014393934769224551,0.44368320231600983
99244405_AI.txt,7.615666368368751,196.12999345839341,0.028005753456610095,0.4067166728494149
99416532_AI.txt,7.627648423244191,197.76570043602047,0.021588415384831236,1.5650345742547764
99433371_AI.txt,6.718771352760075,105.32990953674953,0.020731420336400005,0.40154588405531993
99561379_AI.txt,7.985758122015491,253.48527306073518,0.020559624648010293,1.7455487994468568
99680385_AI.txt,7.774980934470268,219.02943203388807,0.009280911572134282,0.4249187352376708
99714410_AI.txt,7.63717139832852,199.07543479241042,0.02558035225959611,1.9657923814375242
