group,file,entropy,perplexity,rolling_entropy,sentence_entropy_variance
humanresumes_losing,10176815.txt,7.893368771568648,237.76108124062694,0.041630141745756334,0.7146513051831619
humanresumes_losing,10182582.txt,7.009106454164541,128.81050577869672,0.00665532878205054,0.5987453323339439
humanresumes_losing,10395944.txt,7.269834653668898,154.3257137621251,0.020158348891618334,1.20483280368833
humanresumes_losing,10464113.txt,7.707346802340744,208.9982138257883,0.014829485274381856,0.8068300557589236
humanresumes_losing,10466583.txt,6.607970680383669,97.54328676797688,0.010205815736768832,0.5830826804928281
humanresumes_losing,10553553.txt,7.563561845795512,189.17292964671134,0.022628907948350513,0.8101054231299836
humanresumes_losing,10567764.txt,7.326789765525658,160.54008602155182,0.04005055762848847,1.7815551571033104
humanresumes_losing,10659182.txt,7.82374603796368,226.5594782615155,0.013915838381190456,3.609726752400019
humanresumes_losing,10751444.txt,8.119923865076373,278.189443609111,0.040827854181839214,1.976900226412184
humanresumes_losing,10840430.txt,7.880799339559755,235.6985935428019,0.022032360885392684,1.6011371539554193
humanresumes_losing,10926726.txt,7.829130008727308,227.4065515952907,0.030181264719656126,1.2688349680353659
humanresumes_losing,10945968.txt,7.534257110349235,185.36911873667157,0.02167223827782829,1.5065317216594583
humanresumes_losing,11121498.txt,7.8425367583513195,229.5296562967745,0.020548529155560942,0.9257018634452068
humanresumes_losing,11152490.txt,8.282502076577025,311.3734396349435,0.04766804148627799,0.5882814336984014
humanresumes_losing,11174187.txt,8.107683492607615,275.8391631849235,0.026550259723597983,1.2722937733212687
humanresumes_losing,11188218.txt,8.058666761370677,266.62472482306936,0.029426973892094505,1.3083104898740536
humanresumes_losing,11336022.txt,7.33533687554069,161.49401347968578,0.019395064612258886,0.4937629991342881
humanresumes_losing,11393213.txt,7.29728497876183,157.2902003118763,0.006854891958872092,0.23931793213057864
humanresumes_losing,11441764.txt,7.897326563045868,238.41423432227114,0.023688863555305105,0.637684552102721
humanresumes_losing,11480899.txt,7.859281195454271,232.20917964957198,0.024370101562355945,1.913421182717523
humanresumes_losing,11580408.txt,7.527324665650082,184.48051887543866,0.07047365871861583,3.458027705106629
humanresumes_losing,11698189.txt,7.632759048594126,198.46751104744905,0.03271418188884095,0.6244432898927859
humanresumes_losing,11722421.txt,7.437461981278185,173.34014198953608,0.022532358721122588,1.0116768827912577
humanresumes_losing,11813872.txt,7.889337437874027,237.0976310217422,0.030123840947778487,2.3168040059808694
humanresumes_losing,11919526.txt,7.917300271503021,241.73796755713246,0.09077456440372783,2.1572684670747813
humanresumes_losing,11958994.txt,7.926976893901503,243.36483217022757,0.017026759926274337,0.6506559988327872
humanresumes_losing,11995013.txt,7.673866849171549,204.20393390293134,0.03082327670643405,1.7077921483361476
humanresumes_losing,12021752.txt,7.4602632896285765,176.1014880405008,0.019618170896651625,2.4106901103170957
humanresumes_losing,12022566.txt,7.784223954341613,220.43720875878606,0.031118060055431378,1.7171491140072113
humanresumes_losing,12059198.txt,7.24406949060147,151.59406800540077,0.010097048652843962,1.1400925150934862
humanresumes_losing,12059610.txt,7.757050715282937,216.32411875130313,0.022652106245261747,0.6409950215713545
humanresumes_losing,12065211.txt,7.855769723589598,231.64467747886098,0.02634879741677062,1.1060261196803731
humanresumes_losing,12071138.txt,7.663219752088702,202.70245505921673,0.023492269362215528,0.466773956216442
humanresumes_losing,12082377.txt,7.267636450135561,154.0907500275644,0.011092431822934729,0.4836094643574901
humanresumes_losing,12144825.txt,7.633031229415676,198.50495773205742,0.023281614386095807,4.032403872734001
humanresumes_losing,12155206.txt,7.673329629066354,204.12790810871707,0.05168397187684062,0.781459955278873
humanresumes_losing,12191094.txt,7.707250964363925,208.98433057248428,0.026420181413296412,0.6861607526614882
humanresumes_losing,12587973.txt,7.744321017368443,214.42376741650543,0.013067080344532786,0.5573849617356538
humanresumes_losing,12613221.txt,7.162322162077883,143.24313237449238,0.018256581809263667,1.3146275378138828
humanresumes_losing,12632728.txt,0,1,0,0
humanresumes_losing,12674256.txt,7.975362799800205,251.66535247765398,0.018306720610969104,6.604920251076332
humanresumes_losing,12696104.txt,5.439548526341971,43.39775555961958,0.043250839807321695,1.5001659772024125
humanresumes_losing,12717345.txt,7.515831882717138,183.01675006597458,0.012295888490963587,1.0608839605433034
humanresumes_losing,12780508.txt,7.903165350220225,239.38108500642687,0.015798286977394663,0.5838436444931674
humanresumes_losing,12791244.txt,7.585259684577089,192.0395545669801,0.023408686147388277,0.608162198487847
humanresumes_losing,12802330.txt,7.697508811905383,207.57786666364362,0.021300112228559685,0.5155416112390038
humanresumes_losing,12920612.txt,7.818738688300171,225.77449182470417,0.019610785334232463,1.9770356326442164
humanresumes_losing,12938200.txt,7.794282387185482,221.97946135326947,0.028288767303532,1.2611982682919207
humanresumes_losing,12955994.txt,7.967075044484457,250.2237717207596,0.02448584484893024,0.5215687022620801
humanresumes_losing,13014900.txt,8.499557720511495,361.92770067233107,0.021575038591790902,1.1594498217085842
humanresumes_losing,13037145.txt,7.055317259497149,133.00321041331034,0.02367095189551412,1.0850766517244852
humanresumes_losing,13087952.txt,7.508111770149143,182.04001122447343,0.010554333444580441,0.739469589908209
humanresumes_losing,13342150.txt,7.955451698359061,248.2158957403183,0.01811992249522969,0.48805203225002713
humanresumes_losing,13348915.txt,7.391272519586878,167.87836640736458,0.022286792715193838,0.4490605587180635
humanresumes_losing,13385306.txt,7.442853869037676,173.98919066034554,0.0226708435601238,1.0927998131128638
humanresumes_losing,13386301.txt,7.646100195865594,200.31132735965343,0.016692096630302706,5.013586906875344
humanresumes_losing,13405229.txt,7.797897892010799,222.5364566154925,0.024650435585660026,0.8159498345324935
humanresumes_losing,13518263.txt,6.893439953219141,118.8864062548475,0.021782024869489467,0.3145337633052215
humanresumes_losing,13565152.txt,8.28300313216018,311.4816000510915,0.031126959982754936,0.6354685691559735
humanresumes_losing,13727873.txt,8.327720633018597,321.2874088678987,0.016283666207445344,0.5397850275050077
humanresumes_losing,13809698.txt,7.459735013927027,176.03701626786167,0.022662053445877878,0.7190646858415367
humanresumes_losing,13836471.txt,7.011392876502147,129.01481002219742,0.03282583055934688,1.1033665694601344
humanresumes_losing,13888506.txt,7.556562236955987,188.25733108564978,0.008002982916310401,1.3435981925612137
humanresumes_losing,13909762.txt,8.140868598011199,282.25759629384015,0.045684290184263135,0.657983166459065
humanresumes_losing,13982572.txt,7.848744252495448,230.51938289528889,0.012895294450362882,0.926101756718816
humanresumes_losing,13998435.txt,7.643006177663503,199.8821980072359,0.04863756838096076,0.6905970460129058
humanresumes_losing,14241621.txt,7.657254956056675,201.8661156045699,0.015472271108146437,0.5679562100215054
humanresumes_losing,14256329.txt,7.548447974026744,187.2014726626238,0.029230139241730565,1.1739231530111347
humanresumes_losing,14267489.txt,8.148114175910964,283.6787307014475,0.03975112686825577,1.9701473644130962
humanresumes_losing,14364597.txt,7.390630253627194,167.80364613722276,0.042515656479737686,0.541535141832847
humanresumes_losing,14391434.txt,7.987263333165619,253.74988058973975,0.02732102896430471,1.2434372009497834
humanresumes_losing,14408510.txt,7.733756024097581,212.8592572537492,0.015941434734253267,0.4782820715626983
humanresumes_losing,14445309.txt,7.40962935064176,170.02809589946855,0.03230287679908034,12.082265426081216
humanresumes_losing,14536764.txt,7.816101322579975,225.3621344282581,0.013085986250345589,0.8799127462392199
humanresumes_losing,14589288.txt,7.15215867758997,142.23756067934227,0.020119748612220774,1.0008786282933075
humanresumes_losing,14825300.txt,7.875026762507463,234.75738985329872,0.016071940214679826,1.9662876910076643
humanresumes_losing,14937492.txt,7.863332275243504,232.86213807961525,0.0193451908326516,1.3898458791989434
humanresumes_losing,14945250.txt,7.877768987943583,235.20403302572254,0.027560000127521616,1.1320834603033643
humanresumes_losing,14990354.txt,7.717608880025102,210.4901451956407,0.017778861106719317,1.901883342891499
humanresumes_losing,15119529.txt,7.5495919449306745,187.34997110446366,0.010314018136443847,0.8771405026690252
humanresumes_losing,15139979.txt,8.505070171307336,363.31324996664097,0.11535158253378056,0.5720765943550339
humanresumes_losing,15180322.txt,7.900533558123975,238.9447994791866,0.019787680559038116,0.5159818643380083
humanresumes_losing,15224503.txt,7.707347587135627,208.99832751632482,0.027201655424993417,1.8001093279615175
humanresumes_losing,15297298.txt,7.932644029589451,244.32268802960542,0.009907202329966043,1.5265798924470941
humanresumes_losing,15306049.txt,6.772950067748468,109.36066175220617,0.011536458522790454,0.6552952138013538
humanresumes_losing,15313140.txt,7.80674242896762,223.90492146383318,0.020102858745153197,0.32221318124790665
humanresumes_losing,15353911.txt,6.990894322687713,127.19466260377683,0.00240397256535539,1.197357883479527
humanresumes_losing,15363277.txt,7.802082380809511,223.18285315068402,0.015169544330244776,1.8030921079567614
humanresumes_losing,15425154.txt,7.8358720305990035,228.47175798102262,0.011703943375206175,1.4906455821534264
humanresumes_losing,15433732.txt,7.239687714650978,151.1343426261836,0.03210924083013149,1.1289758142146262
humanresumes_losing,15564893.txt,7.454172211367808,175.35955247452773,0.040405604196679365,1.735572802007927
humanresumes_losing,15603319.txt,7.629042532582374,197.95689833707195,0.03743645200140698,1.4313488573100062
humanresumes_losing,15618327.txt,7.675679687964738,204.46069051679473,0.03716074489293283,0.6149775022612162
humanresumes_losing,15620421.txt,8.01516645956211,258.7054182623303,0.028354247036675034,0.4848275802579142
humanresumes_losing,15636923.txt,8.035944540519624,262.4583233922726,0.012614913413746586,0.530021061028885
humanresumes_losing,15651486.txt,7.776522929996926,219.2636623831514,0.041875677070260874,2.191765799689873
humanresumes_losing,15680735.txt,7.8693756837313,233.83963688004948,0.027063166540476795,1.4529656274958815
humanresumes_losing,15684810.txt,8.42132295872291,342.8236809962417,0.06505692638191442,2.153567164987436
humanresumes_losing,15717923.txt,7.823544931303966,226.52789886107345,0.022141258779908957,3.045361847646047
humanresumes_losing,15721849.txt,7.974919659877997,251.5880625199362,0.04948627001452489,1.355309255896892
humanresumes_losing,15727656.txt,7.633257235733098,198.5360570894749,0.03029725757273854,1.2648332189545068
humanresumes_losing,15765660.txt,7.9713474371310244,250.9658819260331,0.020760649481876035,0.47737114410041315
humanresumes_losing,15790602.txt,7.790005609077496,221.3223916960643,0.013385013110583745,1.0866530760819553
humanresumes_losing,15791766.txt,7.738432174801493,213.55030892817635,0.04093597378063336,0.672072480853359
humanresumes_losing,15792052.txt,7.600608127456156,194.0935179276112,0.025472533302251726,0.8596368269514869
humanresumes_losing,15891494.txt,7.780612793717423,219.88612990039465,0.02544097482835705,1.1269300477669066
humanresumes_losing,15918496.txt,7.688938065614458,206.34834621086068,0.011089654777373488,0.6952298871816868
humanresumes_losing,15936656.txt,6.586880844517119,96.12773558681653,0.06502676712826246,0.9041044066463331
humanresumes_losing,15941675.txt,7.585523561707745,192.0746829065368,0.039844043057836454,1.850591082346398
humanresumes_losing,15958967.txt,7.935706219149425,244.84182542919496,0.022681398110200045,3.003418741652994
humanresumes_losing,16223371.txt,7.108446120504288,137.99250700113348,0.010225229069083012,1.1175546982383897
humanresumes_losing,16276121.txt,7.532471298683634,185.13980517583747,0.011760673300326218,2.6887067613093283
humanresumes_losing,16407619.txt,7.564316871072713,189.27195800737888,0.014053343161689004,2.174020096668441
humanresumes_losing,16449850.txt,7.263796765571388,153.6811879134865,0.011041605650773176,1.153802925956265
humanresumes_losing,16833515.txt,8.305936456435642,316.472527442872,0.012469433804342723,0.3784223590100124
humanresumes_losing,16861758.txt,7.795476759563672,222.16330887870123,0.0574654798185155,2.147152448812528
humanresumes_losing,16887936.txt,8.15654750599813,285.34184193248166,0.016998799560182704,0.6724077701456292
humanresumes_losing,17043822.txt,7.694618744277003,207.16245414036973,0.029378649432011995,0.43741541445113347
humanresumes_losing,17108676.txt,7.374946022306555,165.9892524765813,0.05369194879243429,2.1960564134433125
humanresumes_losing,17131084.txt,7.8122293188661285,224.75810303715673,0.02134334882909765,8.509867685173147
humanresumes_losing,17150707.txt,7.461813749282508,176.29084546788062,0.025522635039822404,1.5622669730489518
humanresumes_losing,17163375.txt,7.34941816524425,163.0779781538764,0.007893915356130017,1.5792462444381399
humanresumes_losing,17276884.txt,7.845299949921621,229.96969535940758,0.021723658119244694,0.8192996549931888
humanresumes_losing,17286050.txt,7.0058128376317335,128.51677183501405,0.019804849593028764,2.7374657253753956
humanresumes_losing,17307206.txt,8.040905016503686,263.3622975234593,0.018138378222030616,1.2041340060921517
humanresumes_losing,17311685.txt,6.994323835066943,127.4973839310167,0.021991332431715842,1.1171689350785903
humanresumes_losing,17312146.txt,7.469164315787591,177.1913437178663,0.03552472061162855,0.5018155703232728
humanresumes_losing,17342969.txt,8.463603199437921,353.0192877886561,0.030655360385582274,0.9265082284272227
humanresumes_losing,17378327.txt,7.0145407867535825,129.29662317847007,0.03447522566931808,0.5212833858809934
humanresumes_losing,17392859.txt,7.8092908360122175,224.30078137919412,0.01967694533063394,1.0013997875682898
humanresumes_losing,17407184.txt,7.4280053636970615,172.20764292860227,0.06590579313989947,1.1800462008442067
humanresumes_losing,17410700.txt,7.257198212509171,152.97989075268964,0.01326310710993902,0.451221102009385
humanresumes_losing,17412079.txt,7.813460353285559,224.94996828421586,0.025154798860764632,0.9209908165284708
humanresumes_losing,17421910.txt,7.5398887950325175,186.09413726570966,0.01861749664704411,0.49043656879844233
humanresumes_losing,17431847.txt,7.748498318074954,215.04552776291766,0.032866818567798134,0.9482614133733859
humanresumes_losing,17432318.txt,7.822687153847767,226.39325310048906,0.013430697131159795,1.6039251332107918
humanresumes_losing,17483843.txt,8.063869717597864,267.5880200574381,0.030816271831895694,1.054335575374063
humanresumes_losing,17488801.txt,7.364213451609001,164.75899850222046,0.01854673455577868,0.5999368243012048
humanresumes_losing,17510973.txt,7.695787746029894,207.33038388781165,0.015668284533821446,1.8144195156090657
humanresumes_losing,17555081.txt,7.869953764262016,233.9333540023595,0.02600382422322447,2.8067309739297954
humanresumes_losing,17556527.txt,7.896449800235822,238.2693878899326,0.022262032613546236,1.0506263965541056
humanresumes_losing,17562754.txt,7.379942315264396,166.56509742259175,0.026831308880396802,2.826283295614957
humanresumes_losing,17571262.txt,7.626041761717393,197.54558067999608,0.00902905850252248,0.3522176214690863
humanresumes_losing,17576030.txt,6.736290430176639,106.61675962384284,0.02800520028911258,0.727684057033378
humanresumes_losing,17624934.txt,7.690166045322813,206.52405864152664,0.019043285546480115,1.4209421156781212
humanresumes_losing,17641670.txt,8.580251148596608,382.7480317545908,0.03959742365117678,0.7194171234969939
humanresumes_losing,17655479.txt,7.80741316878193,224.00904385837964,0.014913605401400576,0.36218984490477474
humanresumes_losing,17688766.txt,7.55361246403788,187.87280834141112,0.03262183236169003,1.307840255919706
humanresumes_losing,17694572.txt,7.233727737334959,150.51127315558693,0.01732285573291619,1.1050976406563064
humanresumes_losing,17714174.txt,7.79379343797657,221.90424220525992,0.02776345255154417,0.3632702922527898
humanresumes_losing,17775916.txt,7.955451982984861,248.21594471023414,0.03365448178185375,1.1211160807580896
humanresumes_losing,17812897.txt,8.049979691362688,265.0240897662317,0.02361858018387941,1.2165351712662753
humanresumes_losing,17823436.txt,8.295410359038272,314.17190427741644,0.020546364434414408,1.7201906833443048
humanresumes_losing,17847636.txt,7.650354279959048,200.90285834867657,0.026944346709174314,0.885996697157695
humanresumes_losing,17855844.txt,7.953853156215913,247.94101864099054,0.02909218718708625,1.922510333842333
humanresumes_losing,17857644.txt,7.7900054444967815,221.32236644790427,0.033298303225993385,1.478027769422039
humanresumes_losing,17876954.txt,7.99080539586073,254.37364529067716,0.010574909449365292,0.22680827487323926
humanresumes_losing,17880988.txt,7.6013457829346125,194.1927840592303,0.014835290001061496,0.47185298694195105
humanresumes_losing,17911230.txt,7.765551599888403,217.6025420123101,0.02378419568513131,0.8891580826836064
humanresumes_losing,17926546.txt,7.881417079449639,235.7995376754682,0.019014140605189744,0.853934014627719
humanresumes_losing,17963031.txt,7.810308338620821,224.45903182322465,0.031042953429378933,0.8562124127937522
humanresumes_losing,17983957.txt,7.601893784123662,194.2665613214281,0.014072959887479876,0.5724279812613937
humanresumes_losing,18001081.txt,7.442383109204954,173.9324262312483,0.019871328243210615,0.23943071014377446
humanresumes_losing,18024825.txt,7.565617784926729,189.44270619255667,0.03975196856559777,3.3107009869723436
humanresumes_losing,18036030.txt,8.151749522528657,284.3944543230464,0.023340873454920787,0.39758913616044644
humanresumes_losing,18067556.txt,8.47647171348531,356.1822255088556,0.02546840545177578,0.4800660142768661
humanresumes_losing,18079050.txt,7.496477660377207,180.57791639722876,0.037223273907941654,4.61749826489763
humanresumes_losing,18084150.txt,7.754999572917895,216.01677986166428,0.021353945132414492,0.8466131800369486
humanresumes_losing,18129173.txt,7.754960195669433,216.0108839307238,0.030611374287690077,1.839750428836883
humanresumes_losing,18132924.txt,8.216764339314517,297.5038110397732,0.034402780228199245,1.381924698922736
humanresumes_losing,18155310.txt,8.241117795654123,302.5684596383476,0.015331912013159353,0.7365025691593406
humanresumes_losing,18171955.txt,7.623207544174259,197.157877432314,0.01719199407883207,0.5567944604818175
humanresumes_losing,18172739.txt,7.223397327400583,149.43738737399215,0.029010050374484526,1.1096189044478166
humanresumes_losing,18176523.txt,7.698140932006913,207.6688373043659,0.015296715666920362,1.1950671368053742
humanresumes_losing,18187364.txt,7.841158697484507,229.31051447626976,0.0224333632208056,0.5367319634645176
humanresumes_losing,18208580.txt,7.77268398530092,218.6809875103701,0.011199322456234173,0.970101484079959
humanresumes_losing,18227306.txt,7.752148165542046,215.59025621992146,0.02745227008196646,0.4847927933838893
humanresumes_losing,18236085.txt,7.502972931851217,181.392743392197,0.034638689930744856,0.5549991520948951
humanresumes_losing,18242317.txt,7.665730879520979,203.05558231494172,0.04056778938805966,1.522889834347657
humanresumes_losing,18268860.txt,7.55853687534005,188.51517814325697,0.023055780034659624,1.1504522714316487
humanresumes_losing,18278509.txt,6.97113018958236,125.4640465964859,0.051526252676001576,1.0363658865880883
humanresumes_losing,18293620.txt,7.69090891383473,206.6304288181097,0.025656968459811316,1.3674818245539362
humanresumes_losing,18297650.txt,8.274464685413996,309.64357171831983,0.020766635374923827,1.0739186328240766
humanresumes_losing,18301617.txt,7.500152099388144,181.03842136277024,0.031999267088288236,1.117354020633989
humanresumes_losing,18311419.txt,7.698170461869344,207.67308802595593,0.007931393439188127,0.34111680882348616
humanresumes_losing,18316239.txt,7.948270365884693,246.9834164365858,0.02699849055590938,0.37418651672330094
humanresumes_losing,18328743.txt,6.7773461169086495,109.69440383376794,0.041076060993226096,1.9872653064771637
humanresumes_losing,18354623.txt,7.894274216124346,237.91034843846165,0.01321648342626069,0.5637241752507195
humanresumes_losing,18365443.txt,7.8528687867257565,231.17935985422727,0.02539991661949772,0.556696674382546
humanresumes_losing,18365791.txt,6.857783771009042,115.98414326423801,0.005469515842658274,0.4130872079364882
humanresumes_losing,18368613.txt,6.899875650693405,119.4179295585923,0.02591516932896951,2.0910442473829765
humanresumes_losing,18422164.txt,7.898888769408618,238.67253836363986,0.020747391886777437,2.162357236667571
humanresumes_losing,18436190.txt,7.731844794454523,212.57745579354477,0.016567703409385817,1.4297631977284955
humanresumes_losing,18442517.txt,8.112117285967106,276.68819577235934,0.023892565265069627,2.627532643151565
humanresumes_losing,18448085.txt,7.33984971585788,161.999967769815,0.0170393403488186,2.1244780775051084
humanresumes_losing,18457785.txt,7.6431627151376444,199.9038871037272,0.05317456649375494,0.5517134362549309
humanresumes_losing,18460045.txt,6.323656932407701,80.0959245718211,0.025328028669465617,1.4467916704875194
humanresumes_losing,18472240.txt,6.15381540829354,71.20049708646373,0.00860976623224317,0.5757969927064119
humanresumes_losing,18480859.txt,7.214960860869229,148.56607051105095,0.028855265956739914,0.473544255134506
humanresumes_losing,18484846.txt,7.852834990103459,231.1739443022413,0.02091017477727459,1.55133844625912
humanresumes_losing,18501746.txt,7.052582097816455,132.751292546178,0.006883093185844273,0.07306875345980636
humanresumes_losing,18509268.txt,7.379418958318832,166.5046846614194,0.01756356171288598,1.8328495252800712
humanresumes_losing,18525641.txt,7.631387985846747,198.27898738589982,0.01511643042049796,1.6414752896528988
humanresumes_losing,18569929.txt,7.469513370207391,177.23421965674328,0.02162151253213373,1.0277114617520087
humanresumes_losing,18589927.txt,7.265005813823726,153.81003416732764,0.0197094246620448,0.6916934167921569
humanresumes_losing,18635654.txt,7.233139246675001,150.44989052573064,0.023389940681126473,1.1933741346801892
humanresumes_losing,18645964.txt,7.536403619846815,185.64512490160016,0.015066039925619988,1.056671768904383
humanresumes_losing,18669563.txt,7.395863002055364,168.41338595318214,0.02782385177980179,0.7073596476631132
humanresumes_losing,18725071.txt,7.402350561396958,169.1724182451579,0.04152667291508507,1.0316720156879027
humanresumes_losing,18731098.txt,8.18935404205837,291.9047834044584,0.0202181053654611,1.634408801120277
humanresumes_losing,18752129.txt,8.145773087227322,283.21877312131267,0.039331150313428785,1.7793375909087359
humanresumes_losing,18757174.txt,7.028415330913209,130.54608033186287,0.013833975053899935,1.9327602889499587
humanresumes_losing,18795567.txt,7.867201800255511,233.4875476916508,0.012417282951990448,2.3369948912308507
humanresumes_losing,18824120.txt,7.495201880726635,180.41830137620792,0.02332293475966719,0.9082511779067814
humanresumes_losing,18827609.txt,7.7120482050399675,209.6804006256193,0.006638386930193353,3.382780745461184
humanresumes_losing,18856440.txt,8.293868066997872,313.8362228561563,0.01913470478764576,0.6932547428831765
humanresumes_losing,18882984.txt,7.495376679273427,180.4401623839739,0.03196150679394778,0.9412968271002663
humanresumes_losing,18885231.txt,6.920474496409846,121.13521309856229,0.015369621781826933,0.7840194769937775
humanresumes_losing,18885767.txt,7.652720752205683,201.2326724579276,0.025256348793962272,2.154855872907941
humanresumes_losing,18900722.txt,7.749695750534865,215.2240889839056,0.03614685485871036,0.9119569954797098
humanresumes_losing,18932512.txt,7.598416567539755,193.7988994232919,0.021105542501823785,0.6863880373907499
humanresumes_losing,18937778.txt,7.834834334011827,228.30748270964227,0.016339482002762987,2.57158340027482
humanresumes_losing,18975686.txt,7.35482219294732,163.6899789502671,0.027811190067104148,0.8671047753334239
humanresumes_losing,18979238.txt,7.683569364243531,205.58188905809482,0.04894426458828305,1.2818239308018904
humanresumes_losing,19007667.txt,6.268230321741496,77.07709653350807,0.034254423579075086,1.430934009912448
humanresumes_losing,19053815.txt,8.025399086128097,260.54686509762945,0.03919568389691222,0.9272752471880374
humanresumes_losing,19063156.txt,7.823076151146967,226.45430428272502,0.015425472465298105,0.6761934451774433
humanresumes_losing,19070271.txt,7.612476571231221,195.69682929928203,0.10571228987361665,1.3350343778314648
humanresumes_losing,19090468.txt,7.537578115587681,185.79631983828787,0.030627598053114474,2.7908549143036994
humanresumes_losing,19124258.txt,7.410688398132852,170.15295522951635,0.02999588397913423,0.6631373535102556
humanresumes_losing,19147603.txt,7.508296800138862,182.0633599021269,0.025932809947064962,0.7425466610090191
humanresumes_losing,19149865.txt,7.821512949499109,226.20906740339134,0.018357212276502943,0.46564980419585456
humanresumes_losing,19156751.txt,7.916219228939147,241.55689592415692,0.013670029442583475,0.5899108995589513
humanresumes_losing,19161572.txt,6.384635486618144,83.55391285600547,0.019421225176864117,0.6781745692979809
humanresumes_losing,19164410.txt,7.447686719834177,174.57301034771592,0.0248967532023605,2.5577330943292163
humanresumes_losing,19176318.txt,8.01392565760981,258.48301215555654,0.024790286509504066,0.7422883640556079
humanresumes_losing,19195747.txt,7.98517804210042,253.38337199769592,0.022158340108029324,0.49674414051430454
humanresumes_losing,19201175.txt,7.239943353251327,151.16112527529296,0.014917028983136562,0.6840883308099537
humanresumes_losing,19234823.txt,7.7577731392732225,216.43246934716817,0.031116219954322913,0.6226057807468975
humanresumes_losing,19243556.txt,7.596406016817748,193.5290079162,0.03718203153208158,0.7653587586923323
humanresumes_losing,19268120.txt,8.021453575538395,259.83528989796633,0.02263582046670066,0.9225095727247484
humanresumes_losing,19285236.txt,7.835759128914798,228.453879055647,0.0066954981005218055,0.6231499608407832
humanresumes_losing,19302310.txt,7.800368824378684,222.91792579354157,0.009727661047874278,0.9411972092293429
humanresumes_losing,19336728.txt,7.006208551070506,128.55202723375032,0.010913020058858228,0.9096215429979218
humanresumes_losing,19362586.txt,7.594479885312274,193.2708011688249,0.018242408933371593,1.642791683191505
humanresumes_losing,19364677.txt,7.479045377327545,178.4090979948378,0.028304521196079707,3.0588052444491516
humanresumes_losing,19374660.txt,7.592618003080112,193.02153479009203,0.024504933453871728,0.3484883948377785
humanresumes_losing,19396040.txt,7.809526154659803,224.33737016610013,0.035685861553402524,0.716864254712708
humanresumes_losing,19402977.txt,7.029317850781819,130.6277727814896,0.014414407323012692,0.7440835379700809
humanresumes_losing,19405513.txt,7.800932514483604,223.0050413494328,0.03057075138053009,1.022090772498809
humanresumes_losing,19437318.txt,6.959424107684112,124.45014557529271,0.012680936021059014,1.4799666789557644
humanresumes_losing,19444529.txt,7.6666821234676075,203.18951157977673,0.01677055157257392,2.3353180649053096
humanresumes_losing,19446337.txt,7.800879080145838,222.99678187276302,0.050628110551820794,4.3867834360153495
humanresumes_losing,19464810.txt,7.900819915389559,238.99223179754551,0.02017559115649177,0.3886695077714587
humanresumes_losing,19471144.txt,7.958206523886757,248.69031669004806,0.025629432739955875,0.7226798182092524
humanresumes_losing,19473948.txt,7.780506091333124,219.8698676231655,0.023447107588500275,0.46018169208343923
humanresumes_losing,19503224.txt,8.058652347904564,266.62206108116254,0.029318906790929113,3.6171546775160524
humanresumes_losing,19506295.txt,7.708239230707787,209.12753681449624,0.029394392293864795,0.7541620374617831
humanresumes_losing,19508520.txt,7.508450261983113,182.08272731120644,0.026750717252172772,0.8034534191780295
humanresumes_losing,19532392.txt,7.617113552216044,196.3268324005889,0.03253765869214314,0.866245950857616
humanresumes_losing,19545827.txt,7.749597531381218,215.2094369557899,0.031321274749844676,1.2118397071724218
humanresumes_losing,19556300.txt,7.13596505835732,140.64993330924253,0.016579412879367126,0.8077603708048684
humanresumes_losing,19557384.txt,7.7516737573553405,215.51937431818365,0.03033655335179358,0.6074630567212993
humanresumes_losing,19558834.txt,7.467162203117941,176.94561542505127,0.022908856196468565,2.786534268605974
humanresumes_losing,19599699.txt,6.9814257631379935,126.36260406303515,0.039633348824327494,0.8759725512276135
humanresumes_losing,19616406.txt,8.131761369309936,280.4814150112963,0.027593253844968642,1.3316059409188683
humanresumes_losing,19717385.txt,8.15477954647598,284.99238218265003,0.04545314162594208,1.7809650053096622
humanresumes_losing,19774173.txt,6.895650714776241,119.0687254351329,0.030505592098940267,4.195553608303133
humanresumes_losing,19786924.txt,7.545323210360744,186.79644782261863,0.05871081823997671,0.9299644661574388
humanresumes_losing,19818707.txt,7.501999045009656,181.27033609972878,0.038066838770049266,1.4330657517231302
humanresumes_losing,19831366.txt,6.419065281637717,85.57190372840923,0.012160067847490628,0.4150451724204379
humanresumes_losing,19850482.txt,7.870146218204661,233.96456253781142,0.031162867763595434,4.480958545037911
humanresumes_losing,19851252.txt,6.387369469273088,83.7124020217039,0.008858195255098868,1.1255083688652336
humanresumes_losing,19861776.txt,8.37537448987868,332.0771142533827,0.013561018815982241,2.3625151053459117
humanresumes_losing,19926135.txt,7.732296889832207,212.64408133962615,0.0405440534414277,0.40653749795231015
humanresumes_losing,19929506.txt,7.383999658001479,167.03419370783925,0.02885668323747587,0.5346656418230258
humanresumes_losing,19936735.txt,6.575565349958962,95.37672566477647,0.020070833122521246,1.2070601535559569
humanresumes_losing,19938081.txt,7.892945830767104,237.69138936470227,0.013770719483228836,0.4602270923793789
humanresumes_losing,20006992.txt,8.020323370928656,259.63181512677744,0.03998675453097608,1.691473183267948
humanresumes_losing,20026169.txt,8.038406177118139,262.9065321285288,0.048501964011623655,1.1475170958510408
humanresumes_losing,20110597.txt,8.036559514489136,262.5702246868217,0.018678138982537475,0.6082662332140709
humanresumes_losing,20148147.txt,7.61686132498365,196.2925114639292,0.03158549185941107,0.6536373722899187
humanresumes_losing,20149476.txt,7.671880494317544,203.9229719846059,0.03282557120376411,3.5909773178463618
humanresumes_losing,20172393.txt,7.484769203608621,179.11833389310618,0.033899018812680246,6.333420077546058
humanresumes_losing,20210676.txt,7.118896824276711,138.99573684000376,0.021515816735641388,0.8435614250777935
humanresumes_losing,20211577.txt,7.6086924365410935,195.18419649765949,0.015547688712253573,1.947440545930816
humanresumes_losing,20230207.txt,7.416936140415961,170.8914183012319,0.05874519263096069,0.796471512474244
humanresumes_losing,20237244.txt,6.952228718190643,123.83100022782772,0.07963537681315362,0.8307492721224916
humanresumes_losing,20253563.txt,7.331741758417405,161.09208023799357,0.01958654331878448,0.9462049250910768
humanresumes_losing,20255404.txt,7.699520162731014,207.8674656964322,0.020160491821223377,0.5442809061329992
humanresumes_losing,20272792.txt,7.103697780995181,137.53907911158575,0.011399621321512813,0.3228390543196459
humanresumes_losing,20275356.txt,7.174537679157661,144.46114290075366,0.0364240495581582,0.5051929053567203
humanresumes_losing,20279756.txt,7.577528615270916,191.0132113998688,0.0185657451243463,1.5229542207958022
humanresumes_losing,20317319.txt,7.8953079237332835,238.0808750274109,0.044420602361727166,1.5167865846995479
humanresumes_losing,20321582.txt,7.75758412256513,216.40411500204328,0.024400243600021236,0.4281457657101214
humanresumes_losing,20324037.txt,7.78525784678344,220.5952394174949,0.01446739259316537,1.260716990864851
humanresumes_losing,20330739.txt,7.539219932916478,186.00788031903966,0.04429740533935063,3.222973267467368
humanresumes_losing,20345168.txt,7.352378451512838,163.41294369623552,0.02710881699897028,1.6436638114980924
humanresumes_losing,20390397.txt,7.3221141587097955,160.0206364689379,0.03537966297319296,1.0099991413424978
humanresumes_losing,20417897.txt,7.674408932352571,204.28067660606052,0.030616471585551728,0.49559985381164046
humanresumes_losing,20427934.txt,7.967439433410696,250.28698001123544,0.032490533676425376,0.98815113321629
humanresumes_losing,20470943.txt,8.32189482096314,319.9926196925455,0.01591111781415054,0.7164292636901882
humanresumes_losing,20478831.txt,7.558823817240097,188.55267621566767,0.01685046936256357,1.131607583448527
humanresumes_losing,20488267.txt,7.0458611933472834,132.13429883482064,0.01617264465202851,1.9421223719075997
humanresumes_losing,20490741.txt,8.010869634792124,257.9360539230217,0.02675837134122984,1.1726585854989426
humanresumes_losing,20544228.txt,7.666555612429541,203.17169451639074,0.014556399515626806,0.3849008411617259
humanresumes_losing,20553895.txt,7.10762899208842,137.91437151922096,0.019964023435308793,0.5390932828385951
humanresumes_losing,20565486.txt,7.606359429159876,194.86881579257647,0.03496521279740276,0.3549545870658971
humanresumes_losing,20565849.txt,7.211044208446525,148.1632878668877,0.03406286448774534,0.9150338847254641
humanresumes_losing,20626794.txt,6.991856955630865,127.27956109406178,0.011180238373075968,0.5550694519247489
humanresumes_losing,20628003.txt,7.045490664446195,132.10036699993933,0.011759892442197124,0.5337539610128029
humanresumes_losing,20674668.txt,7.632113019211774,198.37865849224977,0.04092081802986347,0.6374975375637721
humanresumes_losing,20681037.txt,6.9340611534226335,122.28139905047402,0.01687353792049676,0.6216289418645397
humanresumes_losing,20698469.txt,7.162896154626468,143.30013461449033,0.01745685389312963,1.4436073814457417
humanresumes_losing,20705888.txt,7.745551156812015,214.6066776040292,0.019685728884348344,1.113415808934592
humanresumes_losing,20817322.txt,7.436023572885458,173.1674030164804,0.03331981732075762,1.139918682693763
humanresumes_losing,20819838.txt,6.877490863684569,117.57934725828001,0.025675737044154937,0.46289112435192076
humanresumes_losing,20836112.txt,6.9286578904525875,121.82428039428373,0.009567987218690371,1.4787032444812964
humanresumes_losing,20850529.txt,7.739464161028389,213.70312002919934,0.010766397675181841,0.8086479518656032
humanresumes_losing,20932019.txt,7.20295379255438,147.33473589485794,0.03968809177914052,1.3161762563843984
humanresumes_losing,20992320.txt,7.493921024669875,180.2581931658354,0.005103304264951781,0.6054322634632314
humanresumes_losing,21007083.txt,6.906734738226085,119.98703684760653,0.019920145289201302,1.9633641063558127
humanresumes_losing,21038022.txt,8.037268458949374,262.69928415205004,0.03650453301304024,2.0910974441829517
humanresumes_losing,21156767.txt,7.701840966039,208.2021225161602,0.038369983622565156,0.516470581413496
humanresumes_losing,21178545.txt,7.92157423506791,242.45517468551702,0.08085733885303102,1.7844527240878008
humanresumes_losing,21190805.txt,7.760273357716073,216.8078762073641,0.019301427269237097,2.001058539694052
humanresumes_losing,21238396.txt,7.8644476040937965,233.0422303870745,0.019688845856642677,1.125771725757077
humanresumes_losing,21265194.txt,7.3118119170263505,158.8820042480238,0.02118349853264297,1.610505529003663
humanresumes_losing,21283365.txt,7.643841715504956,199.9979934502095,0.022068297466862587,1.743564674963117
humanresumes_losing,21283733.txt,7.891005272175952,237.37188733626968,0.011865675218140774,0.8337973208689475
humanresumes_losing,21297521.txt,8.391128929386849,335.7233168980448,0.01335703180752382,1.1007510031091654
humanresumes_losing,21297828.txt,6.571836201541891,95.13050961107945,0.011590611089320003,0.5635015352803334
humanresumes_losing,21298336.txt,6.304831745498095,79.05757213854119,0.044284688964868466,1.3504594853215537
humanresumes_losing,21321598.txt,7.614697824880664,195.99836711148865,0.02322123306743804,1.7069091786744521
humanresumes_losing,21366189.txt,7.767532364649877,217.9015071137461,0.016754181284145717,0.8080131237266103
humanresumes_losing,21386255.txt,7.762762530056069,217.18227134025824,0.03967377508306878,0.5535619297569869
humanresumes_losing,21478007.txt,7.895016356266824,238.03276394258205,0.014215847359785544,0.5640627750881737
humanresumes_losing,21531811.txt,7.070348036669408,134.39615340687914,0.009686753742608295,0.8316051282055681
humanresumes_losing,21549195.txt,7.5247461861213525,184.15109761979662,0.02207764772836952,1.1464341885296578
humanresumes_losing,21550454.txt,7.76390073596408,217.3536836455398,0.013121633663918397,0.7102141215920501
humanresumes_losing,21570485.txt,7.763782557081767,217.33587976971268,0.02420072792342023,0.5235611653448777
humanresumes_losing,21586858.txt,7.902946355314674,239.34475074450302,0.07475881492455436,1.4387294550414542
humanresumes_losing,21595057.txt,7.755211865786342,216.0485691135593,0.01634322574736097,0.4585651214515821
humanresumes_losing,21611637.txt,7.942017133949293,245.91520572946743,0.029967221431396678,1.1457162979623245
humanresumes_losing,21614256.txt,7.864187254499821,233.00017924377852,0.033402776983286926,1.5401402672206035
humanresumes_losing,21622444.txt,7.719320473346671,210.740015967249,0.01712337504548966,0.3854462810377129
humanresumes_losing,21645690.txt,7.687749290870082,206.17838606021985,0.0152690531658054,5.0235633385380645
humanresumes_losing,21756639.txt,7.845904527423095,230.06608692931388,0.03613522619478659,1.0689734781354379
humanresumes_losing,21763056.txt,7.6327939683002715,198.47231491163598,0.023958556352919904,0.5319850439989671
humanresumes_losing,21780877.txt,7.960920932817195,249.15866422117674,0.01951659997191977,1.0812101086032173
humanresumes_losing,21782152.txt,8.006422471091064,257.1421801842215,0.013473289933737644,1.0082768013113692
humanresumes_losing,21794875.txt,7.8217598666293275,226.2477863787966,0.02046372631877192,4.171052135452153
humanresumes_losing,21809601.txt,7.449531643067162,174.79639769975265,0.028570777805176445,0.8575134327648019
humanresumes_losing,21847415.txt,7.8129860664717325,224.87602800903983,0.022316990502505286,0.7385046437863921
humanresumes_losing,21853199.txt,7.4836154347824255,178.97514456390718,0.04083147380400257,1.0787440855597235
humanresumes_losing,21904897.txt,7.113895262045915,138.5146981309551,0.02259048964655243,0.6806288493578516
humanresumes_losing,21916744.txt,8.02506937308231,260.4873266072731,0.038587410270750265,3.2442373076028987
humanresumes_losing,22008817.txt,8.188388749129944,291.70953813760383,0.024036279285650105,1.8646185255877572
humanresumes_losing,22019500.txt,7.884319010985989,236.27431769052816,0.032473391081129115,2.7787676199826645
humanresumes_losing,22025574.txt,7.928425192176988,243.6092648693525,0.03158542689248253,1.4547260428847852
humanresumes_losing,22042181.txt,7.727272457933563,211.90480008964428,0.01573049991108875,0.524077953525073
humanresumes_losing,22056333.txt,6.992733494509318,127.35691589142301,0.012593805332401347,1.141599579405259
humanresumes_losing,22093368.txt,7.752331344657254,215.61763147144487,0.03732452208913539,1.2925640576251454
humanresumes_losing,22182279.txt,7.5874872089668335,192.33629309492028,0.06059170700527121,0.4697572019421272
humanresumes_losing,22259768.txt,7.841441672460584,229.35549661019965,0.030840343197727358,0.8183991225437969
humanresumes_losing,22319662.txt,6.9593327025458604,124.44226101057832,0.008736103991446368,1.280945582812107
humanresumes_losing,22349169.txt,7.104073921558578,137.57494308137396,0.024500717716232256,0.6206106040591274
humanresumes_losing,22351830.txt,8.132687746297469,280.66157433792256,0.021576575616806093,0.9048693708484107
humanresumes_losing,22380187.txt,6.915685624527142,120.73378433338898,0.027255032914682887,5.022032437541682
humanresumes_losing,22408666.txt,7.682628498840866,205.44786085168627,0.04712020881991884,2.264262257666891
humanresumes_losing,22423839.txt,7.113563835792915,138.4828811957052,0.016085025473039267,0.4127859323923547
humanresumes_losing,22450718.txt,8.148458030218798,283.74635121456237,0.019970834092475884,0.6082769454262875
humanresumes_losing,22452756.txt,7.437919099427232,173.3950735426763,0.05361661389555407,2.5703300949953523
humanresumes_losing,22455205.txt,7.408485299486893,169.89331777433588,0.037587372159265164,0.4627180752117192
humanresumes_losing,22488036.txt,7.709676609607604,209.33599757296167,0.047835106806711616,2.4260180751830083
humanresumes_losing,22492537.txt,7.818922792511693,225.8033050429395,0.007889594288045967,0.44758423393098595
humanresumes_losing,22496394.txt,7.383155957284306,166.936539203299,0.04482600453826398,0.4071320592657311
humanresumes_losing,22506245.txt,7.54334221081212,186.54012910895412,0.02442040345802608,2.569944439448313
humanresumes_losing,22560013.txt,7.584209879534616,191.8998640889164,0.032056006670313324,0.7865862347101
humanresumes_losing,22561438.txt,6.9615894091466295,124.63706962883283,0.04563591632482694,1.8633011502396994
humanresumes_losing,22571461.txt,7.471105442771024,177.42991277318168,0.01866354090006348,1.982222816234363
humanresumes_losing,22593054.txt,7.62611665517371,197.55583596952133,0.013441079324359076,3.9623045585361596
humanresumes_losing,22605864.txt,7.751142301606115,215.4399965473285,0.02620897902085013,0.6763376428007529
humanresumes_losing,22615491.txt,6.572495427824927,95.17398855889415,0.05949599468412666,0.5399366073460331
humanresumes_losing,22622351.txt,7.727536631805251,211.9436058215946,0.020030064010197874,0.46516116305777244
humanresumes_losing,22632070.txt,7.078784441990708,135.1843601775614,0.09759077311168271,0.42830107806674916
humanresumes_losing,22706174.txt,7.382944022833718,166.91201773189957,0.023956067528363396,0.43069930022535097
humanresumes_losing,22718826.txt,7.742187796550179,214.1069470044281,0.02067219207744648,1.222490543364254
humanresumes_losing,22754014.txt,7.671191546777331,203.82561343978077,0.020734850348430204,0.5210754948833755
humanresumes_losing,22776912.txt,8.15001637065319,284.0530080578551,0.025016023439068513,1.2733640361932175
humanresumes_losing,22848179.txt,7.549033579180264,187.2774751414889,0.018430958155994118,1.344062042363497
humanresumes_losing,22861181.txt,7.680605879302418,205.16003030409212,0.016184728134515047,0.9808675989906855
humanresumes_losing,22894544.txt,7.700836405801599,208.05720015375687,0.013841787859499372,1.252466957507687
humanresumes_losing,22946204.txt,7.996532519894678,255.38544946495833,0.02523633095012258,2.0229181211211187
humanresumes_losing,22965804.txt,5.786537225154688,55.19773737287604,0.009432952164606602,2.7998401053581823
humanresumes_losing,22990761.txt,7.797498329488541,222.4748324236482,0.021214188075910387,0.5334188842513172
humanresumes_losing,23004695.txt,7.335962993943909,161.56411583367088,0.031035720488366905,0.48291102034743755
humanresumes_losing,23009962.txt,7.530103233837914,184.83616273518595,0.026803151201938116,0.5283446842038511
humanresumes_losing,23015611.txt,7.948883721987924,247.08844278558374,0.01221258497859024,1.0768772008677048
humanresumes_losing,23032276.txt,8.085395618668242,271.6105331529268,0.01475029415549613,0.8367277569767467
humanresumes_losing,23048999.txt,7.623503511247122,197.19832827194065,0.03482894093479602,1.1930107721008036
humanresumes_losing,23139819.txt,7.7504812233511915,215.3412992709676,0.01758077364931658,0.6173432132560478
humanresumes_losing,23143731.txt,7.732109939620192,212.61652785164517,0.010880185246296475,1.5640668203098935
humanresumes_losing,23190306.txt,7.470907284826587,177.40554398330548,0.018428597295735538,1.157739281076544
humanresumes_losing,23234047.txt,7.882682988190484,236.00653339323972,0.03659292184848477,1.4770721525416222
humanresumes_losing,23246831.txt,7.762445172387847,217.13450179994265,0.019736789329314282,0.614920210947302
humanresumes_losing,23354541.txt,6.409234379814047,84.9907765916365,0.027863971590821,0.7848342578983071
humanresumes_losing,23396633.txt,7.959077151498977,248.84043989321557,0.05711186635846832,2.6222545059249556
humanresumes_losing,23398843.txt,7.45298671197325,175.21551423561826,0.016575239894895736,0.5983736388399691
humanresumes_losing,23408537.txt,7.899846929119708,238.83110435387556,0.022748112657837712,0.7138528862726682
humanresumes_losing,23416654.txt,7.906512083738462,239.9370407949601,0.03088012252154889,1.368645342632696
humanresumes_losing,23427369.txt,7.704785940238548,208.62755970097257,0.02248972410497986,0.5223336337552399
humanresumes_losing,23438112.txt,7.608339282446575,195.13642364179526,0.07697835168328898,1.5013872011711717
humanresumes_losing,23464505.txt,7.493245076236165,180.1737562611839,0.0279127247380596,4.776992259218825
humanresumes_losing,23477199.txt,7.393679970016351,168.15874184011815,0.015591079673324622,0.8899655082529839
humanresumes_losing,23497307.txt,7.41581388292572,170.75853533244614,0.013201965987253312,1.745776600033197
humanresumes_losing,23510685.txt,7.782300653007689,220.1435329026196,0.02884988680288891,1.366190093451804
humanresumes_losing,23522150.txt,7.751381841049057,215.47577033166638,0.03132540462396335,0.4834558455533508
humanresumes_losing,23527321.txt,7.351859265912564,163.3541465280023,0.04296705643647536,0.3711238162740151
humanresumes_losing,23573064.txt,7.493813484645955,180.24475702903217,0.04734355924118709,1.1775069096602675
humanresumes_losing,23617240.txt,8.108819050500351,276.0563640734778,0.03178771660349046,0.8340617814788496
humanresumes_losing,23628651.txt,7.672843658845388,204.05915942936724,0.04331701662285849,1.451501056207349
humanresumes_losing,23734441.txt,7.677970437870227,204.78559656759757,0.07996885923388655,3.6537677533543818
humanresumes_losing,23760084.txt,7.460516534399809,176.13240288680268,0.0318410118842102,0.45825217419238806
humanresumes_losing,23771896.txt,7.708708845042373,209.1956213868688,0.018862030921753717,0.8368568217163019
humanresumes_losing,23782450.txt,7.7103536307023095,209.4342568317893,0.021013756087810923,0.6945918364329967
humanresumes_losing,23804341.txt,7.46019927250562,176.09367401177295,0.01771200075057941,1.3579990133242061
humanresumes_losing,23807940.txt,7.6060903660093135,194.83247607624946,0.027566901417657486,1.425437409667735
humanresumes_losing,23814777.txt,7.71133010368788,209.57605819177175,0.028105458114742264,0.5628724793077451
humanresumes_losing,23864648.txt,7.967230409194057,250.2507199224853,0.020103488812566843,0.4211126264275332
humanresumes_losing,23918545.txt,7.663261604303789,202.70833549102056,0.03163626794024329,0.6047170524719693
humanresumes_losing,23933031.txt,8.0972079987808,273.843532706775,0.007274499767391214,4.770676769871883
humanresumes_losing,23951429.txt,7.210466468613203,148.1039664625034,0.008483058546993971,1.1361579992859776
humanresumes_losing,23955183.txt,7.833325238957627,228.06879223900853,0.02143970421107356,0.8318799742769424
humanresumes_losing,24001783.txt,7.459058168815537,175.954447294421,0.06430323201703232,2.215889430133679
humanresumes_losing,24020470.txt,8.211224644635747,296.36363927132646,0.03841650560813632,1.0960216546141897
humanresumes_losing,24038620.txt,7.569448028267306,189.94633011690257,0.05242324604197813,0.5898008906030636
humanresumes_losing,24103168.txt,7.5692062169366245,189.9144957205294,0.010561845357652592,0.40710922740611494
humanresumes_losing,24219583.txt,7.686535046606001,206.00492902932703,0.028053459757514068,0.8718755157943154
humanresumes_losing,24221960.txt,7.6585110801426985,202.04195270344036,0.028725466774399973,0.8743615742086696
humanresumes_losing,24285142.txt,8.097606411313457,273.91916737559376,0.030393902074189794,2.2742911735934577
humanresumes_losing,24322804.txt,7.6099150760748255,195.34967919274416,0.01637815543009824,0.779741092144188
humanresumes_losing,24349611.txt,8.403435904036725,338.59946982061496,0.020873336868405173,1.2130242088936987
humanresumes_losing,24361598.txt,7.50552990464402,181.71452142832314,0.008718941950872047,1.53970953613274
humanresumes_losing,24402267.txt,7.675978427559309,204.50303267953961,0.03922865187390576,0.7907521187800985
humanresumes_losing,24410405.txt,7.7591921132435315,216.64544791323752,0.05569411724668384,0.7012064084289327
humanresumes_losing,24412546.txt,7.224404061377746,149.5417033896394,0.12208097238695922,1.8657264482496219
humanresumes_losing,24416961.txt,7.407056165234234,169.72510471926412,0.03382176947136795,1.8494162279888169
humanresumes_losing,24455357.txt,7.439473668395381,173.58201525503563,0.01204958423093343,1.2595182606891737
humanresumes_losing,24516163.txt,7.5835853935911075,191.81681616036167,0.022426218991370074,0.5294121359668092
humanresumes_losing,24530382.txt,7.720680352846175,210.93875244787532,0.017501083367534143,4.1989707271498595
humanresumes_losing,24548333.txt,7.644656887961908,200.1110311465721,0.035590883125707545,1.672802884209095
humanresumes_losing,24550866.txt,7.706572016753976,208.88600346547753,0.021013168779049806,0.6557027118312521
humanresumes_losing,24574164.txt,8.258321235372753,306.19803947913266,0.019795656300011368,0.44004973917788887
humanresumes_losing,24580361.txt,6.998017940226746,127.82426677361903,0.009800526234225875,0.5260227810503576
humanresumes_losing,24588864.txt,8.240024127045299,302.33917748116147,0.02454797788799471,1.6764394830114089
humanresumes_losing,24589765.txt,7.71965936355544,210.78952477866102,0.019486912119828927,0.72743821935244
humanresumes_losing,24590489.txt,8.091446332118004,272.75206937478987,0.011016400643730712,0.40906227358620173
humanresumes_losing,24592627.txt,7.268058284396156,154.13581170697472,0.017543953942390302,1.8840495714021706
humanresumes_losing,24610685.txt,7.846978515929494,230.23741927547064,0.05656399213090249,2.2946443460652852
humanresumes_losing,24611721.txt,7.731771213046295,212.56661403611704,0.03243078672236989,0.5214497035985515
humanresumes_losing,24647386.txt,7.599179159490459,193.90136636422952,0.018432777216758758,0.31699609841543
humanresumes_losing,24647794.txt,7.580429234950549,191.39764055426025,0.04097206967139403,1.6703566132230883
humanresumes_losing,24670867.txt,8.006999329352206,257.24501844615236,0.02226273979008364,0.7512001221187047
humanresumes_losing,24677466.txt,7.562200273207873,188.99447809489087,0.018546586556677933,2.8593267106522653
humanresumes_losing,24679149.txt,7.641558108319984,199.68167186492414,0.016837143361789098,1.1603372005347514
humanresumes_losing,24703009.txt,7.845522238260077,230.0051314830825,0.030677604621926854,0.712377006802138
humanresumes_losing,24703983.txt,6.428200363346484,86.1154603410467,0.0264012347040115,0.7736365609054319
humanresumes_losing,24708621.txt,7.4145523466185175,170.60928415366394,0.021787147871300237,1.288853123996768
humanresumes_losing,24727739.txt,7.897397506645151,238.42595847692425,0.015805056457858256,0.8339080817951977
humanresumes_losing,24740005.txt,7.603193404282308,194.44164093527735,0.026758084442500475,1.873246383679348
humanresumes_losing,24763208.txt,7.867192788806897,233.4860892722294,0.020941154258325833,0.485563614518976
humanresumes_losing,24770846.txt,7.402300542054139,169.16655300943214,0.012020281119806133,0.738417352285119
humanresumes_losing,24799301.txt,5.802775197966426,55.82251417744131,0.06315978778023022,0.8553115816753407
humanresumes_losing,24817041.txt,6.874315082882487,117.32080644537047,0.03692405722486558,3.3148364652352265
humanresumes_losing,24828381.txt,7.848512715344989,230.48238996414614,0.02174878381248475,1.9149168416421762
humanresumes_losing,24833063.txt,8.175938802229204,289.20301894888195,0.02860862146790661,0.6272553962311701
humanresumes_losing,24854026.txt,7.221836620506427,149.27581348163392,0.03256064540315534,0.7285926454870457
humanresumes_losing,24889109.txt,7.667332816537436,203.28117601596293,0.020744790979520488,1.3776174501229814
humanresumes_losing,24905947.txt,7.7400691632105705,213.79275641353593,0.02475942538562379,1.5280263442031587
humanresumes_losing,24913648.txt,7.8219848114660095,226.28306565664582,0.03943229224246306,0.49955880915373935
humanresumes_losing,24964303.txt,7.333037023212812,161.23677512465287,0.03082621008524578,0.5391962862368215
humanresumes_losing,24967652.txt,8.064321934812599,267.67190949548944,0.023390049259186762,0.7174922907022869
humanresumes_losing,24977396.txt,8.115904454859352,277.415474552285,0.008536163251837517,1.1532565704407467
humanresumes_losing,24989856.txt,7.5362503163025485,185.6253989423641,0.014118949438216713,2.0330082132613185
humanresumes_losing,24994145.txt,7.508472327050061,182.08551216744993,0.015773803672844505,2.333519389283517
humanresumes_losing,25023614.txt,7.572933829427936,190.40582824800256,0.031190844437869965,0.7394069327625661
humanresumes_losing,25038571.txt,7.184519313262325,145.46409780263133,0.0191710201282821,1.4426013565431812
humanresumes_losing,25047127.txt,7.4832122323497625,178.92513182488005,0.035290418372000226,1.752409423060604
humanresumes_losing,25061645.txt,7.065691229173004,133.9630417681236,0.039917724179081474,1.3441347698451338
humanresumes_losing,25067742.txt,6.944584995576335,123.17665073005928,0.014875834691788705,0.9280196780045848
humanresumes_losing,25080805.txt,7.423258615961243,171.64197732093004,0.05880216178734663,1.7021432636735534
humanresumes_losing,25098739.txt,6.631999567977903,99.1815294623747,0.044085413081220166,0.5476797176144225
humanresumes_losing,25150191.txt,7.823534148586272,226.52620579553553,0.03503911716692478,1.5192805748155418
humanresumes_losing,25157655.txt,6.835611500470055,114.21525148413178,0.01059077923402036,0.5686303291939442
humanresumes_losing,25187733.txt,7.942470067346714,245.99242280766688,0.0390709542103881,2.767913903729299
humanresumes_losing,25258040.txt,7.763401114304813,217.2784246314088,0.016285126410001512,1.474693961754442
humanresumes_losing,25315791.txt,7.388620665689467,167.57006840828257,0.01224937081028013,0.66336619995776
humanresumes_losing,25328428.txt,7.847835058435802,230.37415412543697,0.016056235370485693,1.074045918513331
humanresumes_losing,25370801.txt,6.26344438890346,76.82182801853818,0.006448924356408194,0.33323201188445806
humanresumes_losing,25397102.txt,7.528827123137576,184.67274142217212,0.006268016320813932,3.283835095420678
humanresumes_losing,25422388.txt,7.218757570831592,148.9575636061707,0.027779590905498055,0.35535467651443026
humanresumes_losing,25425322.txt,7.815378728037005,225.24928682777283,0.028507772115811653,0.5072720818152149
humanresumes_losing,25482567.txt,7.023019315407701,130.05871957235036,0.026620747485833252,0.6875990433057058
humanresumes_losing,25525152.txt,7.01213875003092,129.08152794130584,0.034882886326786794,0.5363678109808565
humanresumes_losing,25543217.txt,7.922210690114046,242.56215908477884,0.01687278746563631,1.7624808361601643
humanresumes_losing,25547145.txt,7.876957909332817,235.07183922166763,0.022010574148996168,0.7097286307580547
humanresumes_losing,25561640.txt,7.499722289523868,180.98449415895232,0.016143448195584085,1.2711349532472471
humanresumes_losing,25608963.txt,7.974934917395089,251.59072325512514,0.012206660957516253,1.6245798024029645
humanresumes_losing,25624652.txt,7.443256244625217,174.03772397105158,0.033083743451393026,2.166322014744036
humanresumes_losing,25656981.txt,7.752431458371877,215.6325944611306,0.02178223368675458,0.5959663267169294
humanresumes_losing,25678238.txt,7.567965654136723,189.75125984240654,0.02853100529233883,0.8014556490398316
humanresumes_losing,25694422.txt,7.747299612752072,214.86692511253707,0.022506741819288578,1.7227544030284736
humanresumes_losing,25718772.txt,7.894231581060835,237.90331772673804,0.015541789726969601,0.5908135542774967
humanresumes_losing,25723793.txt,7.8445199932174,229.84540164219464,0.011265120254474499,0.6774898661326891
humanresumes_losing,25780596.txt,7.704032677630286,208.51865912504508,0.023825539382736186,0.8145256295237363
humanresumes_losing,25810233.txt,7.196139978113462,146.6405181112114,0.01067132859187644,1.1437564533966584
humanresumes_losing,25813953.txt,7.430816223257759,172.54348892551246,0.013075281639314519,0.4648500198284396
humanresumes_losing,25824789.txt,7.386298724930295,167.30059022978222,0.02281458124131115,0.8688115415518347
humanresumes_losing,25834360.txt,7.4826502735390985,178.8554504500041,0.027269346936364753,0.6035450426374757
humanresumes_losing,25846894.txt,7.654079296299199,201.42225668043463,0.02425362838826614,1.2760137307400214
humanresumes_losing,25862026.txt,7.558700461084305,188.5365549022249,0.01941854045838581,1.0570474390823161
humanresumes_losing,25919149.txt,7.788463782913128,221.08598804492377,0.01587307325737175,0.8042881212415551
humanresumes_losing,25923361.txt,7.820634668676496,226.07139823704355,0.01566286319953048,0.7435887874202091
humanresumes_losing,25949631.txt,7.8599199615490525,232.3120150985947,0.019320530813443596,0.6739964661243381
humanresumes_losing,25953797.txt,6.412210992223823,85.16631317802177,0.006373830716866311,3.127093433096177
humanresumes_losing,25959103.txt,7.388037860564371,167.50238884428086,0.06788277289171389,0.5369585366103986
humanresumes_losing,25974844.txt,7.60378490022711,194.5213771366657,0.03369402806567557,0.7541381192783617
humanresumes_losing,25990239.txt,7.617676612782923,196.40347054584254,0.05133925946146412,2.025960759071535
humanresumes_losing,26013403.txt,7.633251078355467,198.53520974555698,0.052084706261016196,0.5484292881036615
humanresumes_losing,26091595.txt,7.188246039509624,145.84034200787187,0.03760402073062272,1.55356497789934
humanresumes_losing,26127853.txt,8.183984663912067,290.82040029979646,0.022620970540747003,2.90639518150238
humanresumes_losing,26160200.txt,7.623498745979885,197.1976769207164,0.012342333400573469,0.4858570121648011
humanresumes_losing,26189601.txt,7.799896827406517,222.84500714240247,0.0681093774522411,1.319233164520282
humanresumes_losing,26231609.txt,7.64080779274061,199.5778485955664,0.018667825177337796,0.6287584622991998
humanresumes_losing,26234972.txt,7.518209945173865,183.31867399882125,0.05208233966790794,0.9441717098482462
humanresumes_losing,26279402.txt,7.522913226857333,183.9172802733794,0.040448855034468864,1.3254518464108151
humanresumes_losing,26291616.txt,7.621398857617677,196.9108582387135,0.030961231125930314,2.430821086913761
humanresumes_losing,26341645.txt,7.733962662305321,212.88974741578204,0.019778235552598698,1.230423909427547
humanresumes_losing,26410763.txt,7.384600949557462,167.10382532116435,0.010197298887718673,0.5863451504461767
humanresumes_losing,26425074.txt,7.755889902199725,216.15013127430024,0.05439291395159543,0.4706430312895516
humanresumes_losing,26456474.txt,7.452978551736271,175.2145231765001,0.02605982896743383,1.437595494996172
humanresumes_losing,26456899.txt,7.6496082330923505,200.79899426329624,0.029617821395679124,2.360979965175456
humanresumes_losing,26459032.txt,7.792129788566279,221.64849994676845,0.024911207969048346,1.4445699653117317
humanresumes_losing,26503829.txt,7.427389466739696,172.1341419293071,0.03364005237025026,0.3428821660362877
humanresumes_losing,26530575.txt,8.255184445556813,305.53300947828666,0.02638986137065541,1.1069860451863955
humanresumes_losing,26530696.txt,7.675397485396425,204.4207002988396,0.019899507276130934,0.6695425719202004
humanresumes_losing,26579709.txt,7.7440591672273875,214.38485288702356,0.027929451333901713,0.9599473362137891
humanresumes_losing,26581830.txt,7.77641485202824,219.24723709371162,0.021432196331501712,0.5942009630078131
humanresumes_losing,26585242.txt,7.456748110331165,175.67293262370154,0.015451008499717608,1.23354101898314
humanresumes_losing,26676567.txt,8.262125916290579,307.0066118445062,0.03603031791183996,1.5073170187114184
humanresumes_losing,26718039.txt,6.28518293485968,77.98814520609045,0.02527968759703681,1.3538446044365517
humanresumes_losing,26767199.txt,7.642860453115767,199.86200921400274,0.0289383540460224,0.7162786902511428
humanresumes_losing,26768723.txt,7.640920226639724,199.59340295006646,0.014730461399337437,1.9687197912119754
humanresumes_losing,26790545.txt,7.827552646521369,227.15805384038626,0.022274700823206466,0.769405134472565
humanresumes_losing,26801767.txt,8.141260986329193,282.3343759619966,0.04796042244422714,2.0046015763322975
humanresumes_losing,26896699.txt,7.512540928778894,182.59974353179976,0.023161310831622515,0.9214265144824573
humanresumes_losing,26908066.txt,7.669070730210698,203.52620216472994,0.022395235808810532,1.0255371823222705
humanresumes_losing,26932091.txt,8.034649924386233,262.2229095576674,0.010659801860978,0.9346026652589958
humanresumes_losing,26958533.txt,7.5351556948090295,185.4846120942986,0.05922335678150503,0.46948315266271434
humanresumes_losing,26961846.txt,7.585563662523141,192.08002184389392,0.027241125437782766,0.8355702954493791
humanresumes_losing,26987539.txt,7.867860343138673,233.59415141410864,0.017055409838424983,1.340758815203473
humanresumes_losing,26994282.txt,7.815831530913565,225.31999444760723,0.013774491120337254,0.6325477585150968
humanresumes_losing,27018361.txt,7.969033486269745,250.56367824610123,0.04158567685947421,1.5641925907774692
humanresumes_losing,27024099.txt,7.539950862841914,186.10214360355675,0.019312566666988336,0.6019911586353874
humanresumes_losing,27040860.txt,7.426562350269706,172.03548339451282,0.018709707734262,0.4538708882764831
humanresumes_losing,27058381.txt,8.168029609510485,287.62187819467664,0.0760292909478459,2.0751248658967367
humanresumes_losing,27066370.txt,7.1661584892478105,143.62454271293498,0.02256587189296519,0.36030983279219436
humanresumes_losing,27091280.txt,7.980205992042651,252.51162409407925,0.03656148775383056,0.5058059670441747
humanresumes_losing,27096796.txt,5.85208417593427,57.76341674158277,0.26738460111365997,0.5442007110245658
humanresumes_losing,27120528.txt,7.916764212766162,241.6481622456037,0.02146366506208509,1.9643648591369252
humanresumes_losing,27139412.txt,7.143205439699546,141.35758031589666,0.030482702887454166,1.0547927798886556
humanresumes_losing,27176039.txt,7.5445888347467145,186.70138695110595,0.030393226691960068,0.4901309480404087
humanresumes_losing,27187994.txt,6.613016082604735,97.88501296257274,0.021386314412179645,1.17722299613802
humanresumes_losing,27213082.txt,7.788954939999745,221.1612682897889,0.015893808660755144,2.155195059054059
humanresumes_losing,27233183.txt,7.422078477329174,171.50162991791296,0.016546333049965372,0.7093905481658221
humanresumes_losing,27243670.txt,8.040710047716455,263.3267086035193,0.015179141241029046,0.5496462550162132
humanresumes_losing,27330027.txt,7.349899123247004,163.13235328638444,0.01093593869711168,0.929370307804314
humanresumes_losing,27375577.txt,7.976378078486485,251.8425211712808,0.023595410345683836,1.3560534741604502
humanresumes_losing,27485716.txt,7.738889003867251,213.61794029345182,0.025500280537741723,0.9793409716730422
humanresumes_losing,27496514.txt,7.606723551718134,194.91800504241849,0.024409721805803475,0.996078002256877
humanresumes_losing,27497542.txt,7.305008303437912,158.13449569344164,0.010077403792107571,0.41630878428846957
humanresumes_losing,27512470.txt,7.836853947568196,228.6273117547338,0.026445395697453196,0.5418592320069555
humanresumes_losing,27524018.txt,7.942761915125676,246.04219050094463,0.020170261051369747,0.6971308193796844
humanresumes_losing,27573855.txt,7.914489060898941,241.26737977311655,0.015604058171572361,0.825819808932061
humanresumes_losing,27637576.txt,7.8590216929151575,232.16741513880845,0.016800660173680478,1.839888209999657
humanresumes_losing,27662298.txt,7.277194900647563,155.11505436223626,0.027984037092874208,0.3917741294387615
humanresumes_losing,27689009.txt,7.674157588799796,204.24509031980827,0.018360272251465918,3.2580853775520753
humanresumes_losing,27694040.txt,6.685220744200773,102.90867148324728,0.014909913416593668,0.6293306940479758
humanresumes_losing,27715131.txt,7.6953216882368265,207.26341732008473,0.043910110830830934,0.7201925740280242
humanresumes_losing,27756469.txt,7.848993760994894,230.55925377417,0.03800796761094428,1.1035337366564861
humanresumes_losing,27770859.txt,7.905605612777717,239.7863314352249,0.048696278152479164,0.5633843684239487
humanresumes_losing,27788376.txt,7.267333530358596,154.0583992990329,0.007880104128805352,0.7012062865476472
humanresumes_losing,27789372.txt,6.770607076375256,109.18320003791912,0.012514686623439429,0.9644861286559566
humanresumes_losing,27796199.txt,7.209900782894604,148.04590576831941,0.011064381818092774,2.0657484878787447
humanresumes_losing,27820360.txt,7.509915128601418,182.26770220908426,0.019329198639579433,1.3686945434164879
humanresumes_losing,27831220.txt,7.3492446358137435,163.0583640801937,0.027578876674577098,0.25412911370256147
humanresumes_losing,27835351.txt,7.794356439257546,221.9908556261298,0.025985113322766793,0.24836637281355228
humanresumes_losing,27847081.txt,8.087791172949517,272.0619094005793,0.02346442958705541,1.0040356963772965
humanresumes_losing,27850777.txt,8.068421221571539,268.43355644687847,0.014716757854177302,0.4755176064007764
humanresumes_losing,27884470.txt,7.668032541561143,203.37979382607543,0.031223524947446075,0.4006267762357786
humanresumes_losing,27888251.txt,7.497967513652066,180.76449329301113,0.023571707689735426,0.8111854131622575
humanresumes_losing,27914096.txt,7.651313305460229,201.03645208245638,0.021114582780133617,1.8800826270505469
humanresumes_losing,27921561.txt,8.207918919147481,295.6853425773522,0.01638133335424473,0.9895908357384203
humanresumes_losing,27936502.txt,8.002882319624238,256.5119664118951,0.018351699793650065,0.8118248648404107
humanresumes_losing,27937592.txt,7.412201407129465,170.33149469008083,0.014645085794095894,0.6850367726276944
humanresumes_losing,27981289.txt,7.325781734979697,160.42795366996214,0.018493144053237834,2.9411096426276844
humanresumes_losing,28051330.txt,7.472409057849875,177.5903103872311,0.02033901535488182,1.679827136257299
humanresumes_losing,28078163.txt,7.95514534338053,248.16319291672514,0.024044739490879607,0.9074415045678919
humanresumes_losing,28086303.txt,7.486595963503756,179.34527959089007,0.024750725254309443,0.7427937691123242
humanresumes_losing,28092317.txt,6.955510615454565,124.11301632116118,0.006431420550851584,0.6471399075911994
humanresumes_losing,28109594.txt,7.932922391452599,244.36983359971893,0.010939663659014238,2.192228658160145
humanresumes_losing,28111403.txt,7.980530291044021,252.56839178906347,0.0424205487878851,1.6393269714675163
humanresumes_losing,28126340.txt,8.142829929380785,282.64158399772504,0.022029638737397838,1.8784770710503345
humanresumes_losing,28139742.txt,7.814630947753296,225.1325654652534,0.017478122546573455,1.0966990610994365
humanresumes_losing,28172023.txt,7.412123133845441,170.3222536215136,0.02304516816712139,0
humanresumes_losing,28176889.txt,7.298082662899562,157.3771920786956,0.0231650905894256,0.5209485685323315
humanresumes_losing,28186635.txt,7.747896069586866,214.95577642108165,0.03175405967237007,0.34395824215958504
humanresumes_losing,28198029.txt,6.4937249561443675,90.11684847932648,0.05749234527830159,0.8368376165655506
humanresumes_losing,28230807.txt,7.272493358063332,154.61037874363709,0.015141473927570424,0.4912609135506608
humanresumes_losing,28243590.txt,6.869352663610882,116.91795284351942,0.022193056413041826,0.7165084113404236
humanresumes_losing,28247753.txt,8.21902335719447,297.97001689457096,0.04017641477346485,2.7169672205648245
humanresumes_losing,28290448.txt,7.7745850612242595,218.96933894795725,0.02741581401076051,0.7104293721561524
humanresumes_losing,28320387.txt,7.744459524261942,214.44435430061148,0.01674861929014726,0.46191241367157954
humanresumes_losing,28321954.txt,7.899770642219026,238.81847576465938,0.058706316997958925,0.9859042812129366
humanresumes_losing,28396458.txt,7.933594008893054,244.48362150743392,0.03106719197732245,1.4094039709431005
humanresumes_losing,28398216.txt,7.508296800138862,182.0633599021269,0.025932809947064962,0.7425466610090191
humanresumes_losing,28419927.txt,7.865443454065292,233.20314811927014,0.018617843875873428,0.593888775681338
humanresumes_losing,28424982.txt,7.326811251113645,160.54247691063833,0.016831541073787138,0.5369267804333784
humanresumes_losing,28522529.txt,7.405354465849867,169.52502720553173,0.041305253302542325,1.5187093889794683
humanresumes_losing,28609364.txt,7.53919112134612,186.00416565622706,0.03411628206586756,0.9289700530632088
humanresumes_losing,28614791.txt,7.96610470120542,250.0555301221798,0.03564813580718581,2.914459700880901
humanresumes_losing,28623782.txt,8.134048345119146,280.92638978538855,0.01442285067223648,1.210777155090945
humanresumes_losing,28629430.txt,7.995224084024396,255.15393553450048,0.029716762294064267,0.8112553694220327
humanresumes_losing,28631840.txt,7.905898666809685,239.83504407838424,0.01266341397309712,0.4435173481137755
humanresumes_losing,28635795.txt,7.80974592116181,224.37154619983687,0.013977470653225686,1.616415944358748
humanresumes_losing,28640735.txt,7.678686635114041,204.887283539985,0.021640897259556927,0.9666170544466776
humanresumes_losing,28663949.txt,6.7448949974459635,107.25454672893805,0.03415443420547913,0.9071579215861829
humanresumes_losing,28669770.txt,7.724868669608405,211.55202271724914,0.020775532780595074,0.7814710737278837
humanresumes_losing,28672970.txt,7.602897640338638,194.4017829400485,0.01823285670423089,0.9548692748451078
humanresumes_losing,28679359.txt,7.991793392433232,254.5479069036094,0.019203478773955555,2.1616219963525
humanresumes_losing,28711616.txt,7.49786014065,180.7510403431424,0.05190842294969636,4.4929253891991765
humanresumes_losing,28724469.txt,8.008395297728075,257.49405216012553,0.015612094909934225,0.4622706887266973
humanresumes_losing,28758002.txt,7.764447212622418,217.4360303717781,0.021935739049125477,1.4887300903583525
humanresumes_losing,28790806.txt,7.693251577789711,206.96623012900855,0.01724881431694775,1.5183671715928402
humanresumes_losing,28803888.txt,7.713203481495373,209.8483750336711,0.040085941767419336,0.913874349815592
humanresumes_losing,28828844.txt,7.529438264975113,184.75098744323458,0.020533938336242667,1.8740171271126378
humanresumes_losing,28831442.txt,7.896702366522055,238.31110431692815,0.026619829175788718,3.010285402728358
humanresumes_losing,28862054.txt,8.114234791501897,277.0946011088019,0.025023568964011183,0.9866021560340765
humanresumes_losing,28867567.txt,7.6380243699637305,199.193169935148,0.018943107348445842,0.413594899491367
humanresumes_losing,28871170.txt,7.549982081149254,187.40064147549415,0.01121980104716959,1.3856767078383363
humanresumes_losing,28895997.txt,6.562633705141065,94.52563331860073,0.013819061989796766,0.2597447565814465
humanresumes_losing,28897981.txt,7.979805118103633,252.44146978955717,0.02386879725893588,1.3053027454245147
humanresumes_losing,28916894.txt,7.4603458251878685,176.11156296982517,0.03656274886452067,0.49058222012323055
humanresumes_losing,28923650.txt,7.915856164032265,241.49611398820838,0.06143089891389129,2.1046407963076663
humanresumes_losing,28942221.txt,7.71707252656497,210.41190542138955,0.04441924710465668,0.705009095866969
humanresumes_losing,28949406.txt,7.688570029454739,206.29571279573148,0.02501072540656116,1.7773094040766066
humanresumes_losing,28975482.txt,7.575304177253037,190.71892214323157,0.0142476375436221,0.6054624743235868
humanresumes_losing,28998957.txt,8.081561964277478,270.8897441824725,0.018982040944904254,0.6455358593353716
humanresumes_losing,29014805.txt,8.351506693251325,326.6284602881165,0.020905776814405547,2.068065315633052
humanresumes_losing,29028935.txt,7.927669272618502,243.4816559378251,0.021961179774293568,0.8694260206685451
humanresumes_losing,29050809.txt,7.921236309028081,242.39839045885324,0.03576574893304222,1.274471437565228
humanresumes_losing,29051656.txt,7.528678364657735,184.6537005166231,0.02755182502087178,1.419525849820932
humanresumes_losing,29072179.txt,7.865897604518789,233.2765704184974,0.020041059626992385,1.0385841221244978
humanresumes_losing,29076405.txt,7.669247159165928,203.55109315686147,0.017799703356344097,1.0275805176907857
humanresumes_losing,29087505.txt,7.623236568820323,197.16184396370997,0.02142363676254976,0.4838914367964961
humanresumes_losing,29093426.txt,7.465793971331153,176.77788223015096,0.020493152437020275,1.317883046566472
humanresumes_losing,29161565.txt,7.132353433296605,140.29827234776283,0.05027093953213945,4.56258614406956
humanresumes_losing,29165698.txt,7.20865445834756,147.91806615916474,0.01484350291702431,0.21246287018566543
humanresumes_losing,29184740.txt,7.591495553823221,192.87141809041722,0.009752226093481647,1.865998076380421
humanresumes_losing,29193505.txt,8.170892235844395,288.1931502502246,0.01903617115306024,0.8174891685586703
humanresumes_losing,29211359.txt,7.725056404909535,211.57955339126366,0.025149638496437567,0.4671275080849325
humanresumes_losing,29211919.txt,7.448894736060952,174.7192473134395,0.023828598599012814,0.8868299116873055
humanresumes_losing,29267293.txt,6.745812275118006,107.32276175768374,0.03022348848402227,0.5918331389974468
humanresumes_losing,29306433.txt,7.686628854837588,206.01832450504358,0.018494574114782572,0.6927329056916379
humanresumes_losing,29319314.txt,7.675137868733104,204.38391758054178,0.028145848865221756,1.5692161965689464
humanresumes_losing,29332616.txt,7.729653076777212,212.25475693305899,0.011163340496964724,0.46511513090158024
humanresumes_losing,29425788.txt,7.708192006028918,209.12069141830918,0.027281492402147993,1.733787936956698
humanresumes_losing,29483501.txt,7.512559619015627,182.60210914230234,0.01506702620393757,1.91268866377634
humanresumes_losing,29486525.txt,6.808247839647125,112.06934086680653,0.008849885542923304,0.23094392755522022
humanresumes_losing,29494962.txt,7.807339836973147,223.99765782708283,0.017928861818390412,1.543812261745224
humanresumes_losing,29510501.txt,7.545642635593216,186.8378107600508,0.02223072049810164,0.7358100250001371
humanresumes_losing,29521434.txt,7.101195213919069,137.30070412561358,0.0069881688699802835,1.279777483358686
humanresumes_losing,29524570.txt,7.770181478323973,218.30199103245155,0.03317585324875668,2.467774381576562
humanresumes_losing,29525715.txt,7.882684661658961,236.0068071515267,0.014746732952452603,0.5815490941574367
humanresumes_losing,29534737.txt,7.727425701615212,211.92730990323432,0.04056955187434981,0.4485647433873726
humanresumes_losing,29552167.txt,7.478325882076341,178.3201446874923,0.02616414766848327,1.0574356310170032
humanresumes_losing,29564653.txt,7.497118149793199,180.6581023812188,0.01458255794673452,1.4718933637128
humanresumes_losing,29595906.txt,6.595636723070597,96.7129196092182,0.02089234888978197,0.630760293186714
humanresumes_losing,29612672.txt,7.922807246860124,242.66247967204274,0.014880319934289276,1.1614806483144464
humanresumes_losing,29647215.txt,7.94327042708966,246.1289291716257,0.04134928566384963,0.9852311285611797
humanresumes_losing,29648950.txt,7.509598826134724,182.22774545957483,0.012225289117937624,0.8478505938261873
humanresumes_losing,29723311.txt,7.72962054539378,212.24997084671492,0.02704090268268397,0.6870097050107353
humanresumes_losing,29746235.txt,7.926815250359232,243.33756642887926,0.04092771549566926,0.9262210885482742
humanresumes_losing,29764492.txt,7.741101530325155,213.94579748782024,0.012457015283780567,0.6109444861230073
humanresumes_losing,29770086.txt,8.1426192820479,282.6003186243661,0.03673845360669151,0.4660627939417882
humanresumes_losing,29772450.txt,7.199045203450696,146.93611279828693,0.04127753276896243,0.6796077445512629
humanresumes_losing,29792535.txt,7.507552096067096,181.96940495373462,0.0483665984411964,0.6890231793082342
humanresumes_losing,29815762.txt,7.766189902623973,217.6988388906593,0.026219351540968525,0.5480173413631912
humanresumes_losing,29821051.txt,7.88302534283886,236.06254489877938,0.018502159885920355,0.47025647895189915
humanresumes_losing,29839396.txt,7.65169859426388,201.09014841865758,0.07464513101382346,4.014959889113862
humanresumes_losing,29878348.txt,6.949002061678008,123.55435574835344,0.011067072458230543,0.6505227160832884
humanresumes_losing,29894080.txt,7.692149633817329,206.80820774290171,0.012591076696371948,3.2301764844791827
humanresumes_losing,29897742.txt,7.606013637938862,194.8221144114428,0.021116869168348665,0.4839933766060883
humanresumes_losing,29908929.txt,8.00067787008998,256.1203133810981,0.018548736054424846,0.7069288145192825
humanresumes_losing,29928796.txt,7.30248050083595,157.85766463140845,0.023987446907366306,0.7717344123242654
humanresumes_losing,29930479.txt,6.812247066556405,112.38043398736849,0.11843523264491665,1.7506510863333864
humanresumes_losing,29968330.txt,7.608403571221942,195.14511942355665,0.04107833055895618,1.4707693598160254
humanresumes_losing,29975124.txt,7.365630787138053,164.9209409226687,0.02117797626491312,0.9093639013130627
humanresumes_losing,29990140.txt,8.095352388113255,273.4915384779158,0.048991914118570366,1.018739381230396
humanresumes_losing,29992154.txt,7.934467064320415,244.6316169910399,0.026526481837884704,0.47521391688816295
humanresumes_losing,29999135.txt,7.2728529226637795,154.6489172744701,0.028321025081500778,2.54132563758651
humanresumes_losing,30083943.txt,7.911615558299116,240.787311251798,0.04119031138970288,1.0212536065639848
humanresumes_losing,30097175.txt,7.957440675939075,248.55833562678498,0.02342127384975445,1.093427442028306
humanresumes_losing,30128072.txt,6.794471146839032,111.00425332565726,0.03553523382569246,2.1351475073918023
humanresumes_losing,30148777.txt,7.870636393845241,234.04406874734588,0.02948511933917674,4.413420594967593
humanresumes_losing,30163002.txt,7.630747693294086,198.19100732995994,0.01860545238978979,0.749943540293017
humanresumes_losing,30223363.txt,8.070269807687568,268.7777321615918,0.023036615770992603,1.4602171853395889
humanresumes_losing,30288581.txt,7.207365812566496,147.78600159831723,0.04340651821768426,1.2285096475666148
humanresumes_losing,30311725.txt,7.498869928428955,180.87759798500227,0.04673398042369018,0.32009515350197854
humanresumes_losing,30337969.txt,7.8537675828996605,231.32342901362253,0.03730568022219129,2.354379153583953
humanresumes_losing,30344127.txt,8.05533708629207,266.01007654792323,0.018015157613671087,5.96874445616304
humanresumes_losing,30361788.txt,7.120290900205992,139.1301133062149,0.01055781460690204,0.903144868908973
humanresumes_losing,30437583.txt,7.870878700940676,234.08338079844174,0.03935502380327292,4.671850988112498
humanresumes_losing,30529547.txt,7.297419106961582,157.30482435336916,0.0055164057917748985,0.5112097154522238
humanresumes_losing,30563572.txt,7.472943843403458,177.65615267158282,0.027170638650014237,2.1634073379629535
humanresumes_losing,30594821.txt,6.556884651607476,94.14970384367003,0.006013274084237412,0.544402341802168
humanresumes_losing,30642458.txt,7.971107528302672,250.92415174527767,0.01659269530806031,1.1070528917592826
humanresumes_losing,30646367.txt,7.360396479155836,164.32366785229786,0.019314099472650552,4.922611862192021
humanresumes_losing,30713796.txt,7.436198345711489,173.18838235640746,0.01198935418693015,0.87317572908647
humanresumes_losing,30741799.txt,7.598936043309997,193.86869377126186,0.016888959887914237,1.6188959465990143
humanresumes_losing,30757456.txt,7.726875668359829,211.8465271689345,0.04605654588605425,0.7849023349289829
humanresumes_losing,30813919.txt,7.6968594992569175,207.48446327327284,0.04959073680057356,1.184719211377779
humanresumes_losing,30826569.txt,7.964166949339171,249.71989418107356,0.018843134822772625,0.5575363854168203
humanresumes_losing,30863060.txt,7.671641742901079,203.88922759049674,0.01820976888007734,4.026489119738384
humanresumes_losing,30938994.txt,7.696654439206008,207.45497419220715,0.019654376951369703,1.049606719297861
humanresumes_losing,30968749.txt,7.963657342933555,249.6317006399864,0.022838306285726695,1.002695814299472
humanresumes_losing,30999638.txt,7.389206675794926,167.638147729907,0.017080974916617964,0.845096351814401
humanresumes_losing,31016926.txt,7.704903471810824,208.64455658752078,0.023941350904146792,0.40662481290817243
humanresumes_losing,31025785.txt,7.748058421104656,214.97996750739136,0.05303323453768529,5.030591828182784
humanresumes_losing,31064969.txt,7.252267124820273,152.45790272536374,0.03562606226320538,4.850905037452729
humanresumes_losing,31111279.txt,7.832728099777477,227.97441288162085,0.017665415269523567,1.4819546100148777
humanresumes_losing,31169070.txt,7.373135858776141,165.78111474705042,0.035248294266487235,2.7610791998684663
humanresumes_losing,31201660.txt,7.9873338890306105,253.7622906830775,0.01417425543034691,1.8611235646621773
humanresumes_losing,31220062.txt,7.499536707484538,180.96121459509402,0.03505012456003467,0.536846149998282
humanresumes_losing,31242382.txt,7.62692487598298,197.66654091127168,0.04460116236289913,0.4157466321133641
humanresumes_losing,31273413.txt,7.8429206484801295,229.59074051146808,0.027720689634554357,1.4582818385270655
humanresumes_losing,31362807.txt,7.508259983132554,182.05871377654145,0.02976790799713241,1.054894681438254
humanresumes_losing,31392754.txt,7.871134418239795,234.1248756906635,0.04773268520957583,0.9500785478876985
humanresumes_losing,31395742.txt,7.448629987352262,174.68718755737228,0.0464459457484416,0.5431844163423614
humanresumes_losing,31536294.txt,7.727536301120249,211.94355724129056,0.018143583332264165,0.768652419936181
humanresumes_losing,31547476.txt,7.774824719021499,219.00571674571668,0.016925349220142657,1.2070096041179075
humanresumes_losing,31552617.txt,7.373423739185007,165.8141985906069,0.025710412383454274,1.0746023915654206
humanresumes_losing,31556198.txt,7.486340678838427,179.3135472788799,0.013892429720660918,1.7584481833332193
humanresumes_losing,31602598.txt,7.915346066047963,241.41074258101773,0.020537040379706262,0.8844024030474933
humanresumes_losing,31605080.txt,6.476297562847129,89.03480815662171,0.07955843098483052,1.1035245715835396
humanresumes_losing,31638814.txt,7.05122665875201,132.62662878676872,0.005625931792783883,2.864562024182929
humanresumes_losing,31677347.txt,8.05626131591757,266.1805444249014,0.02725539325346919,1.0818324117221993
humanresumes_losing,31684925.txt,7.682487076109106,205.4277224490057,0.03155212478354384,0.6235647469661209
humanresumes_losing,31694970.txt,8.026179316377158,260.6878107027229,0.030892873689845876,1.5274188440167897
humanresumes_losing,31761591.txt,7.594261266969753,193.2415161572247,0.013787374997229238,0.3877367494521954
humanresumes_losing,31909493.txt,8.079230929186085,270.4524073782814,0.020428747418357648,3.1850109346226176
humanresumes_losing,31926950.txt,7.592524706401492,193.00905281343174,0.0327385752833488,0.42101701192701574
humanresumes_losing,31929166.txt,7.287557761191191,156.23325507246264,0.02503082618858774,0.3760681203699655
humanresumes_losing,32025286.txt,7.749919639459485,215.25749176663433,0.017025866622386403,0.39328699129061195
humanresumes_losing,32109048.txt,7.854032253226733,231.36587045980843,0.044613101941671014,1.1184530490267464
humanresumes_losing,32140087.txt,7.853295526364383,231.2477512922201,0.1080320050827771,0.642964434810968
humanresumes_losing,32219038.txt,7.742375208167852,214.13476212442063,0.03334004974001795,2.236412420614143
humanresumes_losing,32308556.txt,7.353449165288354,163.53426762715674,0.05585201428008682,1.163239256339899
humanresumes_losing,32318506.txt,7.185837601853323,145.59707899098925,0.02373536908340478,0.631597969865751
humanresumes_losing,32385553.txt,7.937416130804535,245.13218900436476,0.02292686710032195,0.622261185025037
humanresumes_losing,32433431.txt,7.74917298697529,215.14611621365054,0.028788823084484813,0.8292624679689072
humanresumes_losing,32518109.txt,7.036363305448189,131.26725855333305,0.006010178408652467,0.5640048906119126
humanresumes_losing,32532982.txt,7.3581124994071505,164.0637272611631,0.028252232325892853,1.6942293722894826
humanresumes_losing,32636041.txt,7.929754642884425,243.83385549210217,0.01858788439230918,1.235947068048102
humanresumes_losing,32637306.txt,7.689920503111533,206.48891187975437,0.01695517318636728,0.6664310616899553
humanresumes_losing,32720816.txt,7.847749591794125,230.3605069432335,0.07783027086115277,2.5130800639181086
humanresumes_losing,32773331.txt,7.709541287975803,209.3163632361909,0.023979080704257826,1.1403648931535932
humanresumes_losing,32794700.txt,7.593096019968998,193.08550038115948,0.03419862596755071,0.577422463197558
humanresumes_losing,32802563.txt,7.353147783169369,163.5001085325054,0.01632170402101427,0.7965140553778194
humanresumes_losing,32947778.txt,7.954630455213932,248.07464094332843,0.011774562337252978,0.6317646723845975
humanresumes_losing,32954522.txt,7.365550575505541,164.91177182608598,0.010657183798793499,0.5731399374188006
humanresumes_losing,32959732.txt,8.104267069619183,275.1867257047477,0.038793066926546764,0.6751241237760145
humanresumes_losing,32965335.txt,7.940388152026585,245.63769361522264,0.027517790897828673,1.5748188796003324
humanresumes_losing,32977530.txt,7.985791030798021,253.49105528541327,0.016462769580293406,1.7451501735160402
humanresumes_losing,32980197.txt,7.733703950557535,212.85157431681338,0.02521505054000735,0.4768343025054553
humanresumes_losing,32985311.txt,7.351751562595941,163.34195190186327,0.019992212461997044,0.668707422560843
humanresumes_losing,33072201.txt,8.538605818741933,371.85743782716065,0.05608029132145687,3.3969488933711207
humanresumes_losing,33135102.txt,7.435740613539327,173.1334425959661,0.03762866545979334,0.7342787838881022
humanresumes_losing,33236701.txt,7.757302992889896,216.3619496866491,0.024129317796707572,0.5919959098945275
humanresumes_losing,33241454.txt,7.401192823097292,169.03671470615484,0.02134351965661362,1.3235903872256225
humanresumes_losing,33286293.txt,7.693990912636137,207.0723208526643,0.013189715848313686,3.0404614158874135
humanresumes_losing,33344933.txt,7.928772099625353,243.6678496897244,0.02228083838082508,2.0289334507247854
humanresumes_losing,33370664.txt,7.8642855227730175,233.01605044623562,0.031817907474660914,0.5576810366657396
humanresumes_losing,33381211.txt,7.752776016458987,215.68410002893032,0.028445168462872723,1.114928208351321
humanresumes_losing,33527446.txt,7.715582996887865,210.19477496089445,0.020138922475739004,0.9742400813231109
humanresumes_losing,33542483.txt,7.651098288636322,201.00649218298355,0.017734921021504077,0.7573985682128158
humanresumes_losing,33578873.txt,6.707092787871331,104.48070943611413,0.026724881589641872,1.7145860210035584
humanresumes_losing,33704389.txt,7.671324708074241,203.8444274891066,0.017048959705501854,0.43945241559151194
humanresumes_losing,33750209.txt,7.8078574947424855,224.07804552511664,0.020799489315930206,0.992300286951267
humanresumes_losing,33893326.txt,8.166375210810651,287.2922392075174,0.02042042252913062,3.193554588013369
humanresumes_losing,33919379.txt,6.819810841690005,112.97117039003207,0.006245656671704184,0.363920511021999
humanresumes_losing,33964275.txt,8.620889644577945,393.68273785704423,0.032496836819692045,0.5444914768513619
humanresumes_losing,34033933.txt,7.72024916381771,210.87571702986332,0.013436433131255018,1.0706734746437478
humanresumes_losing,34046031.txt,7.891762743038058,237.49654950872684,0.017239181968882532,0.6379412524036319
humanresumes_losing,34051710.txt,7.661949651771848,202.5240811464341,0.052663962141876616,1.7445843088329034
humanresumes_losing,34131484.txt,7.285278335333367,155.98660493019548,0.013601619740176107,1.247373636479968
humanresumes_losing,34141299.txt,7.9347308036718305,244.67634223088285,0.0689190470278464,1.6308090894364664
humanresumes_losing,34146825.txt,7.599752438814658,193.978431668836,0.02418674640687409,0.535145184014569
humanresumes_losing,34151183.txt,7.745231154586329,214.5590812674606,0.016200702754043252,0.5263299770908995
humanresumes_losing,34250007.txt,7.61788756349713,196.43219073992995,0.032428823970947096,1.1901047658797386
humanresumes_losing,34303500.txt,7.90454339024727,239.60984736038932,0.03050579934532406,0.9495880504312537
humanresumes_losing,34317538.txt,8.486043612156763,358.55325692042936,0.023347489384491764,2.41082662039498
humanresumes_losing,34319869.txt,7.700383261267872,207.99186051138287,0.013149043163505014,6.959897859195421
humanresumes_losing,34327438.txt,7.891717416073802,237.48908789820044,0.0391107348712426,3.084948450494596
humanresumes_losing,34349255.txt,6.696378042136109,103.70761648830891,0.006637082636738566,0.4213851619388483
humanresumes_losing,34419403.txt,7.208918998060089,147.94519163569564,0.016136974137835467,0.4744989866584225
humanresumes_losing,34544955.txt,7.7032451616042605,208.40486724901163,0.05227128075096972,0.7964221090813667
humanresumes_losing,34554248.txt,7.8972343986371065,238.39900407299947,0.01988468185543707,2.00777721162777
humanresumes_losing,34583750.txt,7.067963343576663,134.1741876853149,0.012343711350613911,0.6594913740688595
humanresumes_losing,34594746.txt,7.938738300125957,245.356945318805,0.019078202859488334,0.6257654522567829
humanresumes_losing,34657584.txt,7.518725092665631,183.38414384153668,0.06676978407405365,1.5794402634237985
humanresumes_losing,34712719.txt,7.921455398488264,242.4352041746116,0.0408275929467532,0.6807703266847344
humanresumes_losing,34740556.txt,7.559890545772887,188.69214359560607,0.01974159641583463,0.6287039230136958
humanresumes_losing,34758680.txt,7.491873077373424,180.00249298200873,0.01611930449096771,0.6217747800554803
humanresumes_losing,34783330.txt,8.003629857966091,256.64491357804025,0.025829079526363444,2.4456334271914018
humanresumes_losing,34816637.txt,7.349776758539652,163.11851751680948,0.035879046934473094,0.8728339263698087
humanresumes_losing,34953092.txt,7.3493791286509245,163.07356563258264,0.010888746367689835,1.0803658728723777
humanresumes_losing,34962725.txt,7.426525092155263,172.03104057411,0.019059783073542367,0.6366982210497862
humanresumes_losing,34970271.txt,7.488231723351523,179.5487405955703,0.012829840247270486,0.43419915924071334
humanresumes_losing,35157762.txt,7.260035000817564,153.28099285305817,0.10285152914327313,1.2465714944175865
humanresumes_losing,35164503.txt,8.027421940894857,260.91244349269607,0.024387823200680912,4.338695121877207
humanresumes_losing,35325329.txt,7.824192571199295,226.62961227584012,0.025298652087847744,0.7095944288178873
humanresumes_losing,35422305.txt,7.732189866270169,212.62830733175858,0.020337340742818785,0.8979879624118926
humanresumes_losing,35468363.txt,5.837573811604939,57.185354696286744,0.04449205370023437,0.34236587718638484
humanresumes_losing,35483925.txt,7.6260876694986335,197.5518668481308,0.03317733528879487,0.9467351702270868
humanresumes_losing,35579812.txt,7.48840510689836,179.57032011675918,0.029615924898551187,0.38171394651883916
humanresumes_losing,35603950.txt,7.89456526953722,237.95834999262348,0.02044332630665207,4.036550724520558
humanresumes_losing,35651876.txt,8.120727219589956,278.34439456778085,0.03187547420663032,0.6455289011185451
humanresumes_losing,35673335.txt,7.7430254764871025,214.23130119449704,0.012569174014762062,3.792073190679142
humanresumes_losing,35737840.txt,7.616677521022384,196.26750476331864,0.07225212563378185,0.45192856451447294
humanresumes_losing,35971546.txt,8.084770514313266,271.4928727017336,0.01961721526344128,0.7518557019960213
humanresumes_losing,36019469.txt,8.052675517093192,265.51977781973477,0.0182843979870257,5.004193900663977
humanresumes_losing,36024962.txt,6.792492247206425,110.85209664383348,0.044396978636684646,1.1250682650469226
humanresumes_losing,36074301.txt,7.557711892283656,188.40740944265005,0.06752765407732238,0.7913254409583254
humanresumes_losing,36094883.txt,7.692092033081127,206.79995092709513,0.026003322106001193,1.86985570075773
humanresumes_losing,36136569.txt,7.860419937718181,232.39253842249045,0.021240005086618996,0.8683191387256309
humanresumes_losing,36139251.txt,7.938909822511887,245.38611760350352,0.016143107174484733,0.471856608942355
humanresumes_losing,36170003.txt,7.5321082730245035,185.09322426822098,0.015564929269087445,1.298251773310009
humanresumes_losing,36302399.txt,7.931961978227016,244.2072088513633,0.04366419313126104,0.8824676286170665
humanresumes_losing,36331163.txt,7.100558723008718,137.2401429030867,0.024150087587630636,0.39556646254617334
humanresumes_losing,36379931.txt,8.009448562009267,257.68210875189646,0.01782203019976316,0.4998716501409686
humanresumes_losing,36392131.txt,7.886253159913034,236.59129125294672,0.04412592409110468,0.8423794974520062
humanresumes_losing,36574147.txt,7.756800864284259,216.28665822384153,0.0244893566659094,0.9502579759143592
humanresumes_losing,36621169.txt,7.311392197958896,158.83578789227616,0.00777105866141046,0.7254241610306478
humanresumes_losing,36694627.txt,7.931764340366153,244.17375667802565,0.04158175835051644,0.6337063536144542
humanresumes_losing,36758947.txt,8.240963499318744,302.53610165083353,0.02130128858209174,1.2548826473011916
humanresumes_losing,36805025.txt,8.328487340895876,321.4581996780122,0.022509875077346843,1.4630354754061479
humanresumes_losing,36856210.txt,7.629772727052747,198.05711606470595,0.01974952523466726,0.7230942096795274
humanresumes_losing,36861863.txt,6.887239862888548,118.37657928633274,0.022323370408663903,1.0579480899593412
humanresumes_losing,36868767.txt,7.705046426733119,208.66523195086992,0.05575512456856154,3.0576283978252357
humanresumes_losing,36904300.txt,8.299368465518741,315.03503419329377,0.01245970213110223,0.7922689858997204
humanresumes_losing,36905896.txt,7.972708027226634,251.202676777784,0.022026455023197677,0.7326225016779591
humanresumes_losing,36970996.txt,8.291967233119484,313.4229978255968,0.017817319646455502,0.5166726805340573
humanresumes_losing,37087371.txt,7.757332041051473,216.3663061029175,0.028215071853673133,3.0129714947618167
humanresumes_losing,37231163.txt,7.462531676777591,176.37859481041326,0.013831048130173867,0.3736886942817585
humanresumes_losing,37242217.txt,7.892659707411684,237.6442537522343,0.019049125789790997,0.7893778871620483
humanresumes_losing,37333719.txt,6.549767600580786,93.68639166494015,0.025493666568813137,1.2424598324922271
humanresumes_losing,37335325.txt,7.994743288726608,255.0689166154238,0.01897622832729506,0.8293652168471832
humanresumes_losing,37360517.txt,7.648228091599247,200.60699352808194,0.025505292987337592,0.4639856785573416
humanresumes_losing,37370455.txt,7.599719821126193,193.97404608744168,0.032087713102661765,1.0251532329945416
humanresumes_losing,37374340.txt,7.6265543827996485,197.61578541463527,0.015063937272149849,0.5376028553138267
humanresumes_losing,37375999.txt,7.786893065700008,220.84541426724073,0.02541598627653773,1.4085663346752613
humanresumes_losing,37402097.txt,7.12403030768572,139.49120071999675,0.020355893789836176,0.7035334498712842
humanresumes_losing,37521676.txt,7.768316178116604,218.01992475248582,0.017339311538175795,4.8331382191024
humanresumes_losing,37540732.txt,7.217114696061808,148.78803412710326,0.06584923241779923,0.706623276733607
humanresumes_losing,37660306.txt,7.827397729068978,227.13366278291423,0.023518117314859647,1.3258782911502394
humanresumes_losing,37664296.txt,8.34443069375294,325.0303650058939,0.02039353919799811,1.4170996233556783
humanresumes_losing,37739183.txt,8.125266403011082,279.22153487239206,0.0193324859368554,0.7676934195712227
humanresumes_losing,37750854.txt,7.738434019799954,213.5505820283342,0.03109427002161999,4.458481022647649
humanresumes_losing,37751611.txt,7.8473185414358095,230.2916898033108,0.04290472997498821,0.3868938154841615
humanresumes_losing,37764298.txt,8.028429664540475,261.09475470903544,0.02526363379493516,1.096218030501521
humanresumes_losing,37792474.txt,7.622512946194205,197.0629769176257,0.0794503427394073,0.9568200189139997
humanresumes_losing,37818861.txt,7.0910534068879345,136.33889704790911,0.024412893850907228,0.532504140332618
humanresumes_losing,37931076.txt,7.318114439203493,159.5776105736946,0.019165003793848612,0.672412592420966
humanresumes_losing,38007664.txt,7.629413894062384,198.00786061736596,0.03140453087761907,1.3657013453249818
humanresumes_losing,38047274.txt,7.6977941520981386,207.61892604525897,0.026800380189159062,0.43378979444926236
humanresumes_losing,38056161.txt,7.4769469447164,178.1497865540923,0.02787102252862382,0.9544833079921596
humanresumes_losing,38059130.txt,7.643267782821287,199.91844610795533,0.02731581673821266,0.7390231363499539
humanresumes_losing,38087844.txt,7.859054359689264,232.1726721377961,0.0313675985588894,0.6876104403285478
humanresumes_losing,38108845.txt,7.8495470528527855,230.64769313181873,0.019433454041422587,0.4735972928981512
humanresumes_losing,38154903.txt,7.102185613558312,137.39499241952353,0.02675997746049545,0.7085799819880424
humanresumes_losing,38216888.txt,6.460522756444304,88.06658125548216,0.03336427318701011,3.963313901341193
humanresumes_losing,38220146.txt,7.805462389865598,223.70634869741815,0.015913801951179002,0.6123930428698638
humanresumes_losing,38225199.txt,7.8940051716996,237.8659852965576,0.04353588186708289,1.192841897593382
humanresumes_losing,38291889.txt,7.895742803557851,238.1526519259295,0.028579990297378906,0.6956352045484061
humanresumes_losing,38309905.txt,7.381036004053489,166.6914161819401,0.017397863054304748,0.3492990130762795
humanresumes_losing,38314236.txt,7.329115960288376,160.79914890809994,0.015101893817725644,1.0696433552768467
humanresumes_losing,38457612.txt,7.971874795242333,251.0576359571249,0.013722546755065805,1.351889728087071
humanresumes_losing,38535335.txt,6.6480650515559985,100.29216203150092,0.021173033294214653,1.6248273630653396
humanresumes_losing,38663892.txt,8.084339287296153,271.4117345796784,0.025344596783933734,2.0417029526371517
humanresumes_losing,38688388.txt,7.65823229066624,202.002913456351,0.0117996713164431,0.38692200178126157
humanresumes_losing,38698573.txt,8.066951926419275,268.160312732778,0.011469911855676937,0.575078658989062
humanresumes_losing,38753827.txt,7.983897494336434,253.1585666556322,0.019337829644370225,1.5210105748853116
humanresumes_losing,38860712.txt,7.78583535026684,220.68356024529638,0.022610370029907918,1.4406547954603308
humanresumes_losing,38896303.txt,7.364704990265084,164.81514287936733,0.031123032022929247,0.5084002027458712
humanresumes_losing,38897568.txt,7.746323092899783,214.72153692113687,0.01991038911639845,0.733282088638825
humanresumes_losing,38907798.txt,7.45570306959226,175.54572701851882,0.017538351142638058,0.6152127847565999
humanresumes_losing,38989376.txt,7.999456391752533,255.90355723682333,0.01753763120090922,1.115774366112051
humanresumes_losing,39027764.txt,7.428657275202752,172.28547608728493,0.02596911994732641,0.6251439002056978
humanresumes_losing,39064638.txt,7.893379913727385,237.76291751361853,0.020004537763441153,0.8118182797137086
humanresumes_losing,39081840.txt,7.8793738022599165,235.46581309983208,0.011656228413572865,1.2555001129471304
humanresumes_losing,39115899.txt,7.700236870509883,207.97075657706813,0.08044842176225074,0.9357645960968729
humanresumes_losing,39142536.txt,7.7720143943670035,218.57951573179713,0.020101743940398174,0.5702740609266482
humanresumes_losing,39166680.txt,7.853935420815815,231.35034190903096,0.02287174178192842,1.8280221105229897
humanresumes_losing,39252859.txt,7.625246582332189,197.4367282293008,0.015215169416030511,1.016821814695927
humanresumes_losing,39308779.txt,7.512250085622471,182.5629356608171,0.03482349265463624,2.121049122300132
humanresumes_losing,39413067.txt,7.485805650736488,179.2470606015751,0.0226350587582037,0.7999746522177519
humanresumes_losing,39434376.txt,6.678898363170769,102.45867736952775,0.05717612314861815,4.0095059844969
humanresumes_losing,39470264.txt,8.069754407453775,268.6817289450036,0.05335215459164499,0.7795485826793941
humanresumes_losing,39566718.txt,7.905982341769279,239.848954689451,0.031582905384775845,0.868193936453268
humanresumes_losing,39674178.txt,7.48205029382505,178.7810845386986,0.03197405894442239,1.7632509717562856
humanresumes_losing,39674782.txt,7.706342982088124,208.8528444559382,0.045098109791657,0.6673216062083314
humanresumes_losing,39675895.txt,7.651878833615195,201.11527266253512,0.0482903150114043,2.2875982044305347
humanresumes_losing,39776400.txt,7.331725056543766,161.09021530887253,0.00959207301289072,2.1799192666325617
humanresumes_losing,39805617.txt,7.993059992495783,254.77148288857143,0.05580330826304398,2.4538751186716667
humanresumes_losing,39835894.txt,7.514860523211366,182.89356725828063,0.02057512570237347,0.8031899820130036
humanresumes_losing,39875803.txt,7.731648622442855,212.5485523102271,0.012020095823099033,0.4599690222391318
humanresumes_losing,39908485.txt,8.472436886791822,355.1874721158259,0.03420858690385062,3.307199751467672
humanresumes_losing,40088790.txt,7.63708341159171,199.06329399808442,0.03511397935624694,0.9305103111930062
humanresumes_losing,40311088.txt,7.319014627522513,159.67721216819444,0.028977181291896314,2.393331394611207
humanresumes_losing,40792022.txt,7.565242172565061,189.3933903232771,0.01884446756488485,0.57257739102246
humanresumes_losing,40882926.txt,7.462124588567477,176.32883272267253,0.01208311091629343,3.264584538094658
humanresumes_losing,40883703.txt,7.225634727684589,149.66932180329425,0.015744551020748242,1.4369776583419196
humanresumes_losing,41152404.txt,7.815849323967374,225.3227733824442,0.027052129261513347,2.2624542254654236
humanresumes_losing,41506705.txt,7.684924199521773,205.77504174284246,0.031299192025531164,0.5906122157726015
humanresumes_losing,41523474.txt,7.56253826522973,189.03876057124936,0.01963210335392425,2.955202977470644
humanresumes_losing,41586420.txt,8.167253171354881,287.4671257965141,0.02295457581058726,1.5706188261630603
humanresumes_losing,41651672.txt,7.290408077904626,156.54222851215636,0.011517094807205587,0.8795565241066942
humanresumes_losing,41910253.txt,7.279735748903356,155.3884808798478,0.025729646468580333,0.38629329979077
humanresumes_losing,41950126.txt,7.872620883888791,234.36622810794907,0.011090744837618021,1.3343598022313685
humanresumes_losing,42156237.txt,7.238792594108159,151.04060036511885,0.01106597284793545,2.360258980828982
humanresumes_losing,42164460.txt,7.437692177240411,173.3678022941793,0.026936405766869422,0.3185227552189662
humanresumes_losing,42332765.txt,7.4863011290679315,179.3086316783998,0.012511073514292655,1.4491285578235904
humanresumes_losing,42384185.txt,7.645438669336971,200.21949861041736,0.045922956461983654,1.5250207092683317
humanresumes_losing,42641525.txt,7.923151023797275,242.72031012245068,0.02023262274271733,1.1907149104602104
humanresumes_losing,43375498.txt,7.761874202863971,217.0485843677334,0.03834231841324641,0.7091783959509602
humanresumes_losing,43378989.txt,7.0096821226381945,128.86191438642285,0.09463068205053426,1.2099019878874389
humanresumes_losing,43408471.txt,7.8365265659317,228.5754366948239,0.02437183586692602,0.7067533242231598
humanresumes_losing,43622023.txt,7.88595557786668,236.54249503620184,0.016478170434487616,0.5107567744439502
humanresumes_losing,43685045.txt,7.499350558038112,180.93786686335844,0.025340669871951573,0.3818365561608212
humanresumes_losing,43720116.txt,7.452663069498498,175.1762122203644,0.01844908676444719,0.45597817434219035
humanresumes_losing,44115326.txt,8.338956958223323,323.7995023714929,0.04490784533114689,2.0009120570844505
humanresumes_losing,44147689.txt,7.140067665293918,141.05047022730813,0.03101251227865626,0.7089789658019793
humanresumes_losing,44476983.txt,7.688431167845869,206.27585747275828,0.013040097300154516,0.7623818475973172
humanresumes_losing,44624796.txt,7.391443871774603,167.89830688884473,0.013225644206524313,0.3599028528880318
humanresumes_losing,45167858.txt,7.346171116876698,162.71135414704213,0.010509706300055046,0.4339661907948463
humanresumes_losing,45286020.txt,7.503092850125103,181.40782156750666,0.13647652306396535,0.4117649679510128
humanresumes_losing,45462344.txt,7.412632635932995,170.38241524032435,0.028385564261369893,0.7929612852340189
humanresumes_losing,45475027.txt,8.173879327525201,288.7904706503759,0.021549049025366744,0.9412850637356776
humanresumes_losing,45907524.txt,7.970516472919363,250.8213720931812,0.01981358685347483,1.6987316239081331
humanresumes_losing,46258701.txt,7.747769857327474,214.93697212304303,0.016929408055337252,0.6184114322902492
humanresumes_losing,46514339.txt,7.71358102341281,209.90329788501703,0.018403543867623443,0.4415612992709354
humanresumes_losing,46772262.txt,7.607088176872984,194.9672746301305,0.04760931880254233,0.5195647390836574
humanresumes_losing,47067533.txt,7.440353020985564,173.68784934915226,0.06088258784526277,0.6840354692866243
humanresumes_losing,47133747.txt,8.109368199914075,276.1614625466409,0.02210612547207975,0.7783561710425934
humanresumes_losing,47276718.txt,7.942112747402532,245.93150410197197,0.04905137899520657,1.7786895826175917
humanresumes_losing,47317494.txt,6.0836620632704985,67.82108987194904,0.06372009511727639,2.070002082666486
humanresumes_losing,47410104.txt,7.638969737338759,199.32373975782792,0.0255661176087003,0.8213643163362643
humanresumes_losing,47470864.txt,7.756257497489676,216.20521283440647,0.025052778131449287,0.5345933760477135
humanresumes_losing,47549345.txt,7.586871994090372,192.25429175754238,0.034285510858839616,1.9494587847766311
humanresumes_losing,47603843.txt,6.988198126350406,126.95717545783194,0.021911614441439013,2.5565212739410517
humanresumes_losing,47729453.txt,7.428395112549174,172.2541716793841,0.024234460597269015,2.763179083697216
humanresumes_losing,47919212.txt,7.799423981659722,222.77198128114372,0.05820455795930107,0.5640997222052115
humanresumes_losing,47996197.txt,7.398069704718725,168.6711830794479,0.017223426511593656,1.2434026187419238
humanresumes_losing,48037995.txt,7.785223967275978,220.5900591333079,0.015722874216991634,0.5703061810167973
humanresumes_losing,48285304.txt,7.4881586918460075,179.53965178429698,0.015090261891321382,1.3708786809955138
humanresumes_losing,48547319.txt,7.309109543002529,158.58467410206674,0.018944557934064785,0.5991097436266835
humanresumes_losing,48549972.txt,7.1706163272674805,144.06901997424404,0.03571412558971072,1.152938058957169
humanresumes_losing,49119887.txt,7.632268242547287,198.40000371962077,0.01111785667432296,0.7649139891855915
humanresumes_losing,49204385.txt,8.223089193188462,298.8109471846033,0.028588155435776773,0.959872341999431
humanresumes_losing,49475708.txt,7.7271040497357735,211.88006553266368,0.025627880435790666,0.749517455042121
humanresumes_losing,49777184.txt,7.992892281733598,254.74186787296463,0.019784986687744654,0.46111651144874344
humanresumes_losing,50222417.txt,7.624663176515597,197.35690370244097,0.024461725403817563,0.9660060879199927
humanresumes_losing,50432401.txt,7.681406776096067,205.27395432980074,0.018010998098266312,0.6131786140812061
humanresumes_losing,50775901.txt,7.923260534395329,242.73873498315507,0.03371054899836217,1.5382703344211424
humanresumes_losing,51209395.txt,6.49719873625018,90.33409695655435,0.009362432485858224,0.38837158856461884
humanresumes_losing,51415089.txt,7.885311240888127,236.436873929934,0.01974849190744485,1.7926641757668027
humanresumes_losing,51432451.txt,7.7595323524601625,216.69654670262796,0.026732408840626918,0.4061030462364613
humanresumes_losing,51554903.txt,7.717804869743175,210.51874216543501,0.020603199891146753,1.2120872909437812
humanresumes_losing,51588273.txt,7.015234258239115,129.3587881349533,0.01968011276910016,1.0938122557164094
humanresumes_losing,51638201.txt,7.678451409731091,204.8538802498863,0.030592127489589862,0.8926039715937149
humanresumes_losing,51639418.txt,7.592828650853192,193.049719904618,0.051776516264099307,1.4453421335967749
humanresumes_losing,51681660.txt,7.944351711559373,246.31346931271332,0.02279376266471765,1.677272358079841
humanresumes_losing,51769822.txt,7.720031102863548,210.84384592491554,0.013217960786358809,0.8159434032851041
humanresumes_losing,51777546.txt,7.883107386657997,236.07596978962542,0.015005180972365901,1.387195747454092
humanresumes_losing,52246737.txt,8.007557667206807,257.3445941875907,0.038823108648646666,1.8251937389691395
humanresumes_losing,52684666.txt,7.426758019956693,172.05881778681146,0.06572560842121611,4.290324211539203
humanresumes_losing,52979663.txt,7.841271737134197,229.32848237317185,0.030377681872142417,0.7861316328230826
humanresumes_losing,53169257.txt,7.889679974185549,237.15393134008312,0.05613480094321244,0.967565312900205
humanresumes_losing,54067174.txt,7.511635451685695,182.48517461382593,0.015097968632571308,0.6433426268936615
humanresumes_losing,54100393.txt,7.218755335845506,148.9573328451195,0.02129827606652922,0.40115595268951176
humanresumes_losing,54180474.txt,7.678259134740024,204.82658019529293,0.04507716566637748,0.5240504999014577
humanresumes_losing,54227873.txt,7.982354656822055,252.88798018380365,0.02058956137433003,1.056039462219312
humanresumes_losing,54259150.txt,7.905429465635716,239.75705629574097,0.04212361288552186,0.8290876243672094
humanresumes_losing,54308684.txt,8.061303062585406,267.1123855417158,0.015912254657878853,1.0592829278604092
humanresumes_losing,55097118.txt,7.847914082030578,230.38677321116523,0.0422435586384001,0.7849479533538058
humanresumes_losing,55104715.txt,7.235346600049668,150.68025817150183,0.017884693174421876,0.7514809550614576
humanresumes_losing,55477468.txt,7.653847940784265,201.38995850770038,0.017011423157581064,0.340695728314263
humanresumes_losing,55595908.txt,7.849185831931515,230.58995096139063,0.07485289655700525,0.831950833733712
humanresumes_losing,55712978.txt,8.023818748902775,260.26161668220084,0.047171652988233045,2.2414962879258082
humanresumes_losing,55746506.txt,7.782116689809027,220.11546340394,0.023692825094164198,0.9280298343952054
humanresumes_losing,55953734.txt,7.542560843832749,186.43912589674787,0.01876455853058716,1.339438746608
humanresumes_losing,56025640.txt,8.004425782779082,256.78654185470367,0.022876099980001587,1.1151007643645796
humanresumes_losing,56068028.txt,7.949597978574317,247.2108028390319,0.026550485225459275,6.33750632194001
humanresumes_losing,56151548.txt,7.747530562010281,214.901324155767,0.0120657121245555,1.0847357701353104
humanresumes_losing,57002858.txt,7.258951738789731,153.16594348202946,0.03744966235935973,2.2367834587147333
humanresumes_losing,57262959.txt,7.443197102186771,174.03058954270023,0.02417266307718137,0.5690261751011813
humanresumes_losing,57575888.txt,8.024907011913282,260.4580129644566,0.029986788342648067,1.032349978053853
humanresumes_losing,57667857.txt,8.04675795907955,264.4329156200785,0.017601651410773994,0.3314692822958738
humanresumes_losing,57706851.txt,8.291571061859308,313.33694212198685,0.022152774146414707,1.5558011759515065
humanresumes_losing,58048626.txt,7.846404640461358,230.1458536100746,0.013420960709081489,1.2350951479671788
humanresumes_losing,58428843.txt,7.725728393817798,211.67812739811342,0.01919398370513814,0.43544504086610997
humanresumes_losing,58665241.txt,7.638603932543057,199.27320632230803,0.016637063316755654,4.295285308459901
humanresumes_losing,58879993.txt,8.089430781408495,272.3712808001549,0.02808371262700426,0.862207916851184
humanresumes_losing,59011090.txt,7.38686246281128,167.3659762653908,0.009967523075086474,1.1727462180161266
humanresumes_losing,59346975.txt,8.003756637547049,256.66746773076017,0.020393957488257966,1.9690525306461437
humanresumes_losing,59403481.txt,7.838100283582041,228.82490692319777,0.02308296737828201,0.4122408132563242
humanresumes_losing,59422148.txt,7.594708719629292,193.3014594148631,0.010983929631281775,0.9280859649774675
humanresumes_losing,59696315.txt,8.145864367619716,283.2366931514479,0.018255730324768252,1.4651531715399708
humanresumes_losing,59818742.txt,7.9769838031312545,251.94828104830987,0.04637625963150265,1.6982624320052444
humanresumes_losing,59938965.txt,6.944990380391148,123.21126716561224,0.005888340282655697,0.26933310030897956
humanresumes_losing,60489316.txt,7.785750471612461,220.67057706305525,0.020363667814583986,2.0425134225450776
humanresumes_losing,60624892.txt,7.676727367860462,204.60922305257355,0.03541967516299022,0.6070735718011114
humanresumes_losing,61315605.txt,7.873073483085363,234.43976451302925,0.02851951547812006,1.1301599167954808
humanresumes_losing,61579998.txt,7.665910509145185,203.08086629231664,0.02948111862700489,2.4471559430379837
humanresumes_losing,61634281.txt,7.5891115527529625,192.55296827445892,0.012861775893115426,2.2404621373127234
humanresumes_losing,61677751.txt,7.634103163522744,198.65250333134873,0.023283292310733773,0.7191428798152288
humanresumes_losing,62555739.txt,8.088370026292516,272.17109085556933,0.018335802771179483,0.46651770536589066
humanresumes_losing,62994611.txt,7.595602082858947,193.42119497181457,0.024997951277057315,0.9658844643720822
humanresumes_losing,63083944.txt,7.787178222685128,220.8890699497525,0.02506796320230828,1.059350483961813
humanresumes_losing,63137898.txt,7.4751040593154965,177.92236493627857,0.025235988493290784,0.432826350716478
humanresumes_losing,63158213.txt,7.771754065135473,218.5400773875075,0.05173095528597572,2.41316672546505
humanresumes_losing,63282405.txt,7.671068144013478,203.80817970109817,0.031341707823641145,0.49790089213397065
humanresumes_losing,63391085.txt,7.752262409585656,215.60732904346125,0.012977626626200167,0.7843444977218945
humanresumes_losing,63670997.txt,7.470964902208257,177.41262922777062,0.01755319539844624,1.6104057554340077
humanresumes_losing,64017585.txt,7.535288308804059,185.50166281208286,0.024838338254999103,0.6599352604177218
humanresumes_losing,64468610.txt,7.929365012416023,243.768011867,0.02383886353407006,1.0348182222330036
humanresumes_losing,64471954.txt,7.1529612258031285,142.31670717491187,0.009394251918329787,0.6692595420054488
humanresumes_losing,64589506.txt,7.95875996295465,248.78573625962585,0.03883455291423758,4.0005695253956075
humanresumes_losing,64755882.txt,7.726073863676726,211.7288222207576,0.026488716683546444,2.913316303875976
humanresumes_losing,65219288.txt,7.441137782690677,173.78235348703365,0.02440363616327696,0.44791321290557345
humanresumes_losing,65237556.txt,8.019069827052343,259.4063215129564,0.04308054320328782,1.9921010734754034
humanresumes_losing,65352424.txt,7.602451526340643,194.3416787968954,0.02595374552817139,1.1727276564118292
humanresumes_losing,66226673.txt,7.048248523893062,132.35313190778749,0.018946098184841265,1.5925535022963142
humanresumes_losing,67406885.txt,8.271628043098774,309.03534538473576,0.03917678065493309,1.4707088752556852
humanresumes_losing,67501448.txt,8.018122776657158,259.23609132900134,0.02370195133367758,0.8768466184304492
humanresumes_losing,67582956.txt,7.4644686962721245,176.61556674498505,0.020771133368358823,1.4145253425953406
humanresumes_losing,67631413.txt,7.631488070772537,198.29274318705123,0.055382988095756175,1.0738983202406163
humanresumes_losing,67645662.txt,7.615109925263327,196.0543613007404,0.024886080468661635,0.49654736057534127
humanresumes_losing,68240723.txt,7.730153184398976,212.3283474142112,0.01691881756887692,6.398019434273478
humanresumes_losing,68338341.txt,7.8046825550756616,223.5854590795229,0.01375035749392196,1.719689908590068
humanresumes_losing,68460556.txt,7.068618738245246,134.23515484888162,0.030234743902930544,0.5481118263433251
humanresumes_losing,69005326.txt,7.9355420553190585,244.81396653732745,0.02017551214386672,0.736005317967348
humanresumes_losing,69097572.txt,8.151648528330059,284.37454631485485,0.017551524270136898,0.5396442061300315
humanresumes_losing,69181350.txt,7.80317803755709,223.35241405619954,0.024009528912274338,0.6810783728595425
humanresumes_losing,69199666.txt,7.9957414241265505,255.24544831407854,0.0264894071336685,0.6661115358398683
humanresumes_losing,69243180.txt,7.5957363225124,193.43919323303342,0.06587683150791189,1.849361677533879
humanresumes_losing,69336473.txt,7.569745603929279,189.9855131965464,0.02591752185756498,1.1109566852886212
humanresumes_losing,69487178.txt,7.555041162932551,188.05895067553692,0.033396381885183096,0.8331600610074003
humanresumes_losing,69532425.txt,6.974860890656114,125.78890705384602,0.017257776816238368,1.966288667623368
humanresumes_losing,69666645.txt,7.636193933578657,198.94060150489918,0.03006681133105774,0.855302916090982
humanresumes_losing,69859102.txt,7.971316142008696,250.9604380015944,0.01778113121019914,0.4043134606748976
humanresumes_losing,70196518.txt,7.284272665765009,155.87790814097198,0.0061489224772917316,0.538161951526653
humanresumes_losing,70528646.txt,7.959921817853701,248.98617317939846,0.03603362562838436,0.4251409083449084
humanresumes_losing,70541112.txt,7.95276009637619,247.75323693997908,0.01209688853394906,1.0063617598953194
humanresumes_losing,70750649.txt,8.130210870870764,280.1801369335031,0.01777817425397631,2.388819983384229
humanresumes_losing,71422121.txt,8.058065546112758,266.51363727367345,0.02525990376491318,1.1059220653373758
humanresumes_losing,71499299.txt,7.763742164720407,217.32979491723026,0.03664915636707755,0.5315828188037597
humanresumes_losing,71772815.txt,7.794381315524604,221.9946834284463,0.022226135589423917,0.46020055241524016
humanresumes_losing,72807293.txt,7.583374379340385,191.7887623301066,0.01185860024474457,1.5370323078514836
humanresumes_losing,72876163.txt,7.861067505026888,232.4968734245836,0.01910949134344856,0.9491775478633128
humanresumes_losing,73030450.txt,7.674798772436558,204.335884085415,0.11527122189309522,1.6804344937558502
humanresumes_losing,73077810.txt,7.726002402232867,211.7183348535806,0.02556416586152182,3.1429955577824322
humanresumes_losing,73282756.txt,8.108512857286774,275.9977809262081,0.01804796402585783,1.0517973732877852
humanresumes_losing,73497035.txt,7.584101457853205,191.88544293715182,0.016308995926185114,0.5222222694764155
humanresumes_losing,74191424.txt,7.911669626531705,240.7963354654678,0.014132260127633509,0.49587866558707167
humanresumes_losing,75156649.txt,7.032028330517509,130.87342188279626,0.011075507088805262,1.170859257950568
humanresumes_losing,75286906.txt,7.971147621066543,250.93112507108094,0.02082992337111717,0.7000729089008408
humanresumes_losing,75329822.txt,7.539182340675704,186.0030335830875,0.016756345443641466,1.4538736219424875
humanresumes_losing,75435017.txt,7.359532016066903,164.2252345789748,0.014836893730950833,0.4348230161080873
humanresumes_losing,76916835.txt,7.035654126675477,131.2027479852341,0.01162472301304018,0.5755840956990455
humanresumes_losing,77576845.txt,7.95210883069589,247.6414206780222,0.031197573270915456,1.0777123087644223
humanresumes_losing,78107631.txt,7.249503865446441,152.1661726470812,0.05549319145619973,2.0332540763603086
humanresumes_losing,78149576.txt,5.57033823397537,47.51589286189925,0.034663983569650766,2.133316573687399
humanresumes_losing,78257294.txt,8.247699798103929,303.9520203519807,0.023093038973405124,2.376356543889049
humanresumes_losing,78273826.txt,7.299109139922036,157.48920574052843,0.029680188668004957,0.7958383514196415
humanresumes_losing,78403342.txt,8.008248415366337,257.46783774322347,0.021915945594430192,0.469549443854743
humanresumes_losing,79041971.txt,6.646991282833419,100.2175443766003,0.00974099502003007,0.47669084959139874
humanresumes_losing,79376680.txt,8.082276461761223,271.02393607405816,0.007892312210141365,2.0439950770485416
humanresumes_losing,79432080.txt,7.9681814460993445,250.41574172249364,0.018477529316654584,0.7294894499952068
humanresumes_losing,79570655.txt,6.232368363355248,75.18476063362644,0.026415688179217377,1.7475631397994909
humanresumes_losing,79663360.txt,7.760675780821044,216.86836069359572,0.01869687944989772,0.8958734963468048
humanresumes_losing,79759716.txt,7.328928103037327,160.77821217606183,0.016488466506537153,0.5688968387246872
humanresumes_losing,80000092.txt,6.547435479128546,93.53506963264664,0.015428044830555756,0.5352617176419503
humanresumes_losing,80053367.txt,7.843480702091233,229.67988484262713,0.0254818107633224,1.3896541371025712
humanresumes_losing,80527194.txt,8.203678019437458,294.81743176799034,0.016250478727481543,0.699289130941751
humanresumes_losing,80679862.txt,8.244081346420952,303.1906275689461,0.022647731328500852,0.5775959364454528
humanresumes_losing,81011612.txt,6.65545125424468,100.80694703231576,0.07404185293902416,1.7252740028924995
humanresumes_losing,81125166.txt,7.742812144497192,214.1996250539133,0.04662770876103348,2.014808928699961
humanresumes_losing,81217013.txt,7.969963881698568,250.72531912039764,0.01953131902708287,0.4083537716520299
humanresumes_losing,81310245.txt,7.686193448026238,205.95615734945747,0.014727566994232067,0.565582248951845
humanresumes_losing,81373857.txt,7.421918427805445,171.4826049466527,0.025266018516491816,1.327862022915288
humanresumes_losing,81508860.txt,8.003719399421978,256.6608428435565,0.014540717452265506,0.9724905727872123
humanresumes_losing,81588968.txt,8.019101793000736,259.412069270256,0.0284976018160923,0.8800951055718598
humanresumes_losing,81677620.txt,7.950663722042574,247.3934891499459,0.02834436283172269,2.027298371143558
humanresumes_losing,81761658.txt,7.690873440612218,206.625348217665,0.024550383018552183,1.026952121554676
humanresumes_losing,82125182.txt,7.547165489589846,187.03513376969838,0.032058137934430894,1.0596147036237529
humanresumes_losing,82140102.txt,7.139665907299641,141.01119632482963,0.010239350495760503,0.2904076879725787
humanresumes_losing,82649935.txt,7.675038579342223,204.36985192160898,0.054936405365749834,0.7738858850469609
humanresumes_losing,82929064.txt,7.09134698056506,136.36664344120382,0.007878731656596161,0.6261210339466213
humanresumes_losing,83206166.txt,7.840275038555708,229.17010348586822,0.020261459993544464,0.673847391507664
humanresumes_losing,83338413.txt,7.7983426834440435,222.60507650165408,0.012162260729830296,0.9710777620705279
humanresumes_losing,84295343.txt,6.876644455929846,117.51038543285654,0.016656213470572275,0.6393813072150368
humanresumes_losing,84512719.txt,7.225193792056589,149.62358486617632,0.01925246779895044,0.5201351943069522
humanresumes_losing,85101052.txt,7.758964132598341,216.61121540718742,0.04970307444531885,2.5987763619685107
humanresumes_losing,85973397.txt,7.504371195875004,181.56863496431302,0.037550573812541746,1.337097293135861
humanresumes_losing,86184722.txt,7.9717199516043165,251.03069152987047,0.025514620227942642,1.2414219532711965
humanresumes_losing,86549455.txt,7.165028511717893,143.5120941628593,0.02230711066850841,1.7810507853278956
humanresumes_losing,86551046.txt,7.1216426124204615,139.2605303365687,0.018005565844076633,1.265313797225189
humanresumes_losing,86595128.txt,7.691816262200732,206.7604249339475,0.014452892345103932,0.768071569189271
humanresumes_losing,86597425.txt,8.083396547048155,271.2344364143991,0.05052624384192296,0.6662439493160878
humanresumes_losing,86828820.txt,7.451972064746473,175.09232851152655,0.018561331134892417,0.6240543430456349
humanresumes_losing,87118391.txt,7.676417591461951,204.56529394622788,0.020393949266525883,0.6983542736315882
humanresumes_losing,87635012.txt,7.633567198148273,198.57871705936967,0.026400990562022063,3.5227795665785284
humanresumes_losing,87826037.txt,7.8760181604467565,234.91876697822724,0.024160821251333127,0.591420511812602
humanresumes_losing,87867370.txt,7.7664885149042355,217.74390335197492,0.03414588641318532,0.8576168074900523
humanresumes_losing,87968870.txt,7.45652921555733,175.64628044241553,0.01588065257038576,0.45503257875954484
humanresumes_losing,88691367.txt,7.526951849325531,184.43285220908788,0.010558864390012529,0.6335379299272469
humanresumes_losing,88907739.txt,7.673081396302323,204.09278850660658,0.034667240002464246,2.3345074837394253
humanresumes_losing,89049979.txt,8.229208474148294,300.081064182273,0.05454595158350581,1.4625574705470912
humanresumes_losing,89508407.txt,7.3381325856587205,161.80726622901557,0.010272871684140537,2.663512794840225
humanresumes_losing,89512321.txt,7.9976503105255725,255.5833971062187,0.03763426719881824,0.7963770994103764
humanresumes_losing,89740812.txt,7.811262870415592,224.60759002185145,0.019819926910791222,0.5936940777426438
humanresumes_losing,89858892.txt,7.752775805141936,215.684068436859,0.016040137641750347,0.396169185326401
humanresumes_losing,90032884.txt,7.448877609729413,174.71717322161132,0.03080013759809058,1.844586482397366
humanresumes_losing,90318913.txt,7.0805697151559555,135.35174856521365,0.04976425051426575,0.507040205084234
humanresumes_losing,90468982.txt,7.82259607747225,226.37896149656106,0.014422285412764028,0.48122280772241255
humanresumes_losing,90629382.txt,7.751625369505759,215.51214594081557,0.026189551423777407,0.5955123127243032
humanresumes_losing,90867631.txt,8.283173801697838,311.5184502264246,0.038291307571881435,2.5462819279798885
humanresumes_losing,91026230.txt,7.761834997289376,217.0426861019177,0.022437881967325813,0.22408504551199138
humanresumes_losing,91051945.txt,8.026959727630864,260.82886527817755,0.047477869208869664,0.4858838852325265
humanresumes_losing,91072502.txt,7.498478928680262,180.82858311317,0.01726860355582868,0.5313072271554687
humanresumes_losing,91153752.txt,7.114014157219366,138.52611385445925,0.013666144201324917,2.445076082071884
humanresumes_losing,91197243.txt,8.07590578420152,269.82978244108835,0.019408021837978087,1.5282716021729412
humanresumes_losing,91268638.txt,7.76081830849055,216.8897867524932,0.01590625975156014,0.36983207844910754
humanresumes_losing,91431878.txt,7.59710610105912,193.6229428666778,0.0156824058616641,1.1392243513224976
humanresumes_losing,91515108.txt,7.663652781617336,202.76330598095902,0.022856048355949225,0.8789744257581135
humanresumes_losing,91533580.txt,7.302818650527794,157.89466883213862,0.015146974262901737,1.2711011247807957
humanresumes_losing,91591026.txt,7.922452417510965,242.60280442565397,0.03206886592101743,1.5149199303447656
humanresumes_losing,91635250.txt,7.984147348472942,253.2024138934942,0.01957437633446772,0.24388249223022793
humanresumes_losing,91930382.txt,7.448257761609523,174.64212281478737,0.03387624799127802,0.7886615550578027
humanresumes_losing,92122785.txt,7.73797089795598,213.48204081608017,0.023718282407327807,1.8079393637941263
humanresumes_losing,92200491.txt,7.788298959173657,221.06073105245764,0.03126735898763587,0.44510598733689705
humanresumes_losing,92283635.txt,7.566757271596591,189.59239320487703,0.03579783872641729,1.2448862633380433
humanresumes_losing,92524964.txt,7.811841959554917,224.69776425827575,0.05163169324025608,1.5236961507948836
humanresumes_losing,93459677.txt,8.184282760087656,290.8804971350009,0.0259990983225174,1.0950082813147033
humanresumes_losing,93512385.txt,7.119877937572771,139.0902938613846,0.01596424972723894,1.1365030782835657
humanresumes_losing,94417768.txt,7.927458427647282,243.44607452241067,0.03814295703271839,1.1941546919283157
humanresumes_losing,94492380.txt,7.692035610269684,206.7918632813062,0.024539437135468536,1.9764306523744672
humanresumes_losing,95011061.txt,7.358931088146537,164.15684384114581,0.007977425451587807,0.38831331791464446
humanresumes_losing,95085510.txt,7.740098630503582,213.79712321175535,0.026018167338431326,0.7886757267594667
humanresumes_losing,95350373.txt,7.300758108442956,157.66931533023376,0.02109467363694325,1.433038855735876
humanresumes_losing,95625660.txt,7.945065425560648,246.43535291125383,0.045563553585926286,1.7125416152205564
humanresumes_losing,95769832.txt,7.007488417132157,128.6661209082022,0.021779937100772896,0.3564810981582661
humanresumes_losing,95792386.txt,7.942890944579136,246.06419661323162,0.024317649043734457,1.1989398672651426
humanresumes_losing,96029688.txt,7.609555189339591,195.30095441847314,0.011879498154336851,0.8584428942941901
humanresumes_losing,96260484.txt,7.569077974797103,189.89761484263687,0.02573914988977459,1.0887026463416003
humanresumes_losing,96457008.txt,6.69397970237971,103.53535591646306,0.011641310648681204,1.2764405108179668
humanresumes_losing,96761538.txt,6.952960275574947,123.89380799513522,0.008402075651294577,0.6817852543572908
humanresumes_losing,98108571.txt,6.390858148210744,83.91507762398605,0.016748022135128035,0.6374208808623989
humanresumes_losing,98300955.txt,8.215712524003576,297.2869911204289,0.025703630890617488,3.6279611144912502
humanresumes_losing,98309114.txt,8.079739978371254,270.54785226811833,0.05475130872212131,2.742168006503702
humanresumes_losing,98379112.txt,7.685187384857755,205.812583920564,0.02044677093260502,0.36288059671050993
humanresumes_losing,98513424.txt,7.669237229948281,203.54969223976258,0.018068786634439088,1.717110893882076
humanresumes_losing,98559931.txt,7.89286379165232,237.67787338509612,0.012824615244153974,0.8803224670588161
humanresumes_losing,98965485.txt,7.453687159771815,175.30060437312466,0.02814371233039103,1.7131181811991685
humanresumes_losing,99124477.txt,8.482316842933317,357.62823756699026,0.035570044169168515,1.4896039670770573
humanresumes_losing,99416532.txt,7.6489262374935265,200.7040943272484,0.020454969308136794,1.46464938446904
humanresumes_losing,99433371.txt,6.414669757198,85.31158469099337,0.023791636673672702,0.4888553013235386
humanresumes_losing,99680385.txt,8.261201000964927,306.8098522316895,0.03836526747079288,2.7222517315397017
humanresumes_losing,99714410.txt,7.983224207436099,253.04044842898918,0.02239177057316247,1.098704303192122
