file,lexical_density,pattern_regularity,repetition,sentence_evenness,tonal_stability
10138632.txt,0.4328767123287671,0.042582417582417584,0.5,0.5022837691983986,0.9878571224243383
10176815.txt,0.43884892086330934,0.09956709956709957,0.5050359712230216,0.8277360992739211,0.9663425759982484
10182582.txt,0.4931972789115646,0.11643835616438356,0.5850340136054422,0.6698448978847161,0.9603231874751892
10186968.txt,0.5393700787401575,0.04940711462450593,0.6220472440944882,0.5091441457019623,0.9639066847804868
10268614.txt,0.45875542691751087,0.07111756168359942,0.5209840810419681,1.4203534923751364,0.9852747061992587
10395944.txt,0.3711967545638945,0.11608961303462322,0.4766734279918864,0.7016012843830474,0.956406064915181
10464113.txt,0.33260393873085337,0.05921052631578947,0.4299781181619256,0.5542868702803309,0.963431375243194
10466208.txt,0.26555555555555554,0.7639198218262806,0.30666666666666664,1.0437612685542046,0.9582003494645178
10466583.txt,0.45454545454545453,0.26666666666666666,0.5371900826446281,0.6554666118295088,0.9651259698232828
10480456.txt,0.27866473149492016,0.3467312348668281,0.31204644412191584,4.517481641519074,0.9991191268312951
10549585.txt,0.4240331491712707,0.01662049861495845,0.5027624309392266,1.0035719805629544,0.9528029188896464
10553553.txt,0.42671009771986973,0.06699346405228758,0.49022801302931596,1.0568682813377386,0.9848646348558844
10554045.txt,0.42824339839265213,0.04833141542002301,0.5063145809414467,1.4951954604062063,0.9532144680284221
10554236.txt,0.2086981903093987,0.3195093457943925,0.27553998832457677,0.43806921804226634,0.9667218255701021
10562768.txt,0.41154791154791154,0.17857142857142858,0.4680589680589681,0.8256613137775145,0.9637711938376422
10567764.txt,0.26185344827586204,0.6285097192224622,0.30495689655172414,0.8771902648699529,0.9906685298808592
10624813.txt,0.4143835616438356,0.09382151029748284,0.4954337899543379,0.5114291856233469,0.9607467044281908
10659182.txt,0.46909667194928684,0.06995230524642289,0.5467511885895404,0.6828202946185259,0.9644166142686998
10738095.txt,0.3113026819923372,0.41746641074856045,0.3726053639846743,0.8671515620177924,0.9778421734472362
10748989.txt,0.3164005805515239,0.5094614264919942,0.3468795355587808,1.5039850166739606,0.971793499061507
10751444.txt,0.403954802259887,0.08679245283018867,0.4774011299435028,0.8988321081851565,0.9776408351712002
10820510.txt,0.44542772861356933,0.08902077151335312,0.528023598820059,0.7293596075506058,0.98176612235051
10830646.txt,0.2937181663837012,0.358843537414966,0.3471986417657046,1.6704786807807976,0.9602776027857972
10840430.txt,0.3833515881708653,0.04061470911086718,0.44468784227820374,0.9466400948984455,0.9434707727814468
10926726.txt,0.40228245363766046,0.03719599427753934,0.47788873038516405,1.1237609658054775,0.9618536652400519
10945968.txt,0.35185185185185186,0.10463576158940398,0.4372523117569353,0.6987439709494605,0.9908446954187613
10953078.txt,0.40620592383638926,0.16407355021216408,0.47531734837799716,0.7288974918822676,0.9278374919249742
10969918.txt,0.4432515337423313,0.02923076923076923,0.5506134969325154,1.1045637635445287,0.967656173821858
10984392.txt,0.4500601684717208,0.024125452352231604,0.54632972322503,0.5456594450468232,0.9677009814966846
11121498.txt,0.42857142857142855,0.0448318804483188,0.5006211180124224,1.2750620803021933,0.9865261175488489
11152490.txt,0.3045507584597433,0.08177570093457943,0.38156359393232203,0.7071893196090598,0.9767018612641692
11174187.txt,0.32114467408585057,0.06284805091487669,0.4130262112787927,0.8523269784241713,0.9640155193559101
11188218.txt,0.46055979643765904,0.04336734693877551,0.544529262086514,0.8565880080259048,0.9844305955667797
11232471.txt,0.4830188679245283,0.03802281368821293,0.5660377358490566,0.5347127392086364,0.9683723895493932
11262933.txt,0.3824228028503563,0.14047619047619048,0.44655581947743467,0.827599258053739,0.9064567489645408
11289482.txt,0.37165510406342916,0.0605759682224429,0.46085232903865214,0.729019062841254,0.9871968175522898
11333001.txt,0.48855989232839836,0.02699055330634278,0.5773889636608345,0.5726066721621996,0.948504176541401
11336022.txt,0.4567901234567901,0.05955334987593052,0.5753086419753086,0.6711396782215828,0.965736673480888
11393213.txt,0.31610044313146235,0.8148148148148148,0.36336779911373707,0.760520065387647,0.9758625543883648
11441764.txt,0.41482444733420026,0.03911342894393742,0.49154746423927176,0.82366007662688,0.9805849476748691
11480899.txt,0.3309024612579763,0.08949771689497717,0.4056517775752051,1.3282361412061143,0.9879581059742397
11522068.txt,0.5132275132275133,0.0213903743315508,0.6455026455026455,0.6054487394420651,0.9676850448595304
11580408.txt,0.3637602179836512,0.15163934426229508,0.4223433242506812,1.9710813324762666,0.9648468002469215
11584809.txt,0.4405144694533762,0.05806451612903226,0.5,0.7607212084489883,0.9676608062746606
11592605.txt,0.4580745341614907,0.056074766355140186,0.546583850931677,0.9692204916012016,0.9876341638642542
11698189.txt,0.48975409836065575,0.06995884773662552,0.5778688524590164,0.6600083582912302,0.9772191891515092
11704150.txt,0.45454545454545453,0.37865748709122204,0.5197255574614065,2.2235823547354356,0.9781536020353367
11722421.txt,0.38003220611916266,0.10339256865912763,0.4524959742351047,0.8652561670504861,0.9450962859920067
11807040.txt,0.4149443561208267,0.1178343949044586,0.4841017488076312,1.2442437129914776,0.9528158902078315
11813872.txt,0.3024193548387097,0.09046849757673667,0.36532258064516127,0.7546115430096252,0.9535206671231481
11887930.txt,0.36117936117936117,0.22536945812807882,0.4152334152334152,1.0898721808645055,0.9867080590903424
11919526.txt,0.4398092967818832,0.1854066985645933,0.4880668257756563,1.221217208413513,0.9381600045427673
11958994.txt,0.4344919786096257,0.08445040214477212,0.5120320855614974,0.6692408979704455,0.9634940717419896
11995013.txt,0.3885941644562334,0.12632978723404256,0.46286472148541113,2.116445964730027,0.9230391978590642
12021752.txt,0.3728,0.47191011235955055,0.4256,1.1259914410568728,0.9728929225942495
12022566.txt,0.4200848656294201,0.06808510638297872,0.48514851485148514,1.0262460317974569,0.9901749747749039
12059198.txt,0.4597402597402597,0.06788511749347259,0.5558441558441558,0.7199064565083779,0.9463956591798788
12059610.txt,0.3685968819599109,0.23102678571428573,0.43875278396436523,0.5738880777285776,0.9737303635904155
12065211.txt,0.4447334200260078,0.06388526727509779,0.5084525357607282,0.7949188618618526,0.9877657671705208
12071138.txt,0.27953044754218637,0.1462160176340926,0.33162142333088773,0.7529976422226052,0.9800689674107134
12082377.txt,0.335016835016835,0.375,0.4090909090909091,0.6548569404450788,0.9834678042529966
12085736.txt,0.3951935914552737,0.058902275769745646,0.45927903871829107,0.5208623470027279,0.9635712289848342
12144825.txt,0.4693069306930693,0.041749502982107355,0.5366336633663367,0.9735693904356408,0.9765098290488976
12155206.txt,0.44768439108061747,0.10327022375215146,0.5145797598627787,0.7384528118742198,0.9746224073404197
12191094.txt,0.4017094017094017,0.07,0.47435897435897434,1.1489761576875452,0.9892054599802319
12212468.txt,0.3060869565217391,0.24804177545691905,0.37445699391833187,0.7991850345543646,0.9290934132594522
12254068.txt,0.3605051664753157,0.12428078250863062,0.45120551090700345,0.7586121569155188,0.9781047774843636
12351749.txt,0.45794392523364486,0.11032863849765258,0.5210280373831776,1.148637337508331,0.9883820767086451
12545844.txt,0.4752186588921283,0.08211143695014662,0.5597667638483965,0.5424962994548578,0.9828133756867421
12547982.txt,0.2712665406427221,0.2803030303030303,0.32892249527410206,0.7246739121377265,0.9551969303172724
12587973.txt,0.41237113402061853,0.08862629246676514,0.5066273932253313,1.0312129488625044,0.940747680215541
12613221.txt,0.4053398058252427,0.15853658536585366,0.4733009708737864,0.9949127519762692,0.9926682595687896
12632728.txt,0.0,0,0,0.0,1.0
12674256.txt,0.4380704041720991,0.047058823529411764,0.5384615384615384,1.3889073630570978,0.9942403686352649
12674307.txt,0.46766169154228854,0.015,0.5771144278606966,1.3648474919758966,0.8797054094287521
12693146.txt,0.297153024911032,0.38324420677361853,0.37544483985765126,0.5619587984637282,0.9566774786723634
12695537.txt,0.4689189189189189,0.06233062330623306,0.5297297297297298,0.9019269494932626,0.982469898011358
12696104.txt,0.41346153846153844,0.3235294117647059,0.5,0.9451080185178129,0.9822992694111403
12717345.txt,0.3948948948948949,0.12349397590361445,0.46096096096096095,0.8839098437777704,0.9749403466150901
12780508.txt,0.3440082644628099,0.061076604554865424,0.4318181818181818,0.7468400407349053,0.9839974666007395
12786012.txt,0.3996710526315789,0.08250825082508251,0.48026315789473684,0.7954678291200072,0.9829887703751253
12791244.txt,0.464354527938343,0.07543520309477757,0.5375722543352601,0.9431999500172851,0.9476350495980305
12802330.txt,0.3572311495673671,0.03965303593556382,0.4363411619283066,0.9606249243023058,0.9842180018246123
12839152.txt,0.33836206896551724,0.3174946004319654,0.41810344827586204,0.6324279371672596,0.9752090900333302
12920612.txt,0.38814993954050786,0.052121212121212124,0.4655380894800484,0.8046088509219518,0.9524491985277064
12938200.txt,0.4465592972181552,0.07342143906020558,0.5285505124450952,0.7202046214119855,0.9530409442831568
12955994.txt,0.3731481481481482,0.04359925788497217,0.42777777777777776,1.164618798879187,0.9648601013662729
13014900.txt,0.36091205211726385,0.10176125244618395,0.44234527687296415,0.8477830075880478,0.9693599841632151
13037145.txt,0.5088757396449705,0.06547619047619048,0.5680473372781065,0.8785338439274538,0.9805069904642181
13087952.txt,0.3602693602693603,0.5287162162162162,0.4225589225589226,0.6019555607474748,0.9381900942206212
13115648.txt,0.46129541864139023,0.03486529318541997,0.5545023696682464,0.814326029053176,0.9645813778506404
13129275.txt,0.4095826893353941,0.05581395348837209,0.47449768160741884,0.9179507499352588,0.9961185031044307
13264796.txt,0.19943932719263116,0.8364729458917836,0.24028834601521826,1.9257312568949538,0.9842896717253251
13294301.txt,0.30564784053156147,0.8366666666666667,0.3588039867109635,0.6391313392224504,0.9270337881601303
13296856.txt,0.40852575488454707,0.062388591800356503,0.49023090586145646,1.6121038287606415,0.8267308620523972
13313917.txt,0.4481751824817518,0.0527086383601757,0.5109489051094891,0.7582712936038328,0.9738341329133051
13342150.txt,0.48342541436464087,0.04155124653739612,0.5607734806629834,0.7990529372993894,0.9501630699770233
13348915.txt,0.37936267071320184,0.3592085235920852,0.4324734446130501,0.7881009846884559,0.9708849480982034
13385306.txt,0.3192090395480226,0.06382978723404255,0.39745403111739747,0.8778883818215149,0.984558479151139
13386301.txt,0.30182232346241455,0.2557077625570776,0.37699316628701596,1.6519766751714837,0.9848282818197797
13393401.txt,0.36351875808538164,0.05714285714285714,0.4494818652849741,0.590798944996957,0.9652726840369525
13405229.txt,0.2998921251348436,0.7885652642934197,0.3401506996770721,1.172315281919741,0.9521559038681993
13518263.txt,0.4411764705882353,0.17105263157894737,0.5359477124183006,0.46711739735041846,0.9447217127346288
13520837.txt,0.4149326805385557,0.05889570552147239,0.49571603427172584,1.3552365843333865,0.9458418690661057
13565152.txt,0.32509505703422054,0.1548223350253807,0.3960709759188847,0.7385477084806684,0.9747833566813083
13569152.txt,0.4304932735426009,0.0704647676161919,0.515695067264574,0.8336343219774158,0.9781873710158694
13727873.txt,0.3167701863354037,0.11264685556323428,0.40924775707384403,1.628676786837561,0.9665107597494924
13764840.txt,0.5255474452554745,0.022058823529411766,0.6204379562043796,1.9200254379430897,0.8653433179643145
13807808.txt,0.4919614147909968,0.08737864077669903,0.5819935691318328,1.0736213832062267,0.9339944825517577
13809698.txt,0.3793103448275862,0.25951557093425603,0.45689655172413796,0.8844399316638227,0.9798975094673508
13812481.txt,0.3412816691505216,0.4947683109118087,0.4247391952309985,2.688710223784947,0.9389810282796097
13836471.txt,0.29797979797979796,0.16554054054054054,0.3451178451178451,1.0311665428973944,0.9941788469938246
13888506.txt,0.5163398692810458,0.045951859956236324,0.5947712418300654,0.8805963310094512,0.9752946055988567
13907230.txt,0.5686274509803921,0.06324110671936758,0.6705882352941176,1.3474055551703081,0.9860570919774765
13909762.txt,0.38827098078867545,0.057750759878419454,0.4752275025278059,1.0228412084067664,0.9787675051001521
13915715.txt,0.49242424242424243,0.1482889733840304,0.5246212121212122,0.7577403545939098,0.9744562067886007
13982572.txt,0.4802065404475043,0.027633851468048358,0.5645438898450946,1.258199957073161,0.9410301156971064
13998435.txt,0.3517647058823529,0.37028301886792453,0.40352941176470586,0.7963077176669933,0.9788759237257474
14062078.txt,0.38269030239833157,0.05329153605015674,0.46715328467153283,1.0058495788283572,0.9785037710017761
14070138.txt,0.33120340788072417,0.28068303094983993,0.4036208732694356,1.0619399326234806,0.9275638619976354
14128006.txt,0.4107424960505529,0.06497622820919176,0.47235387045813587,1.033793313462962,0.9610151696501437
14241621.txt,0.3691931540342298,0.09681372549019608,0.44987775061124696,0.6023558740810442,0.9598811498724816
14248724.txt,0.43373493975903615,0.07272727272727272,0.5421686746987951,0.857901365857895,0.9601980504524055
14256329.txt,0.3604135893648449,0.07566765578635015,0.44822485207100593,1.0303624974298027,0.964317090029773
14267489.txt,0.4499411071849234,0.03778040141676505,0.5335689045936396,1.0148248347076463,0.9703368473501898
14278888.txt,0.4471428571428571,0.09742120343839542,0.5128571428571429,0.7898722190639317,0.9810284515311105
14364597.txt,0.3910149750415973,0.22370617696160267,0.46256239600665555,0.670570734074715,0.9780069375185876
14381464.txt,0.5304347826086957,0.05309734513274336,0.7391304347826086,0.7275304578557179,0.9431213964903309
14391434.txt,0.4135514018691589,0.04918032786885246,0.4941588785046729,0.9698076181019976,0.9762585941666143
14408510.txt,0.41734860883797054,0.0755336617405583,0.5008183306055647,0.7048422428767583,0.9775950678167646
14445309.txt,0.4042207792207792,0.11074918566775244,0.4512987012987013,1.2093120761075131,0.9981287246010898
14449423.txt,0.37098445595854923,0.08307372793354102,0.45181347150259066,0.8322743761132686,0.9469237623606857
14517953.txt,0.4642313546423135,0.08854961832061069,0.5205479452054794,0.8926574784215027,0.9326317413127185
14528265.txt,0.4934210526315789,0.1456953642384106,0.5657894736842105,1.5345781880419609,0.9830706998042992
14536764.txt,0.4414814814814815,0.06240713224368499,0.5348148148148149,0.6175122442042039,0.9812701734983699
14554542.txt,0.2680546519193234,0.14332247557003258,0.3240078074170462,1.4473518931690645,0.9919178706894776
14589288.txt,0.47058823529411764,0.07407407407407407,0.5828220858895705,0.8134127226954865,0.989383638051343
14667957.txt,0.31666666666666665,0.1440501043841336,0.3927083333333333,1.0112493072920783,0.9812344997268576
14708590.txt,0.38439306358381503,0.11014492753623188,0.4682080924855491,0.9134501255837116,0.9739930749762316
14726000.txt,0.3803680981595092,0.26615384615384613,0.4677914110429448,0.7872725242996613,0.9943463267996587
14743911.txt,0.26040268456375837,0.6123822341857336,0.3087248322147651,0.6302931002871739,0.997097175518751
14771530.txt,0.5047923322683706,0.07717041800643087,0.6198083067092651,1.0626614417610816,0.9532687143004731
14825300.txt,0.37527593818984545,0.1006637168141593,0.47019867549668876,1.1659884151531354,0.98064679916084
14874322.txt,0.20402298850574713,0.8818443804034583,0.23994252873563218,0.2518023250512007,0.9781021405142001
14886205.txt,0.4544138929088278,0.09869375907111756,0.5296671490593343,1.0400013596988045,0.9829691256392333
14910300.txt,0.41029641185647425,0.11737089201877934,0.46957878315132606,0.9665343263760418,0.9568481793772123
14937492.txt,0.39241917502787066,0.09273743016759776,0.4760312151616499,0.869075357420748,0.9827169913065643
14945250.txt,0.3349236641221374,0.06500956022944551,0.42366412213740456,0.5291995166726314,0.9597740909733601
14990354.txt,0.45563139931740615,0.03595890410958904,0.5358361774744027,1.0397737730133525,0.9845937083808105
15119529.txt,0.2736954206602769,0.7588046958377801,0.3226837060702875,0.7122660319127192,0.9781936714866978
15139979.txt,0.3397243858597963,0.16676664667066587,0.42180946674655484,1.4456630279775406,0.965630008157753
15180322.txt,0.35958254269449713,0.34790874524714827,0.4240986717267552,0.7387934652364686,0.9727060508353973
15224503.txt,0.3832658569500675,0.07036535859269283,0.44804318488529016,1.4143895118038443,0.9862738564174228
15297298.txt,0.4172461752433936,0.03626220362622036,0.49235048678720444,0.6138196544974964,0.9765565128787326
15306049.txt,0.56,0.08071748878923767,0.6444444444444445,0.59113259299789,0.9914246196403872
15313140.txt,0.42424242424242425,0.2402315484804631,0.4935064935064935,0.6615667221513777,0.9836836454635048
15353911.txt,0.5944700460829493,0.046511627906976744,0.7050691244239631,0.8593409537449103,0.9603479203322804
15354126.txt,0.4373134328358209,0.041916167664670656,0.5567164179104478,0.8702735209345078,0.972288229117476
15363277.txt,0.372615039281706,0.05736782902137233,0.4444444444444444,1.0653287983174027,0.9780663207746352
15425154.txt,0.36353591160220994,0.08859357696567,0.4276243093922652,1.011251025218665,0.9334167754443299
15433732.txt,0.31532846715328466,0.17276720351390923,0.38686131386861317,0.7772780938207272,0.9347661654676421
15564893.txt,0.367816091954023,0.4769452449567723,0.41379310344827586,1.3340179684126658,0.9568306775697735
15603319.txt,0.4464,0.07062600321027288,0.5024,1.2091399124997901,0.9864492070143209
15618327.txt,0.4264264264264264,0.15210843373493976,0.4804804804804805,0.7702579222971069,0.97439382146727
15620421.txt,0.3701968134957826,0.13708920187793427,0.450796626054358,1.0418430320218124,0.9655852593039929
15636923.txt,0.4379310344827586,0.026497695852534562,0.5264367816091954,0.786777167649067,0.9754367144043553
15651486.txt,0.3261608154020385,0.2792281498297389,0.3929784824462061,1.3311556648265594,0.980105022249194
15680735.txt,0.3557504873294347,0.130859375,0.4220272904483431,0.7986011474765891,0.941268889751873
15684810.txt,0.3709677419354839,0.4806138933764136,0.4088709677419355,1.7112729387934242,0.9862659147517049
15699744.txt,0.42357512953367876,0.11298701298701298,0.49740932642487046,0.7282620601294291,0.9737179728359612
15717923.txt,0.40745672436750996,0.06809078771695594,0.48468708388814913,1.9464884174604373,0.9370159961910266
15721849.txt,0.357926221335992,0.24575424575424576,0.43968095712861416,0.9876120955847192,0.9628615030724599
15727656.txt,0.42673107890499196,0.15024232633279483,0.4927536231884058,1.134165950448434,0.9537084786467898
15746146.txt,0.3811659192825112,0.08545727136431784,0.4648729446935725,0.7366556836283102,0.9346445558141186
15765660.txt,0.413677130044843,0.04157303370786517,0.49551569506726456,0.5419605812397703,0.9711557128352544
15790602.txt,0.3625866050808314,0.05324074074074074,0.4387990762124711,1.02271218774836,0.9793820703470884
15791766.txt,0.43645484949832775,0.050335570469798654,0.5016722408026756,0.9798729439982103,0.9290331689425555
15792052.txt,0.39105339105339104,0.2170767004341534,0.46464646464646464,0.721972960059279,0.952428678548319
15802627.txt,0.34171322160148976,0.18470149253731344,0.40502793296089384,1.0637259039948561,0.9900943949007059
15811992.txt,0.2956204379562044,0.07769652650822668,0.3658759124087591,0.6808148512956635,0.9514289873963595
15821633.txt,0.42550655542312277,0.04898446833930705,0.5172824791418356,0.812402010880508,0.9592227223273913
15891494.txt,0.4264305177111717,0.06557377049180328,0.510899182561308,0.8414004560561482,0.9738644731067844
15899269.txt,0.4040114613180516,0.29394812680115273,0.4699140401146132,0.5931268732619733,0.9558897462402839
15906625.txt,0.30404463040446306,0.45454545454545453,0.3598326359832636,0.8358244629879906,0.9934861254117938
15917885.txt,0.43034825870646765,0.0725,0.5149253731343284,1.0272052792910444,0.9828200433674573
15918496.txt,0.4434250764525994,0.18098159509202455,0.5152905198776758,0.5624863342241062,0.9545260214611814
15936656.txt,0.4163568773234201,0.20599250936329588,0.5315985130111525,0.9464362052362235,0.9856752865196419
15941675.txt,0.41784037558685444,0.10047095761381476,0.4679186228482003,1.8776778445367377,0.9858665985093782
15958967.txt,0.41420765027322404,0.087527352297593,0.4672489082969432,1.9893276331672611,0.9883487529342151
15973307.txt,0.5058479532163743,0.03529411764705882,0.5906432748538012,0.6390517945052078,0.9693851972844449
16203589.txt,0.43777292576419213,0.036105032822757115,0.5218340611353712,0.7001532879927391,0.9504260854825625
16223371.txt,0.42105263157894735,0.2852941176470588,0.5350877192982456,1.7636149516250186,0.9210239164977073
16248476.txt,0.5125,0.23109243697478993,0.5875,0.4646601886422926,0.9709628720879561
16270906.txt,0.28792987188132163,0.24915597569209993,0.3668240053944707,0.9325653815161236,0.940740133837143
16276121.txt,0.4835390946502058,0.03305785123966942,0.5576131687242798,1.6548234491647948,0.9781668346299914
16300459.txt,0.4762684124386252,0.0755336617405583,0.5613747954173486,1.5821016718614116,0.9454289010368533
16332348.txt,0.3804755944931164,0.12343358395989974,0.45118898623279097,1.1227299006824374,0.9609571346826945
16378091.txt,0.49415204678362573,0.03823529411764706,0.5935672514619883,0.42973504259354006,0.9618475776882985
16407619.txt,0.38461538461538464,0.0633693972179289,0.4699537750385208,0.8526371046609047,0.9789523956808698
16449850.txt,0.29003021148036257,0.603030303030303,0.34894259818731116,0.7712221395653825,0.9832900423610855
16605352.txt,0.46077210460772106,0.0599250936329588,0.5354919053549191,1.0123231294960189,0.9591577374880362
16702198.txt,0.36721311475409835,0.16104461371055495,0.44299674267100975,0.9845718642600386,0.977343975370644
16833515.txt,0.3674383868558626,0.1705310396409873,0.4480955937266617,0.6609992889760532,0.9697408904715121
16861758.txt,0.42191780821917807,0.046703296703296704,0.5178082191780822,1.6450952175628968,0.9402883700363797
16877897.txt,0.3790720631786772,0.17804154302670624,0.4383020730503455,0.6553131459475797,0.9637019859128412
16887936.txt,0.4578441835645678,0.029946524064171122,0.5346851654215582,1.212652288517498,0.9597057768318005
16893572.txt,0.3652694610778443,0.11884753901560624,0.4275449101796407,0.883815701772954,0.9648466986093857
16985289.txt,0.4020926756352765,0.09745127436281859,0.47234678624813153,0.7499036432619526,0.9796534048009571
17021141.txt,0.3480392156862745,0.11425061425061425,0.40931372549019607,3.246251991577868,0.9447504896167745
17043822.txt,0.3689655172413793,0.23732718894009217,0.4241379310344828,0.8519053787360417,0.9559750438129078
17095812.txt,0.3419354838709677,0.2683189655172414,0.4096774193548387,0.6333582824862328,0.9550867883238121
17103000.txt,0.34714285714285714,0.07449856733524356,0.43,0.8868902763278544,0.9782705410968638
17108676.txt,0.31092436974789917,0.4957865168539326,0.3599439775910364,1.4094556446802513,0.9919959762236937
17111768.txt,0.3777292576419214,0.05102040816326531,0.4519650655021834,1.142649261226847,0.9850096915405623
17115815.txt,0.48868778280542985,0.045454545454545456,0.5588235294117647,1.7114385769729048,0.9802293813577858
17131084.txt,0.4441176470588235,0.09292035398230089,0.5176470588235295,1.701889131160885,0.9416895446866992
17132168.txt,0.3388822829964328,0.18831942789034564,0.43757431629013077,1.1458011656974096,0.9632967800383856
17150707.txt,0.38412698412698415,0.054140127388535034,0.4634920634920635,1.1951290027998374,0.9145305123236843
17152392.txt,0.36319612590799033,0.032766990291262135,0.4661016949152542,0.6987614974196439,0.9572489452475803
17163375.txt,0.5305466237942122,0.012944983818770227,0.6720257234726688,0.9794837128778464,0.9895494134536578
17254634.txt,0.39208173690932313,0.07426376440460948,0.4725415070242657,1.2596206695265781,0.9607619243857413
17274759.txt,0.434640522875817,0.06721311475409836,0.5032679738562091,1.0860023411819872,0.9868690969947568
17276884.txt,0.39119804400978,0.06862745098039216,0.4718826405867971,0.7083461389568015,0.9647238565815776
17286050.txt,0.5407166123778502,0.13114754098360656,0.6026058631921825,1.6616464975924008,0.9588480519732043
17306905.txt,0.1822947000582411,0.8421665695981363,0.21756835369400815,1.6675756343069668,0.9888945464983848
17307206.txt,0.4152542372881356,0.08737864077669903,0.5157384987893463,1.144972628378113,0.9653442869189008
17311685.txt,0.52,0.0846774193548387,0.62,1.1540845337803949,0.9597989187799533
17312146.txt,0.3925549915397631,0.24448217317487267,0.467005076142132,0.9661147870651872,0.9758844818338491
17325147.txt,0.4182692307692308,0.38102893890675243,0.47275641025641024,1.5110511119624521,0.9832508621818566
17342969.txt,0.22406363937686444,0.1724709784411277,0.29300629764666886,0.5522979216306224,0.9535271229359931
17378327.txt,0.3817733990147783,0.4306930693069307,0.46551724137931033,0.5179599084766356,0.9603606894119064
17392859.txt,0.3788235294117647,0.07193396226415094,0.47058823529411764,0.5547847863537266,0.9729150467376083
17396388.txt,0.45064377682403434,0.043041606886657105,0.542203147353362,0.5911202867795688,0.9504703376205447
17407184.txt,0.3922480620155039,0.07776049766718507,0.45891472868217054,1.0316242255568857,0.9442486731338957
17410700.txt,0.4323770491803279,0.06172839506172839,0.5184426229508197,0.6114995819948676,0.9628064826513693
17412079.txt,0.3786407766990291,0.0267639902676399,0.46116504854368934,0.9793978917647777,0.960875208674066
17421910.txt,0.5064655172413793,0.032467532467532464,0.5991379310344828,0.6087615023846144,0.9750092954148654
17422560.txt,0.38156028368794326,0.2361308677098151,0.47375886524822697,0.9908472370843708,0.9695624339594497
17431847.txt,0.4411764705882353,0.09180327868852459,0.5179738562091504,0.9060377622811281,0.9814351459721716
17432318.txt,0.5,0.05859375,0.5758754863813229,0.6985420232730811,0.9448370398355305
17481570.txt,0.4217252396166134,0.18006430868167203,0.4984025559105431,0.6064782736518075,0.9599416092612679
17483843.txt,0.4178743961352657,0.05811138014527845,0.4975845410628019,0.7438735126008917,0.9890648410702263
17488801.txt,0.3896940418679549,0.06462035541195477,0.45410628019323673,0.5820862278318909,0.9795065707042409
17499196.txt,0.262987012987013,0.403470715835141,0.31926406926406925,1.0383156826500302,0.9771544296348709
17509935.txt,0.3850415512465374,0.07242339832869081,0.5401662049861495,0.7130063328313658,0.9333100448989271
17510973.txt,0.4827586206896552,0.04007285974499089,0.5499092558983666,0.8232138511450448,0.9555608738525173
17539842.txt,0.3503184713375796,0.3670212765957447,0.4182590233545648,0.6678310434951145,0.9725280896009172
17545780.txt,0.4140845070422535,0.06638418079096045,0.5056338028169014,1.4958761491586678,0.9701474270447868
17555081.txt,0.4605263157894737,0.08211143695014662,0.5263157894736842,1.23716555463797,0.9833869245527942
17556527.txt,0.3245454545454545,0.08652094717668488,0.39090909090909093,1.0578880741213061,0.9838027523716998
17562754.txt,0.34323040380047504,0.05476190476190476,0.39429928741092635,1.2212079876893065,0.973032945078672
17570634.txt,0.38089005235602097,0.08136482939632546,0.450261780104712,0.9655088381319774,0.9806185475339328
17571262.txt,0.41455696202531644,0.050793650793650794,0.5079113924050633,0.44052419234002166,0.9845729164087708
17576030.txt,0.3767313019390582,0.2116991643454039,0.4515235457063712,0.704704848005678,0.9781853970497953
17584743.txt,0.4069264069264069,0.01881331403762663,0.4790764790764791,0.8110319098999477,0.9820458578589173
17597372.txt,0.47126436781609193,0.04046242774566474,0.5862068965517241,0.7491572752551873,0.9685352788808131
17602815.txt,0.435126582278481,0.03650793650793651,0.5126582278481012,0.7871135269131607,0.9915357903423105
17624934.txt,0.4311475409836066,0.046052631578947366,0.5262295081967213,1.9861935633755283,0.9332055943837652
17640785.txt,0.4647887323943662,0.06,0.5211267605633803,1.6509921180059972,0.9961813587369668
17641670.txt,0.3297062023939064,0.04632152588555858,0.4060968971148612,1.5878087392373554,0.9707175395306458
17655479.txt,0.40268456375838924,0.253028263795424,0.4993288590604027,0.662515989015431,0.9447481473912289
17658471.txt,0.4366412213740458,0.11638591117917305,0.5190839694656488,1.2092408918546704,0.9901525529143226
17659053.txt,0.4360400444938821,0.11259754738015608,0.5150166852057843,1.2457629141080364,0.9697510224640811
17660419.txt,0.49537037037037035,0.06542056074766354,0.5601851851851852,0.8860434254254237,0.9995382026230211
17681064.txt,0.38388625592417064,0.07606973058637084,0.46445497630331756,1.923943286701589,0.9895724881487824
17686472.txt,0.4853658536585366,0.08108108108108109,0.5647921760391198,1.5548311469049005,0.9760657664782209
17688766.txt,0.4275491949910555,0.06104129263913824,0.4937388193202147,1.0486432022106718,0.9903387251282035
17694454.txt,0.39938319198149574,0.05250965250965251,0.4710871241326137,1.1512222425536733,0.9682042142584013
17694572.txt,0.636734693877551,0.05761316872427984,0.7346938775510204,0.7789216875209111,0.990167367311273
17704246.txt,0.31262770739681245,0.11901840490797547,0.3943604413567634,1.3289174015585667,0.9553961097415241
17714174.txt,0.20082449941107186,0.8384433962264151,0.24381625441696114,0.806106024274202,0.9617700839022825
17730889.txt,0.48208955223880595,0.0374251497005988,0.5671641791044776,1.2850109194255874,0.9544081378251036
17775916.txt,0.3810082063305979,0.2044653349001175,0.43259085580304807,0.8792682324767417,0.9717852986887211
17781039.txt,0.47435897435897434,0.029205607476635514,0.5617715617715617,0.6538635159324669,0.9635765800367972
17812897.txt,0.32046979865771813,0.06050420168067227,0.401006711409396,1.01743988991986,0.9742160564795281
17818707.txt,0.3753180661577608,0.04591836734693878,0.46946564885496184,0.9730362741457467,0.9537263320378285
17823436.txt,0.3873239436619718,0.1028225806451613,0.45774647887323944,1.235300502324572,0.9746727896113104
17847636.txt,0.37777777777777777,0.08917197452229299,0.46984126984126984,1.4460599646196408,0.9762804146811448
17855844.txt,0.3884393063583815,0.13093858632676708,0.4705202312138728,1.0161073707604735,0.9640548061151464
17857644.txt,0.39308578745198464,0.07830551989730423,0.4839948783610755,1.0795465003100706,0.9726967154837237
17864043.txt,0.3639960435212661,0.03964321110009911,0.4688427299703264,0.8608669928190674,0.9823398196172568
17876954.txt,0.4370860927152318,0.05309734513274336,0.5187637969094923,0.5493034670692124,0.9379218138972671
17880988.txt,0.25481798715203424,0.776824034334764,0.3158458244111349,0.9536459726786,0.9878294399766789
17911230.txt,0.40555555555555556,0.08913649025069638,0.49166666666666664,1.2501109191341468,0.9815102349656806
17915015.txt,0.4161764705882353,0.1592920353982301,0.4808823529411765,1.258007471291412,0.9824580364871446
17926546.txt,0.3849938499384994,0.05425400739827373,0.46002460024600245,1.3871227844266873,0.9830169606636067
17960690.txt,0.44851657940663175,0.1243432574430823,0.5287958115183246,1.5962379044816828,0.9939061605047902
17963031.txt,0.3313008130081301,0.22606924643584522,0.3983739837398374,1.1600353360902766,0.9612426008351521
17983430.txt,0.5023622047244094,0.06477093206951026,0.5858267716535434,0.795809204039055,0.9731168238880615
17983957.txt,0.39123630672926446,0.04081632653061224,0.486697965571205,0.9128305520856976,0.987326299540719
17987433.txt,0.4143049932523617,0.2327469553450609,0.4817813765182186,0.6863774848784593,0.9909842223349317
18001081.txt,0.2645381984036488,0.8022857142857143,0.3261117445838084,0.5389577835115155,0.9744853034569313
18024825.txt,0.39334341906202724,0.291350531107739,0.44478063540090773,1.4838561358647357,0.9802292128651547
18029935.txt,0.4150268336314848,0.09694793536804308,0.4919499105545617,1.035694751337464,0.9931456616176051
18036030.txt,0.519203413940256,0.017094017094017096,0.625,0.6496771168188072,0.9401768384375173
18062906.txt,0.47032640949554894,0.14285714285714285,0.5534124629080118,0.9068312696242649,0.9487014982859325
18067556.txt,0.1950664136622391,0.820493358633776,0.23587409935532802,0.735466997095333,0.94940937462774
18072085.txt,0.37706855791962174,0.09563164108618655,0.45700824499411075,1.2015779056035016,0.9732296635725449
18079050.txt,0.3799392097264438,0.053353658536585365,0.46200607902735563,1.3856009570722343,0.9961793250787802
18084150.txt,0.3800277392510402,0.19610570236439498,0.47156726768377255,0.7805999088183526,0.9693674779611275
18090899.txt,0.25065616797900264,0.6947368421052632,0.3123359580052493,0.6282324881708907,0.9788277704291857
18106533.txt,0.27335047129391604,0.5287553648068669,0.3281919451585261,0.4145264596655278,0.9800186615458097
18129173.txt,0.4541284403669725,0.09969325153374232,0.518348623853211,0.9038784037675444,0.9732940506908736
18132924.txt,0.48711340206185566,0.04780361757105943,0.5644329896907216,0.982111363151639,0.9845866141392204
18133495.txt,0.281226626776365,0.32209737827715357,0.3545250560957367,0.5598006766396582,0.985200540686509
18155310.txt,0.45454545454545453,0.05236907730673317,0.5422885572139303,1.1345479519514796,0.9756083045409228
18159866.txt,0.32238805970149254,0.09940209267563528,0.39477611940298507,0.5320911534701432,0.9687960670093493
18171955.txt,0.38152011922503726,0.04185351270553064,0.481371087928465,0.7857040940811404,0.9195225703410592
18172739.txt,0.4593908629441624,0.07653061224489796,0.5355329949238579,0.9907383022818389,0.9763077678954482
18176523.txt,0.4470198675496689,0.051666666666666666,0.5232558139534884,1.1419836624648383,0.9883967263005122
18187364.txt,0.3281519861830743,0.05363321799307959,0.38860103626943004,0.9426207723011949,0.9863504859785877
18198627.txt,0.4012806830309498,0.023529411764705882,0.4823906083244397,1.1004239432645067,0.9596757255229518
18208580.txt,0.3797634691195795,0.3359683794466403,0.4467805519053876,1.003354683443679,0.9557384094527513
18227306.txt,0.4295874822190612,0.09272467902995721,0.5064011379800853,0.9946321223822163,0.9489454561549714
18236085.txt,0.35335195530726254,0.06582633053221289,0.4399441340782123,0.789580745772509,0.9723078381978428
18242317.txt,0.44461778471138846,0.07668231611893583,0.5070202808112324,1.2841029409188627,0.988044062813145
18264694.txt,0.29569093610698366,0.36755952380952384,0.3439821693907875,1.1701043839211254,0.9635299005673986
18268860.txt,0.41899441340782123,0.056074766355140186,0.5251396648044693,0.6807853411706112,0.9979644006132695
18278509.txt,0.49829351535836175,0.22336769759450173,0.5494880546075085,0.9819563343647647,0.9742505330468563
18293620.txt,0.31882352941176473,0.3903301886792453,0.3941176470588235,0.749482866698131,0.964129579182546
18297650.txt,0.33232399697199094,0.08794541319181198,0.4140802422407267,0.5820000960023087,0.9517792597327253
18301617.txt,0.363499245852187,0.35098335854765506,0.4042232277526395,1.7437959177958933,0.9576167640151143
18311419.txt,0.45126353790613716,0.030797101449275364,0.5595667870036101,0.573921482549227,0.9638715079651791
18316239.txt,0.4332892998678996,0.0423841059602649,0.523117569352708,0.5228687496909186,0.9699978163470838
18319061.txt,0.4130105900151286,0.1411229135053111,0.4720121028744327,2.0413207525649066,0.931051179928575
18328743.txt,0.4583333333333333,0.13445378151260504,0.5916666666666667,0.863602236871473,0.9292769260752022
18334783.txt,0.3494539781591264,0.15336463223787167,0.4290171606864275,0.8232798026068201,0.983137234819736
18354623.txt,0.41973840665873957,0.03814064362336114,0.4768133174791914,1.0860831382026574,0.9546775829467885
18365443.txt,0.3800243605359318,0.03540903540903541,0.47381242387332523,0.7874701026064527,0.9635448377649309
18365791.txt,0.6122448979591837,0.041237113402061855,0.7193877551020408,0.4852615860619696,0.9840818774562592
18368613.txt,0.4752475247524752,0.059800664451827246,0.5643564356435643,1.0686837823402715,0.9844589055030732
18369400.txt,0.358695652173913,0.2071651090342679,0.4518633540372671,0.6194914200571409,0.9621941928900122
18422164.txt,0.3835946924004825,0.08101571946795647,0.4680337756332931,1.036280684945559,0.9815124786601495
18436190.txt,0.4193061840120664,0.08472012102874432,0.4856711915535445,0.7406405600838831,0.9759602054270937
18442517.txt,0.39268978444236174,0.07511737089201878,0.4564198687910028,0.9456386539498614,0.9655457164883865
18448085.txt,0.4590909090909091,0.0365296803652968,0.5295454545454545,0.9395611313891316,0.9761605058931119
18457785.txt,0.30940343781597573,0.3738601823708207,0.3690596562184024,0.7942424036296006,0.970621926433423
18460045.txt,0.41810344827586204,0.14347826086956522,0.46120689655172414,0.926384371467535,0.9470206688350652
18472240.txt,0.3804878048780488,0.4975369458128079,0.44878048780487806,0.5132027499199894,0.9817886124680024
18480859.txt,0.3029100529100529,0.46153846153846156,0.36507936507936506,0.6531361697352902,0.9233186913030909
18484846.txt,0.38831168831168833,0.18489583333333334,0.4675324675324675,0.7181886800710211,0.965867555139113
18488289.txt,0.45790251107828656,0.25925925925925924,0.5155096011816839,0.8916134059205088,0.927491621528238
18501746.txt,0.44063324538258575,0.05305039787798409,0.525065963060686,0.2889834586938949,0.9380224546283564
18509268.txt,0.3777429467084639,0.040880503144654086,0.45297805642633227,0.800286492934944,0.9732675643672609
18525641.txt,0.37218543046357616,0.057104913678618856,0.45695364238410596,2.001913562005313,0.9723869221588575
18557164.txt,0.41158059467918623,0.26373626373626374,0.48982785602503914,0.822786907634119,0.9429192037902924
18569929.txt,0.441233140655106,0.08123791102514506,0.5067437379576107,1.356049125914985,0.9852772532052303
18586076.txt,0.3553038105046344,0.17440660474716202,0.42018537590113286,0.7355142420363994,0.9686637495725722
18589927.txt,0.48621553884711777,0.007556675062972292,0.568922305764411,0.47590678794129476,0.9914426904830479
18635654.txt,0.4132420091324201,0.23623853211009174,0.4931506849315068,1.1423328491847187,0.9717717421024424
18636651.txt,0.3223234624145786,0.1541095890410959,0.37699316628701596,1.094185581748344,0.9830139807549131
18640927.txt,0.30386178861788615,0.20162932790224034,0.36585365853658536,0.6155017185133014,0.9386642638634756
18645964.txt,0.39267886855241263,0.19031719532554256,0.47088186356073214,1.0212184734655914,0.9742081307796493
18669563.txt,0.3921232876712329,0.06013745704467354,0.4674657534246575,0.633957910941814,0.9952246486892011
18714571.txt,0.2991869918699187,0.5562805872756933,0.35609756097560974,0.7216450425373608,0.9520312857921673
18725071.txt,0.32814710042432815,0.39858156028368796,0.39462517680339465,0.6866050291330793,0.9688158334190555
18731098.txt,0.4422857142857143,0.06872852233676977,0.5074285714285715,1.1726031741734426,0.9596324051556158
18752129.txt,0.3371212121212121,0.06069802731411229,0.421969696969697,0.5512697821381749,0.9592512586338356
18753367.txt,0.3653061224489796,0.06032719836400818,0.4459183673469388,0.9879915845649208,0.957854113302209
18757174.txt,0.5371621621621622,0.061224489795918366,0.6013513513513513,1.2473492712664136,0.9855165252750233
18767449.txt,0.5359116022099447,0.10833333333333334,0.5994475138121547,0.789664934687374,0.9731886404405761
18784594.txt,0.45440956651718983,0.026986506746626688,0.5261584454409567,0.7253649567767809,0.954537956091519
18795567.txt,0.4711388455538221,0.071875,0.5373831775700935,1.0606145428847553,0.9468658049397027
18805506.txt,0.4444444444444444,0.0549618320610687,0.5296803652968036,1.3451701396840352,0.9470012552969258
18824120.txt,0.4016806722689076,0.07588532883642496,0.46050420168067224,1.407931586398894,0.9688465214270169
18825446.txt,0.3826086956521739,0.04259438528557599,0.4405797101449275,1.960980568354759,0.982314536764787
18827609.txt,0.26103286384976526,0.7826904985888994,0.3061032863849765,0.7700798181293516,0.9798264856263973
18835363.txt,0.24056603773584906,0.8002364066193853,0.30424528301886794,1.3066208022866908,0.9767629529416598
18856440.txt,0.4312267657992565,0.01303538175046555,0.5111524163568774,1.5372015372127736,0.9811656501130162
18882984.txt,0.34375,0.20887728459530025,0.3997395833333333,1.3140257847062475,0.9912581008235876
18885231.txt,0.5669642857142857,0.07207207207207207,0.6473214285714286,0.9928077826211289,0.9957088238883689
18885767.txt,0.3820078226857888,0.10182767624020887,0.4361979166666667,0.9641081641832684,0.9871129987825081
18900722.txt,0.42857142857142855,0.1077762619372442,0.5047619047619047,0.8771798244627178,0.9420379620165688
18905648.txt,0.5020576131687243,0.04149377593360996,0.6213991769547325,0.9956906135481804,0.9955833201245292
18927233.txt,0.49848024316109424,0.08256880733944955,0.5592705167173252,0.7886731515246882,0.9611449412207426
18932512.txt,0.36054421768707484,0.08321964529331514,0.4707482993197279,0.5049437335339745,0.9326277613821509
18937778.txt,0.4913657770800628,0.03307086614173228,0.5604395604395604,0.8908383045641372,0.9813896320036052
18949843.txt,0.37310195227765725,0.09021739130434783,0.4598698481561822,0.6059907814427113,0.9836283095692662
18975686.txt,0.3155792276964048,0.315086782376502,0.3754993342210386,0.746976466850687,0.9526233882870615
18979238.txt,0.30579399141630903,0.5193548387096775,0.37339055793991416,0.7000413120698703,0.9470745275320256
18997135.txt,0.4336734693877551,0.11774744027303755,0.5340136054421769,0.8849242223494574,0.9567373820457794
19007667.txt,0.45555555555555555,0.10112359550561797,0.5666666666666667,1.040132203135736,0.96898624440455
19037403.txt,0.37145174371451745,0.06823720552396426,0.44768856447688565,0.5065880413279796,0.9685429945954169
19053815.txt,0.3934782608695652,0.07516339869281045,0.46847826086956523,0.8673960716878906,0.9544352189091907
19063156.txt,0.1459188326493388,0.9407744874715261,0.17569412835685025,0.7214553858756665,0.9716543507739138
19070271.txt,0.36675461741424803,0.1335978835978836,0.43007915567282323,0.7981383757082541,0.9665174100868554
19072267.txt,0.2654102866117,0.22396856581532418,0.3133097762073027,1.0790567292035143,0.969224749992707
19090468.txt,0.31546134663341646,0.14875,0.37531172069825436,0.9325924796127553,0.9899715884435988
19108760.txt,0.36492890995260663,0.09591642924976258,0.42369668246445497,1.1268448696357574,0.9723307114830031
19124258.txt,0.33868378812199035,0.14492753623188406,0.4044943820224719,1.0249981147654208,0.9743537407221261
19147494.txt,0.43495400788436267,0.030303030303030304,0.5282522996057819,0.6249034990903354,0.9595563635538767
19147603.txt,0.3964110929853181,0.088379705400982,0.46818923327895595,1.0636071466916002,0.9689477221230529
19147947.txt,0.4431137724550898,0.15966386554621848,0.5281437125748503,1.4872649675953238,0.9703866790116076
19149865.txt,0.30500894454382826,0.23118279569892472,0.3756708407871199,0.7609119215827193,0.9522386074583893
19156751.txt,0.40930787589498807,0.21052631578947367,0.4964200477326969,0.7167188970670174,0.9377896512809819
19161572.txt,0.49230769230769234,0.04145077720207254,0.5641025641025641,0.8576453553512404,0.9739242112666366
19164410.txt,0.361731843575419,0.05742296918767507,0.4329608938547486,1.6051853481510592,0.9592613900704976
19176318.txt,0.28552971576227393,0.09184993531694696,0.35400516795865633,0.7283535215062108,0.9823056287107716
19179079.txt,0.29318181818181815,0.0745164960182025,0.3795454545454545,1.4932426913044128,0.9743155410934087
19195747.txt,0.333021515434986,0.1077788191190253,0.42095416276894293,0.6049610837830166,0.9764145042796092
19201175.txt,0.2981715893108298,0.8011283497884344,0.340365682137834,1.760086767253575,0.969808455791468
19234823.txt,0.34494015233949943,0.05670665212649945,0.43307943416757344,0.9644597588875251,0.98021389533264
19243556.txt,0.3598901098901099,0.10027472527472528,0.4315068493150685,0.9929241378577168,0.9650795005145675
19268120.txt,0.377,0.08617234468937876,0.457,1.2930922240892178,0.945510462737617
19284293.txt,0.30835486649440136,0.10612597066436583,0.3496985357450474,0.9401898638167433,0.9779656515404948
19285236.txt,0.3958333333333333,0.013054830287206266,0.484375,0.6537106749047127,0.9611899651067466
19302310.txt,0.4319880418535127,0.034482758620689655,0.5351270553064275,0.706229351556011,0.9589713131831056
19336728.txt,0.6167400881057269,0.017777777777777778,0.6916299559471366,0.7972529143287012,0.9474066940991405
19362586.txt,0.37551020408163266,0.13096862210095497,0.4598639455782313,0.6335825569386111,0.957407762190559
19364677.txt,0.35723598435462844,0.12941176470588237,0.44328552803129073,0.9982613800107807,0.9795488489297306
19374660.txt,0.395,0.21070234113712374,0.4866666666666667,0.7063137704308156,0.9770617014339685
19396040.txt,0.4187779433681073,0.028400597907324365,0.4977645305514158,0.6608937314032766,0.9534063889942801
19397727.txt,0.42857142857142855,0.13355048859934854,0.4902597402597403,1.377671672807728,0.9825987767907338
19402977.txt,0.47619047619047616,0.05389221556886228,0.5357142857142857,0.802676848711105,0.9954550308924927
19405513.txt,0.4681528662420382,0.04792332268370607,0.5509554140127388,0.5760494896018351,0.9675044878070308
19437318.txt,0.36,0.45226130653266333,0.43,1.3343520197084426,0.8771861741176574
19444529.txt,0.3639896373056995,0.10909090909090909,0.44430051813471505,1.0396641287990216,0.9753732664331808
19446337.txt,0.44551724137931037,0.09681881051175657,0.5213793103448275,1.0427635327519633,0.9823226821451999
19464810.txt,0.42160278745644597,0.23282887077997672,0.5017421602787456,0.7828407093309543,0.9613978483663899
19471144.txt,0.4019715224534502,0.0889132821075741,0.4764512595837897,0.8747028085613223,0.9575365768009806
19473948.txt,0.3640661938534279,0.11966824644549763,0.4491725768321513,0.7608529252587457,0.9596248136563852
19497420.txt,0.3877551020408163,0.04905968928863451,0.47346938775510206,0.7357871858185986,0.9703695253376248
19503224.txt,0.3808139534883721,0.0941747572815534,0.45155038759689925,1.9025175372642125,0.9869496174784874
19506295.txt,0.37389100126742714,0.08005082592121983,0.44866920152091255,0.6999085292464094,0.9876438749317126
19508520.txt,0.33044554455445546,0.315136476426799,0.3886138613861386,0.7332994422490343,0.9832546992786618
19518606.txt,0.4314868804664723,0.043859649122807015,0.5364431486880467,0.5182221408594605,0.9552385607901526
19532392.txt,0.4368770764119601,0.07333333333333333,0.49335548172757476,0.5901589163056608,0.9847994847517642
19540089.txt,0.31805682859761686,0.19100091827364554,0.3785517873510541,1.1809919511000537,0.9896625963652924
19545827.txt,0.338302752293578,0.12528735632183907,0.4059633027522936,1.0715585634482159,0.9837940559970557
19553067.txt,0.37337662337662336,0.13192182410423453,0.44805194805194803,1.4970907094333683,0.9778694702088543
19556300.txt,0.28,0.5084087968952135,0.33806451612903227,0.7731462962990239,0.933067204479226
19557384.txt,0.4557165861513688,0.035541195476575124,0.5249597423510467,0.9150320755511688,0.9609043390388531
19558834.txt,0.35960591133004927,0.4135090609555189,0.4351395730706076,0.696950188612234,0.97887386958762
19582792.txt,0.3990719257540603,0.05930232558139535,0.47447795823665895,1.28770854926347,0.9368154878482088
19599699.txt,0.5263157894736842,0.1390728476821192,0.5953947368421053,1.0736815326426137,0.9932062713276093
19612167.txt,0.5062344139650873,0.03007518796992481,0.600997506234414,0.4305444215782164,0.9348349412841852
19616406.txt,0.4366998577524893,0.011412268188302425,0.5391180654338549,0.9480795041539325,0.9814588699864394
19671909.txt,0.3308550185873606,0.18901303538175046,0.395910780669145,1.1722997840695233,0.9828184436416064
19714635.txt,0.28481455563331,0.3153468815697267,0.3435969209237229,0.8039577398261986,0.9302410211140115
19717385.txt,0.45895953757225433,0.09048723897911833,0.5462962962962963,0.9266625731938668,0.9754680266158811
19724031.txt,0.2769485903814262,0.5066555740432612,0.34634551495016613,1.4228383341713353,0.9802673460524165
19738730.txt,0.5914396887159533,0.07058823529411765,0.6770428015564203,0.6382212617114171,0.9833070504107639
19774173.txt,0.5833333333333334,0.06722689075630252,0.6458333333333334,0.9840445874044531,0.9838450359486474
19786924.txt,0.2651331719128329,0.7293689320388349,0.3196125907990315,1.4117021046163694,0.9662738420753605
19796840.txt,0.2518591968269707,0.07990074441687345,0.3173029251363411,0.7102503690120139,0.9820507440028009
19818707.txt,0.3756019261637239,0.07395498392282958,0.4567307692307692,1.1341758554520758,0.9702290467947886
19831366.txt,0.4230769230769231,0.3620689655172414,0.5042735042735043,0.4786019526285168,0.9670886403400332
19850482.txt,0.37010309278350517,0.049586776859504134,0.4329896907216495,1.0417975933590693,0.9886719108828489
19851252.txt,0.5170454545454546,0.13793103448275862,0.6079545454545454,0.8023745267631238,0.9740939316363169
19861776.txt,0.3605805958747135,0.05355776587605203,0.4232238349885409,0.9033762046104236,0.9812768269945029
19867922.txt,0.4036979969183359,0.06491499227202473,0.4576271186440678,0.7842266433915193,0.9987213231583355
19911786.txt,0.3328785811732606,0.25170998632010944,0.3806275579809004,0.44700309962061996,0.9946936129049443
19918523.txt,0.4891640866873065,0.08099688473520249,0.5882352941176471,0.7280708702590707,0.9350638823715255
19920687.txt,0.3726618705035971,0.13237410071942446,0.45050215208034433,1.7553008995554507,0.9709942515252508
19926135.txt,0.4711388455538221,0.07668231611893583,0.5413416536661466,0.8618893164948727,0.9553949490379813
19928941.txt,0.5764192139737991,0.02643171806167401,0.6550218340611353,0.7255718377352434,0.9748856171136739
19929506.txt,0.38349514563106796,0.30844155844155846,0.441747572815534,0.8171184587261234,0.9862404475248693
19936735.txt,0.40074906367041196,0.05660377358490566,0.4943820224719101,0.8100534754728059,0.9833306930852944
19938081.txt,0.32687447346251053,0.16455696202531644,0.392586352148273,0.7855046766428594,0.990633903929769
19951766.txt,0.3783783783783784,0.37483085250338294,0.45209176788124156,0.6535065411135366,0.9456683984071208
19975121.txt,0.5573248407643312,0.07051282051282051,0.6337579617834395,1.2633208432235412,0.9794308030468163
20001721.txt,0.5579868708971554,0.004395604395604396,0.6411378555798687,0.7588756422599243,0.9833721510774661
20006992.txt,0.45545977011494254,0.08069164265129683,0.5258620689655172,2.3115996087781707,0.9593874135239301
20024870.txt,0.5738161559888579,0.03361344537815126,0.6629526462395543,0.8926658551174367,0.9922195145179004
20026169.txt,0.41836734693877553,0.08068181818181819,0.4931972789115646,0.9822525119841405,0.979353043360884
20033302.txt,0.5172413793103449,0.020172910662824207,0.5790229885057471,1.375346103439293,0.9787071998270238
20082776.txt,0.428341384863124,0.08723747980613894,0.5072463768115942,0.8503417863042564,0.9586397770672651
20110597.txt,0.3796394485683987,0.2372340425531915,0.4554140127388535,0.5313927979354915,0.9746981871921522
20138606.txt,0.40210526315789474,0.029535864978902954,0.4926315789473684,0.8345670498317197,0.9609314878448234
20141807.txt,0.35575679172056923,0.03501945525291829,0.48382923673997413,0.6059044417704139,0.9576672769190714
20148147.txt,0.3386880856760375,0.1476510067114094,0.428380187416332,0.9980586185633524,0.9257096581998515
20149476.txt,0.46677215189873417,0.11904761904761904,0.5237341772151899,1.8109023037055314,0.9763753730174237
20172393.txt,0.39373970345963755,0.14710743801652892,0.43657331136738053,0.9364048567714699,0.9945061487867639
20176584.txt,0.2970007315288954,0.24322344322344322,0.3467446964155084,0.9571548290331506,0.9623001736383389
20210676.txt,0.3991130820399113,0.07126948775055679,0.4878048780487805,0.933275622416716,0.9926662505465939
20211577.txt,0.3683492496589359,0.18331053351573187,0.44474761255115963,0.9386278027836925,0.9543342538604546
20230207.txt,0.3915094339622642,0.11514195583596215,0.4528301886792453,1.2440847713830945,0.9865139290786707
20237244.txt,0.45609065155807366,0.14245014245014245,0.5212464589235127,0.9539680672443827,0.9859004701765108
20253563.txt,0.33537519142419603,0.22887864823348694,0.40888208269525267,0.6685243136876828,0.9663886571365676
20255404.txt,0.40365682137834036,0.07475317348377997,0.4908579465541491,1.0499412068591165,0.9684910546211628
20272792.txt,0.5629370629370629,0.035211267605633804,0.6573426573426573,0.4750427611307759,0.9590540871019704
20275356.txt,0.3181148748159057,0.11225997045790251,0.3946980854197349,0.5500872568511107,0.9805688293693754
20279756.txt,0.411214953271028,0.159375,0.48442367601246106,1.1878619999958742,0.9785548102423479
20314980.txt,0.2888127853881279,0.051970302684180465,0.3707929264118654,0.614075364184606,0.9599251071083565
20317319.txt,0.42782152230971127,0.15789473684210525,0.5170603674540682,1.3998173921899468,0.9736575422024452
20321582.txt,0.39851485148514854,0.06699751861042183,0.46410891089108913,0.5680474764624625,0.9651065115814291
20324037.txt,0.411522633744856,0.06043956043956044,0.4904109589041096,0.7699118835949065,0.9445304092368374
20330739.txt,0.33414634146341465,0.12591687041564792,0.40853658536585363,1.4446819804207724,0.9645400407441352
20345168.txt,0.4510250569476082,0.04576659038901602,0.5284738041002278,1.9789740084446252,0.9877117425981925
20356750.txt,0.5117647058823529,0.04142011834319527,0.6058823529411764,2.0328471562204653,0.9854094164154659
20357858.txt,0.4555052790346908,0.060514372163388806,0.5173453996983409,1.0399541357023858,0.9469890860887892
20390397.txt,0.4349680170575693,0.10492505353319058,0.511727078891258,0.7856638797503235,0.960679479627964
20393721.txt,0.42592592592592593,0.06714285714285714,0.48717948717948717,0.7185750961255345,0.9744970944240434
20399718.txt,0.35235378031383735,0.1659513590844063,0.42368045649072755,0.8324762117231442,0.9758268886526907
20400279.txt,0.325,0.2625250501002004,0.4,0.49885643034367916,0.9412450783425411
20408458.txt,0.2609717868338558,0.2260596546310832,0.3338557993730408,1.1053056835611836,0.979935783296799
20417897.txt,0.4294385432473445,0.0487062404870624,0.48406676783004554,0.8906491898741395,0.9845544660338218
20423658.txt,0.29854096520763185,0.07311586051743532,0.409652076318743,1.4356192516038246,0.9703058394260117
20427934.txt,0.4670571010248902,0.07195301027900147,0.5563689604685212,0.5748015816196539,0.9819875242386688
20457611.txt,0.36156351791530944,0.08705114254624592,0.4256243213897937,0.8217988281451224,0.9892387740295278
20470943.txt,0.5026881720430108,0.03369272237196765,0.6021505376344086,0.9610252650501688,0.9568305711592775
20478831.txt,0.4283513097072419,0.06027820710973725,0.4915254237288136,1.0103962840183989,0.9785940569443535
20488267.txt,0.38317757009345793,0.4272300469483568,0.4532710280373832,0.7355423207433854,0.9864186883097078
20490741.txt,0.1926605504587156,0.931113662456946,0.25974770642201833,1.044780466801444,0.9614633093586901
20504094.txt,0.3443181818181818,0.11731207289293849,0.4147727272727273,0.9408059449201653,0.9780851049583111
20544228.txt,0.4129746835443038,0.031746031746031744,0.5031645569620253,0.7179597979210678,0.9510571589762317
20552814.txt,0.4009950248756219,0.15054835493519442,0.481592039800995,0.8017506489873388,0.9651305390800905
20553895.txt,0.5290102389078498,0.05154639175257732,0.6313993174061433,0.9182557756447729,0.91562831914352
20565486.txt,0.39462517680339465,0.12056737588652482,0.4837340876944837,0.5725327061222144,0.9537139405005672
20565849.txt,0.43448275862068964,0.3672055427251732,0.5057471264367817,1.4122893966958916,0.9700199844110761
20566550.txt,0.3908898305084746,0.23779193205944799,0.4650423728813559,0.868955263258788,0.979656862135217
20574232.txt,0.32072829131652664,0.08146067415730338,0.3627450980392157,0.8921789670744892,0.9841567027931064
20604208.txt,0.3783209351753454,0.07667731629392971,0.4569606801275239,1.3271065937038848,0.9782689495306829
20624984.txt,0.41732283464566927,0.053712480252764615,0.5023622047244094,0.7514173847178224,0.9830130882716253
20626794.txt,0.5777777777777777,0.03587443946188341,0.6933333333333334,0.6034959878966946,0.9641772891237681
20628003.txt,0.5475285171102662,0.038314176245210725,0.6653992395437263,0.50778609989155,0.9596553072225149
20633855.txt,0.4796747967479675,0.053061224489795916,0.6036585365853658,0.16671623296268193,0.9997897490865255
20674668.txt,0.393048128342246,0.04691689008042895,0.48128342245989303,1.242082837611427,0.9750339989560166
20681037.txt,0.5972850678733032,0.0273972602739726,0.6968325791855203,0.6492836898749952,0.970792897908374
20691949.txt,0.4792176039119804,0.051597051597051594,0.5574572127139364,1.1637466703049564,0.9810540816574634
20698469.txt,0.4306569343065693,0.15403422982885084,0.5036496350364964,0.6160294237869305,0.9432918814934556
20705888.txt,0.4262295081967213,0.14200298953662183,0.518628912071535,1.3225141132891458,0.9596342891720201
20736486.txt,0.4260485651214128,0.07300884955752213,0.5066225165562914,0.9821781001167813,0.9478529830671075
20748468.txt,0.3786127167630058,0.056439942112879886,0.4624277456647399,0.7514517307526356,0.9428948638562454
20748926.txt,0.4622395833333333,0.0731070496083551,0.5403645833333334,0.9632770877815103,0.9749929557589451
20748929.txt,0.3817635270541082,0.04819277108433735,0.47394789579158314,0.6053807845482796,0.9794369006818416
20765795.txt,0.46919431279620855,0.025356576862123614,0.5624012638230648,0.9863255478776685,0.9307365114228954
20806155.txt,0.15627996164908917,0.9341221618164375,0.18280600830936403,0.7949879649725055,0.9833621575396189
20817322.txt,0.36336779911373707,0.14053254437869822,0.4616519174041298,0.8904517717398992,0.9681647219559617
20819838.txt,0.1711340206185567,0.7820247933884298,0.21958762886597938,0.5919258530138073,0.9952895663974716
20824105.txt,0.2515923566878981,0.6292735042735043,0.2867803837953092,1.5863848954955726,0.9848603671285632
20835760.txt,0.42302543507362783,0.06174496644295302,0.48326639892904955,0.558064852963069,0.9397892086108377
20836112.txt,0.3009049773755656,0.625,0.38235294117647056,0.7122226976786777,0.9907201041579738
20850529.txt,0.336996336996337,0.3953488372093023,0.41514041514041516,0.725055881694279,0.9770673976645616
20879311.txt,0.38817733990147785,0.05133267522211254,0.4482758620689655,1.1499545757348295,0.9731025056934456
20880935.txt,0.4147398843930636,0.08683068017366136,0.4963924963924964,0.5601471580367194,0.9643559555960421
20882041.txt,0.3269230769230769,0.07455012853470437,0.4012820512820513,0.4442018686189094,0.9625305769435373
20905088.txt,0.32254901960784316,0.0893909626719057,0.4068627450980392,0.5131258193635367,0.9635196593883575
20918464.txt,0.38765432098765434,0.22249690976514216,0.4599260172626387,1.1378451247622197,0.9730444691590765
20925036.txt,0.42899702085402186,0.10358565737051793,0.49304174950298213,0.8096158770529539,0.9667950009923189
20932019.txt,0.4463840399002494,0.09022556390977443,0.513715710723192,1.0232511731665725,0.9828588301902483
20966771.txt,0.43559322033898307,0.03571428571428571,0.5288135593220339,1.2655308667357947,0.9789413153574905
20969119.txt,0.305982905982906,0.19263698630136986,0.382051282051282,0.6306769284278241,0.9452979554782669
20969845.txt,0.48822269807280516,0.11612903225806452,0.5546038543897216,1.0216152682984647,0.9768080806078464
20977412.txt,0.3507057546145494,0.16974972796517954,0.4147665580890337,1.0052477462729839,0.9485738181421828
20981299.txt,0.4269340974212034,0.040229885057471264,0.49283667621776506,0.5623234666027709,0.9702434215756843
20986595.txt,0.46829971181556196,0.02745664739884393,0.5590778097982709,0.8012448777576131,0.9623164254250175
20992320.txt,0.4853273137697517,0.09977324263038549,0.5665914221218962,0.4742663119679624,0.9915108623221952
20993320.txt,0.38687150837988826,0.12745098039215685,0.49022346368715086,0.9106456921355169,0.9671518588692465
21007083.txt,0.6077586206896551,0.06086956521739131,0.6551724137931034,1.072540990973617,0.968434979030391
21031285.txt,0.35570469798657717,0.0901749663526245,0.44026845637583895,0.8954647299613743,0.9851028555431949
21038022.txt,0.3383742911153119,0.10700757575757576,0.41776937618147447,0.9526616497293781,0.9436310551589359
21060367.txt,0.37483085250338294,0.1560379918588874,0.45737483085250336,0.7730000769759099,0.9690585630560644
21101152.txt,0.36030664395229983,0.08013640238704177,0.4425531914893617,0.9038688402296049,0.9510903343799784
21122155.txt,0.41885964912280704,0.06147091108671789,0.48630887185104055,1.153619884873867,0.984841348065945
21125113.txt,0.39371980676328505,0.2009685230024213,0.4722222222222222,1.0596486661300386,0.9822032518694931
21134923.txt,0.4008810572687225,0.1723122238586156,0.4698972099853157,1.184379445635671,0.9900010748127588
21156767.txt,0.3769123783031989,0.058577405857740586,0.48956884561891517,0.5617961158808746,0.9210840322737107
21178545.txt,0.4501347708894879,0.15945945945945947,0.5026954177897575,1.4647510177555942,0.9905681428477697
21190805.txt,0.4270516717325228,0.25609756097560976,0.4939209726443769,0.668746488159117,0.9725579447475338
21238396.txt,0.3391304347826087,0.05614714424007745,0.42995169082125606,0.5942680021012743,0.9276762216605391
21265194.txt,0.2166947723440135,0.6190878378378378,0.260539629005059,0.9487716375436476,0.9870212224696211
21283365.txt,0.3368055555555556,0.08352668213457076,0.4212962962962963,0.9902139930680132,0.9811343392508862
21283733.txt,0.4126040428061831,0.03575685339690107,0.48513674197384066,0.7793074783044402,0.9546618618758211
21287405.txt,0.5019305019305019,0.04129032258064516,0.574002574002574,0.731653362887612,0.9721611113327202
21297521.txt,0.23557925351429956,0.8170790878214459,0.27047988366456616,1.3620808448529298,0.9788293423485341
21297828.txt,0.45454545454545453,0.0875,0.5330578512396694,0.7854125769509993,0.9796988382139341
21298336.txt,0.65,0.12318840579710146,0.7,1.2160155745511736,0.9607915855118411
21321598.txt,0.4979253112033195,0.05,0.5912863070539419,0.7531099638246119,0.9430513820946768
21334981.txt,0.46194926568758343,0.07764390896921017,0.5447263017356475,0.7530679176353737,0.9562759749713287
21338490.txt,0.370253164556962,0.19047619047619047,0.4224683544303797,1.2836102922504573,0.977098933273661
21363048.txt,0.43270189431704886,0.053946053946053944,0.5234297108673978,1.2734756954378974,0.9656059201992463
21366189.txt,0.349009900990099,0.031017369727047148,0.4344059405940594,1.0187618636208349,0.9847972883255748
21386255.txt,0.39892183288409705,0.11891891891891893,0.47035040431266845,0.8549488259226579,0.9502906193938118
21478007.txt,0.44622093023255816,0.026239067055393587,0.5537790697674418,0.5760600993778671,0.9693140980433164
21511817.txt,0.39304123711340205,0.15762273901808785,0.4742268041237113,1.1017822110597002,0.9667433497169691
21512769.txt,0.39477977161500816,0.088379705400982,0.4828711256117455,1.1887872267191273,0.9877607229533636
21531811.txt,0.5234899328859061,0.04054054054054054,0.610738255033557,0.6502288225180115,0.972074764060768
21549195.txt,0.37065637065637064,0.18064516129032257,0.42985842985842987,0.7566788547099792,0.9815555119638891
21550454.txt,0.4505327245053272,0.16793893129770993,0.5312024353120244,0.6086571222863979,0.9775144642951582
21567392.txt,0.3861003861003861,0.15555555555555556,0.437801350048216,1.1190324687532625,0.9753400312361745
21568833.txt,0.3399715504978663,0.11126961483594865,0.39260312944523473,0.8686542171536416,0.9909292697290176
21570485.txt,0.40152477763659467,0.05477707006369427,0.4625158831003812,1.0455842741794976,0.9752573559089265
21586858.txt,0.4011494252873563,0.08525345622119816,0.47126436781609193,1.103963344484116,0.9722628625928681
21595057.txt,0.4298507462686567,0.11676646706586827,0.5253731343283582,0.6516887217972656,0.9364433244752272
21611212.txt,0.4087912087912088,0.3487858719646799,0.4879120879120879,0.6925590292890375,0.9635326586516907
21611637.txt,0.3603696098562628,0.20473251028806586,0.42813141683778233,1.51204307810581,0.9747032235025977
21614256.txt,0.3782722513089005,0.08136482939632546,0.4698952879581152,0.964201332625997,0.9721293309682433
21622444.txt,0.3382022471910112,0.0744920993227991,0.44256756756756754,0.45579482006056943,0.9426813443090789
21629057.txt,0.34058656575212864,0.15071090047393365,0.4295175023651845,0.9948758803262254,0.9624942749175652
21645690.txt,0.41333333333333333,0.03714710252600297,0.49037037037037035,1.5746949538024386,0.9844502697965595
21663616.txt,0.40125,0.12030075187969924,0.47375,0.918531436587774,0.961345482233631
21669215.txt,0.48218029350104824,0.02526315789473684,0.570230607966457,0.6834703083072067,0.9681196929148767
21705160.txt,0.46846846846846846,0.13761467889908258,0.6486486486486487,0.7725192393489974,0.9971744415880834
21756639.txt,0.47699386503067487,0.13076923076923078,0.5460122699386503,0.9621120896219917,0.9800166979662719
21763056.txt,0.3569482288828338,0.07377049180327869,0.43869209809264303,0.8151911781137975,0.9869057997143351
21773106.txt,0.4617196702002356,0.0755608028335301,0.5312131919905771,1.101014936228206,0.9831071347020609
21780877.txt,0.41229193341869397,0.1258023106546855,0.48911651728553135,0.9252506466058382,0.9646527581052784
21782152.txt,0.5007429420505201,0.03278688524590164,0.5839524517087668,0.7810856509415613,0.9765645230469833
21794875.txt,0.3948051948051948,0.057291666666666664,0.4805194805194805,1.2596314720733517,0.9155468035961124
21796843.txt,0.3299050632911392,0.060221870047543584,0.41060126582278483,0.8521594892893489,0.9768944114010015
21807211.txt,0.46335078534031415,0.08661417322834646,0.5523560209424084,0.9101353930927196,0.9764161363785405
21807224.txt,0.40773809523809523,0.0718562874251497,0.49702380952380953,0.8385547805759612,0.9878683359607485
21809601.txt,0.45213849287169044,0.10429447852760736,0.5539714867617108,0.5637376567960863,0.9435149508236614
21830565.txt,0.35348837209302325,0.07642124883504194,0.4409302325581395,0.5541017719503823,0.9666592505024117
21847415.txt,0.41101152368758004,0.06161745827984596,0.48911651728553135,0.7172172400354624,0.9820808990984509
21853199.txt,0.3477051460361613,0.1896792189679219,0.4242002781641168,1.2539061610212012,0.977346047789158
21856577.txt,0.3303249097472924,0.08047016274864376,0.41064981949458484,0.7101612552851777,0.9762401651953265
21866029.txt,0.3080260303687636,0.23804347826086958,0.39804772234273317,1.716639831492247,0.9919112810335433
21867728.txt,0.41948051948051945,0.05078125,0.4935064935064935,1.145397433988246,0.9772296416944021
21868149.txt,0.4022346368715084,0.08622620380739082,0.4793296089385475,0.911870056574512,0.9804280166759866
21869994.txt,0.42782152230971127,0.09868421052631579,0.515748031496063,0.6466368734885412,0.9612074675386323
21904897.txt,0.4323671497584541,0.08495145631067962,0.5120772946859904,1.043785962862705,0.9788061674580458
21912637.txt,0.40083798882681565,0.08683473389355742,0.4664804469273743,1.4359257415739932,0.9906399203714638
21916744.txt,0.4527503526093089,0.08628005657708628,0.5190409026798307,1.37967013093947,0.9414448407178836
22008817.txt,0.41389432485322897,0.04215686274509804,0.46673189823874756,1.5761904167982397,0.976697004562069
22019500.txt,0.33099209833187004,0.05452946350043975,0.398595258999122,0.8922084009703163,0.9572499656530304
22025574.txt,0.39713971397139713,0.06615214994487321,0.47964796479647964,0.6697404579168496,0.9626601540575952
22042181.txt,0.3548387096774194,0.06107784431137724,0.44563918757467147,0.9328594325529971,0.9514702543591363
22047665.txt,0.5335689045936396,0.028469750889679714,0.6466431095406361,0.6964161418075696,0.966635580065092
22056333.txt,0.5315985130111525,0.06741573033707865,0.6245353159851301,1.1140778727693375,0.9652349794691241
22093368.txt,0.40974967061923584,0.031704095112285335,0.5019762845849802,0.7172996007485021,0.9704580276595435
22168194.txt,0.23454833597464342,0.8139904610492846,0.26465927099841524,0.5636248766910229,0.9843092820291803
22182279.txt,0.32040050062578224,0.4316185696361355,0.39424280350438046,0.7816042956599888,0.9763672925095657
22232367.txt,0.3624557260920897,0.08165680473372781,0.43565525383707204,0.8364633464788412,0.986347955163363
22249155.txt,0.25950413223140495,0.5688225538971807,0.30413223140495865,0.6138394759308827,0.9474816640951248
22259475.txt,0.42592592592592593,0.04560810810810811,0.5252525252525253,0.7788805748262819,0.946101765855778
22259768.txt,0.29640947288006114,0.09869931140015302,0.3674560733384263,0.8191741269681265,0.94941667793891
22319662.txt,0.5328467153284672,0.04411764705882353,0.6204379562043796,1.2441121640754933,0.9803733932193274
22323967.txt,0.4298245614035088,0.0689149560117302,0.5190058479532164,1.2042335559503379,0.987135170840599
22349169.txt,0.30923076923076925,0.6265432098765432,0.3476923076923077,0.5984800835140847,0.9710373775335228
22351830.txt,0.40552486187845305,0.02768549280177187,0.46408839779005523,0.7092869387455236,0.9547159120643809
22380187.txt,0.5220588235294118,0.1259259259259259,0.5698529411764706,0.8884326390142046,0.9941777176985302
22391901.txt,0.4430379746835443,0.2777777777777778,0.5126582278481012,1.7425372213509882,0.9587403787168141
22408666.txt,0.3969359331476323,0.13128491620111732,0.467966573816156,1.811410425357479,0.9499497712032071
22423839.txt,0.41594827586206895,0.05411255411255411,0.4827586206896552,0.6585459096936546,0.9818359498892039
22442947.txt,0.37609841827768015,0.2275132275132275,0.46397188049209137,1.6195605936883022,0.9121744667914718
22450718.txt,0.4158215010141988,0.036585365853658534,0.48884381338742394,1.0032171792190079,0.9627998977156652
22452756.txt,0.29411764705882354,0.4450402144772118,0.36764705882352944,1.001303666999857,0.9836674170311283
22455205.txt,0.4248062015503876,0.25194401244167963,0.4744186046511628,0.82119147002377,0.9757445008675648
22465498.txt,0.37029501525940994,0.045871559633027525,0.44455747711088506,1.1303212943766883,0.9809033592103188
22485475.txt,0.4574961360123648,0.021705426356589147,0.527047913446677,0.9976541363307242,0.9685230909686693
22488036.txt,0.4098124098124098,0.059420289855072465,0.4638728323699422,1.0816159697378145,0.9679537785838215
22492537.txt,0.4,0.11186903137789904,0.47346938775510206,0.7683197640294133,0.9764959542586396
22496394.txt,0.3443072702331962,0.5226960110041265,0.3991769547325103,0.7775448084518571,0.9686517445843756
22506245.txt,0.40264650283553877,0.04174573055028463,0.499054820415879,1.2656552947381476,0.9802697279572095
22510753.txt,0.33001658374792703,0.7104825291181365,0.3714759535655058,0.820260206695285,0.9932400727506621
22546476.txt,0.3938931297709924,0.09494640122511486,0.467175572519084,0.9644876821210103,0.9946985411525218
22551979.txt,0.47002724795640327,0.0273224043715847,0.555858310626703,0.5086779374400854,0.9687656377380803
22556198.txt,0.3408239700374532,0.2354596622889306,0.41292134831460675,0.663258764296534,0.9700437942203276
22560013.txt,0.3804347826086957,0.10354223433242507,0.4388586956521739,0.8487499768153912,0.9729778444454122
22561438.txt,0.5058365758754864,0.10196078431372549,0.6186770428015564,1.0298783505089755,0.9917265719777498
22567495.txt,0.3788235294117647,0.07547169811320754,0.44588235294117645,1.0421225857021603,0.9750971020529605
22571461.txt,0.40266222961730447,0.05843071786310518,0.480865224625624,1.06023683348473,0.9814468152071585
22593054.txt,0.5077951002227171,0.0447427293064877,0.6191536748329621,1.2561247216035636,0.9349353154802997
22605864.txt,0.30116959064327486,0.115234375,0.3654970760233918,0.5529618917987275,0.98423660836723
22615491.txt,0.5326633165829145,0.17766497461928935,0.6381909547738693,0.6136622845340991,0.9467455621301776
22622351.txt,0.40212443095599393,0.0471841704718417,0.5022761760242792,0.5683550765454028,0.978402603680463
22632070.txt,0.3951219512195122,0.18137254901960784,0.48292682926829267,0.8285128326621409,0.9671099220513013
22650051.txt,0.46326276463262767,0.0299625468164794,0.5379825653798257,1.2430157542058469,0.9491293697824296
22675694.txt,0.3048368953880765,0.0496054114994363,0.4015748031496063,0.6256280841344433,0.9622638526368483
22706174.txt,0.34502923976608185,0.06744868035190615,0.4195906432748538,1.116626158142412,0.963793454032551
22718826.txt,0.4557522123893805,0.08875739644970414,0.5309734513274337,1.1000587847705106,0.980149442229976
22720697.txt,0.37285714285714283,0.2148997134670487,0.4328571428571429,1.0041446054440633,0.9734941934274691
22732234.txt,0.42045454545454547,0.09746835443037975,0.5113636363636364,1.0574335841235853,0.9318530300709553
22754014.txt,0.3771186440677966,0.06232294617563739,0.4604519774011299,0.7736974986598281,0.970997908929842
22765255.txt,0.35050675675675674,0.15820642978003385,0.40878378378378377,1.2931662831177395,0.9810769913531101
22776912.txt,0.3525423728813559,0.09168081494057725,0.4186440677966102,1.6574438681881751,0.9579077406594247
22800977.txt,0.4191542288557214,0.07855361596009976,0.486318407960199,1.2835130733235325,0.9721534456568071
22807104.txt,0.42179616548940463,0.10414560161779575,0.49848637739656915,0.6842350771012413,0.962632552140091
22848179.txt,0.4207920792079208,0.076158940397351,0.4933993399339934,0.8065602676723438,0.9857915198439325
22852364.txt,0.35868187579214195,0.12706480304955528,0.4309252217997465,0.5947019080210371,0.9864824779910574
22855060.txt,0.3772845953002611,0.21204188481675393,0.43994778067885115,1.4438212390109795,0.9762097707033263
22861181.txt,0.40871021775544386,0.08067226890756303,0.5209380234505863,0.9762062284313493,0.9600963326574078
22884757.txt,0.5288461538461539,0.08709677419354839,0.6057692307692307,0.7102927052897221,0.9313139624679998
22890839.txt,0.3886792452830189,0.05926860025220681,0.4591194968553459,1.21864434814127,0.975396903209659
22894544.txt,0.3458856345885635,0.46013986013986014,0.4435146443514644,0.6212675312608331,0.9330478591027294
22925443.txt,0.41287284144427,0.31496062992125984,0.4897959183673469,1.1989175046797709,0.941046954260191
22946204.txt,0.4675862068965517,0.024896265560165973,0.5172413793103449,1.1833698151339198,0.945278790421692
22965804.txt,0.49504950495049505,0.04040404040404041,0.6435643564356436,0.9848076429030409,0.9743275888921517
22968380.txt,0.3737745098039216,0.09336609336609336,0.46200980392156865,0.8233097090855438,0.9579813270973926
22983516.txt,0.4569672131147541,0.026748971193415638,0.5318275154004107,0.9369426346609633,0.951891452606868
22990761.txt,0.3609022556390977,0.4723618090452261,0.42606516290726815,0.9958897606788617,0.9627242532648227
23004695.txt,0.3541341653666147,0.405320813771518,0.42277691107644305,1.0050571389135374,0.9850541815655779
23009962.txt,0.3770739064856712,0.07564296520423601,0.46153846153846156,0.664179710044879,0.9359257969408967
23011221.txt,0.3698193411264612,0.3951011714589989,0.4250797024442083,1.4824282023843571,0.9711787799468682
23015611.txt,0.4032059186189889,0.08034610630407911,0.48212083847102344,0.7992820918083343,0.9887876863186844
23032182.txt,0.23693086003372682,0.7170608108108109,0.2917369308600337,0.8716032654322731,0.9632498070464792
23032276.txt,0.29404309252217997,0.34581218274111675,0.3472750316856781,0.6168273457382666,0.971175217138783
23048999.txt,0.40589198036006546,0.08032786885245902,0.5032679738562091,1.094993775897189,0.9793619335014815
23063986.txt,0.35665914221218964,0.334841628959276,0.4255079006772009,1.8318913769511163,0.9635171310814163
23085604.txt,0.26490683229813666,0.11124922311995028,0.3173913043478261,0.9068206644831869,0.9799869545596334
23110214.txt,0.35348837209302325,0.11090400745573159,0.41209302325581393,0.783289915456127,0.9591716933456306
23138078.txt,0.4849921011058452,0.08240887480190175,0.5466034755134281,1.3582642659187556,0.9743533741626531
23139437.txt,0.37318840579710144,0.13503649635036497,0.463768115942029,1.0128253637183975,0.9851542890631052
23139819.txt,0.3669833729216152,0.04523809523809524,0.43705463182897863,1.042929720832465,0.9741113298314682
23143731.txt,0.386013986013986,0.12342215988779803,0.45734265734265733,0.7277629926471424,0.9492895566203834
23155093.txt,0.4022038567493113,0.12430939226519337,0.48760330578512395,1.0053492995885869,0.980029362555955
23185829.txt,0.3691460055096419,0.10497237569060773,0.4820936639118457,0.5421116276464816,0.9301610579572422
23190306.txt,0.38571428571428573,0.08121019108280254,0.4666666666666667,0.8200777234673996,0.9698635402796993
23234047.txt,0.43776824034334766,0.04591104734576758,0.4907010014306152,0.8059671331833029,0.9729535707571566
23246831.txt,0.39092240117130306,0.08516886930983847,0.4890190336749634,0.5411292415708708,0.9666932993144641
23296286.txt,0.3684210526315789,0.3203342618384401,0.4515235457063712,0.6391176651257328,0.9524663421536427
23302948.txt,0.4087870105062082,0.05933014354066986,0.47277936962750716,0.7837215340715568,0.9829958280451142
23323001.txt,0.4014167650531287,0.08875739644970414,0.4781582054309327,1.0422102395600348,0.9587000262593776
23354541.txt,0.41796875,0.1732283464566929,0.48046875,1.1846684477332414,0.9710812939312302
23387174.txt,0.3722149410222805,0.12483574244415244,0.43774574049803405,0.9793298417969665,0.9820898040404963
23396633.txt,0.3853932584269663,0.10247747747747747,0.45280898876404496,1.0498234330286247,0.9779325651663333
23398733.txt,0.6631016042780749,0.0,0.732620320855615,1.1282481070364088,0.9980836420087873
23398843.txt,0.3625,0.40282131661442006,0.4171875,1.2128178445353768,0.9557981634607737
23408537.txt,0.47244094488188976,0.06003159557661927,0.5574803149606299,1.266498108064866,0.966318417075126
23416654.txt,0.4131994261119082,0.13525179856115108,0.48493543758967,1.0879462467719907,0.9676588431743675
23427369.txt,0.42362204724409447,0.06951026856240126,0.5133858267716536,0.7113740164192233,0.9282959135715031
23438112.txt,0.40327868852459015,0.11019736842105263,0.4721311475409836,0.6913950055210196,0.9665804502931556
23438227.txt,0.45549738219895286,0.06299212598425197,0.524869109947644,1.1344295930438404,0.9387946758761596
23464505.txt,0.5223529411764706,0.0425531914893617,0.5835294117647059,1.3523859572925303,0.9682156682379935
23477199.txt,0.2437070938215103,0.7522935779816514,0.2723112128146453,2.4093473548801247,0.9571624805277139
23497307.txt,0.23875432525951557,0.8219653179190751,0.2837370242214533,0.6648763325914441,0.9658993994523254
23510685.txt,0.37844611528822053,0.059045226130653265,0.43859649122807015,1.146531573797558,0.9748649478741344
23513618.txt,0.43502051983584133,0.038408779149519894,0.5020519835841313,1.0075452534654838,0.9899930859875977
23522150.txt,0.46614173228346456,0.13428120063191154,0.5464566929133858,0.7541754406893455,0.9489928002580948
23527321.txt,0.3394736842105263,0.1662269129287599,0.4026315789473684,0.4671123053583309,0.9948387308187144
23568641.txt,0.48823529411764705,0.023668639053254437,0.5823529411764706,0.523816428263787,0.970581635713848
23568731.txt,0.2693310165073849,0.6568201563857515,0.32003469210754554,0.41539905699856416,0.9632377015775045
23573064.txt,0.38493150684931504,0.08241758241758242,0.4465753424657534,1.3082335221188806,0.9377394490189465
23577836.txt,0.24115456238361266,0.8134328358208955,0.29236499068901306,0.7112894505859733,0.9758092675332425
23591247.txt,0.5683453237410072,0.014492753623188406,0.6294964028776978,0.8256100971424064,0.949822858992278
23602130.txt,0.49710982658959535,0.07267441860465117,0.5722543352601156,0.8555365514815654,0.9717763272656182
23617240.txt,0.33407572383073497,0.14869888475836432,0.3994060876020787,0.9701267065343021,0.9838106973824408
23628651.txt,0.38405797101449274,0.20348837209302326,0.4608695652173913,0.7527212312389441,0.9653106491456785
23631188.txt,0.3196794300979519,0.17484388938447815,0.40338379341050756,1.1744009445778776,0.9835907885793366
23631724.txt,0.3832167832167832,0.211781206171108,0.4405594405594406,1.001194017196323,0.9854696254161399
23636277.txt,0.3598014888337469,0.07577639751552795,0.4275092936802974,1.074869107938952,0.9916711949498026
23666211.txt,0.47540983606557374,0.0273972602739726,0.5450819672131147,0.9888155600637132,0.9802273928546982
23673025.txt,0.2788649706457926,0.8990196078431373,0.31702544031311153,0.9194424216191691,0.99296363270127
23719943.txt,0.40877914951989025,0.048143053645116916,0.5075445816186557,0.5321011979158665,0.9774919753921975
23734441.txt,0.3374536464771323,0.06939281288723669,0.4363411619283066,1.4502079678005872,0.9595975012476718
23752500.txt,0.2770475227502528,0.4457953394123607,0.3356926188068756,0.7237278259018756,0.978086470118646
23760084.txt,0.3391188251001335,0.3373493975903614,0.40053404539385845,0.6080220834668296,0.9589824116277262
23761385.txt,0.4297520661157025,0.043478260869565216,0.5103305785123967,0.6277511662498911,0.9681791948274857
23771896.txt,0.386013986013986,0.11640953716690042,0.49230769230769234,0.8363293523001344,0.9893396671732733
23782450.txt,0.39511494252873564,0.33861671469740634,0.4755747126436782,0.6812710489641938,0.9846086548071016
23804341.txt,0.425569176882662,0.09490333919156414,0.5061295971978984,2.749159525959828,0.9518553987349995
23807940.txt,0.3275686673448627,0.16819571865443425,0.37639877924720244,0.849430841397432,0.9532866299396984
23810469.txt,0.302158273381295,0.06009615384615385,0.381294964028777,0.8809021294494925,0.9881202301661912
23814777.txt,0.4865293185419968,0.1589825119236884,0.5388272583201268,0.7222127566338891,0.9839244182059415
23818675.txt,0.3550583657587549,0.2005842259006816,0.4101068999028183,1.0188985605566603,0.9647624455430772
23841877.txt,0.4083457526080477,0.16143497757847533,0.488822652757079,0.6140387835845789,0.9790537507134708
23864648.txt,0.45066666666666666,0.03346720214190094,0.5393858477970628,0.5941237755184146,0.9897461955651471
23864858.txt,0.3897058823529412,0.07227138643067847,0.46176470588235297,0.7754651209733123,0.9702890863233358
23914451.txt,0.4317817014446228,0.1288244766505636,0.5136436597110754,0.8825587330319925,0.9572001487441092
23917826.txt,0.3766990291262136,0.037937743190661476,0.4796116504854369,1.7757147667740836,0.9410215721299827
23918545.txt,0.42296918767507,0.10252808988764045,0.5,1.2770572412694825,0.9670770786765506
23929500.txt,0.38845553822152884,0.21439749608763695,0.44929797191887677,1.2761731978210005,0.9431022185006939
23933031.txt,0.3452958292919496,0.061224489795918366,0.4238603297769156,1.330958272525241,0.9211202211647969
23939133.txt,0.36341161928306553,0.04337050805452292,0.45241038318912236,0.6728516600247524,0.9821923204569867
23944036.txt,0.3796940194714882,0.07520891364902507,0.4486111111111111,0.6930357805819337,0.9896410154223844
23951429.txt,0.6072727272727273,0.04395604395604396,0.72,1.0216486433276477,0.9737497954738622
23955183.txt,0.43448275862068964,0.1592797783933518,0.5082872928176796,0.6183277248132795,0.9914719838964509
23985183.txt,0.42780026990553305,0.017591339648173207,0.5060728744939271,0.7802627720360481,0.9913690786630688
24001783.txt,0.4228855721393035,0.16638935108153077,0.4925373134328358,0.6919907394984143,0.9964087375304261
24020470.txt,0.39963503649635035,0.10877513711151737,0.4771897810218978,0.6493247473585969,0.953356254251817
24025053.txt,0.4470404984423676,0.0328125,0.5093457943925234,0.693459951315834,0.9887515801110361
24038620.txt,0.3129855715871254,0.09121245828698554,0.3895671476137625,0.544125499911921,0.9339097371645052
24061629.txt,0.4294541709577755,0.12280701754385964,0.505664263645726,1.06928742921598,0.9788005945039384
24068423.txt,0.4062927496580027,0.09053497942386832,0.45690834473324216,3.1588472454102474,0.9930476241700859
24083609.txt,0.5769230769230769,0.0603448275862069,0.6794871794871795,0.6705135922308026,0.9684645456787271
24103168.txt,0.42615384615384616,0.06944444444444445,0.5015384615384615,0.47954015388654203,0.9843951654419898
24124250.txt,0.4314868804664723,0.027777777777777776,0.5364431486880467,0.9475523425096194,0.9714704142611613
24154692.txt,0.48005698005698005,0.024285714285714285,0.5641025641025641,1.0890083024936708,0.9645821954166849
24184357.txt,0.3590449954086318,0.06347746090156393,0.4288337924701561,1.0503055115469817,0.9618683781518715
24219583.txt,0.408955223880597,0.16467065868263472,0.49850746268656715,0.7323712611556576,0.9823048576399995
24221960.txt,0.5031055900621118,0.07484407484407485,0.5859213250517599,0.7500870509624136,0.984947230455904
24230851.txt,0.3153724247226624,0.49761526232114467,0.3787638668779715,0.9903208365909537,0.9746792990884581
24240349.txt,0.43823529411764706,0.05457227138643068,0.525,0.641354025094203,0.9662246390100651
24251588.txt,0.3972602739726027,0.06593406593406594,0.4794520547945205,0.597643712533474,0.9544029189936282
24285142.txt,0.42409638554216866,0.15579710144927536,0.4734939759036145,1.1808514880310044,0.9214511426170977
24294778.txt,0.40554156171284633,0.03532380151387721,0.5029387069689337,1.12756644968391,0.9703042237444086
24322804.txt,0.33689839572192515,0.064343163538874,0.4318181818181818,0.5148878072822336,0.9139214194759998
24349611.txt,0.3862229102167183,0.11085271317829458,0.4481424148606811,1.0086861695673592,0.9771559172264314
24361598.txt,0.25806451612903225,0.8620689655172413,0.3139784946236559,1.2422298466705481,0.9867534020595664
24397882.txt,0.37055214723926383,0.0897908979089791,0.44171779141104295,1.1235328816462296,0.9687130189559996
24402267.txt,0.4112271540469974,0.049738219895287955,0.4804177545691906,1.3230720451973055,0.9847179441613794
24410405.txt,0.4237536656891496,0.09558823529411764,0.49560117302052786,1.584716347405308,0.9513417177238735
24411323.txt,0.46113989637305697,0.09895833333333333,0.5440414507772021,0.47042403243828185,0.9249120078774663
24412546.txt,0.23466666666666666,0.44434550311665183,0.29333333333333333,1.0190293068074086,0.9783331128939005
24416961.txt,0.31402085747392816,0.13588850174216027,0.3765932792584009,0.9492630344795664,0.9814832669557728
24444525.txt,0.397456279809221,0.22009569377990432,0.465818759936407,0.6419004124000045,0.9445093373015755
24455357.txt,0.3974358974358974,0.18382352941176472,0.48717948717948717,0.7677630421740568,0.9833009865542696
24491862.txt,0.42967542503863987,0.12093023255813953,0.5146831530139103,1.9346859141761275,0.9663569153409648
24508725.txt,0.25122059476253883,0.4753223654957759,0.3171923589515771,0.8254992475089081,0.948523128585616
24516163.txt,0.3969465648854962,0.07656967840735068,0.47938931297709925,0.7637539354886114,0.9616339004176019
24530382.txt,0.34509371554575524,0.09502762430939227,0.41675854465270123,1.4457585623896734,0.9785378068363254
24533931.txt,0.47863247863247865,0.3275862068965517,0.5598290598290598,0.8339248393820213,0.9696886301462944
24544244.txt,0.44627054361567636,0.05576679340937896,0.5297092288242731,1.6323846433685054,0.929983786839543
24548333.txt,0.41491085899513774,0.07967479674796749,0.5056726094003241,0.9284871977687065,0.9404585505738821
24550866.txt,0.4305343511450382,0.24539877300613497,0.5015290519877675,1.0232780695506063,0.9725967088648324
24553863.txt,0.36977886977886976,0.10714285714285714,0.45454545454545453,0.542856798610227,0.9459308696566489
24559558.txt,0.45746164574616455,0.025174825174825177,0.5369595536959554,0.7973069004380605,0.9698814097654699
24574164.txt,0.3409090909090909,0.06,0.4228650137741047,0.5740528131525205,0.9635191476829981
24580361.txt,0.5854700854700855,0.08189655172413793,0.6752136752136753,0.9935220902331766,0.9751060173860049
24583187.txt,0.5094043887147336,0.029874213836477988,0.5768025078369906,1.098339105374,0.9506913513947706
24588864.txt,0.2599171107164002,0.38292827504445764,0.32267613972764947,1.6637047085066288,0.9728649818264836
24589765.txt,0.36437718277066355,0.176196032672112,0.42956926658905703,0.8281158338206066,0.974292443422705
24590489.txt,0.358600583090379,0.03213242453748783,0.47230320699708456,0.5714285714285714,0.9740714237098417
24592627.txt,0.319935691318328,0.15806451612903225,0.4003215434083601,0.783921127023504,0.9788748042056578
24610685.txt,0.4233206590621039,0.19695044472681067,0.4917617237008872,1.058291618778924,0.9796872558895396
24611721.txt,0.4181523500810373,0.061788617886178863,0.5072933549432739,0.9592569120600606,0.978648869876797
24643412.txt,0.3118172790466733,0.11343283582089553,0.37040714995034757,0.9644249987283019,0.9585477389760474
24647386.txt,0.3036649214659686,0.09233997901364113,0.3769633507853403,0.5179191442602618,0.9226990261721154
24647794.txt,0.39164086687306504,0.029503105590062112,0.4473684210526316,0.79592480940084,0.9784406459141896
24655918.txt,0.5109649122807017,0.0420353982300885,0.6101321585903083,1.0447738982711279,0.9750326471136271
24658786.txt,0.4126163391933816,0.10984455958549223,0.47466390899689764,1.0646543655224,0.9630815159590396
24668861.txt,0.3583502366463827,0.3182125930941097,0.4164976335361731,1.2859137004625838,0.9780768756521043
24670867.txt,0.3192923336141533,0.11223628691983123,0.392586352148273,0.8916677332365477,0.9602187391649345
24673903.txt,0.5502183406113537,0.00881057268722467,0.6768558951965066,0.6041370691885157,0.9085686303820656
24677466.txt,0.37466666666666665,0.10026737967914438,0.43466666666666665,1.6717568492346497,0.9875096368809941
24679149.txt,0.3930131004366812,0.08029197080291971,0.4556040756914119,0.9208300419802111,0.9396394463029413
24695561.txt,0.3394495412844037,0.1644535240040858,0.40672782874617736,1.038302379548186,0.9611697103476222
24703009.txt,0.3926767676767677,0.13164556962025317,0.48863636363636365,0.6865147902652722,0.9808572680590408
24703983.txt,0.38321167883211676,0.22058823529411764,0.4416058394160584,0.7078159560491495,0.9914447909170865
24708621.txt,0.4306418219461698,0.016632016632016633,0.5217391304347826,0.7406393801330269,0.9852549896061781
24709432.txt,0.43300653594771243,0.06710310965630115,0.5301794453507341,1.147999270408434,0.9713602087064106
24710433.txt,0.39692307692307693,0.053158705701078585,0.4746153846153846,1.2856049493125004,0.9817219429031635
24727739.txt,0.36685082872928176,0.046511627906976744,0.44972375690607735,1.064642834836617,0.9697405013956925
24740005.txt,0.28886554621848737,0.7863157894736842,0.3403361344537815,0.9966431170808633,0.9664445395730323
24754689.txt,0.36771844660194175,0.22141119221411193,0.4441747572815534,0.5407346095307368,0.9750504866366825
24763208.txt,0.27332361516034986,0.2875912408759124,0.34475218658892126,0.6142254290373281,0.9539305692097605
24767027.txt,0.3886075949367089,0.09517766497461928,0.48860759493670886,0.8634515926891003,0.9792045721634828
24770846.txt,0.4117647058823529,0.07383966244725738,0.5315126050420168,0.6860796286821764,0.970787016681603
24773845.txt,0.35356200527704484,0.19559471365638767,0.4397537379067722,0.623613555778423,0.9546583360642029
24791126.txt,0.45643153526970953,0.1276005547850208,0.48824343015214383,1.3772786775949448,0.993513974648676
24799301.txt,0.43410852713178294,0.4645669291338583,0.49612403100775193,0.5269037354408196,0.9881517071477668
24817041.txt,0.5443037974683544,0.15319148936170213,0.6160337552742616,1.4415653650225415,0.9503137115149944
24828381.txt,0.37772397094430993,0.1104368932038835,0.4467312348668281,1.0236449497064788,0.979629904808763
24833063.txt,0.31601423487544483,0.06058446186742694,0.38149466192170817,1.3876817400008883,0.9680610476953077
24854026.txt,0.44819277108433736,0.03631961259079903,0.5132530120481927,1.0138048119687635,0.992029429390643
24889109.txt,0.4614065180102916,0.04647160068846816,0.5145797598627787,1.5928636170060702,0.9807053117833592
24905947.txt,0.4509493670886076,0.07936507936507936,0.5474683544303798,0.8890047123908211,0.9826641584377352
24913648.txt,0.38122171945701355,0.0691609977324263,0.46153846153846156,1.0833294615268176,0.9471788723253485
24946537.txt,0.23642384105960265,0.8972148541114059,0.2860927152317881,1.9047180423544137,0.9743522204460303
24953126.txt,0.29890764647467727,0.16517412935323383,0.365441906653426,0.7366130749923345,0.9741609177048348
24953921.txt,0.4242053789731051,0.09313725490196079,0.4889975550122249,1.254416142419284,0.9096427310148723
24964303.txt,0.35302806499261447,0.2518518518518518,0.42097488921713444,0.687928987985244,0.9526224817980636
24967652.txt,0.35413153456998314,0.055790363482671176,0.43544303797468353,0.6997642467230692,0.9577013558683186
24977396.txt,0.4216589861751152,0.042725173210161664,0.5264976958525346,0.5597590741234478,0.9821538784895846
24983760.txt,0.431496062992126,0.1358609794628752,0.48031496062992124,1.3229680597639693,0.974457349097725
24989856.txt,0.392914653784219,0.1423948220064725,0.4774193548387097,1.0870584850153706,0.8958272575139483
24994145.txt,0.5075593952483801,0.03253796095444685,0.593952483801296,1.759665899746395,0.9925930357906343
25001005.txt,0.3977110157367668,0.0703012912482066,0.4792560801144492,0.5993349900850358,0.9709284377875387
25023614.txt,0.38516405135520687,0.06876790830945559,0.4928571428571429,0.6553726755053633,0.9467445096275863
25038571.txt,0.26495726495726496,0.5514285714285714,0.33475783475783477,0.7025548343221231,0.9801484281084059
25047127.txt,0.5081585081585082,0.20608899297423888,0.578088578088578,0.5681558179455432,0.9738898112851302
25061645.txt,0.45614035087719296,0.07647058823529412,0.5350877192982456,0.9169390487929663,0.966771299316741
25067742.txt,0.4481707317073171,0.34355828220858897,0.5213414634146342,0.9634164895367698,0.982266160442788
25070914.txt,0.3963963963963964,0.05015045135406219,0.47147147147147145,0.9096760067554465,0.9537620825633163
25080805.txt,0.29174664107485604,0.34423076923076923,0.3474088291746641,0.8386122513652482,0.9657928586951602
25098739.txt,0.49523809523809526,0.057692307692307696,0.6285714285714286,0.3978684703867488,0.9412520329546669
25101183.txt,0.3318777292576419,0.061269146608315096,0.4104803493449782,0.5032934269372377,0.9723762982671621
25127518.txt,0.42018779342723006,0.06382978723404255,0.508235294117647,0.9398101193120872,0.9835281629042346
25128608.txt,0.3996983408748115,0.10136157337367625,0.4645550527903469,0.9737878282993833,0.978792882176848
25142074.txt,0.5282051282051282,0.07989690721649484,0.6282051282051282,0.7073931876570367,0.9781266762895624
25150191.txt,0.43093093093093093,0.12951807228915663,0.509009009009009,0.750436694601279,0.9877466565278182
25157655.txt,0.5555555555555556,0.04741379310344827,0.6410256410256411,0.6148273464811953,0.9337744844483057
25162378.txt,0.4405797101449275,0.02616279069767442,0.5289855072463768,0.969980048710297,0.948278966730366
25187733.txt,0.25508196721311477,0.3466841759684833,0.31344262295081965,1.3749356480367283,0.9749924992939278
25200253.txt,0.28497942386831276,0.3494845360824742,0.35288065843621397,0.9663386667984881,0.9827383970630904
25207620.txt,0.34306569343065696,0.07195121951219512,0.4416058394160584,1.0618438420715854,0.9431062182121157
25213006.txt,0.41500765696784075,0.12903225806451613,0.49157733537519144,0.6631503119200988,0.9495089144236891
25224998.txt,0.49759229534510435,0.05152979066022544,0.5698234349919743,0.8645435223040183,0.9680227482389843
25258040.txt,0.3511166253101737,0.06965174129353234,0.43672456575682383,0.9286004487679852,0.9685179375343091
25315791.txt,0.42538975501113585,0.1029082774049217,0.5300668151447662,0.6870773378935695,0.9665771754610195
25328428.txt,0.39972714870395637,0.07797537619699042,0.49386084583901774,0.999514354879449,0.9284946403122615
25330083.txt,0.4108187134502924,0.07917888563049853,0.49853801169590645,0.9876984588496811,0.9889982865665866
25370801.txt,0.3910891089108911,0.555,0.47029702970297027,0.3682216687453289,0.8728306308000734
25397102.txt,0.5268065268065268,0.0234192037470726,0.6130536130536131,1.8043712231689646,0.991027222977947
25413261.txt,0.34986595174262736,0.052348993288590606,0.4242627345844504,1.39606719427988,0.9519923475193783
25422388.txt,0.29654255319148937,0.528,0.3470744680851064,0.8016836055351787,0.9748729450726371
25425322.txt,0.34107708553326294,0.182010582010582,0.3991552270327349,0.8325058087574686,0.966667544085012
25451319.txt,0.3388822829964328,0.31585220500595945,0.4149821640903686,0.6171062924159241,0.9537446216070212
25452321.txt,0.29945054945054944,0.12660550458715597,0.39377289377289376,0.5652744348718827,0.9497731726971234
25462793.txt,0.39816933638443935,0.1839080459770115,0.45080091533180777,1.0612812464443533,0.9939865051236099
25482567.txt,0.39425587467362927,0.10236220472440945,0.4804177545691906,0.8257593669663138,0.9638612834493145
25497147.txt,0.39087947882736157,0.12418300653594772,0.46254071661237783,0.8033486990629588,0.9894006671649052
25507648.txt,0.3754980079681275,0.059880239520958084,0.4711155378486056,0.6147855867157315,0.9716131536457657
25525152.txt,0.5422077922077922,0.08823529411764706,0.6168831168831169,0.5244275883594023,0.9674921892435062
25543217.txt,0.4536784741144414,0.10641200545702592,0.5251700680272109,1.0616509494797761,0.9752821278285144
25547145.txt,0.3639380530973451,0.02993348115299335,0.4502212389380531,0.9841869194450988,0.9653336047390045
25561640.txt,0.3701492537313433,0.26047904191616766,0.4462686567164179,0.6390523177178646,0.9751909396480989
25588694.txt,0.43556701030927836,0.32124352331606215,0.5180412371134021,1.2982003648296714,0.9904765290672275
25608963.txt,0.4166666666666667,0.05036855036855037,0.5098039215686274,1.3846867097778501,0.9590760888568381
25624652.txt,0.37821482602118,0.20182094081942337,0.45537065052950076,1.329556182022998,0.944486278244844
25625173.txt,0.30704225352112674,0.10885504794134236,0.3723943661971831,0.7148255193310636,0.9744606816048323
25656981.txt,0.45606060606060606,0.03951367781155015,0.5272727272727272,0.6968514476898177,0.9661505529839954
25676643.txt,0.3093476798924008,0.07469717362045761,0.3958333333333333,0.6016540139951354,0.9562046606199673
25678238.txt,0.31141868512110726,0.2092485549132948,0.3633217993079585,0.8616034412019552,0.966136528680522
25694422.txt,0.3978328173374613,0.07298136645962733,0.4907120743034056,0.7496844341753514,0.9795521351598919
25706337.txt,0.5221518987341772,0.05732484076433121,0.6044303797468354,0.9242429789406758,0.9676010830731389
25718772.txt,0.5109375,0.03453689167974882,0.5915492957746479,0.887324219666378,0.9737319793859306
25719936.txt,0.3961407491486947,0.13895216400911162,0.4465909090909091,2.41889874774855,0.9481932384745054
25723793.txt,0.43206106870229005,0.11332312404287902,0.5129770992366413,0.7131856847083441,0.9185021156252843
25724495.txt,0.35407239819004527,0.20294784580498867,0.4276018099547511,0.7527569018616566,0.9754847495266799
25729119.txt,0.4434931506849315,0.1134020618556701,0.523972602739726,0.6333989339096595,0.9730016881292782
25749150.txt,0.37017994858611825,0.1327319587628866,0.4473007712082262,0.7652707244196474,0.9523917562924401
25780596.txt,0.3418803418803419,0.0728051391862955,0.41773504273504275,1.0009672343984346,0.9774488406134545
25797445.txt,0.38250428816466553,0.18244406196213425,0.43567753001715265,1.1650178698411258,0.9605991251079333
25810233.txt,0.3367952522255193,0.40327380952380953,0.3827893175074184,1.0574335653862525,0.9921257753574012
25813953.txt,0.47619047619047616,0.041304347826086954,0.5476190476190477,0.6979686159691036,0.9680856586653166
25824789.txt,0.3787638668779715,0.1573926868044515,0.4358161648177496,1.0184329245521262,0.979248354114927
25834360.txt,0.362406015037594,0.19184290030211482,0.45180722891566266,0.857457384027055,0.9835583695385585
25838512.txt,0.4526627218934911,0.27976190476190477,0.5473372781065089,0.6815413655165056,0.9677195745800928
25839123.txt,0.5,0.0847457627118644,0.5714285714285714,0.6428571428571429,0.9366367535831902
25846894.txt,0.3644859813084112,0.09103078982597054,0.43391188251001334,1.1254369020139265,0.9932348647762979
25857360.txt,0.34686346863468637,0.30209617755856966,0.4194341943419434,1.2040456871461986,0.9776139926468425
25862026.txt,0.35714285714285715,0.060810810810810814,0.4353099730458221,0.7020939255521979,0.9799054711029678
25867805.txt,0.4306930693069307,0.0695364238410596,0.49834983498349833,1.1089853069963291,0.9776769045858625
25873425.txt,0.3903225806451613,0.3286637931034483,0.4559139784946237,2.2386326838923276,0.9612355918145364
25905275.txt,0.3873390557939914,0.18387096774193548,0.4592274678111588,0.8754686874742035,0.9259224995917182
25919149.txt,0.4735973597359736,0.06291390728476821,0.5627062706270627,1.6098942199755533,0.9653791978044646
25923361.txt,0.3258306538049303,0.3518716577540107,0.3852721451440768,0.7243590093725865,0.955402316898625
25924968.txt,0.35459183673469385,0.07544757033248081,0.43494897959183676,0.8827590802405662,0.9491249010208496
25926667.txt,0.4,0.1577574967405476,0.47724317295188556,0.7700607186344938,0.948684651325047
25930778.txt,0.53515625,0.07874015748031496,0.61328125,0.7823795545219624,0.9730678911741911
25935030.txt,0.4497991967871486,0.05100671140939597,0.5274431057563588,0.5556384397408739,0.9707977366593074
25949631.txt,0.4209891435464415,0.04232164449818621,0.49215922798552475,0.4250105227757359,0.9793632706666634
25953797.txt,0.5316455696202531,0.01282051282051282,0.6392405063291139,0.739086907176697,0.9547480622505629
25959103.txt,0.33677991137370755,0.2740740740740741,0.39586410635155095,0.7430441543687454,0.9788500602220607
25974844.txt,0.39313572542901715,0.10641627543035993,0.46177847113884557,0.9271136916457909,0.9311719129255849
25990239.txt,0.35429447852760737,0.08,0.4401840490797546,1.445132171719795,0.9873068237678105
26013403.txt,0.41127922971114167,0.10344827586206896,0.4759284731774415,0.8926068229350616,0.950340030412933
26046064.txt,0.5319148936170213,0.05150214592274678,0.6170212765957447,0.7733934894289215,0.947844050763093
26046878.txt,0.39502332814930013,0.0967238689547582,0.463452566096423,1.003157850105535,0.9611850493975116
26048718.txt,0.3536357986326911,0.05538270068450529,0.4338098197638285,0.7313203887269518,0.9660244685761281
26065877.txt,0.35962145110410093,0.1060126582278481,0.42586750788643535,0.9157406171882264,0.9778319371013503
26069113.txt,0.3991097922848665,0.03125,0.4896142433234421,1.441298505273689,0.9649474317620401
26070334.txt,0.3048090523338048,0.09985835694050992,0.3910891089108911,0.4439636701165527,0.9650557859733517
26071861.txt,0.3665389527458493,0.07800511508951406,0.44005102040816324,1.039672271643324,0.9657493675004615
26079779.txt,0.3610223642172524,0.05608974358974359,0.44568690095846647,0.6192815900866383,0.9845953668611411
26091595.txt,0.3380281690140845,0.2062146892655367,0.39436619718309857,1.4361028251739698,0.9763467561968522
26098594.txt,0.4109195402298851,0.08645533141210375,0.49712643678160917,0.6682008359169054,0.9613071799447099
26125407.txt,0.3485663082437276,0.3141831238779174,0.40232974910394265,0.8517230450567286,0.974203104125835
26127853.txt,0.38658428949691087,0.1290893015030946,0.4492497793468667,1.0397391046069566,0.9926505802766314
26130673.txt,0.40919037199124725,0.41098901098901097,0.4814004376367615,0.8656925095080946,0.9834037046854938
26160200.txt,0.3316892725030826,0.48331273176761436,0.3834771886559803,0.8298999724054694,0.9751787704262489
26167298.txt,0.2993125330512956,0.06193753308628904,0.3643574828133263,0.836630762670201,0.9833553163681699
26173524.txt,0.4859375,0.0438871473354232,0.5578125,0.5568374401767617,0.9857608124436098
26189601.txt,0.42857142857142855,0.1301859799713877,0.5078459343794579,0.6765870070309308,0.9744953114080909
26202430.txt,0.2924354243542435,0.10351201478743069,0.36162361623616235,0.95156600747756,0.9789976257352998
26231609.txt,0.37589670014347204,0.06474820143884892,0.460545193687231,0.5989294412755307,0.9740723004647548
26234972.txt,0.2902519167579409,0.6597145993413831,0.33187294633077763,1.481574722597158,0.9509672429258216
26278597.txt,0.37305699481865284,0.07958477508650519,0.45164075993091535,1.0553762926387678,0.9638002581414541
26279402.txt,0.4358047016274864,0.09074410163339383,0.5244122965641953,0.7833387073873309,0.9469418440095051
26289308.txt,0.411144578313253,0.08157099697885196,0.4743975903614458,0.9667482160688826,0.975782795372931
26291616.txt,0.35935397039030953,0.0728744939271255,0.41722745625841184,1.1216314082792698,0.9923790059954645
26330995.txt,0.3732227488151659,0.11757719714964371,0.45023696682464454,0.8203025158533466,0.9921634942786598
26341645.txt,0.33472803347280333,0.129979035639413,0.4215481171548117,0.8077883678973192,0.9825056284474901
26341987.txt,0.285572632622707,0.08192651439920556,0.35813492063492064,0.8217162045053782,0.9817514031300998
26410763.txt,0.518918918918919,0.13043478260869565,0.6081081081081081,0.6635248399556614,0.979436191763232
26425074.txt,0.40684931506849314,0.14285714285714285,0.4917808219178082,0.8863050750488917,0.9799614790354204
26456474.txt,0.3245227606461087,0.4270986745213549,0.37738619676945667,1.129009807077095,0.920438899235315
26456899.txt,0.42276422764227645,0.0864600326264274,0.48292682926829267,1.8464162992622142,0.9938308436152051
26459032.txt,0.42410714285714285,0.04626865671641791,0.49404761904761907,0.7234002737039141,0.9816273874080562
26480367.txt,0.33176100628930816,0.2539432176656151,0.38522012578616355,0.8514709152011986,0.9601532339245089
26496059.txt,0.41465256797583083,0.05446293494704992,0.48338368580060426,1.0725081391602622,0.9525079856133358
26503829.txt,0.29683698296836986,0.41585365853658535,0.3613138686131387,0.6305394186580076,0.9680655506384819
26509539.txt,0.38266666666666665,0.3836898395721925,0.444,0.9246921191139866,0.9884871857445007
26530575.txt,0.37407711238720265,0.03451109285127362,0.44626743232157506,0.9958837893728546,0.9900154547192304
26530696.txt,0.4185692541856925,0.15572519083969466,0.5083713850837138,0.7792983134467145,0.9692702594508746
26579709.txt,0.42082738944365194,0.10300429184549356,0.4992867332382311,0.677927760020713,0.9806165024705346
26581830.txt,0.4576547231270358,0.06862745098039216,0.5488599348534202,0.7245796367780578,0.9378875815699086
26585242.txt,0.38387096774193546,0.11974110032362459,0.45806451612903226,0.9841985176601376,0.9886822126215961
26586477.txt,0.37808641975308643,0.06346749226006192,0.46141975308641975,0.5420550278326484,0.9869522567867498
26622051.txt,0.4476744186046512,0.2237354085603113,0.5116279069767442,0.839740482339411,0.9607716324436775
26671167.txt,0.47619047619047616,0.08628659476117104,0.5529953917050692,1.7565645194521955,0.9649218579142012
26673507.txt,0.44426494345718903,0.07617504051863858,0.5250403877221325,1.3641407101590592,0.9672409820537178
26676567.txt,0.31786833855799373,0.10238693467336683,0.4065244667503137,0.8436536044055284,0.9520343398683098
26691587.txt,0.4783821478382148,0.016783216783216783,0.5941422594142259,0.8768558006345045,0.9443370149775249
26695839.txt,0.3875338753387534,0.043596730245231606,0.44021739130434784,1.5345653125440695,0.9883907753032092
26718039.txt,0.45652173913043476,0.08791208791208792,0.5597826086956522,1.0251662574370675,0.968867001095984
26746496.txt,0.3145884270578647,0.06775510204081632,0.39445802770986144,0.8033883523222072,0.9786520453633978
26750846.txt,0.33687405159332323,0.4033485540334855,0.3990895295902883,0.8101690223104931,0.9792082330567186
26767199.txt,0.41127922971114167,0.08551724137931034,0.4759284731774415,0.6754663355133842,0.9691404210389472
26768723.txt,0.3849624060150376,0.18401206636500755,0.45413533834586467,1.287074863795582,0.9920474172907868
26780935.txt,0.46221441124780316,0.2204585537918871,0.5500878734622144,1.4148938830126767,0.9501035575309343
26790545.txt,0.43221476510067114,0.02826379542395693,0.5302013422818792,0.805794659746254,0.9710436777304112
26801767.txt,0.38278688524590165,0.042692939244663386,0.45081967213114754,1.162534779370346,0.9816218690002105
26819872.txt,0.3726606997558991,0.2910569105691057,0.44642857142857145,0.7984806700115796,0.9369913968973216
26829350.txt,0.3372093023255814,0.08932038834951456,0.4060077519379845,0.8158487559396778,0.9674350144488874
26829561.txt,0.4547738693467337,0.09848484848484848,0.5201005025125628,0.6393675652607279,0.97966516665938
26834746.txt,0.3624091381100727,0.03954214360041623,0.43302180685358255,0.7013879355927578,0.9447360129365576
26835781.txt,0.38329979879275655,0.24899193548387097,0.448692152917505,0.8979919855048079,0.9790243044516738
26888302.txt,0.4225206611570248,0.053830227743271224,0.493801652892562,0.671303561343752,0.9684927087578834
26896699.txt,0.3893376413570275,0.1280388978930308,0.47495961227786754,0.825189112818586,0.9770442721866075
26908066.txt,0.43140495867768597,0.026533996683250415,0.5206611570247934,0.7017325011193553,0.9842520705618227
26919036.txt,0.41364296081277213,0.02911208151382824,0.5050798258345428,0.7060099499017433,0.9575243698416039
26921245.txt,0.5221518987341772,0.044444444444444446,0.6044303797468354,0.7544283222510385,0.9813097315326762
26924514.txt,0.3523225241016652,0.10974539069359086,0.42418930762489043,0.9627808770344124,0.9504052394880277
26932091.txt,0.3477064220183486,0.09926470588235294,0.44678899082568807,1.2996923540045262,0.9650280687496864
26942552.txt,0.29235382308845576,0.8481203007518797,0.3373313343328336,0.7128957988140965,0.9639715617564891
26958533.txt,0.43902439024390244,0.07339449541284404,0.5,0.6547162220003311,0.9862473460857885
26961846.txt,0.31739572736520855,0.09174311926605505,0.40183112919633773,0.7177557894026473,0.9803850239191413
26975573.txt,0.362511893434824,0.04194470924690181,0.439581351094196,0.9712935685351859,0.9733925934865789
26987539.txt,0.3402625820568928,0.08333333333333333,0.41575492341356673,0.6636263422384515,0.9860918293437493
26994282.txt,0.44984802431610943,0.01524390243902439,0.5364741641337386,0.9972643051934225,0.9560079294186021
27000192.txt,0.3699421965317919,0.09362934362934362,0.4344894026974952,1.5424472169894439,0.9721746073442582
27004930.txt,0.39209726443769,0.09146341463414634,0.47112462006079026,0.7553397382518892,0.9777751487560302
27018361.txt,0.37660668380462725,0.15335051546391754,0.47429305912596403,1.025926316757633,0.9590754817582172
27018550.txt,0.43370165745856354,0.13333333333333333,0.5331491712707183,0.45644521708029356,0.9630773626413617
27024099.txt,0.4032,0.27608346709470305,0.4736,0.6118146585940779,0.9507627069924043
27030979.txt,0.3997194950911641,0.07876230661040788,0.48667601683029454,2.153771376073677,0.9688799245358007
27040860.txt,0.4785714285714286,0.10526315789473684,0.569047619047619,0.8021513024474501,0.9990088023788892
27058381.txt,0.3001285347043702,0.1492921492921493,0.38303341902313626,1.1905248875962502,0.9837511294647556
27066370.txt,0.37193763919821826,0.1185682326621924,0.46325167037861914,0.5676191912953844,0.9777006094933155
27080812.txt,0.29987608426270135,0.06459627329192547,0.3853779429987608,0.6976712892160222,0.9827404991676797
27084878.txt,0.4686299615877081,0.06033376123234917,0.5300896286811779,0.6548440652108892,0.9515635144937592
27090089.txt,0.41336633663366334,0.13895781637717122,0.4665841584158416,1.48327296343726,0.9850753540874201
27091280.txt,0.3028523489932886,0.06134453781512605,0.40184563758389263,0.5405118615250264,0.9433102731331536
27096471.txt,0.43243243243243246,0.1326676176890157,0.5163584637268848,0.6893643054171403,0.9751502075434612
27096796.txt,0.3894736842105263,0.22340425531914893,0.4631578947368421,1.2172297233661293,0.9096564765196236
27099856.txt,0.327641408751334,0.15935828877005348,0.3874066168623266,1.494638730354076,0.9636736197078576
27120528.txt,0.4155672823218997,0.07275132275132275,0.5013192612137203,1.1773065614324332,0.9806924271642888
27126818.txt,0.28984685195689164,0.39977285633162973,0.3448667044809983,0.650604302734858,0.9673304105646866
27139412.txt,0.4820936639118457,0.0221606648199446,0.581267217630854,1.3006582991589546,0.9818372164365156
27152464.txt,0.47619047619047616,0.04111405835543767,0.548941798941799,1.247300595930771,0.9510329498907996
27164756.txt,0.31688511950655357,0.4826254826254826,0.3662297609868928,1.0831170543186968,0.967522147470073
27165830.txt,0.33438818565400846,0.16701902748414377,0.42510548523206754,0.5271626627307587,0.9693513860117262
27176039.txt,0.38365650969529086,0.12916666666666668,0.45013850415512463,0.5907880084379907,0.9794235258506329
27182111.txt,0.3442959917780062,0.13182286302780638,0.42548818088386436,1.5986301294173104,0.967564538105037
27187994.txt,0.55,0.05063291139240506,0.7125,0.785294530733533,0.9686954803017243
27213082.txt,0.37660668380462725,0.05154639175257732,0.46272493573264784,0.8778938439096367,0.9673037666798389
27219200.txt,0.304140127388535,0.19808306709265175,0.3646496815286624,1.0304584161654189,0.9844193319747834
27233183.txt,0.5286458333333334,0.1099476439790576,0.6171875,0.7534950804813021,0.9679177803489841
27243670.txt,0.3145800316957211,0.08015873015873017,0.39857369255150554,0.7337379401950598,0.9788704860356529
27246366.txt,0.4431977559607293,0.03234880450070324,0.5259467040673211,0.7486258220723628,0.9648090556695708
27257013.txt,0.2307067424857839,0.8478437754271766,0.2802599512591389,1.1091267473928654,0.9590465484914331
27295996.txt,0.3945885005636979,0.04293785310734463,0.4577226606538895,1.218979511254936,0.9761661396568542
27298953.txt,0.41904761904761906,0.07159904534606205,0.5047619047619047,0.9130294198570533,0.9901152972253331
27330027.txt,0.4117647058823529,0.06557377049180328,0.45751633986928103,0.7406771177890923,0.9822096671513929
27372171.txt,0.33976833976833976,0.04829362524146812,0.4237942122186495,0.700249184834868,0.9730939479143353
27375577.txt,0.4014423076923077,0.08674698795180723,0.484375,0.7219868764185251,0.9949262175534551
27397245.txt,0.3648068669527897,0.09598853868194843,0.44285714285714284,1.1797720075488816,0.9697044012224948
27409087.txt,0.3464566929133858,0.06861198738170347,0.4275590551181102,1.116596291223715,0.985660126809112
27419236.txt,0.29217110573042776,0.18755052546483428,0.3704600484261501,0.8793021048474471,0.9802623356141011
27485716.txt,0.4052197802197802,0.09090909090909091,0.47527472527472525,1.0403175460148266,0.9748652315792177
27490876.txt,0.39355742296918766,0.06320224719101124,0.47619047619047616,0.6850396279619361,0.9889490648938802
27496514.txt,0.4181523500810373,0.18536585365853658,0.5040518638573744,0.7991257085106298,0.9457353712147702
27497542.txt,0.4945652173913043,0.07103825136612021,0.592391304347826,0.5538247478855658,0.9634369005699664
27502951.txt,0.46048109965635736,0.04482758620689655,0.5292096219931272,0.6250329167888605,0.9746302160570292
27512470.txt,0.4309623430962343,0.15384615384615385,0.5104602510460251,0.9719002292912086,0.9723347821198769
27523575.txt,0.45768025078369906,0.2169811320754717,0.5282131661442007,0.6889178976484006,0.9696152234209648
27524018.txt,0.3375,0.31302170283806346,0.4075,0.7092063378380298,0.971379435947998
27529455.txt,0.3240279162512463,0.26873126873126874,0.3938185443668993,0.7427833163881644,0.9780475267494108
27531694.txt,0.3315068493150685,0.31564501372369624,0.39817351598173517,0.7037756451111615,0.9606812791129494
27536013.txt,0.31752305665349145,0.19154557463672392,0.38603425559947296,0.862073456305901,0.9553633601091002
27549075.txt,0.43256578947368424,0.16996699669966997,0.4967105263157895,1.1852669508134757,0.9560667176989536
27558837.txt,0.32045779685264664,0.05747126436781609,0.4154727793696275,0.5397114444914076,0.9835379095395368
27573855.txt,0.3640500568828214,0.06271379703534778,0.4402730375426621,0.826027981868196,0.9906490997007827
27606527.txt,0.28147612156295226,0.16304347826086957,0.3473227206946454,1.141018220744216,0.9561145327945587
27607632.txt,0.47577092511013214,0.03982300884955752,0.566079295154185,0.7212392419333645,0.954539342953334
27624540.txt,0.3621517771373679,0.15110683349374399,0.4332372718539865,0.7217140326902769,0.983534161617816
27637576.txt,0.2874564459930314,0.3106457242582897,0.34668989547038326,0.8787875679811376,0.969093985352883
27662298.txt,0.2862644415917843,0.6048906048906049,0.33504492939666236,0.7676409597468965,0.9615299524778477
27689009.txt,0.3895522388059702,0.11492537313432835,0.47470238095238093,1.034041576778849,0.9494515249237717
27694040.txt,0.48,0.13709677419354838,0.552,0.6641774133193905,0.9654438823818416
27710853.txt,0.2649687220732797,0.18649373881932022,0.3355674709562109,0.9049800639352379,0.9608459236262645
27715131.txt,0.37926509186351703,0.13289473684210526,0.4645669291338583,0.7606886073120293,0.9651787512896074
27726066.txt,0.2998236331569665,0.46444249341527655,0.3663453111305872,1.1859389222272647,0.9694953854571091
27756469.txt,0.44244105409153955,0.05702364394993046,0.5187239944521498,0.579100802609755,0.9743560888645388
27770859.txt,0.4324693042291951,0.09726027397260274,0.5095628415300546,0.7296084141232443,0.9898878588070541
27788376.txt,0.5723684210526315,0.039735099337748346,0.6710526315789473,0.6350568229375189,0.9943415119885811
27789372.txt,0.4957983193277311,0.00847457627118644,0.5798319327731093,1.2193541708999196,0.9984053059682219
27796199.txt,0.367170626349892,0.1279826464208243,0.46436285097192226,1.23127731683986,0.9954877409230614
27798860.txt,0.3757183908045977,0.06402877697841726,0.4389367816091954,0.7286229660997406,0.9616614295927599
27820360.txt,0.30778032036613273,0.518348623853211,0.35812356979405036,0.5731443626746936,0.9479108098288668
27831220.txt,0.3868954758190328,0.2222222222222222,0.43993759750390016,0.45675458789406254,0.9837432038795669
27835351.txt,0.4426229508196721,0.10619469026548672,0.5081967213114754,0.7761461075479892,0.9421234452216732
27847081.txt,0.45234899328859063,0.024226110363391656,0.5436241610738255,1.2977195529354189,0.9730156921452084
27850777.txt,0.42247191011235957,0.0990990990990991,0.5191011235955056,0.7233336967045599,0.9582858258247684
27884470.txt,0.3348467650397276,0.36860068259385664,0.38819523269012485,0.8728795005920496,0.9793692538783761
27888251.txt,0.39365079365079364,0.06528662420382166,0.49047619047619045,0.8350556913540769,0.9655115666473242
27902692.txt,0.40124740124740127,0.12317327766179541,0.4656964656964657,1.2767150953032707,0.9753641598221299
27903191.txt,0.3431952662721893,0.2062314540059347,0.4349112426035503,0.4744727522477245,0.9517704490169239
27909372.txt,0.37576687116564417,0.48,0.44171779141104295,1.1916708024075338,0.9539444609233652
27914096.txt,0.40107671601615075,0.03643724696356275,0.48855989232839836,1.2679261339701244,0.9875975909479925
27917969.txt,0.2080536912751678,0.847647498132935,0.24161073825503357,0.7010669638643313,0.9759003368885006
27921561.txt,0.40040650406504064,0.034623217922606926,0.483739837398374,0.7535173350023113,0.9698739914870832
27936502.txt,0.3800205973223481,0.04540763673890609,0.46755921730175076,0.9448804814298077,0.9852113633994152
27937592.txt,0.38388625592417064,0.0491283676703645,0.46129541864139023,0.5824859930216131,0.9833817877454264
27974588.txt,0.34690265486725663,0.19182948490230906,0.4353982300884956,1.1540195061116583,0.9152722532677908
27980446.txt,0.3939828080229226,0.034482758620689655,0.4799426934097421,0.6330771764115282,0.9755169352507257
27981289.txt,0.35589941972920697,0.09514563106796116,0.4584139264990329,0.8347894474969237,0.9654018419927699
28005884.txt,0.3463497453310696,0.1788756388415673,0.40407470288624786,0.6121046017562435,0.9894127385536147
28013287.txt,0.3472750316856781,0.10419313850063533,0.42712294043092525,0.6775124717817813,0.9644259970644433
28020046.txt,0.4325581395348837,0.054778554778554776,0.49883720930232556,1.0263746271809138,0.9660564400189146
28035460.txt,0.2643979057591623,0.6377952755905512,0.31282722513089006,0.9626583676684104,0.9826018059598153
28051330.txt,0.3723577235772358,0.5008156606851549,0.43902439024390244,0.7857596346531979,0.9885241088130637
28063132.txt,0.514792899408284,0.19642857142857142,0.5976331360946746,0.7566275220348462,0.9084618687421679
28078163.txt,0.40071343638525564,0.06555423122765197,0.45659928656361476,0.7956254168954161,0.9852708436314201
28086303.txt,0.4192377495462795,0.1092896174863388,0.5117967332123412,0.858351724679315,0.9505035441352446
28092317.txt,0.5232974910394266,0.02888086642599278,0.6200716845878136,0.666103984609739,0.962528325294852
28109594.txt,0.4246737841043891,0.059453032104637336,0.5029655990510083,0.862103346285823,0.9802458692913961
28111403.txt,0.34498620055197793,0.09861751152073733,0.43146274149034036,0.6563612244662672,0.9522866002445992
28126340.txt,0.3243683781581092,0.054693877551020405,0.40668296658516706,0.7605489542917363,0.9573060881224374
28139742.txt,0.3514056224899598,0.07243460764587525,0.4206827309236948,0.7311833272922025,0.9762378075266468
28165687.txt,0.41718555417185554,0.05742821473158552,0.4931506849315068,0.7994503008758802,0.9657083653670854
28172023.txt,0.6308724832214765,0.04054054054054054,0.7214765100671141,0.0,1.0
28175164.txt,0.4057142857142857,0.041237113402061855,0.48114285714285715,0.4963869458396343,0.9564576718100465
28176889.txt,0.5076530612244898,0.035897435897435895,0.5841836734693877,0.6244347714854342,0.9804663021422123
28186635.txt,0.4297385620915033,0.08360655737704918,0.511437908496732,0.8371037148126168,0.9648122295859716
28198029.txt,0.5618556701030928,0.140625,0.6237113402061856,1.241211235283358,0.9497893685425968
28206098.txt,0.4741506646971935,0.08284023668639054,0.5471976401179941,1.1182292270710783,0.9549606676169154
28230807.txt,0.27060133630289535,0.38504464285714285,0.3195991091314031,0.5900144307927145,0.9699810172845554
28243590.txt,0.4781144781144781,0.03389830508474576,0.5488215488215489,0.6362860098582773,0.9770034462607251
28247753.txt,0.4469328140214216,0.04975609756097561,0.5150925024342746,0.9568873841045029,0.979917276154119
28290448.txt,0.3273542600896861,0.26504941599281223,0.3865470852017937,1.1787061695331302,0.9742732820824292
28298773.txt,0.40222575516693165,0.08133971291866028,0.46740858505564387,0.950562054809564,0.9768410939578854
28320387.txt,0.44855305466237944,0.054838709677419356,0.5305466237942122,0.6583599650319705,0.9730895269049199
28321954.txt,0.4283746556473829,0.05939226519337017,0.5151515151515151,0.7957064107000981,0.9775958708102165
28325193.txt,0.38847858197932056,0.15259259259259259,0.4431314623338257,1.4975138133722679,0.9840985232633406
28326441.txt,0.48267326732673266,0.052109181141439205,0.573019801980198,0.947099087990159,0.9449590764415212
28337049.txt,0.39735894357743096,0.11432009626955475,0.4849939975990396,0.6402614280785027,0.9805126003575505
28359817.txt,0.31630170316301703,0.06951219512195123,0.4148418491484185,1.1150265192987165,0.9736124717831957
28377361.txt,0.44550408719346046,0.056010928961748634,0.5299727520435967,0.5605854743872005,0.9638328741449398
28383893.txt,0.3403235470341522,0.1684652278177458,0.4059880239520958,0.8787775409730694,0.9823710250002442
28396458.txt,0.3299908842297174,0.21624087591240876,0.4089253187613843,1.1930816716083792,0.9731735444534466
28396528.txt,0.22605694564279552,0.6715643906655142,0.2640207075064711,0.8931507715603135,0.9854858006469164
28398216.txt,0.3964110929853181,0.088379705400982,0.46818923327895595,1.0636071466916002,0.9689477221230529
28419173.txt,0.3977832512315271,0.03333333333333333,0.49261083743842365,1.0167468591267825,0.9500384900468836
28419927.txt,0.468562874251497,0.04954954954954955,0.5389221556886228,0.560130180301013,0.9102361380863172
28423028.txt,0.38979591836734695,0.06646216768916155,0.43673469387755104,1.2286839232013949,0.9496375679195295
28424982.txt,0.3540740740740741,0.24071322436849926,0.4222222222222222,0.6346374693609161,0.9695134917260592
28471099.txt,0.26221804511278196,0.22859830667920977,0.3295774647887324,1.2179654542837828,0.9617160392139492
28505854.txt,0.36427320490367776,0.08947368421052632,0.43345008756567427,0.6178021073250707,0.9810366515546025
28522529.txt,0.3711615487316422,0.08299866131191433,0.4205607476635514,1.1060532068775337,0.9735463839176126
28531493.txt,0.3918918918918919,0.07156673114119923,0.4575289575289575,0.45814376698033477,0.9869557720064049
28609364.txt,0.39274924471299094,0.09848484848484848,0.472809667673716,0.8993333223701562,0.9373493360253429
28614791.txt,0.4077201447527141,0.11124546553808948,0.49939686369119424,1.1195164209976785,0.9672358384624904
28623782.txt,0.3963782696177062,0.06048387096774194,0.4647887323943662,0.998227953832559,0.9845879533357441
28628090.txt,0.3401315789473684,0.03689064558629776,0.42236842105263156,1.1786869691763457,0.9466290658905304
28629430.txt,0.36553030303030304,0.03984819734345351,0.4365530303030303,0.7435300086134234,0.9845135741762923
28630325.txt,0.4733893557422969,0.059154929577464786,0.5854341736694678,0.48368944041919026,0.9702407432424948
28631840.txt,0.46417445482866043,0.028125,0.5623052959501558,0.5384699586591674,0.9601749709181813
28635795.txt,0.40587449933244324,0.11244979919678715,0.49132176234979974,0.7869667589179529,0.9683711888292281
28640735.txt,0.3101145038167939,0.08986615678776291,0.3788167938931298,0.9220432758991934,0.9689258980188759
28642819.txt,0.40700808625336926,0.12027027027027028,0.5175202156334232,0.7422163545239708,0.9502627614573476
28663949.txt,0.4431818181818182,0.11450381679389313,0.553030303030303,0.72693594896003,0.9681933361068037
28669770.txt,0.37290322580645163,0.03492884864165589,0.472258064516129,1.200503291653844,0.9696319279619848
28670024.txt,0.17487958503149315,0.9065628476084538,0.2093367914042238,0.5997068667649018,0.9693578820894778
28672970.txt,0.3345679012345679,0.03712871287128713,0.40987654320987654,1.098442058512095,0.9702137228393322
28679359.txt,0.3327433628318584,0.06205673758865248,0.4097345132743363,1.4496346553258317,0.9549528825789174
28697203.txt,0.3917525773195876,0.07090103397341212,0.46686303387334316,0.7751878401377464,0.983637611087686
28711616.txt,0.40098199672667756,0.16912972085385877,0.46317512274959083,1.161403259164016,0.9765609474792402
28724469.txt,0.3961840628507295,0.09448818897637795,0.48035914702581367,0.7317701527661317,0.964907498100627
28733974.txt,0.4146341463414634,0.07090464547677261,0.4975609756097561,0.9625137292324385,0.9590468464589367
28745844.txt,0.3993808049535604,0.19875776397515527,0.46439628482972134,0.5887389077674691,0.9514769538535998
28756444.txt,0.40487804878048783,0.08113391984359726,0.4897560975609756,0.5598236053756598,0.9774864360631283
28758002.txt,0.4220314735336195,0.09612625538020086,0.49642346208869814,0.8224239400486162,0.9945146440553111
28762662.txt,0.37379162191192267,0.0968783638320775,0.43501611170784105,0.8145001642660772,0.9760859745096713
28772892.txt,0.3871331828442438,0.05203619909502263,0.4729119638826185,0.5361619162760686,0.9555492682256206
28790806.txt,0.3221476510067114,0.1491031390134529,0.3982102908277405,0.6737433054593681,0.9699901171540174
28803888.txt,0.35516372795969775,0.15404040404040403,0.4105793450881612,0.743282015992625,0.9829704401945764
28808263.txt,0.43829787234042555,0.02844950213371266,0.5304964539007092,0.6473083175309671,0.9358552368091375
28815362.txt,0.40670391061452515,0.17357222844344905,0.464804469273743,1.4102398403304421,0.9630442016732
28828844.txt,0.32673267326732675,0.1141439205955335,0.3948019801980198,1.7663520451924837,0.9776967077467994
28831378.txt,0.3510028653295129,0.09195402298850575,0.4154727793696275,0.8050904910689548,0.9825827818948504
28831442.txt,0.28462192013593884,0.37957446808510636,0.3678844519966015,0.8988848566664298,0.9364255522676364
28862054.txt,0.3410922112802149,0.2825112107623318,0.42166517457475383,1.8487513749161242,0.9464421761112188
28867567.txt,0.44060773480662985,0.027700831024930747,0.511049723756906,0.681214342099434,0.9154574059042375
28871170.txt,0.33706293706293705,0.33660589060308554,0.4041958041958042,1.078221705984666,0.9855106527822849
28895997.txt,0.4375,0.23622047244094488,0.51171875,0.47969004478152344,0.9715641625313234
28897981.txt,0.4092485549132948,0.08458864426419467,0.48786127167630056,0.7661477363826189,0.9428624403858128
28916894.txt,0.35545556805399325,0.07328072153325817,0.41732283464566927,1.1879071859394912,0.9668843230155677
28923650.txt,0.44026845637583895,0.10363391655450875,0.5288590604026846,0.810440573986799,0.9645766266209079
28933005.txt,0.28666035950804164,0.5232227488151658,0.3339640491958373,0.9925891261880081,0.971705227274244
28939941.txt,0.41637426900584795,0.15826494724501758,0.4853801169590643,1.1125787522127077,0.8839192219647566
28942221.txt,0.4611801242236025,0.07476635514018691,0.531055900621118,1.1241447037568344,0.9852862152589363
28949406.txt,0.32886723507917176,0.5128205128205128,0.3995127892813642,0.7827291529711757,0.9879724019585581
28951817.txt,0.32180851063829785,0.652,0.375,1.158132902296295,0.9879741757953197
28969385.txt,0.4495798319327731,0.03932584269662921,0.5196078431372549,0.8363221124848468,0.9919463914387806
28973180.txt,0.33252032520325203,0.08387622149837133,0.4138211382113821,0.6221438008875025,0.9307620043473791
28974459.txt,0.41055718475073316,0.12058823529411765,0.49266862170087977,1.170204035628153,0.9648012205339743
28975482.txt,0.37727910238429174,0.17440225035161744,0.44039270687237025,1.211545076956784,0.9683517034524923
28989677.txt,0.4106412005457026,0.16415868673050615,0.4815825375170532,1.3350628135126588,0.9756327223839054
28998957.txt,0.4416365824308063,0.039806996381182146,0.529482551143201,0.8824513681603483,0.9759751816800879
29002596.txt,0.3118279569892473,0.13907933398628794,0.37732160312805474,0.6613955895697049,0.9852912456710847
29014805.txt,0.4099099099099099,0.1588447653429603,0.4711711711711712,0.9846526308344982,0.9709558446781534
29028935.txt,0.39323220536756126,0.07251461988304093,0.4807467911318553,1.7843212121746412,0.963733477927185
29050809.txt,0.3292999135695765,0.07705627705627706,0.4070872947277442,1.1295145422161184,0.9814270928881857
29051656.txt,0.3314977973568282,0.17218543046357615,0.3865638766519824,0.6726742143758788,0.9826929691807674
29061628.txt,0.5188679245283019,0.08227848101265822,0.5911949685534591,0.46148771687037465,0.9858460111315723
29072179.txt,0.3902147971360382,0.12679425837320574,0.46539379474940334,1.4333218975455007,0.9851654302665505
29075857.txt,0.312807881773399,0.06661184210526316,0.3793103448275862,0.943727058131086,0.9437294375533022
29076405.txt,0.32356134636264927,0.43743199129488575,0.3941368078175896,0.6564572230359894,0.9731092361436915
29087505.txt,0.3257287705956908,0.061068702290076333,0.44289340101522845,0.48312904119566186,0.9466628924837579
29091445.txt,0.4707692307692308,0.041666666666666664,0.5476923076923077,0.6492512954640082,0.973729348991011
29093426.txt,0.23464711274060496,0.8539944903581267,0.26672777268560954,0.7105653316742928,0.973109334772827
29134372.txt,0.47820343461030385,0.03708609271523179,0.5587846763540291,1.2272595508430775,0.9696426045120912
29134721.txt,0.30153846153846153,0.19173859432799015,0.3688423645320197,0.635197570990932,0.9506555006705544
29142288.txt,0.30962343096234307,0.41131284916201116,0.36401673640167365,0.9189103874529253,0.9817007107720884
29147100.txt,0.5043859649122807,0.11504424778761062,0.5921052631578947,1.109186737678447,0.9848692102106525
29148871.txt,0.3408560311284047,0.0989867498051442,0.4163424124513619,0.7421160058133701,0.9659007403905767
29149998.txt,0.40119760479041916,0.05555555555555555,0.5014970059880239,1.0258543032597256,0.9671928090854147
29161565.txt,0.4408866995073892,0.09405940594059406,0.5172413793103449,1.0357330781688872,0.9501530239612817
29165698.txt,0.4809384164222874,0.04129793510324484,0.5865102639296188,0.3943109420412073,0.9283443421974804
29167286.txt,0.31994818652849744,0.44805194805194803,0.37694300518134716,1.0102535574680287,0.9753456139903778
29173771.txt,0.3472022955523673,0.42589928057553955,0.41750358680057387,0.5041100921726391,0.959971669271667
29177904.txt,0.36336779911373707,0.15555555555555556,0.4460856720827179,0.6716654803331902,0.984459138493413
29184740.txt,0.5314685314685315,0.01873536299765808,0.6433566433566433,0.9673960171702549,0.989576143128431
29193505.txt,0.45,0.16165413533834586,0.535,0.607840718431277,0.9747316243806249
29196643.txt,0.3245967741935484,0.24545454545454545,0.3810483870967742,0.8201643241394528,0.9168104272909514
29208172.txt,0.3648351648351648,0.046255506607929514,0.4351648351648352,0.8001674214983031,0.955042428125415
29211359.txt,0.41568627450980394,0.10747051114023591,0.4849673202614379,0.7670615858199947,0.9708672180810812
29211919.txt,0.4899328859060403,0.0853932584269663,0.5883668903803132,0.6929985735943059,0.968376445325553
29221006.txt,0.31657142857142856,0.1305094447624499,0.3836477987421384,1.6225207331000897,0.981452675002658
29267293.txt,0.352,0.46380697050938335,0.41333333333333333,0.6245969994842322,0.9858911781437737
29297393.txt,0.3509080257762156,0.0873900293255132,0.4428822495606327,0.9001469529579503,0.9787712319173176
29297973.txt,0.38729198184568836,0.06525037936267071,0.4659606656580938,0.8346213200536289,0.9593971833147165
29306433.txt,0.4369885433715221,0.022988505747126436,0.5171849427168577,0.6840834429609941,0.9834510471290502
29319314.txt,0.4504065040650406,0.09624796084828711,0.5300813008130081,0.8132391886494658,0.9713562161114772
29329075.txt,0.4611032531824611,0.1048158640226629,0.5296610169491526,0.9033408575562997,0.9616294668934482
29332616.txt,0.4045261669024045,0.1773049645390071,0.48656294200848654,0.5904902796629329,0.9710578542676562
29399491.txt,0.4795417348608838,0.09688013136288999,0.5613747954173486,0.9195580687019015,0.9740705873216029
29406313.txt,0.3139312977099237,0.10516252390057361,0.383587786259542,0.9086908429357444,0.9756752272829659
29415426.txt,0.5141955835962145,0.044444444444444446,0.5962145110410094,1.4375781167818398,0.9260553831825894
29425788.txt,0.366369710467706,0.17522321428571427,0.4153674832962138,1.7205564758231555,0.9826632099372936
29449419.txt,0.4681818181818182,0.17933130699088146,0.5545454545454546,1.2822100062002324,0.9558620493792567
29456173.txt,0.4042232277526395,0.05597579425113464,0.49321266968325794,0.8990579768598569,0.9782542373259243
29483501.txt,0.34946236559139787,0.09029649595687332,0.41263440860215056,1.3305257592008999,0.9468739640245367
29486525.txt,0.23823975720789076,0.7427701674277016,0.27921092564491656,0.47465455150589614,0.9670406438284773
29494962.txt,0.43843843843843844,0.08283132530120482,0.5105105105105106,0.9214975400264688,0.9661951482254629
29510501.txt,0.3824959481361426,0.4796747967479675,0.44246353322528365,0.7820443030449796,0.9738322013464399
29521434.txt,0.5940959409594095,0.06691449814126393,0.6789667896678967,0.9939556874253795,0.9748076290424422
29524570.txt,0.43243243243243246,0.018072289156626505,0.4894894894894895,0.9528015290062245,0.9767099421727456
29525715.txt,0.3705440900562852,0.05357142857142857,0.43902439024390244,1.7465576896044654,0.9779016834790794
29534737.txt,0.41424418604651164,0.1661807580174927,0.4898255813953488,0.5738196727662115,0.969257236046171
29552167.txt,0.36617405582922824,0.09555189456342669,0.47619047619047616,0.7335296521394851,0.9123947622065758
29564653.txt,0.3434190620272315,0.14871016691957512,0.40998487140695916,1.4057740514592059,0.9934871718118352
29573698.txt,0.4754601226993865,0.040123456790123455,0.5644171779141104,0.5429401977920931,0.9634620238025976
29574501.txt,0.43462246777163904,0.04621072088724584,0.5303867403314917,0.9767138484102501,0.9872983240278497
29595906.txt,0.5581395348837209,0.09411764705882353,0.6686046511627907,0.8010448574893378,0.9749471292357008
29612672.txt,0.3867334167709637,0.21831869510664995,0.47434292866082606,0.6143416850280662,0.9799909589487328
29639533.txt,0.38751625487646296,0.1316818774445893,0.46553966189856955,1.021666322593635,0.9547321951936787
29640922.txt,0.29012345679012347,0.4072164948453608,0.3425925925925926,0.7455652336981622,0.9698950247192569
29647215.txt,0.32264150943396225,0.16540642722117202,0.389622641509434,1.4293971587880887,0.9856987540521129
29648950.txt,0.3274215552523875,0.07113543091655267,0.4311050477489768,0.7871646254273296,0.9226146569267967
29723311.txt,0.2531835205992509,0.8079519879969993,0.2943820224719101,0.6674017662569324,0.9482390613106801
29746235.txt,0.4748427672955975,0.07255520504731862,0.5613207547169812,0.9375796528672643,0.9764416318266522
29764492.txt,0.2291814946619217,0.8781183178902352,0.2711743772241993,1.3797349754560349,0.9701328089369772
29770086.txt,0.44431818181818183,0.10556186152099886,0.5164212910532276,0.7139089284098985,0.9589884774898682
29772450.txt,0.42643923240938164,0.14346895074946467,0.4925373134328358,0.7756165131371273,0.9802131614843466
29775391.txt,0.35126050420168065,0.32491582491582494,0.4151260504201681,1.2582657114470164,0.9597319435452935
29784524.txt,0.4415041782729805,0.13268156424581007,0.5334261838440112,0.8108686305601492,0.958021300802586
29792535.txt,0.4107946026986507,0.0962406015037594,0.4707646176911544,0.8208442582228487,0.9868611343508913
29797594.txt,0.29440993788819875,0.3163138231631382,0.4049689440993789,0.9564519501154117,0.973245168124537
29805310.txt,0.3166904422253923,0.34334763948497854,0.37089871611982883,0.6203351683966426,0.9535541194774366
29815762.txt,0.3383947939262473,0.08804347826086957,0.4349240780911063,0.7032446653152147,0.9734800713650156
29821051.txt,0.34249263984298334,0.25467059980334317,0.40039254170755645,1.3207074229542448,0.9852700725777693
29825044.txt,0.39274924471299094,0.22727272727272727,0.44561933534743203,1.1505514337237979,0.9738333879105365
29839396.txt,0.38152011922503726,0.44095665171898357,0.43517138599105815,1.7644425793602794,0.9912528118282407
29865476.txt,0.3977832512315271,0.0654320987654321,0.4876847290640394,0.6841270251523605,0.9692675532314973
29878348.txt,0.5783132530120482,0.06072874493927125,0.6546184738955824,0.6499141086136098,0.9491333434852378
29894080.txt,0.30087719298245613,0.19068541300527242,0.3412280701754386,1.0401804809745105,0.9924597212673861
29897742.txt,0.3944099378881988,0.1806853582554517,0.4751552795031056,0.7542059499919629,0.9457839216750238
29908929.txt,0.45403111739745405,0.04539007092198582,0.5388967468175389,0.8142936169038747,0.9726284751355766
29915354.txt,0.4326923076923077,0.05787781350482315,0.5096153846153846,0.9818128801528561,0.9431216959869214
29926588.txt,0.39968895800933124,0.1060842433697348,0.4727838258164852,0.9881149848332882,0.9288573506076873
29928796.txt,0.39473684210526316,0.06607929515418502,0.5307017543859649,0.6368582223151644,0.9328463147136308
29930479.txt,0.4539249146757679,0.1718213058419244,0.5221843003412969,1.0414143229315103,0.9875292564080083
29968330.txt,0.3534591194968553,0.09962168978562422,0.4377358490566038,0.5407391946462876,0.953526501978131
29975124.txt,0.2917737789203085,0.14175257731958762,0.3444730077120823,0.6619207907832234,0.9789130149479873
29990140.txt,0.44660194174757284,0.11557177615571776,0.5230582524271845,0.620429370994392,0.940300025274446
29992154.txt,0.3940020682523268,0.23108808290155441,0.4581178903826267,0.7077208098882883,0.9414555932724743
29998869.txt,0.27094668117519044,0.29880043620501634,0.33514689880304677,0.7511188300153743,0.9990082057117536
29999135.txt,0.1567489114658926,0.9449275362318841,0.17800289435600578,1.306513993142211,0.9198348126450642
30083884.txt,0.3532608695652174,0.056363636363636366,0.4492753623188406,0.602911474077014,0.9770425618658694
30083943.txt,0.43546099290780144,0.12660028449502134,0.5177304964539007,1.971015195142431,0.9776989873330904
30097175.txt,0.5140495867768595,0.06135986733001658,0.5669421487603306,0.5772682825731535,0.9644642603886424
30127072.txt,0.4100486223662885,0.03577235772357724,0.4829821717990275,0.5565877567945189,0.9622807673645267
30128072.txt,0.4899598393574297,0.26720647773279355,0.5461847389558233,0.7617657195620019,0.9876226723690629
30148777.txt,0.41536273115220484,0.05420827389443652,0.5035561877667141,0.7361882455081525,0.9802246813463065
30163002.txt,0.4362745098039216,0.2081967213114754,0.5049019607843137,0.872941550562221,0.9734320509133118
30223363.txt,0.28257790368271957,0.08297872340425531,0.3590651558073654,0.9685205322064683,0.9424339276051911
30288581.txt,0.41387024608501116,0.1707865168539326,0.47874720357941836,1.2743428573718552,0.978677955835864
30304575.txt,0.34756703078450846,0.07462686567164178,0.40814299900695133,1.3757588998830017,0.9843592724531091
30311202.txt,0.38357843137254904,0.08230958230958231,0.45955882352941174,0.3921776332153197,0.974262861458118
30311725.txt,0.37806637806637805,0.17945007235890015,0.4660894660894661,0.8722940739069261,0.956359682072356
30337969.txt,0.4386459802538787,0.1456859971711457,0.48801128349788436,1.0704475825124669,0.9313802781424863
30344127.txt,0.4244762954796031,0.03535911602209945,0.5005512679162073,1.2128291217160798,0.9870901142841902
30361788.txt,0.5,0.05017921146953405,0.608540925266904,0.7778467257791599,0.9672992400655345
30397268.txt,0.40072992700729926,0.029992684711046085,0.4821037253469686,0.6952341562434976,0.9639962737786394
30430249.txt,0.42663378545006164,0.11124845488257108,0.5006165228113441,0.6629046673551787,0.9441225554502082
30437583.txt,0.447178002894356,0.09143686502177069,0.5108538350217077,1.6889652332403111,0.9413149617668564
30504149.txt,0.42935779816513764,0.058931860036832415,0.4990825688073395,1.3311570946000948,0.9869092123406299
30529547.txt,0.5368731563421829,0.04154302670623145,0.6312684365781711,0.5186800153800695,0.9849509110917833
30542184.txt,0.3351698806244261,0.6954921803127875,0.37649219467401285,0.5739435126121804,0.927111976367773
30563572.txt,0.35736196319018404,0.13846153846153847,0.4263803680981595,1.203842867904142,0.9842020733753306
30594821.txt,0.5192307692307693,0.03896103896103896,0.7051282051282052,0.6324054094168382,0.9072154613906971
30608780.txt,0.33934252386002123,0.10201912858660998,0.41569459172852596,0.9838684059360222,0.9794641035358737
30642458.txt,0.47167325428194995,0.095112285336856,0.5401844532279315,0.7177705799885951,0.9869657561722287
30646367.txt,0.2845528455284553,0.34225844004656575,0.3310104529616725,0.6338755240322436,0.9952865684756359
30709029.txt,0.37537993920972645,0.0975609756097561,0.4635258358662614,0.7272652221821985,0.9507332081923084
30713796.txt,0.352773826458037,0.44079885877318115,0.4011379800853485,0.7660722401682577,0.9476971729141579
30741799.txt,0.3864942528735632,0.1729106628242075,0.46551724137931033,1.1082561513293767,0.9734097542107426
30757456.txt,0.2297696396928529,0.30728241563055064,0.267297457125961,1.2444014048932053,0.9753858238493683
30813919.txt,0.38076923076923075,0.10925449871465295,0.45384615384615384,1.7664864919448193,0.9711356324774358
30826569.txt,0.4822190611664296,0.0456490727532097,0.5490753911806543,0.7030593728343978,0.9474560942361855
30862904.txt,0.38847117794486213,0.04271356783919598,0.4598997493734336,0.9565240090309876,0.979510055218036
30863060.txt,0.3091743119266055,0.2931985294117647,0.355045871559633,1.5031372741180453,0.9838147433041031
30864828.txt,0.375609756097561,0.2724306688417618,0.43577235772357725,0.8869961942993727,0.9691007402062436
30938994.txt,0.3935483870967742,0.03880983182406209,0.4774193548387097,0.6122432213209197,0.9543294706017322
30965258.txt,0.4928977272727273,0.042735042735042736,0.5795454545454546,0.6425961551782912,0.9432402131136718
30968749.txt,0.4106699751861042,0.2848258706467662,0.4801488833746898,0.7979485365785562,0.98405697679125
30990885.txt,0.38924731182795697,0.550755939524838,0.443010752688172,1.4061276796404496,0.9664162741940043
30999638.txt,0.4312617702448211,0.05103969754253308,0.4821092278719397,0.885643987581164,0.9439574989867278
31016926.txt,0.30604982206405695,0.10427807486631016,0.38701067615658363,0.7823778840991432,0.9862645000451031
31025785.txt,0.416793893129771,0.20980091883614088,0.4870229007633588,1.3539785224135805,0.9552930742703329
31040875.txt,0.4181360201511335,0.07341772151898734,0.5138539042821159,0.7195859955757333,0.9300330513505892
31042953.txt,0.40976331360946744,0.07270029673590504,0.5,1.5409435107599037,0.9561395897243067
31064969.txt,0.3108882521489971,0.27729885057471265,0.3452722063037249,0.6657367114294471,0.9925332999863036
31111279.txt,0.31503150315031503,0.08385933273219116,0.3996399639963996,1.0942828399775661,0.9870336448283431
31114531.txt,0.3365200764818356,0.08237547892720307,0.42065009560229444,0.44251956903815765,0.9600522854292555
31162167.txt,0.39652677279305354,0.11756168359941944,0.46888567293777134,0.7056558349877097,0.9916726107436293
31169070.txt,0.2651162790697674,0.3616029822926375,0.3125581395348837,0.8068708225544899,0.9747861022721009
31199035.txt,0.150066401062417,0.9001331557922769,0.1845949535192563,0.8156853184517788,0.9884198274747884
31201660.txt,0.48742138364779874,0.05993690851735016,0.5644654088050315,0.9787926917262448,0.9741632789780179
31211074.txt,0.4645669291338583,0.10584518167456557,0.5622047244094488,0.9374028538410779,0.9683362491319408
31217840.txt,0.3485714285714286,0.060801144492131615,0.42928571428571427,1.5119178336517782,0.980452545597265
31220062.txt,0.20136260408781226,0.7952994692949203,0.24299772899318697,1.0948632499781132,0.9785548266799121
31225895.txt,0.45809248554913296,0.028985507246376812,0.5578034682080925,1.010452497574075,0.9392469382707707
31242382.txt,0.35714285714285715,0.30864197530864196,0.42610837438423643,0.6485559322982165,0.9613586928005485
31243710.txt,0.3180428134556575,0.19101123595505617,0.35372069317023447,1.2193767994829603,0.9816243819474666
31273310.txt,0.38335607094133695,0.23392612859097128,0.46248294679399726,1.526037240110414,0.9241520351672972
31273413.txt,0.4801829268292683,0.07339449541284404,0.5670731707317073,0.6598633370435262,0.9726692681126092
31292364.txt,0.45489690721649484,0.08785529715762273,0.5360824742268041,1.0145310850812825,0.9276654314840866
31362807.txt,0.3179347826086957,0.1307901907356948,0.40625,0.5972501774609621,0.9556829946409741
31392754.txt,0.4043062200956938,0.22182254196642687,0.48325358851674644,0.8864242141671653,0.9768603661366583
31395710.txt,0.274364406779661,0.5711252653927813,0.3220338983050847,0.48649833351613225,0.9656335668701931
31395742.txt,0.3654390934844193,0.08380681818181818,0.42492917847025496,0.8582551950800877,0.968386153411377
31454430.txt,0.3851508120649652,0.4755244755244755,0.46635730858468677,0.6760879816523058,0.9734075788378744
31536294.txt,0.4834983498349835,0.08278145695364239,0.5478547854785478,1.0181891358957822,0.9705119686721075
31547476.txt,0.42024539877300615,0.05846153846153846,0.5122699386503068,1.2616024830350732,0.9920544829243506
31552617.txt,0.5306122448979592,0.08211143695014662,0.6209912536443148,0.7665753739693406,0.9829215273971829
31556198.txt,0.30586766541822724,0.32290362953692114,0.37952559300873906,1.071415877318459,0.9492258505320206
31602598.txt,0.42939481268011526,0.06647398843930635,0.5144092219020173,0.7986350828488784,0.9883546621172697
31605080.txt,0.48847926267281105,0.13488372093023257,0.5345622119815668,0.8719887707522592,0.9950513936234978
31638814.txt,0.46439628482972134,0.06230529595015576,0.5603715170278638,1.001265112660576,0.9786276884889563
31677347.txt,0.42427745664739885,0.06488991888760139,0.4751445086705202,0.8748939117427713,0.9883225188341815
31684925.txt,0.3765743073047859,0.07828282828282829,0.44710327455919396,0.9796425181675522,0.9732540389508899
31694970.txt,0.3723932472691162,0.09651741293532339,0.44091360476663355,0.8540519056002487,0.9542930328494887
31710562.txt,0.37605804111245467,0.06303030303030303,0.4534461910519952,1.1940399813944065,0.9935444154816024
31761591.txt,0.35479951397326853,0.09013398294762484,0.43863912515188336,0.6711801296045391,0.9519570432270545
31813535.txt,0.3889541715628672,0.05182567726737338,0.4735605170387779,0.8513469657272725,0.9569056870092073
31850269.txt,0.4843492586490939,0.05950413223140496,0.5387149917627677,1.0858020155656483,0.9755632083015484
31909493.txt,0.3503368623676612,0.05110896817743491,0.4196342637151107,0.9766226042619502,0.9707305423356978
31926950.txt,0.2738432483474976,0.4266792809839167,0.33994334277620397,0.5184382558771854,0.9766278593548502
31929166.txt,0.48095238095238096,0.07894736842105263,0.5595238095238095,0.5574807104002936,0.9611424694212803
31948488.txt,0.39087947882736157,0.05228758169934641,0.4837133550488599,0.9921023507943716,0.9685789406110604
32025286.txt,0.34555555555555556,0.33407572383073497,0.4122222222222222,0.6269686577044506,0.9731442469015669
32042584.txt,0.4215885947046843,0.06748466257668712,0.5193482688391039,0.6752287743688178,0.9506139695399949
32067700.txt,0.4822222222222222,0.07142857142857142,0.5844444444444444,0.8216208794603612,0.9718192249073838
32069695.txt,0.34573947110675807,0.20019627085377822,0.40450538687561216,0.8062874303595176,0.973413195853709
32081266.txt,0.33879374534623974,0.16480238627889635,0.41474311243484735,0.5966343965206813,0.9583019987269946
32109048.txt,0.4471299093655589,0.08636363636363636,0.5362537764350453,1.225417593202956,0.91632148149145
32140087.txt,0.3546099290780142,0.21826809015421114,0.42958579881656805,1.3269786204439462,0.9724980354253853
32219038.txt,0.4407027818448023,0.033773861967694566,0.5153733528550513,1.1992094340967623,0.966073248556449
32265203.txt,0.41531664212076586,0.310192023633678,0.48748159057437407,0.9905185647570464,0.950317065940623
32308556.txt,0.25251076040172166,0.7179856115107913,0.33715925394548063,0.7222048083158715,0.9685872278328638
32318506.txt,0.47696476964769646,0.1989100817438692,0.5636856368563685,0.860634114849488,0.9540891903019864
32385553.txt,0.3876464323748669,0.05656350053361793,0.46112886048988283,0.7949945181530312,0.9814476560519664
32433431.txt,0.36716791979949875,0.1444723618090452,0.4398496240601504,0.9846466807299846,0.9524387796632737
32441790.txt,0.5,0.04564315352697095,0.5557851239669421,1.226503512303689,0.9791647086555617
32517106.txt,0.37435367114788004,0.34300518134715025,0.4415718717683557,1.0536568412284069,0.9670635706707252
32518109.txt,0.5419847328244275,0.038461538461538464,0.6641221374045801,0.848555856219201,0.9777481633411013
32531824.txt,0.5096952908587258,0.016713091922005572,0.6094182825484764,0.472864482863527,0.9647370941447088
32532982.txt,0.3337696335078534,0.31266490765171506,0.40131578947368424,0.6857403863045315,0.9936086871817157
32563518.txt,0.3713784021071115,0.08003518029903255,0.4363476733977173,1.1094993855721578,0.944745507062711
32605413.txt,0.4649006622516556,0.01593625498007968,0.5509933774834437,0.8610571078438894,0.9247614315273078
32636041.txt,0.44416562107904645,0.07169811320754717,0.5169385194479298,0.6550723155062709,0.9717240067006084
32637306.txt,0.3367139959432049,0.08333333333333333,0.3995943204868154,0.5235557429844918,0.9823565962567559
32651555.txt,0.4303030303030303,0.0825242718446602,0.49515738498789347,1.2477905988359295,0.9832983824270309
32720816.txt,0.4373219373219373,0.13714285714285715,0.5256410256410257,0.7156076636248928,0.9735822261498808
32773331.txt,0.33567251461988307,0.22743259085580306,0.4128654970760234,1.0316849388379625,0.95530728373143
32794700.txt,0.5353319057815846,0.021505376344086023,0.6167023554603854,0.6183720375830805,0.9774724613425225
32799518.txt,0.2503217503217503,0.8350515463917526,0.2985842985842986,0.5709964537506367,0.95610464144596
32802563.txt,0.2620320855614973,0.7868632707774799,0.31283422459893045,1.458161593486376,0.9773551364521196
32896934.txt,0.3697841726618705,0.09668109668109669,0.4201438848920863,0.5970520592447656,0.9907067738105935
32947778.txt,0.35912698412698413,0.0775347912524851,0.43253968253968256,0.8692370684496782,0.9839449062514384
32954522.txt,0.45052631578947366,0.04439746300211417,0.5410526315789473,0.5537851507838448,0.9664362320674461
32959732.txt,0.28152866242038216,0.09948979591836735,0.35095541401273883,1.0043953286816212,0.9561491213845397
32965335.txt,0.34798534798534797,0.07889908256880734,0.41483516483516486,1.0832623467650162,0.9659947857405758
32977530.txt,0.44712182061579653,0.05100671140939597,0.5448460508701473,0.8942006903203953,0.9726280069584834
32980197.txt,0.39360222531293465,0.022315202231520222,0.49235048678720444,0.5768630064803294,0.9528322156510575
32985311.txt,0.457002457002457,0.12128712871287128,0.5344827586206896,0.5588141546902261,0.9879182689548299
33023370.txt,0.41007194244604317,0.12379807692307693,0.5071942446043165,0.8612939951562043,0.9814653633039754
33072201.txt,0.3268112109994712,0.22657490735839067,0.38022210470650447,1.205096264253593,0.9806414117416136
33135102.txt,0.39100346020761245,0.21875,0.47058823529411764,0.8184992047382599,0.9635280812988245
33141415.txt,0.48654708520179374,0.04054054054054054,0.5582959641255605,1.0034561255022294,0.9889194939062135
33176873.txt,0.36163836163836166,0.12812812812812813,0.44755244755244755,1.048542473113434,0.9947558951702148
33236701.txt,0.4535073409461664,0.07201309328968904,0.5415986949429038,0.7161645938821195,0.9668265197944937
33241454.txt,0.4249512670565302,0.08023483365949119,0.50682261208577,0.5723941769436877,0.9459806013934636
33286293.txt,0.4647058823529412,0.42322834645669294,0.515686274509804,1.5234009585740682,0.9970699045459139
33344933.txt,0.3892543859649123,0.15824175824175823,0.4725877192982456,1.0303851059956457,0.9851362926255011
33370664.txt,0.3792298716452742,0.14619883040935672,0.4644107351225204,0.7782140146905654,0.9589038234655372
33381211.txt,0.20598469032707029,0.883623693379791,0.2546972860125261,0.8877058012629243,0.9649975035006504
33424600.txt,0.2131398013750955,0.6870696250956388,0.2643239113827349,0.5889696068760366,0.9801459709831474
33527446.txt,0.35384615384615387,0.055269922879177376,0.441025641025641,1.3840835345538678,0.9910635073208645
33542483.txt,0.39497041420118345,0.08160237388724036,0.48372781065088755,0.9288819515488328,0.986585544568865
33578873.txt,0.42700729927007297,0.07352941176470588,0.5437956204379562,1.485827339009113,0.8397871519897293
33627938.txt,0.34438775510204084,0.11073253833049404,0.4030612244897959,1.714552787498779,0.9743428009310664
33665485.txt,0.4,0.06467661691542288,0.47603305785123967,0.5480048568522597,0.9782847114449102
33685075.txt,0.36633663366336633,0.19514884233737598,0.44554455445544555,0.6962243025155406,0.9898472014184378
33685988.txt,0.36419753086419754,0.4024767801857585,0.4243827160493827,1.6638672477415366,0.9716670883219621
33704389.txt,0.3629242819843342,0.17146596858638743,0.45822454308093996,0.6412002913163153,0.9622252898216221
33750209.txt,0.4090909090909091,0.06896551724137931,0.49385749385749383,1.2592176211629185,0.9626168742793221
33803142.txt,0.3040473840078973,0.1404549950544016,0.36031589338598224,1.0373606132149908,0.9428240609331531
33872500.txt,0.409778812572759,0.061843640606767794,0.49243306169965073,0.5320281710848772,0.9793727172394219
33893326.txt,0.42290249433106575,0.06818181818181818,0.49206349206349204,1.2276428258267027,0.9766645151041197
33919379.txt,0.4401294498381877,0.05863192182410423,0.540453074433657,0.5541948422601967,0.9599167477023093
33964275.txt,0.42087076710435384,0.17647058823529413,0.4948168624740843,0.6102026541652825,0.9656330187168239
34033933.txt,0.43042071197411,0.08603896103896104,0.5145631067961165,1.0300436738708256,0.9494546093645522
34046031.txt,0.42337662337662335,0.0625,0.4922077922077922,0.8183656575079369,0.9602764649957722
34051710.txt,0.33549222797927464,0.35714285714285715,0.40414507772020725,1.3562523858115991,0.9944667562219298
34131484.txt,0.47164948453608246,0.031088082901554404,0.5747422680412371,1.2008441698859609,0.9778402726538752
34141299.txt,0.45790251107828656,0.028148148148148148,0.5598227474150664,0.8120553609754806,0.9787177088206622
34146825.txt,0.3428201811125485,0.0933852140077821,0.4489003880983182,0.6601332364647102,0.9263829842683663
34151183.txt,0.43714285714285717,0.08022922636103152,0.5071428571428571,0.7355437805197081,0.9752579838419805
34185495.txt,0.3812664907651715,0.19047619047619047,0.42744063324538256,1.5011576071932249,0.9926780467512571
34198885.txt,0.41964285714285715,0.07611940298507462,0.5163690476190477,0.6356043311270696,0.9924367045989494
34250007.txt,0.3520208604954368,0.18823529411764706,0.41199478487614083,2.3566694061280686,0.9899999870560682
34252537.txt,0.3708040593286495,0.0836591086786552,0.4371584699453552,1.378096979923647,0.957372540392493
34303500.txt,0.42950391644908614,0.07068062827225131,0.52088772845953,0.8002866748013175,0.9725430649425949
34304175.txt,0.4852459016393443,0.03453947368421053,0.5426229508196722,0.812320606371406,0.939556632584664
34317538.txt,0.31079854809437385,0.1407811080835604,0.37250453720508164,1.0762102711400559,0.9822295157093205
34319869.txt,0.445,0.05351170568561873,0.5183333333333333,1.3142712034798207,0.9947679371798802
34327438.txt,0.36799184505606525,0.2676200204290092,0.4240570846075433,0.8377969486170517,0.9725045212553629
34349255.txt,0.378125,0.06289308176100629,0.503125,0.5928266630145378,0.9718835105727796
34419403.txt,0.48509485094850946,0.010899182561307902,0.5799457994579946,0.5707607027552669,0.9531911968364634
34452806.txt,0.42119205298013246,0.09827357237715803,0.49801324503311256,1.158941049815495,0.9731875479380429
34465087.txt,0.41511627906976745,0.22727272727272727,0.48604651162790696,0.685374966274456,0.9745874354333274
34511655.txt,0.3626666666666667,0.053475935828877004,0.43866666666666665,0.5188018485170338,0.9540520272182359
34544955.txt,0.38875305623471884,0.3272058823529412,0.4400977995110024,0.763728079559781,0.9877310570155543
34554248.txt,0.4006928406466513,0.037037037037037035,0.46997690531177827,1.0063638416053968,0.9672794553464839
34583750.txt,0.3958333333333333,0.06282722513089005,0.5052083333333334,0.5268603108124345,0.9475177300659682
34594746.txt,0.44429347826086957,0.05040871934604905,0.53125,0.8403964809981668,0.9717746871791915
34657584.txt,0.3010471204188482,0.6496062992125984,0.3468586387434555,0.7955569093602358,0.9850378258631335
34689720.txt,0.3333333333333333,0.069164265129683,0.4410919540229885,0.7707394518907582,0.989046308195965
34712719.txt,0.45054945054945056,0.03581267217630854,0.5370879120879121,1.0788780775654208,0.9659008967146022
34740556.txt,0.3689759036144578,0.052870090634441085,0.44879518072289154,0.6596253580203466,0.977502318347443
34745915.txt,0.27771797631862216,0.6947141316073355,0.33584499461786865,0.7226943856975262,0.9481049861526075
34758680.txt,0.40237691001697795,0.059625212947189095,0.4702886247877759,0.7628436174173412,0.9841804272711667
34783330.txt,0.4262295081967213,0.13262910798122066,0.4918032786885246,1.1356238794983655,0.9737429777052203
34792238.txt,0.21325167037861914,0.7759197324414716,0.2522271714922049,0.8885315533012392,0.9620049556101917
34797369.txt,0.41037735849056606,0.10638297872340426,0.4882075471698113,1.109429775223331,0.9679804172471358
34816637.txt,0.31268436578171094,0.10044313146233383,0.3799705449189985,0.7755127440958914,0.9969087227307397
34875813.txt,0.350635593220339,0.08386411889596602,0.4247881355932203,0.959325244845872,0.9867662179806098
34953092.txt,0.5197889182058048,0.08488063660477453,0.5857519788918206,0.703836676120447,0.9665052390219339
34962725.txt,0.43703703703703706,0.24721189591078066,0.4962962962962963,1.1063310982351542,0.9903690211505886
34970271.txt,0.35119047619047616,0.07761194029850746,0.4330357142857143,0.5668015432819096,0.9680793711502002
35121930.txt,0.38451268357810414,0.12449799196787148,0.472630173564753,0.5075638649472466,0.9591627309457739
35157762.txt,0.33482142857142855,0.2746268656716418,0.3898809523809524,1.466734084367082,0.9547244501564639
35164503.txt,0.4601542416452442,0.10051546391752578,0.5475578406169666,1.9091831834374453,0.9775857078081026
35172961.txt,0.4470426409903714,0.18344827586206897,0.48418156808803303,2.3224427646999555,0.9775623731223165
35302620.txt,0.3929577464788732,0.2796610169491525,0.4676056338028169,0.9791960048917746,0.9279587425968507
35325329.txt,0.4058479532163743,0.06103286384976526,0.47892271662763464,0.781715310206773,0.9719777780243245
35344611.txt,0.366751269035533,0.02544529262086514,0.4619289340101523,0.7492419469878914,0.9605006421691538
35389360.txt,0.30641330166270786,0.13957176843774782,0.3768804433887569,1.755209180229081,0.961284649366304
35421497.txt,0.4883720930232558,0.050955414012738856,0.5898520084566596,0.6143330221623757,0.9193485441406364
35422305.txt,0.3915737298636927,0.06459627329192547,0.4646840148698885,0.6351449307169985,0.9760164597276981
35468363.txt,0.44360902255639095,0.22137404580152673,0.518796992481203,0.5995032522609222,0.999198420822407
35474904.txt,0.3648111332007952,0.05084745762711865,0.4527363184079602,1.3761474219991703,0.9241514171295513
35483925.txt,0.3996937212863706,0.059907834101382486,0.48238897396630936,0.7595158045406825,0.9934169531076049
35492909.txt,0.2746585735963581,0.786910197869102,0.3125948406676783,0.8433235867445583,0.9818290171252984
35554162.txt,0.4175491679273828,0.054628224582701064,0.5083207261724659,0.5219048541502834,0.9746909241591234
35564026.txt,0.39820359281437123,0.18618618618618618,0.4820359281437126,0.8391796845360807,0.9553539306706198
35571205.txt,0.4083570750237417,0.05708848715509039,0.4919278252611586,0.5598752763913325,0.9512804424417657
35579812.txt,0.35376044568245124,0.4594972067039106,0.4275766016713092,0.6411966807715229,0.9247448268888332
35603950.txt,0.38742857142857146,0.1111111111111111,0.44571428571428573,1.154808556740505,0.9283273447837033
35651876.txt,0.2335649385355425,0.7677902621722846,0.2752538749331908,1.0774129829719312,0.9755687402791297
35673335.txt,0.3679369250985545,0.07905138339920949,0.4520367936925099,1.0366061707286625,0.9755689460311621
35737840.txt,0.40499306518723993,0.14186369958275383,0.47711511789181693,0.8429388675416876,0.9527319148311054
35971546.txt,0.4190371991247265,0.02850877192982456,0.4989059080962801,0.8678691187400687,0.9633020439705121
35985133.txt,0.30847145488029465,0.2564575645756458,0.36464088397790057,0.675648516898961,0.9897624656660454
35990852.txt,0.2591362126245847,0.1497005988023952,0.34485049833887044,0.7335691523117954,0.9823967236614718
36019469.txt,0.35082872928176795,0.043357933579335796,0.43278084714548803,1.6340356934152591,0.8466208774838424
36024962.txt,0.5502183406113537,0.03524229074889868,0.62882096069869,0.8639926791021003,0.9852939418252625
36074301.txt,0.3791469194312796,0.16957210776545167,0.4486571879936809,0.7344898481703055,0.9620010044831171
36094883.txt,0.43527508090614886,0.09415584415584416,0.5210355987055016,0.7344642587346882,0.9815469133058259
36102323.txt,0.44611059044048734,0.03004694835680751,0.5248359887535146,0.8561522174297304,0.9550564244490289
36107065.txt,0.3315508021390374,0.17001338688085676,0.39438502673796794,2.543487994310047,0.9961138109542179
36136569.txt,0.3462414578587699,0.1906392694063927,0.4271070615034169,0.8359536789391179,0.9560169291885932
36139251.txt,0.31879460745440125,0.14297061159650518,0.3980967486122125,0.5505986837509845,0.9808322344302198
36149549.txt,0.4854838709677419,0.032362459546925564,0.5725806451612904,1.2603741206631707,0.9660119252581116
36170003.txt,0.3891402714932127,0.21633888048411498,0.4660633484162896,0.9988264519971372,0.9865119984453683
36206485.txt,0.4014510278113664,0.03878787878787879,0.4873035066505441,0.7021673986386356,0.938559926457082
36252245.txt,0.39766702014846234,0.05100956429330499,0.4941675503711559,1.0270299289133997,0.9604258014619338
36269672.txt,0.3086734693877551,0.07948717948717948,0.4413265306122449,1.0261409661069194,0.9064828198004241
36302399.txt,0.378076062639821,0.04932735426008968,0.4519015659955257,0.8817412162538236,0.9442863028962486
36331163.txt,0.5133689839572193,0.13978494623655913,0.5748663101604278,0.6589217638641475,0.9795411368001358
36366044.txt,0.38389830508474576,0.10441426146010187,0.4788135593220339,1.639385012625405,0.9300006367304782
36379931.txt,0.46808510638297873,0.02666666666666667,0.5598404255319149,0.8056117130511139,0.9602211304130202
36392131.txt,0.354251012145749,0.2565922920892495,0.42206477732793524,1.1000307795034503,0.9600608190821228
36425270.txt,0.42857142857142855,0.03691813804173355,0.512,0.7648502075570092,0.9878355872902899
36434348.txt,0.33426573426573425,0.182328190743338,0.38741258741258744,1.1547845488975839,0.9781913586994972
36517781.txt,0.3445378151260504,0.3898916967509025,0.42136854741896757,0.6500953058633322,0.9672834201702236
36569713.txt,0.5,0.19852941176470587,0.572992700729927,1.3454487347863127,0.9935505482787398
36574147.txt,0.37,0.23558897243107768,0.44875,0.6290094190588134,0.9907700160182618
36621169.txt,0.48501362397820164,0.08767123287671233,0.5912806539509536,0.9346911499108844,0.9884751848600063
36625776.txt,0.33101391650099404,0.14342629482071714,0.4025844930417495,0.6096948215331376,0.9600967042428733
36671891.txt,0.3380952380952381,0.10890302066772654,0.403968253968254,1.145749508175269,0.9492534828678902
36694627.txt,0.5340909090909091,0.019543973941368076,0.6152597402597403,0.9846954144942769,0.9682635183412489
36727173.txt,0.46189024390243905,0.06584992343032159,0.549618320610687,1.2624617654747976,0.9356892869484884
36758947.txt,0.46561443066516345,0.04745762711864407,0.5434047350620068,1.590726382258433,0.9460329686870699
36805025.txt,0.3301258327165063,0.054114158636026685,0.4167283493708364,1.044527325194839,0.9619669683022867
36856210.txt,0.4371859296482412,0.040336134453781515,0.5192629815745393,0.7916234437800399,0.9629261098249003
36861863.txt,0.5180180180180181,0.04090909090909091,0.6666666666666666,0.7748707950835402,0.9727241036392821
36868767.txt,0.44462025316455694,0.12063492063492064,0.5221518987341772,1.447694020809701,0.9738005468386819
36904300.txt,0.3469079939668175,0.04607250755287009,0.4381598793363499,1.080140749309036,0.9503011268355388
36905896.txt,0.38293216630196936,0.05701754385964912,0.4759299781181619,0.6005499437706163,0.9483071635491434
36970996.txt,0.3853658536585366,0.057003257328990226,0.4691056910569106,0.7987464671962566,0.9479352679088703
37001381.txt,0.3713527851458886,0.04521276595744681,0.45490716180371354,0.8656810675494219,0.9713258408104589
37058472.txt,0.431858407079646,0.05328596802841918,0.5185840707964602,0.5413976743328734,0.9788341796130478
37087371.txt,0.42920353982300885,0.07941176470588235,0.5058651026392962,1.2058965173287406,0.9873377692800013
37087824.txt,0.4652014652014652,0.0625,0.5366300366300366,1.1505447274691307,0.9679350448031898
37201447.txt,0.34025974025974026,0.375,0.4103896103896104,1.077107823348689,0.9530940438025678
37220856.txt,0.4143835616438356,0.05491990846681922,0.4874429223744292,0.7074023095494428,0.9684301972145789
37231163.txt,0.4830508474576271,0.05106382978723404,0.5889830508474576,0.44953347027580637,0.8946455249708131
37242217.txt,0.37843784378437845,0.030871003307607496,0.4367436743674367,1.0161642451621553,0.9505530394314806
37263609.txt,0.3767123287671233,0.31443298969072164,0.4366438356164384,1.3528207340925589,0.942502046761712
37292350.txt,0.28993147074327885,0.15883905013192612,0.34686346863468637,1.338916650823265,0.9810602615469796
37333719.txt,0.4576271186440678,0.13247863247863248,0.5423728813559322,1.0865979949033628,0.9843345893236555
37335325.txt,0.33085808580858084,0.13140495867768595,0.3952145214521452,0.8432348952848338,0.9836453616877401
37348041.txt,0.4383116883116883,0.04560260586319218,0.5064935064935064,0.7034173145205816,0.9896112708598899
37360517.txt,0.4475743348982786,0.1978021978021978,0.5164319248826291,0.5368350216392154,0.966231621743765
37370455.txt,0.39914163090128757,0.04447632711621234,0.4434907010014306,0.8568184449596565,0.9690744955428787
37374340.txt,0.4754653130287648,0.01697792869269949,0.560067681895093,1.1710123489470143,0.972412248710527
37375999.txt,0.38567839195979897,0.1397984886649874,0.47738693467336685,0.8402199459050852,0.9618126165498914
37391947.txt,0.31004901960784315,0.23955773955773957,0.38357843137254904,0.5862688662793293,0.9773922818097566
37402097.txt,0.4984709480122324,0.030959752321981424,0.5969230769230769,0.5151230360552895,0.9716824962003823
37472265.txt,0.2860927152317881,0.5431606905710491,0.32980132450331123,1.3462073049701833,0.9757277374513745
37473139.txt,0.46476761619190404,0.016541353383458645,0.5592203898050975,0.7148878811053366,0.9309212688213253
37521676.txt,0.25698757763975155,0.7698289269051322,0.2996894409937888,1.5502328758341524,0.9473940549842557
37540732.txt,0.37865748709122204,0.2504317789291883,0.43029259896729777,1.1966630414857093,0.9711705317833709
37560528.txt,0.31693548387096776,0.05735056542810985,0.4161290322580645,0.5646273979156212,0.9773553862617321
37640804.txt,0.4253490870032223,0.12917115177610333,0.5069817400644469,1.2168535672688545,0.9580512944230049
37660306.txt,0.155893536121673,0.6461187214611872,0.2,0.8995134468305916,0.9575690234417346
37664296.txt,0.33286810886252616,0.10412299091544375,0.41311933007676205,0.8810252169438494,0.962744286908719
37695494.txt,0.39953271028037385,0.19483568075117372,0.4719626168224299,1.334450330702326,0.9734403992695629
37735467.txt,0.46397694524495675,0.017366136034732273,0.5584415584415584,0.5585663808953523,0.9450494662167359
37739183.txt,0.2869047619047619,0.18414779499404052,0.3601190476190476,0.5831696734918282,0.9811220866234623
37750854.txt,0.3761232349165597,0.0682110682110682,0.4634146341463415,1.8759009792300705,0.9920762897930402
37751611.txt,0.35241301907968575,0.09111361079865017,0.43546576879910215,0.7420965987138263,0.9588495480130337
37764298.txt,0.3957091775923719,0.06810035842293907,0.47079856972586415,1.3632780131105018,0.9748805307106169
37792474.txt,0.4076809453471196,0.11851851851851852,0.4918759231905465,0.7609405960718021,0.9707426852363215
37818861.txt,0.46564885496183206,0.08695652173913043,0.5368956743002544,0.6294330515182013,0.9757219620356428
37913536.txt,0.3049932523616734,0.2706359945872801,0.3697705802968961,0.6136852398546093,0.9628052905181342
37931076.txt,0.4797979797979798,0.0583756345177665,0.5681818181818182,0.7210000935370374,0.9714254839228952
37997506.txt,0.3220675944333996,0.10159362549800798,0.40457256461232605,1.258170983758803,0.9852311794250642
38007664.txt,0.37986577181208053,0.05787348586810229,0.4590604026845638,1.2756573415610832,0.9638829537534147
38047274.txt,0.36221294363256784,0.18723849372384938,0.42588726513569936,0.5733358152395687,0.9738539867909941
38056161.txt,0.4030534351145038,0.04134762633996937,0.4595419847328244,1.0022869756099702,0.987855958533588
38059130.txt,0.35,0.14916467780429593,0.41904761904761906,0.9360696239471115,0.9744831338570935
38087844.txt,0.4009603841536615,0.09025270758122744,0.4789915966386555,0.8681130385029678,0.9603928122645954
38108845.txt,0.34831460674157305,0.06448311156601842,0.4473953013278856,0.46400378357585104,0.9585055394194983
38115035.txt,0.3639751552795031,0.1357409713574097,0.4546583850931677,1.095951966161933,0.9694070476960843
38154903.txt,0.4934640522875817,0.05263157894736842,0.6176470588235294,0.783394068665607,0.9735098119965649
38165833.txt,0.4788732394366197,0.1943127962085308,0.568075117370892,0.7006204335539816,0.9574262713110347
38216888.txt,0.5351351351351351,0.09836065573770492,0.6108108108108108,0.8468983253336789,0.9653149783031573
38220146.txt,0.4525316455696203,0.03333333333333333,0.5411392405063291,0.7465951922285091,0.9701406853245613
38225199.txt,0.4074534161490683,0.057285180572851806,0.4832298136645963,1.2445641870454691,0.9674365353703746
38291889.txt,0.4013793103448276,0.22130013831258644,0.4979310344827586,0.9563701277407628,0.973745588102792
38309905.txt,0.36363636363636365,0.4431977559607293,0.4041958041958042,0.5951899391132994,0.9501219960940278
38314236.txt,0.4144144144144144,0.049773755656108594,0.5045045045045045,1.0583946585784345,0.8776183147432658
38355831.txt,0.277337559429477,0.31160572337042924,0.35340729001584786,0.6100161197212343,0.9732925762274177
38399177.txt,0.5296296296296297,0.022388059701492536,0.6185185185185185,0.5365179483636346,0.9706258442467764
38441665.txt,0.3682539682539683,0.06687898089171974,0.45396825396825397,1.1318763081416345,0.988291339097175
38457612.txt,0.43342391304347827,0.04087193460490463,0.5135869565217391,1.0819639595191533,0.9842040146167712
38535335.txt,0.5618556701030928,0.0625,0.6494845360824743,1.0406848498766892,0.9820590094707315
38565119.txt,0.2541507024265645,0.7503201024327785,0.2988505747126437,0.8244563581950821,0.980448732854404
38642923.txt,0.3866231647634584,0.09983633387888707,0.4437194127243067,1.2341645361332452,0.9794978383902718
38650096.txt,0.5472972972972973,0.04081632653061224,0.6317567567567568,0.611551810755933,0.9586592759544725
38663892.txt,0.3893528183716075,0.06485355648535565,0.4801670146137787,1.052386186506188,0.9775605709471066
38688388.txt,0.3627450980392157,0.052825552825552825,0.4424019607843137,0.45643217423938454,0.9680744169826181
38698573.txt,0.45034013605442175,0.07366984993178717,0.5619047619047619,0.6555107123793997,0.9609450013261299
38707449.txt,0.4824016563146998,0.04573804573804574,0.556935817805383,1.5233321708581902,0.9937578898769553
38744475.txt,0.43707093821510296,0.05747126436781609,0.5240274599542334,0.6478786091458927,0.9602451857693673
38750659.txt,0.40134907251264756,0.11844331641285956,0.45699831365935917,1.2483304457679014,0.9860523564477659
38753827.txt,0.32802547770700635,0.20574162679425836,0.3869426751592357,0.8853082378501859,0.9724448018372233
38847011.txt,0.3737024221453287,0.06581986143187067,0.46889400921658986,0.5028387153395526,0.9864520665919915
38860712.txt,0.4292604501607717,0.05,0.5434083601286174,0.6846901059411152,0.8767331250038652
38896303.txt,0.3432642487046632,0.0987012987012987,0.39248704663212436,0.7056446066606437,0.9898705906074202
38897568.txt,0.42037302725968434,0.06762589928057554,0.48923959827833574,0.8610308158441563,0.9716399501826677
38907798.txt,0.33185840707964603,0.1242603550295858,0.4056047197640118,1.2401893098734342,0.9859216052052145
38946032.txt,0.35947712418300654,0.14809960681520315,0.4366013071895425,1.0872121041178784,0.9335988726624946
38989376.txt,0.3686868686868687,0.18484848484848485,0.4415322580645161,0.7707249316771232,0.9678333321072246
39027764.txt,0.33585858585858586,0.31645569620253167,0.3888888888888889,0.9162000085047325,0.9762961983984282
39064638.txt,0.463448275862069,0.07596685082872928,0.5454545454545454,0.7503729296000179,0.9713430381483157
39081840.txt,0.35602094240837695,0.033578174186778595,0.44397905759162304,1.0169364529845428,0.9785459581078464
39082090.txt,0.405777166437414,0.24,0.45392022008253097,1.120640962426804,0.9550259519083028
39115899.txt,0.4320388349514563,0.1331168831168831,0.5129449838187702,0.6613263433178812,0.9930421586663217
39142536.txt,0.4199706314243759,0.05891016200294551,0.5139500734214391,0.7676647771458156,0.9665225846065699
39166680.txt,0.42462600690448793,0.0726643598615917,0.4936708860759494,0.9672338026333003,0.9948499876514271
39237915.txt,0.4527736131934033,0.04661654135338346,0.5232383808095952,1.2657207632164766,0.9785250658830799
39247950.txt,0.3518005540166205,0.09722222222222222,0.42382271468144045,1.324955946105255,0.9965469041887317
39252859.txt,0.3843843843843844,0.07530120481927711,0.4744744744744745,2.0007817101763252,0.995232790842081
39295103.txt,0.41166936790923825,0.13008130081300814,0.4846029173419773,1.0176868275601347,0.9758817292506096
39308779.txt,0.3449564134495641,0.13108614232209737,0.410958904109589,1.186444942164696,0.9842015430680708
39413067.txt,0.36253776435045315,0.08181818181818182,0.43051359516616317,1.1109492596799209,0.9630906590880524
39434376.txt,0.47345132743362833,0.5446428571428571,0.5309734513274337,1.4683800155265159,0.9966430903089506
39441617.txt,0.3471971066907776,0.0625,0.3960216998191682,1.6569974196651154,0.9886147408366085
39470264.txt,0.3169845594913715,0.4422202001819836,0.3851044504995459,0.9197298236104008,0.9535476780133006
39566718.txt,0.3605313092979127,0.05608365019011407,0.45825426944971537,2.3265416424927428,0.9556918199811789
39569771.txt,0.46795827123695977,0.03886397608370702,0.563338301043219,1.125219647949553,0.9947504780095762
39581020.txt,0.528052805280528,0.026578073089700997,0.6237623762376238,0.6214733322737874,0.9806424357598068
39608848.txt,0.4622222222222222,0.022288261515601784,0.5481481481481482,0.7714714527114338,0.9500144277212778
39650734.txt,0.43899657924743446,0.019450800915331808,0.5342465753424658,1.4753617829849186,0.9889557375417344
39674178.txt,0.3795620437956204,0.12152269399707175,0.454014598540146,1.3368631239056943,0.9684140929256213
39674782.txt,0.4203125,0.05329153605015674,0.503125,0.9258306948821354,0.9909160766926481
39675895.txt,0.3676680972818312,0.07604017216642754,0.463519313304721,0.6507439157744457,0.955642871428255
39718499.txt,0.4837662337662338,0.0915032679738562,0.5681818181818182,1.8645557001448703,0.9728565902663945
39776400.txt,0.28311057108140947,0.20097442143727162,0.34386391251518833,0.9671529978559751,0.9877583088319765
39805617.txt,0.4537712895377129,0.09975669099756691,0.5218446601941747,0.8744723607932228,0.9499217947199919
39835894.txt,0.2954292084726867,0.32737430167597764,0.3701226309921962,0.701077456378196,0.9501006165514854
39855211.txt,0.45908607863974493,0.01597444089456869,0.536663124335813,0.5708774029387912,0.965726215521358
39875803.txt,0.3956043956043956,0.08539944903581267,0.49038461538461536,0.4996571201300322,0.9280731407033318
39908485.txt,0.17884463202321288,0.8704143573502243,0.21893959377472963,1.6254768028588409,0.9674013001259825
39970711.txt,0.4540983606557377,0.06578947368421052,0.5426229508196722,0.7150273271499867,0.9780287421152887
40018190.txt,0.5452196382428941,0.04155844155844156,0.6330749354005168,1.0911075181994119,0.9728666592816245
40088790.txt,0.33258173618940245,0.1751412429378531,0.41037204058624577,0.9973616439123918,0.954066891527221
40311088.txt,0.3408408408408408,0.14156626506024098,0.42342342342342343,0.8409463451380997,0.9882226843640441
40792022.txt,0.44507575757575757,0.053231939163498096,0.5359848484848485,0.6880479556108469,0.9282301776997773
40882926.txt,0.3560126582278481,0.44126984126984126,0.4272151898734177,1.7907690254930062,0.9354121451093442
40883703.txt,0.40093240093240096,0.09133489461358314,0.4965034965034965,0.6996013339788336,0.9821576124343279
40987524.txt,0.34347826086956523,0.23638344226579522,0.4206521739130435,0.696058187281918,0.9317506558518293
41152404.txt,0.30577777777777776,0.08652988403211419,0.37666963490650046,1.0558611201437929,0.9523659736110821
41344156.txt,0.3465909090909091,0.07972665148063782,0.4420454545454545,0.7453807885643275,0.9688619884661779
41506705.txt,0.4235474006116208,0.15053763440860216,0.4946401225114854,0.6079977571240216,0.9600332184657279
41523474.txt,0.3799126637554585,0.4058394160583942,0.4497816593886463,0.9489288279060842,0.9623313072030171
41586420.txt,0.39036381514257623,0.06403940886699508,0.47885939036381514,0.6772520290512128,0.9753706955928314
41590605.txt,0.3870967741935484,0.11426319936958235,0.43823760818253343,1.015339055544026,0.9733360752448157
41651672.txt,0.43648960739030024,0.04640371229698376,0.5288683602771362,0.7438469400862423,0.9900628686121186
41910253.txt,0.4987714987714988,0.02962962962962963,0.5700245700245701,0.5712728854453824,0.975508897688938
41950126.txt,0.3873659117997616,0.037037037037037035,0.464839094159714,1.1235926027549188,0.9519933090066901
42156237.txt,0.48626373626373626,0.04419889502762431,0.5521978021978022,0.9941893419072616,0.9868208577236393
42164460.txt,0.3319327731092437,0.32162921348314605,0.4103641456582633,0.48290332728324287,0.9744190142914506
42304307.txt,0.3411042944785276,0.5006150061500615,0.4196319018404908,1.4868073928933816,0.9724262381297747
42332765.txt,0.4734848484848485,0.043726235741444866,0.5473484848484849,1.9094065395649331,0.9837465847291673
42384185.txt,0.39270687237026647,0.4542897327707454,0.4431977559607293,1.1284455953810688,0.9775563958958655
42427521.txt,0.33111480865224624,0.3516666666666667,0.3951747088186356,0.9559260519936957,0.9654165671771755
42487883.txt,0.4117647058823529,0.06220095693779904,0.5023847376788553,2.082207146379236,0.9877826356599445
42546558.txt,0.40460081190798375,0.05834464043419267,0.496617050067659,0.553736720961194,0.9240383815847747
42641525.txt,0.31435257410296413,0.09375,0.38143525741029644,0.697052920404538,0.9553490168272789
43311839.txt,0.29107692307692307,0.06469500924214418,0.3569230769230769,1.0024072897731962,0.9865229461915038
43375498.txt,0.3261480787253983,0.14741784037558686,0.408622305529522,0.6419953236655803,0.9708914897407647
43378989.txt,0.5085324232081911,0.12714776632302405,0.5597269624573379,1.160958786633031,0.8975026396730138
43408471.txt,0.46153846153846156,0.015748031496062992,0.5368916797488226,0.9161436297457333,0.9677682378513104
43622023.txt,0.4466571834992888,0.06562054208273894,0.5419630156472262,0.8018118733571122,0.9472043910963256
43685045.txt,0.3581183611532625,0.1415525114155251,0.4264036418816389,0.7232017762059681,0.9992215425314491
43720116.txt,0.5062344139650873,0.08020050125313283,0.5835411471321695,0.5855246624640732,0.9913785174797961
43752620.txt,0.40924092409240925,0.08158765159867695,0.46424642464246424,0.7152418148681533,0.984946452678424
43852883.txt,0.40574282147315854,0.12891113892365458,0.4794007490636704,1.0721765209250729,0.9750352136869712
43994605.txt,0.39643347050754457,0.04401650618982118,0.4732510288065844,0.7204375993142068,0.9851706995073131
44115326.txt,0.22126745435016112,0.11644571838050878,0.2688865019692087,1.654528564915714,0.9739545425343927
44145704.txt,0.34252539912917274,0.36588921282798836,0.4069767441860465,0.9365077801701048,0.9351529408204701
44147689.txt,0.43107769423558895,0.07052896725440806,0.5087719298245614,0.9877187576908315,0.9785565314470911
44185767.txt,0.3202911737943585,0.10300820419325434,0.3939945404913558,1.6226498114890648,0.9517619188601788
44476983.txt,0.43209876543209874,0.03163686382393398,0.5061728395061729,0.5980329801581798,0.9540686791935346
44624796.txt,0.481981981981982,0.058823529411764705,0.5698198198198198,0.5170524085978411,0.9754266992798287
45077654.txt,0.3252804141501294,0.28262748487467587,0.3882657463330457,1.0578187373129895,0.9750998765143706
45167858.txt,0.5159574468085106,0.058823529411764705,0.5877659574468085,0.44724411092460886,0.9727791919970221
45286020.txt,0.3022988505747126,0.4827188940092166,0.35402298850574715,0.43936187514098524,0.977657589484406
45462344.txt,0.37564102564102564,0.17737789203084833,0.4230769230769231,0.6980878968652793,0.9712139516342062
45475027.txt,0.39342806394316165,0.11555555555555555,0.4551907719609583,1.2612500697796498,0.9780875431425898
45656814.txt,0.32463768115942027,0.08139534883720931,0.427536231884058,0.5725069318010292,0.9713756823010182
45900271.txt,0.3684210526315789,0.09415121255349501,0.45092460881934565,0.6142632585597103,0.9696300457631598
45907524.txt,0.3288364249578415,0.4577702702702703,0.39376053962900504,1.237251373944028,0.9843821416774584
45987048.txt,0.45045045045045046,0.01935483870967742,0.528957528957529,0.4595686911772697,0.956201838958459
46055835.txt,0.47516556291390727,0.03986710963455149,0.5513245033112583,0.9144564703894327,0.9925014193380035
46258701.txt,0.46511627906976744,0.04129263913824058,0.5652951699463328,0.853575619587024,0.9692919670154553
46260230.txt,0.37566947207345064,0.055938697318007664,0.46748278500382556,1.0457458866154747,0.9639268211850913
46349752.txt,0.38991270611057227,0.04859086491739553,0.475266731328807,0.5625161359046325,0.9898773879383612
46514339.txt,0.3952513966480447,0.06722689075630252,0.48044692737430167,0.7983796303013431,0.9495126288910545
46772262.txt,0.42696629213483145,0.13687600644122383,0.5120385232744783,0.6782226903071197,0.9580473875453654
47067533.txt,0.35294117647058826,0.09064748201438849,0.4246771879483501,0.7804185113363951,0.9625061620809438
47133747.txt,0.39285714285714285,0.056842105263157895,0.4810924369747899,0.7797664485509197,0.9782299459046343
47276718.txt,0.35995955510616784,0.18522267206477733,0.42424242424242425,1.2108068631583824,0.9884159069235423
47317494.txt,0.5,0.1,0.5633802816901409,0.8714727174016803,0.9407629484131087
47410104.txt,0.4455611390284757,0.0453781512605042,0.5142378559463987,0.6592585925360156,0.993601601991506
47470864.txt,0.38308457711442784,0.10972568578553615,0.4577114427860697,0.7437548553071952,0.9812287172368004
47487091.txt,0.44350961538461536,0.046987951807228916,0.5288461538461539,0.729960939665258,0.9543972958633101
47549345.txt,0.48697394789579157,0.060362173038229376,0.533066132264529,0.9560208889792053,0.9915267341606353
47603843.txt,0.4866666666666667,0.0436241610738255,0.57,0.9290602462577281,0.9783439382374572
47729453.txt,0.375,0.3287461773700306,0.42835365853658536,1.0557076709925908,0.9938547333016721
47919212.txt,0.38545953360768176,0.07977991746905089,0.46227709190672156,0.6161601676456433,0.963869150712969
47996197.txt,0.3669985775248933,0.08273894436519258,0.4423897581792319,0.5420339046767324,0.9925991265573529
48037995.txt,0.44521497919556174,0.04728789986091794,0.5242718446601942,0.922799816630276,0.954916381357328
48285304.txt,0.4613821138211382,0.044897959183673466,0.5386178861788617,0.8728156668730315,0.9544305185983721
48533663.txt,0.4013921113689095,0.03953488372093023,0.5011600928074246,0.7257350280753058,0.9790912143102688
48547319.txt,0.302945301542777,0.5133614627285513,0.3688639551192146,0.7358044178313615,0.9642813323112488
48549972.txt,0.40404040404040403,0.09127789046653144,0.47474747474747475,1.1449196612108323,0.9866368774773665
48580330.txt,0.37641154328732745,0.12955974842767295,0.4629861982434128,1.7949653858324184,0.9320738822846475
49119887.txt,0.47227191413237923,0.02872531418312388,0.5778175313059034,1.1333575245740042,0.9607721223565884
49127329.txt,0.3330365093499555,0.06422836752899197,0.40338379341050756,1.1152025958463396,0.9666464067672212
49204385.txt,0.31806108897742363,0.0425531914893617,0.3884462151394422,0.9331017546475217,0.9821299363333645
49285644.txt,0.42278481012658226,0.07106598984771574,0.5088607594936709,0.8302524617178297,0.9455536723488249
49325370.txt,0.4246305418719212,0.10069101678183613,0.4916256157635468,0.7379938483320705,0.9640991260770083
49475708.txt,0.31990794016110474,0.209919261822376,0.4085155350978136,0.578989598862854,0.97547991545607
49486820.txt,0.3901705115346038,0.1748743718592965,0.46238716148445336,0.8961115838562785,0.9478371681446804
49646155.txt,0.36342592592592593,0.06380510440835267,0.4409722222222222,0.6581640826029079,0.971878103707685
49685006.txt,0.33152594887683967,0.19317300232738557,0.412858249419055,0.8924534820923435,0.9754555760296498
49777184.txt,0.3686868686868687,0.18016194331983806,0.45151515151515154,1.083959183443279,0.97991001057491
49937469.txt,0.4072164948453608,0.14728682170542637,0.49097938144329895,0.6984098590170974,0.9475940320379467
49997097.txt,0.41210374639769454,0.10404624277456648,0.484149855907781,1.0440376212377958,0.9984822862010425
50219114.txt,0.38350785340314136,0.05774278215223097,0.4594240837696335,0.5757052004214618,0.9575362845379117
50222417.txt,0.2877569258266309,0.07788719785138765,0.35031277926720283,1.0143366519485286,0.9797323501304087
50324968.txt,0.5092838196286472,0.021333333333333333,0.6180371352785146,1.1879321524081676,0.9749808268510047
50328713.txt,0.3134953897736798,0.42233417296389586,0.37468566638725903,1.5534363863721263,0.9967720522783834
50432401.txt,0.4511400651465798,0.28431372549019607,0.50814332247557,0.7501763737060473,0.9863217606747081
50775901.txt,0.40456182472989194,0.1022864019253911,0.4837935174069628,0.7480562342103437,0.9571516054892748
51018476.txt,0.38852097130242824,0.2261640798226164,0.45474613686534215,0.7795910546473345,0.9635455718275687
51209395.txt,0.5976331360946746,0.03592814371257485,0.6863905325443787,0.632582847369779,0.9481884932208586
51349448.txt,0.5859872611464968,0.02564102564102564,0.6815286624203821,1.1812977266715246,0.9289908090329029
51363762.txt,0.3869047619047619,0.11530815109343936,0.4603174603174603,0.6860175968623138,0.9663494234815689
51415089.txt,0.38971428571428574,0.11912943871706758,0.456,0.756360175337971,0.9812960281302253
51432451.txt,0.3614457831325301,0.04589371980676329,0.4566265060240964,0.6039769540181119,0.9501796698007549
51508889.txt,0.26125804145818443,0.1838340486409156,0.314867762687634,0.6745076258199342,0.9726097974999066
51554903.txt,0.3821656050955414,0.12643678160919541,0.4407643312101911,0.9587689641285249,0.9833747170656932
51588273.txt,0.42318059299191374,0.17615176151761516,0.477088948787062,0.6507839631673306,0.9780490624859256
51638201.txt,0.40965732087227413,0.0421875,0.5046728971962616,0.9009031828550488,0.9559398947194068
51639418.txt,0.39429530201342283,0.1734006734006734,0.46812080536912754,0.8722254433729653,0.9734798253220676
51681660.txt,0.34291010194624655,0.07706592386258125,0.4318813716404078,0.7322197235471809,0.9606492551625941
51724595.txt,0.3722707423580786,0.03282275711159737,0.46179039301310043,1.8156869910778557,0.9615844436428957
51769822.txt,0.4380305602716469,0.12265758091993186,0.5178268251273345,0.5159459564950093,0.9796845721526025
51777546.txt,0.47310126582278483,0.01904761904761905,0.560126582278481,0.7499107753076307,0.9826914718294317
52246737.txt,0.39006342494714585,0.05826271186440678,0.46511627906976744,1.297186511229227,0.9549974927875007
52252936.txt,0.4155495978552279,0.11155913978494623,0.5053619302949062,0.9738046264326359,0.9798667497323409
52618188.txt,0.34036144578313254,0.1619718309859155,0.40562248995983935,1.0258257702903346,0.9544105299468224
52684666.txt,0.25113636363636366,0.6742596810933941,0.31136363636363634,0.9418969433692704,0.9689029236326967
52979663.txt,0.4297994269340974,0.040229885057471264,0.49140401146131807,0.8581407335650313,0.9691410073968252
53129155.txt,0.35082458770614694,0.42105263157894735,0.4107946026986507,0.7595274674465043,0.9831764783550818
53169257.txt,0.48095238095238096,0.14012738853503184,0.5666666666666667,0.6220804827223942,0.9697301415268473
53227466.txt,0.3403755868544601,0.18235294117647058,0.4213615023474178,0.850153583801207,0.9640506040913442
53265899.txt,0.40160183066361554,0.20642201834862386,0.477116704805492,1.1202424884222741,0.965610308945506
53640713.txt,0.275390625,0.5436766623207301,0.3372395833333333,0.8329376497590467,0.964498599972544
53701275.txt,0.40587449933244324,0.0642570281124498,0.48064085447263016,0.7074694001479206,0.9906344644382731
54067174.txt,0.45401174168297453,0.03143418467583497,0.5322896281800391,0.8158351545192865,0.9610704585085114
54100393.txt,0.3795918367346939,0.0860655737704918,0.4857142857142857,0.45306219215890314,0.9170953838633602
54101961.txt,0.5229681978798587,0.05693950177935943,0.6007067137809188,0.42686331398783633,0.9825145475132807
54180474.txt,0.4174454828660436,0.0484375,0.5,0.9128775736246244,0.9580956828416823
54201930.txt,0.319774011299435,0.40770101925254815,0.37966101694915255,1.1477669667662784,0.9929164961070199
54227873.txt,0.35469107551487417,0.569954128440367,0.43707093821510296,0.7973751441620283,0.9704098569436929
54232810.txt,0.4597875569044006,0.0289193302891933,0.5553869499241275,0.9190879077920636,0.9618821009478112
54246169.txt,0.35690968443960824,0.12322791712104689,0.4211099020674646,0.8353872664688675,0.9708603519867747
54259150.txt,0.3862310385064177,0.11812865497076024,0.4632438739789965,0.9899565362220883,0.9423578546466498
54308684.txt,0.39143426294820716,0.1157684630738523,0.4591633466135458,1.9591433938638911,0.9578671497017076
54421668.txt,0.29833887043189367,0.35395874916833003,0.36345514950166113,1.2793989135114434,0.9704092816169666
54934269.txt,0.2820919175911252,0.6550079491255962,0.33914421553090335,1.407733257820346,0.9588696480478381
55097118.txt,0.3706030150753769,0.2380352644836272,0.457286432160804,0.9088604501284182,0.954869492016407
55104715.txt,0.48095238095238096,0.045454545454545456,0.5547619047619048,0.7101245251160188,0.9592938271250339
55477468.txt,0.46481178396072015,0.019704433497536946,0.5499181669394435,0.4097627489600794,0.9583363067144439
55500538.txt,0.30354609929078014,0.8122332859174964,0.3446808510638298,0.6484126348679666,0.9608329953858998
55595908.txt,0.3920653442240373,0.03859649122807018,0.46091015169194866,0.906493028774145,0.9622422069677916
55712978.txt,0.3894849785407725,0.16559139784946236,0.43991416309012876,0.7290977464903757,0.9806394810325322
55746506.txt,0.37623762376237624,0.07092198581560284,0.48514851485148514,0.5550263569195361,0.9645323747548535
55953734.txt,0.39420289855072466,0.06286549707602339,0.47230320699708456,0.7013074268767278,0.9700076152326043
56025640.txt,0.4260355029585799,0.0937129300118624,0.49467455621301776,0.8197857877453676,0.9523778774210544
56068028.txt,0.4169570267131243,0.037296037296037296,0.5046511627906977,2.3716451657364566,0.9936800790623231
56151548.txt,0.43037974683544306,0.015873015873015872,0.5253164556962026,0.9678842456240555,0.9742087557249676
56286525.txt,0.3955928646379853,0.0683491062039958,0.4910807974816369,0.6856997343008557,0.9706176250602909
56520872.txt,0.28112449799196787,0.48456375838926175,0.3293172690763052,0.6374974495489938,0.9649609146784599
56525735.txt,0.2960829493087558,0.3140877598152425,0.35368663594470046,0.5770556275428839,0.9736783882552342
56691064.txt,0.43034825870646765,0.0599250936329588,0.5130759651307597,1.6013071806135535,0.9779095436184362
56792999.txt,0.4207221350078493,0.048818897637795275,0.49921507064364207,0.5580056114329591,0.9374890319753998
56952849.txt,0.2924613987284287,0.38342440801457195,0.3490909090909091,0.8784873453816705,0.9292619186085497
57002858.txt,0.3168469860896445,0.12093023255813953,0.39258114374034003,1.0229863170291833,0.9528550796767974
57088974.txt,0.3621700879765396,0.16029411764705884,0.43255131964809385,0.7646256405865239,0.9902349218368921
57262959.txt,0.38153846153846155,0.1574074074074074,0.4307692307692308,1.0800648215203419,0.9764921869257057
57364820.txt,0.3982102908277405,0.05941704035874439,0.4742729306487696,1.1976242223523617,0.9293220463474281
57575888.txt,0.3798219584569733,0.07829534192269574,0.44609297725024727,0.5135798580266806,0.9925900407718165
57601040.txt,0.3985728848114169,0.04290091930541369,0.47604485219164117,0.7126533052306668,0.9480034874340902
57667857.txt,0.25808538163001293,0.44559585492227977,0.31953428201811124,0.6559333357091344,0.9825786562127881
57706851.txt,0.3171745152354571,0.18472222222222223,0.38488210818307905,0.8726825679432996,0.9499414711047593
58048626.txt,0.4704968944099379,0.018691588785046728,0.5496894409937888,0.829682929168569,0.9723306090499726
58105060.txt,0.32456140350877194,0.3313782991202346,0.3845029239766082,0.9819847038425101,0.9861871977573267
58165257.txt,0.40903054448871184,0.06,0.49601063829787234,0.849680426591762,0.985136469016245
58208591.txt,0.3158227848101266,0.0982256020278834,0.3911392405063291,1.0552110580043323,0.9686346840426159
58428843.txt,0.44301765650080255,0.01932367149758454,0.5329052969502408,0.7493371051800667,0.9729267321063727
58665241.txt,0.3719676549865229,0.26756756756756755,0.4501347708894879,1.5947590629633128,0.9891365603128264
58708773.txt,0.43478260869565216,0.10756972111553785,0.5454545454545454,0.7609080632937953,0.9737315237625495
58879993.txt,0.5218023255813954,0.10495626822157435,0.5930232558139535,1.4507925581495253,0.9813312498668867
58915642.txt,0.32894736842105265,0.633245382585752,0.3881578947368421,1.1622694994146465,0.9956424781352476
59011090.txt,0.5528455284552846,0.04632152588555858,0.6368563685636857,0.6945688962448505,0.9698215531031685
59346975.txt,0.42206235011990406,0.07091346153846154,0.5011990407673861,0.6996000130521294,0.9662574250333126
59403481.txt,0.40990371389270974,0.0993103448275862,0.4951856946354883,0.6430987100273914,0.9725626397982814
59422148.txt,0.37555886736214605,0.04035874439461883,0.46348733233979134,1.2245202833051672,0.9802009991922997
59450123.txt,0.3124312431243124,0.13671444321940462,0.39713971397139713,0.6257297177060934,0.9826540148415975
59487170.txt,0.28790786948176583,0.3817307692307692,0.3435700575815739,2.6589513547399317,0.9375978431130597
59696315.txt,0.3047550432276657,0.17243867243867245,0.3753602305475504,0.9555619097945263,0.9671194569604195
59777056.txt,0.5200642054574639,0.00966183574879227,0.6003210272873194,0.5465206369229352,0.9381295921670525
59818742.txt,0.38285714285714284,0.13516609392898052,0.44,0.834674925520419,0.982462656214362
59938965.txt,0.48253968253968255,0.06070287539936102,0.5523809523809524,0.41806167397495453,0.956137556131848
59962788.txt,0.4604715672676838,0.025034770514603615,0.5464632454923717,0.9907184665332996,0.9829244175252068
60004873.txt,0.4428969359331476,0.19887955182072828,0.4958217270194986,0.4671999291265022,0.9889476818029861
60182829.txt,0.3982521847690387,0.11639549436795996,0.46691635455680397,0.8489938581152557,0.9780348956714298
60489316.txt,0.3569937369519833,0.06380753138075314,0.4363256784968685,0.8151331700636318,0.9597578766212902
60624892.txt,0.37484737484737485,0.13953488372093023,0.42735042735042733,0.8287200729464876,0.918451820571693
61065616.txt,0.43111831442463533,0.13008130081300814,0.5089141004862237,0.870099518137966,0.9310193772497956
61315605.txt,0.40641711229946526,0.04289544235924933,0.5133689839572193,0.9106390448986469,0.9841143866115519
61319162.txt,0.35294117647058826,0.1639871382636656,0.4128342245989305,1.4374007932865036,0.9984594201088306
61322296.txt,0.3563218390804598,0.10253456221198157,0.4413793103448276,0.485545388796624,0.9779539407030792
61579998.txt,0.4238975817923186,0.08131241084165478,0.4864864864864865,1.573171937102805,0.994766336921667
61634281.txt,0.5066921606118547,0.046065259117082535,0.5736137667304015,0.7443076934129962,0.9618578635861728
61677751.txt,0.4392220421393841,0.04065040650406504,0.5153970826580226,0.9913101943281003,0.9783543311286715
62071407.txt,0.39173789173789175,0.12,0.45584045584045585,0.8224434663614416,0.9670462148306452
62184086.txt,0.45132743362831856,0.26706231454005935,0.5398230088495575,0.7418747103220821,0.9634117443535635
62312955.txt,0.5318471337579618,0.08012820512820513,0.5859872611464968,0.8559713338768071,0.9830646745965101
62555739.txt,0.4229957805907173,0.03276955602536998,0.5126582278481012,0.7784756233278809,0.9431858391528025
62700506.txt,0.3448275862068966,0.06436567164179105,0.4264432029795158,0.9815158059960745,0.958743008620522
62809577.txt,0.42731277533039647,0.16592920353982302,0.5022026431718062,0.8228950510948785,0.9744693210043314
62850928.txt,0.37771345875542695,0.05805515239477504,0.4558610709117221,1.8705532451423996,0.9865098732542367
62870550.txt,0.4259012016021362,0.06827309236947791,0.514018691588785,0.9290960634683665,0.9251377008907496
62994611.txt,0.247451343836886,0.787372330547818,0.283595922150139,0.7930899952202636,0.9626333638998766
63083944.txt,0.37343927355278095,0.07281001137656427,0.45629965947786605,0.7506641654410406,0.9618796867674042
63137898.txt,0.3241469816272966,0.10657894736842105,0.4015748031496063,0.6798647185603781,0.9763485893756747
63145386.txt,0.46026986506746626,0.02406015037593985,0.5337331334332833,0.5772946799817039,0.9844410346878489
63158213.txt,0.44549125168236875,0.15519568151147098,0.49663526244952894,1.415547079912251,0.8931940897221187
63282405.txt,0.434991974317817,0.18357487922705315,0.507223113964687,0.6670513988215061,0.9563958433122363
63391085.txt,0.41530054644808745,0.0589041095890411,0.5095628415300546,0.7987351722970752,0.9559920683198092
63670997.txt,0.3842443729903537,0.04838709677419355,0.45819935691318325,1.0266163260862022,0.9869913776641781
63989974.txt,0.3245341614906832,0.16510903426791276,0.38664596273291924,0.9977979479954384,0.9583750796228463
64017585.txt,0.543640897755611,0.05513784461152882,0.6209476309226932,0.8312767354179087,0.9834201671296201
64468610.txt,0.39879518072289155,0.07004830917874397,0.4542168674698795,0.8001249358097964,0.9852473985403657
64471954.txt,0.5577557755775577,0.016611295681063124,0.6798679867986799,0.8678406826889714,0.9272754315727855
64589506.txt,0.4804630969609262,0.10304789550072568,0.5499276410998553,0.9351479590077345,0.9904849842600418
64755882.txt,0.4630541871921182,0.07084019769357495,0.535303776683087,0.9648792755091786,0.9788986993804991
65062795.txt,0.410459587955626,0.03815580286168521,0.508716323296355,0.5475143889854245,0.9677178259302973
65219288.txt,0.35475234270414996,0.09261744966442953,0.4364123159303882,0.5511943667681793,0.9734938623614106
65237556.txt,0.46116504854368934,0.07177615571776155,0.5194174757281553,1.006157947745543,0.9721710591110306
65325317.txt,0.28593272171253825,0.6232771822358346,0.33409785932721714,0.8420189724904746,0.9637546931812712
65352424.txt,0.4135702746365105,0.07455429497568881,0.5088852988691438,1.189264612444047,0.9865943201663204
65373280.txt,0.20249869859448205,0.9010416666666666,0.24765868886576484,0.86867704035064,0.981282589141921
65456466.txt,0.21334586466165414,0.8258003766478342,0.25375939849624063,0.8953414252131696,0.9456024098907039
65708020.txt,0.36562860438292966,0.10404624277456648,0.44405997693194926,0.6123013839989369,0.9505863903319879
65864767.txt,0.3216216216216216,0.6341463414634146,0.3891891891891892,0.8311962921026295,0.9641028431266224
66226673.txt,0.4785100286532951,0.05763688760806916,0.5530085959885387,1.3545118205364255,0.9864634629992556
66683238.txt,0.46781789638932497,0.04094488188976378,0.5510204081632653,0.5460488350447879,0.9629367502546885
66741193.txt,0.3525641025641026,0.05353319057815846,0.4284188034188034,0.5730893473925156,0.9843265632105305
66832845.txt,0.3727544910179641,0.15639097744360902,0.44677661169415295,1.5236373047729714,0.9402645281214672
66906212.txt,0.35777998017839446,0.09831181727904667,0.44400396432111,0.48181750438573073,0.9794682049751448
67032711.txt,0.3609467455621302,0.0711743772241993,0.46272189349112425,0.480744074595988,0.9383042078315761
67406885.txt,0.41636690647482016,0.11261261261261261,0.49550359712230213,0.9573881041664378,0.9692583299429423
67501448.txt,0.49230769230769234,0.028241335044929396,0.5685019206145967,1.114365747929341,0.9833459315726799
67582956.txt,0.40640809443507586,0.3108108108108108,0.4663299663299663,0.776584705615166,0.9729977423211482
67631413.txt,0.3658872077028886,0.11724137931034483,0.4676753782668501,0.7122526946747809,0.9662865294896437
67645662.txt,0.25118934348239774,0.8312678741658722,0.28924833491912466,0.9303457277251281,0.9675457427258336
68216398.txt,0.4169381107491857,0.07026143790849673,0.495114006514658,0.8228497015139983,0.9886310754905693
68240723.txt,0.47644927536231885,0.08363636363636363,0.5706521739130435,1.1959430915293812,0.9677346197873581
68338341.txt,0.4230769230769231,0.06464924346629987,0.5116598079561042,0.5972077566595311,0.9514871590463905
68460556.txt,0.48026315789473684,0.06622516556291391,0.5822368421052632,0.5236731707190146,0.9350405398745975
68781345.txt,0.33402489626556015,0.10706860706860707,0.3983402489626556,0.7982360011565467,0.9661398015954266
69005326.txt,0.48480463096960924,0.020319303338171262,0.5687409551374819,1.0786376884282205,0.9561471270049561
69097572.txt,0.4653846153846154,0.03080872913992298,0.5556978233034571,0.8906275206643732,0.9754544201536116
69155584.txt,0.5558739255014327,0.023054755043227664,0.66189111747851,0.5605026270403678,0.9240068347468167
69181350.txt,0.3702857142857143,0.041237113402061855,0.4582857142857143,0.7263742418137545,0.9375659829678398
69199666.txt,0.4558610709117221,0.02608695652173913,0.5520231213872833,0.791379465687317,0.9773816820033003
69243180.txt,0.4088669950738916,0.132013201320132,0.4967105263157895,0.7795309457323294,0.9726004482959291
69336473.txt,0.33964497041420116,0.11743772241992882,0.41183431952662725,1.429523425628362,0.9914391618656297
69360287.txt,0.3675464320625611,0.06842619745845552,0.45365853658536587,1.1608063740096348,0.9778194452023032
69458502.txt,0.4420485175202156,0.07972972972972973,0.5256064690026954,0.8622460867458913,0.9356817805342149
69487178.txt,0.440536013400335,0.052100840336134456,0.5058626465661642,1.170283687381984,0.9840061694349403
69532425.txt,0.5153846153846153,0.08139534883720931,0.6307692307692307,1.4273186955887323,0.9880446596186148
69666645.txt,0.5612244897959183,0.046153846153846156,0.6632653061224489,0.7303863680738126,0.9894013178274224
69764348.txt,0.351878612716763,0.21490593342981187,0.41329479768786126,1.1425160097333444,0.931950093213569
69859102.txt,0.494579945799458,0.05434782608695652,0.5663956639566395,0.9472800900729338,0.9662279459688057
70089206.txt,0.3467741935483871,0.07159353348729793,0.41935483870967744,1.0930169676848536,0.9891486507746153
70196518.txt,0.5098039215686274,0.03943661971830986,0.5882352941176471,0.5686938529760089,0.9601794688953978
70198580.txt,0.4470404984423676,0.08125,0.5311526479750779,1.0926646527743773,0.9660428180247161
70528646.txt,0.33735909822866345,0.23387096774193547,0.40177133655394526,0.5993809801351714,0.9666333118364023
70541112.txt,0.36019417475728155,0.05642023346303502,0.43592233009708736,0.7544848306025221,0.9835335431407017
70603826.txt,0.4071969696969697,0.1413662239089184,0.4990530303030303,1.0552331518189877,0.9294166002908907
70667011.txt,0.3935018050541516,0.06513872135102533,0.4813477737665463,1.1819673895025076,0.9727799861723524
70750649.txt,0.39538855678906915,0.08896492728828058,0.448334756618275,0.9589690029424227,0.9883930716644
70892619.txt,0.23295454545454544,0.7165242165242165,0.28267045454545453,1.348503853943262,0.9638512579033482
71422121.txt,0.2948717948717949,0.15709969788519637,0.3665158371040724,0.792581243372938,0.9823521390917792
71499299.txt,0.4341692789968652,0.16037735849056603,0.5313479623824452,0.6503087142844478,0.9743777635513414
71576860.txt,0.4330357142857143,0.041791044776119404,0.5223214285714286,0.7963914568095722,0.9374944167836451
71767359.txt,0.34006462035541196,0.063915857605178,0.4135702746365105,0.8520602774404866,0.9597190419190227
71772815.txt,0.3643867924528302,0.11938534278959811,0.4492924528301887,0.782945430737242,0.9602369124214428
71888547.txt,0.3948051948051948,0.140625,0.4935064935064935,1.3236047791973355,0.938882125513446
72136463.txt,0.375,0.055201698513800426,0.4353813559322034,1.5883741000586802,0.9437954886550506
72231872.txt,0.31255411255411253,0.12315698178664354,0.3887445887445887,0.9453545285687504,0.9560501012371179
72652441.txt,0.29081081081081084,0.6608884073672806,0.3491891891891892,0.7106306731279595,0.9658668154484005
72807293.txt,0.36459909228441756,0.06069802731411229,0.46142208774583965,0.7985335559695377,0.9651850793870085
72876163.txt,0.3971631205673759,0.023696682464454975,0.46926713947990545,0.7343691469044723,0.9872760995374078
73030450.txt,0.3782542113323124,0.446676970633694,0.4268104776579353,1.4196180060018488,0.9966305781930652
73075521.txt,0.33419689119170987,0.11932555123216602,0.3963730569948187,1.316011070299018,0.9687672288072584
73077810.txt,0.4467408585055644,0.04784688995215311,0.5119236883942766,1.002785937990881,0.9831364345294082
73157997.txt,0.37092731829573933,0.052763819095477386,0.4473684210526316,0.5062390243515427,0.9669910168894094
73282756.txt,0.3574363188167625,0.08401976935749589,0.4399671052631579,1.077825294195632,0.9708297577572034
73448369.txt,0.36801242236024845,0.5062305295950156,0.42701863354037267,0.676188973592574,0.9783496585495954
73497035.txt,0.4307931570762053,0.1060842433697348,0.5085536547433903,0.5900056808345101,0.976410960526695
74126637.txt,0.4550898203592814,0.042042042042042045,0.5643712574850299,0.856390723382344,0.9416920105343328
74191424.txt,0.47150997150997154,0.04428571428571428,0.5598290598290598,0.5520999806936331,0.9808384151471518
74236636.txt,0.44503311258278144,0.1752988047808765,0.5099337748344371,0.6976075451175653,0.9903797641835406
74512244.txt,0.4865269461077844,0.02702702702702703,0.5853293413173652,0.8156662782410685,0.9765946666008604
74522938.txt,0.3297769156159069,0.3974732750242954,0.3860329776915616,0.5211777446094925,0.9582653754422273
74552449.txt,0.3875968992248062,0.522077922077922,0.42377260981912146,0.6164731189416679,0.9228857710335691
74816727.txt,0.39633286318758815,0.031117397454031116,0.5063469675599436,0.5097821087512375,0.9661185303946552
74849878.txt,0.5521235521235521,0.10894941634241245,0.640926640926641,0.8989413458846984,0.977495782517606
75057933.txt,0.3841642228739003,0.2261380323054332,0.4289897510980966,1.53833878976103,0.9961427272351152
75156649.txt,0.47249190938511326,0.07166123778501629,0.5954692556634305,0.9601887755451094,0.8956355608742445
75286906.txt,0.4040920716112532,0.08076923076923077,0.49104859335038364,0.7754086703374219,0.9689473792807769
75297735.txt,0.46710526315789475,0.07590759075907591,0.5296052631578947,0.8164534792526662,0.9899966689919988
75329822.txt,0.3865546218487395,0.07724719101123595,0.47619047619047616,0.8514649069228328,0.9805487380694744
75435017.txt,0.23010546500479387,0.8546679499518768,0.27185398655139287,0.48535656299117813,0.9756931840397376
75744306.txt,0.36971830985915494,0.15863689776733256,0.45838218053927315,0.6125837652826859,0.9573371630914257
75950464.txt,0.29778051787916154,0.5006172839506173,0.35450061652281134,0.6554494004734627,0.9707683301464655
76010167.txt,0.508695652173913,0.08733624454148471,0.6060606060606061,1.152077222692038,0.8613006475090793
76196367.txt,0.3718791064388962,0.030303030303030304,0.45992115637319314,0.5586237873108701,0.9491437206536263
76454959.txt,0.3452722063037249,0.16666666666666666,0.42120343839541546,0.6472388762489306,0.9902543974967077
76530505.txt,0.34950071326676174,0.34763948497854075,0.42510699001426533,0.5566367351657535,0.9871339797415715
76916835.txt,0.38074398249452956,0.07692307692307693,0.45295404814004375,0.6969253783770641,0.9500653026456733
77156708.txt,0.28823529411764703,0.6698113207547169,0.33294117647058824,0.9701004643659081,0.9703599588980542
77266989.txt,0.3949930458970793,0.1896792189679219,0.4728789986091794,0.677352165270074,0.9435250462544194
77439230.txt,0.4061597690086622,0.05785920925747348,0.480269489894129,0.7783140950448426,0.9868029801640964
77576845.txt,0.3954741379310345,0.0734341252699784,0.46012931034482757,1.3503814342530231,0.9313215208747064
77626587.txt,0.4899328859060403,0.0472972972972973,0.5738255033557047,0.6922844004417519,0.9225231495016329
77638654.txt,0.4197901049475262,0.06917293233082707,0.5037481259370314,0.8146495396928071,0.9790452560254109
77828437.txt,0.41140776699029125,0.09378806333739342,0.4787363304981774,1.8129724983309754,0.9560996910743592
78016758.txt,0.42543859649122806,0.025,0.5161290322580645,0.7658838732130767,0.9451773486251098
78107631.txt,0.2192723697148476,0.864039408866995,0.2605703048180924,1.0192289177713838,0.9569666384404792
78114950.txt,0.2194269741439553,0.8824352694191743,0.2641509433962264,0.8553238712038606,0.9843636718640993
78149576.txt,0.43478260869565216,0.25663716814159293,0.4956521739130435,1.0394608655400588,0.9575956142120868
78229715.txt,0.3265822784810127,0.3604060913705584,0.40253164556962023,0.8253708143937514,0.9830807525452888
78257294.txt,0.41704857928505956,0.07162534435261708,0.4775435380384968,1.0716270318714722,0.9849649931633566
78273826.txt,0.2490875912408759,0.2056672760511883,0.3166058394160584,0.48965327583535007,0.9845592946098592
78298706.txt,0.3972413793103448,0.28907330567081607,0.46482758620689657,0.38307908299563326,0.954055945889759
78357954.txt,0.41492146596858637,0.06036745406824147,0.4986910994764398,1.30475737314566,0.9941259286807065
78403342.txt,0.4129651860744298,0.05535499398315283,0.5006002400960384,0.763615431259384,0.9667461756837519
78538268.txt,0.44568690095846647,0.15865384615384615,0.5175718849840255,1.0637631532552279,0.9429978775706206
79041971.txt,0.5209302325581395,0.06572769953051644,0.6046511627906976,0.6180677455348036,0.9274754615605397
79261033.txt,0.34328358208955223,0.11980033277870217,0.4228855721393035,0.7600773907432523,0.9871695035065237
79376680.txt,0.4093789607097592,0.04193138500635324,0.5297845373891001,0.7467850639775537,0.960107257037476
79432080.txt,0.3741362290227048,0.05237154150197629,0.45956607495069035,0.65753026713135,0.9758994117872176
79536879.txt,0.3867704280155642,0.10304449648711944,0.46531566640685895,0.7121773485429794,0.9510161560266392
79541391.txt,0.28132387706855794,0.16923076923076924,0.34929078014184395,1.0825543724227726,0.9647403606854363
79570655.txt,0.49142857142857144,0.15606936416184972,0.5257142857142857,1.2910998317365718,0.9937400510978681
79663360.txt,0.44281524926686217,0.04411764705882353,0.5381231671554252,0.6124493298223542,0.9322120557080138
79759716.txt,0.36075949367088606,0.05714285714285714,0.42563291139240506,0.5376864179011067,0.9702854856517765
80000092.txt,0.5625,0.07368421052631578,0.6510416666666666,0.624118301697594,0.9434156318417163
80053367.txt,0.48223350253807107,0.05432937181663837,0.55668358714044,0.9503796087597398,0.942484565363412
80162314.txt,0.4156028368794326,0.04694167852062589,0.5092198581560283,0.4303740369901387,0.9549981879853382
80275976.txt,0.34054054054054056,0.35102925243770317,0.3978378378378378,0.7146398573810487,0.9656764039521284
80503242.txt,0.41887905604719766,0.047337278106508875,0.4941002949852507,0.6624351905526223,0.9591151565716325
80527194.txt,0.40822784810126583,0.029535864978902954,0.5094736842105263,0.9713235299401163,0.9690016538838079
80679862.txt,0.3793911007025761,0.027365129007036748,0.4574551131928181,0.9994352410515962,0.9647799264952243
80876647.txt,0.4358322744599746,0.0535031847133758,0.5324015247776366,1.336238101846566,0.9566087230445689
81011612.txt,0.43006993006993005,0.2323943661971831,0.46853146853146854,0.7747057904182226,0.9653500787907799
81042872.txt,0.43437077131258456,0.1560379918588874,0.489851150202977,0.6407608176445916,0.9470861919024331
81125166.txt,0.3046683046683047,0.20836751435602954,0.33906633906633904,3.50859861644164,0.9513232706889827
81217013.txt,0.32367972742759793,0.04522184300341297,0.4182282793867121,0.5552806373261333,0.96887860499483
81310245.txt,0.4312590448625181,0.06966618287373004,0.5195369030390738,0.5928354339491292,0.9464319524137074
81373857.txt,0.506426735218509,0.05167958656330749,0.6041131105398457,0.7751623702462603,0.9689122967744157
81508860.txt,0.381151832460733,0.05876180482686254,0.4481675392670157,0.7587896474119751,0.9898586656053306
81588968.txt,0.3720472440944882,0.3875739644970414,0.43503937007874016,0.6704659749301548,0.95735063729158
81677620.txt,0.3195121951219512,0.07084690553745929,0.3878048780487805,1.4836988580243677,0.9870753771343082
81761658.txt,0.3321637426900585,0.13012895662368112,0.39415204678362575,0.642260550678966,0.9904009014957349
82118447.txt,0.3563696919233972,0.15095913261050875,0.42464612822647796,0.9620469896834245,0.9524492484284838
82125182.txt,0.45765765765765765,0.1301989150090416,0.5261261261261261,0.7723605408546798,0.9928990389677814
82140102.txt,0.20940649496080627,0.8574635241301908,0.25867861142217247,0.4354049220160292,0.9518718497814243
82246962.txt,0.38438735177865613,0.02967359050445104,0.4501480750246792,1.3044640661068585,0.9885363243750116
82649935.txt,0.43759873617693523,0.05229793977812995,0.5118483412322274,0.7340643273448149,0.9595514767451334
82738323.txt,0.4676056338028169,0.053824362606232294,0.5492957746478874,1.157088900902468,0.9945544469221342
82929064.txt,0.5270758122743683,0.09090909090909091,0.6389891696750902,0.4791478360460339,0.9749267655194325
83206166.txt,0.4940577249575552,0.030664395229982964,0.565365025466893,0.757707250833987,0.9760609355413036
83338413.txt,0.4717557251908397,0.05666156202143951,0.5404580152671755,1.12425021855427,0.9707696934579885
83566455.txt,0.3667180277349769,0.07727975270479134,0.4622496147919877,0.7244153233289067,0.9208735503507933
83816738.txt,0.37696768848384427,0.06804979253112033,0.4515327257663629,0.8560462027251844,0.9354032198819
84295343.txt,0.5171102661596958,0.09195402298850575,0.6159695817490495,0.6788303295902692,0.9226806896379096
84356308.txt,0.34894991922455576,0.07033144704931285,0.4156577885391445,1.029557120274322,0.9662099425400416
84373843.txt,0.3385542168674699,0.06038647342995169,0.4686746987951807,0.842237591072498,0.9078080700311392
84512719.txt,0.5524691358024691,0.012422360248447204,0.6512345679012346,0.5946256198015961,0.9653677287556022
85101052.txt,0.36328125,0.2154046997389034,0.4348958333333333,1.0101404225151829,0.9793864892937288
85417107.txt,0.3602661596958175,0.06380952380952382,0.4439163498098859,0.6984029777246951,0.9832633526485355
85421438.txt,0.27899686520376177,0.16020942408376965,0.3793103448275862,0.7939442257155648,0.9549789199617089
85766635.txt,0.42363112391930835,0.1676300578034682,0.48703170028818443,1.4278565724777077,0.9745034607308256
85918100.txt,0.3442028985507246,0.059322033898305086,0.42995169082125606,0.7128732016225857,0.9459361606592533
85973397.txt,0.4096185737976783,0.09650582362728785,0.48756218905472637,0.7535205157209282,0.9883319906319206
86184722.txt,0.4121212121212121,0.054678007290400975,0.49454545454545457,1.1397835292310965,0.9747288403341842
86209934.txt,0.38209606986899564,0.2724288840262582,0.44759825327510916,0.856986788306949,0.973322094010056
86322251.txt,0.3524390243902439,0.31295843520782396,0.4024390243902439,1.2918667264587622,0.9746099572370795
86549455.txt,0.5135135135135135,0.17522658610271905,0.5675675675675675,0.9268803158112915,0.9832904979059834
86551046.txt,0.4380165289256198,0.09141274238227147,0.5426997245179064,0.7306271252664553,0.967182214642513
86595128.txt,0.42746913580246915,0.05572755417956656,0.5108024691358025,0.8125982582772875,0.9649303861986497
86597425.txt,0.3436960276338515,0.46453287197231835,0.41278065630397237,0.9548614421785779,0.9698503486455726
86828820.txt,0.3520485584218513,0.0821917808219178,0.4218512898330804,0.8268607470118947,0.9783396682067066
87118391.txt,0.442572741194487,0.07834101382488479,0.5191424196018377,1.311201111238114,0.9467451318190168
87520378.txt,0.5240875912408759,0.10102489019033675,0.5956204379562043,1.4403245374512736,0.9818196625816928
87635012.txt,0.4090909090909091,0.042735042735042736,0.48579545454545453,1.8951253980689484,0.9842410072320222
87826037.txt,0.3997584541062802,0.17554479418886199,0.4673913043478261,1.0961819983522965,0.9661982831054475
87867370.txt,0.29725228975853457,0.1884904086738949,0.3597002497918401,0.9261582370059017,0.9660029469648651
87968870.txt,0.36277173913043476,0.21798365122615804,0.42391304347826086,0.5649704631614682,0.9697258399505833
88038965.txt,0.27712418300653596,0.21363040629095675,0.3333333333333333,0.8194305865374718,0.985915287153153
88651471.txt,0.3825503355704698,0.08209959623149395,0.4429530201342282,1.245781735853992,0.9963733771578503
88691367.txt,0.41225165562913907,0.03322259136212625,0.4768211920529801,0.6502730132337712,0.9696649313328594
88859947.txt,0.4070221066319896,0.05345501955671447,0.49024707412223667,1.2508306462392844,0.951804580018552
88907739.txt,0.3707440100882724,0.20480404551201012,0.4274905422446406,0.817418831870596,0.950928976688728
89049979.txt,0.41037735849056606,0.09829867674858223,0.46226415094339623,0.8624325317614778,0.948635965570689
89197180.txt,0.3992443324937028,0.08838383838383838,0.45717884130982367,0.8711329633608881,0.9550955104306106
89413122.txt,0.4169435215946844,0.06333333333333334,0.5049833887043189,0.6382219604734093,0.9820000045211132
89508407.txt,0.24864130434782608,0.8501362397820164,0.3233695652173913,1.7472804956373726,0.9758952436128469
89512321.txt,0.3278846153846154,0.1724470134874759,0.40384615384615385,0.8153133797023845,0.9861298573309802
89740812.txt,0.4514285714285714,0.06446991404011461,0.5085714285714286,1.3472093743476703,0.9840972833130486
89858892.txt,0.45786516853932585,0.01971830985915493,0.5294943820224719,0.7337375931203268,0.9571783086102131
90032884.txt,0.3507692307692308,0.4984567901234568,0.40923076923076923,0.9853973817704206,0.9825021953735896
90066849.txt,0.28192999053926204,0.1033175355450237,0.3566698202459792,1.2287085119019607,0.9931845293632074
90280583.txt,0.435630689206762,0.07301173402868318,0.4889466840052016,1.213913187524862,0.9882243548551242
90318913.txt,0.30559345156889495,0.23803009575923392,0.38472032742155526,0.5637642484947059,0.9766437190198249
90363254.txt,0.31874298540965207,0.08661417322834646,0.40404040404040403,0.6133871491357658,0.9597323275420312
90365216.txt,0.43776223776223777,0.1767180925666199,0.5118881118881119,1.8543068170208479,0.9633248843887311
90468982.txt,0.4317507418397626,0.03869047619047619,0.5326409495548962,0.5398054082512346,0.9699631275400775
90629382.txt,0.4428341384863124,0.10662358642972536,0.5297906602254429,0.9091708506898607,0.9328997410394281
90682785.txt,0.47641509433962265,0.07142857142857142,0.5990566037735849,0.5162598834271983,0.9762202212451988
90685127.txt,0.4631043256997455,0.05370843989769821,0.5597964376590331,1.6067971955302234,0.988089833529671
90867631.txt,0.3032258064516129,0.22416020671834624,0.3554838709677419,1.409595146958608,0.9644515937072945
91026230.txt,0.37755102040816324,0.09846547314578005,0.45408163265306123,0.351730120216796,0.9743469909418788
91051945.txt,0.22128378378378377,0.7412626832018039,0.26576576576576577,0.7092315947878891,0.9740165621251138
91072502.txt,0.3588652482269504,0.2147937411095306,0.4340425531914894,0.6376131736094678,0.9828237947569015
91116867.txt,0.569078947368421,0.019867549668874173,0.6710526315789473,0.5197665833310235,0.9645144345947796
91121135.txt,0.3462986198243413,0.19874213836477989,0.410288582183187,1.393321109873148,0.9849624759610519
91153752.txt,0.5150602409638554,0.11818181818181818,0.5843373493975904,1.4036403120841354,0.86016003899663
91189201.txt,0.3673780487804878,0.28287461773700306,0.4253048780487805,0.8364111316820608,0.9759685646998231
91197243.txt,0.42983565107458915,0.08354430379746836,0.51010101010101,1.112116174155834,0.9587092970599508
91268638.txt,0.339041095890411,0.41762013729977115,0.408675799086758,0.4782966568266106,0.963215332499666
91318828.txt,0.4205298013245033,0.1777408637873754,0.4817880794701987,0.8236603427291517,0.9968593778713768
91431878.txt,0.3833580980683507,0.2488822652757079,0.462109955423477,0.6363754039961316,0.978731352808911
91467795.txt,0.40853658536585363,0.07334963325183375,0.49878048780487805,0.8073199333667906,0.974066065509013
91478356.txt,0.274251497005988,0.8391356542617047,0.3221556886227545,1.6351006443053613,0.973165974127558
91515108.txt,0.4514003294892916,0.171900826446281,0.5238879736408567,1.2997659403760256,0.9844402078813279
91533580.txt,0.3430321592649311,0.09062980030721966,0.4104134762633997,0.8059310904877931,0.8644175888737087
91539554.txt,0.4542314335060449,0.15077989601386482,0.5215889464594128,1.062723757562235,0.9829616094388774
91564103.txt,0.3715469613259669,0.07063711911357341,0.43784530386740333,1.1266003641305777,0.9731350604606173
91591026.txt,0.43915343915343913,0.034482758620689655,0.4947089947089947,0.9737447436130781,0.9862878949111527
91635250.txt,0.41455696202531644,0.019027484143763214,0.5010548523206751,0.8086097406043466,0.9367043048378574
91697974.txt,0.4177215189873418,0.07475317348377997,0.4866385372714487,1.2331389846985696,0.9247601056429491
91930382.txt,0.4975,0.02512562814070352,0.6075,0.6704735383480842,0.9876415702804168
92069209.txt,0.38872832369942195,0.06376811594202898,0.45809248554913296,0.6347999206591897,0.9419928404007606
92122785.txt,0.3638525564803805,0.2052505966587112,0.45357142857142857,0.6412577657298534,0.9521657672673592
92200491.txt,0.39648682559598497,0.08176100628930817,0.48431618569636137,0.759506424691125,0.9816081333887448
92246939.txt,0.2862903225806452,0.2510094212651413,0.34475806451612906,0.6466783954519558,0.9764018625107744
92283635.txt,0.3682678311499272,0.17226277372262774,0.4512372634643377,0.7113873946486705,0.9585565137107028
92524964.txt,0.3909985935302391,0.2566995768688293,0.45569620253164556,0.9608352236608074,0.9560053066929076
92985983.txt,0.434640522875817,0.1901639344262295,0.5032679738562091,0.8455461610573817,0.9791696875110455
93002334.txt,0.4115107913669065,0.05194805194805195,0.5050359712230216,0.5792074856682182,0.9576084933094353
93112113.txt,0.34328358208955223,0.0667433831990794,0.40298507462686567,0.5331853446843298,0.9738041566627187
93301686.txt,0.4027027027027027,0.04065040650406504,0.4783783783783784,0.5775812449605183,0.969090215917518
93349646.txt,0.32219127205199627,0.056691449814126396,0.4035250463821892,1.3626314957488008,0.9669538289066913
93436805.txt,0.46261682242990654,0.05625,0.5404984423676013,0.7225292415979048,0.9863392302848755
93459677.txt,0.3341250989707047,0.17129262490087233,0.41092636579572445,0.7451940493844385,0.9858185893617005
93512385.txt,0.4807692307692308,0.15161290322580645,0.5833333333333334,0.7024826536635796,0.9865779342093557
93576192.txt,0.5441176470588235,0.06157635467980296,0.6127450980392157,1.6588629300470705,0.9718128183486426
93653247.txt,0.3188405797101449,0.07262569832402235,0.4013377926421405,0.5504717568912171,0.9711967503954
93828034.txt,0.4084084084084084,0.09969788519637462,0.45933734939759036,1.0750263484175349,0.9467136205652005
93988900.txt,0.36757105943152457,0.1423948220064725,0.4376212023270847,1.3452909336414838,0.9829037767111815
94047639.txt,0.33657858136300417,0.24442896935933148,0.40681502086230875,0.8249995167514622,0.9595185979327159
94137171.txt,0.47884187082405344,0.026845637583892617,0.5523385300668151,0.6083413374153415,0.9717145345127528
94230796.txt,0.41935483870967744,0.059245960502693,0.49372759856630827,0.9827757397596341,0.9734248728639503
94417768.txt,0.47730829420970267,0.28728414442700156,0.5367762128325508,1.212164656996245,0.984943944707448
94492380.txt,0.40405405405405403,0.06775067750677506,0.4905405405405405,0.6366575458211833,0.9617949983759616
94503308.txt,0.4467005076142132,0.050933786078098474,0.5194585448392555,0.7732869643149354,0.9783127748514271
95011061.txt,0.45496535796766746,0.04408352668213457,0.5450346420323325,0.5189692008257714,0.9592717715220676
95085510.txt,0.4244712990936556,0.07575757575757576,0.5090634441087614,0.9062333944515181,0.9538312255408419
95350373.txt,0.3474025974025974,0.2671009771986971,0.413961038961039,1.9668849748240116,0.9082481974049611
95382114.txt,0.444947209653092,0.0453857791225416,0.5294117647058824,0.9267469733696413,0.9758596183997796
95429627.txt,0.35699797160243407,0.1402439024390244,0.4208924949290061,1.0581352890799895,0.9834101892302493
95519832.txt,0.4920212765957447,0.053475935828877004,0.6170212765957447,1.2256634500596943,0.9387306088267257
95625660.txt,0.45072463768115945,0.2238372093023256,0.518840579710145,0.9498492493987404,0.981490757723337
95714702.txt,0.3865638766519824,0.1357615894039735,0.4669603524229075,1.205164342335826,0.9842802988179504
95769832.txt,0.4602739726027397,0.25068870523415976,0.536986301369863,0.4633333130830666,0.9762184723535615
95792386.txt,0.3028953229398664,0.05427509293680297,0.36302895322939865,0.8467482238835973,0.9672667497594296
95970987.txt,0.30306230200633577,0.07188160676532769,0.3996832101372756,0.9485069755539587,0.9718755850931636
96029688.txt,0.25985844287158744,0.7689969604863222,0.29120323559150657,1.1473475833338478,0.984752776295269
96260484.txt,0.3686502177068215,0.11208151382823872,0.432510885341074,0.6429811152743989,0.9889412021001552
96457008.txt,0.5023923444976076,0.06763285024154589,0.6220095693779905,1.0040724292551821,0.9854187503289993
96493528.txt,0.3434977578475336,0.05390835579514825,0.4295964125560538,0.5112274119201722,0.967138894046852
96547039.txt,0.33579881656804733,0.5519287833827893,0.39497041420118345,0.6984306818850408,0.9725841444182874
96761538.txt,0.5328185328185329,0.054474708171206226,0.637065637065637,0.7226498782586009,0.9753524380362685
97123005.txt,0.5194174757281553,0.03571428571428571,0.6003236245954693,0.817492425954827,0.9212757548424633
97169343.txt,0.2393048128342246,0.4919678714859438,0.2947860962566845,1.8441756987094262,0.9938928585049643
97405769.txt,0.3063157894736842,0.25949367088607594,0.3821052631578947,0.6978124442275669,0.9356376628124269
97449528.txt,0.46559633027522934,0.06896551724137931,0.5447247706422018,0.6321038228552437,0.9439626802233141
98086373.txt,0.36877523553162855,0.17543859649122806,0.4414535666218035,1.9054753719600424,0.9553814123238651
98108571.txt,0.4935897435897436,0.03896103896103896,0.6410256410256411,0.6164816906619934,0.9855083125614923
98300955.txt,0.31940509915014165,0.1397163120567376,0.3902266288951841,1.2964024590132164,0.9845489213645953
98309114.txt,0.29805194805194807,0.217815344603381,0.3512987012987013,1.5388022245001378,0.952232396098198
98348532.txt,0.26356589147286824,0.44854368932038835,0.32558139534883723,0.5729247415451622,0.9707764271990006
98379112.txt,0.5354330708661418,0.05533596837944664,0.6082677165354331,0.6688690384558957,0.9750793724150643
98389424.txt,0.453781512605042,0.026981450252951095,0.5327731092436975,1.246726742554451,0.9808886949459262
98509238.txt,0.35674931129476584,0.11740331491712708,0.4393939393939394,1.1179117605035556,0.9362276458140488
98513424.txt,0.34076433121019106,0.0847457627118644,0.4080338266384778,0.576797629831567,0.9780468865912377
98559931.txt,0.42876165113182424,0.04005340453938585,0.507323568575233,0.63023956315029,0.9526004751993863
98965485.txt,0.3445255474452555,0.14641288433382138,0.4072992700729927,0.9161564298410614,0.9757400529377992
99033098.txt,0.4539951573849879,0.04733009708737864,0.5460048426150121,1.3280448247826644,0.9512888320216019
99124477.txt,0.30416156670746636,0.09620098039215687,0.3849449204406365,1.1388897750334608,0.9636776014965422
99244405.txt,0.49333333333333335,0.03863298662704309,0.56,0.6428516994130151,0.9253096034434786
99416532.txt,0.4072524407252441,0.13566433566433567,0.4769874476987448,1.0194687389804544,0.9376202585853746
99433371.txt,0.4895833333333333,0.09473684210526316,0.546875,0.7320775232173161,0.9841873892789187
99561379.txt,0.36590742101396034,0.22369389256806477,0.4276267450404115,0.8085455941928684,0.9798129839892963
99680385.txt,0.3739770867430442,0.12786885245901639,0.4328968903436989,1.1229517152659119,0.966479558168383
99714410.txt,0.3630769230769231,0.10996916752312436,0.4266666666666667,0.9876260367985007,0.9555215115842088
