group,file,lexical_density,pattern_regularity,repetition,sentence_evenness,tonal_stability
Human,10138632.txt,0.4328767123287671,0.042582417582417584,0.5,0.5022837691983986,0.9878571224243383
Human,10176815.txt,0.43884892086330934,0.09956709956709957,0.5050359712230216,0.8277360992739211,0.9663425759982484
Human,10182582.txt,0.4931972789115646,0.11643835616438356,0.5850340136054422,0.6698448978847161,0.9603231874751892
Human,10186968.txt,0.5393700787401575,0.04940711462450593,0.6220472440944882,0.5091441457019623,0.9639066847804868
Human,10268614.txt,0.45875542691751087,0.07111756168359942,0.5209840810419681,1.4203534923751364,0.9852747061992587
Human,10395944.txt,0.3711967545638945,0.11608961303462322,0.4766734279918864,0.7016012843830474,0.956406064915181
Human,10464113.txt,0.33260393873085337,0.05921052631578947,0.4299781181619256,0.5542868702803309,0.963431375243194
Human,10466208.txt,0.26555555555555554,0.7639198218262806,0.30666666666666664,1.0437612685542046,0.9582003494645178
Human,10466583.txt,0.45454545454545453,0.26666666666666666,0.5371900826446281,0.6554666118295088,0.9651259698232828
Human,10480456.txt,0.27866473149492016,0.3467312348668281,0.31204644412191584,4.517481641519074,0.9991191268312951
Human,10549585.txt,0.4240331491712707,0.01662049861495845,0.5027624309392266,1.0035719805629544,0.9528029188896464
Human,10553553.txt,0.42671009771986973,0.06699346405228758,0.49022801302931596,1.0568682813377386,0.9848646348558844
Human,10554045.txt,0.42824339839265213,0.04833141542002301,0.5063145809414467,1.4951954604062063,0.9532144680284221
Human,10554236.txt,0.2086981903093987,0.3195093457943925,0.27553998832457677,0.43806921804226634,0.9667218255701021
Human,10562768.txt,0.41154791154791154,0.17857142857142858,0.4680589680589681,0.8256613137775145,0.9637711938376422
Human,10567764.txt,0.26185344827586204,0.6285097192224622,0.30495689655172414,0.8771902648699529,0.9906685298808592
Human,10624813.txt,0.4143835616438356,0.09382151029748284,0.4954337899543379,0.5114291856233469,0.9607467044281908
Human,10659182.txt,0.46909667194928684,0.06995230524642289,0.5467511885895404,0.6828202946185259,0.9644166142686998
Human,10738095.txt,0.3113026819923372,0.41746641074856045,0.3726053639846743,0.8671515620177924,0.9778421734472362
Human,10748989.txt,0.3164005805515239,0.5094614264919942,0.3468795355587808,1.5039850166739606,0.971793499061507
Human,10751444.txt,0.403954802259887,0.08679245283018867,0.4774011299435028,0.8988321081851565,0.9776408351712002
Human,10820510.txt,0.44542772861356933,0.08902077151335312,0.528023598820059,0.7293596075506058,0.98176612235051
Human,10830646.txt,0.2937181663837012,0.358843537414966,0.3471986417657046,1.6704786807807976,0.9602776027857972
Human,10840430.txt,0.3833515881708653,0.04061470911086718,0.44468784227820374,0.9466400948984455,0.9434707727814468
Human,10926726.txt,0.40228245363766046,0.03719599427753934,0.47788873038516405,1.1237609658054775,0.9618536652400519
Human,10945968.txt,0.35185185185185186,0.10463576158940398,0.4372523117569353,0.6987439709494605,0.9908446954187613
Human,10953078.txt,0.40620592383638926,0.16407355021216408,0.47531734837799716,0.7288974918822676,0.9278374919249742
Human,10969918.txt,0.4432515337423313,0.02923076923076923,0.5506134969325154,1.1045637635445287,0.967656173821858
Human,10984392.txt,0.4500601684717208,0.024125452352231604,0.54632972322503,0.5456594450468232,0.9677009814966846
Human,11121498.txt,0.42857142857142855,0.0448318804483188,0.5006211180124224,1.2750620803021933,0.9865261175488489
Human,11152490.txt,0.3045507584597433,0.08177570093457943,0.38156359393232203,0.7071893196090598,0.9767018612641692
Human,11174187.txt,0.32114467408585057,0.06284805091487669,0.4130262112787927,0.8523269784241713,0.9640155193559101
Human,11188218.txt,0.46055979643765904,0.04336734693877551,0.544529262086514,0.8565880080259048,0.9844305955667797
Human,11232471.txt,0.4830188679245283,0.03802281368821293,0.5660377358490566,0.5347127392086364,0.9683723895493932
Human,11262933.txt,0.3824228028503563,0.14047619047619048,0.44655581947743467,0.827599258053739,0.9064567489645408
Human,11289482.txt,0.37165510406342916,0.0605759682224429,0.46085232903865214,0.729019062841254,0.9871968175522898
Human,11333001.txt,0.48855989232839836,0.02699055330634278,0.5773889636608345,0.5726066721621996,0.948504176541401
Human,11336022.txt,0.4567901234567901,0.05955334987593052,0.5753086419753086,0.6711396782215828,0.965736673480888
Human,11393213.txt,0.31610044313146235,0.8148148148148148,0.36336779911373707,0.760520065387647,0.9758625543883648
Human,11441764.txt,0.41482444733420026,0.03911342894393742,0.49154746423927176,0.82366007662688,0.9805849476748691
Human,11480899.txt,0.3309024612579763,0.08949771689497717,0.4056517775752051,1.3282361412061143,0.9879581059742397
Human,11522068.txt,0.5132275132275133,0.0213903743315508,0.6455026455026455,0.6054487394420651,0.9676850448595304
Human,11580408.txt,0.3637602179836512,0.15163934426229508,0.4223433242506812,1.9710813324762666,0.9648468002469215
Human,11584809.txt,0.4405144694533762,0.05806451612903226,0.5,0.7607212084489883,0.9676608062746606
Human,11592605.txt,0.4580745341614907,0.056074766355140186,0.546583850931677,0.9692204916012016,0.9876341638642542
Human,11698189.txt,0.48975409836065575,0.06995884773662552,0.5778688524590164,0.6600083582912302,0.9772191891515092
Human,11704150.txt,0.45454545454545453,0.37865748709122204,0.5197255574614065,2.2235823547354356,0.9781536020353367
Human,11722421.txt,0.38003220611916266,0.10339256865912763,0.4524959742351047,0.8652561670504861,0.9450962859920067
Human,11807040.txt,0.4149443561208267,0.1178343949044586,0.4841017488076312,1.2442437129914776,0.9528158902078315
Human,11813872.txt,0.3024193548387097,0.09046849757673667,0.36532258064516127,0.7546115430096252,0.9535206671231481
Human,11887930.txt,0.36117936117936117,0.22536945812807882,0.4152334152334152,1.0898721808645055,0.9867080590903424
Human,11919526.txt,0.4398092967818832,0.1854066985645933,0.4880668257756563,1.221217208413513,0.9381600045427673
Human,11958994.txt,0.4344919786096257,0.08445040214477212,0.5120320855614974,0.6692408979704455,0.9634940717419896
Human,11995013.txt,0.3885941644562334,0.12632978723404256,0.46286472148541113,2.116445964730027,0.9230391978590642
Human,12021752.txt,0.3728,0.47191011235955055,0.4256,1.1259914410568728,0.9728929225942495
Human,12022566.txt,0.4200848656294201,0.06808510638297872,0.48514851485148514,1.0262460317974569,0.9901749747749039
Human,12059198.txt,0.4597402597402597,0.06788511749347259,0.5558441558441558,0.7199064565083779,0.9463956591798788
Human,12059610.txt,0.3685968819599109,0.23102678571428573,0.43875278396436523,0.5738880777285776,0.9737303635904155
Human,12065211.txt,0.4447334200260078,0.06388526727509779,0.5084525357607282,0.7949188618618526,0.9877657671705208
Human,12071138.txt,0.27953044754218637,0.1462160176340926,0.33162142333088773,0.7529976422226052,0.9800689674107134
Human,12082377.txt,0.335016835016835,0.375,0.4090909090909091,0.6548569404450788,0.9834678042529966
Human,12085736.txt,0.3951935914552737,0.058902275769745646,0.45927903871829107,0.5208623470027279,0.9635712289848342
Human,12144825.txt,0.4693069306930693,0.041749502982107355,0.5366336633663367,0.9735693904356408,0.9765098290488976
Human,12155206.txt,0.44768439108061747,0.10327022375215146,0.5145797598627787,0.7384528118742198,0.9746224073404197
Human,12191094.txt,0.4017094017094017,0.07,0.47435897435897434,1.1489761576875452,0.9892054599802319
Human,12212468.txt,0.3060869565217391,0.24804177545691905,0.37445699391833187,0.7991850345543646,0.9290934132594522
Human,12254068.txt,0.3605051664753157,0.12428078250863062,0.45120551090700345,0.7586121569155188,0.9781047774843636
Human,12351749.txt,0.45794392523364486,0.11032863849765258,0.5210280373831776,1.148637337508331,0.9883820767086451
Human,12545844.txt,0.4752186588921283,0.08211143695014662,0.5597667638483965,0.5424962994548578,0.9828133756867421
Human,12547982.txt,0.2712665406427221,0.2803030303030303,0.32892249527410206,0.7246739121377265,0.9551969303172724
Human,12587973.txt,0.41237113402061853,0.08862629246676514,0.5066273932253313,1.0312129488625044,0.940747680215541
Human,12613221.txt,0.4053398058252427,0.15853658536585366,0.4733009708737864,0.9949127519762692,0.9926682595687896
Human,12632728.txt,0.0,0,0,0.0,1.0
Human,12674256.txt,0.4380704041720991,0.047058823529411764,0.5384615384615384,1.3889073630570978,0.9942403686352649
Human,12674307.txt,0.46766169154228854,0.015,0.5771144278606966,1.3648474919758966,0.8797054094287521
Human,12693146.txt,0.297153024911032,0.38324420677361853,0.37544483985765126,0.5619587984637282,0.9566774786723634
Human,12695537.txt,0.4689189189189189,0.06233062330623306,0.5297297297297298,0.9019269494932626,0.982469898011358
Human,12696104.txt,0.41346153846153844,0.3235294117647059,0.5,0.9451080185178129,0.9822992694111403
Human,12717345.txt,0.3948948948948949,0.12349397590361445,0.46096096096096095,0.8839098437777704,0.9749403466150901
Human,12780508.txt,0.3440082644628099,0.061076604554865424,0.4318181818181818,0.7468400407349053,0.9839974666007395
Human,12786012.txt,0.3996710526315789,0.08250825082508251,0.48026315789473684,0.7954678291200072,0.9829887703751253
Human,12791244.txt,0.464354527938343,0.07543520309477757,0.5375722543352601,0.9431999500172851,0.9476350495980305
Human,12802330.txt,0.3572311495673671,0.03965303593556382,0.4363411619283066,0.9606249243023058,0.9842180018246123
Human,12839152.txt,0.33836206896551724,0.3174946004319654,0.41810344827586204,0.6324279371672596,0.9752090900333302
Human,12920612.txt,0.38814993954050786,0.052121212121212124,0.4655380894800484,0.8046088509219518,0.9524491985277064
Human,12938200.txt,0.4465592972181552,0.07342143906020558,0.5285505124450952,0.7202046214119855,0.9530409442831568
Human,12955994.txt,0.3731481481481482,0.04359925788497217,0.42777777777777776,1.164618798879187,0.9648601013662729
Human,13014900.txt,0.36091205211726385,0.10176125244618395,0.44234527687296415,0.8477830075880478,0.9693599841632151
Human,13037145.txt,0.5088757396449705,0.06547619047619048,0.5680473372781065,0.8785338439274538,0.9805069904642181
Human,13087952.txt,0.3602693602693603,0.5287162162162162,0.4225589225589226,0.6019555607474748,0.9381900942206212
Human,13115648.txt,0.46129541864139023,0.03486529318541997,0.5545023696682464,0.814326029053176,0.9645813778506404
Human,13129275.txt,0.4095826893353941,0.05581395348837209,0.47449768160741884,0.9179507499352588,0.9961185031044307
Human,13264796.txt,0.19943932719263116,0.8364729458917836,0.24028834601521826,1.9257312568949538,0.9842896717253251
Human,13294301.txt,0.30564784053156147,0.8366666666666667,0.3588039867109635,0.6391313392224504,0.9270337881601303
Human,13296856.txt,0.40852575488454707,0.062388591800356503,0.49023090586145646,1.6121038287606415,0.8267308620523972
Human,13313917.txt,0.4481751824817518,0.0527086383601757,0.5109489051094891,0.7582712936038328,0.9738341329133051
Human,13342150.txt,0.48342541436464087,0.04155124653739612,0.5607734806629834,0.7990529372993894,0.9501630699770233
Human,13348915.txt,0.37936267071320184,0.3592085235920852,0.4324734446130501,0.7881009846884559,0.9708849480982034
Human,13385306.txt,0.3192090395480226,0.06382978723404255,0.39745403111739747,0.8778883818215149,0.984558479151139
Human,13386301.txt,0.30182232346241455,0.2557077625570776,0.37699316628701596,1.6519766751714837,0.9848282818197797
Human,13393401.txt,0.36351875808538164,0.05714285714285714,0.4494818652849741,0.590798944996957,0.9652726840369525
Human,13405229.txt,0.2998921251348436,0.7885652642934197,0.3401506996770721,1.172315281919741,0.9521559038681993
Human,13518263.txt,0.4411764705882353,0.17105263157894737,0.5359477124183006,0.46711739735041846,0.9447217127346288
Human,13520837.txt,0.4149326805385557,0.05889570552147239,0.49571603427172584,1.3552365843333865,0.9458418690661057
Human,13565152.txt,0.32509505703422054,0.1548223350253807,0.3960709759188847,0.7385477084806684,0.9747833566813083
Human,13569152.txt,0.4304932735426009,0.0704647676161919,0.515695067264574,0.8336343219774158,0.9781873710158694
Human,13727873.txt,0.3167701863354037,0.11264685556323428,0.40924775707384403,1.628676786837561,0.9665107597494924
Human,13764840.txt,0.5255474452554745,0.022058823529411766,0.6204379562043796,1.9200254379430897,0.8653433179643145
Human,13807808.txt,0.4919614147909968,0.08737864077669903,0.5819935691318328,1.0736213832062267,0.9339944825517577
Human,13809698.txt,0.3793103448275862,0.25951557093425603,0.45689655172413796,0.8844399316638227,0.9798975094673508
Human,13812481.txt,0.3412816691505216,0.4947683109118087,0.4247391952309985,2.688710223784947,0.9389810282796097
Human,13836471.txt,0.29797979797979796,0.16554054054054054,0.3451178451178451,1.0311665428973944,0.9941788469938246
Human,13888506.txt,0.5163398692810458,0.045951859956236324,0.5947712418300654,0.8805963310094512,0.9752946055988567
Human,13907230.txt,0.5686274509803921,0.06324110671936758,0.6705882352941176,1.3474055551703081,0.9860570919774765
Human,13909762.txt,0.38827098078867545,0.057750759878419454,0.4752275025278059,1.0228412084067664,0.9787675051001521
Human,13915715.txt,0.49242424242424243,0.1482889733840304,0.5246212121212122,0.7577403545939098,0.9744562067886007
Human,13982572.txt,0.4802065404475043,0.027633851468048358,0.5645438898450946,1.258199957073161,0.9410301156971064
Human,13998435.txt,0.3517647058823529,0.37028301886792453,0.40352941176470586,0.7963077176669933,0.9788759237257474
Human,14062078.txt,0.38269030239833157,0.05329153605015674,0.46715328467153283,1.0058495788283572,0.9785037710017761
Human,14070138.txt,0.33120340788072417,0.28068303094983993,0.4036208732694356,1.0619399326234806,0.9275638619976354
Human,14128006.txt,0.4107424960505529,0.06497622820919176,0.47235387045813587,1.033793313462962,0.9610151696501437
Human,14241621.txt,0.3691931540342298,0.09681372549019608,0.44987775061124696,0.6023558740810442,0.9598811498724816
Human,14248724.txt,0.43373493975903615,0.07272727272727272,0.5421686746987951,0.857901365857895,0.9601980504524055
Human,14256329.txt,0.3604135893648449,0.07566765578635015,0.44822485207100593,1.0303624974298027,0.964317090029773
Human,14267489.txt,0.4499411071849234,0.03778040141676505,0.5335689045936396,1.0148248347076463,0.9703368473501898
Human,14278888.txt,0.4471428571428571,0.09742120343839542,0.5128571428571429,0.7898722190639317,0.9810284515311105
Human,14364597.txt,0.3910149750415973,0.22370617696160267,0.46256239600665555,0.670570734074715,0.9780069375185876
Human,14381464.txt,0.5304347826086957,0.05309734513274336,0.7391304347826086,0.7275304578557179,0.9431213964903309
Human,14391434.txt,0.4135514018691589,0.04918032786885246,0.4941588785046729,0.9698076181019976,0.9762585941666143
Human,14408510.txt,0.41734860883797054,0.0755336617405583,0.5008183306055647,0.7048422428767583,0.9775950678167646
Human,14445309.txt,0.4042207792207792,0.11074918566775244,0.4512987012987013,1.2093120761075131,0.9981287246010898
Human,14449423.txt,0.37098445595854923,0.08307372793354102,0.45181347150259066,0.8322743761132686,0.9469237623606857
Human,14517953.txt,0.4642313546423135,0.08854961832061069,0.5205479452054794,0.8926574784215027,0.9326317413127185
Human,14528265.txt,0.4934210526315789,0.1456953642384106,0.5657894736842105,1.5345781880419609,0.9830706998042992
Human,14536764.txt,0.4414814814814815,0.06240713224368499,0.5348148148148149,0.6175122442042039,0.9812701734983699
Human,14554542.txt,0.2680546519193234,0.14332247557003258,0.3240078074170462,1.4473518931690645,0.9919178706894776
Human,14589288.txt,0.47058823529411764,0.07407407407407407,0.5828220858895705,0.8134127226954865,0.989383638051343
Human,14667957.txt,0.31666666666666665,0.1440501043841336,0.3927083333333333,1.0112493072920783,0.9812344997268576
Human,14708590.txt,0.38439306358381503,0.11014492753623188,0.4682080924855491,0.9134501255837116,0.9739930749762316
Human,14726000.txt,0.3803680981595092,0.26615384615384613,0.4677914110429448,0.7872725242996613,0.9943463267996587
Human,14743911.txt,0.26040268456375837,0.6123822341857336,0.3087248322147651,0.6302931002871739,0.997097175518751
Human,14771530.txt,0.5047923322683706,0.07717041800643087,0.6198083067092651,1.0626614417610816,0.9532687143004731
Human,14825300.txt,0.37527593818984545,0.1006637168141593,0.47019867549668876,1.1659884151531354,0.98064679916084
Human,14874322.txt,0.20402298850574713,0.8818443804034583,0.23994252873563218,0.2518023250512007,0.9781021405142001
Human,14886205.txt,0.4544138929088278,0.09869375907111756,0.5296671490593343,1.0400013596988045,0.9829691256392333
Human,14910300.txt,0.41029641185647425,0.11737089201877934,0.46957878315132606,0.9665343263760418,0.9568481793772123
Human,14937492.txt,0.39241917502787066,0.09273743016759776,0.4760312151616499,0.869075357420748,0.9827169913065643
Human,14945250.txt,0.3349236641221374,0.06500956022944551,0.42366412213740456,0.5291995166726314,0.9597740909733601
Human,14990354.txt,0.45563139931740615,0.03595890410958904,0.5358361774744027,1.0397737730133525,0.9845937083808105
Human,15119529.txt,0.2736954206602769,0.7588046958377801,0.3226837060702875,0.7122660319127192,0.9781936714866978
Human,15139979.txt,0.3397243858597963,0.16676664667066587,0.42180946674655484,1.4456630279775406,0.965630008157753
Human,15180322.txt,0.35958254269449713,0.34790874524714827,0.4240986717267552,0.7387934652364686,0.9727060508353973
Human,15224503.txt,0.3832658569500675,0.07036535859269283,0.44804318488529016,1.4143895118038443,0.9862738564174228
Human,15297298.txt,0.4172461752433936,0.03626220362622036,0.49235048678720444,0.6138196544974964,0.9765565128787326
Human,15306049.txt,0.56,0.08071748878923767,0.6444444444444445,0.59113259299789,0.9914246196403872
Human,15313140.txt,0.42424242424242425,0.2402315484804631,0.4935064935064935,0.6615667221513777,0.9836836454635048
Human,15353911.txt,0.5944700460829493,0.046511627906976744,0.7050691244239631,0.8593409537449103,0.9603479203322804
Human,15354126.txt,0.4373134328358209,0.041916167664670656,0.5567164179104478,0.8702735209345078,0.972288229117476
Human,15363277.txt,0.372615039281706,0.05736782902137233,0.4444444444444444,1.0653287983174027,0.9780663207746352
Human,15425154.txt,0.36353591160220994,0.08859357696567,0.4276243093922652,1.011251025218665,0.9334167754443299
Human,15433732.txt,0.31532846715328466,0.17276720351390923,0.38686131386861317,0.7772780938207272,0.9347661654676421
Human,15564893.txt,0.367816091954023,0.4769452449567723,0.41379310344827586,1.3340179684126658,0.9568306775697735
Human,15603319.txt,0.4464,0.07062600321027288,0.5024,1.2091399124997901,0.9864492070143209
Human,15618327.txt,0.4264264264264264,0.15210843373493976,0.4804804804804805,0.7702579222971069,0.97439382146727
Human,15620421.txt,0.3701968134957826,0.13708920187793427,0.450796626054358,1.0418430320218124,0.9655852593039929
Human,15636923.txt,0.4379310344827586,0.026497695852534562,0.5264367816091954,0.786777167649067,0.9754367144043553
Human,15651486.txt,0.3261608154020385,0.2792281498297389,0.3929784824462061,1.3311556648265594,0.980105022249194
Human,15680735.txt,0.3557504873294347,0.130859375,0.4220272904483431,0.7986011474765891,0.941268889751873
Human,15684810.txt,0.3709677419354839,0.4806138933764136,0.4088709677419355,1.7112729387934242,0.9862659147517049
Human,15699744.txt,0.42357512953367876,0.11298701298701298,0.49740932642487046,0.7282620601294291,0.9737179728359612
Human,15717923.txt,0.40745672436750996,0.06809078771695594,0.48468708388814913,1.9464884174604373,0.9370159961910266
Human,15721849.txt,0.357926221335992,0.24575424575424576,0.43968095712861416,0.9876120955847192,0.9628615030724599
Human,15727656.txt,0.42673107890499196,0.15024232633279483,0.4927536231884058,1.134165950448434,0.9537084786467898
Human,15746146.txt,0.3811659192825112,0.08545727136431784,0.4648729446935725,0.7366556836283102,0.9346445558141186
Human,15765660.txt,0.413677130044843,0.04157303370786517,0.49551569506726456,0.5419605812397703,0.9711557128352544
Human,15790602.txt,0.3625866050808314,0.05324074074074074,0.4387990762124711,1.02271218774836,0.9793820703470884
Human,15791766.txt,0.43645484949832775,0.050335570469798654,0.5016722408026756,0.9798729439982103,0.9290331689425555
Human,15792052.txt,0.39105339105339104,0.2170767004341534,0.46464646464646464,0.721972960059279,0.952428678548319
Human,15802627.txt,0.34171322160148976,0.18470149253731344,0.40502793296089384,1.0637259039948561,0.9900943949007059
Human,15811992.txt,0.2956204379562044,0.07769652650822668,0.3658759124087591,0.6808148512956635,0.9514289873963595
Human,15821633.txt,0.42550655542312277,0.04898446833930705,0.5172824791418356,0.812402010880508,0.9592227223273913
Human,15891494.txt,0.4264305177111717,0.06557377049180328,0.510899182561308,0.8414004560561482,0.9738644731067844
Human,15899269.txt,0.4040114613180516,0.29394812680115273,0.4699140401146132,0.5931268732619733,0.9558897462402839
Human,15906625.txt,0.30404463040446306,0.45454545454545453,0.3598326359832636,0.8358244629879906,0.9934861254117938
Human,15917885.txt,0.43034825870646765,0.0725,0.5149253731343284,1.0272052792910444,0.9828200433674573
Human,15918496.txt,0.4434250764525994,0.18098159509202455,0.5152905198776758,0.5624863342241062,0.9545260214611814
Human,15936656.txt,0.4163568773234201,0.20599250936329588,0.5315985130111525,0.9464362052362235,0.9856752865196419
Human,15941675.txt,0.41784037558685444,0.10047095761381476,0.4679186228482003,1.8776778445367377,0.9858665985093782
Human,15958967.txt,0.41420765027322404,0.087527352297593,0.4672489082969432,1.9893276331672611,0.9883487529342151
Human,15973307.txt,0.5058479532163743,0.03529411764705882,0.5906432748538012,0.6390517945052078,0.9693851972844449
Human,16203589.txt,0.43777292576419213,0.036105032822757115,0.5218340611353712,0.7001532879927391,0.9504260854825625
Human,16223371.txt,0.42105263157894735,0.2852941176470588,0.5350877192982456,1.7636149516250186,0.9210239164977073
Human,16248476.txt,0.5125,0.23109243697478993,0.5875,0.4646601886422926,0.9709628720879561
Human,16270906.txt,0.28792987188132163,0.24915597569209993,0.3668240053944707,0.9325653815161236,0.940740133837143
Human,16276121.txt,0.4835390946502058,0.03305785123966942,0.5576131687242798,1.6548234491647948,0.9781668346299914
Human,16300459.txt,0.4762684124386252,0.0755336617405583,0.5613747954173486,1.5821016718614116,0.9454289010368533
Human,16332348.txt,0.3804755944931164,0.12343358395989974,0.45118898623279097,1.1227299006824374,0.9609571346826945
Human,16378091.txt,0.49415204678362573,0.03823529411764706,0.5935672514619883,0.42973504259354006,0.9618475776882985
Human,16407619.txt,0.38461538461538464,0.0633693972179289,0.4699537750385208,0.8526371046609047,0.9789523956808698
Human,16449850.txt,0.29003021148036257,0.603030303030303,0.34894259818731116,0.7712221395653825,0.9832900423610855
Human,16605352.txt,0.46077210460772106,0.0599250936329588,0.5354919053549191,1.0123231294960189,0.9591577374880362
Human,16702198.txt,0.36721311475409835,0.16104461371055495,0.44299674267100975,0.9845718642600386,0.977343975370644
Human,16833515.txt,0.3674383868558626,0.1705310396409873,0.4480955937266617,0.6609992889760532,0.9697408904715121
Human,16861758.txt,0.42191780821917807,0.046703296703296704,0.5178082191780822,1.6450952175628968,0.9402883700363797
Human,16877897.txt,0.3790720631786772,0.17804154302670624,0.4383020730503455,0.6553131459475797,0.9637019859128412
Human,16887936.txt,0.4578441835645678,0.029946524064171122,0.5346851654215582,1.212652288517498,0.9597057768318005
Human,16893572.txt,0.3652694610778443,0.11884753901560624,0.4275449101796407,0.883815701772954,0.9648466986093857
Human,16985289.txt,0.4020926756352765,0.09745127436281859,0.47234678624813153,0.7499036432619526,0.9796534048009571
Human,17021141.txt,0.3480392156862745,0.11425061425061425,0.40931372549019607,3.246251991577868,0.9447504896167745
Human,17043822.txt,0.3689655172413793,0.23732718894009217,0.4241379310344828,0.8519053787360417,0.9559750438129078
Human,17095812.txt,0.3419354838709677,0.2683189655172414,0.4096774193548387,0.6333582824862328,0.9550867883238121
Human,17103000.txt,0.34714285714285714,0.07449856733524356,0.43,0.8868902763278544,0.9782705410968638
Human,17108676.txt,0.31092436974789917,0.4957865168539326,0.3599439775910364,1.4094556446802513,0.9919959762236937
Human,17111768.txt,0.3777292576419214,0.05102040816326531,0.4519650655021834,1.142649261226847,0.9850096915405623
Human,17115815.txt,0.48868778280542985,0.045454545454545456,0.5588235294117647,1.7114385769729048,0.9802293813577858
Human,17131084.txt,0.4441176470588235,0.09292035398230089,0.5176470588235295,1.701889131160885,0.9416895446866992
Human,17132168.txt,0.3388822829964328,0.18831942789034564,0.43757431629013077,1.1458011656974096,0.9632967800383856
Human,17150707.txt,0.38412698412698415,0.054140127388535034,0.4634920634920635,1.1951290027998374,0.9145305123236843
Human,17152392.txt,0.36319612590799033,0.032766990291262135,0.4661016949152542,0.6987614974196439,0.9572489452475803
Human,17163375.txt,0.5305466237942122,0.012944983818770227,0.6720257234726688,0.9794837128778464,0.9895494134536578
Human,17254634.txt,0.39208173690932313,0.07426376440460948,0.4725415070242657,1.2596206695265781,0.9607619243857413
Human,17274759.txt,0.434640522875817,0.06721311475409836,0.5032679738562091,1.0860023411819872,0.9868690969947568
Human,17276884.txt,0.39119804400978,0.06862745098039216,0.4718826405867971,0.7083461389568015,0.9647238565815776
Human,17286050.txt,0.5407166123778502,0.13114754098360656,0.6026058631921825,1.6616464975924008,0.9588480519732043
Human,17306905.txt,0.1822947000582411,0.8421665695981363,0.21756835369400815,1.6675756343069668,0.9888945464983848
Human,17307206.txt,0.4152542372881356,0.08737864077669903,0.5157384987893463,1.144972628378113,0.9653442869189008
Human,17311685.txt,0.52,0.0846774193548387,0.62,1.1540845337803949,0.9597989187799533
Human,17312146.txt,0.3925549915397631,0.24448217317487267,0.467005076142132,0.9661147870651872,0.9758844818338491
Human,17325147.txt,0.4182692307692308,0.38102893890675243,0.47275641025641024,1.5110511119624521,0.9832508621818566
Human,17342969.txt,0.22406363937686444,0.1724709784411277,0.29300629764666886,0.5522979216306224,0.9535271229359931
Human,17378327.txt,0.3817733990147783,0.4306930693069307,0.46551724137931033,0.5179599084766356,0.9603606894119064
Human,17392859.txt,0.3788235294117647,0.07193396226415094,0.47058823529411764,0.5547847863537266,0.9729150467376083
Human,17396388.txt,0.45064377682403434,0.043041606886657105,0.542203147353362,0.5911202867795688,0.9504703376205447
Human,17407184.txt,0.3922480620155039,0.07776049766718507,0.45891472868217054,1.0316242255568857,0.9442486731338957
Human,17410700.txt,0.4323770491803279,0.06172839506172839,0.5184426229508197,0.6114995819948676,0.9628064826513693
Human,17412079.txt,0.3786407766990291,0.0267639902676399,0.46116504854368934,0.9793978917647777,0.960875208674066
Human,17421910.txt,0.5064655172413793,0.032467532467532464,0.5991379310344828,0.6087615023846144,0.9750092954148654
Human,17422560.txt,0.38156028368794326,0.2361308677098151,0.47375886524822697,0.9908472370843708,0.9695624339594497
Human,17431847.txt,0.4411764705882353,0.09180327868852459,0.5179738562091504,0.9060377622811281,0.9814351459721716
Human,17432318.txt,0.5,0.05859375,0.5758754863813229,0.6985420232730811,0.9448370398355305
Human,17481570.txt,0.4217252396166134,0.18006430868167203,0.4984025559105431,0.6064782736518075,0.9599416092612679
Human,17483843.txt,0.4178743961352657,0.05811138014527845,0.4975845410628019,0.7438735126008917,0.9890648410702263
Human,17488801.txt,0.3896940418679549,0.06462035541195477,0.45410628019323673,0.5820862278318909,0.9795065707042409
Human,17499196.txt,0.262987012987013,0.403470715835141,0.31926406926406925,1.0383156826500302,0.9771544296348709
Human,17509935.txt,0.3850415512465374,0.07242339832869081,0.5401662049861495,0.7130063328313658,0.9333100448989271
Human,17510973.txt,0.4827586206896552,0.04007285974499089,0.5499092558983666,0.8232138511450448,0.9555608738525173
Human,17539842.txt,0.3503184713375796,0.3670212765957447,0.4182590233545648,0.6678310434951145,0.9725280896009172
Human,17545780.txt,0.4140845070422535,0.06638418079096045,0.5056338028169014,1.4958761491586678,0.9701474270447868
Human,17555081.txt,0.4605263157894737,0.08211143695014662,0.5263157894736842,1.23716555463797,0.9833869245527942
Human,17556527.txt,0.3245454545454545,0.08652094717668488,0.39090909090909093,1.0578880741213061,0.9838027523716998
Human,17562754.txt,0.34323040380047504,0.05476190476190476,0.39429928741092635,1.2212079876893065,0.973032945078672
Human,17570634.txt,0.38089005235602097,0.08136482939632546,0.450261780104712,0.9655088381319774,0.9806185475339328
Human,17571262.txt,0.41455696202531644,0.050793650793650794,0.5079113924050633,0.44052419234002166,0.9845729164087708
Human,17576030.txt,0.3767313019390582,0.2116991643454039,0.4515235457063712,0.704704848005678,0.9781853970497953
Human,17584743.txt,0.4069264069264069,0.01881331403762663,0.4790764790764791,0.8110319098999477,0.9820458578589173
Human,17597372.txt,0.47126436781609193,0.04046242774566474,0.5862068965517241,0.7491572752551873,0.9685352788808131
Human,17602815.txt,0.435126582278481,0.03650793650793651,0.5126582278481012,0.7871135269131607,0.9915357903423105
Human,17624934.txt,0.4311475409836066,0.046052631578947366,0.5262295081967213,1.9861935633755283,0.9332055943837652
Human,17640785.txt,0.4647887323943662,0.06,0.5211267605633803,1.6509921180059972,0.9961813587369668
Human,17641670.txt,0.3297062023939064,0.04632152588555858,0.4060968971148612,1.5878087392373554,0.9707175395306458
Human,17655479.txt,0.40268456375838924,0.253028263795424,0.4993288590604027,0.662515989015431,0.9447481473912289
Human,17658471.txt,0.4366412213740458,0.11638591117917305,0.5190839694656488,1.2092408918546704,0.9901525529143226
Human,17659053.txt,0.4360400444938821,0.11259754738015608,0.5150166852057843,1.2457629141080364,0.9697510224640811
Human,17660419.txt,0.49537037037037035,0.06542056074766354,0.5601851851851852,0.8860434254254237,0.9995382026230211
Human,17681064.txt,0.38388625592417064,0.07606973058637084,0.46445497630331756,1.923943286701589,0.9895724881487824
Human,17686472.txt,0.4853658536585366,0.08108108108108109,0.5647921760391198,1.5548311469049005,0.9760657664782209
Human,17688766.txt,0.4275491949910555,0.06104129263913824,0.4937388193202147,1.0486432022106718,0.9903387251282035
Human,17694454.txt,0.39938319198149574,0.05250965250965251,0.4710871241326137,1.1512222425536733,0.9682042142584013
Human,17694572.txt,0.636734693877551,0.05761316872427984,0.7346938775510204,0.7789216875209111,0.990167367311273
Human,17704246.txt,0.31262770739681245,0.11901840490797547,0.3943604413567634,1.3289174015585667,0.9553961097415241
Human,17714174.txt,0.20082449941107186,0.8384433962264151,0.24381625441696114,0.806106024274202,0.9617700839022825
Human,17730889.txt,0.48208955223880595,0.0374251497005988,0.5671641791044776,1.2850109194255874,0.9544081378251036
Human,17775916.txt,0.3810082063305979,0.2044653349001175,0.43259085580304807,0.8792682324767417,0.9717852986887211
Human,17781039.txt,0.47435897435897434,0.029205607476635514,0.5617715617715617,0.6538635159324669,0.9635765800367972
Human,17812897.txt,0.32046979865771813,0.06050420168067227,0.401006711409396,1.01743988991986,0.9742160564795281
Human,17818707.txt,0.3753180661577608,0.04591836734693878,0.46946564885496184,0.9730362741457467,0.9537263320378285
Human,17823436.txt,0.3873239436619718,0.1028225806451613,0.45774647887323944,1.235300502324572,0.9746727896113104
Human,17847636.txt,0.37777777777777777,0.08917197452229299,0.46984126984126984,1.4460599646196408,0.9762804146811448
Human,17855844.txt,0.3884393063583815,0.13093858632676708,0.4705202312138728,1.0161073707604735,0.9640548061151464
Human,17857644.txt,0.39308578745198464,0.07830551989730423,0.4839948783610755,1.0795465003100706,0.9726967154837237
Human,17864043.txt,0.3639960435212661,0.03964321110009911,0.4688427299703264,0.8608669928190674,0.9823398196172568
Human,17876954.txt,0.4370860927152318,0.05309734513274336,0.5187637969094923,0.5493034670692124,0.9379218138972671
Human,17880988.txt,0.25481798715203424,0.776824034334764,0.3158458244111349,0.9536459726786,0.9878294399766789
Human,17911230.txt,0.40555555555555556,0.08913649025069638,0.49166666666666664,1.2501109191341468,0.9815102349656806
Human,17915015.txt,0.4161764705882353,0.1592920353982301,0.4808823529411765,1.258007471291412,0.9824580364871446
Human,17926546.txt,0.3849938499384994,0.05425400739827373,0.46002460024600245,1.3871227844266873,0.9830169606636067
Human,17960690.txt,0.44851657940663175,0.1243432574430823,0.5287958115183246,1.5962379044816828,0.9939061605047902
Human,17963031.txt,0.3313008130081301,0.22606924643584522,0.3983739837398374,1.1600353360902766,0.9612426008351521
Human,17983430.txt,0.5023622047244094,0.06477093206951026,0.5858267716535434,0.795809204039055,0.9731168238880615
Human,17983957.txt,0.39123630672926446,0.04081632653061224,0.486697965571205,0.9128305520856976,0.987326299540719
Human,17987433.txt,0.4143049932523617,0.2327469553450609,0.4817813765182186,0.6863774848784593,0.9909842223349317
Human,18001081.txt,0.2645381984036488,0.8022857142857143,0.3261117445838084,0.5389577835115155,0.9744853034569313
Human,18024825.txt,0.39334341906202724,0.291350531107739,0.44478063540090773,1.4838561358647357,0.9802292128651547
Human,18029935.txt,0.4150268336314848,0.09694793536804308,0.4919499105545617,1.035694751337464,0.9931456616176051
Human,18036030.txt,0.519203413940256,0.017094017094017096,0.625,0.6496771168188072,0.9401768384375173
Human,18062906.txt,0.47032640949554894,0.14285714285714285,0.5534124629080118,0.9068312696242649,0.9487014982859325
Human,18067556.txt,0.1950664136622391,0.820493358633776,0.23587409935532802,0.735466997095333,0.94940937462774
Human,18072085.txt,0.37706855791962174,0.09563164108618655,0.45700824499411075,1.2015779056035016,0.9732296635725449
Human,18079050.txt,0.3799392097264438,0.053353658536585365,0.46200607902735563,1.3856009570722343,0.9961793250787802
Human,18084150.txt,0.3800277392510402,0.19610570236439498,0.47156726768377255,0.7805999088183526,0.9693674779611275
Human,18090899.txt,0.25065616797900264,0.6947368421052632,0.3123359580052493,0.6282324881708907,0.9788277704291857
Human,18106533.txt,0.27335047129391604,0.5287553648068669,0.3281919451585261,0.4145264596655278,0.9800186615458097
Human,18129173.txt,0.4541284403669725,0.09969325153374232,0.518348623853211,0.9038784037675444,0.9732940506908736
Human,18132924.txt,0.48711340206185566,0.04780361757105943,0.5644329896907216,0.982111363151639,0.9845866141392204
Human,18133495.txt,0.281226626776365,0.32209737827715357,0.3545250560957367,0.5598006766396582,0.985200540686509
Human,18155310.txt,0.45454545454545453,0.05236907730673317,0.5422885572139303,1.1345479519514796,0.9756083045409228
Human,18159866.txt,0.32238805970149254,0.09940209267563528,0.39477611940298507,0.5320911534701432,0.9687960670093493
Human,18171955.txt,0.38152011922503726,0.04185351270553064,0.481371087928465,0.7857040940811404,0.9195225703410592
Human,18172739.txt,0.4593908629441624,0.07653061224489796,0.5355329949238579,0.9907383022818389,0.9763077678954482
Human,18176523.txt,0.4470198675496689,0.051666666666666666,0.5232558139534884,1.1419836624648383,0.9883967263005122
Human,18187364.txt,0.3281519861830743,0.05363321799307959,0.38860103626943004,0.9426207723011949,0.9863504859785877
Human,18198627.txt,0.4012806830309498,0.023529411764705882,0.4823906083244397,1.1004239432645067,0.9596757255229518
Human,18208580.txt,0.3797634691195795,0.3359683794466403,0.4467805519053876,1.003354683443679,0.9557384094527513
Human,18227306.txt,0.4295874822190612,0.09272467902995721,0.5064011379800853,0.9946321223822163,0.9489454561549714
Human,18236085.txt,0.35335195530726254,0.06582633053221289,0.4399441340782123,0.789580745772509,0.9723078381978428
Human,18242317.txt,0.44461778471138846,0.07668231611893583,0.5070202808112324,1.2841029409188627,0.988044062813145
Human,18264694.txt,0.29569093610698366,0.36755952380952384,0.3439821693907875,1.1701043839211254,0.9635299005673986
Human,18268860.txt,0.41899441340782123,0.056074766355140186,0.5251396648044693,0.6807853411706112,0.9979644006132695
Human,18278509.txt,0.49829351535836175,0.22336769759450173,0.5494880546075085,0.9819563343647647,0.9742505330468563
Human,18293620.txt,0.31882352941176473,0.3903301886792453,0.3941176470588235,0.749482866698131,0.964129579182546
Human,18297650.txt,0.33232399697199094,0.08794541319181198,0.4140802422407267,0.5820000960023087,0.9517792597327253
Human,18301617.txt,0.363499245852187,0.35098335854765506,0.4042232277526395,1.7437959177958933,0.9576167640151143
Human,18311419.txt,0.45126353790613716,0.030797101449275364,0.5595667870036101,0.573921482549227,0.9638715079651791
Human,18316239.txt,0.4332892998678996,0.0423841059602649,0.523117569352708,0.5228687496909186,0.9699978163470838
Human,18319061.txt,0.4130105900151286,0.1411229135053111,0.4720121028744327,2.0413207525649066,0.931051179928575
Human,18328743.txt,0.4583333333333333,0.13445378151260504,0.5916666666666667,0.863602236871473,0.9292769260752022
Human,18334783.txt,0.3494539781591264,0.15336463223787167,0.4290171606864275,0.8232798026068201,0.983137234819736
Human,18354623.txt,0.41973840665873957,0.03814064362336114,0.4768133174791914,1.0860831382026574,0.9546775829467885
Human,18365443.txt,0.3800243605359318,0.03540903540903541,0.47381242387332523,0.7874701026064527,0.9635448377649309
Human,18365791.txt,0.6122448979591837,0.041237113402061855,0.7193877551020408,0.4852615860619696,0.9840818774562592
Human,18368613.txt,0.4752475247524752,0.059800664451827246,0.5643564356435643,1.0686837823402715,0.9844589055030732
Human,18369400.txt,0.358695652173913,0.2071651090342679,0.4518633540372671,0.6194914200571409,0.9621941928900122
Human,18422164.txt,0.3835946924004825,0.08101571946795647,0.4680337756332931,1.036280684945559,0.9815124786601495
Human,18436190.txt,0.4193061840120664,0.08472012102874432,0.4856711915535445,0.7406405600838831,0.9759602054270937
Human,18442517.txt,0.39268978444236174,0.07511737089201878,0.4564198687910028,0.9456386539498614,0.9655457164883865
Human,18448085.txt,0.4590909090909091,0.0365296803652968,0.5295454545454545,0.9395611313891316,0.9761605058931119
Human,18457785.txt,0.30940343781597573,0.3738601823708207,0.3690596562184024,0.7942424036296006,0.970621926433423
Human,18460045.txt,0.41810344827586204,0.14347826086956522,0.46120689655172414,0.926384371467535,0.9470206688350652
Human,18472240.txt,0.3804878048780488,0.4975369458128079,0.44878048780487806,0.5132027499199894,0.9817886124680024
Human,18480859.txt,0.3029100529100529,0.46153846153846156,0.36507936507936506,0.6531361697352902,0.9233186913030909
Human,18484846.txt,0.38831168831168833,0.18489583333333334,0.4675324675324675,0.7181886800710211,0.965867555139113
Human,18488289.txt,0.45790251107828656,0.25925925925925924,0.5155096011816839,0.8916134059205088,0.927491621528238
Human,18501746.txt,0.44063324538258575,0.05305039787798409,0.525065963060686,0.2889834586938949,0.9380224546283564
Human,18509268.txt,0.3777429467084639,0.040880503144654086,0.45297805642633227,0.800286492934944,0.9732675643672609
Human,18525641.txt,0.37218543046357616,0.057104913678618856,0.45695364238410596,2.001913562005313,0.9723869221588575
Human,18557164.txt,0.41158059467918623,0.26373626373626374,0.48982785602503914,0.822786907634119,0.9429192037902924
Human,18569929.txt,0.441233140655106,0.08123791102514506,0.5067437379576107,1.356049125914985,0.9852772532052303
Human,18586076.txt,0.3553038105046344,0.17440660474716202,0.42018537590113286,0.7355142420363994,0.9686637495725722
Human,18589927.txt,0.48621553884711777,0.007556675062972292,0.568922305764411,0.47590678794129476,0.9914426904830479
Human,18635654.txt,0.4132420091324201,0.23623853211009174,0.4931506849315068,1.1423328491847187,0.9717717421024424
Human,18636651.txt,0.3223234624145786,0.1541095890410959,0.37699316628701596,1.094185581748344,0.9830139807549131
Human,18640927.txt,0.30386178861788615,0.20162932790224034,0.36585365853658536,0.6155017185133014,0.9386642638634756
Human,18645964.txt,0.39267886855241263,0.19031719532554256,0.47088186356073214,1.0212184734655914,0.9742081307796493
Human,18669563.txt,0.3921232876712329,0.06013745704467354,0.4674657534246575,0.633957910941814,0.9952246486892011
Human,18714571.txt,0.2991869918699187,0.5562805872756933,0.35609756097560974,0.7216450425373608,0.9520312857921673
Human,18725071.txt,0.32814710042432815,0.39858156028368796,0.39462517680339465,0.6866050291330793,0.9688158334190555
Human,18731098.txt,0.4422857142857143,0.06872852233676977,0.5074285714285715,1.1726031741734426,0.9596324051556158
Human,18752129.txt,0.3371212121212121,0.06069802731411229,0.421969696969697,0.5512697821381749,0.9592512586338356
Human,18753367.txt,0.3653061224489796,0.06032719836400818,0.4459183673469388,0.9879915845649208,0.957854113302209
Human,18757174.txt,0.5371621621621622,0.061224489795918366,0.6013513513513513,1.2473492712664136,0.9855165252750233
Human,18767449.txt,0.5359116022099447,0.10833333333333334,0.5994475138121547,0.789664934687374,0.9731886404405761
Human,18784594.txt,0.45440956651718983,0.026986506746626688,0.5261584454409567,0.7253649567767809,0.954537956091519
Human,18795567.txt,0.4711388455538221,0.071875,0.5373831775700935,1.0606145428847553,0.9468658049397027
Human,18805506.txt,0.4444444444444444,0.0549618320610687,0.5296803652968036,1.3451701396840352,0.9470012552969258
Human,18824120.txt,0.4016806722689076,0.07588532883642496,0.46050420168067224,1.407931586398894,0.9688465214270169
Human,18825446.txt,0.3826086956521739,0.04259438528557599,0.4405797101449275,1.960980568354759,0.982314536764787
Human,18827609.txt,0.26103286384976526,0.7826904985888994,0.3061032863849765,0.7700798181293516,0.9798264856263973
Human,18835363.txt,0.24056603773584906,0.8002364066193853,0.30424528301886794,1.3066208022866908,0.9767629529416598
Human,18856440.txt,0.4312267657992565,0.01303538175046555,0.5111524163568774,1.5372015372127736,0.9811656501130162
Human,18882984.txt,0.34375,0.20887728459530025,0.3997395833333333,1.3140257847062475,0.9912581008235876
Human,18885231.txt,0.5669642857142857,0.07207207207207207,0.6473214285714286,0.9928077826211289,0.9957088238883689
Human,18885767.txt,0.3820078226857888,0.10182767624020887,0.4361979166666667,0.9641081641832684,0.9871129987825081
Human,18900722.txt,0.42857142857142855,0.1077762619372442,0.5047619047619047,0.8771798244627178,0.9420379620165688
Human,18905648.txt,0.5020576131687243,0.04149377593360996,0.6213991769547325,0.9956906135481804,0.9955833201245292
Human,18927233.txt,0.49848024316109424,0.08256880733944955,0.5592705167173252,0.7886731515246882,0.9611449412207426
Human,18932512.txt,0.36054421768707484,0.08321964529331514,0.4707482993197279,0.5049437335339745,0.9326277613821509
Human,18937778.txt,0.4913657770800628,0.03307086614173228,0.5604395604395604,0.8908383045641372,0.9813896320036052
Human,18949843.txt,0.37310195227765725,0.09021739130434783,0.4598698481561822,0.6059907814427113,0.9836283095692662
Human,18975686.txt,0.3155792276964048,0.315086782376502,0.3754993342210386,0.746976466850687,0.9526233882870615
Human,18979238.txt,0.30579399141630903,0.5193548387096775,0.37339055793991416,0.7000413120698703,0.9470745275320256
Human,18997135.txt,0.4336734693877551,0.11774744027303755,0.5340136054421769,0.8849242223494574,0.9567373820457794
Human,19007667.txt,0.45555555555555555,0.10112359550561797,0.5666666666666667,1.040132203135736,0.96898624440455
Human,19037403.txt,0.37145174371451745,0.06823720552396426,0.44768856447688565,0.5065880413279796,0.9685429945954169
Human,19053815.txt,0.3934782608695652,0.07516339869281045,0.46847826086956523,0.8673960716878906,0.9544352189091907
Human,19063156.txt,0.1459188326493388,0.9407744874715261,0.17569412835685025,0.7214553858756665,0.9716543507739138
Human,19070271.txt,0.36675461741424803,0.1335978835978836,0.43007915567282323,0.7981383757082541,0.9665174100868554
Human,19072267.txt,0.2654102866117,0.22396856581532418,0.3133097762073027,1.0790567292035143,0.969224749992707
Human,19090468.txt,0.31546134663341646,0.14875,0.37531172069825436,0.9325924796127553,0.9899715884435988
Human,19108760.txt,0.36492890995260663,0.09591642924976258,0.42369668246445497,1.1268448696357574,0.9723307114830031
Human,19124258.txt,0.33868378812199035,0.14492753623188406,0.4044943820224719,1.0249981147654208,0.9743537407221261
Human,19147494.txt,0.43495400788436267,0.030303030303030304,0.5282522996057819,0.6249034990903354,0.9595563635538767
Human,19147603.txt,0.3964110929853181,0.088379705400982,0.46818923327895595,1.0636071466916002,0.9689477221230529
Human,19147947.txt,0.4431137724550898,0.15966386554621848,0.5281437125748503,1.4872649675953238,0.9703866790116076
Human,19149865.txt,0.30500894454382826,0.23118279569892472,0.3756708407871199,0.7609119215827193,0.9522386074583893
Human,19156751.txt,0.40930787589498807,0.21052631578947367,0.4964200477326969,0.7167188970670174,0.9377896512809819
Human,19161572.txt,0.49230769230769234,0.04145077720207254,0.5641025641025641,0.8576453553512404,0.9739242112666366
Human,19164410.txt,0.361731843575419,0.05742296918767507,0.4329608938547486,1.6051853481510592,0.9592613900704976
Human,19176318.txt,0.28552971576227393,0.09184993531694696,0.35400516795865633,0.7283535215062108,0.9823056287107716
Human,19179079.txt,0.29318181818181815,0.0745164960182025,0.3795454545454545,1.4932426913044128,0.9743155410934087
Human,19195747.txt,0.333021515434986,0.1077788191190253,0.42095416276894293,0.6049610837830166,0.9764145042796092
Human,19201175.txt,0.2981715893108298,0.8011283497884344,0.340365682137834,1.760086767253575,0.969808455791468
Human,19234823.txt,0.34494015233949943,0.05670665212649945,0.43307943416757344,0.9644597588875251,0.98021389533264
Human,19243556.txt,0.3598901098901099,0.10027472527472528,0.4315068493150685,0.9929241378577168,0.9650795005145675
Human,19268120.txt,0.377,0.08617234468937876,0.457,1.2930922240892178,0.945510462737617
Human,19284293.txt,0.30835486649440136,0.10612597066436583,0.3496985357450474,0.9401898638167433,0.9779656515404948
Human,19285236.txt,0.3958333333333333,0.013054830287206266,0.484375,0.6537106749047127,0.9611899651067466
Human,19302310.txt,0.4319880418535127,0.034482758620689655,0.5351270553064275,0.706229351556011,0.9589713131831056
Human,19336728.txt,0.6167400881057269,0.017777777777777778,0.6916299559471366,0.7972529143287012,0.9474066940991405
Human,19362586.txt,0.37551020408163266,0.13096862210095497,0.4598639455782313,0.6335825569386111,0.957407762190559
Human,19364677.txt,0.35723598435462844,0.12941176470588237,0.44328552803129073,0.9982613800107807,0.9795488489297306
Human,19374660.txt,0.395,0.21070234113712374,0.4866666666666667,0.7063137704308156,0.9770617014339685
Human,19396040.txt,0.4187779433681073,0.028400597907324365,0.4977645305514158,0.6608937314032766,0.9534063889942801
Human,19397727.txt,0.42857142857142855,0.13355048859934854,0.4902597402597403,1.377671672807728,0.9825987767907338
Human,19402977.txt,0.47619047619047616,0.05389221556886228,0.5357142857142857,0.802676848711105,0.9954550308924927
Human,19405513.txt,0.4681528662420382,0.04792332268370607,0.5509554140127388,0.5760494896018351,0.9675044878070308
Human,19437318.txt,0.36,0.45226130653266333,0.43,1.3343520197084426,0.8771861741176574
Human,19444529.txt,0.3639896373056995,0.10909090909090909,0.44430051813471505,1.0396641287990216,0.9753732664331808
Human,19446337.txt,0.44551724137931037,0.09681881051175657,0.5213793103448275,1.0427635327519633,0.9823226821451999
Human,19464810.txt,0.42160278745644597,0.23282887077997672,0.5017421602787456,0.7828407093309543,0.9613978483663899
Human,19471144.txt,0.4019715224534502,0.0889132821075741,0.4764512595837897,0.8747028085613223,0.9575365768009806
Human,19473948.txt,0.3640661938534279,0.11966824644549763,0.4491725768321513,0.7608529252587457,0.9596248136563852
Human,19497420.txt,0.3877551020408163,0.04905968928863451,0.47346938775510206,0.7357871858185986,0.9703695253376248
Human,19503224.txt,0.3808139534883721,0.0941747572815534,0.45155038759689925,1.9025175372642125,0.9869496174784874
Human,19506295.txt,0.37389100126742714,0.08005082592121983,0.44866920152091255,0.6999085292464094,0.9876438749317126
Human,19508520.txt,0.33044554455445546,0.315136476426799,0.3886138613861386,0.7332994422490343,0.9832546992786618
Human,19518606.txt,0.4314868804664723,0.043859649122807015,0.5364431486880467,0.5182221408594605,0.9552385607901526
Human,19532392.txt,0.4368770764119601,0.07333333333333333,0.49335548172757476,0.5901589163056608,0.9847994847517642
Human,19540089.txt,0.31805682859761686,0.19100091827364554,0.3785517873510541,1.1809919511000537,0.9896625963652924
Human,19545827.txt,0.338302752293578,0.12528735632183907,0.4059633027522936,1.0715585634482159,0.9837940559970557
Human,19553067.txt,0.37337662337662336,0.13192182410423453,0.44805194805194803,1.4970907094333683,0.9778694702088543
Human,19556300.txt,0.28,0.5084087968952135,0.33806451612903227,0.7731462962990239,0.933067204479226
Human,19557384.txt,0.4557165861513688,0.035541195476575124,0.5249597423510467,0.9150320755511688,0.9609043390388531
Human,19558834.txt,0.35960591133004927,0.4135090609555189,0.4351395730706076,0.696950188612234,0.97887386958762
Human,19582792.txt,0.3990719257540603,0.05930232558139535,0.47447795823665895,1.28770854926347,0.9368154878482088
Human,19599699.txt,0.5263157894736842,0.1390728476821192,0.5953947368421053,1.0736815326426137,0.9932062713276093
Human,19612167.txt,0.5062344139650873,0.03007518796992481,0.600997506234414,0.4305444215782164,0.9348349412841852
Human,19616406.txt,0.4366998577524893,0.011412268188302425,0.5391180654338549,0.9480795041539325,0.9814588699864394
Human,19671909.txt,0.3308550185873606,0.18901303538175046,0.395910780669145,1.1722997840695233,0.9828184436416064
Human,19714635.txt,0.28481455563331,0.3153468815697267,0.3435969209237229,0.8039577398261986,0.9302410211140115
Human,19717385.txt,0.45895953757225433,0.09048723897911833,0.5462962962962963,0.9266625731938668,0.9754680266158811
Human,19724031.txt,0.2769485903814262,0.5066555740432612,0.34634551495016613,1.4228383341713353,0.9802673460524165
Human,19738730.txt,0.5914396887159533,0.07058823529411765,0.6770428015564203,0.6382212617114171,0.9833070504107639
Human,19774173.txt,0.5833333333333334,0.06722689075630252,0.6458333333333334,0.9840445874044531,0.9838450359486474
Human,19786924.txt,0.2651331719128329,0.7293689320388349,0.3196125907990315,1.4117021046163694,0.9662738420753605
Human,19796840.txt,0.2518591968269707,0.07990074441687345,0.3173029251363411,0.7102503690120139,0.9820507440028009
Human,19818707.txt,0.3756019261637239,0.07395498392282958,0.4567307692307692,1.1341758554520758,0.9702290467947886
Human,19831366.txt,0.4230769230769231,0.3620689655172414,0.5042735042735043,0.4786019526285168,0.9670886403400332
Human,19850482.txt,0.37010309278350517,0.049586776859504134,0.4329896907216495,1.0417975933590693,0.9886719108828489
Human,19851252.txt,0.5170454545454546,0.13793103448275862,0.6079545454545454,0.8023745267631238,0.9740939316363169
Human,19861776.txt,0.3605805958747135,0.05355776587605203,0.4232238349885409,0.9033762046104236,0.9812768269945029
Human,19867922.txt,0.4036979969183359,0.06491499227202473,0.4576271186440678,0.7842266433915193,0.9987213231583355
Human,19911786.txt,0.3328785811732606,0.25170998632010944,0.3806275579809004,0.44700309962061996,0.9946936129049443
Human,19918523.txt,0.4891640866873065,0.08099688473520249,0.5882352941176471,0.7280708702590707,0.9350638823715255
Human,19920687.txt,0.3726618705035971,0.13237410071942446,0.45050215208034433,1.7553008995554507,0.9709942515252508
Human,19926135.txt,0.4711388455538221,0.07668231611893583,0.5413416536661466,0.8618893164948727,0.9553949490379813
Human,19928941.txt,0.5764192139737991,0.02643171806167401,0.6550218340611353,0.7255718377352434,0.9748856171136739
Human,19929506.txt,0.38349514563106796,0.30844155844155846,0.441747572815534,0.8171184587261234,0.9862404475248693
Human,19936735.txt,0.40074906367041196,0.05660377358490566,0.4943820224719101,0.8100534754728059,0.9833306930852944
Human,19938081.txt,0.32687447346251053,0.16455696202531644,0.392586352148273,0.7855046766428594,0.990633903929769
Human,19951766.txt,0.3783783783783784,0.37483085250338294,0.45209176788124156,0.6535065411135366,0.9456683984071208
Human,19975121.txt,0.5573248407643312,0.07051282051282051,0.6337579617834395,1.2633208432235412,0.9794308030468163
Human,20001721.txt,0.5579868708971554,0.004395604395604396,0.6411378555798687,0.7588756422599243,0.9833721510774661
Human,20006992.txt,0.45545977011494254,0.08069164265129683,0.5258620689655172,2.3115996087781707,0.9593874135239301
Human,20024870.txt,0.5738161559888579,0.03361344537815126,0.6629526462395543,0.8926658551174367,0.9922195145179004
Human,20026169.txt,0.41836734693877553,0.08068181818181819,0.4931972789115646,0.9822525119841405,0.979353043360884
Human,20033302.txt,0.5172413793103449,0.020172910662824207,0.5790229885057471,1.375346103439293,0.9787071998270238
Human,20082776.txt,0.428341384863124,0.08723747980613894,0.5072463768115942,0.8503417863042564,0.9586397770672651
Human,20110597.txt,0.3796394485683987,0.2372340425531915,0.4554140127388535,0.5313927979354915,0.9746981871921522
Human,20138606.txt,0.40210526315789474,0.029535864978902954,0.4926315789473684,0.8345670498317197,0.9609314878448234
Human,20141807.txt,0.35575679172056923,0.03501945525291829,0.48382923673997413,0.6059044417704139,0.9576672769190714
Human,20148147.txt,0.3386880856760375,0.1476510067114094,0.428380187416332,0.9980586185633524,0.9257096581998515
Human,20149476.txt,0.46677215189873417,0.11904761904761904,0.5237341772151899,1.8109023037055314,0.9763753730174237
Human,20172393.txt,0.39373970345963755,0.14710743801652892,0.43657331136738053,0.9364048567714699,0.9945061487867639
Human,20176584.txt,0.2970007315288954,0.24322344322344322,0.3467446964155084,0.9571548290331506,0.9623001736383389
Human,20210676.txt,0.3991130820399113,0.07126948775055679,0.4878048780487805,0.933275622416716,0.9926662505465939
Human,20211577.txt,0.3683492496589359,0.18331053351573187,0.44474761255115963,0.9386278027836925,0.9543342538604546
Human,20230207.txt,0.3915094339622642,0.11514195583596215,0.4528301886792453,1.2440847713830945,0.9865139290786707
Human,20237244.txt,0.45609065155807366,0.14245014245014245,0.5212464589235127,0.9539680672443827,0.9859004701765108
Human,20253563.txt,0.33537519142419603,0.22887864823348694,0.40888208269525267,0.6685243136876828,0.9663886571365676
Human,20255404.txt,0.40365682137834036,0.07475317348377997,0.4908579465541491,1.0499412068591165,0.9684910546211628
Human,20272792.txt,0.5629370629370629,0.035211267605633804,0.6573426573426573,0.4750427611307759,0.9590540871019704
Human,20275356.txt,0.3181148748159057,0.11225997045790251,0.3946980854197349,0.5500872568511107,0.9805688293693754
Human,20279756.txt,0.411214953271028,0.159375,0.48442367601246106,1.1878619999958742,0.9785548102423479
Human,20314980.txt,0.2888127853881279,0.051970302684180465,0.3707929264118654,0.614075364184606,0.9599251071083565
Human,20317319.txt,0.42782152230971127,0.15789473684210525,0.5170603674540682,1.3998173921899468,0.9736575422024452
Human,20321582.txt,0.39851485148514854,0.06699751861042183,0.46410891089108913,0.5680474764624625,0.9651065115814291
Human,20324037.txt,0.411522633744856,0.06043956043956044,0.4904109589041096,0.7699118835949065,0.9445304092368374
Human,20330739.txt,0.33414634146341465,0.12591687041564792,0.40853658536585363,1.4446819804207724,0.9645400407441352
Human,20345168.txt,0.4510250569476082,0.04576659038901602,0.5284738041002278,1.9789740084446252,0.9877117425981925
Human,20356750.txt,0.5117647058823529,0.04142011834319527,0.6058823529411764,2.0328471562204653,0.9854094164154659
Human,20357858.txt,0.4555052790346908,0.060514372163388806,0.5173453996983409,1.0399541357023858,0.9469890860887892
Human,20390397.txt,0.4349680170575693,0.10492505353319058,0.511727078891258,0.7856638797503235,0.960679479627964
Human,20393721.txt,0.42592592592592593,0.06714285714285714,0.48717948717948717,0.7185750961255345,0.9744970944240434
Human,20399718.txt,0.35235378031383735,0.1659513590844063,0.42368045649072755,0.8324762117231442,0.9758268886526907
Human,20400279.txt,0.325,0.2625250501002004,0.4,0.49885643034367916,0.9412450783425411
Human,20408458.txt,0.2609717868338558,0.2260596546310832,0.3338557993730408,1.1053056835611836,0.979935783296799
Human,20417897.txt,0.4294385432473445,0.0487062404870624,0.48406676783004554,0.8906491898741395,0.9845544660338218
Human,20423658.txt,0.29854096520763185,0.07311586051743532,0.409652076318743,1.4356192516038246,0.9703058394260117
Human,20427934.txt,0.4670571010248902,0.07195301027900147,0.5563689604685212,0.5748015816196539,0.9819875242386688
Human,20457611.txt,0.36156351791530944,0.08705114254624592,0.4256243213897937,0.8217988281451224,0.9892387740295278
Human,20470943.txt,0.5026881720430108,0.03369272237196765,0.6021505376344086,0.9610252650501688,0.9568305711592775
Human,20478831.txt,0.4283513097072419,0.06027820710973725,0.4915254237288136,1.0103962840183989,0.9785940569443535
Human,20488267.txt,0.38317757009345793,0.4272300469483568,0.4532710280373832,0.7355423207433854,0.9864186883097078
Human,20490741.txt,0.1926605504587156,0.931113662456946,0.25974770642201833,1.044780466801444,0.9614633093586901
Human,20504094.txt,0.3443181818181818,0.11731207289293849,0.4147727272727273,0.9408059449201653,0.9780851049583111
Human,20544228.txt,0.4129746835443038,0.031746031746031744,0.5031645569620253,0.7179597979210678,0.9510571589762317
Human,20552814.txt,0.4009950248756219,0.15054835493519442,0.481592039800995,0.8017506489873388,0.9651305390800905
Human,20553895.txt,0.5290102389078498,0.05154639175257732,0.6313993174061433,0.9182557756447729,0.91562831914352
Human,20565486.txt,0.39462517680339465,0.12056737588652482,0.4837340876944837,0.5725327061222144,0.9537139405005672
Human,20565849.txt,0.43448275862068964,0.3672055427251732,0.5057471264367817,1.4122893966958916,0.9700199844110761
Human,20566550.txt,0.3908898305084746,0.23779193205944799,0.4650423728813559,0.868955263258788,0.979656862135217
Human,20574232.txt,0.32072829131652664,0.08146067415730338,0.3627450980392157,0.8921789670744892,0.9841567027931064
Human,20604208.txt,0.3783209351753454,0.07667731629392971,0.4569606801275239,1.3271065937038848,0.9782689495306829
Human,20624984.txt,0.41732283464566927,0.053712480252764615,0.5023622047244094,0.7514173847178224,0.9830130882716253
Human,20626794.txt,0.5777777777777777,0.03587443946188341,0.6933333333333334,0.6034959878966946,0.9641772891237681
Human,20628003.txt,0.5475285171102662,0.038314176245210725,0.6653992395437263,0.50778609989155,0.9596553072225149
Human,20633855.txt,0.4796747967479675,0.053061224489795916,0.6036585365853658,0.16671623296268193,0.9997897490865255
Human,20674668.txt,0.393048128342246,0.04691689008042895,0.48128342245989303,1.242082837611427,0.9750339989560166
Human,20681037.txt,0.5972850678733032,0.0273972602739726,0.6968325791855203,0.6492836898749952,0.970792897908374
Human,20691949.txt,0.4792176039119804,0.051597051597051594,0.5574572127139364,1.1637466703049564,0.9810540816574634
Human,20698469.txt,0.4306569343065693,0.15403422982885084,0.5036496350364964,0.6160294237869305,0.9432918814934556
Human,20705888.txt,0.4262295081967213,0.14200298953662183,0.518628912071535,1.3225141132891458,0.9596342891720201
Human,20736486.txt,0.4260485651214128,0.07300884955752213,0.5066225165562914,0.9821781001167813,0.9478529830671075
Human,20748468.txt,0.3786127167630058,0.056439942112879886,0.4624277456647399,0.7514517307526356,0.9428948638562454
Human,20748926.txt,0.4622395833333333,0.0731070496083551,0.5403645833333334,0.9632770877815103,0.9749929557589451
Human,20748929.txt,0.3817635270541082,0.04819277108433735,0.47394789579158314,0.6053807845482796,0.9794369006818416
Human,20765795.txt,0.46919431279620855,0.025356576862123614,0.5624012638230648,0.9863255478776685,0.9307365114228954
Human,20806155.txt,0.15627996164908917,0.9341221618164375,0.18280600830936403,0.7949879649725055,0.9833621575396189
Human,20817322.txt,0.36336779911373707,0.14053254437869822,0.4616519174041298,0.8904517717398992,0.9681647219559617
Human,20819838.txt,0.1711340206185567,0.7820247933884298,0.21958762886597938,0.5919258530138073,0.9952895663974716
Human,20824105.txt,0.2515923566878981,0.6292735042735043,0.2867803837953092,1.5863848954955726,0.9848603671285632
Human,20835760.txt,0.42302543507362783,0.06174496644295302,0.48326639892904955,0.558064852963069,0.9397892086108377
Human,20836112.txt,0.3009049773755656,0.625,0.38235294117647056,0.7122226976786777,0.9907201041579738
Human,20850529.txt,0.336996336996337,0.3953488372093023,0.41514041514041516,0.725055881694279,0.9770673976645616
Human,20879311.txt,0.38817733990147785,0.05133267522211254,0.4482758620689655,1.1499545757348295,0.9731025056934456
Human,20880935.txt,0.4147398843930636,0.08683068017366136,0.4963924963924964,0.5601471580367194,0.9643559555960421
Human,20882041.txt,0.3269230769230769,0.07455012853470437,0.4012820512820513,0.4442018686189094,0.9625305769435373
Human,20905088.txt,0.32254901960784316,0.0893909626719057,0.4068627450980392,0.5131258193635367,0.9635196593883575
Human,20918464.txt,0.38765432098765434,0.22249690976514216,0.4599260172626387,1.1378451247622197,0.9730444691590765
Human,20925036.txt,0.42899702085402186,0.10358565737051793,0.49304174950298213,0.8096158770529539,0.9667950009923189
Human,20932019.txt,0.4463840399002494,0.09022556390977443,0.513715710723192,1.0232511731665725,0.9828588301902483
Human,20966771.txt,0.43559322033898307,0.03571428571428571,0.5288135593220339,1.2655308667357947,0.9789413153574905
Human,20969119.txt,0.305982905982906,0.19263698630136986,0.382051282051282,0.6306769284278241,0.9452979554782669
Human,20969845.txt,0.48822269807280516,0.11612903225806452,0.5546038543897216,1.0216152682984647,0.9768080806078464
Human,20977412.txt,0.3507057546145494,0.16974972796517954,0.4147665580890337,1.0052477462729839,0.9485738181421828
Human,20981299.txt,0.4269340974212034,0.040229885057471264,0.49283667621776506,0.5623234666027709,0.9702434215756843
Human,20986595.txt,0.46829971181556196,0.02745664739884393,0.5590778097982709,0.8012448777576131,0.9623164254250175
Human,20992320.txt,0.4853273137697517,0.09977324263038549,0.5665914221218962,0.4742663119679624,0.9915108623221952
Human,20993320.txt,0.38687150837988826,0.12745098039215685,0.49022346368715086,0.9106456921355169,0.9671518588692465
Human,21007083.txt,0.6077586206896551,0.06086956521739131,0.6551724137931034,1.072540990973617,0.968434979030391
Human,21031285.txt,0.35570469798657717,0.0901749663526245,0.44026845637583895,0.8954647299613743,0.9851028555431949
Human,21038022.txt,0.3383742911153119,0.10700757575757576,0.41776937618147447,0.9526616497293781,0.9436310551589359
Human,21060367.txt,0.37483085250338294,0.1560379918588874,0.45737483085250336,0.7730000769759099,0.9690585630560644
Human,21101152.txt,0.36030664395229983,0.08013640238704177,0.4425531914893617,0.9038688402296049,0.9510903343799784
Human,21122155.txt,0.41885964912280704,0.06147091108671789,0.48630887185104055,1.153619884873867,0.984841348065945
Human,21125113.txt,0.39371980676328505,0.2009685230024213,0.4722222222222222,1.0596486661300386,0.9822032518694931
Human,21134923.txt,0.4008810572687225,0.1723122238586156,0.4698972099853157,1.184379445635671,0.9900010748127588
Human,21156767.txt,0.3769123783031989,0.058577405857740586,0.48956884561891517,0.5617961158808746,0.9210840322737107
Human,21178545.txt,0.4501347708894879,0.15945945945945947,0.5026954177897575,1.4647510177555942,0.9905681428477697
Human,21190805.txt,0.4270516717325228,0.25609756097560976,0.4939209726443769,0.668746488159117,0.9725579447475338
Human,21238396.txt,0.3391304347826087,0.05614714424007745,0.42995169082125606,0.5942680021012743,0.9276762216605391
Human,21265194.txt,0.2166947723440135,0.6190878378378378,0.260539629005059,0.9487716375436476,0.9870212224696211
Human,21283365.txt,0.3368055555555556,0.08352668213457076,0.4212962962962963,0.9902139930680132,0.9811343392508862
Human,21283733.txt,0.4126040428061831,0.03575685339690107,0.48513674197384066,0.7793074783044402,0.9546618618758211
Human,21287405.txt,0.5019305019305019,0.04129032258064516,0.574002574002574,0.731653362887612,0.9721611113327202
Human,21297521.txt,0.23557925351429956,0.8170790878214459,0.27047988366456616,1.3620808448529298,0.9788293423485341
Human,21297828.txt,0.45454545454545453,0.0875,0.5330578512396694,0.7854125769509993,0.9796988382139341
Human,21298336.txt,0.65,0.12318840579710146,0.7,1.2160155745511736,0.9607915855118411
Human,21321598.txt,0.4979253112033195,0.05,0.5912863070539419,0.7531099638246119,0.9430513820946768
Human,21334981.txt,0.46194926568758343,0.07764390896921017,0.5447263017356475,0.7530679176353737,0.9562759749713287
Human,21338490.txt,0.370253164556962,0.19047619047619047,0.4224683544303797,1.2836102922504573,0.977098933273661
Human,21363048.txt,0.43270189431704886,0.053946053946053944,0.5234297108673978,1.2734756954378974,0.9656059201992463
Human,21366189.txt,0.349009900990099,0.031017369727047148,0.4344059405940594,1.0187618636208349,0.9847972883255748
Human,21386255.txt,0.39892183288409705,0.11891891891891893,0.47035040431266845,0.8549488259226579,0.9502906193938118
Human,21478007.txt,0.44622093023255816,0.026239067055393587,0.5537790697674418,0.5760600993778671,0.9693140980433164
Human,21511817.txt,0.39304123711340205,0.15762273901808785,0.4742268041237113,1.1017822110597002,0.9667433497169691
Human,21512769.txt,0.39477977161500816,0.088379705400982,0.4828711256117455,1.1887872267191273,0.9877607229533636
Human,21531811.txt,0.5234899328859061,0.04054054054054054,0.610738255033557,0.6502288225180115,0.972074764060768
Human,21549195.txt,0.37065637065637064,0.18064516129032257,0.42985842985842987,0.7566788547099792,0.9815555119638891
Human,21550454.txt,0.4505327245053272,0.16793893129770993,0.5312024353120244,0.6086571222863979,0.9775144642951582
Human,21567392.txt,0.3861003861003861,0.15555555555555556,0.437801350048216,1.1190324687532625,0.9753400312361745
Human,21568833.txt,0.3399715504978663,0.11126961483594865,0.39260312944523473,0.8686542171536416,0.9909292697290176
Human,21570485.txt,0.40152477763659467,0.05477707006369427,0.4625158831003812,1.0455842741794976,0.9752573559089265
Human,21586858.txt,0.4011494252873563,0.08525345622119816,0.47126436781609193,1.103963344484116,0.9722628625928681
Human,21595057.txt,0.4298507462686567,0.11676646706586827,0.5253731343283582,0.6516887217972656,0.9364433244752272
Human,21611212.txt,0.4087912087912088,0.3487858719646799,0.4879120879120879,0.6925590292890375,0.9635326586516907
Human,21611637.txt,0.3603696098562628,0.20473251028806586,0.42813141683778233,1.51204307810581,0.9747032235025977
Human,21614256.txt,0.3782722513089005,0.08136482939632546,0.4698952879581152,0.964201332625997,0.9721293309682433
Human,21622444.txt,0.3382022471910112,0.0744920993227991,0.44256756756756754,0.45579482006056943,0.9426813443090789
Human,21629057.txt,0.34058656575212864,0.15071090047393365,0.4295175023651845,0.9948758803262254,0.9624942749175652
Human,21645690.txt,0.41333333333333333,0.03714710252600297,0.49037037037037035,1.5746949538024386,0.9844502697965595
Human,21663616.txt,0.40125,0.12030075187969924,0.47375,0.918531436587774,0.961345482233631
Human,21669215.txt,0.48218029350104824,0.02526315789473684,0.570230607966457,0.6834703083072067,0.9681196929148767
Human,21705160.txt,0.46846846846846846,0.13761467889908258,0.6486486486486487,0.7725192393489974,0.9971744415880834
Human,21756639.txt,0.47699386503067487,0.13076923076923078,0.5460122699386503,0.9621120896219917,0.9800166979662719
Human,21763056.txt,0.3569482288828338,0.07377049180327869,0.43869209809264303,0.8151911781137975,0.9869057997143351
Human,21773106.txt,0.4617196702002356,0.0755608028335301,0.5312131919905771,1.101014936228206,0.9831071347020609
Human,21780877.txt,0.41229193341869397,0.1258023106546855,0.48911651728553135,0.9252506466058382,0.9646527581052784
Human,21782152.txt,0.5007429420505201,0.03278688524590164,0.5839524517087668,0.7810856509415613,0.9765645230469833
Human,21794875.txt,0.3948051948051948,0.057291666666666664,0.4805194805194805,1.2596314720733517,0.9155468035961124
Human,21796843.txt,0.3299050632911392,0.060221870047543584,0.41060126582278483,0.8521594892893489,0.9768944114010015
Human,21807211.txt,0.46335078534031415,0.08661417322834646,0.5523560209424084,0.9101353930927196,0.9764161363785405
Human,21807224.txt,0.40773809523809523,0.0718562874251497,0.49702380952380953,0.8385547805759612,0.9878683359607485
Human,21809601.txt,0.45213849287169044,0.10429447852760736,0.5539714867617108,0.5637376567960863,0.9435149508236614
Human,21830565.txt,0.35348837209302325,0.07642124883504194,0.4409302325581395,0.5541017719503823,0.9666592505024117
Human,21847415.txt,0.41101152368758004,0.06161745827984596,0.48911651728553135,0.7172172400354624,0.9820808990984509
Human,21853199.txt,0.3477051460361613,0.1896792189679219,0.4242002781641168,1.2539061610212012,0.977346047789158
Human,21856577.txt,0.3303249097472924,0.08047016274864376,0.41064981949458484,0.7101612552851777,0.9762401651953265
Human,21866029.txt,0.3080260303687636,0.23804347826086958,0.39804772234273317,1.716639831492247,0.9919112810335433
Human,21867728.txt,0.41948051948051945,0.05078125,0.4935064935064935,1.145397433988246,0.9772296416944021
Human,21868149.txt,0.4022346368715084,0.08622620380739082,0.4793296089385475,0.911870056574512,0.9804280166759866
Human,21869994.txt,0.42782152230971127,0.09868421052631579,0.515748031496063,0.6466368734885412,0.9612074675386323
Human,21904897.txt,0.4323671497584541,0.08495145631067962,0.5120772946859904,1.043785962862705,0.9788061674580458
Human,21912637.txt,0.40083798882681565,0.08683473389355742,0.4664804469273743,1.4359257415739932,0.9906399203714638
Human,21916744.txt,0.4527503526093089,0.08628005657708628,0.5190409026798307,1.37967013093947,0.9414448407178836
Human,22008817.txt,0.41389432485322897,0.04215686274509804,0.46673189823874756,1.5761904167982397,0.976697004562069
Human,22019500.txt,0.33099209833187004,0.05452946350043975,0.398595258999122,0.8922084009703163,0.9572499656530304
Human,22025574.txt,0.39713971397139713,0.06615214994487321,0.47964796479647964,0.6697404579168496,0.9626601540575952
Human,22042181.txt,0.3548387096774194,0.06107784431137724,0.44563918757467147,0.9328594325529971,0.9514702543591363
Human,22047665.txt,0.5335689045936396,0.028469750889679714,0.6466431095406361,0.6964161418075696,0.966635580065092
Human,22056333.txt,0.5315985130111525,0.06741573033707865,0.6245353159851301,1.1140778727693375,0.9652349794691241
Human,22093368.txt,0.40974967061923584,0.031704095112285335,0.5019762845849802,0.7172996007485021,0.9704580276595435
Human,22168194.txt,0.23454833597464342,0.8139904610492846,0.26465927099841524,0.5636248766910229,0.9843092820291803
Human,22182279.txt,0.32040050062578224,0.4316185696361355,0.39424280350438046,0.7816042956599888,0.9763672925095657
Human,22232367.txt,0.3624557260920897,0.08165680473372781,0.43565525383707204,0.8364633464788412,0.986347955163363
Human,22249155.txt,0.25950413223140495,0.5688225538971807,0.30413223140495865,0.6138394759308827,0.9474816640951248
Human,22259475.txt,0.42592592592592593,0.04560810810810811,0.5252525252525253,0.7788805748262819,0.946101765855778
Human,22259768.txt,0.29640947288006114,0.09869931140015302,0.3674560733384263,0.8191741269681265,0.94941667793891
Human,22319662.txt,0.5328467153284672,0.04411764705882353,0.6204379562043796,1.2441121640754933,0.9803733932193274
Human,22323967.txt,0.4298245614035088,0.0689149560117302,0.5190058479532164,1.2042335559503379,0.987135170840599
Human,22349169.txt,0.30923076923076925,0.6265432098765432,0.3476923076923077,0.5984800835140847,0.9710373775335228
Human,22351830.txt,0.40552486187845305,0.02768549280177187,0.46408839779005523,0.7092869387455236,0.9547159120643809
Human,22380187.txt,0.5220588235294118,0.1259259259259259,0.5698529411764706,0.8884326390142046,0.9941777176985302
Human,22391901.txt,0.4430379746835443,0.2777777777777778,0.5126582278481012,1.7425372213509882,0.9587403787168141
Human,22408666.txt,0.3969359331476323,0.13128491620111732,0.467966573816156,1.811410425357479,0.9499497712032071
Human,22423839.txt,0.41594827586206895,0.05411255411255411,0.4827586206896552,0.6585459096936546,0.9818359498892039
Human,22442947.txt,0.37609841827768015,0.2275132275132275,0.46397188049209137,1.6195605936883022,0.9121744667914718
Human,22450718.txt,0.4158215010141988,0.036585365853658534,0.48884381338742394,1.0032171792190079,0.9627998977156652
Human,22452756.txt,0.29411764705882354,0.4450402144772118,0.36764705882352944,1.001303666999857,0.9836674170311283
Human,22455205.txt,0.4248062015503876,0.25194401244167963,0.4744186046511628,0.82119147002377,0.9757445008675648
Human,22465498.txt,0.37029501525940994,0.045871559633027525,0.44455747711088506,1.1303212943766883,0.9809033592103188
Human,22485475.txt,0.4574961360123648,0.021705426356589147,0.527047913446677,0.9976541363307242,0.9685230909686693
Human,22488036.txt,0.4098124098124098,0.059420289855072465,0.4638728323699422,1.0816159697378145,0.9679537785838215
Human,22492537.txt,0.4,0.11186903137789904,0.47346938775510206,0.7683197640294133,0.9764959542586396
Human,22496394.txt,0.3443072702331962,0.5226960110041265,0.3991769547325103,0.7775448084518571,0.9686517445843756
Human,22506245.txt,0.40264650283553877,0.04174573055028463,0.499054820415879,1.2656552947381476,0.9802697279572095
Human,22510753.txt,0.33001658374792703,0.7104825291181365,0.3714759535655058,0.820260206695285,0.9932400727506621
Human,22546476.txt,0.3938931297709924,0.09494640122511486,0.467175572519084,0.9644876821210103,0.9946985411525218
Human,22551979.txt,0.47002724795640327,0.0273224043715847,0.555858310626703,0.5086779374400854,0.9687656377380803
Human,22556198.txt,0.3408239700374532,0.2354596622889306,0.41292134831460675,0.663258764296534,0.9700437942203276
Human,22560013.txt,0.3804347826086957,0.10354223433242507,0.4388586956521739,0.8487499768153912,0.9729778444454122
Human,22561438.txt,0.5058365758754864,0.10196078431372549,0.6186770428015564,1.0298783505089755,0.9917265719777498
Human,22567495.txt,0.3788235294117647,0.07547169811320754,0.44588235294117645,1.0421225857021603,0.9750971020529605
Human,22571461.txt,0.40266222961730447,0.05843071786310518,0.480865224625624,1.06023683348473,0.9814468152071585
Human,22593054.txt,0.5077951002227171,0.0447427293064877,0.6191536748329621,1.2561247216035636,0.9349353154802997
Human,22605864.txt,0.30116959064327486,0.115234375,0.3654970760233918,0.5529618917987275,0.98423660836723
Human,22615491.txt,0.5326633165829145,0.17766497461928935,0.6381909547738693,0.6136622845340991,0.9467455621301776
Human,22622351.txt,0.40212443095599393,0.0471841704718417,0.5022761760242792,0.5683550765454028,0.978402603680463
Human,22632070.txt,0.3951219512195122,0.18137254901960784,0.48292682926829267,0.8285128326621409,0.9671099220513013
Human,22650051.txt,0.46326276463262767,0.0299625468164794,0.5379825653798257,1.2430157542058469,0.9491293697824296
Human,22675694.txt,0.3048368953880765,0.0496054114994363,0.4015748031496063,0.6256280841344433,0.9622638526368483
Human,22706174.txt,0.34502923976608185,0.06744868035190615,0.4195906432748538,1.116626158142412,0.963793454032551
Human,22718826.txt,0.4557522123893805,0.08875739644970414,0.5309734513274337,1.1000587847705106,0.980149442229976
Human,22720697.txt,0.37285714285714283,0.2148997134670487,0.4328571428571429,1.0041446054440633,0.9734941934274691
Human,22732234.txt,0.42045454545454547,0.09746835443037975,0.5113636363636364,1.0574335841235853,0.9318530300709553
Human,22754014.txt,0.3771186440677966,0.06232294617563739,0.4604519774011299,0.7736974986598281,0.970997908929842
Human,22765255.txt,0.35050675675675674,0.15820642978003385,0.40878378378378377,1.2931662831177395,0.9810769913531101
Human,22776912.txt,0.3525423728813559,0.09168081494057725,0.4186440677966102,1.6574438681881751,0.9579077406594247
Human,22800977.txt,0.4191542288557214,0.07855361596009976,0.486318407960199,1.2835130733235325,0.9721534456568071
Human,22807104.txt,0.42179616548940463,0.10414560161779575,0.49848637739656915,0.6842350771012413,0.962632552140091
Human,22848179.txt,0.4207920792079208,0.076158940397351,0.4933993399339934,0.8065602676723438,0.9857915198439325
Human,22852364.txt,0.35868187579214195,0.12706480304955528,0.4309252217997465,0.5947019080210371,0.9864824779910574
Human,22855060.txt,0.3772845953002611,0.21204188481675393,0.43994778067885115,1.4438212390109795,0.9762097707033263
Human,22861181.txt,0.40871021775544386,0.08067226890756303,0.5209380234505863,0.9762062284313493,0.9600963326574078
Human,22884757.txt,0.5288461538461539,0.08709677419354839,0.6057692307692307,0.7102927052897221,0.9313139624679998
Human,22890839.txt,0.3886792452830189,0.05926860025220681,0.4591194968553459,1.21864434814127,0.975396903209659
Human,22894544.txt,0.3458856345885635,0.46013986013986014,0.4435146443514644,0.6212675312608331,0.9330478591027294
Human,22925443.txt,0.41287284144427,0.31496062992125984,0.4897959183673469,1.1989175046797709,0.941046954260191
Human,22946204.txt,0.4675862068965517,0.024896265560165973,0.5172413793103449,1.1833698151339198,0.945278790421692
Human,22965804.txt,0.49504950495049505,0.04040404040404041,0.6435643564356436,0.9848076429030409,0.9743275888921517
Human,22968380.txt,0.3737745098039216,0.09336609336609336,0.46200980392156865,0.8233097090855438,0.9579813270973926
Human,22983516.txt,0.4569672131147541,0.026748971193415638,0.5318275154004107,0.9369426346609633,0.951891452606868
Human,22990761.txt,0.3609022556390977,0.4723618090452261,0.42606516290726815,0.9958897606788617,0.9627242532648227
Human,23004695.txt,0.3541341653666147,0.405320813771518,0.42277691107644305,1.0050571389135374,0.9850541815655779
Human,23009962.txt,0.3770739064856712,0.07564296520423601,0.46153846153846156,0.664179710044879,0.9359257969408967
Human,23011221.txt,0.3698193411264612,0.3951011714589989,0.4250797024442083,1.4824282023843571,0.9711787799468682
Human,23015611.txt,0.4032059186189889,0.08034610630407911,0.48212083847102344,0.7992820918083343,0.9887876863186844
Human,23032182.txt,0.23693086003372682,0.7170608108108109,0.2917369308600337,0.8716032654322731,0.9632498070464792
Human,23032276.txt,0.29404309252217997,0.34581218274111675,0.3472750316856781,0.6168273457382666,0.971175217138783
Human,23048999.txt,0.40589198036006546,0.08032786885245902,0.5032679738562091,1.094993775897189,0.9793619335014815
Human,23063986.txt,0.35665914221218964,0.334841628959276,0.4255079006772009,1.8318913769511163,0.9635171310814163
Human,23085604.txt,0.26490683229813666,0.11124922311995028,0.3173913043478261,0.9068206644831869,0.9799869545596334
Human,23110214.txt,0.35348837209302325,0.11090400745573159,0.41209302325581393,0.783289915456127,0.9591716933456306
Human,23138078.txt,0.4849921011058452,0.08240887480190175,0.5466034755134281,1.3582642659187556,0.9743533741626531
Human,23139437.txt,0.37318840579710144,0.13503649635036497,0.463768115942029,1.0128253637183975,0.9851542890631052
Human,23139819.txt,0.3669833729216152,0.04523809523809524,0.43705463182897863,1.042929720832465,0.9741113298314682
Human,23143731.txt,0.386013986013986,0.12342215988779803,0.45734265734265733,0.7277629926471424,0.9492895566203834
Human,23155093.txt,0.4022038567493113,0.12430939226519337,0.48760330578512395,1.0053492995885869,0.980029362555955
Human,23185829.txt,0.3691460055096419,0.10497237569060773,0.4820936639118457,0.5421116276464816,0.9301610579572422
Human,23190306.txt,0.38571428571428573,0.08121019108280254,0.4666666666666667,0.8200777234673996,0.9698635402796993
Human,23234047.txt,0.43776824034334766,0.04591104734576758,0.4907010014306152,0.8059671331833029,0.9729535707571566
Human,23246831.txt,0.39092240117130306,0.08516886930983847,0.4890190336749634,0.5411292415708708,0.9666932993144641
Human,23296286.txt,0.3684210526315789,0.3203342618384401,0.4515235457063712,0.6391176651257328,0.9524663421536427
Human,23302948.txt,0.4087870105062082,0.05933014354066986,0.47277936962750716,0.7837215340715568,0.9829958280451142
Human,23323001.txt,0.4014167650531287,0.08875739644970414,0.4781582054309327,1.0422102395600348,0.9587000262593776
Human,23354541.txt,0.41796875,0.1732283464566929,0.48046875,1.1846684477332414,0.9710812939312302
Human,23387174.txt,0.3722149410222805,0.12483574244415244,0.43774574049803405,0.9793298417969665,0.9820898040404963
Human,23396633.txt,0.3853932584269663,0.10247747747747747,0.45280898876404496,1.0498234330286247,0.9779325651663333
Human,23398733.txt,0.6631016042780749,0.0,0.732620320855615,1.1282481070364088,0.9980836420087873
Human,23398843.txt,0.3625,0.40282131661442006,0.4171875,1.2128178445353768,0.9557981634607737
Human,23408537.txt,0.47244094488188976,0.06003159557661927,0.5574803149606299,1.266498108064866,0.966318417075126
Human,23416654.txt,0.4131994261119082,0.13525179856115108,0.48493543758967,1.0879462467719907,0.9676588431743675
Human,23427369.txt,0.42362204724409447,0.06951026856240126,0.5133858267716536,0.7113740164192233,0.9282959135715031
Human,23438112.txt,0.40327868852459015,0.11019736842105263,0.4721311475409836,0.6913950055210196,0.9665804502931556
Human,23438227.txt,0.45549738219895286,0.06299212598425197,0.524869109947644,1.1344295930438404,0.9387946758761596
Human,23464505.txt,0.5223529411764706,0.0425531914893617,0.5835294117647059,1.3523859572925303,0.9682156682379935
Human,23477199.txt,0.2437070938215103,0.7522935779816514,0.2723112128146453,2.4093473548801247,0.9571624805277139
Human,23497307.txt,0.23875432525951557,0.8219653179190751,0.2837370242214533,0.6648763325914441,0.9658993994523254
Human,23510685.txt,0.37844611528822053,0.059045226130653265,0.43859649122807015,1.146531573797558,0.9748649478741344
Human,23513618.txt,0.43502051983584133,0.038408779149519894,0.5020519835841313,1.0075452534654838,0.9899930859875977
Human,23522150.txt,0.46614173228346456,0.13428120063191154,0.5464566929133858,0.7541754406893455,0.9489928002580948
Human,23527321.txt,0.3394736842105263,0.1662269129287599,0.4026315789473684,0.4671123053583309,0.9948387308187144
Human,23568641.txt,0.48823529411764705,0.023668639053254437,0.5823529411764706,0.523816428263787,0.970581635713848
Human,23568731.txt,0.2693310165073849,0.6568201563857515,0.32003469210754554,0.41539905699856416,0.9632377015775045
Human,23573064.txt,0.38493150684931504,0.08241758241758242,0.4465753424657534,1.3082335221188806,0.9377394490189465
Human,23577836.txt,0.24115456238361266,0.8134328358208955,0.29236499068901306,0.7112894505859733,0.9758092675332425
Human,23591247.txt,0.5683453237410072,0.014492753623188406,0.6294964028776978,0.8256100971424064,0.949822858992278
Human,23602130.txt,0.49710982658959535,0.07267441860465117,0.5722543352601156,0.8555365514815654,0.9717763272656182
Human,23617240.txt,0.33407572383073497,0.14869888475836432,0.3994060876020787,0.9701267065343021,0.9838106973824408
Human,23628651.txt,0.38405797101449274,0.20348837209302326,0.4608695652173913,0.7527212312389441,0.9653106491456785
Human,23631188.txt,0.3196794300979519,0.17484388938447815,0.40338379341050756,1.1744009445778776,0.9835907885793366
Human,23631724.txt,0.3832167832167832,0.211781206171108,0.4405594405594406,1.001194017196323,0.9854696254161399
Human,23636277.txt,0.3598014888337469,0.07577639751552795,0.4275092936802974,1.074869107938952,0.9916711949498026
Human,23666211.txt,0.47540983606557374,0.0273972602739726,0.5450819672131147,0.9888155600637132,0.9802273928546982
Human,23673025.txt,0.2788649706457926,0.8990196078431373,0.31702544031311153,0.9194424216191691,0.99296363270127
Human,23719943.txt,0.40877914951989025,0.048143053645116916,0.5075445816186557,0.5321011979158665,0.9774919753921975
Human,23734441.txt,0.3374536464771323,0.06939281288723669,0.4363411619283066,1.4502079678005872,0.9595975012476718
Human,23752500.txt,0.2770475227502528,0.4457953394123607,0.3356926188068756,0.7237278259018756,0.978086470118646
Human,23760084.txt,0.3391188251001335,0.3373493975903614,0.40053404539385845,0.6080220834668296,0.9589824116277262
Human,23761385.txt,0.4297520661157025,0.043478260869565216,0.5103305785123967,0.6277511662498911,0.9681791948274857
Human,23771896.txt,0.386013986013986,0.11640953716690042,0.49230769230769234,0.8363293523001344,0.9893396671732733
Human,23782450.txt,0.39511494252873564,0.33861671469740634,0.4755747126436782,0.6812710489641938,0.9846086548071016
Human,23804341.txt,0.425569176882662,0.09490333919156414,0.5061295971978984,2.749159525959828,0.9518553987349995
Human,23807940.txt,0.3275686673448627,0.16819571865443425,0.37639877924720244,0.849430841397432,0.9532866299396984
Human,23810469.txt,0.302158273381295,0.06009615384615385,0.381294964028777,0.8809021294494925,0.9881202301661912
Human,23814777.txt,0.4865293185419968,0.1589825119236884,0.5388272583201268,0.7222127566338891,0.9839244182059415
Human,23818675.txt,0.3550583657587549,0.2005842259006816,0.4101068999028183,1.0188985605566603,0.9647624455430772
Human,23841877.txt,0.4083457526080477,0.16143497757847533,0.488822652757079,0.6140387835845789,0.9790537507134708
Human,23864648.txt,0.45066666666666666,0.03346720214190094,0.5393858477970628,0.5941237755184146,0.9897461955651471
Human,23864858.txt,0.3897058823529412,0.07227138643067847,0.46176470588235297,0.7754651209733123,0.9702890863233358
Human,23914451.txt,0.4317817014446228,0.1288244766505636,0.5136436597110754,0.8825587330319925,0.9572001487441092
Human,23917826.txt,0.3766990291262136,0.037937743190661476,0.4796116504854369,1.7757147667740836,0.9410215721299827
Human,23918545.txt,0.42296918767507,0.10252808988764045,0.5,1.2770572412694825,0.9670770786765506
Human,23929500.txt,0.38845553822152884,0.21439749608763695,0.44929797191887677,1.2761731978210005,0.9431022185006939
Human,23933031.txt,0.3452958292919496,0.061224489795918366,0.4238603297769156,1.330958272525241,0.9211202211647969
Human,23939133.txt,0.36341161928306553,0.04337050805452292,0.45241038318912236,0.6728516600247524,0.9821923204569867
Human,23944036.txt,0.3796940194714882,0.07520891364902507,0.4486111111111111,0.6930357805819337,0.9896410154223844
Human,23951429.txt,0.6072727272727273,0.04395604395604396,0.72,1.0216486433276477,0.9737497954738622
Human,23955183.txt,0.43448275862068964,0.1592797783933518,0.5082872928176796,0.6183277248132795,0.9914719838964509
Human,23985183.txt,0.42780026990553305,0.017591339648173207,0.5060728744939271,0.7802627720360481,0.9913690786630688
Human,24001783.txt,0.4228855721393035,0.16638935108153077,0.4925373134328358,0.6919907394984143,0.9964087375304261
Human,24020470.txt,0.39963503649635035,0.10877513711151737,0.4771897810218978,0.6493247473585969,0.953356254251817
Human,24025053.txt,0.4470404984423676,0.0328125,0.5093457943925234,0.693459951315834,0.9887515801110361
Human,24038620.txt,0.3129855715871254,0.09121245828698554,0.3895671476137625,0.544125499911921,0.9339097371645052
Human,24061629.txt,0.4294541709577755,0.12280701754385964,0.505664263645726,1.06928742921598,0.9788005945039384
Human,24068423.txt,0.4062927496580027,0.09053497942386832,0.45690834473324216,3.1588472454102474,0.9930476241700859
Human,24083609.txt,0.5769230769230769,0.0603448275862069,0.6794871794871795,0.6705135922308026,0.9684645456787271
Human,24103168.txt,0.42615384615384616,0.06944444444444445,0.5015384615384615,0.47954015388654203,0.9843951654419898
Human,24124250.txt,0.4314868804664723,0.027777777777777776,0.5364431486880467,0.9475523425096194,0.9714704142611613
Human,24154692.txt,0.48005698005698005,0.024285714285714285,0.5641025641025641,1.0890083024936708,0.9645821954166849
Human,24184357.txt,0.3590449954086318,0.06347746090156393,0.4288337924701561,1.0503055115469817,0.9618683781518715
Human,24219583.txt,0.408955223880597,0.16467065868263472,0.49850746268656715,0.7323712611556576,0.9823048576399995
Human,24221960.txt,0.5031055900621118,0.07484407484407485,0.5859213250517599,0.7500870509624136,0.984947230455904
Human,24230851.txt,0.3153724247226624,0.49761526232114467,0.3787638668779715,0.9903208365909537,0.9746792990884581
Human,24240349.txt,0.43823529411764706,0.05457227138643068,0.525,0.641354025094203,0.9662246390100651
Human,24251588.txt,0.3972602739726027,0.06593406593406594,0.4794520547945205,0.597643712533474,0.9544029189936282
Human,24285142.txt,0.42409638554216866,0.15579710144927536,0.4734939759036145,1.1808514880310044,0.9214511426170977
Human,24294778.txt,0.40554156171284633,0.03532380151387721,0.5029387069689337,1.12756644968391,0.9703042237444086
Human,24322804.txt,0.33689839572192515,0.064343163538874,0.4318181818181818,0.5148878072822336,0.9139214194759998
Human,24349611.txt,0.3862229102167183,0.11085271317829458,0.4481424148606811,1.0086861695673592,0.9771559172264314
Human,24361598.txt,0.25806451612903225,0.8620689655172413,0.3139784946236559,1.2422298466705481,0.9867534020595664
Human,24397882.txt,0.37055214723926383,0.0897908979089791,0.44171779141104295,1.1235328816462296,0.9687130189559996
Human,24402267.txt,0.4112271540469974,0.049738219895287955,0.4804177545691906,1.3230720451973055,0.9847179441613794
Human,24410405.txt,0.4237536656891496,0.09558823529411764,0.49560117302052786,1.584716347405308,0.9513417177238735
Human,24411323.txt,0.46113989637305697,0.09895833333333333,0.5440414507772021,0.47042403243828185,0.9249120078774663
Human,24412546.txt,0.23466666666666666,0.44434550311665183,0.29333333333333333,1.0190293068074086,0.9783331128939005
Human,24416961.txt,0.31402085747392816,0.13588850174216027,0.3765932792584009,0.9492630344795664,0.9814832669557728
Human,24444525.txt,0.397456279809221,0.22009569377990432,0.465818759936407,0.6419004124000045,0.9445093373015755
Human,24455357.txt,0.3974358974358974,0.18382352941176472,0.48717948717948717,0.7677630421740568,0.9833009865542696
Human,24491862.txt,0.42967542503863987,0.12093023255813953,0.5146831530139103,1.9346859141761275,0.9663569153409648
Human,24508725.txt,0.25122059476253883,0.4753223654957759,0.3171923589515771,0.8254992475089081,0.948523128585616
Human,24516163.txt,0.3969465648854962,0.07656967840735068,0.47938931297709925,0.7637539354886114,0.9616339004176019
Human,24530382.txt,0.34509371554575524,0.09502762430939227,0.41675854465270123,1.4457585623896734,0.9785378068363254
Human,24533931.txt,0.47863247863247865,0.3275862068965517,0.5598290598290598,0.8339248393820213,0.9696886301462944
Human,24544244.txt,0.44627054361567636,0.05576679340937896,0.5297092288242731,1.6323846433685054,0.929983786839543
Human,24548333.txt,0.41491085899513774,0.07967479674796749,0.5056726094003241,0.9284871977687065,0.9404585505738821
Human,24550866.txt,0.4305343511450382,0.24539877300613497,0.5015290519877675,1.0232780695506063,0.9725967088648324
Human,24553863.txt,0.36977886977886976,0.10714285714285714,0.45454545454545453,0.542856798610227,0.9459308696566489
Human,24559558.txt,0.45746164574616455,0.025174825174825177,0.5369595536959554,0.7973069004380605,0.9698814097654699
Human,24574164.txt,0.3409090909090909,0.06,0.4228650137741047,0.5740528131525205,0.9635191476829981
Human,24580361.txt,0.5854700854700855,0.08189655172413793,0.6752136752136753,0.9935220902331766,0.9751060173860049
Human,24583187.txt,0.5094043887147336,0.029874213836477988,0.5768025078369906,1.098339105374,0.9506913513947706
Human,24588864.txt,0.2599171107164002,0.38292827504445764,0.32267613972764947,1.6637047085066288,0.9728649818264836
Human,24589765.txt,0.36437718277066355,0.176196032672112,0.42956926658905703,0.8281158338206066,0.974292443422705
Human,24590489.txt,0.358600583090379,0.03213242453748783,0.47230320699708456,0.5714285714285714,0.9740714237098417
Human,24592627.txt,0.319935691318328,0.15806451612903225,0.4003215434083601,0.783921127023504,0.9788748042056578
Human,24610685.txt,0.4233206590621039,0.19695044472681067,0.4917617237008872,1.058291618778924,0.9796872558895396
Human,24611721.txt,0.4181523500810373,0.061788617886178863,0.5072933549432739,0.9592569120600606,0.978648869876797
Human,24643412.txt,0.3118172790466733,0.11343283582089553,0.37040714995034757,0.9644249987283019,0.9585477389760474
Human,24647386.txt,0.3036649214659686,0.09233997901364113,0.3769633507853403,0.5179191442602618,0.9226990261721154
Human,24647794.txt,0.39164086687306504,0.029503105590062112,0.4473684210526316,0.79592480940084,0.9784406459141896
Human,24655918.txt,0.5109649122807017,0.0420353982300885,0.6101321585903083,1.0447738982711279,0.9750326471136271
Human,24658786.txt,0.4126163391933816,0.10984455958549223,0.47466390899689764,1.0646543655224,0.9630815159590396
Human,24668861.txt,0.3583502366463827,0.3182125930941097,0.4164976335361731,1.2859137004625838,0.9780768756521043
Human,24670867.txt,0.3192923336141533,0.11223628691983123,0.392586352148273,0.8916677332365477,0.9602187391649345
Human,24673903.txt,0.5502183406113537,0.00881057268722467,0.6768558951965066,0.6041370691885157,0.9085686303820656
Human,24677466.txt,0.37466666666666665,0.10026737967914438,0.43466666666666665,1.6717568492346497,0.9875096368809941
Human,24679149.txt,0.3930131004366812,0.08029197080291971,0.4556040756914119,0.9208300419802111,0.9396394463029413
Human,24695561.txt,0.3394495412844037,0.1644535240040858,0.40672782874617736,1.038302379548186,0.9611697103476222
Human,24703009.txt,0.3926767676767677,0.13164556962025317,0.48863636363636365,0.6865147902652722,0.9808572680590408
Human,24703983.txt,0.38321167883211676,0.22058823529411764,0.4416058394160584,0.7078159560491495,0.9914447909170865
Human,24708621.txt,0.4306418219461698,0.016632016632016633,0.5217391304347826,0.7406393801330269,0.9852549896061781
Human,24709432.txt,0.43300653594771243,0.06710310965630115,0.5301794453507341,1.147999270408434,0.9713602087064106
Human,24710433.txt,0.39692307692307693,0.053158705701078585,0.4746153846153846,1.2856049493125004,0.9817219429031635
Human,24727739.txt,0.36685082872928176,0.046511627906976744,0.44972375690607735,1.064642834836617,0.9697405013956925
Human,24740005.txt,0.28886554621848737,0.7863157894736842,0.3403361344537815,0.9966431170808633,0.9664445395730323
Human,24754689.txt,0.36771844660194175,0.22141119221411193,0.4441747572815534,0.5407346095307368,0.9750504866366825
Human,24763208.txt,0.27332361516034986,0.2875912408759124,0.34475218658892126,0.6142254290373281,0.9539305692097605
Human,24767027.txt,0.3886075949367089,0.09517766497461928,0.48860759493670886,0.8634515926891003,0.9792045721634828
Human,24770846.txt,0.4117647058823529,0.07383966244725738,0.5315126050420168,0.6860796286821764,0.970787016681603
Human,24773845.txt,0.35356200527704484,0.19559471365638767,0.4397537379067722,0.623613555778423,0.9546583360642029
Human,24791126.txt,0.45643153526970953,0.1276005547850208,0.48824343015214383,1.3772786775949448,0.993513974648676
Human,24799301.txt,0.43410852713178294,0.4645669291338583,0.49612403100775193,0.5269037354408196,0.9881517071477668
Human,24817041.txt,0.5443037974683544,0.15319148936170213,0.6160337552742616,1.4415653650225415,0.9503137115149944
Human,24828381.txt,0.37772397094430993,0.1104368932038835,0.4467312348668281,1.0236449497064788,0.979629904808763
Human,24833063.txt,0.31601423487544483,0.06058446186742694,0.38149466192170817,1.3876817400008883,0.9680610476953077
Human,24854026.txt,0.44819277108433736,0.03631961259079903,0.5132530120481927,1.0138048119687635,0.992029429390643
Human,24889109.txt,0.4614065180102916,0.04647160068846816,0.5145797598627787,1.5928636170060702,0.9807053117833592
Human,24905947.txt,0.4509493670886076,0.07936507936507936,0.5474683544303798,0.8890047123908211,0.9826641584377352
Human,24913648.txt,0.38122171945701355,0.0691609977324263,0.46153846153846156,1.0833294615268176,0.9471788723253485
Human,24946537.txt,0.23642384105960265,0.8972148541114059,0.2860927152317881,1.9047180423544137,0.9743522204460303
Human,24953126.txt,0.29890764647467727,0.16517412935323383,0.365441906653426,0.7366130749923345,0.9741609177048348
Human,24953921.txt,0.4242053789731051,0.09313725490196079,0.4889975550122249,1.254416142419284,0.9096427310148723
Human,24964303.txt,0.35302806499261447,0.2518518518518518,0.42097488921713444,0.687928987985244,0.9526224817980636
Human,24967652.txt,0.35413153456998314,0.055790363482671176,0.43544303797468353,0.6997642467230692,0.9577013558683186
Human,24977396.txt,0.4216589861751152,0.042725173210161664,0.5264976958525346,0.5597590741234478,0.9821538784895846
Human,24983760.txt,0.431496062992126,0.1358609794628752,0.48031496062992124,1.3229680597639693,0.974457349097725
Human,24989856.txt,0.392914653784219,0.1423948220064725,0.4774193548387097,1.0870584850153706,0.8958272575139483
Human,24994145.txt,0.5075593952483801,0.03253796095444685,0.593952483801296,1.759665899746395,0.9925930357906343
Human,25001005.txt,0.3977110157367668,0.0703012912482066,0.4792560801144492,0.5993349900850358,0.9709284377875387
Human,25023614.txt,0.38516405135520687,0.06876790830945559,0.4928571428571429,0.6553726755053633,0.9467445096275863
Human,25038571.txt,0.26495726495726496,0.5514285714285714,0.33475783475783477,0.7025548343221231,0.9801484281084059
Human,25047127.txt,0.5081585081585082,0.20608899297423888,0.578088578088578,0.5681558179455432,0.9738898112851302
Human,25061645.txt,0.45614035087719296,0.07647058823529412,0.5350877192982456,0.9169390487929663,0.966771299316741
Human,25067742.txt,0.4481707317073171,0.34355828220858897,0.5213414634146342,0.9634164895367698,0.982266160442788
Human,25070914.txt,0.3963963963963964,0.05015045135406219,0.47147147147147145,0.9096760067554465,0.9537620825633163
Human,25080805.txt,0.29174664107485604,0.34423076923076923,0.3474088291746641,0.8386122513652482,0.9657928586951602
Human,25098739.txt,0.49523809523809526,0.057692307692307696,0.6285714285714286,0.3978684703867488,0.9412520329546669
Human,25101183.txt,0.3318777292576419,0.061269146608315096,0.4104803493449782,0.5032934269372377,0.9723762982671621
Human,25127518.txt,0.42018779342723006,0.06382978723404255,0.508235294117647,0.9398101193120872,0.9835281629042346
Human,25128608.txt,0.3996983408748115,0.10136157337367625,0.4645550527903469,0.9737878282993833,0.978792882176848
Human,25142074.txt,0.5282051282051282,0.07989690721649484,0.6282051282051282,0.7073931876570367,0.9781266762895624
Human,25150191.txt,0.43093093093093093,0.12951807228915663,0.509009009009009,0.750436694601279,0.9877466565278182
Human,25157655.txt,0.5555555555555556,0.04741379310344827,0.6410256410256411,0.6148273464811953,0.9337744844483057
Human,25162378.txt,0.4405797101449275,0.02616279069767442,0.5289855072463768,0.969980048710297,0.948278966730366
Human,25187733.txt,0.25508196721311477,0.3466841759684833,0.31344262295081965,1.3749356480367283,0.9749924992939278
Human,25200253.txt,0.28497942386831276,0.3494845360824742,0.35288065843621397,0.9663386667984881,0.9827383970630904
Human,25207620.txt,0.34306569343065696,0.07195121951219512,0.4416058394160584,1.0618438420715854,0.9431062182121157
Human,25213006.txt,0.41500765696784075,0.12903225806451613,0.49157733537519144,0.6631503119200988,0.9495089144236891
Human,25224998.txt,0.49759229534510435,0.05152979066022544,0.5698234349919743,0.8645435223040183,0.9680227482389843
Human,25258040.txt,0.3511166253101737,0.06965174129353234,0.43672456575682383,0.9286004487679852,0.9685179375343091
Human,25315791.txt,0.42538975501113585,0.1029082774049217,0.5300668151447662,0.6870773378935695,0.9665771754610195
Human,25328428.txt,0.39972714870395637,0.07797537619699042,0.49386084583901774,0.999514354879449,0.9284946403122615
Human,25330083.txt,0.4108187134502924,0.07917888563049853,0.49853801169590645,0.9876984588496811,0.9889982865665866
Human,25370801.txt,0.3910891089108911,0.555,0.47029702970297027,0.3682216687453289,0.8728306308000734
Human,25397102.txt,0.5268065268065268,0.0234192037470726,0.6130536130536131,1.8043712231689646,0.991027222977947
Human,25413261.txt,0.34986595174262736,0.052348993288590606,0.4242627345844504,1.39606719427988,0.9519923475193783
Human,25422388.txt,0.29654255319148937,0.528,0.3470744680851064,0.8016836055351787,0.9748729450726371
Human,25425322.txt,0.34107708553326294,0.182010582010582,0.3991552270327349,0.8325058087574686,0.966667544085012
Human,25451319.txt,0.3388822829964328,0.31585220500595945,0.4149821640903686,0.6171062924159241,0.9537446216070212
Human,25452321.txt,0.29945054945054944,0.12660550458715597,0.39377289377289376,0.5652744348718827,0.9497731726971234
Human,25462793.txt,0.39816933638443935,0.1839080459770115,0.45080091533180777,1.0612812464443533,0.9939865051236099
Human,25482567.txt,0.39425587467362927,0.10236220472440945,0.4804177545691906,0.8257593669663138,0.9638612834493145
Human,25497147.txt,0.39087947882736157,0.12418300653594772,0.46254071661237783,0.8033486990629588,0.9894006671649052
Human,25507648.txt,0.3754980079681275,0.059880239520958084,0.4711155378486056,0.6147855867157315,0.9716131536457657
Human,25525152.txt,0.5422077922077922,0.08823529411764706,0.6168831168831169,0.5244275883594023,0.9674921892435062
Human,25543217.txt,0.4536784741144414,0.10641200545702592,0.5251700680272109,1.0616509494797761,0.9752821278285144
Human,25547145.txt,0.3639380530973451,0.02993348115299335,0.4502212389380531,0.9841869194450988,0.9653336047390045
Human,25561640.txt,0.3701492537313433,0.26047904191616766,0.4462686567164179,0.6390523177178646,0.9751909396480989
Human,25588694.txt,0.43556701030927836,0.32124352331606215,0.5180412371134021,1.2982003648296714,0.9904765290672275
Human,25608963.txt,0.4166666666666667,0.05036855036855037,0.5098039215686274,1.3846867097778501,0.9590760888568381
Human,25624652.txt,0.37821482602118,0.20182094081942337,0.45537065052950076,1.329556182022998,0.944486278244844
Human,25625173.txt,0.30704225352112674,0.10885504794134236,0.3723943661971831,0.7148255193310636,0.9744606816048323
Human,25656981.txt,0.45606060606060606,0.03951367781155015,0.5272727272727272,0.6968514476898177,0.9661505529839954
Human,25676643.txt,0.3093476798924008,0.07469717362045761,0.3958333333333333,0.6016540139951354,0.9562046606199673
Human,25678238.txt,0.31141868512110726,0.2092485549132948,0.3633217993079585,0.8616034412019552,0.966136528680522
Human,25694422.txt,0.3978328173374613,0.07298136645962733,0.4907120743034056,0.7496844341753514,0.9795521351598919
Human,25706337.txt,0.5221518987341772,0.05732484076433121,0.6044303797468354,0.9242429789406758,0.9676010830731389
Human,25718772.txt,0.5109375,0.03453689167974882,0.5915492957746479,0.887324219666378,0.9737319793859306
Human,25719936.txt,0.3961407491486947,0.13895216400911162,0.4465909090909091,2.41889874774855,0.9481932384745054
Human,25723793.txt,0.43206106870229005,0.11332312404287902,0.5129770992366413,0.7131856847083441,0.9185021156252843
Human,25724495.txt,0.35407239819004527,0.20294784580498867,0.4276018099547511,0.7527569018616566,0.9754847495266799
Human,25729119.txt,0.4434931506849315,0.1134020618556701,0.523972602739726,0.6333989339096595,0.9730016881292782
Human,25749150.txt,0.37017994858611825,0.1327319587628866,0.4473007712082262,0.7652707244196474,0.9523917562924401
Human,25780596.txt,0.3418803418803419,0.0728051391862955,0.41773504273504275,1.0009672343984346,0.9774488406134545
Human,25797445.txt,0.38250428816466553,0.18244406196213425,0.43567753001715265,1.1650178698411258,0.9605991251079333
Human,25810233.txt,0.3367952522255193,0.40327380952380953,0.3827893175074184,1.0574335653862525,0.9921257753574012
Human,25813953.txt,0.47619047619047616,0.041304347826086954,0.5476190476190477,0.6979686159691036,0.9680856586653166
Human,25824789.txt,0.3787638668779715,0.1573926868044515,0.4358161648177496,1.0184329245521262,0.979248354114927
Human,25834360.txt,0.362406015037594,0.19184290030211482,0.45180722891566266,0.857457384027055,0.9835583695385585
Human,25838512.txt,0.4526627218934911,0.27976190476190477,0.5473372781065089,0.6815413655165056,0.9677195745800928
Human,25839123.txt,0.5,0.0847457627118644,0.5714285714285714,0.6428571428571429,0.9366367535831902
Human,25846894.txt,0.3644859813084112,0.09103078982597054,0.43391188251001334,1.1254369020139265,0.9932348647762979
Human,25857360.txt,0.34686346863468637,0.30209617755856966,0.4194341943419434,1.2040456871461986,0.9776139926468425
Human,25862026.txt,0.35714285714285715,0.060810810810810814,0.4353099730458221,0.7020939255521979,0.9799054711029678
Human,25867805.txt,0.4306930693069307,0.0695364238410596,0.49834983498349833,1.1089853069963291,0.9776769045858625
Human,25873425.txt,0.3903225806451613,0.3286637931034483,0.4559139784946237,2.2386326838923276,0.9612355918145364
Human,25905275.txt,0.3873390557939914,0.18387096774193548,0.4592274678111588,0.8754686874742035,0.9259224995917182
Human,25919149.txt,0.4735973597359736,0.06291390728476821,0.5627062706270627,1.6098942199755533,0.9653791978044646
Human,25923361.txt,0.3258306538049303,0.3518716577540107,0.3852721451440768,0.7243590093725865,0.955402316898625
Human,25924968.txt,0.35459183673469385,0.07544757033248081,0.43494897959183676,0.8827590802405662,0.9491249010208496
Human,25926667.txt,0.4,0.1577574967405476,0.47724317295188556,0.7700607186344938,0.948684651325047
Human,25930778.txt,0.53515625,0.07874015748031496,0.61328125,0.7823795545219624,0.9730678911741911
Human,25935030.txt,0.4497991967871486,0.05100671140939597,0.5274431057563588,0.5556384397408739,0.9707977366593074
Human,25949631.txt,0.4209891435464415,0.04232164449818621,0.49215922798552475,0.4250105227757359,0.9793632706666634
Human,25953797.txt,0.5316455696202531,0.01282051282051282,0.6392405063291139,0.739086907176697,0.9547480622505629
Human,25959103.txt,0.33677991137370755,0.2740740740740741,0.39586410635155095,0.7430441543687454,0.9788500602220607
Human,25974844.txt,0.39313572542901715,0.10641627543035993,0.46177847113884557,0.9271136916457909,0.9311719129255849
Human,25990239.txt,0.35429447852760737,0.08,0.4401840490797546,1.445132171719795,0.9873068237678105
Human,26013403.txt,0.41127922971114167,0.10344827586206896,0.4759284731774415,0.8926068229350616,0.950340030412933
Human,26046064.txt,0.5319148936170213,0.05150214592274678,0.6170212765957447,0.7733934894289215,0.947844050763093
Human,26046878.txt,0.39502332814930013,0.0967238689547582,0.463452566096423,1.003157850105535,0.9611850493975116
Human,26048718.txt,0.3536357986326911,0.05538270068450529,0.4338098197638285,0.7313203887269518,0.9660244685761281
Human,26065877.txt,0.35962145110410093,0.1060126582278481,0.42586750788643535,0.9157406171882264,0.9778319371013503
Human,26069113.txt,0.3991097922848665,0.03125,0.4896142433234421,1.441298505273689,0.9649474317620401
Human,26070334.txt,0.3048090523338048,0.09985835694050992,0.3910891089108911,0.4439636701165527,0.9650557859733517
Human,26071861.txt,0.3665389527458493,0.07800511508951406,0.44005102040816324,1.039672271643324,0.9657493675004615
Human,26079779.txt,0.3610223642172524,0.05608974358974359,0.44568690095846647,0.6192815900866383,0.9845953668611411
Human,26091595.txt,0.3380281690140845,0.2062146892655367,0.39436619718309857,1.4361028251739698,0.9763467561968522
Human,26098594.txt,0.4109195402298851,0.08645533141210375,0.49712643678160917,0.6682008359169054,0.9613071799447099
Human,26125407.txt,0.3485663082437276,0.3141831238779174,0.40232974910394265,0.8517230450567286,0.974203104125835
Human,26127853.txt,0.38658428949691087,0.1290893015030946,0.4492497793468667,1.0397391046069566,0.9926505802766314
Human,26130673.txt,0.40919037199124725,0.41098901098901097,0.4814004376367615,0.8656925095080946,0.9834037046854938
Human,26160200.txt,0.3316892725030826,0.48331273176761436,0.3834771886559803,0.8298999724054694,0.9751787704262489
Human,26167298.txt,0.2993125330512956,0.06193753308628904,0.3643574828133263,0.836630762670201,0.9833553163681699
Human,26173524.txt,0.4859375,0.0438871473354232,0.5578125,0.5568374401767617,0.9857608124436098
Human,26189601.txt,0.42857142857142855,0.1301859799713877,0.5078459343794579,0.6765870070309308,0.9744953114080909
Human,26202430.txt,0.2924354243542435,0.10351201478743069,0.36162361623616235,0.95156600747756,0.9789976257352998
Human,26231609.txt,0.37589670014347204,0.06474820143884892,0.460545193687231,0.5989294412755307,0.9740723004647548
Human,26234972.txt,0.2902519167579409,0.6597145993413831,0.33187294633077763,1.481574722597158,0.9509672429258216
Human,26278597.txt,0.37305699481865284,0.07958477508650519,0.45164075993091535,1.0553762926387678,0.9638002581414541
Human,26279402.txt,0.4358047016274864,0.09074410163339383,0.5244122965641953,0.7833387073873309,0.9469418440095051
Human,26289308.txt,0.411144578313253,0.08157099697885196,0.4743975903614458,0.9667482160688826,0.975782795372931
Human,26291616.txt,0.35935397039030953,0.0728744939271255,0.41722745625841184,1.1216314082792698,0.9923790059954645
Human,26330995.txt,0.3732227488151659,0.11757719714964371,0.45023696682464454,0.8203025158533466,0.9921634942786598
Human,26341645.txt,0.33472803347280333,0.129979035639413,0.4215481171548117,0.8077883678973192,0.9825056284474901
Human,26341987.txt,0.285572632622707,0.08192651439920556,0.35813492063492064,0.8217162045053782,0.9817514031300998
Human,26410763.txt,0.518918918918919,0.13043478260869565,0.6081081081081081,0.6635248399556614,0.979436191763232
Human,26425074.txt,0.40684931506849314,0.14285714285714285,0.4917808219178082,0.8863050750488917,0.9799614790354204
Human,26456474.txt,0.3245227606461087,0.4270986745213549,0.37738619676945667,1.129009807077095,0.920438899235315
Human,26456899.txt,0.42276422764227645,0.0864600326264274,0.48292682926829267,1.8464162992622142,0.9938308436152051
Human,26459032.txt,0.42410714285714285,0.04626865671641791,0.49404761904761907,0.7234002737039141,0.9816273874080562
Human,26480367.txt,0.33176100628930816,0.2539432176656151,0.38522012578616355,0.8514709152011986,0.9601532339245089
Human,26496059.txt,0.41465256797583083,0.05446293494704992,0.48338368580060426,1.0725081391602622,0.9525079856133358
Human,26503829.txt,0.29683698296836986,0.41585365853658535,0.3613138686131387,0.6305394186580076,0.9680655506384819
Human,26509539.txt,0.38266666666666665,0.3836898395721925,0.444,0.9246921191139866,0.9884871857445007
Human,26530575.txt,0.37407711238720265,0.03451109285127362,0.44626743232157506,0.9958837893728546,0.9900154547192304
Human,26530696.txt,0.4185692541856925,0.15572519083969466,0.5083713850837138,0.7792983134467145,0.9692702594508746
Human,26579709.txt,0.42082738944365194,0.10300429184549356,0.4992867332382311,0.677927760020713,0.9806165024705346
Human,26581830.txt,0.4576547231270358,0.06862745098039216,0.5488599348534202,0.7245796367780578,0.9378875815699086
Human,26585242.txt,0.38387096774193546,0.11974110032362459,0.45806451612903226,0.9841985176601376,0.9886822126215961
Human,26586477.txt,0.37808641975308643,0.06346749226006192,0.46141975308641975,0.5420550278326484,0.9869522567867498
Human,26622051.txt,0.4476744186046512,0.2237354085603113,0.5116279069767442,0.839740482339411,0.9607716324436775
Human,26671167.txt,0.47619047619047616,0.08628659476117104,0.5529953917050692,1.7565645194521955,0.9649218579142012
Human,26673507.txt,0.44426494345718903,0.07617504051863858,0.5250403877221325,1.3641407101590592,0.9672409820537178
Human,26676567.txt,0.31786833855799373,0.10238693467336683,0.4065244667503137,0.8436536044055284,0.9520343398683098
Human,26691587.txt,0.4783821478382148,0.016783216783216783,0.5941422594142259,0.8768558006345045,0.9443370149775249
Human,26695839.txt,0.3875338753387534,0.043596730245231606,0.44021739130434784,1.5345653125440695,0.9883907753032092
Human,26718039.txt,0.45652173913043476,0.08791208791208792,0.5597826086956522,1.0251662574370675,0.968867001095984
Human,26746496.txt,0.3145884270578647,0.06775510204081632,0.39445802770986144,0.8033883523222072,0.9786520453633978
Human,26750846.txt,0.33687405159332323,0.4033485540334855,0.3990895295902883,0.8101690223104931,0.9792082330567186
Human,26767199.txt,0.41127922971114167,0.08551724137931034,0.4759284731774415,0.6754663355133842,0.9691404210389472
Human,26768723.txt,0.3849624060150376,0.18401206636500755,0.45413533834586467,1.287074863795582,0.9920474172907868
Human,26780935.txt,0.46221441124780316,0.2204585537918871,0.5500878734622144,1.4148938830126767,0.9501035575309343
Human,26790545.txt,0.43221476510067114,0.02826379542395693,0.5302013422818792,0.805794659746254,0.9710436777304112
Human,26801767.txt,0.38278688524590165,0.042692939244663386,0.45081967213114754,1.162534779370346,0.9816218690002105
Human,26819872.txt,0.3726606997558991,0.2910569105691057,0.44642857142857145,0.7984806700115796,0.9369913968973216
Human,26829350.txt,0.3372093023255814,0.08932038834951456,0.4060077519379845,0.8158487559396778,0.9674350144488874
Human,26829561.txt,0.4547738693467337,0.09848484848484848,0.5201005025125628,0.6393675652607279,0.97966516665938
Human,26834746.txt,0.3624091381100727,0.03954214360041623,0.43302180685358255,0.7013879355927578,0.9447360129365576
Human,26835781.txt,0.38329979879275655,0.24899193548387097,0.448692152917505,0.8979919855048079,0.9790243044516738
Human,26888302.txt,0.4225206611570248,0.053830227743271224,0.493801652892562,0.671303561343752,0.9684927087578834
Human,26896699.txt,0.3893376413570275,0.1280388978930308,0.47495961227786754,0.825189112818586,0.9770442721866075
Human,26908066.txt,0.43140495867768597,0.026533996683250415,0.5206611570247934,0.7017325011193553,0.9842520705618227
Human,26919036.txt,0.41364296081277213,0.02911208151382824,0.5050798258345428,0.7060099499017433,0.9575243698416039
Human,26921245.txt,0.5221518987341772,0.044444444444444446,0.6044303797468354,0.7544283222510385,0.9813097315326762
Human,26924514.txt,0.3523225241016652,0.10974539069359086,0.42418930762489043,0.9627808770344124,0.9504052394880277
Human,26932091.txt,0.3477064220183486,0.09926470588235294,0.44678899082568807,1.2996923540045262,0.9650280687496864
Human,26942552.txt,0.29235382308845576,0.8481203007518797,0.3373313343328336,0.7128957988140965,0.9639715617564891
Human,26958533.txt,0.43902439024390244,0.07339449541284404,0.5,0.6547162220003311,0.9862473460857885
Human,26961846.txt,0.31739572736520855,0.09174311926605505,0.40183112919633773,0.7177557894026473,0.9803850239191413
Human,26975573.txt,0.362511893434824,0.04194470924690181,0.439581351094196,0.9712935685351859,0.9733925934865789
Human,26987539.txt,0.3402625820568928,0.08333333333333333,0.41575492341356673,0.6636263422384515,0.9860918293437493
Human,26994282.txt,0.44984802431610943,0.01524390243902439,0.5364741641337386,0.9972643051934225,0.9560079294186021
Human,27000192.txt,0.3699421965317919,0.09362934362934362,0.4344894026974952,1.5424472169894439,0.9721746073442582
Human,27004930.txt,0.39209726443769,0.09146341463414634,0.47112462006079026,0.7553397382518892,0.9777751487560302
Human,27018361.txt,0.37660668380462725,0.15335051546391754,0.47429305912596403,1.025926316757633,0.9590754817582172
Human,27018550.txt,0.43370165745856354,0.13333333333333333,0.5331491712707183,0.45644521708029356,0.9630773626413617
Human,27024099.txt,0.4032,0.27608346709470305,0.4736,0.6118146585940779,0.9507627069924043
Human,27030979.txt,0.3997194950911641,0.07876230661040788,0.48667601683029454,2.153771376073677,0.9688799245358007
Human,27040860.txt,0.4785714285714286,0.10526315789473684,0.569047619047619,0.8021513024474501,0.9990088023788892
Human,27058381.txt,0.3001285347043702,0.1492921492921493,0.38303341902313626,1.1905248875962502,0.9837511294647556
Human,27066370.txt,0.37193763919821826,0.1185682326621924,0.46325167037861914,0.5676191912953844,0.9777006094933155
Human,27080812.txt,0.29987608426270135,0.06459627329192547,0.3853779429987608,0.6976712892160222,0.9827404991676797
Human,27084878.txt,0.4686299615877081,0.06033376123234917,0.5300896286811779,0.6548440652108892,0.9515635144937592
Human,27090089.txt,0.41336633663366334,0.13895781637717122,0.4665841584158416,1.48327296343726,0.9850753540874201
Human,27091280.txt,0.3028523489932886,0.06134453781512605,0.40184563758389263,0.5405118615250264,0.9433102731331536
Human,27096471.txt,0.43243243243243246,0.1326676176890157,0.5163584637268848,0.6893643054171403,0.9751502075434612
Human,27096796.txt,0.3894736842105263,0.22340425531914893,0.4631578947368421,1.2172297233661293,0.9096564765196236
Human,27099856.txt,0.327641408751334,0.15935828877005348,0.3874066168623266,1.494638730354076,0.9636736197078576
Human,27120528.txt,0.4155672823218997,0.07275132275132275,0.5013192612137203,1.1773065614324332,0.9806924271642888
Human,27126818.txt,0.28984685195689164,0.39977285633162973,0.3448667044809983,0.650604302734858,0.9673304105646866
Human,27139412.txt,0.4820936639118457,0.0221606648199446,0.581267217630854,1.3006582991589546,0.9818372164365156
Human,27152464.txt,0.47619047619047616,0.04111405835543767,0.548941798941799,1.247300595930771,0.9510329498907996
Human,27164756.txt,0.31688511950655357,0.4826254826254826,0.3662297609868928,1.0831170543186968,0.967522147470073
Human,27165830.txt,0.33438818565400846,0.16701902748414377,0.42510548523206754,0.5271626627307587,0.9693513860117262
Human,27176039.txt,0.38365650969529086,0.12916666666666668,0.45013850415512463,0.5907880084379907,0.9794235258506329
Human,27182111.txt,0.3442959917780062,0.13182286302780638,0.42548818088386436,1.5986301294173104,0.967564538105037
Human,27187994.txt,0.55,0.05063291139240506,0.7125,0.785294530733533,0.9686954803017243
Human,27213082.txt,0.37660668380462725,0.05154639175257732,0.46272493573264784,0.8778938439096367,0.9673037666798389
Human,27219200.txt,0.304140127388535,0.19808306709265175,0.3646496815286624,1.0304584161654189,0.9844193319747834
Human,27233183.txt,0.5286458333333334,0.1099476439790576,0.6171875,0.7534950804813021,0.9679177803489841
Human,27243670.txt,0.3145800316957211,0.08015873015873017,0.39857369255150554,0.7337379401950598,0.9788704860356529
Human,27246366.txt,0.4431977559607293,0.03234880450070324,0.5259467040673211,0.7486258220723628,0.9648090556695708
Human,27257013.txt,0.2307067424857839,0.8478437754271766,0.2802599512591389,1.1091267473928654,0.9590465484914331
Human,27295996.txt,0.3945885005636979,0.04293785310734463,0.4577226606538895,1.218979511254936,0.9761661396568542
Human,27298953.txt,0.41904761904761906,0.07159904534606205,0.5047619047619047,0.9130294198570533,0.9901152972253331
Human,27330027.txt,0.4117647058823529,0.06557377049180328,0.45751633986928103,0.7406771177890923,0.9822096671513929
Human,27372171.txt,0.33976833976833976,0.04829362524146812,0.4237942122186495,0.700249184834868,0.9730939479143353
Human,27375577.txt,0.4014423076923077,0.08674698795180723,0.484375,0.7219868764185251,0.9949262175534551
Human,27397245.txt,0.3648068669527897,0.09598853868194843,0.44285714285714284,1.1797720075488816,0.9697044012224948
Human,27409087.txt,0.3464566929133858,0.06861198738170347,0.4275590551181102,1.116596291223715,0.985660126809112
Human,27419236.txt,0.29217110573042776,0.18755052546483428,0.3704600484261501,0.8793021048474471,0.9802623356141011
Human,27485716.txt,0.4052197802197802,0.09090909090909091,0.47527472527472525,1.0403175460148266,0.9748652315792177
Human,27490876.txt,0.39355742296918766,0.06320224719101124,0.47619047619047616,0.6850396279619361,0.9889490648938802
Human,27496514.txt,0.4181523500810373,0.18536585365853658,0.5040518638573744,0.7991257085106298,0.9457353712147702
Human,27497542.txt,0.4945652173913043,0.07103825136612021,0.592391304347826,0.5538247478855658,0.9634369005699664
Human,27502951.txt,0.46048109965635736,0.04482758620689655,0.5292096219931272,0.6250329167888605,0.9746302160570292
Human,27512470.txt,0.4309623430962343,0.15384615384615385,0.5104602510460251,0.9719002292912086,0.9723347821198769
Human,27523575.txt,0.45768025078369906,0.2169811320754717,0.5282131661442007,0.6889178976484006,0.9696152234209648
Human,27524018.txt,0.3375,0.31302170283806346,0.4075,0.7092063378380298,0.971379435947998
Human,27529455.txt,0.3240279162512463,0.26873126873126874,0.3938185443668993,0.7427833163881644,0.9780475267494108
Human,27531694.txt,0.3315068493150685,0.31564501372369624,0.39817351598173517,0.7037756451111615,0.9606812791129494
Human,27536013.txt,0.31752305665349145,0.19154557463672392,0.38603425559947296,0.862073456305901,0.9553633601091002
Human,27549075.txt,0.43256578947368424,0.16996699669966997,0.4967105263157895,1.1852669508134757,0.9560667176989536
Human,27558837.txt,0.32045779685264664,0.05747126436781609,0.4154727793696275,0.5397114444914076,0.9835379095395368
Human,27573855.txt,0.3640500568828214,0.06271379703534778,0.4402730375426621,0.826027981868196,0.9906490997007827
Human,27606527.txt,0.28147612156295226,0.16304347826086957,0.3473227206946454,1.141018220744216,0.9561145327945587
Human,27607632.txt,0.47577092511013214,0.03982300884955752,0.566079295154185,0.7212392419333645,0.954539342953334
Human,27624540.txt,0.3621517771373679,0.15110683349374399,0.4332372718539865,0.7217140326902769,0.983534161617816
Human,27637576.txt,0.2874564459930314,0.3106457242582897,0.34668989547038326,0.8787875679811376,0.969093985352883
Human,27662298.txt,0.2862644415917843,0.6048906048906049,0.33504492939666236,0.7676409597468965,0.9615299524778477
Human,27689009.txt,0.3895522388059702,0.11492537313432835,0.47470238095238093,1.034041576778849,0.9494515249237717
Human,27694040.txt,0.48,0.13709677419354838,0.552,0.6641774133193905,0.9654438823818416
Human,27710853.txt,0.2649687220732797,0.18649373881932022,0.3355674709562109,0.9049800639352379,0.9608459236262645
Human,27715131.txt,0.37926509186351703,0.13289473684210526,0.4645669291338583,0.7606886073120293,0.9651787512896074
Human,27726066.txt,0.2998236331569665,0.46444249341527655,0.3663453111305872,1.1859389222272647,0.9694953854571091
Human,27756469.txt,0.44244105409153955,0.05702364394993046,0.5187239944521498,0.579100802609755,0.9743560888645388
Human,27770859.txt,0.4324693042291951,0.09726027397260274,0.5095628415300546,0.7296084141232443,0.9898878588070541
Human,27788376.txt,0.5723684210526315,0.039735099337748346,0.6710526315789473,0.6350568229375189,0.9943415119885811
Human,27789372.txt,0.4957983193277311,0.00847457627118644,0.5798319327731093,1.2193541708999196,0.9984053059682219
Human,27796199.txt,0.367170626349892,0.1279826464208243,0.46436285097192226,1.23127731683986,0.9954877409230614
Human,27798860.txt,0.3757183908045977,0.06402877697841726,0.4389367816091954,0.7286229660997406,0.9616614295927599
Human,27820360.txt,0.30778032036613273,0.518348623853211,0.35812356979405036,0.5731443626746936,0.9479108098288668
Human,27831220.txt,0.3868954758190328,0.2222222222222222,0.43993759750390016,0.45675458789406254,0.9837432038795669
Human,27835351.txt,0.4426229508196721,0.10619469026548672,0.5081967213114754,0.7761461075479892,0.9421234452216732
Human,27847081.txt,0.45234899328859063,0.024226110363391656,0.5436241610738255,1.2977195529354189,0.9730156921452084
Human,27850777.txt,0.42247191011235957,0.0990990990990991,0.5191011235955056,0.7233336967045599,0.9582858258247684
Human,27884470.txt,0.3348467650397276,0.36860068259385664,0.38819523269012485,0.8728795005920496,0.9793692538783761
Human,27888251.txt,0.39365079365079364,0.06528662420382166,0.49047619047619045,0.8350556913540769,0.9655115666473242
Human,27902692.txt,0.40124740124740127,0.12317327766179541,0.4656964656964657,1.2767150953032707,0.9753641598221299
Human,27903191.txt,0.3431952662721893,0.2062314540059347,0.4349112426035503,0.4744727522477245,0.9517704490169239
Human,27909372.txt,0.37576687116564417,0.48,0.44171779141104295,1.1916708024075338,0.9539444609233652
Human,27914096.txt,0.40107671601615075,0.03643724696356275,0.48855989232839836,1.2679261339701244,0.9875975909479925
Human,27917969.txt,0.2080536912751678,0.847647498132935,0.24161073825503357,0.7010669638643313,0.9759003368885006
Human,27921561.txt,0.40040650406504064,0.034623217922606926,0.483739837398374,0.7535173350023113,0.9698739914870832
Human,27936502.txt,0.3800205973223481,0.04540763673890609,0.46755921730175076,0.9448804814298077,0.9852113633994152
Human,27937592.txt,0.38388625592417064,0.0491283676703645,0.46129541864139023,0.5824859930216131,0.9833817877454264
Human,27974588.txt,0.34690265486725663,0.19182948490230906,0.4353982300884956,1.1540195061116583,0.9152722532677908
Human,27980446.txt,0.3939828080229226,0.034482758620689655,0.4799426934097421,0.6330771764115282,0.9755169352507257
Human,27981289.txt,0.35589941972920697,0.09514563106796116,0.4584139264990329,0.8347894474969237,0.9654018419927699
Human,28005884.txt,0.3463497453310696,0.1788756388415673,0.40407470288624786,0.6121046017562435,0.9894127385536147
Human,28013287.txt,0.3472750316856781,0.10419313850063533,0.42712294043092525,0.6775124717817813,0.9644259970644433
Human,28020046.txt,0.4325581395348837,0.054778554778554776,0.49883720930232556,1.0263746271809138,0.9660564400189146
Human,28035460.txt,0.2643979057591623,0.6377952755905512,0.31282722513089006,0.9626583676684104,0.9826018059598153
Human,28051330.txt,0.3723577235772358,0.5008156606851549,0.43902439024390244,0.7857596346531979,0.9885241088130637
Human,28063132.txt,0.514792899408284,0.19642857142857142,0.5976331360946746,0.7566275220348462,0.9084618687421679
Human,28078163.txt,0.40071343638525564,0.06555423122765197,0.45659928656361476,0.7956254168954161,0.9852708436314201
Human,28086303.txt,0.4192377495462795,0.1092896174863388,0.5117967332123412,0.858351724679315,0.9505035441352446
Human,28092317.txt,0.5232974910394266,0.02888086642599278,0.6200716845878136,0.666103984609739,0.962528325294852
Human,28109594.txt,0.4246737841043891,0.059453032104637336,0.5029655990510083,0.862103346285823,0.9802458692913961
Human,28111403.txt,0.34498620055197793,0.09861751152073733,0.43146274149034036,0.6563612244662672,0.9522866002445992
Human,28126340.txt,0.3243683781581092,0.054693877551020405,0.40668296658516706,0.7605489542917363,0.9573060881224374
Human,28139742.txt,0.3514056224899598,0.07243460764587525,0.4206827309236948,0.7311833272922025,0.9762378075266468
Human,28165687.txt,0.41718555417185554,0.05742821473158552,0.4931506849315068,0.7994503008758802,0.9657083653670854
Human,28172023.txt,0.6308724832214765,0.04054054054054054,0.7214765100671141,0.0,1.0
Human,28175164.txt,0.4057142857142857,0.041237113402061855,0.48114285714285715,0.4963869458396343,0.9564576718100465
Human,28176889.txt,0.5076530612244898,0.035897435897435895,0.5841836734693877,0.6244347714854342,0.9804663021422123
Human,28186635.txt,0.4297385620915033,0.08360655737704918,0.511437908496732,0.8371037148126168,0.9648122295859716
Human,28198029.txt,0.5618556701030928,0.140625,0.6237113402061856,1.241211235283358,0.9497893685425968
Human,28206098.txt,0.4741506646971935,0.08284023668639054,0.5471976401179941,1.1182292270710783,0.9549606676169154
Human,28230807.txt,0.27060133630289535,0.38504464285714285,0.3195991091314031,0.5900144307927145,0.9699810172845554
Human,28243590.txt,0.4781144781144781,0.03389830508474576,0.5488215488215489,0.6362860098582773,0.9770034462607251
Human,28247753.txt,0.4469328140214216,0.04975609756097561,0.5150925024342746,0.9568873841045029,0.979917276154119
Human,28290448.txt,0.3273542600896861,0.26504941599281223,0.3865470852017937,1.1787061695331302,0.9742732820824292
Human,28298773.txt,0.40222575516693165,0.08133971291866028,0.46740858505564387,0.950562054809564,0.9768410939578854
Human,28320387.txt,0.44855305466237944,0.054838709677419356,0.5305466237942122,0.6583599650319705,0.9730895269049199
Human,28321954.txt,0.4283746556473829,0.05939226519337017,0.5151515151515151,0.7957064107000981,0.9775958708102165
Human,28325193.txt,0.38847858197932056,0.15259259259259259,0.4431314623338257,1.4975138133722679,0.9840985232633406
Human,28326441.txt,0.48267326732673266,0.052109181141439205,0.573019801980198,0.947099087990159,0.9449590764415212
Human,28337049.txt,0.39735894357743096,0.11432009626955475,0.4849939975990396,0.6402614280785027,0.9805126003575505
Human,28359817.txt,0.31630170316301703,0.06951219512195123,0.4148418491484185,1.1150265192987165,0.9736124717831957
Human,28377361.txt,0.44550408719346046,0.056010928961748634,0.5299727520435967,0.5605854743872005,0.9638328741449398
Human,28383893.txt,0.3403235470341522,0.1684652278177458,0.4059880239520958,0.8787775409730694,0.9823710250002442
Human,28396458.txt,0.3299908842297174,0.21624087591240876,0.4089253187613843,1.1930816716083792,0.9731735444534466
Human,28396528.txt,0.22605694564279552,0.6715643906655142,0.2640207075064711,0.8931507715603135,0.9854858006469164
Human,28398216.txt,0.3964110929853181,0.088379705400982,0.46818923327895595,1.0636071466916002,0.9689477221230529
Human,28419173.txt,0.3977832512315271,0.03333333333333333,0.49261083743842365,1.0167468591267825,0.9500384900468836
Human,28419927.txt,0.468562874251497,0.04954954954954955,0.5389221556886228,0.560130180301013,0.9102361380863172
Human,28423028.txt,0.38979591836734695,0.06646216768916155,0.43673469387755104,1.2286839232013949,0.9496375679195295
Human,28424982.txt,0.3540740740740741,0.24071322436849926,0.4222222222222222,0.6346374693609161,0.9695134917260592
Human,28471099.txt,0.26221804511278196,0.22859830667920977,0.3295774647887324,1.2179654542837828,0.9617160392139492
Human,28505854.txt,0.36427320490367776,0.08947368421052632,0.43345008756567427,0.6178021073250707,0.9810366515546025
Human,28522529.txt,0.3711615487316422,0.08299866131191433,0.4205607476635514,1.1060532068775337,0.9735463839176126
Human,28531493.txt,0.3918918918918919,0.07156673114119923,0.4575289575289575,0.45814376698033477,0.9869557720064049
Human,28609364.txt,0.39274924471299094,0.09848484848484848,0.472809667673716,0.8993333223701562,0.9373493360253429
Human,28614791.txt,0.4077201447527141,0.11124546553808948,0.49939686369119424,1.1195164209976785,0.9672358384624904
Human,28623782.txt,0.3963782696177062,0.06048387096774194,0.4647887323943662,0.998227953832559,0.9845879533357441
Human,28628090.txt,0.3401315789473684,0.03689064558629776,0.42236842105263156,1.1786869691763457,0.9466290658905304
Human,28629430.txt,0.36553030303030304,0.03984819734345351,0.4365530303030303,0.7435300086134234,0.9845135741762923
Human,28630325.txt,0.4733893557422969,0.059154929577464786,0.5854341736694678,0.48368944041919026,0.9702407432424948
Human,28631840.txt,0.46417445482866043,0.028125,0.5623052959501558,0.5384699586591674,0.9601749709181813
Human,28635795.txt,0.40587449933244324,0.11244979919678715,0.49132176234979974,0.7869667589179529,0.9683711888292281
Human,28640735.txt,0.3101145038167939,0.08986615678776291,0.3788167938931298,0.9220432758991934,0.9689258980188759
Human,28642819.txt,0.40700808625336926,0.12027027027027028,0.5175202156334232,0.7422163545239708,0.9502627614573476
Human,28663949.txt,0.4431818181818182,0.11450381679389313,0.553030303030303,0.72693594896003,0.9681933361068037
Human,28669770.txt,0.37290322580645163,0.03492884864165589,0.472258064516129,1.200503291653844,0.9696319279619848
Human,28670024.txt,0.17487958503149315,0.9065628476084538,0.2093367914042238,0.5997068667649018,0.9693578820894778
Human,28672970.txt,0.3345679012345679,0.03712871287128713,0.40987654320987654,1.098442058512095,0.9702137228393322
Human,28679359.txt,0.3327433628318584,0.06205673758865248,0.4097345132743363,1.4496346553258317,0.9549528825789174
Human,28697203.txt,0.3917525773195876,0.07090103397341212,0.46686303387334316,0.7751878401377464,0.983637611087686
Human,28711616.txt,0.40098199672667756,0.16912972085385877,0.46317512274959083,1.161403259164016,0.9765609474792402
Human,28724469.txt,0.3961840628507295,0.09448818897637795,0.48035914702581367,0.7317701527661317,0.964907498100627
Human,28733974.txt,0.4146341463414634,0.07090464547677261,0.4975609756097561,0.9625137292324385,0.9590468464589367
Human,28745844.txt,0.3993808049535604,0.19875776397515527,0.46439628482972134,0.5887389077674691,0.9514769538535998
Human,28756444.txt,0.40487804878048783,0.08113391984359726,0.4897560975609756,0.5598236053756598,0.9774864360631283
Human,28758002.txt,0.4220314735336195,0.09612625538020086,0.49642346208869814,0.8224239400486162,0.9945146440553111
Human,28762662.txt,0.37379162191192267,0.0968783638320775,0.43501611170784105,0.8145001642660772,0.9760859745096713
Human,28772892.txt,0.3871331828442438,0.05203619909502263,0.4729119638826185,0.5361619162760686,0.9555492682256206
Human,28790806.txt,0.3221476510067114,0.1491031390134529,0.3982102908277405,0.6737433054593681,0.9699901171540174
Human,28803888.txt,0.35516372795969775,0.15404040404040403,0.4105793450881612,0.743282015992625,0.9829704401945764
Human,28808263.txt,0.43829787234042555,0.02844950213371266,0.5304964539007092,0.6473083175309671,0.9358552368091375
Human,28815362.txt,0.40670391061452515,0.17357222844344905,0.464804469273743,1.4102398403304421,0.9630442016732
Human,28828844.txt,0.32673267326732675,0.1141439205955335,0.3948019801980198,1.7663520451924837,0.9776967077467994
Human,28831378.txt,0.3510028653295129,0.09195402298850575,0.4154727793696275,0.8050904910689548,0.9825827818948504
Human,28831442.txt,0.28462192013593884,0.37957446808510636,0.3678844519966015,0.8988848566664298,0.9364255522676364
Human,28862054.txt,0.3410922112802149,0.2825112107623318,0.42166517457475383,1.8487513749161242,0.9464421761112188
Human,28867567.txt,0.44060773480662985,0.027700831024930747,0.511049723756906,0.681214342099434,0.9154574059042375
Human,28871170.txt,0.33706293706293705,0.33660589060308554,0.4041958041958042,1.078221705984666,0.9855106527822849
Human,28895997.txt,0.4375,0.23622047244094488,0.51171875,0.47969004478152344,0.9715641625313234
Human,28897981.txt,0.4092485549132948,0.08458864426419467,0.48786127167630056,0.7661477363826189,0.9428624403858128
Human,28916894.txt,0.35545556805399325,0.07328072153325817,0.41732283464566927,1.1879071859394912,0.9668843230155677
Human,28923650.txt,0.44026845637583895,0.10363391655450875,0.5288590604026846,0.810440573986799,0.9645766266209079
Human,28933005.txt,0.28666035950804164,0.5232227488151658,0.3339640491958373,0.9925891261880081,0.971705227274244
Human,28939941.txt,0.41637426900584795,0.15826494724501758,0.4853801169590643,1.1125787522127077,0.8839192219647566
Human,28942221.txt,0.4611801242236025,0.07476635514018691,0.531055900621118,1.1241447037568344,0.9852862152589363
Human,28949406.txt,0.32886723507917176,0.5128205128205128,0.3995127892813642,0.7827291529711757,0.9879724019585581
Human,28951817.txt,0.32180851063829785,0.652,0.375,1.158132902296295,0.9879741757953197
Human,28969385.txt,0.4495798319327731,0.03932584269662921,0.5196078431372549,0.8363221124848468,0.9919463914387806
Human,28973180.txt,0.33252032520325203,0.08387622149837133,0.4138211382113821,0.6221438008875025,0.9307620043473791
Human,28974459.txt,0.41055718475073316,0.12058823529411765,0.49266862170087977,1.170204035628153,0.9648012205339743
Human,28975482.txt,0.37727910238429174,0.17440225035161744,0.44039270687237025,1.211545076956784,0.9683517034524923
Human,28989677.txt,0.4106412005457026,0.16415868673050615,0.4815825375170532,1.3350628135126588,0.9756327223839054
Human,28998957.txt,0.4416365824308063,0.039806996381182146,0.529482551143201,0.8824513681603483,0.9759751816800879
Human,29002596.txt,0.3118279569892473,0.13907933398628794,0.37732160312805474,0.6613955895697049,0.9852912456710847
Human,29014805.txt,0.4099099099099099,0.1588447653429603,0.4711711711711712,0.9846526308344982,0.9709558446781534
Human,29028935.txt,0.39323220536756126,0.07251461988304093,0.4807467911318553,1.7843212121746412,0.963733477927185
Human,29050809.txt,0.3292999135695765,0.07705627705627706,0.4070872947277442,1.1295145422161184,0.9814270928881857
Human,29051656.txt,0.3314977973568282,0.17218543046357615,0.3865638766519824,0.6726742143758788,0.9826929691807674
Human,29061628.txt,0.5188679245283019,0.08227848101265822,0.5911949685534591,0.46148771687037465,0.9858460111315723
Human,29072179.txt,0.3902147971360382,0.12679425837320574,0.46539379474940334,1.4333218975455007,0.9851654302665505
Human,29075857.txt,0.312807881773399,0.06661184210526316,0.3793103448275862,0.943727058131086,0.9437294375533022
Human,29076405.txt,0.32356134636264927,0.43743199129488575,0.3941368078175896,0.6564572230359894,0.9731092361436915
Human,29087505.txt,0.3257287705956908,0.061068702290076333,0.44289340101522845,0.48312904119566186,0.9466628924837579
Human,29091445.txt,0.4707692307692308,0.041666666666666664,0.5476923076923077,0.6492512954640082,0.973729348991011
Human,29093426.txt,0.23464711274060496,0.8539944903581267,0.26672777268560954,0.7105653316742928,0.973109334772827
Human,29134372.txt,0.47820343461030385,0.03708609271523179,0.5587846763540291,1.2272595508430775,0.9696426045120912
Human,29134721.txt,0.30153846153846153,0.19173859432799015,0.3688423645320197,0.635197570990932,0.9506555006705544
Human,29142288.txt,0.30962343096234307,0.41131284916201116,0.36401673640167365,0.9189103874529253,0.9817007107720884
Human,29147100.txt,0.5043859649122807,0.11504424778761062,0.5921052631578947,1.109186737678447,0.9848692102106525
Human,29148871.txt,0.3408560311284047,0.0989867498051442,0.4163424124513619,0.7421160058133701,0.9659007403905767
Human,29149998.txt,0.40119760479041916,0.05555555555555555,0.5014970059880239,1.0258543032597256,0.9671928090854147
Human,29161565.txt,0.4408866995073892,0.09405940594059406,0.5172413793103449,1.0357330781688872,0.9501530239612817
Human,29165698.txt,0.4809384164222874,0.04129793510324484,0.5865102639296188,0.3943109420412073,0.9283443421974804
Human,29167286.txt,0.31994818652849744,0.44805194805194803,0.37694300518134716,1.0102535574680287,0.9753456139903778
Human,29173771.txt,0.3472022955523673,0.42589928057553955,0.41750358680057387,0.5041100921726391,0.959971669271667
Human,29177904.txt,0.36336779911373707,0.15555555555555556,0.4460856720827179,0.6716654803331902,0.984459138493413
Human,29184740.txt,0.5314685314685315,0.01873536299765808,0.6433566433566433,0.9673960171702549,0.989576143128431
Human,29193505.txt,0.45,0.16165413533834586,0.535,0.607840718431277,0.9747316243806249
Human,29196643.txt,0.3245967741935484,0.24545454545454545,0.3810483870967742,0.8201643241394528,0.9168104272909514
Human,29208172.txt,0.3648351648351648,0.046255506607929514,0.4351648351648352,0.8001674214983031,0.955042428125415
Human,29211359.txt,0.41568627450980394,0.10747051114023591,0.4849673202614379,0.7670615858199947,0.9708672180810812
Human,29211919.txt,0.4899328859060403,0.0853932584269663,0.5883668903803132,0.6929985735943059,0.968376445325553
Human,29221006.txt,0.31657142857142856,0.1305094447624499,0.3836477987421384,1.6225207331000897,0.981452675002658
Human,29267293.txt,0.352,0.46380697050938335,0.41333333333333333,0.6245969994842322,0.9858911781437737
Human,29297393.txt,0.3509080257762156,0.0873900293255132,0.4428822495606327,0.9001469529579503,0.9787712319173176
Human,29297973.txt,0.38729198184568836,0.06525037936267071,0.4659606656580938,0.8346213200536289,0.9593971833147165
Human,29306433.txt,0.4369885433715221,0.022988505747126436,0.5171849427168577,0.6840834429609941,0.9834510471290502
Human,29319314.txt,0.4504065040650406,0.09624796084828711,0.5300813008130081,0.8132391886494658,0.9713562161114772
Human,29329075.txt,0.4611032531824611,0.1048158640226629,0.5296610169491526,0.9033408575562997,0.9616294668934482
Human,29332616.txt,0.4045261669024045,0.1773049645390071,0.48656294200848654,0.5904902796629329,0.9710578542676562
Human,29399491.txt,0.4795417348608838,0.09688013136288999,0.5613747954173486,0.9195580687019015,0.9740705873216029
Human,29406313.txt,0.3139312977099237,0.10516252390057361,0.383587786259542,0.9086908429357444,0.9756752272829659
Human,29415426.txt,0.5141955835962145,0.044444444444444446,0.5962145110410094,1.4375781167818398,0.9260553831825894
Human,29425788.txt,0.366369710467706,0.17522321428571427,0.4153674832962138,1.7205564758231555,0.9826632099372936
Human,29449419.txt,0.4681818181818182,0.17933130699088146,0.5545454545454546,1.2822100062002324,0.9558620493792567
Human,29456173.txt,0.4042232277526395,0.05597579425113464,0.49321266968325794,0.8990579768598569,0.9782542373259243
Human,29483501.txt,0.34946236559139787,0.09029649595687332,0.41263440860215056,1.3305257592008999,0.9468739640245367
Human,29486525.txt,0.23823975720789076,0.7427701674277016,0.27921092564491656,0.47465455150589614,0.9670406438284773
Human,29494962.txt,0.43843843843843844,0.08283132530120482,0.5105105105105106,0.9214975400264688,0.9661951482254629
Human,29510501.txt,0.3824959481361426,0.4796747967479675,0.44246353322528365,0.7820443030449796,0.9738322013464399
Human,29521434.txt,0.5940959409594095,0.06691449814126393,0.6789667896678967,0.9939556874253795,0.9748076290424422
Human,29524570.txt,0.43243243243243246,0.018072289156626505,0.4894894894894895,0.9528015290062245,0.9767099421727456
Human,29525715.txt,0.3705440900562852,0.05357142857142857,0.43902439024390244,1.7465576896044654,0.9779016834790794
Human,29534737.txt,0.41424418604651164,0.1661807580174927,0.4898255813953488,0.5738196727662115,0.969257236046171
Human,29552167.txt,0.36617405582922824,0.09555189456342669,0.47619047619047616,0.7335296521394851,0.9123947622065758
Human,29564653.txt,0.3434190620272315,0.14871016691957512,0.40998487140695916,1.4057740514592059,0.9934871718118352
Human,29573698.txt,0.4754601226993865,0.040123456790123455,0.5644171779141104,0.5429401977920931,0.9634620238025976
Human,29574501.txt,0.43462246777163904,0.04621072088724584,0.5303867403314917,0.9767138484102501,0.9872983240278497
Human,29595906.txt,0.5581395348837209,0.09411764705882353,0.6686046511627907,0.8010448574893378,0.9749471292357008
Human,29612672.txt,0.3867334167709637,0.21831869510664995,0.47434292866082606,0.6143416850280662,0.9799909589487328
Human,29639533.txt,0.38751625487646296,0.1316818774445893,0.46553966189856955,1.021666322593635,0.9547321951936787
Human,29640922.txt,0.29012345679012347,0.4072164948453608,0.3425925925925926,0.7455652336981622,0.9698950247192569
Human,29647215.txt,0.32264150943396225,0.16540642722117202,0.389622641509434,1.4293971587880887,0.9856987540521129
Human,29648950.txt,0.3274215552523875,0.07113543091655267,0.4311050477489768,0.7871646254273296,0.9226146569267967
Human,29723311.txt,0.2531835205992509,0.8079519879969993,0.2943820224719101,0.6674017662569324,0.9482390613106801
Human,29746235.txt,0.4748427672955975,0.07255520504731862,0.5613207547169812,0.9375796528672643,0.9764416318266522
Human,29764492.txt,0.2291814946619217,0.8781183178902352,0.2711743772241993,1.3797349754560349,0.9701328089369772
Human,29770086.txt,0.44431818181818183,0.10556186152099886,0.5164212910532276,0.7139089284098985,0.9589884774898682
Human,29772450.txt,0.42643923240938164,0.14346895074946467,0.4925373134328358,0.7756165131371273,0.9802131614843466
Human,29775391.txt,0.35126050420168065,0.32491582491582494,0.4151260504201681,1.2582657114470164,0.9597319435452935
Human,29784524.txt,0.4415041782729805,0.13268156424581007,0.5334261838440112,0.8108686305601492,0.958021300802586
Human,29792535.txt,0.4107946026986507,0.0962406015037594,0.4707646176911544,0.8208442582228487,0.9868611343508913
Human,29797594.txt,0.29440993788819875,0.3163138231631382,0.4049689440993789,0.9564519501154117,0.973245168124537
Human,29805310.txt,0.3166904422253923,0.34334763948497854,0.37089871611982883,0.6203351683966426,0.9535541194774366
Human,29815762.txt,0.3383947939262473,0.08804347826086957,0.4349240780911063,0.7032446653152147,0.9734800713650156
Human,29821051.txt,0.34249263984298334,0.25467059980334317,0.40039254170755645,1.3207074229542448,0.9852700725777693
Human,29825044.txt,0.39274924471299094,0.22727272727272727,0.44561933534743203,1.1505514337237979,0.9738333879105365
Human,29839396.txt,0.38152011922503726,0.44095665171898357,0.43517138599105815,1.7644425793602794,0.9912528118282407
Human,29865476.txt,0.3977832512315271,0.0654320987654321,0.4876847290640394,0.6841270251523605,0.9692675532314973
Human,29878348.txt,0.5783132530120482,0.06072874493927125,0.6546184738955824,0.6499141086136098,0.9491333434852378
Human,29894080.txt,0.30087719298245613,0.19068541300527242,0.3412280701754386,1.0401804809745105,0.9924597212673861
Human,29897742.txt,0.3944099378881988,0.1806853582554517,0.4751552795031056,0.7542059499919629,0.9457839216750238
Human,29908929.txt,0.45403111739745405,0.04539007092198582,0.5388967468175389,0.8142936169038747,0.9726284751355766
Human,29915354.txt,0.4326923076923077,0.05787781350482315,0.5096153846153846,0.9818128801528561,0.9431216959869214
Human,29926588.txt,0.39968895800933124,0.1060842433697348,0.4727838258164852,0.9881149848332882,0.9288573506076873
Human,29928796.txt,0.39473684210526316,0.06607929515418502,0.5307017543859649,0.6368582223151644,0.9328463147136308
Human,29930479.txt,0.4539249146757679,0.1718213058419244,0.5221843003412969,1.0414143229315103,0.9875292564080083
Human,29968330.txt,0.3534591194968553,0.09962168978562422,0.4377358490566038,0.5407391946462876,0.953526501978131
Human,29975124.txt,0.2917737789203085,0.14175257731958762,0.3444730077120823,0.6619207907832234,0.9789130149479873
Human,29990140.txt,0.44660194174757284,0.11557177615571776,0.5230582524271845,0.620429370994392,0.940300025274446
Human,29992154.txt,0.3940020682523268,0.23108808290155441,0.4581178903826267,0.7077208098882883,0.9414555932724743
Human,29998869.txt,0.27094668117519044,0.29880043620501634,0.33514689880304677,0.7511188300153743,0.9990082057117536
Human,29999135.txt,0.1567489114658926,0.9449275362318841,0.17800289435600578,1.306513993142211,0.9198348126450642
Human,30083884.txt,0.3532608695652174,0.056363636363636366,0.4492753623188406,0.602911474077014,0.9770425618658694
Human,30083943.txt,0.43546099290780144,0.12660028449502134,0.5177304964539007,1.971015195142431,0.9776989873330904
Human,30097175.txt,0.5140495867768595,0.06135986733001658,0.5669421487603306,0.5772682825731535,0.9644642603886424
Human,30127072.txt,0.4100486223662885,0.03577235772357724,0.4829821717990275,0.5565877567945189,0.9622807673645267
Human,30128072.txt,0.4899598393574297,0.26720647773279355,0.5461847389558233,0.7617657195620019,0.9876226723690629
Human,30148777.txt,0.41536273115220484,0.05420827389443652,0.5035561877667141,0.7361882455081525,0.9802246813463065
Human,30163002.txt,0.4362745098039216,0.2081967213114754,0.5049019607843137,0.872941550562221,0.9734320509133118
Human,30223363.txt,0.28257790368271957,0.08297872340425531,0.3590651558073654,0.9685205322064683,0.9424339276051911
Human,30288581.txt,0.41387024608501116,0.1707865168539326,0.47874720357941836,1.2743428573718552,0.978677955835864
Human,30304575.txt,0.34756703078450846,0.07462686567164178,0.40814299900695133,1.3757588998830017,0.9843592724531091
Human,30311202.txt,0.38357843137254904,0.08230958230958231,0.45955882352941174,0.3921776332153197,0.974262861458118
Human,30311725.txt,0.37806637806637805,0.17945007235890015,0.4660894660894661,0.8722940739069261,0.956359682072356
Human,30337969.txt,0.4386459802538787,0.1456859971711457,0.48801128349788436,1.0704475825124669,0.9313802781424863
Human,30344127.txt,0.4244762954796031,0.03535911602209945,0.5005512679162073,1.2128291217160798,0.9870901142841902
Human,30361788.txt,0.5,0.05017921146953405,0.608540925266904,0.7778467257791599,0.9672992400655345
Human,30397268.txt,0.40072992700729926,0.029992684711046085,0.4821037253469686,0.6952341562434976,0.9639962737786394
Human,30430249.txt,0.42663378545006164,0.11124845488257108,0.5006165228113441,0.6629046673551787,0.9441225554502082
Human,30437583.txt,0.447178002894356,0.09143686502177069,0.5108538350217077,1.6889652332403111,0.9413149617668564
Human,30504149.txt,0.42935779816513764,0.058931860036832415,0.4990825688073395,1.3311570946000948,0.9869092123406299
Human,30529547.txt,0.5368731563421829,0.04154302670623145,0.6312684365781711,0.5186800153800695,0.9849509110917833
Human,30542184.txt,0.3351698806244261,0.6954921803127875,0.37649219467401285,0.5739435126121804,0.927111976367773
Human,30563572.txt,0.35736196319018404,0.13846153846153847,0.4263803680981595,1.203842867904142,0.9842020733753306
Human,30594821.txt,0.5192307692307693,0.03896103896103896,0.7051282051282052,0.6324054094168382,0.9072154613906971
Human,30608780.txt,0.33934252386002123,0.10201912858660998,0.41569459172852596,0.9838684059360222,0.9794641035358737
Human,30642458.txt,0.47167325428194995,0.095112285336856,0.5401844532279315,0.7177705799885951,0.9869657561722287
Human,30646367.txt,0.2845528455284553,0.34225844004656575,0.3310104529616725,0.6338755240322436,0.9952865684756359
Human,30709029.txt,0.37537993920972645,0.0975609756097561,0.4635258358662614,0.7272652221821985,0.9507332081923084
Human,30713796.txt,0.352773826458037,0.44079885877318115,0.4011379800853485,0.7660722401682577,0.9476971729141579
Human,30741799.txt,0.3864942528735632,0.1729106628242075,0.46551724137931033,1.1082561513293767,0.9734097542107426
Human,30757456.txt,0.2297696396928529,0.30728241563055064,0.267297457125961,1.2444014048932053,0.9753858238493683
Human,30813919.txt,0.38076923076923075,0.10925449871465295,0.45384615384615384,1.7664864919448193,0.9711356324774358
Human,30826569.txt,0.4822190611664296,0.0456490727532097,0.5490753911806543,0.7030593728343978,0.9474560942361855
Human,30862904.txt,0.38847117794486213,0.04271356783919598,0.4598997493734336,0.9565240090309876,0.979510055218036
Human,30863060.txt,0.3091743119266055,0.2931985294117647,0.355045871559633,1.5031372741180453,0.9838147433041031
Human,30864828.txt,0.375609756097561,0.2724306688417618,0.43577235772357725,0.8869961942993727,0.9691007402062436
Human,30938994.txt,0.3935483870967742,0.03880983182406209,0.4774193548387097,0.6122432213209197,0.9543294706017322
Human,30965258.txt,0.4928977272727273,0.042735042735042736,0.5795454545454546,0.6425961551782912,0.9432402131136718
Human,30968749.txt,0.4106699751861042,0.2848258706467662,0.4801488833746898,0.7979485365785562,0.98405697679125
Human,30990885.txt,0.38924731182795697,0.550755939524838,0.443010752688172,1.4061276796404496,0.9664162741940043
Human,30999638.txt,0.4312617702448211,0.05103969754253308,0.4821092278719397,0.885643987581164,0.9439574989867278
Human,31016926.txt,0.30604982206405695,0.10427807486631016,0.38701067615658363,0.7823778840991432,0.9862645000451031
Human,31025785.txt,0.416793893129771,0.20980091883614088,0.4870229007633588,1.3539785224135805,0.9552930742703329
Human,31040875.txt,0.4181360201511335,0.07341772151898734,0.5138539042821159,0.7195859955757333,0.9300330513505892
Human,31042953.txt,0.40976331360946744,0.07270029673590504,0.5,1.5409435107599037,0.9561395897243067
Human,31064969.txt,0.3108882521489971,0.27729885057471265,0.3452722063037249,0.6657367114294471,0.9925332999863036
Human,31111279.txt,0.31503150315031503,0.08385933273219116,0.3996399639963996,1.0942828399775661,0.9870336448283431
Human,31114531.txt,0.3365200764818356,0.08237547892720307,0.42065009560229444,0.44251956903815765,0.9600522854292555
Human,31162167.txt,0.39652677279305354,0.11756168359941944,0.46888567293777134,0.7056558349877097,0.9916726107436293
Human,31169070.txt,0.2651162790697674,0.3616029822926375,0.3125581395348837,0.8068708225544899,0.9747861022721009
Human,31199035.txt,0.150066401062417,0.9001331557922769,0.1845949535192563,0.8156853184517788,0.9884198274747884
Human,31201660.txt,0.48742138364779874,0.05993690851735016,0.5644654088050315,0.9787926917262448,0.9741632789780179
Human,31211074.txt,0.4645669291338583,0.10584518167456557,0.5622047244094488,0.9374028538410779,0.9683362491319408
Human,31217840.txt,0.3485714285714286,0.060801144492131615,0.42928571428571427,1.5119178336517782,0.980452545597265
Human,31220062.txt,0.20136260408781226,0.7952994692949203,0.24299772899318697,1.0948632499781132,0.9785548266799121
Human,31225895.txt,0.45809248554913296,0.028985507246376812,0.5578034682080925,1.010452497574075,0.9392469382707707
Human,31242382.txt,0.35714285714285715,0.30864197530864196,0.42610837438423643,0.6485559322982165,0.9613586928005485
Human,31243710.txt,0.3180428134556575,0.19101123595505617,0.35372069317023447,1.2193767994829603,0.9816243819474666
Human,31273310.txt,0.38335607094133695,0.23392612859097128,0.46248294679399726,1.526037240110414,0.9241520351672972
Human,31273413.txt,0.4801829268292683,0.07339449541284404,0.5670731707317073,0.6598633370435262,0.9726692681126092
Human,31292364.txt,0.45489690721649484,0.08785529715762273,0.5360824742268041,1.0145310850812825,0.9276654314840866
Human,31362807.txt,0.3179347826086957,0.1307901907356948,0.40625,0.5972501774609621,0.9556829946409741
Human,31392754.txt,0.4043062200956938,0.22182254196642687,0.48325358851674644,0.8864242141671653,0.9768603661366583
Human,31395710.txt,0.274364406779661,0.5711252653927813,0.3220338983050847,0.48649833351613225,0.9656335668701931
Human,31395742.txt,0.3654390934844193,0.08380681818181818,0.42492917847025496,0.8582551950800877,0.968386153411377
Human,31454430.txt,0.3851508120649652,0.4755244755244755,0.46635730858468677,0.6760879816523058,0.9734075788378744
Human,31536294.txt,0.4834983498349835,0.08278145695364239,0.5478547854785478,1.0181891358957822,0.9705119686721075
Human,31547476.txt,0.42024539877300615,0.05846153846153846,0.5122699386503068,1.2616024830350732,0.9920544829243506
Human,31552617.txt,0.5306122448979592,0.08211143695014662,0.6209912536443148,0.7665753739693406,0.9829215273971829
Human,31556198.txt,0.30586766541822724,0.32290362953692114,0.37952559300873906,1.071415877318459,0.9492258505320206
Human,31602598.txt,0.42939481268011526,0.06647398843930635,0.5144092219020173,0.7986350828488784,0.9883546621172697
Human,31605080.txt,0.48847926267281105,0.13488372093023257,0.5345622119815668,0.8719887707522592,0.9950513936234978
Human,31638814.txt,0.46439628482972134,0.06230529595015576,0.5603715170278638,1.001265112660576,0.9786276884889563
Human,31677347.txt,0.42427745664739885,0.06488991888760139,0.4751445086705202,0.8748939117427713,0.9883225188341815
Human,31684925.txt,0.3765743073047859,0.07828282828282829,0.44710327455919396,0.9796425181675522,0.9732540389508899
Human,31694970.txt,0.3723932472691162,0.09651741293532339,0.44091360476663355,0.8540519056002487,0.9542930328494887
Human,31710562.txt,0.37605804111245467,0.06303030303030303,0.4534461910519952,1.1940399813944065,0.9935444154816024
Human,31761591.txt,0.35479951397326853,0.09013398294762484,0.43863912515188336,0.6711801296045391,0.9519570432270545
Human,31813535.txt,0.3889541715628672,0.05182567726737338,0.4735605170387779,0.8513469657272725,0.9569056870092073
Human,31850269.txt,0.4843492586490939,0.05950413223140496,0.5387149917627677,1.0858020155656483,0.9755632083015484
Human,31909493.txt,0.3503368623676612,0.05110896817743491,0.4196342637151107,0.9766226042619502,0.9707305423356978
Human,31926950.txt,0.2738432483474976,0.4266792809839167,0.33994334277620397,0.5184382558771854,0.9766278593548502
Human,31929166.txt,0.48095238095238096,0.07894736842105263,0.5595238095238095,0.5574807104002936,0.9611424694212803
Human,31948488.txt,0.39087947882736157,0.05228758169934641,0.4837133550488599,0.9921023507943716,0.9685789406110604
Human,32025286.txt,0.34555555555555556,0.33407572383073497,0.4122222222222222,0.6269686577044506,0.9731442469015669
Human,32042584.txt,0.4215885947046843,0.06748466257668712,0.5193482688391039,0.6752287743688178,0.9506139695399949
Human,32067700.txt,0.4822222222222222,0.07142857142857142,0.5844444444444444,0.8216208794603612,0.9718192249073838
Human,32069695.txt,0.34573947110675807,0.20019627085377822,0.40450538687561216,0.8062874303595176,0.973413195853709
Human,32081266.txt,0.33879374534623974,0.16480238627889635,0.41474311243484735,0.5966343965206813,0.9583019987269946
Human,32109048.txt,0.4471299093655589,0.08636363636363636,0.5362537764350453,1.225417593202956,0.91632148149145
Human,32140087.txt,0.3546099290780142,0.21826809015421114,0.42958579881656805,1.3269786204439462,0.9724980354253853
Human,32219038.txt,0.4407027818448023,0.033773861967694566,0.5153733528550513,1.1992094340967623,0.966073248556449
Human,32265203.txt,0.41531664212076586,0.310192023633678,0.48748159057437407,0.9905185647570464,0.950317065940623
Human,32308556.txt,0.25251076040172166,0.7179856115107913,0.33715925394548063,0.7222048083158715,0.9685872278328638
Human,32318506.txt,0.47696476964769646,0.1989100817438692,0.5636856368563685,0.860634114849488,0.9540891903019864
Human,32385553.txt,0.3876464323748669,0.05656350053361793,0.46112886048988283,0.7949945181530312,0.9814476560519664
Human,32433431.txt,0.36716791979949875,0.1444723618090452,0.4398496240601504,0.9846466807299846,0.9524387796632737
Human,32441790.txt,0.5,0.04564315352697095,0.5557851239669421,1.226503512303689,0.9791647086555617
Human,32517106.txt,0.37435367114788004,0.34300518134715025,0.4415718717683557,1.0536568412284069,0.9670635706707252
Human,32518109.txt,0.5419847328244275,0.038461538461538464,0.6641221374045801,0.848555856219201,0.9777481633411013
Human,32531824.txt,0.5096952908587258,0.016713091922005572,0.6094182825484764,0.472864482863527,0.9647370941447088
Human,32532982.txt,0.3337696335078534,0.31266490765171506,0.40131578947368424,0.6857403863045315,0.9936086871817157
Human,32563518.txt,0.3713784021071115,0.08003518029903255,0.4363476733977173,1.1094993855721578,0.944745507062711
Human,32605413.txt,0.4649006622516556,0.01593625498007968,0.5509933774834437,0.8610571078438894,0.9247614315273078
Human,32636041.txt,0.44416562107904645,0.07169811320754717,0.5169385194479298,0.6550723155062709,0.9717240067006084
Human,32637306.txt,0.3367139959432049,0.08333333333333333,0.3995943204868154,0.5235557429844918,0.9823565962567559
Human,32651555.txt,0.4303030303030303,0.0825242718446602,0.49515738498789347,1.2477905988359295,0.9832983824270309
Human,32720816.txt,0.4373219373219373,0.13714285714285715,0.5256410256410257,0.7156076636248928,0.9735822261498808
Human,32773331.txt,0.33567251461988307,0.22743259085580306,0.4128654970760234,1.0316849388379625,0.95530728373143
Human,32794700.txt,0.5353319057815846,0.021505376344086023,0.6167023554603854,0.6183720375830805,0.9774724613425225
Human,32799518.txt,0.2503217503217503,0.8350515463917526,0.2985842985842986,0.5709964537506367,0.95610464144596
Human,32802563.txt,0.2620320855614973,0.7868632707774799,0.31283422459893045,1.458161593486376,0.9773551364521196
Human,32896934.txt,0.3697841726618705,0.09668109668109669,0.4201438848920863,0.5970520592447656,0.9907067738105935
Human,32947778.txt,0.35912698412698413,0.0775347912524851,0.43253968253968256,0.8692370684496782,0.9839449062514384
Human,32954522.txt,0.45052631578947366,0.04439746300211417,0.5410526315789473,0.5537851507838448,0.9664362320674461
Human,32959732.txt,0.28152866242038216,0.09948979591836735,0.35095541401273883,1.0043953286816212,0.9561491213845397
Human,32965335.txt,0.34798534798534797,0.07889908256880734,0.41483516483516486,1.0832623467650162,0.9659947857405758
Human,32977530.txt,0.44712182061579653,0.05100671140939597,0.5448460508701473,0.8942006903203953,0.9726280069584834
Human,32980197.txt,0.39360222531293465,0.022315202231520222,0.49235048678720444,0.5768630064803294,0.9528322156510575
Human,32985311.txt,0.457002457002457,0.12128712871287128,0.5344827586206896,0.5588141546902261,0.9879182689548299
Human,33023370.txt,0.41007194244604317,0.12379807692307693,0.5071942446043165,0.8612939951562043,0.9814653633039754
Human,33072201.txt,0.3268112109994712,0.22657490735839067,0.38022210470650447,1.205096264253593,0.9806414117416136
Human,33135102.txt,0.39100346020761245,0.21875,0.47058823529411764,0.8184992047382599,0.9635280812988245
Human,33141415.txt,0.48654708520179374,0.04054054054054054,0.5582959641255605,1.0034561255022294,0.9889194939062135
Human,33176873.txt,0.36163836163836166,0.12812812812812813,0.44755244755244755,1.048542473113434,0.9947558951702148
Human,33236701.txt,0.4535073409461664,0.07201309328968904,0.5415986949429038,0.7161645938821195,0.9668265197944937
Human,33241454.txt,0.4249512670565302,0.08023483365949119,0.50682261208577,0.5723941769436877,0.9459806013934636
Human,33286293.txt,0.4647058823529412,0.42322834645669294,0.515686274509804,1.5234009585740682,0.9970699045459139
Human,33344933.txt,0.3892543859649123,0.15824175824175823,0.4725877192982456,1.0303851059956457,0.9851362926255011
Human,33370664.txt,0.3792298716452742,0.14619883040935672,0.4644107351225204,0.7782140146905654,0.9589038234655372
Human,33381211.txt,0.20598469032707029,0.883623693379791,0.2546972860125261,0.8877058012629243,0.9649975035006504
Human,33424600.txt,0.2131398013750955,0.6870696250956388,0.2643239113827349,0.5889696068760366,0.9801459709831474
Human,33527446.txt,0.35384615384615387,0.055269922879177376,0.441025641025641,1.3840835345538678,0.9910635073208645
Human,33542483.txt,0.39497041420118345,0.08160237388724036,0.48372781065088755,0.9288819515488328,0.986585544568865
Human,33578873.txt,0.42700729927007297,0.07352941176470588,0.5437956204379562,1.485827339009113,0.8397871519897293
Human,33627938.txt,0.34438775510204084,0.11073253833049404,0.4030612244897959,1.714552787498779,0.9743428009310664
Human,33665485.txt,0.4,0.06467661691542288,0.47603305785123967,0.5480048568522597,0.9782847114449102
Human,33685075.txt,0.36633663366336633,0.19514884233737598,0.44554455445544555,0.6962243025155406,0.9898472014184378
Human,33685988.txt,0.36419753086419754,0.4024767801857585,0.4243827160493827,1.6638672477415366,0.9716670883219621
Human,33704389.txt,0.3629242819843342,0.17146596858638743,0.45822454308093996,0.6412002913163153,0.9622252898216221
Human,33750209.txt,0.4090909090909091,0.06896551724137931,0.49385749385749383,1.2592176211629185,0.9626168742793221
Human,33803142.txt,0.3040473840078973,0.1404549950544016,0.36031589338598224,1.0373606132149908,0.9428240609331531
Human,33872500.txt,0.409778812572759,0.061843640606767794,0.49243306169965073,0.5320281710848772,0.9793727172394219
Human,33893326.txt,0.42290249433106575,0.06818181818181818,0.49206349206349204,1.2276428258267027,0.9766645151041197
Human,33919379.txt,0.4401294498381877,0.05863192182410423,0.540453074433657,0.5541948422601967,0.9599167477023093
Human,33964275.txt,0.42087076710435384,0.17647058823529413,0.4948168624740843,0.6102026541652825,0.9656330187168239
Human,34033933.txt,0.43042071197411,0.08603896103896104,0.5145631067961165,1.0300436738708256,0.9494546093645522
Human,34046031.txt,0.42337662337662335,0.0625,0.4922077922077922,0.8183656575079369,0.9602764649957722
Human,34051710.txt,0.33549222797927464,0.35714285714285715,0.40414507772020725,1.3562523858115991,0.9944667562219298
Human,34131484.txt,0.47164948453608246,0.031088082901554404,0.5747422680412371,1.2008441698859609,0.9778402726538752
Human,34141299.txt,0.45790251107828656,0.028148148148148148,0.5598227474150664,0.8120553609754806,0.9787177088206622
Human,34146825.txt,0.3428201811125485,0.0933852140077821,0.4489003880983182,0.6601332364647102,0.9263829842683663
Human,34151183.txt,0.43714285714285717,0.08022922636103152,0.5071428571428571,0.7355437805197081,0.9752579838419805
Human,34185495.txt,0.3812664907651715,0.19047619047619047,0.42744063324538256,1.5011576071932249,0.9926780467512571
Human,34198885.txt,0.41964285714285715,0.07611940298507462,0.5163690476190477,0.6356043311270696,0.9924367045989494
Human,34250007.txt,0.3520208604954368,0.18823529411764706,0.41199478487614083,2.3566694061280686,0.9899999870560682
Human,34252537.txt,0.3708040593286495,0.0836591086786552,0.4371584699453552,1.378096979923647,0.957372540392493
Human,34303500.txt,0.42950391644908614,0.07068062827225131,0.52088772845953,0.8002866748013175,0.9725430649425949
Human,34304175.txt,0.4852459016393443,0.03453947368421053,0.5426229508196722,0.812320606371406,0.939556632584664
Human,34317538.txt,0.31079854809437385,0.1407811080835604,0.37250453720508164,1.0762102711400559,0.9822295157093205
Human,34319869.txt,0.445,0.05351170568561873,0.5183333333333333,1.3142712034798207,0.9947679371798802
Human,34327438.txt,0.36799184505606525,0.2676200204290092,0.4240570846075433,0.8377969486170517,0.9725045212553629
Human,34349255.txt,0.378125,0.06289308176100629,0.503125,0.5928266630145378,0.9718835105727796
Human,34419403.txt,0.48509485094850946,0.010899182561307902,0.5799457994579946,0.5707607027552669,0.9531911968364634
Human,34452806.txt,0.42119205298013246,0.09827357237715803,0.49801324503311256,1.158941049815495,0.9731875479380429
Human,34465087.txt,0.41511627906976745,0.22727272727272727,0.48604651162790696,0.685374966274456,0.9745874354333274
Human,34511655.txt,0.3626666666666667,0.053475935828877004,0.43866666666666665,0.5188018485170338,0.9540520272182359
Human,34544955.txt,0.38875305623471884,0.3272058823529412,0.4400977995110024,0.763728079559781,0.9877310570155543
Human,34554248.txt,0.4006928406466513,0.037037037037037035,0.46997690531177827,1.0063638416053968,0.9672794553464839
Human,34583750.txt,0.3958333333333333,0.06282722513089005,0.5052083333333334,0.5268603108124345,0.9475177300659682
Human,34594746.txt,0.44429347826086957,0.05040871934604905,0.53125,0.8403964809981668,0.9717746871791915
Human,34657584.txt,0.3010471204188482,0.6496062992125984,0.3468586387434555,0.7955569093602358,0.9850378258631335
Human,34689720.txt,0.3333333333333333,0.069164265129683,0.4410919540229885,0.7707394518907582,0.989046308195965
Human,34712719.txt,0.45054945054945056,0.03581267217630854,0.5370879120879121,1.0788780775654208,0.9659008967146022
Human,34740556.txt,0.3689759036144578,0.052870090634441085,0.44879518072289154,0.6596253580203466,0.977502318347443
Human,34745915.txt,0.27771797631862216,0.6947141316073355,0.33584499461786865,0.7226943856975262,0.9481049861526075
Human,34758680.txt,0.40237691001697795,0.059625212947189095,0.4702886247877759,0.7628436174173412,0.9841804272711667
Human,34783330.txt,0.4262295081967213,0.13262910798122066,0.4918032786885246,1.1356238794983655,0.9737429777052203
Human,34792238.txt,0.21325167037861914,0.7759197324414716,0.2522271714922049,0.8885315533012392,0.9620049556101917
Human,34797369.txt,0.41037735849056606,0.10638297872340426,0.4882075471698113,1.109429775223331,0.9679804172471358
Human,34816637.txt,0.31268436578171094,0.10044313146233383,0.3799705449189985,0.7755127440958914,0.9969087227307397
Human,34875813.txt,0.350635593220339,0.08386411889596602,0.4247881355932203,0.959325244845872,0.9867662179806098
Human,34953092.txt,0.5197889182058048,0.08488063660477453,0.5857519788918206,0.703836676120447,0.9665052390219339
Human,34962725.txt,0.43703703703703706,0.24721189591078066,0.4962962962962963,1.1063310982351542,0.9903690211505886
Human,34970271.txt,0.35119047619047616,0.07761194029850746,0.4330357142857143,0.5668015432819096,0.9680793711502002
Human,35121930.txt,0.38451268357810414,0.12449799196787148,0.472630173564753,0.5075638649472466,0.9591627309457739
Human,35157762.txt,0.33482142857142855,0.2746268656716418,0.3898809523809524,1.466734084367082,0.9547244501564639
Human,35164503.txt,0.4601542416452442,0.10051546391752578,0.5475578406169666,1.9091831834374453,0.9775857078081026
Human,35172961.txt,0.4470426409903714,0.18344827586206897,0.48418156808803303,2.3224427646999555,0.9775623731223165
Human,35302620.txt,0.3929577464788732,0.2796610169491525,0.4676056338028169,0.9791960048917746,0.9279587425968507
Human,35325329.txt,0.4058479532163743,0.06103286384976526,0.47892271662763464,0.781715310206773,0.9719777780243245
Human,35344611.txt,0.366751269035533,0.02544529262086514,0.4619289340101523,0.7492419469878914,0.9605006421691538
Human,35389360.txt,0.30641330166270786,0.13957176843774782,0.3768804433887569,1.755209180229081,0.961284649366304
Human,35421497.txt,0.4883720930232558,0.050955414012738856,0.5898520084566596,0.6143330221623757,0.9193485441406364
Human,35422305.txt,0.3915737298636927,0.06459627329192547,0.4646840148698885,0.6351449307169985,0.9760164597276981
Human,35468363.txt,0.44360902255639095,0.22137404580152673,0.518796992481203,0.5995032522609222,0.999198420822407
Human,35474904.txt,0.3648111332007952,0.05084745762711865,0.4527363184079602,1.3761474219991703,0.9241514171295513
Human,35483925.txt,0.3996937212863706,0.059907834101382486,0.48238897396630936,0.7595158045406825,0.9934169531076049
Human,35492909.txt,0.2746585735963581,0.786910197869102,0.3125948406676783,0.8433235867445583,0.9818290171252984
Human,35554162.txt,0.4175491679273828,0.054628224582701064,0.5083207261724659,0.5219048541502834,0.9746909241591234
Human,35564026.txt,0.39820359281437123,0.18618618618618618,0.4820359281437126,0.8391796845360807,0.9553539306706198
Human,35571205.txt,0.4083570750237417,0.05708848715509039,0.4919278252611586,0.5598752763913325,0.9512804424417657
Human,35579812.txt,0.35376044568245124,0.4594972067039106,0.4275766016713092,0.6411966807715229,0.9247448268888332
Human,35603950.txt,0.38742857142857146,0.1111111111111111,0.44571428571428573,1.154808556740505,0.9283273447837033
Human,35651876.txt,0.2335649385355425,0.7677902621722846,0.2752538749331908,1.0774129829719312,0.9755687402791297
Human,35673335.txt,0.3679369250985545,0.07905138339920949,0.4520367936925099,1.0366061707286625,0.9755689460311621
Human,35737840.txt,0.40499306518723993,0.14186369958275383,0.47711511789181693,0.8429388675416876,0.9527319148311054
Human,35971546.txt,0.4190371991247265,0.02850877192982456,0.4989059080962801,0.8678691187400687,0.9633020439705121
Human,35985133.txt,0.30847145488029465,0.2564575645756458,0.36464088397790057,0.675648516898961,0.9897624656660454
Human,35990852.txt,0.2591362126245847,0.1497005988023952,0.34485049833887044,0.7335691523117954,0.9823967236614718
Human,36019469.txt,0.35082872928176795,0.043357933579335796,0.43278084714548803,1.6340356934152591,0.8466208774838424
Human,36024962.txt,0.5502183406113537,0.03524229074889868,0.62882096069869,0.8639926791021003,0.9852939418252625
Human,36074301.txt,0.3791469194312796,0.16957210776545167,0.4486571879936809,0.7344898481703055,0.9620010044831171
Human,36094883.txt,0.43527508090614886,0.09415584415584416,0.5210355987055016,0.7344642587346882,0.9815469133058259
Human,36102323.txt,0.44611059044048734,0.03004694835680751,0.5248359887535146,0.8561522174297304,0.9550564244490289
Human,36107065.txt,0.3315508021390374,0.17001338688085676,0.39438502673796794,2.543487994310047,0.9961138109542179
Human,36136569.txt,0.3462414578587699,0.1906392694063927,0.4271070615034169,0.8359536789391179,0.9560169291885932
Human,36139251.txt,0.31879460745440125,0.14297061159650518,0.3980967486122125,0.5505986837509845,0.9808322344302198
Human,36149549.txt,0.4854838709677419,0.032362459546925564,0.5725806451612904,1.2603741206631707,0.9660119252581116
Human,36170003.txt,0.3891402714932127,0.21633888048411498,0.4660633484162896,0.9988264519971372,0.9865119984453683
Human,36206485.txt,0.4014510278113664,0.03878787878787879,0.4873035066505441,0.7021673986386356,0.938559926457082
Human,36252245.txt,0.39766702014846234,0.05100956429330499,0.4941675503711559,1.0270299289133997,0.9604258014619338
Human,36269672.txt,0.3086734693877551,0.07948717948717948,0.4413265306122449,1.0261409661069194,0.9064828198004241
Human,36302399.txt,0.378076062639821,0.04932735426008968,0.4519015659955257,0.8817412162538236,0.9442863028962486
Human,36331163.txt,0.5133689839572193,0.13978494623655913,0.5748663101604278,0.6589217638641475,0.9795411368001358
Human,36366044.txt,0.38389830508474576,0.10441426146010187,0.4788135593220339,1.639385012625405,0.9300006367304782
Human,36379931.txt,0.46808510638297873,0.02666666666666667,0.5598404255319149,0.8056117130511139,0.9602211304130202
Human,36392131.txt,0.354251012145749,0.2565922920892495,0.42206477732793524,1.1000307795034503,0.9600608190821228
Human,36425270.txt,0.42857142857142855,0.03691813804173355,0.512,0.7648502075570092,0.9878355872902899
Human,36434348.txt,0.33426573426573425,0.182328190743338,0.38741258741258744,1.1547845488975839,0.9781913586994972
Human,36517781.txt,0.3445378151260504,0.3898916967509025,0.42136854741896757,0.6500953058633322,0.9672834201702236
Human,36569713.txt,0.5,0.19852941176470587,0.572992700729927,1.3454487347863127,0.9935505482787398
Human,36574147.txt,0.37,0.23558897243107768,0.44875,0.6290094190588134,0.9907700160182618
Human,36621169.txt,0.48501362397820164,0.08767123287671233,0.5912806539509536,0.9346911499108844,0.9884751848600063
Human,36625776.txt,0.33101391650099404,0.14342629482071714,0.4025844930417495,0.6096948215331376,0.9600967042428733
Human,36671891.txt,0.3380952380952381,0.10890302066772654,0.403968253968254,1.145749508175269,0.9492534828678902
Human,36694627.txt,0.5340909090909091,0.019543973941368076,0.6152597402597403,0.9846954144942769,0.9682635183412489
Human,36727173.txt,0.46189024390243905,0.06584992343032159,0.549618320610687,1.2624617654747976,0.9356892869484884
Human,36758947.txt,0.46561443066516345,0.04745762711864407,0.5434047350620068,1.590726382258433,0.9460329686870699
Human,36805025.txt,0.3301258327165063,0.054114158636026685,0.4167283493708364,1.044527325194839,0.9619669683022867
Human,36856210.txt,0.4371859296482412,0.040336134453781515,0.5192629815745393,0.7916234437800399,0.9629261098249003
Human,36861863.txt,0.5180180180180181,0.04090909090909091,0.6666666666666666,0.7748707950835402,0.9727241036392821
Human,36868767.txt,0.44462025316455694,0.12063492063492064,0.5221518987341772,1.447694020809701,0.9738005468386819
Human,36904300.txt,0.3469079939668175,0.04607250755287009,0.4381598793363499,1.080140749309036,0.9503011268355388
Human,36905896.txt,0.38293216630196936,0.05701754385964912,0.4759299781181619,0.6005499437706163,0.9483071635491434
Human,36970996.txt,0.3853658536585366,0.057003257328990226,0.4691056910569106,0.7987464671962566,0.9479352679088703
Human,37001381.txt,0.3713527851458886,0.04521276595744681,0.45490716180371354,0.8656810675494219,0.9713258408104589
Human,37058472.txt,0.431858407079646,0.05328596802841918,0.5185840707964602,0.5413976743328734,0.9788341796130478
Human,37087371.txt,0.42920353982300885,0.07941176470588235,0.5058651026392962,1.2058965173287406,0.9873377692800013
Human,37087824.txt,0.4652014652014652,0.0625,0.5366300366300366,1.1505447274691307,0.9679350448031898
Human,37201447.txt,0.34025974025974026,0.375,0.4103896103896104,1.077107823348689,0.9530940438025678
Human,37220856.txt,0.4143835616438356,0.05491990846681922,0.4874429223744292,0.7074023095494428,0.9684301972145789
Human,37231163.txt,0.4830508474576271,0.05106382978723404,0.5889830508474576,0.44953347027580637,0.8946455249708131
Human,37242217.txt,0.37843784378437845,0.030871003307607496,0.4367436743674367,1.0161642451621553,0.9505530394314806
Human,37263609.txt,0.3767123287671233,0.31443298969072164,0.4366438356164384,1.3528207340925589,0.942502046761712
Human,37292350.txt,0.28993147074327885,0.15883905013192612,0.34686346863468637,1.338916650823265,0.9810602615469796
Human,37333719.txt,0.4576271186440678,0.13247863247863248,0.5423728813559322,1.0865979949033628,0.9843345893236555
Human,37335325.txt,0.33085808580858084,0.13140495867768595,0.3952145214521452,0.8432348952848338,0.9836453616877401
Human,37348041.txt,0.4383116883116883,0.04560260586319218,0.5064935064935064,0.7034173145205816,0.9896112708598899
Human,37360517.txt,0.4475743348982786,0.1978021978021978,0.5164319248826291,0.5368350216392154,0.966231621743765
Human,37370455.txt,0.39914163090128757,0.04447632711621234,0.4434907010014306,0.8568184449596565,0.9690744955428787
Human,37374340.txt,0.4754653130287648,0.01697792869269949,0.560067681895093,1.1710123489470143,0.972412248710527
Human,37375999.txt,0.38567839195979897,0.1397984886649874,0.47738693467336685,0.8402199459050852,0.9618126165498914
Human,37391947.txt,0.31004901960784315,0.23955773955773957,0.38357843137254904,0.5862688662793293,0.9773922818097566
Human,37402097.txt,0.4984709480122324,0.030959752321981424,0.5969230769230769,0.5151230360552895,0.9716824962003823
Human,37472265.txt,0.2860927152317881,0.5431606905710491,0.32980132450331123,1.3462073049701833,0.9757277374513745
Human,37473139.txt,0.46476761619190404,0.016541353383458645,0.5592203898050975,0.7148878811053366,0.9309212688213253
Human,37521676.txt,0.25698757763975155,0.7698289269051322,0.2996894409937888,1.5502328758341524,0.9473940549842557
Human,37540732.txt,0.37865748709122204,0.2504317789291883,0.43029259896729777,1.1966630414857093,0.9711705317833709
Human,37560528.txt,0.31693548387096776,0.05735056542810985,0.4161290322580645,0.5646273979156212,0.9773553862617321
Human,37640804.txt,0.4253490870032223,0.12917115177610333,0.5069817400644469,1.2168535672688545,0.9580512944230049
Human,37660306.txt,0.155893536121673,0.6461187214611872,0.2,0.8995134468305916,0.9575690234417346
Human,37664296.txt,0.33286810886252616,0.10412299091544375,0.41311933007676205,0.8810252169438494,0.962744286908719
Human,37695494.txt,0.39953271028037385,0.19483568075117372,0.4719626168224299,1.334450330702326,0.9734403992695629
Human,37735467.txt,0.46397694524495675,0.017366136034732273,0.5584415584415584,0.5585663808953523,0.9450494662167359
Human,37739183.txt,0.2869047619047619,0.18414779499404052,0.3601190476190476,0.5831696734918282,0.9811220866234623
Human,37750854.txt,0.3761232349165597,0.0682110682110682,0.4634146341463415,1.8759009792300705,0.9920762897930402
Human,37751611.txt,0.35241301907968575,0.09111361079865017,0.43546576879910215,0.7420965987138263,0.9588495480130337
Human,37764298.txt,0.3957091775923719,0.06810035842293907,0.47079856972586415,1.3632780131105018,0.9748805307106169
Human,37792474.txt,0.4076809453471196,0.11851851851851852,0.4918759231905465,0.7609405960718021,0.9707426852363215
Human,37818861.txt,0.46564885496183206,0.08695652173913043,0.5368956743002544,0.6294330515182013,0.9757219620356428
Human,37913536.txt,0.3049932523616734,0.2706359945872801,0.3697705802968961,0.6136852398546093,0.9628052905181342
Human,37931076.txt,0.4797979797979798,0.0583756345177665,0.5681818181818182,0.7210000935370374,0.9714254839228952
Human,37997506.txt,0.3220675944333996,0.10159362549800798,0.40457256461232605,1.258170983758803,0.9852311794250642
Human,38007664.txt,0.37986577181208053,0.05787348586810229,0.4590604026845638,1.2756573415610832,0.9638829537534147
Human,38047274.txt,0.36221294363256784,0.18723849372384938,0.42588726513569936,0.5733358152395687,0.9738539867909941
Human,38056161.txt,0.4030534351145038,0.04134762633996937,0.4595419847328244,1.0022869756099702,0.987855958533588
Human,38059130.txt,0.35,0.14916467780429593,0.41904761904761906,0.9360696239471115,0.9744831338570935
Human,38087844.txt,0.4009603841536615,0.09025270758122744,0.4789915966386555,0.8681130385029678,0.9603928122645954
Human,38108845.txt,0.34831460674157305,0.06448311156601842,0.4473953013278856,0.46400378357585104,0.9585055394194983
Human,38115035.txt,0.3639751552795031,0.1357409713574097,0.4546583850931677,1.095951966161933,0.9694070476960843
Human,38154903.txt,0.4934640522875817,0.05263157894736842,0.6176470588235294,0.783394068665607,0.9735098119965649
Human,38165833.txt,0.4788732394366197,0.1943127962085308,0.568075117370892,0.7006204335539816,0.9574262713110347
Human,38216888.txt,0.5351351351351351,0.09836065573770492,0.6108108108108108,0.8468983253336789,0.9653149783031573
Human,38220146.txt,0.4525316455696203,0.03333333333333333,0.5411392405063291,0.7465951922285091,0.9701406853245613
Human,38225199.txt,0.4074534161490683,0.057285180572851806,0.4832298136645963,1.2445641870454691,0.9674365353703746
Human,38291889.txt,0.4013793103448276,0.22130013831258644,0.4979310344827586,0.9563701277407628,0.973745588102792
Human,38309905.txt,0.36363636363636365,0.4431977559607293,0.4041958041958042,0.5951899391132994,0.9501219960940278
Human,38314236.txt,0.4144144144144144,0.049773755656108594,0.5045045045045045,1.0583946585784345,0.8776183147432658
Human,38355831.txt,0.277337559429477,0.31160572337042924,0.35340729001584786,0.6100161197212343,0.9732925762274177
Human,38399177.txt,0.5296296296296297,0.022388059701492536,0.6185185185185185,0.5365179483636346,0.9706258442467764
Human,38441665.txt,0.3682539682539683,0.06687898089171974,0.45396825396825397,1.1318763081416345,0.988291339097175
Human,38457612.txt,0.43342391304347827,0.04087193460490463,0.5135869565217391,1.0819639595191533,0.9842040146167712
Human,38535335.txt,0.5618556701030928,0.0625,0.6494845360824743,1.0406848498766892,0.9820590094707315
Human,38565119.txt,0.2541507024265645,0.7503201024327785,0.2988505747126437,0.8244563581950821,0.980448732854404
Human,38642923.txt,0.3866231647634584,0.09983633387888707,0.4437194127243067,1.2341645361332452,0.9794978383902718
Human,38650096.txt,0.5472972972972973,0.04081632653061224,0.6317567567567568,0.611551810755933,0.9586592759544725
Human,38663892.txt,0.3893528183716075,0.06485355648535565,0.4801670146137787,1.052386186506188,0.9775605709471066
Human,38688388.txt,0.3627450980392157,0.052825552825552825,0.4424019607843137,0.45643217423938454,0.9680744169826181
Human,38698573.txt,0.45034013605442175,0.07366984993178717,0.5619047619047619,0.6555107123793997,0.9609450013261299
Human,38707449.txt,0.4824016563146998,0.04573804573804574,0.556935817805383,1.5233321708581902,0.9937578898769553
Human,38744475.txt,0.43707093821510296,0.05747126436781609,0.5240274599542334,0.6478786091458927,0.9602451857693673
Human,38750659.txt,0.40134907251264756,0.11844331641285956,0.45699831365935917,1.2483304457679014,0.9860523564477659
Human,38753827.txt,0.32802547770700635,0.20574162679425836,0.3869426751592357,0.8853082378501859,0.9724448018372233
Human,38847011.txt,0.3737024221453287,0.06581986143187067,0.46889400921658986,0.5028387153395526,0.9864520665919915
Human,38860712.txt,0.4292604501607717,0.05,0.5434083601286174,0.6846901059411152,0.8767331250038652
Human,38896303.txt,0.3432642487046632,0.0987012987012987,0.39248704663212436,0.7056446066606437,0.9898705906074202
Human,38897568.txt,0.42037302725968434,0.06762589928057554,0.48923959827833574,0.8610308158441563,0.9716399501826677
Human,38907798.txt,0.33185840707964603,0.1242603550295858,0.4056047197640118,1.2401893098734342,0.9859216052052145
Human,38946032.txt,0.35947712418300654,0.14809960681520315,0.4366013071895425,1.0872121041178784,0.9335988726624946
Human,38989376.txt,0.3686868686868687,0.18484848484848485,0.4415322580645161,0.7707249316771232,0.9678333321072246
Human,39027764.txt,0.33585858585858586,0.31645569620253167,0.3888888888888889,0.9162000085047325,0.9762961983984282
Human,39064638.txt,0.463448275862069,0.07596685082872928,0.5454545454545454,0.7503729296000179,0.9713430381483157
Human,39081840.txt,0.35602094240837695,0.033578174186778595,0.44397905759162304,1.0169364529845428,0.9785459581078464
Human,39082090.txt,0.405777166437414,0.24,0.45392022008253097,1.120640962426804,0.9550259519083028
Human,39115899.txt,0.4320388349514563,0.1331168831168831,0.5129449838187702,0.6613263433178812,0.9930421586663217
Human,39142536.txt,0.4199706314243759,0.05891016200294551,0.5139500734214391,0.7676647771458156,0.9665225846065699
Human,39166680.txt,0.42462600690448793,0.0726643598615917,0.4936708860759494,0.9672338026333003,0.9948499876514271
Human,39237915.txt,0.4527736131934033,0.04661654135338346,0.5232383808095952,1.2657207632164766,0.9785250658830799
Human,39247950.txt,0.3518005540166205,0.09722222222222222,0.42382271468144045,1.324955946105255,0.9965469041887317
Human,39252859.txt,0.3843843843843844,0.07530120481927711,0.4744744744744745,2.0007817101763252,0.995232790842081
Human,39295103.txt,0.41166936790923825,0.13008130081300814,0.4846029173419773,1.0176868275601347,0.9758817292506096
Human,39308779.txt,0.3449564134495641,0.13108614232209737,0.410958904109589,1.186444942164696,0.9842015430680708
Human,39413067.txt,0.36253776435045315,0.08181818181818182,0.43051359516616317,1.1109492596799209,0.9630906590880524
Human,39434376.txt,0.47345132743362833,0.5446428571428571,0.5309734513274337,1.4683800155265159,0.9966430903089506
Human,39441617.txt,0.3471971066907776,0.0625,0.3960216998191682,1.6569974196651154,0.9886147408366085
Human,39470264.txt,0.3169845594913715,0.4422202001819836,0.3851044504995459,0.9197298236104008,0.9535476780133006
Human,39566718.txt,0.3605313092979127,0.05608365019011407,0.45825426944971537,2.3265416424927428,0.9556918199811789
Human,39569771.txt,0.46795827123695977,0.03886397608370702,0.563338301043219,1.125219647949553,0.9947504780095762
Human,39581020.txt,0.528052805280528,0.026578073089700997,0.6237623762376238,0.6214733322737874,0.9806424357598068
Human,39608848.txt,0.4622222222222222,0.022288261515601784,0.5481481481481482,0.7714714527114338,0.9500144277212778
Human,39650734.txt,0.43899657924743446,0.019450800915331808,0.5342465753424658,1.4753617829849186,0.9889557375417344
Human,39674178.txt,0.3795620437956204,0.12152269399707175,0.454014598540146,1.3368631239056943,0.9684140929256213
Human,39674782.txt,0.4203125,0.05329153605015674,0.503125,0.9258306948821354,0.9909160766926481
Human,39675895.txt,0.3676680972818312,0.07604017216642754,0.463519313304721,0.6507439157744457,0.955642871428255
Human,39718499.txt,0.4837662337662338,0.0915032679738562,0.5681818181818182,1.8645557001448703,0.9728565902663945
Human,39776400.txt,0.28311057108140947,0.20097442143727162,0.34386391251518833,0.9671529978559751,0.9877583088319765
Human,39805617.txt,0.4537712895377129,0.09975669099756691,0.5218446601941747,0.8744723607932228,0.9499217947199919
Human,39835894.txt,0.2954292084726867,0.32737430167597764,0.3701226309921962,0.701077456378196,0.9501006165514854
Human,39855211.txt,0.45908607863974493,0.01597444089456869,0.536663124335813,0.5708774029387912,0.965726215521358
Human,39875803.txt,0.3956043956043956,0.08539944903581267,0.49038461538461536,0.4996571201300322,0.9280731407033318
Human,39908485.txt,0.17884463202321288,0.8704143573502243,0.21893959377472963,1.6254768028588409,0.9674013001259825
Human,39970711.txt,0.4540983606557377,0.06578947368421052,0.5426229508196722,0.7150273271499867,0.9780287421152887
Human,40018190.txt,0.5452196382428941,0.04155844155844156,0.6330749354005168,1.0911075181994119,0.9728666592816245
Human,40088790.txt,0.33258173618940245,0.1751412429378531,0.41037204058624577,0.9973616439123918,0.954066891527221
Human,40311088.txt,0.3408408408408408,0.14156626506024098,0.42342342342342343,0.8409463451380997,0.9882226843640441
Human,40792022.txt,0.44507575757575757,0.053231939163498096,0.5359848484848485,0.6880479556108469,0.9282301776997773
Human,40882926.txt,0.3560126582278481,0.44126984126984126,0.4272151898734177,1.7907690254930062,0.9354121451093442
Human,40883703.txt,0.40093240093240096,0.09133489461358314,0.4965034965034965,0.6996013339788336,0.9821576124343279
Human,40987524.txt,0.34347826086956523,0.23638344226579522,0.4206521739130435,0.696058187281918,0.9317506558518293
Human,41152404.txt,0.30577777777777776,0.08652988403211419,0.37666963490650046,1.0558611201437929,0.9523659736110821
Human,41344156.txt,0.3465909090909091,0.07972665148063782,0.4420454545454545,0.7453807885643275,0.9688619884661779
Human,41506705.txt,0.4235474006116208,0.15053763440860216,0.4946401225114854,0.6079977571240216,0.9600332184657279
Human,41523474.txt,0.3799126637554585,0.4058394160583942,0.4497816593886463,0.9489288279060842,0.9623313072030171
Human,41586420.txt,0.39036381514257623,0.06403940886699508,0.47885939036381514,0.6772520290512128,0.9753706955928314
Human,41590605.txt,0.3870967741935484,0.11426319936958235,0.43823760818253343,1.015339055544026,0.9733360752448157
Human,41651672.txt,0.43648960739030024,0.04640371229698376,0.5288683602771362,0.7438469400862423,0.9900628686121186
Human,41910253.txt,0.4987714987714988,0.02962962962962963,0.5700245700245701,0.5712728854453824,0.975508897688938
Human,41950126.txt,0.3873659117997616,0.037037037037037035,0.464839094159714,1.1235926027549188,0.9519933090066901
Human,42156237.txt,0.48626373626373626,0.04419889502762431,0.5521978021978022,0.9941893419072616,0.9868208577236393
Human,42164460.txt,0.3319327731092437,0.32162921348314605,0.4103641456582633,0.48290332728324287,0.9744190142914506
Human,42304307.txt,0.3411042944785276,0.5006150061500615,0.4196319018404908,1.4868073928933816,0.9724262381297747
Human,42332765.txt,0.4734848484848485,0.043726235741444866,0.5473484848484849,1.9094065395649331,0.9837465847291673
Human,42384185.txt,0.39270687237026647,0.4542897327707454,0.4431977559607293,1.1284455953810688,0.9775563958958655
Human,42427521.txt,0.33111480865224624,0.3516666666666667,0.3951747088186356,0.9559260519936957,0.9654165671771755
Human,42487883.txt,0.4117647058823529,0.06220095693779904,0.5023847376788553,2.082207146379236,0.9877826356599445
Human,42546558.txt,0.40460081190798375,0.05834464043419267,0.496617050067659,0.553736720961194,0.9240383815847747
Human,42641525.txt,0.31435257410296413,0.09375,0.38143525741029644,0.697052920404538,0.9553490168272789
Human,43311839.txt,0.29107692307692307,0.06469500924214418,0.3569230769230769,1.0024072897731962,0.9865229461915038
Human,43375498.txt,0.3261480787253983,0.14741784037558686,0.408622305529522,0.6419953236655803,0.9708914897407647
Human,43378989.txt,0.5085324232081911,0.12714776632302405,0.5597269624573379,1.160958786633031,0.8975026396730138
Human,43408471.txt,0.46153846153846156,0.015748031496062992,0.5368916797488226,0.9161436297457333,0.9677682378513104
Human,43622023.txt,0.4466571834992888,0.06562054208273894,0.5419630156472262,0.8018118733571122,0.9472043910963256
Human,43685045.txt,0.3581183611532625,0.1415525114155251,0.4264036418816389,0.7232017762059681,0.9992215425314491
Human,43720116.txt,0.5062344139650873,0.08020050125313283,0.5835411471321695,0.5855246624640732,0.9913785174797961
Human,43752620.txt,0.40924092409240925,0.08158765159867695,0.46424642464246424,0.7152418148681533,0.984946452678424
Human,43852883.txt,0.40574282147315854,0.12891113892365458,0.4794007490636704,1.0721765209250729,0.9750352136869712
Human,43994605.txt,0.39643347050754457,0.04401650618982118,0.4732510288065844,0.7204375993142068,0.9851706995073131
Human,44115326.txt,0.22126745435016112,0.11644571838050878,0.2688865019692087,1.654528564915714,0.9739545425343927
Human,44145704.txt,0.34252539912917274,0.36588921282798836,0.4069767441860465,0.9365077801701048,0.9351529408204701
Human,44147689.txt,0.43107769423558895,0.07052896725440806,0.5087719298245614,0.9877187576908315,0.9785565314470911
Human,44185767.txt,0.3202911737943585,0.10300820419325434,0.3939945404913558,1.6226498114890648,0.9517619188601788
Human,44476983.txt,0.43209876543209874,0.03163686382393398,0.5061728395061729,0.5980329801581798,0.9540686791935346
Human,44624796.txt,0.481981981981982,0.058823529411764705,0.5698198198198198,0.5170524085978411,0.9754266992798287
Human,45077654.txt,0.3252804141501294,0.28262748487467587,0.3882657463330457,1.0578187373129895,0.9750998765143706
Human,45167858.txt,0.5159574468085106,0.058823529411764705,0.5877659574468085,0.44724411092460886,0.9727791919970221
Human,45286020.txt,0.3022988505747126,0.4827188940092166,0.35402298850574715,0.43936187514098524,0.977657589484406
Human,45462344.txt,0.37564102564102564,0.17737789203084833,0.4230769230769231,0.6980878968652793,0.9712139516342062
Human,45475027.txt,0.39342806394316165,0.11555555555555555,0.4551907719609583,1.2612500697796498,0.9780875431425898
Human,45656814.txt,0.32463768115942027,0.08139534883720931,0.427536231884058,0.5725069318010292,0.9713756823010182
Human,45900271.txt,0.3684210526315789,0.09415121255349501,0.45092460881934565,0.6142632585597103,0.9696300457631598
Human,45907524.txt,0.3288364249578415,0.4577702702702703,0.39376053962900504,1.237251373944028,0.9843821416774584
Human,45987048.txt,0.45045045045045046,0.01935483870967742,0.528957528957529,0.4595686911772697,0.956201838958459
Human,46055835.txt,0.47516556291390727,0.03986710963455149,0.5513245033112583,0.9144564703894327,0.9925014193380035
Human,46258701.txt,0.46511627906976744,0.04129263913824058,0.5652951699463328,0.853575619587024,0.9692919670154553
Human,46260230.txt,0.37566947207345064,0.055938697318007664,0.46748278500382556,1.0457458866154747,0.9639268211850913
Human,46349752.txt,0.38991270611057227,0.04859086491739553,0.475266731328807,0.5625161359046325,0.9898773879383612
Human,46514339.txt,0.3952513966480447,0.06722689075630252,0.48044692737430167,0.7983796303013431,0.9495126288910545
Human,46772262.txt,0.42696629213483145,0.13687600644122383,0.5120385232744783,0.6782226903071197,0.9580473875453654
Human,47067533.txt,0.35294117647058826,0.09064748201438849,0.4246771879483501,0.7804185113363951,0.9625061620809438
Human,47133747.txt,0.39285714285714285,0.056842105263157895,0.4810924369747899,0.7797664485509197,0.9782299459046343
Human,47276718.txt,0.35995955510616784,0.18522267206477733,0.42424242424242425,1.2108068631583824,0.9884159069235423
Human,47317494.txt,0.5,0.1,0.5633802816901409,0.8714727174016803,0.9407629484131087
Human,47410104.txt,0.4455611390284757,0.0453781512605042,0.5142378559463987,0.6592585925360156,0.993601601991506
Human,47470864.txt,0.38308457711442784,0.10972568578553615,0.4577114427860697,0.7437548553071952,0.9812287172368004
Human,47487091.txt,0.44350961538461536,0.046987951807228916,0.5288461538461539,0.729960939665258,0.9543972958633101
Human,47549345.txt,0.48697394789579157,0.060362173038229376,0.533066132264529,0.9560208889792053,0.9915267341606353
Human,47603843.txt,0.4866666666666667,0.0436241610738255,0.57,0.9290602462577281,0.9783439382374572
Human,47729453.txt,0.375,0.3287461773700306,0.42835365853658536,1.0557076709925908,0.9938547333016721
Human,47919212.txt,0.38545953360768176,0.07977991746905089,0.46227709190672156,0.6161601676456433,0.963869150712969
Human,47996197.txt,0.3669985775248933,0.08273894436519258,0.4423897581792319,0.5420339046767324,0.9925991265573529
Human,48037995.txt,0.44521497919556174,0.04728789986091794,0.5242718446601942,0.922799816630276,0.954916381357328
Human,48285304.txt,0.4613821138211382,0.044897959183673466,0.5386178861788617,0.8728156668730315,0.9544305185983721
Human,48533663.txt,0.4013921113689095,0.03953488372093023,0.5011600928074246,0.7257350280753058,0.9790912143102688
Human,48547319.txt,0.302945301542777,0.5133614627285513,0.3688639551192146,0.7358044178313615,0.9642813323112488
Human,48549972.txt,0.40404040404040403,0.09127789046653144,0.47474747474747475,1.1449196612108323,0.9866368774773665
Human,48580330.txt,0.37641154328732745,0.12955974842767295,0.4629861982434128,1.7949653858324184,0.9320738822846475
Human,49119887.txt,0.47227191413237923,0.02872531418312388,0.5778175313059034,1.1333575245740042,0.9607721223565884
Human,49127329.txt,0.3330365093499555,0.06422836752899197,0.40338379341050756,1.1152025958463396,0.9666464067672212
Human,49204385.txt,0.31806108897742363,0.0425531914893617,0.3884462151394422,0.9331017546475217,0.9821299363333645
Human,49285644.txt,0.42278481012658226,0.07106598984771574,0.5088607594936709,0.8302524617178297,0.9455536723488249
Human,49325370.txt,0.4246305418719212,0.10069101678183613,0.4916256157635468,0.7379938483320705,0.9640991260770083
Human,49475708.txt,0.31990794016110474,0.209919261822376,0.4085155350978136,0.578989598862854,0.97547991545607
Human,49486820.txt,0.3901705115346038,0.1748743718592965,0.46238716148445336,0.8961115838562785,0.9478371681446804
Human,49646155.txt,0.36342592592592593,0.06380510440835267,0.4409722222222222,0.6581640826029079,0.971878103707685
Human,49685006.txt,0.33152594887683967,0.19317300232738557,0.412858249419055,0.8924534820923435,0.9754555760296498
Human,49777184.txt,0.3686868686868687,0.18016194331983806,0.45151515151515154,1.083959183443279,0.97991001057491
Human,49937469.txt,0.4072164948453608,0.14728682170542637,0.49097938144329895,0.6984098590170974,0.9475940320379467
Human,49997097.txt,0.41210374639769454,0.10404624277456648,0.484149855907781,1.0440376212377958,0.9984822862010425
Human,50219114.txt,0.38350785340314136,0.05774278215223097,0.4594240837696335,0.5757052004214618,0.9575362845379117
Human,50222417.txt,0.2877569258266309,0.07788719785138765,0.35031277926720283,1.0143366519485286,0.9797323501304087
Human,50324968.txt,0.5092838196286472,0.021333333333333333,0.6180371352785146,1.1879321524081676,0.9749808268510047
Human,50328713.txt,0.3134953897736798,0.42233417296389586,0.37468566638725903,1.5534363863721263,0.9967720522783834
Human,50432401.txt,0.4511400651465798,0.28431372549019607,0.50814332247557,0.7501763737060473,0.9863217606747081
Human,50775901.txt,0.40456182472989194,0.1022864019253911,0.4837935174069628,0.7480562342103437,0.9571516054892748
Human,51018476.txt,0.38852097130242824,0.2261640798226164,0.45474613686534215,0.7795910546473345,0.9635455718275687
Human,51209395.txt,0.5976331360946746,0.03592814371257485,0.6863905325443787,0.632582847369779,0.9481884932208586
Human,51349448.txt,0.5859872611464968,0.02564102564102564,0.6815286624203821,1.1812977266715246,0.9289908090329029
Human,51363762.txt,0.3869047619047619,0.11530815109343936,0.4603174603174603,0.6860175968623138,0.9663494234815689
Human,51415089.txt,0.38971428571428574,0.11912943871706758,0.456,0.756360175337971,0.9812960281302253
Human,51432451.txt,0.3614457831325301,0.04589371980676329,0.4566265060240964,0.6039769540181119,0.9501796698007549
Human,51508889.txt,0.26125804145818443,0.1838340486409156,0.314867762687634,0.6745076258199342,0.9726097974999066
Human,51554903.txt,0.3821656050955414,0.12643678160919541,0.4407643312101911,0.9587689641285249,0.9833747170656932
Human,51588273.txt,0.42318059299191374,0.17615176151761516,0.477088948787062,0.6507839631673306,0.9780490624859256
Human,51638201.txt,0.40965732087227413,0.0421875,0.5046728971962616,0.9009031828550488,0.9559398947194068
Human,51639418.txt,0.39429530201342283,0.1734006734006734,0.46812080536912754,0.8722254433729653,0.9734798253220676
Human,51681660.txt,0.34291010194624655,0.07706592386258125,0.4318813716404078,0.7322197235471809,0.9606492551625941
Human,51724595.txt,0.3722707423580786,0.03282275711159737,0.46179039301310043,1.8156869910778557,0.9615844436428957
Human,51769822.txt,0.4380305602716469,0.12265758091993186,0.5178268251273345,0.5159459564950093,0.9796845721526025
Human,51777546.txt,0.47310126582278483,0.01904761904761905,0.560126582278481,0.7499107753076307,0.9826914718294317
Human,52246737.txt,0.39006342494714585,0.05826271186440678,0.46511627906976744,1.297186511229227,0.9549974927875007
Human,52252936.txt,0.4155495978552279,0.11155913978494623,0.5053619302949062,0.9738046264326359,0.9798667497323409
Human,52618188.txt,0.34036144578313254,0.1619718309859155,0.40562248995983935,1.0258257702903346,0.9544105299468224
Human,52684666.txt,0.25113636363636366,0.6742596810933941,0.31136363636363634,0.9418969433692704,0.9689029236326967
Human,52979663.txt,0.4297994269340974,0.040229885057471264,0.49140401146131807,0.8581407335650313,0.9691410073968252
Human,53129155.txt,0.35082458770614694,0.42105263157894735,0.4107946026986507,0.7595274674465043,0.9831764783550818
Human,53169257.txt,0.48095238095238096,0.14012738853503184,0.5666666666666667,0.6220804827223942,0.9697301415268473
Human,53227466.txt,0.3403755868544601,0.18235294117647058,0.4213615023474178,0.850153583801207,0.9640506040913442
Human,53265899.txt,0.40160183066361554,0.20642201834862386,0.477116704805492,1.1202424884222741,0.965610308945506
Human,53640713.txt,0.275390625,0.5436766623207301,0.3372395833333333,0.8329376497590467,0.964498599972544
Human,53701275.txt,0.40587449933244324,0.0642570281124498,0.48064085447263016,0.7074694001479206,0.9906344644382731
Human,54067174.txt,0.45401174168297453,0.03143418467583497,0.5322896281800391,0.8158351545192865,0.9610704585085114
Human,54100393.txt,0.3795918367346939,0.0860655737704918,0.4857142857142857,0.45306219215890314,0.9170953838633602
Human,54101961.txt,0.5229681978798587,0.05693950177935943,0.6007067137809188,0.42686331398783633,0.9825145475132807
Human,54180474.txt,0.4174454828660436,0.0484375,0.5,0.9128775736246244,0.9580956828416823
Human,54201930.txt,0.319774011299435,0.40770101925254815,0.37966101694915255,1.1477669667662784,0.9929164961070199
Human,54227873.txt,0.35469107551487417,0.569954128440367,0.43707093821510296,0.7973751441620283,0.9704098569436929
Human,54232810.txt,0.4597875569044006,0.0289193302891933,0.5553869499241275,0.9190879077920636,0.9618821009478112
Human,54246169.txt,0.35690968443960824,0.12322791712104689,0.4211099020674646,0.8353872664688675,0.9708603519867747
Human,54259150.txt,0.3862310385064177,0.11812865497076024,0.4632438739789965,0.9899565362220883,0.9423578546466498
Human,54308684.txt,0.39143426294820716,0.1157684630738523,0.4591633466135458,1.9591433938638911,0.9578671497017076
Human,54421668.txt,0.29833887043189367,0.35395874916833003,0.36345514950166113,1.2793989135114434,0.9704092816169666
Human,54934269.txt,0.2820919175911252,0.6550079491255962,0.33914421553090335,1.407733257820346,0.9588696480478381
Human,55097118.txt,0.3706030150753769,0.2380352644836272,0.457286432160804,0.9088604501284182,0.954869492016407
Human,55104715.txt,0.48095238095238096,0.045454545454545456,0.5547619047619048,0.7101245251160188,0.9592938271250339
Human,55477468.txt,0.46481178396072015,0.019704433497536946,0.5499181669394435,0.4097627489600794,0.9583363067144439
Human,55500538.txt,0.30354609929078014,0.8122332859174964,0.3446808510638298,0.6484126348679666,0.9608329953858998
Human,55595908.txt,0.3920653442240373,0.03859649122807018,0.46091015169194866,0.906493028774145,0.9622422069677916
Human,55712978.txt,0.3894849785407725,0.16559139784946236,0.43991416309012876,0.7290977464903757,0.9806394810325322
Human,55746506.txt,0.37623762376237624,0.07092198581560284,0.48514851485148514,0.5550263569195361,0.9645323747548535
Human,55953734.txt,0.39420289855072466,0.06286549707602339,0.47230320699708456,0.7013074268767278,0.9700076152326043
Human,56025640.txt,0.4260355029585799,0.0937129300118624,0.49467455621301776,0.8197857877453676,0.9523778774210544
Human,56068028.txt,0.4169570267131243,0.037296037296037296,0.5046511627906977,2.3716451657364566,0.9936800790623231
Human,56151548.txt,0.43037974683544306,0.015873015873015872,0.5253164556962026,0.9678842456240555,0.9742087557249676
Human,56286525.txt,0.3955928646379853,0.0683491062039958,0.4910807974816369,0.6856997343008557,0.9706176250602909
Human,56520872.txt,0.28112449799196787,0.48456375838926175,0.3293172690763052,0.6374974495489938,0.9649609146784599
Human,56525735.txt,0.2960829493087558,0.3140877598152425,0.35368663594470046,0.5770556275428839,0.9736783882552342
Human,56691064.txt,0.43034825870646765,0.0599250936329588,0.5130759651307597,1.6013071806135535,0.9779095436184362
Human,56792999.txt,0.4207221350078493,0.048818897637795275,0.49921507064364207,0.5580056114329591,0.9374890319753998
Human,56952849.txt,0.2924613987284287,0.38342440801457195,0.3490909090909091,0.8784873453816705,0.9292619186085497
Human,57002858.txt,0.3168469860896445,0.12093023255813953,0.39258114374034003,1.0229863170291833,0.9528550796767974
Human,57088974.txt,0.3621700879765396,0.16029411764705884,0.43255131964809385,0.7646256405865239,0.9902349218368921
Human,57262959.txt,0.38153846153846155,0.1574074074074074,0.4307692307692308,1.0800648215203419,0.9764921869257057
Human,57364820.txt,0.3982102908277405,0.05941704035874439,0.4742729306487696,1.1976242223523617,0.9293220463474281
Human,57575888.txt,0.3798219584569733,0.07829534192269574,0.44609297725024727,0.5135798580266806,0.9925900407718165
Human,57601040.txt,0.3985728848114169,0.04290091930541369,0.47604485219164117,0.7126533052306668,0.9480034874340902
Human,57667857.txt,0.25808538163001293,0.44559585492227977,0.31953428201811124,0.6559333357091344,0.9825786562127881
Human,57706851.txt,0.3171745152354571,0.18472222222222223,0.38488210818307905,0.8726825679432996,0.9499414711047593
Human,58048626.txt,0.4704968944099379,0.018691588785046728,0.5496894409937888,0.829682929168569,0.9723306090499726
Human,58105060.txt,0.32456140350877194,0.3313782991202346,0.3845029239766082,0.9819847038425101,0.9861871977573267
Human,58165257.txt,0.40903054448871184,0.06,0.49601063829787234,0.849680426591762,0.985136469016245
Human,58208591.txt,0.3158227848101266,0.0982256020278834,0.3911392405063291,1.0552110580043323,0.9686346840426159
Human,58428843.txt,0.44301765650080255,0.01932367149758454,0.5329052969502408,0.7493371051800667,0.9729267321063727
Human,58665241.txt,0.3719676549865229,0.26756756756756755,0.4501347708894879,1.5947590629633128,0.9891365603128264
Human,58708773.txt,0.43478260869565216,0.10756972111553785,0.5454545454545454,0.7609080632937953,0.9737315237625495
Human,58879993.txt,0.5218023255813954,0.10495626822157435,0.5930232558139535,1.4507925581495253,0.9813312498668867
Human,58915642.txt,0.32894736842105265,0.633245382585752,0.3881578947368421,1.1622694994146465,0.9956424781352476
Human,59011090.txt,0.5528455284552846,0.04632152588555858,0.6368563685636857,0.6945688962448505,0.9698215531031685
Human,59346975.txt,0.42206235011990406,0.07091346153846154,0.5011990407673861,0.6996000130521294,0.9662574250333126
Human,59403481.txt,0.40990371389270974,0.0993103448275862,0.4951856946354883,0.6430987100273914,0.9725626397982814
Human,59422148.txt,0.37555886736214605,0.04035874439461883,0.46348733233979134,1.2245202833051672,0.9802009991922997
Human,59450123.txt,0.3124312431243124,0.13671444321940462,0.39713971397139713,0.6257297177060934,0.9826540148415975
Human,59487170.txt,0.28790786948176583,0.3817307692307692,0.3435700575815739,2.6589513547399317,0.9375978431130597
Human,59696315.txt,0.3047550432276657,0.17243867243867245,0.3753602305475504,0.9555619097945263,0.9671194569604195
Human,59777056.txt,0.5200642054574639,0.00966183574879227,0.6003210272873194,0.5465206369229352,0.9381295921670525
Human,59818742.txt,0.38285714285714284,0.13516609392898052,0.44,0.834674925520419,0.982462656214362
Human,59938965.txt,0.48253968253968255,0.06070287539936102,0.5523809523809524,0.41806167397495453,0.956137556131848
Human,59962788.txt,0.4604715672676838,0.025034770514603615,0.5464632454923717,0.9907184665332996,0.9829244175252068
Human,60004873.txt,0.4428969359331476,0.19887955182072828,0.4958217270194986,0.4671999291265022,0.9889476818029861
Human,60182829.txt,0.3982521847690387,0.11639549436795996,0.46691635455680397,0.8489938581152557,0.9780348956714298
Human,60489316.txt,0.3569937369519833,0.06380753138075314,0.4363256784968685,0.8151331700636318,0.9597578766212902
Human,60624892.txt,0.37484737484737485,0.13953488372093023,0.42735042735042733,0.8287200729464876,0.918451820571693
Human,61065616.txt,0.43111831442463533,0.13008130081300814,0.5089141004862237,0.870099518137966,0.9310193772497956
Human,61315605.txt,0.40641711229946526,0.04289544235924933,0.5133689839572193,0.9106390448986469,0.9841143866115519
Human,61319162.txt,0.35294117647058826,0.1639871382636656,0.4128342245989305,1.4374007932865036,0.9984594201088306
Human,61322296.txt,0.3563218390804598,0.10253456221198157,0.4413793103448276,0.485545388796624,0.9779539407030792
Human,61579998.txt,0.4238975817923186,0.08131241084165478,0.4864864864864865,1.573171937102805,0.994766336921667
Human,61634281.txt,0.5066921606118547,0.046065259117082535,0.5736137667304015,0.7443076934129962,0.9618578635861728
Human,61677751.txt,0.4392220421393841,0.04065040650406504,0.5153970826580226,0.9913101943281003,0.9783543311286715
Human,62071407.txt,0.39173789173789175,0.12,0.45584045584045585,0.8224434663614416,0.9670462148306452
Human,62184086.txt,0.45132743362831856,0.26706231454005935,0.5398230088495575,0.7418747103220821,0.9634117443535635
Human,62312955.txt,0.5318471337579618,0.08012820512820513,0.5859872611464968,0.8559713338768071,0.9830646745965101
Human,62555739.txt,0.4229957805907173,0.03276955602536998,0.5126582278481012,0.7784756233278809,0.9431858391528025
Human,62700506.txt,0.3448275862068966,0.06436567164179105,0.4264432029795158,0.9815158059960745,0.958743008620522
Human,62809577.txt,0.42731277533039647,0.16592920353982302,0.5022026431718062,0.8228950510948785,0.9744693210043314
Human,62850928.txt,0.37771345875542695,0.05805515239477504,0.4558610709117221,1.8705532451423996,0.9865098732542367
Human,62870550.txt,0.4259012016021362,0.06827309236947791,0.514018691588785,0.9290960634683665,0.9251377008907496
Human,62994611.txt,0.247451343836886,0.787372330547818,0.283595922150139,0.7930899952202636,0.9626333638998766
Human,63083944.txt,0.37343927355278095,0.07281001137656427,0.45629965947786605,0.7506641654410406,0.9618796867674042
Human,63137898.txt,0.3241469816272966,0.10657894736842105,0.4015748031496063,0.6798647185603781,0.9763485893756747
Human,63145386.txt,0.46026986506746626,0.02406015037593985,0.5337331334332833,0.5772946799817039,0.9844410346878489
Human,63158213.txt,0.44549125168236875,0.15519568151147098,0.49663526244952894,1.415547079912251,0.8931940897221187
Human,63282405.txt,0.434991974317817,0.18357487922705315,0.507223113964687,0.6670513988215061,0.9563958433122363
Human,63391085.txt,0.41530054644808745,0.0589041095890411,0.5095628415300546,0.7987351722970752,0.9559920683198092
Human,63670997.txt,0.3842443729903537,0.04838709677419355,0.45819935691318325,1.0266163260862022,0.9869913776641781
Human,63989974.txt,0.3245341614906832,0.16510903426791276,0.38664596273291924,0.9977979479954384,0.9583750796228463
Human,64017585.txt,0.543640897755611,0.05513784461152882,0.6209476309226932,0.8312767354179087,0.9834201671296201
Human,64468610.txt,0.39879518072289155,0.07004830917874397,0.4542168674698795,0.8001249358097964,0.9852473985403657
Human,64471954.txt,0.5577557755775577,0.016611295681063124,0.6798679867986799,0.8678406826889714,0.9272754315727855
Human,64589506.txt,0.4804630969609262,0.10304789550072568,0.5499276410998553,0.9351479590077345,0.9904849842600418
Human,64755882.txt,0.4630541871921182,0.07084019769357495,0.535303776683087,0.9648792755091786,0.9788986993804991
Human,65062795.txt,0.410459587955626,0.03815580286168521,0.508716323296355,0.5475143889854245,0.9677178259302973
Human,65219288.txt,0.35475234270414996,0.09261744966442953,0.4364123159303882,0.5511943667681793,0.9734938623614106
Human,65237556.txt,0.46116504854368934,0.07177615571776155,0.5194174757281553,1.006157947745543,0.9721710591110306
Human,65325317.txt,0.28593272171253825,0.6232771822358346,0.33409785932721714,0.8420189724904746,0.9637546931812712
Human,65352424.txt,0.4135702746365105,0.07455429497568881,0.5088852988691438,1.189264612444047,0.9865943201663204
Human,65373280.txt,0.20249869859448205,0.9010416666666666,0.24765868886576484,0.86867704035064,0.981282589141921
Human,65456466.txt,0.21334586466165414,0.8258003766478342,0.25375939849624063,0.8953414252131696,0.9456024098907039
Human,65708020.txt,0.36562860438292966,0.10404624277456648,0.44405997693194926,0.6123013839989369,0.9505863903319879
Human,65864767.txt,0.3216216216216216,0.6341463414634146,0.3891891891891892,0.8311962921026295,0.9641028431266224
Human,66226673.txt,0.4785100286532951,0.05763688760806916,0.5530085959885387,1.3545118205364255,0.9864634629992556
Human,66683238.txt,0.46781789638932497,0.04094488188976378,0.5510204081632653,0.5460488350447879,0.9629367502546885
Human,66741193.txt,0.3525641025641026,0.05353319057815846,0.4284188034188034,0.5730893473925156,0.9843265632105305
Human,66832845.txt,0.3727544910179641,0.15639097744360902,0.44677661169415295,1.5236373047729714,0.9402645281214672
Human,66906212.txt,0.35777998017839446,0.09831181727904667,0.44400396432111,0.48181750438573073,0.9794682049751448
Human,67032711.txt,0.3609467455621302,0.0711743772241993,0.46272189349112425,0.480744074595988,0.9383042078315761
Human,67406885.txt,0.41636690647482016,0.11261261261261261,0.49550359712230213,0.9573881041664378,0.9692583299429423
Human,67501448.txt,0.49230769230769234,0.028241335044929396,0.5685019206145967,1.114365747929341,0.9833459315726799
Human,67582956.txt,0.40640809443507586,0.3108108108108108,0.4663299663299663,0.776584705615166,0.9729977423211482
Human,67631413.txt,0.3658872077028886,0.11724137931034483,0.4676753782668501,0.7122526946747809,0.9662865294896437
Human,67645662.txt,0.25118934348239774,0.8312678741658722,0.28924833491912466,0.9303457277251281,0.9675457427258336
Human,68216398.txt,0.4169381107491857,0.07026143790849673,0.495114006514658,0.8228497015139983,0.9886310754905693
Human,68240723.txt,0.47644927536231885,0.08363636363636363,0.5706521739130435,1.1959430915293812,0.9677346197873581
Human,68338341.txt,0.4230769230769231,0.06464924346629987,0.5116598079561042,0.5972077566595311,0.9514871590463905
Human,68460556.txt,0.48026315789473684,0.06622516556291391,0.5822368421052632,0.5236731707190146,0.9350405398745975
Human,68781345.txt,0.33402489626556015,0.10706860706860707,0.3983402489626556,0.7982360011565467,0.9661398015954266
Human,69005326.txt,0.48480463096960924,0.020319303338171262,0.5687409551374819,1.0786376884282205,0.9561471270049561
Human,69097572.txt,0.4653846153846154,0.03080872913992298,0.5556978233034571,0.8906275206643732,0.9754544201536116
Human,69155584.txt,0.5558739255014327,0.023054755043227664,0.66189111747851,0.5605026270403678,0.9240068347468167
Human,69181350.txt,0.3702857142857143,0.041237113402061855,0.4582857142857143,0.7263742418137545,0.9375659829678398
Human,69199666.txt,0.4558610709117221,0.02608695652173913,0.5520231213872833,0.791379465687317,0.9773816820033003
Human,69243180.txt,0.4088669950738916,0.132013201320132,0.4967105263157895,0.7795309457323294,0.9726004482959291
Human,69336473.txt,0.33964497041420116,0.11743772241992882,0.41183431952662725,1.429523425628362,0.9914391618656297
Human,69360287.txt,0.3675464320625611,0.06842619745845552,0.45365853658536587,1.1608063740096348,0.9778194452023032
Human,69458502.txt,0.4420485175202156,0.07972972972972973,0.5256064690026954,0.8622460867458913,0.9356817805342149
Human,69487178.txt,0.440536013400335,0.052100840336134456,0.5058626465661642,1.170283687381984,0.9840061694349403
Human,69532425.txt,0.5153846153846153,0.08139534883720931,0.6307692307692307,1.4273186955887323,0.9880446596186148
Human,69666645.txt,0.5612244897959183,0.046153846153846156,0.6632653061224489,0.7303863680738126,0.9894013178274224
Human,69764348.txt,0.351878612716763,0.21490593342981187,0.41329479768786126,1.1425160097333444,0.931950093213569
Human,69859102.txt,0.494579945799458,0.05434782608695652,0.5663956639566395,0.9472800900729338,0.9662279459688057
Human,70089206.txt,0.3467741935483871,0.07159353348729793,0.41935483870967744,1.0930169676848536,0.9891486507746153
Human,70196518.txt,0.5098039215686274,0.03943661971830986,0.5882352941176471,0.5686938529760089,0.9601794688953978
Human,70198580.txt,0.4470404984423676,0.08125,0.5311526479750779,1.0926646527743773,0.9660428180247161
Human,70528646.txt,0.33735909822866345,0.23387096774193547,0.40177133655394526,0.5993809801351714,0.9666333118364023
Human,70541112.txt,0.36019417475728155,0.05642023346303502,0.43592233009708736,0.7544848306025221,0.9835335431407017
Human,70603826.txt,0.4071969696969697,0.1413662239089184,0.4990530303030303,1.0552331518189877,0.9294166002908907
Human,70667011.txt,0.3935018050541516,0.06513872135102533,0.4813477737665463,1.1819673895025076,0.9727799861723524
Human,70750649.txt,0.39538855678906915,0.08896492728828058,0.448334756618275,0.9589690029424227,0.9883930716644
Human,70892619.txt,0.23295454545454544,0.7165242165242165,0.28267045454545453,1.348503853943262,0.9638512579033482
Human,71422121.txt,0.2948717948717949,0.15709969788519637,0.3665158371040724,0.792581243372938,0.9823521390917792
Human,71499299.txt,0.4341692789968652,0.16037735849056603,0.5313479623824452,0.6503087142844478,0.9743777635513414
Human,71576860.txt,0.4330357142857143,0.041791044776119404,0.5223214285714286,0.7963914568095722,0.9374944167836451
Human,71767359.txt,0.34006462035541196,0.063915857605178,0.4135702746365105,0.8520602774404866,0.9597190419190227
Human,71772815.txt,0.3643867924528302,0.11938534278959811,0.4492924528301887,0.782945430737242,0.9602369124214428
Human,71888547.txt,0.3948051948051948,0.140625,0.4935064935064935,1.3236047791973355,0.938882125513446
Human,72136463.txt,0.375,0.055201698513800426,0.4353813559322034,1.5883741000586802,0.9437954886550506
Human,72231872.txt,0.31255411255411253,0.12315698178664354,0.3887445887445887,0.9453545285687504,0.9560501012371179
Human,72652441.txt,0.29081081081081084,0.6608884073672806,0.3491891891891892,0.7106306731279595,0.9658668154484005
Human,72807293.txt,0.36459909228441756,0.06069802731411229,0.46142208774583965,0.7985335559695377,0.9651850793870085
Human,72876163.txt,0.3971631205673759,0.023696682464454975,0.46926713947990545,0.7343691469044723,0.9872760995374078
Human,73030450.txt,0.3782542113323124,0.446676970633694,0.4268104776579353,1.4196180060018488,0.9966305781930652
Human,73075521.txt,0.33419689119170987,0.11932555123216602,0.3963730569948187,1.316011070299018,0.9687672288072584
Human,73077810.txt,0.4467408585055644,0.04784688995215311,0.5119236883942766,1.002785937990881,0.9831364345294082
Human,73157997.txt,0.37092731829573933,0.052763819095477386,0.4473684210526316,0.5062390243515427,0.9669910168894094
Human,73282756.txt,0.3574363188167625,0.08401976935749589,0.4399671052631579,1.077825294195632,0.9708297577572034
Human,73448369.txt,0.36801242236024845,0.5062305295950156,0.42701863354037267,0.676188973592574,0.9783496585495954
Human,73497035.txt,0.4307931570762053,0.1060842433697348,0.5085536547433903,0.5900056808345101,0.976410960526695
Human,74126637.txt,0.4550898203592814,0.042042042042042045,0.5643712574850299,0.856390723382344,0.9416920105343328
Human,74191424.txt,0.47150997150997154,0.04428571428571428,0.5598290598290598,0.5520999806936331,0.9808384151471518
Human,74236636.txt,0.44503311258278144,0.1752988047808765,0.5099337748344371,0.6976075451175653,0.9903797641835406
Human,74512244.txt,0.4865269461077844,0.02702702702702703,0.5853293413173652,0.8156662782410685,0.9765946666008604
Human,74522938.txt,0.3297769156159069,0.3974732750242954,0.3860329776915616,0.5211777446094925,0.9582653754422273
Human,74552449.txt,0.3875968992248062,0.522077922077922,0.42377260981912146,0.6164731189416679,0.9228857710335691
Human,74816727.txt,0.39633286318758815,0.031117397454031116,0.5063469675599436,0.5097821087512375,0.9661185303946552
Human,74849878.txt,0.5521235521235521,0.10894941634241245,0.640926640926641,0.8989413458846984,0.977495782517606
Human,75057933.txt,0.3841642228739003,0.2261380323054332,0.4289897510980966,1.53833878976103,0.9961427272351152
Human,75156649.txt,0.47249190938511326,0.07166123778501629,0.5954692556634305,0.9601887755451094,0.8956355608742445
Human,75286906.txt,0.4040920716112532,0.08076923076923077,0.49104859335038364,0.7754086703374219,0.9689473792807769
Human,75297735.txt,0.46710526315789475,0.07590759075907591,0.5296052631578947,0.8164534792526662,0.9899966689919988
Human,75329822.txt,0.3865546218487395,0.07724719101123595,0.47619047619047616,0.8514649069228328,0.9805487380694744
Human,75435017.txt,0.23010546500479387,0.8546679499518768,0.27185398655139287,0.48535656299117813,0.9756931840397376
Human,75744306.txt,0.36971830985915494,0.15863689776733256,0.45838218053927315,0.6125837652826859,0.9573371630914257
Human,75950464.txt,0.29778051787916154,0.5006172839506173,0.35450061652281134,0.6554494004734627,0.9707683301464655
Human,76010167.txt,0.508695652173913,0.08733624454148471,0.6060606060606061,1.152077222692038,0.8613006475090793
Human,76196367.txt,0.3718791064388962,0.030303030303030304,0.45992115637319314,0.5586237873108701,0.9491437206536263
Human,76454959.txt,0.3452722063037249,0.16666666666666666,0.42120343839541546,0.6472388762489306,0.9902543974967077
Human,76530505.txt,0.34950071326676174,0.34763948497854075,0.42510699001426533,0.5566367351657535,0.9871339797415715
Human,76916835.txt,0.38074398249452956,0.07692307692307693,0.45295404814004375,0.6969253783770641,0.9500653026456733
Human,77156708.txt,0.28823529411764703,0.6698113207547169,0.33294117647058824,0.9701004643659081,0.9703599588980542
Human,77266989.txt,0.3949930458970793,0.1896792189679219,0.4728789986091794,0.677352165270074,0.9435250462544194
Human,77439230.txt,0.4061597690086622,0.05785920925747348,0.480269489894129,0.7783140950448426,0.9868029801640964
Human,77576845.txt,0.3954741379310345,0.0734341252699784,0.46012931034482757,1.3503814342530231,0.9313215208747064
Human,77626587.txt,0.4899328859060403,0.0472972972972973,0.5738255033557047,0.6922844004417519,0.9225231495016329
Human,77638654.txt,0.4197901049475262,0.06917293233082707,0.5037481259370314,0.8146495396928071,0.9790452560254109
Human,77828437.txt,0.41140776699029125,0.09378806333739342,0.4787363304981774,1.8129724983309754,0.9560996910743592
Human,78016758.txt,0.42543859649122806,0.025,0.5161290322580645,0.7658838732130767,0.9451773486251098
Human,78107631.txt,0.2192723697148476,0.864039408866995,0.2605703048180924,1.0192289177713838,0.9569666384404792
Human,78114950.txt,0.2194269741439553,0.8824352694191743,0.2641509433962264,0.8553238712038606,0.9843636718640993
Human,78149576.txt,0.43478260869565216,0.25663716814159293,0.4956521739130435,1.0394608655400588,0.9575956142120868
Human,78229715.txt,0.3265822784810127,0.3604060913705584,0.40253164556962023,0.8253708143937514,0.9830807525452888
Human,78257294.txt,0.41704857928505956,0.07162534435261708,0.4775435380384968,1.0716270318714722,0.9849649931633566
Human,78273826.txt,0.2490875912408759,0.2056672760511883,0.3166058394160584,0.48965327583535007,0.9845592946098592
Human,78298706.txt,0.3972413793103448,0.28907330567081607,0.46482758620689657,0.38307908299563326,0.954055945889759
Human,78357954.txt,0.41492146596858637,0.06036745406824147,0.4986910994764398,1.30475737314566,0.9941259286807065
Human,78403342.txt,0.4129651860744298,0.05535499398315283,0.5006002400960384,0.763615431259384,0.9667461756837519
Human,78538268.txt,0.44568690095846647,0.15865384615384615,0.5175718849840255,1.0637631532552279,0.9429978775706206
Human,79041971.txt,0.5209302325581395,0.06572769953051644,0.6046511627906976,0.6180677455348036,0.9274754615605397
Human,79261033.txt,0.34328358208955223,0.11980033277870217,0.4228855721393035,0.7600773907432523,0.9871695035065237
Human,79376680.txt,0.4093789607097592,0.04193138500635324,0.5297845373891001,0.7467850639775537,0.960107257037476
Human,79432080.txt,0.3741362290227048,0.05237154150197629,0.45956607495069035,0.65753026713135,0.9758994117872176
Human,79536879.txt,0.3867704280155642,0.10304449648711944,0.46531566640685895,0.7121773485429794,0.9510161560266392
Human,79541391.txt,0.28132387706855794,0.16923076923076924,0.34929078014184395,1.0825543724227726,0.9647403606854363
Human,79570655.txt,0.49142857142857144,0.15606936416184972,0.5257142857142857,1.2910998317365718,0.9937400510978681
Human,79663360.txt,0.44281524926686217,0.04411764705882353,0.5381231671554252,0.6124493298223542,0.9322120557080138
Human,79759716.txt,0.36075949367088606,0.05714285714285714,0.42563291139240506,0.5376864179011067,0.9702854856517765
Human,80000092.txt,0.5625,0.07368421052631578,0.6510416666666666,0.624118301697594,0.9434156318417163
Human,80053367.txt,0.48223350253807107,0.05432937181663837,0.55668358714044,0.9503796087597398,0.942484565363412
Human,80162314.txt,0.4156028368794326,0.04694167852062589,0.5092198581560283,0.4303740369901387,0.9549981879853382
Human,80275976.txt,0.34054054054054056,0.35102925243770317,0.3978378378378378,0.7146398573810487,0.9656764039521284
Human,80503242.txt,0.41887905604719766,0.047337278106508875,0.4941002949852507,0.6624351905526223,0.9591151565716325
Human,80527194.txt,0.40822784810126583,0.029535864978902954,0.5094736842105263,0.9713235299401163,0.9690016538838079
Human,80679862.txt,0.3793911007025761,0.027365129007036748,0.4574551131928181,0.9994352410515962,0.9647799264952243
Human,80876647.txt,0.4358322744599746,0.0535031847133758,0.5324015247776366,1.336238101846566,0.9566087230445689
Human,81011612.txt,0.43006993006993005,0.2323943661971831,0.46853146853146854,0.7747057904182226,0.9653500787907799
Human,81042872.txt,0.43437077131258456,0.1560379918588874,0.489851150202977,0.6407608176445916,0.9470861919024331
Human,81125166.txt,0.3046683046683047,0.20836751435602954,0.33906633906633904,3.50859861644164,0.9513232706889827
Human,81217013.txt,0.32367972742759793,0.04522184300341297,0.4182282793867121,0.5552806373261333,0.96887860499483
Human,81310245.txt,0.4312590448625181,0.06966618287373004,0.5195369030390738,0.5928354339491292,0.9464319524137074
Human,81373857.txt,0.506426735218509,0.05167958656330749,0.6041131105398457,0.7751623702462603,0.9689122967744157
Human,81508860.txt,0.381151832460733,0.05876180482686254,0.4481675392670157,0.7587896474119751,0.9898586656053306
Human,81588968.txt,0.3720472440944882,0.3875739644970414,0.43503937007874016,0.6704659749301548,0.95735063729158
Human,81677620.txt,0.3195121951219512,0.07084690553745929,0.3878048780487805,1.4836988580243677,0.9870753771343082
Human,81761658.txt,0.3321637426900585,0.13012895662368112,0.39415204678362575,0.642260550678966,0.9904009014957349
Human,82118447.txt,0.3563696919233972,0.15095913261050875,0.42464612822647796,0.9620469896834245,0.9524492484284838
Human,82125182.txt,0.45765765765765765,0.1301989150090416,0.5261261261261261,0.7723605408546798,0.9928990389677814
Human,82140102.txt,0.20940649496080627,0.8574635241301908,0.25867861142217247,0.4354049220160292,0.9518718497814243
Human,82246962.txt,0.38438735177865613,0.02967359050445104,0.4501480750246792,1.3044640661068585,0.9885363243750116
Human,82649935.txt,0.43759873617693523,0.05229793977812995,0.5118483412322274,0.7340643273448149,0.9595514767451334
Human,82738323.txt,0.4676056338028169,0.053824362606232294,0.5492957746478874,1.157088900902468,0.9945544469221342
Human,82929064.txt,0.5270758122743683,0.09090909090909091,0.6389891696750902,0.4791478360460339,0.9749267655194325
Human,83206166.txt,0.4940577249575552,0.030664395229982964,0.565365025466893,0.757707250833987,0.9760609355413036
Human,83338413.txt,0.4717557251908397,0.05666156202143951,0.5404580152671755,1.12425021855427,0.9707696934579885
Human,83566455.txt,0.3667180277349769,0.07727975270479134,0.4622496147919877,0.7244153233289067,0.9208735503507933
Human,83816738.txt,0.37696768848384427,0.06804979253112033,0.4515327257663629,0.8560462027251844,0.9354032198819
Human,84295343.txt,0.5171102661596958,0.09195402298850575,0.6159695817490495,0.6788303295902692,0.9226806896379096
Human,84356308.txt,0.34894991922455576,0.07033144704931285,0.4156577885391445,1.029557120274322,0.9662099425400416
Human,84373843.txt,0.3385542168674699,0.06038647342995169,0.4686746987951807,0.842237591072498,0.9078080700311392
Human,84512719.txt,0.5524691358024691,0.012422360248447204,0.6512345679012346,0.5946256198015961,0.9653677287556022
Human,85101052.txt,0.36328125,0.2154046997389034,0.4348958333333333,1.0101404225151829,0.9793864892937288
Human,85417107.txt,0.3602661596958175,0.06380952380952382,0.4439163498098859,0.6984029777246951,0.9832633526485355
Human,85421438.txt,0.27899686520376177,0.16020942408376965,0.3793103448275862,0.7939442257155648,0.9549789199617089
Human,85766635.txt,0.42363112391930835,0.1676300578034682,0.48703170028818443,1.4278565724777077,0.9745034607308256
Human,85918100.txt,0.3442028985507246,0.059322033898305086,0.42995169082125606,0.7128732016225857,0.9459361606592533
Human,85973397.txt,0.4096185737976783,0.09650582362728785,0.48756218905472637,0.7535205157209282,0.9883319906319206
Human,86184722.txt,0.4121212121212121,0.054678007290400975,0.49454545454545457,1.1397835292310965,0.9747288403341842
Human,86209934.txt,0.38209606986899564,0.2724288840262582,0.44759825327510916,0.856986788306949,0.973322094010056
Human,86322251.txt,0.3524390243902439,0.31295843520782396,0.4024390243902439,1.2918667264587622,0.9746099572370795
Human,86549455.txt,0.5135135135135135,0.17522658610271905,0.5675675675675675,0.9268803158112915,0.9832904979059834
Human,86551046.txt,0.4380165289256198,0.09141274238227147,0.5426997245179064,0.7306271252664553,0.967182214642513
Human,86595128.txt,0.42746913580246915,0.05572755417956656,0.5108024691358025,0.8125982582772875,0.9649303861986497
Human,86597425.txt,0.3436960276338515,0.46453287197231835,0.41278065630397237,0.9548614421785779,0.9698503486455726
Human,86828820.txt,0.3520485584218513,0.0821917808219178,0.4218512898330804,0.8268607470118947,0.9783396682067066
Human,87118391.txt,0.442572741194487,0.07834101382488479,0.5191424196018377,1.311201111238114,0.9467451318190168
Human,87520378.txt,0.5240875912408759,0.10102489019033675,0.5956204379562043,1.4403245374512736,0.9818196625816928
Human,87635012.txt,0.4090909090909091,0.042735042735042736,0.48579545454545453,1.8951253980689484,0.9842410072320222
Human,87826037.txt,0.3997584541062802,0.17554479418886199,0.4673913043478261,1.0961819983522965,0.9661982831054475
Human,87867370.txt,0.29725228975853457,0.1884904086738949,0.3597002497918401,0.9261582370059017,0.9660029469648651
Human,87968870.txt,0.36277173913043476,0.21798365122615804,0.42391304347826086,0.5649704631614682,0.9697258399505833
Human,88038965.txt,0.27712418300653596,0.21363040629095675,0.3333333333333333,0.8194305865374718,0.985915287153153
Human,88651471.txt,0.3825503355704698,0.08209959623149395,0.4429530201342282,1.245781735853992,0.9963733771578503
Human,88691367.txt,0.41225165562913907,0.03322259136212625,0.4768211920529801,0.6502730132337712,0.9696649313328594
Human,88859947.txt,0.4070221066319896,0.05345501955671447,0.49024707412223667,1.2508306462392844,0.951804580018552
Human,88907739.txt,0.3707440100882724,0.20480404551201012,0.4274905422446406,0.817418831870596,0.950928976688728
Human,89049979.txt,0.41037735849056606,0.09829867674858223,0.46226415094339623,0.8624325317614778,0.948635965570689
Human,89197180.txt,0.3992443324937028,0.08838383838383838,0.45717884130982367,0.8711329633608881,0.9550955104306106
Human,89413122.txt,0.4169435215946844,0.06333333333333334,0.5049833887043189,0.6382219604734093,0.9820000045211132
Human,89508407.txt,0.24864130434782608,0.8501362397820164,0.3233695652173913,1.7472804956373726,0.9758952436128469
Human,89512321.txt,0.3278846153846154,0.1724470134874759,0.40384615384615385,0.8153133797023845,0.9861298573309802
Human,89740812.txt,0.4514285714285714,0.06446991404011461,0.5085714285714286,1.3472093743476703,0.9840972833130486
Human,89858892.txt,0.45786516853932585,0.01971830985915493,0.5294943820224719,0.7337375931203268,0.9571783086102131
Human,90032884.txt,0.3507692307692308,0.4984567901234568,0.40923076923076923,0.9853973817704206,0.9825021953735896
Human,90066849.txt,0.28192999053926204,0.1033175355450237,0.3566698202459792,1.2287085119019607,0.9931845293632074
Human,90280583.txt,0.435630689206762,0.07301173402868318,0.4889466840052016,1.213913187524862,0.9882243548551242
Human,90318913.txt,0.30559345156889495,0.23803009575923392,0.38472032742155526,0.5637642484947059,0.9766437190198249
Human,90363254.txt,0.31874298540965207,0.08661417322834646,0.40404040404040403,0.6133871491357658,0.9597323275420312
Human,90365216.txt,0.43776223776223777,0.1767180925666199,0.5118881118881119,1.8543068170208479,0.9633248843887311
Human,90468982.txt,0.4317507418397626,0.03869047619047619,0.5326409495548962,0.5398054082512346,0.9699631275400775
Human,90629382.txt,0.4428341384863124,0.10662358642972536,0.5297906602254429,0.9091708506898607,0.9328997410394281
Human,90682785.txt,0.47641509433962265,0.07142857142857142,0.5990566037735849,0.5162598834271983,0.9762202212451988
Human,90685127.txt,0.4631043256997455,0.05370843989769821,0.5597964376590331,1.6067971955302234,0.988089833529671
Human,90867631.txt,0.3032258064516129,0.22416020671834624,0.3554838709677419,1.409595146958608,0.9644515937072945
Human,91026230.txt,0.37755102040816324,0.09846547314578005,0.45408163265306123,0.351730120216796,0.9743469909418788
Human,91051945.txt,0.22128378378378377,0.7412626832018039,0.26576576576576577,0.7092315947878891,0.9740165621251138
Human,91072502.txt,0.3588652482269504,0.2147937411095306,0.4340425531914894,0.6376131736094678,0.9828237947569015
Human,91116867.txt,0.569078947368421,0.019867549668874173,0.6710526315789473,0.5197665833310235,0.9645144345947796
Human,91121135.txt,0.3462986198243413,0.19874213836477989,0.410288582183187,1.393321109873148,0.9849624759610519
Human,91153752.txt,0.5150602409638554,0.11818181818181818,0.5843373493975904,1.4036403120841354,0.86016003899663
Human,91189201.txt,0.3673780487804878,0.28287461773700306,0.4253048780487805,0.8364111316820608,0.9759685646998231
Human,91197243.txt,0.42983565107458915,0.08354430379746836,0.51010101010101,1.112116174155834,0.9587092970599508
Human,91268638.txt,0.339041095890411,0.41762013729977115,0.408675799086758,0.4782966568266106,0.963215332499666
Human,91318828.txt,0.4205298013245033,0.1777408637873754,0.4817880794701987,0.8236603427291517,0.9968593778713768
Human,91431878.txt,0.3833580980683507,0.2488822652757079,0.462109955423477,0.6363754039961316,0.978731352808911
Human,91467795.txt,0.40853658536585363,0.07334963325183375,0.49878048780487805,0.8073199333667906,0.974066065509013
Human,91478356.txt,0.274251497005988,0.8391356542617047,0.3221556886227545,1.6351006443053613,0.973165974127558
Human,91515108.txt,0.4514003294892916,0.171900826446281,0.5238879736408567,1.2997659403760256,0.9844402078813279
Human,91533580.txt,0.3430321592649311,0.09062980030721966,0.4104134762633997,0.8059310904877931,0.8644175888737087
Human,91539554.txt,0.4542314335060449,0.15077989601386482,0.5215889464594128,1.062723757562235,0.9829616094388774
Human,91564103.txt,0.3715469613259669,0.07063711911357341,0.43784530386740333,1.1266003641305777,0.9731350604606173
Human,91591026.txt,0.43915343915343913,0.034482758620689655,0.4947089947089947,0.9737447436130781,0.9862878949111527
Human,91635250.txt,0.41455696202531644,0.019027484143763214,0.5010548523206751,0.8086097406043466,0.9367043048378574
Human,91697974.txt,0.4177215189873418,0.07475317348377997,0.4866385372714487,1.2331389846985696,0.9247601056429491
Human,91930382.txt,0.4975,0.02512562814070352,0.6075,0.6704735383480842,0.9876415702804168
Human,92069209.txt,0.38872832369942195,0.06376811594202898,0.45809248554913296,0.6347999206591897,0.9419928404007606
Human,92122785.txt,0.3638525564803805,0.2052505966587112,0.45357142857142857,0.6412577657298534,0.9521657672673592
Human,92200491.txt,0.39648682559598497,0.08176100628930817,0.48431618569636137,0.759506424691125,0.9816081333887448
Human,92246939.txt,0.2862903225806452,0.2510094212651413,0.34475806451612906,0.6466783954519558,0.9764018625107744
Human,92283635.txt,0.3682678311499272,0.17226277372262774,0.4512372634643377,0.7113873946486705,0.9585565137107028
Human,92524964.txt,0.3909985935302391,0.2566995768688293,0.45569620253164556,0.9608352236608074,0.9560053066929076
Human,92985983.txt,0.434640522875817,0.1901639344262295,0.5032679738562091,0.8455461610573817,0.9791696875110455
Human,93002334.txt,0.4115107913669065,0.05194805194805195,0.5050359712230216,0.5792074856682182,0.9576084933094353
Human,93112113.txt,0.34328358208955223,0.0667433831990794,0.40298507462686567,0.5331853446843298,0.9738041566627187
Human,93301686.txt,0.4027027027027027,0.04065040650406504,0.4783783783783784,0.5775812449605183,0.969090215917518
Human,93349646.txt,0.32219127205199627,0.056691449814126396,0.4035250463821892,1.3626314957488008,0.9669538289066913
Human,93436805.txt,0.46261682242990654,0.05625,0.5404984423676013,0.7225292415979048,0.9863392302848755
Human,93459677.txt,0.3341250989707047,0.17129262490087233,0.41092636579572445,0.7451940493844385,0.9858185893617005
Human,93512385.txt,0.4807692307692308,0.15161290322580645,0.5833333333333334,0.7024826536635796,0.9865779342093557
Human,93576192.txt,0.5441176470588235,0.06157635467980296,0.6127450980392157,1.6588629300470705,0.9718128183486426
Human,93653247.txt,0.3188405797101449,0.07262569832402235,0.4013377926421405,0.5504717568912171,0.9711967503954
Human,93828034.txt,0.4084084084084084,0.09969788519637462,0.45933734939759036,1.0750263484175349,0.9467136205652005
Human,93988900.txt,0.36757105943152457,0.1423948220064725,0.4376212023270847,1.3452909336414838,0.9829037767111815
Human,94047639.txt,0.33657858136300417,0.24442896935933148,0.40681502086230875,0.8249995167514622,0.9595185979327159
Human,94137171.txt,0.47884187082405344,0.026845637583892617,0.5523385300668151,0.6083413374153415,0.9717145345127528
Human,94230796.txt,0.41935483870967744,0.059245960502693,0.49372759856630827,0.9827757397596341,0.9734248728639503
Human,94417768.txt,0.47730829420970267,0.28728414442700156,0.5367762128325508,1.212164656996245,0.984943944707448
Human,94492380.txt,0.40405405405405403,0.06775067750677506,0.4905405405405405,0.6366575458211833,0.9617949983759616
Human,94503308.txt,0.4467005076142132,0.050933786078098474,0.5194585448392555,0.7732869643149354,0.9783127748514271
Human,95011061.txt,0.45496535796766746,0.04408352668213457,0.5450346420323325,0.5189692008257714,0.9592717715220676
Human,95085510.txt,0.4244712990936556,0.07575757575757576,0.5090634441087614,0.9062333944515181,0.9538312255408419
Human,95350373.txt,0.3474025974025974,0.2671009771986971,0.413961038961039,1.9668849748240116,0.9082481974049611
Human,95382114.txt,0.444947209653092,0.0453857791225416,0.5294117647058824,0.9267469733696413,0.9758596183997796
Human,95429627.txt,0.35699797160243407,0.1402439024390244,0.4208924949290061,1.0581352890799895,0.9834101892302493
Human,95519832.txt,0.4920212765957447,0.053475935828877004,0.6170212765957447,1.2256634500596943,0.9387306088267257
Human,95625660.txt,0.45072463768115945,0.2238372093023256,0.518840579710145,0.9498492493987404,0.981490757723337
Human,95714702.txt,0.3865638766519824,0.1357615894039735,0.4669603524229075,1.205164342335826,0.9842802988179504
Human,95769832.txt,0.4602739726027397,0.25068870523415976,0.536986301369863,0.4633333130830666,0.9762184723535615
Human,95792386.txt,0.3028953229398664,0.05427509293680297,0.36302895322939865,0.8467482238835973,0.9672667497594296
Human,95970987.txt,0.30306230200633577,0.07188160676532769,0.3996832101372756,0.9485069755539587,0.9718755850931636
Human,96029688.txt,0.25985844287158744,0.7689969604863222,0.29120323559150657,1.1473475833338478,0.984752776295269
Human,96260484.txt,0.3686502177068215,0.11208151382823872,0.432510885341074,0.6429811152743989,0.9889412021001552
Human,96457008.txt,0.5023923444976076,0.06763285024154589,0.6220095693779905,1.0040724292551821,0.9854187503289993
Human,96493528.txt,0.3434977578475336,0.05390835579514825,0.4295964125560538,0.5112274119201722,0.967138894046852
Human,96547039.txt,0.33579881656804733,0.5519287833827893,0.39497041420118345,0.6984306818850408,0.9725841444182874
Human,96761538.txt,0.5328185328185329,0.054474708171206226,0.637065637065637,0.7226498782586009,0.9753524380362685
Human,97123005.txt,0.5194174757281553,0.03571428571428571,0.6003236245954693,0.817492425954827,0.9212757548424633
Human,97169343.txt,0.2393048128342246,0.4919678714859438,0.2947860962566845,1.8441756987094262,0.9938928585049643
Human,97405769.txt,0.3063157894736842,0.25949367088607594,0.3821052631578947,0.6978124442275669,0.9356376628124269
Human,97449528.txt,0.46559633027522934,0.06896551724137931,0.5447247706422018,0.6321038228552437,0.9439626802233141
Human,98086373.txt,0.36877523553162855,0.17543859649122806,0.4414535666218035,1.9054753719600424,0.9553814123238651
Human,98108571.txt,0.4935897435897436,0.03896103896103896,0.6410256410256411,0.6164816906619934,0.9855083125614923
Human,98300955.txt,0.31940509915014165,0.1397163120567376,0.3902266288951841,1.2964024590132164,0.9845489213645953
Human,98309114.txt,0.29805194805194807,0.217815344603381,0.3512987012987013,1.5388022245001378,0.952232396098198
Human,98348532.txt,0.26356589147286824,0.44854368932038835,0.32558139534883723,0.5729247415451622,0.9707764271990006
Human,98379112.txt,0.5354330708661418,0.05533596837944664,0.6082677165354331,0.6688690384558957,0.9750793724150643
Human,98389424.txt,0.453781512605042,0.026981450252951095,0.5327731092436975,1.246726742554451,0.9808886949459262
Human,98509238.txt,0.35674931129476584,0.11740331491712708,0.4393939393939394,1.1179117605035556,0.9362276458140488
Human,98513424.txt,0.34076433121019106,0.0847457627118644,0.4080338266384778,0.576797629831567,0.9780468865912377
Human,98559931.txt,0.42876165113182424,0.04005340453938585,0.507323568575233,0.63023956315029,0.9526004751993863
Human,98965485.txt,0.3445255474452555,0.14641288433382138,0.4072992700729927,0.9161564298410614,0.9757400529377992
Human,99033098.txt,0.4539951573849879,0.04733009708737864,0.5460048426150121,1.3280448247826644,0.9512888320216019
Human,99124477.txt,0.30416156670746636,0.09620098039215687,0.3849449204406365,1.1388897750334608,0.9636776014965422
Human,99244405.txt,0.49333333333333335,0.03863298662704309,0.56,0.6428516994130151,0.9253096034434786
Human,99416532.txt,0.4072524407252441,0.13566433566433567,0.4769874476987448,1.0194687389804544,0.9376202585853746
Human,99433371.txt,0.4895833333333333,0.09473684210526316,0.546875,0.7320775232173161,0.9841873892789187
Human,99561379.txt,0.36590742101396034,0.22369389256806477,0.4276267450404115,0.8085455941928684,0.9798129839892963
Human,99680385.txt,0.3739770867430442,0.12786885245901639,0.4328968903436989,1.1229517152659119,0.966479558168383
Human,99714410.txt,0.3630769230769231,0.10996916752312436,0.4266666666666667,0.9876260367985007,0.9555215115842088
AI,10138632_AI.txt,0.5389908256880734,0.02304147465437788,0.6192660550458715,0.650943799197462,0.9661621594646629
AI,10176815_AI.txt,0.5210084033613446,0.04852320675105485,0.5945378151260504,0.8112147542319567,0.9766145316282384
AI,10182582_AI.txt,0.5052631578947369,0.037037037037037035,0.5947368421052631,0.8676270388470217,0.9683148369611249
AI,10186968_AI.txt,0.5448979591836735,0.0430327868852459,0.6326530612244898,0.6991389884566336,0.9390474814832764
AI,10268614_AI.txt,0.4520367936925099,0.077733860342556,0.5164257555847569,0.6525536235080394,0.9617308135551893
AI,10395944_AI.txt,0.45714285714285713,0.05077262693156733,0.5582417582417583,0.7533876431234794,0.9601141741920658
AI,10464113_AI.txt,0.44234404536862004,0.06261859582542695,0.5425330812854442,0.5884928643686843,0.968911572057747
AI,10466208_AI.txt,0.5011441647597255,0.034482758620689655,0.5949656750572082,0.8205735286716057,0.951857528237658
AI,10466583_AI.txt,0.4864864864864865,0.1245136186770428,0.583011583011583,0.4953885124105231,0.9540337555693377
AI,10480456_AI.txt,0.42196531791907516,0.12028985507246377,0.48121387283236994,0.6187426076712053,0.961266877751228
AI,10549585_AI.txt,0.4553415061295972,0.04569420035149385,0.5288966725043783,0.9364282648737609,0.94971285111778
AI,10553553_AI.txt,0.4511400651465798,0.07026143790849673,0.509771986970684,0.8815800090121064,0.9923506305561297
AI,10554045_AI.txt,0.5135135135135135,0.013574660633484163,0.6058558558558559,0.6560717361673878,0.9466711827373478
AI,10554236_AI.txt,0.42686567164179107,0.05688622754491018,0.5059701492537313,0.48755410259746107,0.9549095418718574
AI,10562768_AI.txt,0.4853700516351119,0.06563039723661486,0.5611015490533563,0.8117009555537124,0.9484670739655272
AI,10567764_AI.txt,0.4750499001996008,0.0841683366733467,0.564870259481038,0.9753684163984939,0.9550540841699058
AI,10624813_AI.txt,0.45335276967930027,0.10526315789473684,0.532069970845481,0.7200398915700088,0.9521433055314146
AI,10659182_AI.txt,0.5334645669291339,0.02766798418972332,0.6161417322834646,0.8150202330627595,0.9619396163517104
AI,10738095_AI.txt,0.41812865497076024,0.20087976539589442,0.4956140350877193,0.9971948012905056,0.9574818535761853
AI,10748989_AI.txt,0.36476043276661513,0.31007751937984496,0.41576506955177744,1.057970257686876,0.9715794432151721
AI,10751444_AI.txt,0.45058139534883723,0.09766763848396501,0.5101744186046512,0.7129641045079763,0.9621742768093225
AI,10820510_AI.txt,0.467005076142132,0.07397959183673469,0.5558375634517766,0.9479078731494784,0.9672849665753959
AI,10830646_AI.txt,0.44838212634822805,0.08500772797527048,0.5161787365177196,0.7129771299178304,0.9684918628169359
AI,10840430_AI.txt,0.46955128205128205,0.04823151125401929,0.530448717948718,0.9340632219728877,0.9641441236354942
AI,10926726_AI.txt,0.45709828393135726,0.057902973395931145,0.5241809672386896,0.8081463894876884,0.9650444817582602
AI,10945968_AI.txt,0.462406015037594,0.062146892655367235,0.551594746716698,0.6369207638495488,0.9917419901989681
AI,10953078_AI.txt,0.45611015490533563,0.07081174438687392,0.5094664371772806,0.7304896562779312,0.9169869766998174
AI,10969918_AI.txt,0.5170340681362725,0.03822937625754527,0.5951903807615231,0.9000028089212329,0.9663458752084986
AI,10984392_AI.txt,0.5088652482269503,0.021352313167259787,0.599290780141844,0.5705549236306978,0.9712797514508824
AI,11121498_AI.txt,0.46116504854368934,0.048701298701298704,0.529126213592233,0.3393854311223104,0.9658295982720312
AI,11152490_AI.txt,0.3853711790393013,0.0711159737417943,0.4596069868995633,0.8968249300768847,0.9778819580147678
AI,11174187_AI.txt,0.46458333333333335,0.07112970711297072,0.5479166666666667,0.8851613193890662,0.984230502933906
AI,11188218_AI.txt,0.48811410459587956,0.04451510333863275,0.5625990491283677,0.6202284082028764,0.9563505444957479
AI,11232471_AI.txt,0.49825783972125437,0.06315789473684211,0.5853658536585366,0.4626195393032304,0.9677962416938714
AI,11262933_AI.txt,0.4459234608985025,0.08514190317195326,0.5141430948419301,0.6223940414379254,0.9283748228295369
AI,11289482_AI.txt,0.4369287020109689,0.05871559633027523,0.5319926873857403,0.49806029980727934,0.9813889543181329
AI,11333001_AI.txt,0.5166666666666667,0.026755852842809364,0.5966666666666667,0.69051749754399,0.9582152507844902
AI,11336022_AI.txt,0.5184135977337111,0.03418803418803419,0.6090651558073654,0.8502376293738622,0.9721636952593183
AI,11393213_AI.txt,0.6076294277929155,0.010958904109589041,0.6948228882833788,0.6647507407722427,0.970643004852001
AI,11441764_AI.txt,0.4821150855365474,0.0405616224648986,0.5645412130637636,0.4527433688421718,0.9787020293834606
AI,11480899_AI.txt,0.417910447761194,0.048252911813643926,0.5107794361525705,0.6331002326962669,0.964534363394648
AI,11522068_AI.txt,0.6036036036036037,0.02727272727272727,0.7162162162162162,0.5755262751540154,0.9630039883627604
AI,11580408_AI.txt,0.44565217391304346,0.08363636363636363,0.519927536231884,1.4810613591897335,0.980486761173668
AI,11584809_AI.txt,0.4475873544093178,0.048414023372287146,0.5224625623960066,0.9318761579572861,0.9504455332404826
AI,11592605_AI.txt,0.4979508196721312,0.04938271604938271,0.5676229508196722,0.7413372115469699,0.9743775693379263
AI,11698189_AI.txt,0.5283018867924528,0.06736842105263158,0.6121593291404612,0.4719212920275959,0.9475699054063601
AI,11704150_AI.txt,0.5045871559633027,0.09023941068139964,0.5853211009174312,0.8841094289548123,0.96175608183707
AI,11722421_AI.txt,0.4301587301587302,0.06687898089171974,0.5111111111111111,1.1213902242241203,0.949481740272721
AI,11807040_AI.txt,0.4717607973421927,0.07333333333333333,0.5382059800664452,1.1156969088967734,0.9511872275189035
AI,11813872_AI.txt,0.4103225806451613,0.062095730918499355,0.49290322580645163,0.6549483609170262,0.9568075535473288
AI,11887930_AI.txt,0.4662698412698413,0.10956175298804781,0.5436507936507936,0.8348616443067407,0.9826176114320541
AI,11919526_AI.txt,0.4389027431421446,0.1739674593241552,0.49063670411985016,2.443672847020505,0.9963507288360434
AI,11958994_AI.txt,0.49566724436741766,0.04173913043478261,0.5736568457538995,0.522961210011269,0.9448268301025884
AI,11995013_AI.txt,0.4726166328600406,0.06517311608961303,0.5415821501014199,0.8895717359398609,0.9460739963094088
AI,12021752_AI.txt,0.458128078817734,0.11367380560131796,0.5303776683087028,0.5049243414744583,0.9721112995331328
AI,12022566_AI.txt,0.47420965058236275,0.02003338898163606,0.5374376039933444,0.7469376425592548,0.9605111663335953
AI,12059198_AI.txt,0.4418052256532066,0.07159904534606205,0.5344418052256532,0.7423269220090449,0.9530157461271097
AI,12059610_AI.txt,0.4671201814058957,0.06150341685649203,0.5668934240362812,0.6831198774561176,0.9558125186109442
AI,12065211_AI.txt,0.5053763440860215,0.02877697841726619,0.5627240143369175,0.5676532279274239,0.9630217932001117
AI,12071138_AI.txt,0.3333333333333333,0.13761467889908258,0.39215686274509803,0.4694353838619175,0.992868977650001
AI,12082377_AI.txt,0.45617977528089887,0.11286681715575621,0.5348314606741573,0.6076771812579758,0.9633390109292491
AI,12085736_AI.txt,0.43843843843843844,0.046686746987951805,0.512012012012012,0.43426253665969494,0.9857789737598733
AI,12144825_AI.txt,0.508,0.03815261044176707,0.562,0.9728622473818955,0.9527939477266604
AI,12155206_AI.txt,0.464041095890411,0.0859106529209622,0.5325342465753424,0.7988728832589809,0.9771651907755405
AI,12191094_AI.txt,0.47415730337078654,0.09480812641083522,0.5573033707865168,0.7819848658824967,0.9782666374427518
AI,12212468_AI.txt,0.38971807628524047,0.13477537437603992,0.47761194029850745,0.7012715878436736,0.955089542617243
AI,12254068_AI.txt,0.43159922928709055,0.13539651837524178,0.5163776493256262,0.5314257726257977,0.9603846075022257
AI,12351749_AI.txt,0.5084745762711864,0.0705596107055961,0.6004842615012107,0.6556194418758552,0.9702567280105618
AI,12545844_AI.txt,0.5097493036211699,0.07282913165266107,0.5877437325905293,0.6067527606552373,0.9875283718569531
AI,12547982_AI.txt,0.38814814814814813,0.1411589895988113,0.4562962962962963,0.8381027048521594,0.9596819819962545
AI,12587973_AI.txt,0.5123595505617977,0.033860045146726865,0.6089887640449438,0.8381363082510757,0.9553695240031113
AI,12613221_AI.txt,0.4627906976744186,0.11448598130841121,0.5511627906976744,1.215696594314195,0.9645976126690382
AI,12632728_AI.txt,0.42857142857142855,0.0,0.8571428571428571,1.0101525445522108,1.0
AI,12674256_AI.txt,0.5109983079526227,0.03395585738539898,0.6040609137055838,0.8438243833288982,0.975301088286591
AI,12674307_AI.txt,0.49894736842105264,0.016913319238900635,0.5894736842105263,0.3725903719622757,0.962158387783799
AI,12693146_AI.txt,0.4484848484848485,0.08113590263691683,0.5212121212121212,0.6805946566278613,0.9621408637814842
AI,12695537_AI.txt,0.5423728813559322,0.027210884353741496,0.611864406779661,0.7416376947176603,0.9795825563186901
AI,12696104_AI.txt,0.4657534246575342,0.08755760368663594,0.5616438356164384,0.8479251299356936,0.9175578773633348
AI,12717345_AI.txt,0.41368078175895767,0.10947712418300654,0.48534201954397393,0.8978311460777247,0.9729127542547371
AI,12780508_AI.txt,0.44403669724770645,0.0570902394106814,0.5376146788990825,0.6923813260888748,0.976036128494608
AI,12786012_AI.txt,0.4354561101549053,0.031088082901554404,0.5197934595524957,0.8127581135137044,0.982964965668599
AI,12791244_AI.txt,0.5050301810865191,0.046464646464646465,0.5774647887323944,0.8332566293634737,0.9545383974923504
AI,12802330_AI.txt,0.42569659442724456,0.034161490683229816,0.5139318885448917,0.5687375673469272,0.9599222844395928
AI,12839152_AI.txt,0.49706457925636005,0.0275049115913556,0.5694716242661448,0.8987777855121547,0.9396397733173224
AI,12920612_AI.txt,0.4340369393139842,0.041005291005291,0.503957783641161,0.7019942617652589,0.9583006210538105
AI,12938200_AI.txt,0.5250544662309368,0.0437636761487965,0.6100217864923747,0.5933782129634294,0.9559488439093775
AI,12955994_AI.txt,0.4798136645962733,0.03894080996884735,0.5590062111801242,0.9823421751168023,0.954025169014247
AI,13014900_AI.txt,0.45330739299610895,0.068359375,0.5408560311284046,0.697676102689208,0.984895554945044
AI,13037145_AI.txt,0.5163043478260869,0.07103825136612021,0.6086956521739131,0.6690562850897878,0.977651722544221
AI,13087952_AI.txt,0.5403587443946188,0.04504504504504504,0.6188340807174888,0.7658408644214946,0.9580789075206935
AI,13115648_AI.txt,0.49300155520995337,0.0187207488299532,0.5769828926905132,0.9159352074107645,0.9439613694441144
AI,13129275_AI.txt,0.45083487940630795,0.06890130353817504,0.5213358070500927,0.9471803705667539,0.9742229922321465
AI,13264796_AI.txt,0.44398907103825136,0.03561643835616438,0.5204918032786885,0.7814135354784529,0.9755956981991352
AI,13294301_AI.txt,0.5549738219895288,0.031578947368421054,0.6492146596858639,0.7889584274192575,0.9575479922612589
AI,13296856_AI.txt,0.42628774422735344,0.05525846702317291,0.5026642984014209,1.378270402093921,0.9712924340474194
AI,13313917_AI.txt,0.4777397260273973,0.07731958762886598,0.559931506849315,0.6687931039111891,0.9581693782961158
AI,13342150_AI.txt,0.506398537477148,0.04220183486238532,0.583180987202925,0.9833121241705347,0.9639830643521724
AI,13348915_AI.txt,0.49407114624505927,0.05952380952380952,0.5711462450592886,0.8485250994961762,0.9604068544575429
AI,13385306_AI.txt,0.416044776119403,0.0375234521575985,0.4897196261682243,0.9054617435905055,0.9840949444878796
AI,13386301_AI.txt,0.3531746031746032,0.15649867374005305,0.43915343915343913,1.0521385411836928,0.9534270654093545
AI,13393401_AI.txt,0.4547169811320755,0.043560606060606064,0.5433962264150943,0.7353882573106245,0.9577392324586798
AI,13405229_AI.txt,0.5664160401002506,0.037783375314861464,0.6290726817042607,0.47394814477775976,0.9288098552966663
AI,13518263_AI.txt,0.48746518105849584,0.05042016806722689,0.5793871866295265,0.7898247392657596,0.9565910646634177
AI,13520837_AI.txt,0.5307692307692308,0.019305019305019305,0.6076923076923076,0.6473622705025501,0.9362209924930393
AI,13565152_AI.txt,0.4805447470817121,0.0859375,0.5622568093385214,0.7856757801506048,0.965588292425066
AI,13569152_AI.txt,0.45359019264448336,0.07557117750439367,0.542907180385289,0.6166556677698529,0.9729573055048888
AI,13727873_AI.txt,0.49452554744525545,0.0347985347985348,0.5857664233576643,0.8411301859724049,0.9669447531840153
AI,13764840_AI.txt,0.5257142857142857,0.034482758620689655,0.6171428571428571,0.6276968705868604,0.9634094503798494
AI,13807808_AI.txt,0.4955223880597015,0.08108108108108109,0.591044776119403,0.8083678043059169,0.9434918871865752
AI,13809698_AI.txt,0.47058823529411764,0.05511811023622047,0.5647058823529412,0.8452185892819799,0.9744854007025406
AI,13812481_AI.txt,0.49887640449438203,0.03611738148984198,0.5797752808988764,0.7114996820956485,0.9312461400513292
AI,13836471_AI.txt,0.36198347107438017,0.10945273631840796,0.4297520661157025,0.9785182345958612,0.992411241886302
AI,13888506_AI.txt,0.5216494845360825,0.041407867494824016,0.6103092783505155,0.8744789074353753,0.958497797187888
AI,13907230_AI.txt,0.5821428571428572,0.03597122302158273,0.6714285714285714,0.7136040703574842,0.9753158804782793
AI,13909762_AI.txt,0.5110663983903421,0.08080808080808081,0.5895372233400402,0.8344543333468825,0.9643135861053318
AI,13915715_AI.txt,0.4875,0.135678391959799,0.54,0.8294366867888738,0.9586756584858637
AI,13982572_AI.txt,0.4900398406374502,0.024,0.5717131474103586,0.6674140312961316,0.9631758156245837
AI,13998435_AI.txt,0.405103668261563,0.1712,0.47527910685805425,0.7026454217002343,0.9662015679140707
AI,14062078_AI.txt,0.483739837398374,0.04081632653061224,0.5528455284552846,0.8551054810373855,0.98447091034648
AI,14070138_AI.txt,0.4508670520231214,0.03288201160541586,0.535645472061657,0.5978930927397825,0.9695220839043351
AI,14128006_AI.txt,0.4367816091954023,0.05271828665568369,0.5073891625615764,0.9672082492715018,0.9838065466710576
AI,14241621_AI.txt,0.40029761904761907,0.10597014925373134,0.4880952380952381,0.4604739601710072,0.9535903297752171
AI,14248724_AI.txt,0.4778761061946903,0.08902077151335312,0.584070796460177,0.5667050684580162,0.9788658660691808
AI,14256329_AI.txt,0.449901768172888,0.03747534516765286,0.5520628683693517,0.943486980533653,0.9902179587051321
AI,14267489_AI.txt,0.5288683602771362,0.060324825986078884,0.6027713625866051,1.0423264095900069,0.9467529466251975
AI,14278888_AI.txt,0.4974182444061962,0.04145077720207254,0.5662650602409639,0.7406451071323151,0.9863558739861782
AI,14364597_AI.txt,0.45590994371482174,0.10357815442561205,0.5196998123827392,0.5886119674610805,0.9771732329888205
AI,14381464_AI.txt,0.5882352941176471,0.023809523809523808,0.6764705882352942,0.41686846324449606,0.8936203204185983
AI,14391434_AI.txt,0.5152603231597845,0.03963963963963964,0.5834829443447038,0.8296877222165832,0.9783617598330014
AI,14408510_AI.txt,0.45077720207253885,0.07279029462738301,0.5371329879101899,0.48939319161444644,0.9833442810443438
AI,14445309_AI.txt,0.4499054820415879,0.06072106261859583,0.5160680529300568,0.900568865881678,0.990153182824725
AI,14449423_AI.txt,0.49295774647887325,0.037102473498233215,0.5669014084507042,0.7884365537562809,0.9547317787777844
AI,14517953_AI.txt,0.49122807017543857,0.09197651663405088,0.5633528265107213,0.861707862209369,0.9622892715969887
AI,14528265_AI.txt,0.5692771084337349,0.048484848484848485,0.6355421686746988,1.4666422190016513,0.9851527977368805
AI,14536764_AI.txt,0.47775628626692457,0.06990291262135923,0.5705996131528046,0.5738204420416695,0.9559102621155945
AI,14554542_AI.txt,0.41228070175438597,0.10915492957746478,0.4807017543859649,0.5186453735399638,0.9618775429261807
AI,14589288_AI.txt,0.49066666666666664,0.03753351206434316,0.5786666666666667,0.5499353766748586,0.9751051689688306
AI,14667957_AI.txt,0.43042671614100186,0.08193668528864059,0.4842300556586271,0.7035375829307248,0.9800199681796236
AI,14708590_AI.txt,0.433392539964476,0.1140819964349376,0.5062166962699822,0.5231249630599318,0.9666181911354857
AI,14726000_AI.txt,0.4708097928436911,0.06049149338374291,0.5649717514124294,0.9982238611378652,0.9554666117127826
AI,14743911_AI.txt,0.37791601866251945,0.22464898595943839,0.4432348367029549,0.6870295280673671,0.9856896518528869
AI,14771530_AI.txt,0.5273224043715847,0.04120879120879121,0.6338797814207651,0.7202367728047498,0.9537841031250152
AI,14825300_AI.txt,0.4056737588652482,0.11095305832147938,0.48936170212765956,1.240343570713581,0.9727279006924224
AI,14874322_AI.txt,0.3493282149712092,0.3930635838150289,0.40307101727447214,0.5612857171527843,0.9580386668609489
AI,14886205_AI.txt,0.5522388059701493,0.008565310492505354,0.6311300639658849,0.54211200983305,0.9669941524349307
AI,14910300_AI.txt,0.4758220502901354,0.06601941747572816,0.5415860735009671,1.1746454965960378,0.9238139232171515
AI,14937492_AI.txt,0.4574175824175824,0.03856749311294766,0.5315934065934066,0.6363638551948204,0.9530446382967456
AI,14945250_AI.txt,0.43434343434343436,0.059334298118668596,0.5093795093795094,0.5722299805842699,0.9621456495966285
AI,14990354_AI.txt,0.444253859348199,0.029259896729776247,0.5283018867924528,0.6691165240147945,0.9548176028848737
AI,15119529_AI.txt,0.499151103565365,0.05110732538330494,0.5840407470288624,0.5522278920664263,0.9709520193402074
AI,15139979_AI.txt,0.44696969696969696,0.06273764258555133,0.5170454545454546,0.833734482439133,0.9642258265623292
AI,15180322_AI.txt,0.5737704918032787,0.04945054945054945,0.6584699453551912,0.7051527404689601,0.9361306974649003
AI,15224503_AI.txt,0.4881422924901186,0.06349206349206349,0.5612648221343873,0.6385338017812516,0.9824176080295844
AI,15297298_AI.txt,0.49023090586145646,0.0374331550802139,0.5808170515097691,0.5688842631798834,0.9785888292118287
AI,15306049_AI.txt,0.5761194029850746,0.03003003003003003,0.6716417910447762,0.7359088547698351,0.9535212598376412
AI,15313140_AI.txt,0.48845470692717585,0.0392156862745098,0.5612788632326821,0.6444169924521608,0.9693111636718504
AI,15353911_AI.txt,0.5846153846153846,0.03875968992248062,0.676923076923077,0.722913238428968,0.9808256227649297
AI,15354126_AI.txt,0.47547974413646055,0.06852248394004283,0.5458422174840085,0.7256420130407708,0.9689086990157469
AI,15363277_AI.txt,0.4299835255354201,0.0628099173553719,0.5255354200988468,0.536385275912583,0.9823681310648771
AI,15425154_AI.txt,0.4308823529411765,0.08702064896755163,0.5058823529411764,0.8191895209198068,0.9478836473820317
AI,15433732_AI.txt,0.38016528925619836,0.07960199004975124,0.4462809917355372,0.7427790425427782,0.9473599837280996
AI,15564893_AI.txt,0.5075187969924813,0.04716981132075472,0.5695488721804511,1.1336316405596825,0.9412807347894554
AI,15603319_AI.txt,0.48312611012433393,0.0766488413547237,0.5470692717584369,0.7728469963105359,0.9678428553795192
AI,15618327_AI.txt,0.4775510204081633,0.13319672131147542,0.5387755102040817,0.8965878741919464,0.9775471740785443
AI,15620421_AI.txt,0.47974068071312803,0.022764227642276424,0.5640194489465153,0.8072775228078312,0.9697737549006811
AI,15636923_AI.txt,0.47603305785123967,0.03648424543946932,0.5586776859504132,0.7722242493579713,0.9726668541346056
AI,15651486_AI.txt,0.44990892531876137,0.08043875685557587,0.5373406193078324,0.6850641030116699,0.9697689281292905
AI,15680735_AI.txt,0.36363636363636365,0.10814094775212636,0.43272727272727274,0.6860201099710914,0.9263028812111093
AI,15684810_AI.txt,0.4959839357429719,0.15120967741935484,0.572289156626506,0.7032926600985189,0.9838156192796618
AI,15699744_AI.txt,0.4688,0.0738362760834671,0.5392,0.6942236547097922,0.9638866452895378
AI,15717923_AI.txt,0.5028571428571429,0.02676864244741874,0.5885714285714285,0.6834329397171159,0.9659824905611267
AI,15721849_AI.txt,0.4555084745762712,0.07659574468085106,0.5338983050847458,0.8183248091472999,0.9627012804668608
AI,15727656_AI.txt,0.4793536804308797,0.05045045045045045,0.5529622980251346,0.6435672008768193,0.9529095669005105
AI,15746146_AI.txt,0.45588235294117646,0.06751054852320675,0.5378151260504201,0.532054492315512,0.9478212498963114
AI,15765660_AI.txt,0.46911764705882353,0.05014749262536873,0.5411764705882353,0.6597823009256428,0.9531000696712559
AI,15790602_AI.txt,0.3979591836734694,0.0639386189258312,0.49107142857142855,0.5175327937004839,0.9509099444801908
AI,15791766_AI.txt,0.4904580152671756,0.022988505747126436,0.5763358778625954,0.5567715677495193,0.9579539378403655
AI,15792052_AI.txt,0.45691056910569106,0.10114192495921696,0.5317073170731708,0.6997762023027269,0.9714409989913648
AI,15802627_AI.txt,0.44753086419753085,0.10835913312693499,0.5246913580246914,0.9278609538831198,0.9825622254365898
AI,15811992_AI.txt,0.4166666666666667,0.0711743772241993,0.5177304964539007,0.7704227155632827,0.9535297154850334
AI,15821633_AI.txt,0.4619883040935672,0.04398826979472141,0.554093567251462,0.5073977413156454,0.9791061382087387
AI,15891494_AI.txt,0.49250936329588013,0.05827067669172932,0.5674157303370787,0.6690424002155133,0.98285761369821
AI,15899269_AI.txt,0.46954314720812185,0.1556122448979592,0.5482233502538071,1.3017640888152684,0.9778893958047075
AI,15906625_AI.txt,0.464818763326226,0.07708779443254818,0.5309168443496801,0.9836586062106222,0.9939794855843359
AI,15917885_AI.txt,0.46236559139784944,0.05945945945945946,0.5564516129032258,0.6253831959496392,0.9886189885188023
AI,15918496_AI.txt,0.4866220735785953,0.07550335570469799,0.5585284280936454,0.6473668274001192,0.9376064630598031
AI,15936656_AI.txt,0.4984126984126984,0.11182108626198083,0.5936507936507937,0.46639791037731043,0.9258703356634457
AI,15941675_AI.txt,0.4681724845995893,0.1134020618556701,0.5195071868583162,1.05700652586819,0.9454716943510122
AI,15958967_AI.txt,0.42216687422166876,0.0773067331670823,0.4937810945273632,1.0114861442639094,0.9851194563178833
AI,15973307_AI.txt,0.5337423312883436,0.037037037037037035,0.6288343558282209,0.7887293860620087,0.9641664217459721
AI,16203589_AI.txt,0.5077720207253886,0.03466204506065858,0.6096718480138169,0.6606604447915272,0.9615235651353018
AI,16223371_AI.txt,0.4459770114942529,0.05542725173210162,0.5471264367816092,1.0311481186307079,0.9522869683971122
AI,16248476_AI.txt,0.5231316725978647,0.07885304659498207,0.6014234875444839,0.6753335191581925,0.9808873052659657
AI,16270906_AI.txt,0.4507462686567164,0.03293413173652695,0.5537313432835821,0.635877897627981,0.9558058511877245
AI,16276121_AI.txt,0.5371702637889688,0.014457831325301205,0.6163069544364509,0.622010223097563,0.973736793181813
AI,16300459_AI.txt,0.4870967741935484,0.0744336569579288,0.5725806451612904,1.1163678719808978,0.9566623372213504
AI,16332348_AI.txt,0.4924698795180723,0.0513595166163142,0.5632530120481928,0.7392068385237851,0.9509636955550672
AI,16378091_AI.txt,0.509090909090909,0.033942558746736295,0.6181818181818182,0.4793773720855001,0.9761951498224011
AI,16407619_AI.txt,0.44293015332197616,0.03595890410958904,0.5358361774744027,0.7161294194928443,0.9643451883355805
AI,16449850_AI.txt,0.3708609271523179,0.23754152823920266,0.4552980132450331,0.631727072978321,0.9924208666622119
AI,16605352_AI.txt,0.538878842676311,0.025408348457350273,0.6094032549728752,0.8929563307356603,0.9659718447499562
AI,16702198_AI.txt,0.43681747269890797,0.028169014084507043,0.5241809672386896,1.0311181444078827,0.9686227173215127
AI,16833515_AI.txt,0.5,0.07662835249042145,0.5916030534351145,0.8836386828731008,0.9402490472064756
AI,16861758_AI.txt,0.4892241379310345,0.03896103896103896,0.5883620689655172,0.6980501089588904,0.9896230139132122
AI,16877897_AI.txt,0.48661800486618007,0.05867970660146699,0.5620437956204379,0.7338274709774658,0.9445543896869631
AI,16887936_AI.txt,0.4717887154861945,0.024067388688327317,0.5618247298919568,0.6129337609146889,0.9756138341640019
AI,16893572_AI.txt,0.42136498516320475,0.06547619047619048,0.49258160237388726,0.6853371168742092,0.9735860986226549
AI,16985289_AI.txt,0.4225352112676056,0.061224489795918366,0.5070422535211268,0.7193320179776249,0.9698744548571991
AI,17021141_AI.txt,0.3740053050397878,0.07313829787234043,0.45490716180371354,0.6501542159144169,0.9657638517833621
AI,17043822_AI.txt,0.41192411924119243,0.15217391304347827,0.46747967479674796,0.9516368907461173,0.966118926651168
AI,17095812_AI.txt,0.4865424430641822,0.056133056133056136,0.5693581780538303,0.8004789648923458,0.962561293561869
AI,17103000_AI.txt,0.42521008403361343,0.09612141652613827,0.49411764705882355,0.7378905737857787,0.9839768088965855
AI,17108676_AI.txt,0.5717884130982368,0.035443037974683546,0.6397984886649875,0.727724330701862,0.9758128728406087
AI,17111768_AI.txt,0.4574175824175824,0.048209366391184574,0.5343406593406593,0.8265005877582665,0.9583614845291967
AI,17115815_AI.txt,0.4930555555555556,0.04186046511627907,0.5671296296296297,2.2796133638135583,0.9697471278839117
AI,17131084_AI.txt,0.48058252427184467,0.02922077922077922,0.56957928802589,0.6341800287931648,0.9874425372552721
AI,17132168_AI.txt,0.45528455284552843,0.02857142857142857,0.5528455284552846,0.668350046002101,0.9671964258021842
AI,17150707_AI.txt,0.4254473161033797,0.05788423153692615,0.49304174950298213,0.6340712967926129,0.9564699245670696
AI,17152392_AI.txt,0.4233937397034596,0.024793388429752067,0.5189456342668863,0.7501116082288243,0.9223584022086523
AI,17163375_AI.txt,0.5666666666666667,0.012195121951219513,0.6909090909090909,0.651709848138827,0.9780489150469774
AI,17254634_AI.txt,0.46484375,0.03137254901960784,0.544921875,1.113067574953625,0.9575497190037391
AI,17274759_AI.txt,0.4601941747572815,0.06237816764132553,0.5281553398058253,1.3701650128363028,0.9804527147735824
AI,17276884_AI.txt,0.4245562130177515,0.050445103857566766,0.5118343195266272,0.4837570686822211,0.9860806819740077
AI,17286050_AI.txt,0.5626911314984709,0.07384615384615385,0.6330275229357798,0.8004088896358525,0.9514392704102742
AI,17306905_AI.txt,0.4209770114942529,0.031654676258992806,0.5179340028694405,0.6075175523729511,0.9859581095651699
AI,17307206_AI.txt,0.47920133111480867,0.04340567612687813,0.5723793677204659,1.0265014747533885,0.9537915797886197
AI,17311685_AI.txt,0.5314685314685315,0.07394366197183098,0.6083916083916084,0.997603640322674,0.965833866781195
AI,17312146_AI.txt,0.5013262599469496,0.064,0.5809018567639257,0.7242399438448832,0.9673562548377785
AI,17325147_AI.txt,0.5095057034220533,0.04580152671755725,0.5855513307984791,0.7462123705906935,0.9839220519459648
AI,17342969_AI.txt,0.3864306784660767,0.1301775147928994,0.4778761061946903,0.4203319111015521,0.9508038414019439
AI,17378327_AI.txt,0.5830388692579506,0.06761565836298933,0.6890459363957597,0.6953154804216383,0.9693525764694171
AI,17392859_AI.txt,0.40629095674967236,0.04730617608409987,0.49148099606815204,0.45229560394993945,0.9724493959646102
AI,17396388_AI.txt,0.44227642276422763,0.048939641109298535,0.5349593495934959,0.5238134633365763,0.9377097097610134
AI,17407184_AI.txt,0.4354243542435424,0.07592592592592592,0.5129151291512916,0.9449763041531837,0.9839810018779156
AI,17410700_AI.txt,0.47520661157024796,0.058091286307053944,0.5475206611570248,0.6455445282200255,0.9429581425668259
AI,17412079_AI.txt,0.4706959706959707,0.003676470588235294,0.5421245421245421,0.8504845755596286,0.9696412488333932
AI,17421910_AI.txt,0.5443037974683544,0.02754237288135593,0.6139240506329114,0.5761059268886759,0.9242272067885651
AI,17422560_AI.txt,0.4391080617495712,0.10327022375215146,0.5248713550600344,0.7783833153070598,0.9725698212002015
AI,17431847_AI.txt,0.4757785467128028,0.08680555555555555,0.5501730103806228,1.5321269199642036,0.9827370984701799
AI,17432318_AI.txt,0.5134615384615384,0.06563706563706563,0.5884615384615385,1.1062306729498816,0.9726921371369186
AI,17481570_AI.txt,0.45454545454545453,0.08849557522123894,0.533724340175953,0.7326700364857199,0.984321533187224
AI,17483843_AI.txt,0.47568710359408034,0.12738853503184713,0.5560253699788583,0.6094251404361308,0.9537201122643892
AI,17488801_AI.txt,0.41308089500860584,0.0535405872193437,0.47160068846815834,0.5825973614618462,0.9668805004500666
AI,17499196_AI.txt,0.3880070546737213,0.22831858407079647,0.4673721340388007,1.329175108057509,0.9609950123348238
AI,17509935_AI.txt,0.5104477611940299,0.036036036036036036,0.5940298507462687,0.6358567091806411,0.9556777808503509
AI,17510973_AI.txt,0.5038610038610039,0.01937984496124031,0.5791505791505791,0.9677873154591555,0.9586518656068841
AI,17539842_AI.txt,0.4347048300536673,0.12567324955116696,0.516994633273703,0.7194743802449451,0.9706678746127664
AI,17545780_AI.txt,0.4756756756756757,0.0433996383363472,0.5747747747747748,0.8107800794976917,0.969231151670122
AI,17555081_AI.txt,0.47278911564625853,0.08020477815699659,0.5408163265306123,1.2376852746480353,0.9743252941086624
AI,17556527_AI.txt,0.44669117647058826,0.06642066420664207,0.49816176470588236,0.9709579661132617,0.9908788798653516
AI,17562754_AI.txt,0.43157894736842106,0.03873239436619718,0.5175438596491229,0.9807131080755672,0.9774487523335024
AI,17570634_AI.txt,0.4469820554649266,0.04091653027823241,0.5089722675367048,0.8310820583240459,0.9835597568457699
AI,17571262_AI.txt,0.45571955719557194,0.053703703703703705,0.5553505535055351,0.42381419189005826,0.964063147897712
AI,17576030_AI.txt,0.4538834951456311,0.15365853658536585,0.5266990291262136,1.4576955389541832,0.9808038644194449
AI,17584743_AI.txt,0.4684512428298279,0.036468330134357005,0.5506692160611855,0.6716361594500715,0.951126549018723
AI,17597372_AI.txt,0.543424317617866,0.02493765586034913,0.6699751861042184,0.8092508159864436,0.9607744576920431
AI,17602815_AI.txt,0.4881889763779528,0.02766798418972332,0.5748031496062992,0.9971594599932236,0.9755138215956773
AI,17624934_AI.txt,0.4593698175787728,0.03993344425956739,0.5522388059701493,0.7374036196333682,0.9465257907491604
AI,17640785_AI.txt,0.5055555555555555,0.08217270194986072,0.5611111111111111,1.9400523588312915,0.998050944372015
AI,17641670_AI.txt,0.4557823129251701,0.02218430034129693,0.54421768707483,0.6213945602773477,0.9406675242087809
AI,17655479_AI.txt,0.4491869918699187,0.08571428571428572,0.5548780487804879,0.48898010109036527,0.9541156934554225
AI,17658471_AI.txt,0.5069582504970179,0.059880239520958084,0.5924453280318092,1.0800691696765372,0.9970776689651558
AI,17659053_AI.txt,0.5279187817258884,0.03735144312393888,0.6023688663282571,0.7982969872339768,0.9430135140978488
AI,17660419_AI.txt,0.5607843137254902,0.04743083003952569,0.6274509803921569,1.301671359278647,0.9954840308855302
AI,17681064_AI.txt,0.4421906693711968,0.06109979633401222,0.5192697768762677,0.7726917696554279,0.9609051895291381
AI,17686472_AI.txt,0.5345622119815668,0.058004640371229696,0.6189376443418014,0.7235772585501012,0.9573463670414597
AI,17688766_AI.txt,0.5100222717149221,0.053691275167785234,0.5902004454342984,0.7676441688015971,0.9661765426101743
AI,17694454_AI.txt,0.534521158129176,0.035794183445190156,0.6146993318485523,0.9872491090059704,0.9503459817504072
AI,17694572_AI.txt,0.5838323353293413,0.04819277108433735,0.6856287425149701,1.7133563254758817,0.957513372253349
AI,17704246_AI.txt,0.49213483146067416,0.045146726862302484,0.5797752808988764,0.820422269016667,0.957588069162255
AI,17714174_AI.txt,0.42484662576687116,0.06769230769230769,0.5138036809815951,0.5487322820075142,0.9505880136668717
AI,17730889_AI.txt,0.5073891625615764,0.03459637561779242,0.5878489326765188,1.0180753242263711,0.9644647866436074
AI,17775916_AI.txt,0.43309859154929575,0.10070671378091872,0.49295774647887325,0.6735100350953935,0.9628145788174032
AI,17781039_AI.txt,0.5928853754940712,0.01984126984126984,0.66600790513834,0.8261365039890787,0.9644671853490568
AI,17812897_AI.txt,0.44669117647058826,0.07564575645756458,0.5496323529411765,1.0010401039803252,0.9596825678616308
AI,17818707_AI.txt,0.48296593186372744,0.06237424547283702,0.5771543086172345,0.788996742127113,0.9447976406652746
AI,17823436_AI.txt,0.5685840707964602,0.008888888888888889,0.6438053097345132,0.7316085008472916,0.945526797902583
AI,17847636_AI.txt,0.4786150712830957,0.026584867075664622,0.5661914460285132,0.9547496490637515,0.9890322572601558
AI,17855844_AI.txt,0.4807073954983923,0.025806451612903226,0.572347266881029,0.7242690588423533,0.9487697919685645
AI,17857644_AI.txt,0.5225933202357563,0.03155818540433925,0.6247544204322201,0.852387399675207,0.9586443965497096
AI,17864043_AI.txt,0.43962848297213625,0.055900621118012424,0.5263157894736842,0.5829417547927235,0.9784368130915039
AI,17876954_AI.txt,0.47153284671532847,0.04538799414348463,0.5474452554744526,0.6841724767241316,0.9598709083891284
AI,17880988_AI.txt,0.4534653465346535,0.03578528827037773,0.5504950495049505,1.081931344301015,0.9838350099299131
AI,17911230_AI.txt,0.46924428822495606,0.06878306878306878,0.5518453427065027,1.168630020224192,0.9730815576167294
AI,17915015_AI.txt,0.47925311203319504,0.08541666666666667,0.549792531120332,1.0474796921792595,0.9804379411676133
AI,17926546_AI.txt,0.4721254355400697,0.027972027972027972,0.5609756097560976,0.642019155818563,0.9737833286266244
AI,17960690_AI.txt,0.4398563734290844,0.16396396396396395,0.5062836624775583,1.3616575244517009,0.9850008402790035
AI,17963031_AI.txt,0.44711538461538464,0.04983922829581994,0.5192307692307693,0.7705519884390578,0.9637623140955582
AI,17983430_AI.txt,0.5218295218295218,0.07933194154488518,0.5925155925155925,0.7294036595121993,0.9553286442708758
AI,17983957_AI.txt,0.4855371900826446,0.06016597510373444,0.5743801652892562,0.5948292924580775,0.9673537470726852
AI,17987433_AI.txt,0.481216457960644,0.07540394973070018,0.5402504472271914,0.8370672973354495,0.9574367192785616
AI,18001081_AI.txt,0.400974025974026,0.16612377850162866,0.47564935064935066,0.6983267002995162,0.9751334458047652
AI,18024825_AI.txt,0.4205128205128205,0.2607204116638079,0.48376068376068376,1.4513210392063665,0.9895893363399473
AI,18029935_AI.txt,0.44871794871794873,0.07352941176470588,0.5274725274725275,0.8199640304476353,0.9621010058191246
AI,18036030_AI.txt,0.563169164882227,0.008602150537634409,0.6680942184154176,0.6369480909309801,0.942700507986337
AI,18062906_AI.txt,0.5297619047619048,0.037848605577689244,0.5932539682539683,0.7228396618758306,0.9584121980385182
AI,18067556_AI.txt,0.5036710719530103,0.036818851251840944,0.5756240822320118,0.7638731915344611,0.9281104150015534
AI,18072085_AI.txt,0.475103734439834,0.08350730688935282,0.5550935550935551,0.7899922944125952,0.9808818793230335
AI,18079050_AI.txt,0.4195933456561922,0.07050092764378478,0.49168207024029575,0.8490974331064267,0.9764704676632389
AI,18084150_AI.txt,0.43833333333333335,0.09698996655518395,0.5133333333333333,0.6673290979719076,0.9776561743155235
AI,18090899_AI.txt,0.4279749478079332,0.09224318658280922,0.5365344467640919,0.7762267977035641,0.9816487453337983
AI,18106533_AI.txt,0.4435146443514644,0.11764705882352941,0.5188284518828452,0.7462915206341402,0.9914255810114039
AI,18129173_AI.txt,0.4889705882352941,0.05350553505535055,0.5680147058823529,0.6238240034206856,0.9764723714174605
AI,18132924_AI.txt,0.5032679738562091,0.054098360655737705,0.5702614379084967,0.7767952284422369,0.9778460109957706
AI,18133495_AI.txt,0.46880907372400754,0.08538899430740038,0.5652173913043478,0.8037059998210925,0.9742630171692105
AI,18155310_AI.txt,0.5147744945567652,0.0436817472698908,0.5987558320373251,0.765733093301888,0.9690433390014818
AI,18159866_AI.txt,0.38881664499349805,0.08604954367666232,0.459037711313394,0.671524932692833,0.9487497130467024
AI,18171955_AI.txt,0.4102112676056338,0.045936395759717315,0.5211267605633803,0.7036595438280597,0.9450337345534763
AI,18172739_AI.txt,0.5037220843672456,0.04987531172069826,0.5781637717121588,0.8870787366733375,0.9642125452285473
AI,18176523_AI.txt,0.4776386404293381,0.05045045045045045,0.5457809694793537,0.943876982423695,0.9837460055370434
AI,18187364_AI.txt,0.4223300970873786,0.07792207792207792,0.47896440129449835,0.6613699444772938,0.9782250159719598
AI,18198627_AI.txt,0.5543237250554324,0.017817371937639197,0.6385809312638581,0.7837807911213146,0.9668146619685104
AI,18208580_AI.txt,0.4979508196721312,0.037037037037037035,0.5860655737704918,0.820487781254201,0.9628905128271358
AI,18227306_AI.txt,0.46102819237147596,0.05324459234608985,0.5306799336650083,0.5551376039703197,0.9268809848486312
AI,18236085_AI.txt,0.39109697933227344,0.03987240829346093,0.4864864864864865,0.636879807187673,0.9646942480513809
AI,18242317_AI.txt,0.4896907216494845,0.07758620689655173,0.5567010309278351,0.8195297927263226,0.9841849896394939
AI,18264694_AI.txt,0.4377952755905512,0.07424960505529225,0.5023622047244094,0.8845015959610107,0.98038704192481
AI,18268860_AI.txt,0.4409448818897638,0.04940711462450593,0.5334645669291339,0.6087871349875177,0.9935095617495857
AI,18278509_AI.txt,0.5317220543806647,0.09422492401215805,0.6163141993957704,1.1498265349460282,0.9752405247712845
AI,18293620_AI.txt,0.43032159264931086,0.08602150537634409,0.5130168453292496,0.681968180433015,0.9765693693078598
AI,18297650_AI.txt,0.49335863377609107,0.022857142857142857,0.573055028462998,0.5692306850698602,0.9473512795741206
AI,18301617_AI.txt,0.5053763440860215,0.06047516198704104,0.567741935483871,1.0327619737794917,0.9571505844472464
AI,18311419_AI.txt,0.48616600790513836,0.04365079365079365,0.5948616600790514,0.5163336521548435,0.9534878389630539
AI,18316239_AI.txt,0.4697452229299363,0.02875399361022364,0.552547770700637,0.5062009351073982,0.963386289111549
AI,18319061_AI.txt,0.4307692307692308,0.09262435677530018,0.5025641025641026,0.6272507140300045,0.957706277290789
AI,18328743_AI.txt,0.4876325088339223,0.03558718861209965,0.5936395759717314,0.6574107032751098,0.9644587193098141
AI,18334783_AI.txt,0.3794466403162055,0.05952380952380952,0.466403162055336,0.7186465311839961,0.9631733893664561
AI,18354623_AI.txt,0.45737704918032784,0.027960526315789474,0.5278688524590164,1.241040054732524,0.9634969340338285
AI,18365443_AI.txt,0.44976816074188564,0.046511627906976744,0.5378670788253478,0.657949091731815,0.9660265383047444
AI,18365791_AI.txt,0.6141732283464567,0.023809523809523808,0.7125984251968503,0.41801366771187004,0.9642729809367246
AI,18368613_AI.txt,0.514367816091954,0.023121387283236993,0.617816091954023,0.7674805610301219,0.9669351838991347
AI,18369400_AI.txt,0.42655935613682094,0.1111111111111111,0.5372233400402414,0.5437276469125513,0.9576367413563655
AI,18422164_AI.txt,0.44858156028368795,0.06405693950177936,0.5390070921985816,0.6710196510640197,0.9741861001808317
AI,18436190_AI.txt,0.48879837067209775,0.024539877300613498,0.5621181262729125,0.6798371892385174,0.9730597249618936
AI,18442517_AI.txt,0.4669479606188467,0.06205923836389281,0.540084388185654,0.5306549086484114,0.9698413891016495
AI,18448085_AI.txt,0.5091743119266054,0.03225806451612903,0.591743119266055,0.935482766008533,0.9620852592826538
AI,18457785_AI.txt,0.4653130287648054,0.050933786078098474,0.5380710659898477,0.8499395925408888,0.9731449483892839
AI,18460045_AI.txt,0.5068493150684932,0.08275862068965517,0.5958904109589042,0.7269090522840732,0.9370009660767636
AI,18472240_AI.txt,0.4451219512195122,0.09815950920245399,0.5457317073170732,0.4940576765974577,0.9368497675353948
AI,18480859_AI.txt,0.36717428087986465,0.15789473684210525,0.44839255499153974,0.6779465386481003,0.9632718700613504
AI,18484846_AI.txt,0.4646098003629764,0.07650273224043716,0.5281306715063521,0.7975239285563456,0.9452683343509918
AI,18488289_AI.txt,0.4486486486486487,0.10849909584086799,0.5081081081081081,1.0977018419033933,0.9541058853432038
AI,18501746_AI.txt,0.46938775510204084,0.05641025641025641,0.5612244897959183,0.5562167065266662,0.9419799986046522
AI,18509268_AI.txt,0.44554455445544555,0.06759443339960239,0.5207920792079208,0.3669302121790248,0.9577434791682573
AI,18525641_AI.txt,0.39290780141843973,0.049786628733997154,0.46808510638297873,0.6009560025580061,0.976788332666534
AI,18557164_AI.txt,0.5268817204301075,0.02159827213822894,0.6064516129032258,0.6327651608543945,0.9745919322457771
AI,18569929_AI.txt,0.46716697936210133,0.05273069679849341,0.5309568480300187,0.843772345471554,0.9778609862829851
AI,18586076_AI.txt,0.42140026420079263,0.06887417218543046,0.49933949801849403,1.0676548206052539,0.9681325492574039
AI,18589927_AI.txt,0.507537688442211,0.017676767676767676,0.6080402010050251,0.6047001353629832,0.9761264503086964
AI,18635654_AI.txt,0.5058479532163743,0.03529411764705882,0.5994152046783626,0.8150252253579774,0.9629945242412365
AI,18636651_AI.txt,0.3803009575923393,0.06721536351165981,0.4473324213406293,0.6402219474478329,0.9551665642541493
AI,18640927_AI.txt,0.44019138755980863,0.104,0.518341307814992,0.48950252473394795,0.9738782488510414
AI,18645964_AI.txt,0.44464609800362975,0.058287795992714025,0.52994555353902,0.7292043122583413,0.9737860613963208
AI,18669563_AI.txt,0.4745762711864407,0.036170212765957444,0.5550847457627118,0.8105898382027908,0.9856254572656558
AI,18714571_AI.txt,0.37773359840954274,0.2774451097804391,0.43737574552683894,0.7731857728252302,0.968935334202012
AI,18725071_AI.txt,0.4592445328031809,0.10179640718562874,0.5467196819085487,0.6555161681610943,0.9468137325685712
AI,18731098_AI.txt,0.504601226993865,0.03230769230769231,0.5782208588957055,0.7305711916268446,0.9539500304158091
AI,18752129_AI.txt,0.4775510204081633,0.03278688524590164,0.5816326530612245,0.9011150994276955,0.974853218058314
AI,18753367_AI.txt,0.4980694980694981,0.04263565891472868,0.5675675675675675,0.6645238769959847,0.9603055595903497
AI,18757174_AI.txt,0.5415384615384615,0.05572755417956656,0.6369230769230769,1.3810577004367905,0.9908797711510449
AI,18767449_AI.txt,0.5282051282051282,0.11855670103092783,0.6051282051282051,1.1836111016603814,0.955466618196786
AI,18784594_AI.txt,0.4852941176470588,0.02214022140221402,0.5698529411764706,0.6042865937131214,0.9375147491072298
AI,18795567_AI.txt,0.5324675324675324,0.049891540130151846,0.6004319654427646,0.9621287610988276,0.96595975241541
AI,18805506_AI.txt,0.4563758389261745,0.04040404040404041,0.5486577181208053,0.9249625174001025,0.9895990320116033
AI,18824120_AI.txt,0.45714285714285713,0.045889101338432124,0.539047619047619,1.1142608692882354,0.9698084240183978
AI,18825446_AI.txt,0.45475113122171945,0.02727272727272727,0.5135746606334841,1.214815470439414,0.9890612743657531
AI,18827609_AI.txt,0.474036850921273,0.03361344537815126,0.5695142378559463,0.5544703576348261,0.9762959402771603
AI,18835363_AI.txt,0.4268292682926829,0.06938775510204082,0.5467479674796748,0.5327007634932797,0.9714054153607882
AI,18856440_AI.txt,0.4811320754716981,0.054924242424242424,0.5584905660377358,0.8936504688944987,0.956931250009161
AI,18882984_AI.txt,0.41809672386895474,0.09389671361502347,0.48673946957878317,0.9543017884795001,0.9856071473606365
AI,18885231_AI.txt,0.5483870967741935,0.05194805194805195,0.632258064516129,0.8967837494200986,0.9814029255358784
AI,18885767_AI.txt,0.3891472868217054,0.09797822706065319,0.45891472868217054,0.8065334550840538,0.9716081740235579
AI,18900722_AI.txt,0.433489827856025,0.08320251177394035,0.5179968701095462,0.5531191506546009,0.9719894241059415
AI,18905648_AI.txt,0.528125,0.06289308176100629,0.6375,0.9272465606355875,0.9812512203140387
AI,18927233_AI.txt,0.5429362880886427,0.03064066852367688,0.6204986149584487,0.6906754829049071,0.9589148577705606
AI,18932512_AI.txt,0.4173728813559322,0.08085106382978724,0.5169491525423728,0.5328119552624478,0.9329313358533247
AI,18937778_AI.txt,0.5135566188197768,0.0448,0.5885167464114832,0.7960745540989405,0.971074626890856
AI,18949843_AI.txt,0.4331723027375201,0.1050080775444265,0.5056360708534622,0.6559297335007939,0.9697024094261439
AI,18975686_AI.txt,0.3996101364522417,0.14481409001956946,0.48148148148148145,0.6923395467292366,0.9514244627265873
AI,18979238_AI.txt,0.49581589958158995,0.02100840336134454,0.5815899581589958,0.6684702563128501,0.9561393139673986
AI,18997135_AI.txt,0.5167652859960552,0.015841584158415842,0.6153846153846154,0.8023309561905178,0.9545603279919002
AI,19007667_AI.txt,0.4639175257731959,0.06920415224913495,0.5498281786941581,0.49282913539059703,0.9214378155492983
AI,19037403_AI.txt,0.511864406779661,0.05952380952380952,0.576271186440678,0.6359462296526963,0.956570129527923
AI,19053815_AI.txt,0.46628407460545196,0.050359712230215826,0.533715925394548,0.9675800604762914,0.9632614172373362
AI,19063156_AI.txt,0.4989293361884368,0.025806451612903226,0.588865096359743,0.5948998023250105,0.9675236969300312
AI,19070271_AI.txt,0.38673139158576053,0.12987012987012986,0.45792880258899676,0.8350329275920007,0.9661697738612698
AI,19072267_AI.txt,0.4276422764227642,0.053833605220228384,0.4959349593495935,0.6529425586320361,0.9760265627264364
AI,19090468_AI.txt,0.41834862385321103,0.0865561694290976,0.4954128440366973,1.3325264576150884,0.997018407221552
AI,19108760_AI.txt,0.443859649122807,0.06514084507042253,0.5175438596491229,1.123252129675257,0.9645897412754789
AI,19124258_AI.txt,0.4007421150278293,0.07635009310986965,0.47309833024118736,0.8743802083270242,0.9556161290532645
AI,19147494_AI.txt,0.4794520547945205,0.047151277013752456,0.5714285714285714,0.32854645585770254,0.9246826335916064
AI,19147603_AI.txt,0.4446529080675422,0.09981167608286252,0.5178236397748592,0.75520004352556,0.978964049188476
AI,19147947_AI.txt,0.5010989010989011,0.12141280353200883,0.5846153846153846,0.9418290628651083,0.9764009757474905
AI,19149865_AI.txt,0.4008559201141227,0.11731044349070101,0.48359486447931527,0.6928998987967436,0.9728401244819187
AI,19156751_AI.txt,0.5008726003490401,0.03852889667250438,0.581151832460733,0.5222620613839425,0.9304070092989724
AI,19161572_AI.txt,0.49122807017543857,0.05653710247349823,0.5824561403508772,0.8335542004344484,0.9667999046939383
AI,19164410_AI.txt,0.39228295819935693,0.05967741935483871,0.48231511254019294,0.5975236851717224,0.9793189403229812
AI,19176318_AI.txt,0.38769230769230767,0.07253086419753087,0.48307692307692307,0.5118407845593285,0.9775137001945843
AI,19179079_AI.txt,0.4151260504201681,0.06408094435075885,0.5008403361344538,0.8133331739239616,0.9667567390958457
AI,19195747_AI.txt,0.3984496124031008,0.1026438569206843,0.49767441860465117,0.3995067367070529,0.9801414026597564
AI,19201175_AI.txt,0.5128205128205128,0.03278688524590164,0.6107226107226107,0.645793527906284,0.9474461575422802
AI,19234823_AI.txt,0.40615835777126097,0.058823529411764705,0.49266862170087977,0.8387649454126008,0.9828814437031833
AI,19243556_AI.txt,0.3977272727272727,0.09446254071661238,0.474025974025974,0.9671336911361386,0.9565120180037264
AI,19268120_AI.txt,0.4444444444444444,0.0625,0.5235690235690236,0.9013657786968182,0.9569122534332054
AI,19284293_AI.txt,0.40875912408759124,0.10688140556368961,0.47883211678832116,0.7063065168046092,0.9756646446251962
AI,19285236_AI.txt,0.4397993311036789,0.025167785234899327,0.5317725752508361,0.577746794537,0.9723943024612024
AI,19302310_AI.txt,0.4739776951672863,0.024253731343283583,0.5687732342007435,0.678076592058819,0.9715182288942994
AI,19336728_AI.txt,0.6277372262773723,0.007352941176470588,0.7043795620437956,0.8090521769235488,0.9593902527005002
AI,19362586_AI.txt,0.4338358458961474,0.10588235294117647,0.5142378559463987,0.5521416731291187,0.9334486429940495
AI,19364677_AI.txt,0.39603960396039606,0.10099337748344371,0.48514851485148514,0.8044011031101941,0.9901560144674112
AI,19374660_AI.txt,0.46842105263157896,0.08626760563380281,0.543859649122807,0.7240349187981299,0.9735605611405865
AI,19396040_AI.txt,0.4612903225806452,0.024271844660194174,0.532258064516129,0.6259659202650998,0.97351223376177
AI,19397727_AI.txt,0.44502617801047123,0.10157618213660245,0.5043630017452007,0.9635838329105219,0.9456105560346258
AI,19402977_AI.txt,0.48370927318295737,0.05037783375314862,0.5664160401002506,0.7076774892822892,0.957871820133601
AI,19405513_AI.txt,0.5,0.03636363636363636,0.5778985507246377,0.47692152815923416,0.9620936481375033
AI,19437318_AI.txt,0.3746958637469586,0.3643031784841076,0.44282238442822386,0.8264348525485556,0.9769970178467344
AI,19444529_AI.txt,0.402315484804631,0.08853410740203194,0.4905933429811867,0.6875519694040718,0.9788718705485561
AI,19446337_AI.txt,0.4765625,0.050156739811912224,0.5546875,0.8150646872095106,0.9888678621968077
AI,19464810_AI.txt,0.49552772808586765,0.05565529622980251,0.5760286225402504,0.781975791413783,0.9540835710438934
AI,19471144_AI.txt,0.4979253112033195,0.05416666666666667,0.5684647302904564,0.7672069811554308,0.9359681415896254
AI,19473948_AI.txt,0.4596774193548387,0.062162162162162166,0.5483870967741935,0.6944735966660743,0.9449849402843168
AI,19497420_AI.txt,0.43784530386740333,0.05124653739612189,0.5262430939226519,0.9445601229916701,0.9569438341781613
AI,19503224_AI.txt,0.40458015267175573,0.10459183673469388,0.4847328244274809,0.9681357534545412,0.9706179561847533
AI,19506295_AI.txt,0.3887434554973822,0.07217847769028872,0.4607329842931937,0.9861633884235296,0.99344802524198
AI,19508520_AI.txt,0.4514991181657848,0.16991150442477876,0.5255731922398589,0.7457237578692941,0.9822641954168205
AI,19518606_AI.txt,0.4483985765124555,0.04285714285714286,0.5391459074733096,0.5058976471292379,0.9641449179723405
AI,19532392_AI.txt,0.4772727272727273,0.06653992395437262,0.5284090909090909,0.5449711038800232,0.9546959344447999
AI,19540089_AI.txt,0.44404332129963897,0.06521739130434782,0.5306859205776173,0.8565483888165545,0.9882599607473916
AI,19545827_AI.txt,0.4897119341563786,0.08884297520661157,0.5720164609053497,0.7826370808777171,0.9663349476493119
AI,19553067_AI.txt,0.4311594202898551,0.056363636363636366,0.5163043478260869,0.7564313950318676,0.9647690249115803
AI,19556300_AI.txt,0.43653846153846154,0.13320463320463322,0.5076923076923077,0.6007185364783706,0.9689524567957166
AI,19557384_AI.txt,0.5103448275862069,0.015570934256055362,0.6,0.966557084995415,0.9619287839980869
AI,19558834_AI.txt,0.47130434782608693,0.034904013961605584,0.5582608695652174,0.6688350055509082,0.945912574764314
AI,19582792_AI.txt,0.4782608695652174,0.029069767441860465,0.5608695652173913,0.8292940276044893,0.948890179822877
AI,19599699_AI.txt,0.5087281795511222,0.08020050125313283,0.5885286783042394,0.8306451864591435,0.9780082604885187
AI,19612167_AI.txt,0.5446428571428571,0.029940119760479042,0.6279761904761905,0.6372180656492096,0.961726074568966
AI,19616406_AI.txt,0.46060606060606063,0.02434077079107505,0.5616161616161616,0.6590891675351425,0.9731849758261211
AI,19671909_AI.txt,0.4463452566096423,0.078003120124805,0.5101088646967341,0.8441143660710901,0.9734998740866438
AI,19714635_AI.txt,0.3854660347551343,0.06339144215530904,0.46445497630331756,0.7446491587776398,0.9481169221891009
AI,19717385_AI.txt,0.4876543209876543,0.08359133126934984,0.5601851851851852,0.9328497322726195,0.9684494555796332
AI,19724031_AI.txt,0.4824561403508772,0.07583774250440917,0.5764499121265377,0.8719605623174589,0.9613130180682296
AI,19738730_AI.txt,0.6193771626297578,0.05574912891986063,0.6782006920415224,0.6657329140844395,0.9780616071714808
AI,19774173_AI.txt,0.5802047781569966,0.041237113402061855,0.6757679180887372,0.929565455203681,0.9606760431523466
AI,19786924_AI.txt,0.5218390804597701,0.057736720554272515,0.6160919540229886,0.8069900892746834,0.9696204884354521
AI,19796840_AI.txt,0.3812754409769335,0.06258503401360545,0.45725915875169604,0.7146507734894997,0.9480411245694568
AI,19818707_AI.txt,0.42727272727272725,0.072992700729927,0.4890909090909091,1.0057459917891791,0.9830162179119438
AI,19831366_AI.txt,0.49700598802395207,0.0783132530120482,0.5658682634730539,0.5359260529180104,0.9522495434587555
AI,19850482_AI.txt,0.4502923976608187,0.04398826979472141,0.5248538011695907,0.9878041119984937,0.9432132620941864
AI,19851252_AI.txt,0.5905172413793104,0.08695652173913043,0.6767241379310345,0.7448825859722196,0.9141868429405947
AI,19861776_AI.txt,0.43031123139377536,0.0773405698778833,0.503382949932341,0.7924631521696172,0.9475571743837394
AI,19867922_AI.txt,0.4892367906066536,0.03536345776031434,0.5733855185909981,0.6403931489740009,0.9802179522536505
AI,19911786_AI.txt,0.4408014571948998,0.11882998171846434,0.5100182149362478,1.2975955108149348,0.9718271328683458
AI,19918523_AI.txt,0.49586776859504134,0.0997229916897507,0.5840220385674931,0.8359514610137173,0.9668104325868965
AI,19920687_AI.txt,0.447098976109215,0.05136986301369863,0.5068259385665529,0.7022959851101626,0.9642363277240958
AI,19926135_AI.txt,0.5287128712871287,0.027833001988071572,0.6118811881188119,0.9175987464420491,0.9624224122691317
AI,19928941_AI.txt,0.5859375,0.015748031496062992,0.6875,0.8613259105697157,0.9511761835451775
AI,19929506_AI.txt,0.46055045871559636,0.11233885819521179,0.5266055045871559,0.9189912784906188,0.9810483440651737
AI,19936735_AI.txt,0.42105263157894735,0.08635097493036212,0.4986149584487535,0.7072155919560131,0.9873988993079972
AI,19938081_AI.txt,0.48008849557522126,0.04666666666666667,0.5575221238938053,0.7127806209601314,0.944516072376262
AI,19951766_AI.txt,0.47390396659707723,0.06485355648535565,0.575,0.9218819095437512,0.9399680145210615
AI,19975121_AI.txt,0.5765765765765766,0.0513595166163142,0.6516516516516516,1.4206630986638815,0.9589487200974964
AI,20001721_AI.txt,0.5733333333333334,0.017857142857142856,0.6755555555555556,0.8465677309447384,0.9782918171787761
AI,20006992_AI.txt,0.5271739130434783,0.07272727272727272,0.6086956521739131,0.7148663306024197,0.9706225126381552
AI,20024870_AI.txt,0.5676328502415459,0.038834951456310676,0.6570048309178744,0.9291599172886866,0.959865367628225
AI,20026169_AI.txt,0.48674242424242425,0.04182509505703422,0.571969696969697,0.8023350651309686,0.9799707665153184
AI,20033302_AI.txt,0.511437908496732,0.02622950819672131,0.5964052287581699,0.8788362539415692,0.9695054136989446
AI,20082776_AI.txt,0.41624365482233505,0.11205432937181664,0.4906937394247039,0.8522398692498937,0.9578621463488644
AI,20110597_AI.txt,0.4690265486725664,0.10657193605683836,0.5345132743362832,0.6234072036993527,0.9436237639766619
AI,20138606_AI.txt,0.476038338658147,0.035256410256410256,0.5527156549520766,0.9067154280001892,0.938078850268529
AI,20141807_AI.txt,0.5255905511811023,0.015810276679841896,0.610236220472441,0.6079479740911046,0.9709402071771693
AI,20148147_AI.txt,0.47674418604651164,0.028037383177570093,0.5744186046511628,0.6382916996325075,0.9311498586969312
AI,20149476_AI.txt,0.4513677811550152,0.09451219512195122,0.5121580547112462,1.6442750130167554,0.9912647220277855
AI,20172393_AI.txt,0.44153577661431065,0.08231173380035026,0.5270506108202443,0.8043758345577466,0.985433662076765
AI,20176584_AI.txt,0.3538647342995169,0.18280871670702178,0.4190821256038647,0.8376425376539219,0.9639754520579406
AI,20210676_AI.txt,0.4492099322799097,0.045351473922902494,0.5372460496613995,0.9699209589945269,0.9854132405175741
AI,20211577_AI.txt,0.4186851211072664,0.11979166666666667,0.5,0.6925307693017858,0.962123855564653
AI,20230207_AI.txt,0.45685279187817257,0.059422750424448216,0.5160744500846024,0.9103782414408709,0.9804394963248114
AI,20237244_AI.txt,0.45549738219895286,0.13421052631578947,0.5261780104712042,1.0267137852329484,0.9820824118788644
AI,20253563_AI.txt,0.42395437262357416,0.07061068702290077,0.5095057034220533,0.5807341058835161,0.9574751179716822
AI,20255404_AI.txt,0.45394736842105265,0.04455445544554455,0.5296052631578947,1.0167463102206016,0.9577645897793051
AI,20272792_AI.txt,0.5263157894736842,0.027855153203342618,0.628808864265928,0.5996145734261725,0.9634453592806238
AI,20275356_AI.txt,0.361890694239291,0.09925925925925926,0.45937961595273263,0.4853136972289269,0.9814273168146351
AI,20279756_AI.txt,0.49233716475095785,0.03461538461538462,0.5708812260536399,0.9912622323375183,0.9711731438484927
AI,20314980_AI.txt,0.4919210053859964,0.02882882882882883,0.5673249551166966,0.5233294325755267,0.9909403681951398
AI,20317319_AI.txt,0.4577777777777778,0.09806835066864784,0.5333333333333333,0.609246823759769,0.9499468755252208
AI,20321582_AI.txt,0.43209876543209874,0.06740027510316368,0.48559670781893005,0.48939896733119115,0.961786055239243
AI,20324037_AI.txt,0.4296875,0.0784313725490196,0.517578125,0.5975751458810217,0.9821919166045234
AI,20330739_AI.txt,0.3521545319465082,0.08196721311475409,0.4294205052005943,0.43305740273529875,0.9627240974781767
AI,20345168_AI.txt,0.46943231441048033,0.043859649122807015,0.5567685589519651,0.5421505977558383,0.9941951741044951
AI,20356750_AI.txt,0.5074626865671642,0.0275,0.6019900497512438,0.5578925200905249,0.9888421411020887
AI,20357858_AI.txt,0.5217391304347826,0.0611353711790393,0.6108695652173913,0.8924327773116687,0.9445487731635327
AI,20390397_AI.txt,0.4884210526315789,0.05919661733615222,0.56,0.5908294469901463,0.965498050647792
AI,20393721_AI.txt,0.47195357833655704,0.09514563106796116,0.5357833655705996,0.9464982472643116,0.9566531535765864
AI,20399718_AI.txt,0.3935599284436494,0.12208258527827648,0.4740608228980322,0.7380242429605447,0.951046784163069
AI,20400279_AI.txt,0.42057761732851984,0.08152173913043478,0.5036101083032491,0.9953072754184968,0.9571372415121068
AI,20408458_AI.txt,0.4515539305301645,0.08256880733944955,0.5283363802559415,0.5855240673346337,0.9713029849396377
AI,20417897_AI.txt,0.5110663983903421,0.028282828282828285,0.5935613682092555,0.8964669755676199,0.9878115594663848
AI,20423658_AI.txt,0.4372549019607843,0.06299212598425197,0.5333333333333333,0.6455199424072637,0.9722827425248627
AI,20427934_AI.txt,0.5139442231075697,0.064,0.599601593625498,0.6485881262898823,0.9652051805456824
AI,20457611_AI.txt,0.4507512520868113,0.08877721943048576,0.5091819699499165,0.8605794940742857,0.9686851334602767
AI,20470943_AI.txt,0.5470941883767535,0.012072434607645875,0.6332665330661322,0.6773831681064344,0.9677878005911761
AI,20478831_AI.txt,0.4438095238095238,0.08604206500956023,0.5238095238095238,0.8477979922179141,0.9667623964087223
AI,20488267_AI.txt,0.4513888888888889,0.1325581395348837,0.5231481481481481,0.7873931532414684,0.9436419579559434
AI,20490741_AI.txt,0.49506903353057197,0.04554455445544554,0.5857988165680473,0.6182396389203818,0.9794287279286276
AI,20504094_AI.txt,0.4494556765163297,0.062402496099843996,0.5287713841368584,0.7274335797613325,0.9791134428236908
AI,20544228_AI.txt,0.46935201401050786,0.0351493848857645,0.5674255691768827,0.7539172130180615,0.9760370967322742
AI,20552814_AI.txt,0.46292585170340683,0.07243460764587525,0.5490981963927856,0.6617853138693244,0.9725965417219914
AI,20553895_AI.txt,0.5531914893617021,0.03363914373088685,0.6474164133738601,0.786072289993155,0.9578567440507529
AI,20565486_AI.txt,0.4483306836248013,0.07974481658692185,0.5246422893481717,0.5563239591808278,0.9333099391916643
AI,20565849_AI.txt,0.45368171021377673,0.162291169451074,0.5486935866983373,0.5139555611811544,0.9485045585467632
AI,20566550_AI.txt,0.53125,0.02613240418118467,0.6059027777777778,0.813545336678111,0.9815348069123833
AI,20574232_AI.txt,0.3844797178130511,0.05309734513274336,0.4479717813051146,0.6358073614011144,0.965906068857895
AI,20604208_AI.txt,0.5118279569892473,0.0755939524838013,0.5827956989247312,0.9044443207407838,0.9771676552826252
AI,20624984_AI.txt,0.5166666666666667,0.03827751196172249,0.6071428571428571,0.5406518489459806,0.9751981282343835
AI,20626794_AI.txt,0.5934959349593496,0.01639344262295082,0.6991869918699187,0.40224156721495347,0.953553210879797
AI,20628003_AI.txt,0.5639344262295082,0.052805280528052806,0.6688524590163935,0.46608678199108483,0.9550194469887932
AI,20633855_AI.txt,0.47928994082840237,0.033663366336633666,0.5838264299802761,0.6531776188322852,0.9266259175795148
AI,20674668_AI.txt,0.4410029498525074,0.04437869822485207,0.5117994100294986,1.2727230430359793,0.9572337043518186
AI,20681037_AI.txt,0.5941422594142259,0.0379746835443038,0.6903765690376569,0.9359602645037542,0.950717141721602
AI,20691949_AI.txt,0.4817351598173516,0.06192660550458716,0.5776255707762558,0.9243962086328618,0.9715537937096352
AI,20698469_AI.txt,0.452991452991453,0.11373390557939914,0.5341880341880342,0.5693845079985211,0.9670571470326584
AI,20705888_AI.txt,0.49658703071672355,0.0410958904109589,0.590443686006826,0.7130299665953216,0.9473429289780444
AI,20736486_AI.txt,0.4657534246575342,0.04580152671755725,0.5464231354642314,0.9828578107719059,0.9424319827643186
AI,20748468_AI.txt,0.4413075780089153,0.05961251862891207,0.5170876671619614,0.7673068667093135,0.9494456845530113
AI,20748926_AI.txt,0.4982394366197183,0.05123674911660778,0.579225352112676,0.6992716026818656,0.9607654400743202
AI,20748929_AI.txt,0.518783542039356,0.03231597845601436,0.5992844364937389,0.6805048850232996,0.9430439764998647
AI,20765795_AI.txt,0.49584026622296173,0.03005008347245409,0.5790349417637272,0.5652516163767284,0.9538652608420465
AI,20806155_AI.txt,0.436077057793345,0.09666080843585237,0.5078809106830122,0.7331959887939974,0.9750502185548844
AI,20817322_AI.txt,0.4173354735152488,0.09967845659163987,0.5016025641025641,1.124856672128952,0.9652734297523803
AI,20819838_AI.txt,0.3676703645007924,0.15262321144674085,0.4469096671949287,0.640461537675281,0.9685704338403291
AI,20824105_AI.txt,0.482,0.05040322580645161,0.5461847389558233,0.9482524082072492,0.9742568146344263
AI,20835760_AI.txt,0.46236559139784944,0.04776579352850539,0.5529953917050692,0.6103846518308863,0.9330194755367415
AI,20836112_AI.txt,0.3406113537117904,0.31359649122807015,0.4279475982532751,0.5881746825374158,0.9807269443781217
AI,20850529_AI.txt,0.46260869565217394,0.07678883071553229,0.542608695652174,0.63909718931576,0.9533522106038347
AI,20879311_AI.txt,0.4455882352941177,0.05457227138643068,0.5029411764705882,0.9899357306739929,0.9797149504549405
AI,20880935_AI.txt,0.47657841140529533,0.032719836400818,0.570264765784114,0.5781553870474113,0.9827278149779757
AI,20882041_AI.txt,0.3888888888888889,0.05574912891986063,0.4774305555555556,0.4643381039604248,0.9654833425007454
AI,20905088_AI.txt,0.40789473684210525,0.07755775577557755,0.5098684210526315,0.5997283077045813,0.9723885069080642
AI,20918464_AI.txt,0.49572649572649574,0.08817204301075268,0.5546038543897216,1.465040587769131,0.9737471848834326
AI,20925036_AI.txt,0.5623409669211196,0.05370843989769821,0.6234096692111959,0.8316232477924517,0.9833601286543269
AI,20932019_AI.txt,0.486784140969163,0.04424778761061947,0.566079295154185,0.684749651928173,0.9723543926546017
AI,20966771_AI.txt,0.5136268343815513,0.04631578947368421,0.589098532494759,1.266282889144976,0.9821777132342351
AI,20969119_AI.txt,0.4009433962264151,0.06382978723404255,0.4740566037735849,0.9073760720555403,0.954389830824168
AI,20969845_AI.txt,0.4884210526315789,0.12050739957716702,0.5557894736842105,1.5677628159822665,0.9656722878056105
AI,20977412_AI.txt,0.48722986247544203,0.0670611439842209,0.5736738703339882,0.8819449027529773,0.9665129678084702
AI,20981299_AI.txt,0.4659090909090909,0.032679738562091505,0.5537459283387622,0.7619619419055499,0.9580722451804252
AI,20986595_AI.txt,0.5163934426229508,0.051440329218107,0.5983606557377049,0.7438329462636303,0.9810078187693202
AI,20992320_AI.txt,0.5429769392033543,0.042105263157894736,0.6121593291404612,0.6654014131019266,0.9852913923928523
AI,20993320_AI.txt,0.40536277602523657,0.08544303797468354,0.4889589905362776,1.020483452716903,0.9661781024232701
AI,21007083_AI.txt,0.5936254980079682,0.024096385542168676,0.6573705179282868,0.7773738712272111,0.9662295947931221
AI,21031285_AI.txt,0.4548611111111111,0.06620209059233449,0.5399305555555556,1.061715660320208,0.9702004538034381
AI,21038022_AI.txt,0.4954128440366973,0.06445672191528545,0.5706422018348624,0.8954602761711945,0.940094946935771
AI,21060367_AI.txt,0.4222222222222222,0.0634648370497427,0.49230769230769234,0.6712750310675447,0.958992589077728
AI,21101152_AI.txt,0.40530973451327434,0.0994671403197158,0.49734513274336284,0.5110793186159328,0.9618493713597566
AI,21122155_AI.txt,0.44176706827309237,0.09785522788203753,0.49732620320855614,0.9792064211829495,0.981263528026498
AI,21125113_AI.txt,0.5306930693069307,0.05168986083499006,0.6079207920792079,0.5801456913904968,0.9735745952775688
AI,21134923_AI.txt,0.5074349442379182,0.061567164179104475,0.5836431226765799,1.0208059920935686,0.9738637463797725
AI,21156767_AI.txt,0.4429065743944637,0.03819444444444445,0.5311418685121108,0.589609376184332,0.9667920033806499
AI,21178545_AI.txt,0.48632218844984804,0.15091463414634146,0.5455927051671733,1.7503423372885534,0.9802647939179121
AI,21190805_AI.txt,0.47005444646098005,0.060109289617486336,0.5462794918330308,0.43025856167602256,0.9596418970100854
AI,21238396_AI.txt,0.4900900900900901,0.03074141048824593,0.6018018018018018,0.4921002194130884,0.9620581785422494
AI,21265194_AI.txt,0.37518248175182484,0.1595900439238653,0.44963503649635034,0.9133146183823758,0.9811405287486282
AI,21283365_AI.txt,0.4567404426559356,0.10303030303030303,0.5331991951710262,0.3782049690035803,0.955197419550263
AI,21283733_AI.txt,0.4846743295019157,0.03653846153846154,0.5651340996168582,0.6668260397946438,0.9729432954767223
AI,21287405_AI.txt,0.5015527950310559,0.03426791277258567,0.5854037267080745,0.7601169500660919,0.9661791202303751
AI,21297521_AI.txt,0.49860335195530725,0.022408963585434174,0.5782122905027933,0.7744135648987175,0.9702666012828153
AI,21297828_AI.txt,0.47959183673469385,0.10273972602739725,0.5510204081632653,0.939259373569361,0.9845741400660203
AI,21298336_AI.txt,0.5677966101694916,0.09401709401709402,0.6271186440677966,0.616974834746698,0.9788941501768122
AI,21321598_AI.txt,0.5295315682281059,0.0408997955010225,0.6130346232179226,0.850767585456644,0.9521913162485192
AI,21334981_AI.txt,0.508,0.0642570281124498,0.578,0.7391038898558173,0.9548605129391866
AI,21338490_AI.txt,0.4363256784968685,0.1111111111111111,0.5073068893528184,0.9836702934821254,0.9805627389263815
AI,21363048_AI.txt,0.43293492695883135,0.07190412782956059,0.5099601593625498,1.2052729696966278,0.9652753087542492
AI,21366189_AI.txt,0.46360153256704983,0.04423076923076923,0.5440613026819924,0.8776372031641874,0.9913684207811165
AI,21386255_AI.txt,0.4592833876221498,0.07352941176470588,0.5472312703583062,0.5484407994341771,0.9527067916839579
AI,21478007_AI.txt,0.4842105263157895,0.04929577464788732,0.5736842105263158,0.5744562646538028,0.964922942333893
AI,21511817_AI.txt,0.47985347985347987,0.07536764705882353,0.554945054945055,0.9868320212896409,0.9708995889134037
AI,21512769_AI.txt,0.46629213483146065,0.045112781954887216,0.5430711610486891,0.7449505606932415,0.9905426220912087
AI,21531811_AI.txt,0.5691823899371069,0.02531645569620253,0.6415094339622641,0.6181885268307028,0.9772510780141068
AI,21549195_AI.txt,0.3910171730515192,0.1576158940397351,0.4438573315719947,0.604296239575001,0.9641380012428884
AI,21550454_AI.txt,0.4911147011308562,0.09886547811993517,0.5767366720516963,0.6799254989114834,0.9621349420537189
AI,21567392_AI.txt,0.5422680412371134,0.016563146997929608,0.6082474226804123,0.7528718823189162,0.9813093481349706
AI,21568833_AI.txt,0.4500978473581213,0.06483300589390963,0.5166340508806262,0.5922205967285772,0.9762275265230134
AI,21570485_AI.txt,0.44954128440366975,0.05214723926380368,0.5152905198776758,0.6051726088964213,0.9670038571305235
AI,21586858_AI.txt,0.45590433482810166,0.0704647676161919,0.5411061285500748,1.0317312402967935,0.9633911307465124
AI,21595057_AI.txt,0.44408427876823336,0.06016260162601626,0.5364667747163695,0.48567860679607716,0.9574042480827419
AI,21611212_AI.txt,0.4724770642201835,0.055299539170506916,0.5665137614678899,1.1066716241689243,0.9496614330915204
AI,21611637_AI.txt,0.4242902208201893,0.05221518987341772,0.5141955835962145,0.5679934087621393,0.9639876597145615
AI,21614256_AI.txt,0.4576547231270358,0.06862745098039216,0.5407166123778502,0.5937907274312396,0.9734505220029496
AI,21622444_AI.txt,0.48186528497409326,0.046875,0.5595854922279793,0.7683252784615691,0.9684298525591836
AI,21629057_AI.txt,0.4752136752136752,0.0274442538593482,0.5641025641025641,0.6460701065937374,0.9762387122993783
AI,21645690_AI.txt,0.4701130856219709,0.02593192868719611,0.5460420032310178,0.9406493066662297,0.973016522837553
AI,21663616_AI.txt,0.49489795918367346,0.04436860068259386,0.5595238095238095,1.056504416779166,0.9621675020861925
AI,21669215_AI.txt,0.4940944881889764,0.021739130434782608,0.5826771653543307,0.7026426752483261,0.9574241319900567
AI,21705160_AI.txt,0.5497382198952879,0.06878306878306878,0.643979057591623,0.5897048395082599,0.9488759292546876
AI,21756639_AI.txt,0.5284974093264249,0.03292894280762565,0.6010362694300518,0.7549981212958307,0.9898155323292915
AI,21763056_AI.txt,0.4306930693069307,0.07781456953642384,0.5181518151815182,0.5674078157657652,0.9767073865930463
AI,21773106_AI.txt,0.4559748427672956,0.09779179810725552,0.5283018867924528,0.46454007341159476,0.9548894346369602
AI,21780877_AI.txt,0.4657320872274143,0.0484375,0.5451713395638629,0.7366571598706815,0.9574068666168369
AI,21782152_AI.txt,0.5216494845360825,0.041407867494824016,0.6123711340206186,0.5893926625193638,0.9539104906859835
AI,21794875_AI.txt,0.47079646017699117,0.0674955595026643,0.5309734513274337,0.8400250603200468,0.980629110847034
AI,21796843_AI.txt,0.42684766214177977,0.0907715582450832,0.5158371040723982,0.7358359161195374,0.9708101621143105
AI,21807211_AI.txt,0.5423387096774194,0.04048582995951417,0.625,0.8781911012157148,0.9559174745133044
AI,21807224_AI.txt,0.41935483870967744,0.08564814814814815,0.4976958525345622,0.8465356694465811,0.9908669428542829
AI,21809601_AI.txt,0.47876447876447875,0.06782945736434108,0.5598455598455598,0.45248601085184736,0.9423749732758118
AI,21830565_AI.txt,0.4195121951219512,0.06525285481239804,0.510569105691057,0.661508718282355,0.9507410295150589
AI,21847415_AI.txt,0.4398216939078752,0.06706408345752608,0.49777117384843983,1.2690369623860789,0.9689031274832832
AI,21853199_AI.txt,0.38808373590982287,0.1260096930533118,0.4573268921095008,0.914153799678586,0.9815537489866464
AI,21856577_AI.txt,0.49764150943396224,0.023696682464454975,0.5990566037735849,0.5469293126524901,0.9630998313503283
AI,21866029_AI.txt,0.4190800681431005,0.08717948717948718,0.4991482112436116,0.7384524733767892,0.9642554763364997
AI,21867728_AI.txt,0.430327868852459,0.04246575342465753,0.5068306010928961,0.6844088687449847,0.9204976666270591
AI,21868149_AI.txt,0.5254582484725051,0.03067484662576687,0.6130346232179226,1.010302762293112,0.9732225586124268
AI,21869994_AI.txt,0.4682080924855491,0.06382978723404255,0.5452793834296724,0.8644692854169939,0.9729896067542332
AI,21904897_AI.txt,0.48404255319148937,0.07754010695187166,0.5797872340425532,1.0412297729486486,0.9657595892029454
AI,21912637_AI.txt,0.4732824427480916,0.06896551724137931,0.5324427480916031,1.1585001693679873,0.9873810956263832
AI,21916744_AI.txt,0.5129151291512916,0.05,0.5922509225092251,1.2719958272458651,0.9379187211510774
AI,22008817_AI.txt,0.42105263157894735,0.05054945054945055,0.4934210526315789,0.8687393304698741,0.9826125628382375
AI,22019500_AI.txt,0.4557823129251701,0.040955631399317405,0.5204081632653061,0.7850325726271896,0.9664967598534943
AI,22025574_AI.txt,0.4629294755877034,0.05989110707803993,0.5406871609403255,0.5215472517615172,0.9627086841878895
AI,22042181_AI.txt,0.446360153256705,0.057692307692307696,0.5344827586206896,0.6449847215285731,0.9625260334881927
AI,22047665_AI.txt,0.535483870967742,0.045454545454545456,0.6419354838709678,0.4765309471106448,0.9475839078268619
AI,22056333_AI.txt,0.5060606060606061,0.057926829268292686,0.5848484848484848,0.9270416296167863,0.9719160090028236
AI,22093368_AI.txt,0.4861788617886179,0.026101141924959218,0.5707317073170731,0.831795825345657,0.9631601613688751
AI,22168194_AI.txt,0.442159383033419,0.15503875968992248,0.5244215938303342,0.778887913824757,0.9692082023593533
AI,22182279_AI.txt,0.49868073878627966,0.04774535809018567,0.5804749340369393,0.9094254136989897,0.9847209747061737
AI,22232367_AI.txt,0.4653846153846154,0.08108108108108109,0.5423076923076923,0.8557051722755527,0.9792452854263641
AI,22249155_AI.txt,0.45789473684210524,0.1349206349206349,0.5421052631578948,0.6480238909687583,0.9301745223978669
AI,22259475_AI.txt,0.4826254826254826,0.040697674418604654,0.5733590733590733,0.7227190298313894,0.9125630079507258
AI,22259768_AI.txt,0.36023391812865496,0.09378663540445487,0.41637426900584795,0.4158315818432575,0.9586531458850486
AI,22319662_AI.txt,0.5091463414634146,0.06134969325153374,0.6097560975609756,0.9532684386504265,0.9457472658333702
AI,22323967_AI.txt,0.45368916797488223,0.03622047244094488,0.5447409733124019,0.7794579320294346,0.9696437734973963
AI,22349169_AI.txt,0.41594827586206895,0.18181818181818182,0.47413793103448276,0.8242067050669803,0.9477675789873653
AI,22351830_AI.txt,0.5108877721943048,0.013445378151260505,0.5829145728643216,1.0646289583244102,0.9720481504050131
AI,22380187_AI.txt,0.5562700964630225,0.12297734627831715,0.639871382636656,1.040770854965434,0.9421505774709863
AI,22391901_AI.txt,0.4956217162872154,0.03690685413005272,0.5779334500875657,0.5437638007784981,0.9390323382047016
AI,22408666_AI.txt,0.4552683896620278,0.021956087824351298,0.5546719681908548,0.9590803132116729,0.9600618047290559
AI,22423839_AI.txt,0.4503171247357294,0.07006369426751592,0.5369978858350951,0.5940684506721831,0.9716251647950183
AI,22442947_AI.txt,0.45414847161572053,0.07456140350877193,0.5524017467248908,0.34711808430120183,0.9664285476320291
AI,22450718_AI.txt,0.5477707006369427,0.021321961620469083,0.6263269639065817,1.1981739149388928,0.9656056988152523
AI,22452756_AI.txt,0.45893719806763283,0.02912621359223301,0.5579710144927537,0.8141556482949702,0.9636206752561713
AI,22455205_AI.txt,0.48214285714285715,0.11648745519713262,0.5446428571428571,1.2186411868262124,0.9663296401119683
AI,22465498_AI.txt,0.4642857142857143,0.07547169811320754,0.5639097744360902,0.7855114262031107,0.9739488247639113
AI,22485475_AI.txt,0.5166340508806262,0.043222003929273084,0.5909980430528375,1.0218717128668617,0.9735433991024718
AI,22488036_AI.txt,0.47115384615384615,0.03858520900321544,0.5448717948717948,0.5618993947085755,0.9620753710083967
AI,22492537_AI.txt,0.4460431654676259,0.05415162454873646,0.5287769784172662,0.6536397835326693,0.9583124427742735
AI,22496394_AI.txt,0.43320610687022904,0.2547892720306513,0.5057251908396947,0.9807565141928419,0.9287992257702314
AI,22506245_AI.txt,0.4693446088794926,0.050955414012738856,0.5623678646934461,1.2005604466999704,0.9868755024186338
AI,22510753_AI.txt,0.47504621072088726,0.10018552875695733,0.5674676524953789,1.0225980929607794,0.9650983044536385
AI,22546476_AI.txt,0.47,0.08835341365461848,0.542,0.5898450994789312,0.9855863208445684
AI,22551979_AI.txt,0.5231910946196661,0.0446927374301676,0.5955473098330241,0.5528568171867161,0.9634845026416273
AI,22556198_AI.txt,0.4504792332268371,0.057692307692307696,0.5351437699680511,0.5356506050106292,0.9653302865600742
AI,22560013_AI.txt,0.45666666666666667,0.051839464882943144,0.525,0.6955279483846261,0.9653135929841269
AI,22561438_AI.txt,0.5079365079365079,0.04153354632587859,0.6190476190476191,0.7884409501308349,0.9768935453605485
AI,22567495_AI.txt,0.4570957095709571,0.046357615894039736,0.5214521452145214,0.8521520453817464,0.9836813083659192
AI,22571461_AI.txt,0.5092402464065708,0.03917525773195876,0.5872689938398358,0.9471561404623989,0.9829521125804926
AI,22593054_AI.txt,0.5106382978723404,0.04700854700854701,0.6212765957446809,0.7200714214362467,0.9524029239676668
AI,22605864_AI.txt,0.42644628099173554,0.06965174129353234,0.4991735537190083,0.6309182603473048,0.9895241430688543
AI,22615491_AI.txt,0.5256410256410257,0.0967741935483871,0.6121794871794872,0.6085577606743037,0.9840091268968184
AI,22622351_AI.txt,0.4364937388193202,0.07001795332136446,0.5205724508050089,0.5765013806541975,0.9851697688792935
AI,22632070_AI.txt,0.4320388349514563,0.07804878048780488,0.5218446601941747,0.9823541976847944,0.9630376244670997
AI,22650051_AI.txt,0.49413735343383586,0.047058823529411764,0.5644891122278057,1.2135175801867293,0.9625423122640485
AI,22675694_AI.txt,0.4658536585365854,0.051470588235294115,0.5585365853658537,0.9433534154520475,0.9671815309116117
AI,22706174_AI.txt,0.41403508771929826,0.04929577464788732,0.5,0.5986405565863641,0.9460178802067878
AI,22718826_AI.txt,0.46656050955414013,0.07507987220447285,0.5445859872611465,0.7036283691259146,0.9619878771128841
AI,22720697_AI.txt,0.41742286751361163,0.10018214936247723,0.49909255898366606,1.052854301442751,0.9815146134100485
AI,22732234_AI.txt,0.49471830985915494,0.037102473498233215,0.5757042253521126,0.4417557833075552,0.9572017748204493
AI,22754014_AI.txt,0.3990228013029316,0.049019607843137254,0.498371335504886,0.871471589368203,0.9854464714717672
AI,22765255_AI.txt,0.5102459016393442,0.06995884773662552,0.5799180327868853,1.0314326845835344,0.9518334887727086
AI,22776912_AI.txt,0.41678726483357453,0.06095791001451379,0.48480463096960924,1.352137700984535,0.9499102505168349
AI,22800977_AI.txt,0.4784172661870504,0.0631768953068592,0.5287769784172662,0.767396517497723,0.970259329313799
AI,22807104_AI.txt,0.5120772946859904,0.02912621359223301,0.5942028985507246,0.6103236613268925,0.9510924794079197
AI,22848179_AI.txt,0.44958677685950416,0.06301824212271974,0.5223140495867769,1.0541728716178553,0.9705426700983067
AI,22852364_AI.txt,0.3835227272727273,0.10398860398860399,0.4602272727272727,0.5728036452506187,0.9945414308370787
AI,22855060_AI.txt,0.5119617224880383,0.02403846153846154,0.5956937799043063,0.6579040035658054,0.9347858405200646
AI,22861181_AI.txt,0.47701149425287354,0.03076923076923077,0.578544061302682,0.6642547655674534,0.947757200065905
AI,22884757_AI.txt,0.5537459283387622,0.08524590163934426,0.6351791530944625,0.6612169249449483,0.975512184478781
AI,22890839_AI.txt,0.566,0.028112449799196786,0.636,1.3637757112062787,0.9586123256632252
AI,22894544_AI.txt,0.501984126984127,0.035856573705179286,0.6031746031746031,0.46203490764981187,0.9551194627022846
AI,22925443_AI.txt,0.526829268292683,0.029411764705882353,0.5975609756097561,0.741399227003447,0.970570455557708
AI,22946204_AI.txt,0.5140961857379768,0.02329450915141431,0.5655058043117744,1.0289485749159328,0.9598024607770135
AI,22965804_AI.txt,0.4858490566037736,0.0380952380952381,0.5990566037735849,0.6871321037941354,0.9716485323032076
AI,22968380_AI.txt,0.5078740157480315,0.029644268774703556,0.59251968503937,1.0159848928728434,0.9679175230675859
AI,22983516_AI.txt,0.5468085106382978,0.021367521367521368,0.625531914893617,0.6773417705643139,0.9462104694465074
AI,22990761_AI.txt,0.4911242603550296,0.03564356435643564,0.591715976331361,1.3451476711892025,0.9592823137754558
AI,23004695_AI.txt,0.49333333333333335,0.06696428571428571,0.5888888888888889,0.694999777955378,0.9624955860481645
AI,23009962_AI.txt,0.4209621993127148,0.06724137931034482,0.520618556701031,0.5319816737505989,0.9410444825380535
AI,23011221_AI.txt,0.5392781316348195,0.057569296375266525,0.6178343949044586,0.8461583086248989,0.9720487027853685
AI,23015611_AI.txt,0.47840531561461797,0.021630615640599003,0.5771144278606966,0.6127129805811311,0.9510008490995122
AI,23032182_AI.txt,0.4925053533190578,0.03870967741935484,0.582441113490364,0.556916736320686,0.9418962209323799
AI,23032276_AI.txt,0.37831603229527105,0.13410404624277455,0.4417531718569781,0.8312245521249738,0.9604778488603721
AI,23048999_AI.txt,0.44074074074074077,0.07977736549165121,0.5378927911275416,0.6387358917635583,0.9742267273966333
AI,23063986_AI.txt,0.47833333333333333,0.10869565217391304,0.56,0.7975931676682737,0.9642826306448857
AI,23085604_AI.txt,0.34069767441860466,0.1561771561771562,0.4069767441860465,0.4774744614083217,0.963950482502072
AI,23110214_AI.txt,0.4421768707482993,0.04778156996587031,0.5289115646258503,0.5428671960464518,0.9444457105871557
AI,23138078_AI.txt,0.5,0.07386363636363637,0.5641509433962264,1.1276189692656764,0.9814914475784968
AI,23139437_AI.txt,0.4967948717948718,0.0967741935483871,0.5737179487179487,0.5535928512242398,0.932153644079442
AI,23139819_AI.txt,0.4540441176470588,0.06273062730627306,0.5165441176470589,0.821629687408063,0.9926084423718171
AI,23143731_AI.txt,0.43238993710691825,0.138801261829653,0.5110062893081762,0.6089381525574257,0.9458171584900902
AI,23155093_AI.txt,0.4507512520868113,0.06030150753768844,0.5392320534223706,0.336824312977969,0.9564833982543556
AI,23185829_AI.txt,0.46770601336302897,0.05592841163310962,0.5612472160356348,0.39968177692288864,0.9626681041844944
AI,23190306_AI.txt,0.43703703703703706,0.027881040892193308,0.5166666666666667,0.7643894215250913,0.949593931297387
AI,23234047_AI.txt,0.5028901734104047,0.061895551257253385,0.5722543352601156,0.9911885656076898,0.9851021479548457
AI,23246831_AI.txt,0.4407766990291262,0.031189083820662766,0.5320388349514563,0.49312156895339015,0.9527152758562104
AI,23296286_AI.txt,0.4828571428571429,0.04885057471264368,0.58,0.9537951405139509,0.9665505801096548
AI,23302948_AI.txt,0.4666666666666667,0.052924791086350974,0.5263888888888889,1.4366298257610997,0.9775885458506183
AI,23323001_AI.txt,0.43449419568822556,0.07820299500831947,0.5140961857379768,0.6554876226094823,0.9760721088344624
AI,23354541_AI.txt,0.4535211267605634,0.11048158640226628,0.532394366197183,1.123975431087599,0.9684960183456773
AI,23387174_AI.txt,0.4228855721393035,0.06988352745424292,0.5107794361525705,1.0027903492190906,0.9549672090040732
AI,23396633_AI.txt,0.4263565891472868,0.06376360808709176,0.5054263565891473,0.4558417745138708,0.9608718450803186
AI,23398733_AI.txt,0.6309523809523809,0.02,0.7063492063492064,0.843055532207391,0.963145457769429
AI,23398843_AI.txt,0.45588235294117646,0.11392405063291139,0.5462184873949579,0.9161136813406003,0.9668700695427506
AI,23408537_AI.txt,0.5171568627450981,0.054187192118226604,0.6078431372549019,0.7147875770302787,0.946551701184876
AI,23416654_AI.txt,0.460093896713615,0.07378335949764521,0.5383411580594679,0.9599173280369989,0.9465123740192345
AI,23427369_AI.txt,0.463768115942029,0.06181818181818182,0.5489130434782609,0.5743874624682029,0.9642178063307805
AI,23438112_AI.txt,0.44684684684684683,0.10669077757685352,0.5153153153153153,0.6997430893848774,0.9754333405097105
AI,23438227_AI.txt,0.4969040247678019,0.043478260869565216,0.5603715170278638,0.43836583890917785,0.9563842374134189
AI,23464505_AI.txt,0.51931330472103,0.03879310344827586,0.5901287553648069,1.0832570414048257,0.9605733441447211
AI,23477199_AI.txt,0.4789915966386555,0.05485232067510549,0.5525210084033614,1.149290814877866,0.9566239484034532
AI,23497307_AI.txt,0.514161220043573,0.03938730853391685,0.6013071895424836,0.39366116475335444,0.9506889762296783
AI,23510685_AI.txt,0.42342342342342343,0.08283132530120482,0.4864864864864865,0.7674390332202837,0.950930555834202
AI,23513618_AI.txt,0.5042881646655232,0.03442340791738382,0.5746140651801029,0.8684145160484573,0.9877100659632032
AI,23522150_AI.txt,0.5393474088291746,0.028901734104046242,0.6295585412667947,0.8560810094173521,0.9535880249631536
AI,23527321_AI.txt,0.3629943502824859,0.13314447592067988,0.4307909604519774,0.6499078571588205,0.9860855649686852
AI,23568641_AI.txt,0.5064599483204134,0.02077922077922078,0.6072351421188631,0.6831783494673609,0.9745000921677074
AI,23568731_AI.txt,0.45875251509054327,0.09475806451612903,0.5522088353413654,0.47833875451974556,0.9442148961182408
AI,23573064_AI.txt,0.4488330341113106,0.04504504504504504,0.5224416517055656,0.9638177773069656,0.9388874823470373
AI,23577836_AI.txt,0.5251641137855579,0.04395604395604396,0.6061269146608315,0.75589361572588,0.9526993242049436
AI,23591247_AI.txt,0.6007604562737643,0.038314176245210725,0.6958174904942965,0.6263543193385127,0.9787433504078409
AI,23602130_AI.txt,0.5093833780160858,0.05929919137466307,0.5951742627345844,0.964840210256476,0.9805304859130904
AI,23617240_AI.txt,0.4384105960264901,0.08897742363877822,0.5165562913907285,0.8273177316986082,0.9795912429242365
AI,23628651_AI.txt,0.4632352941176471,0.042435424354243544,0.5606617647058824,0.6468160329580491,0.9677804948968174
AI,23631188_AI.txt,0.4497153700189753,0.10285714285714286,0.5351043643263758,1.0814579422692467,0.9643533837773206
AI,23631724_AI.txt,0.41935483870967744,0.1,0.48533724340175954,0.6781573802365416,0.9727401472993329
AI,23636277_AI.txt,0.4470198675496689,0.046511627906976744,0.5182119205298014,0.9549003481940029,0.9880949379884229
AI,23666211_AI.txt,0.5014836795252225,0.025297619047619048,0.5563798219584569,1.4020775081605488,0.9855641879360963
AI,23673025_AI.txt,0.5406976744186046,0.023346303501945526,0.6201550387596899,0.5827218443593601,0.967836581070515
AI,23719943_AI.txt,0.4314789687924016,0.047619047619047616,0.5400271370420624,0.56994586232225,0.9522553188849959
AI,23734441_AI.txt,0.43413729128014844,0.06890130353817504,0.5083487940630798,0.7331534984847652,0.9362710411810893
AI,23752500_AI.txt,0.4177215189873418,0.07441016333938294,0.5027124773960217,0.7492006751199312,0.9555900159259212
AI,23760084_AI.txt,0.5022026431718062,0.059734513274336286,0.5638766519823789,0.781303974434251,0.9520117071420959
AI,23761385_AI.txt,0.5174537987679672,0.032989690721649485,0.6036960985626283,0.8056538691580951,0.9780429525646744
AI,23771896_AI.txt,0.44768439108061747,0.07401032702237521,0.5420240137221269,0.6359525384096155,0.9860476996580514
AI,23782450_AI.txt,0.5565217391304348,0.029154518950437316,0.6463768115942029,0.7007295526284244,0.971937015554922
AI,23804341_AI.txt,0.45528455284552843,0.07142857142857142,0.5528455284552846,0.5501929028752882,0.9665883000112312
AI,23807940_AI.txt,0.3627329192546584,0.14819427148194272,0.4322981366459627,0.9268409779006654,0.9428022904134481
AI,23810469_AI.txt,0.3626543209876543,0.07430340557275542,0.4521604938271605,0.6066939932214054,0.9758147038259629
AI,23814777_AI.txt,0.5038022813688213,0.061068702290076333,0.5817490494296578,0.7051789170491264,0.9844361606531501
AI,23818675_AI.txt,0.4522691705790297,0.07053291536050156,0.53125,0.8603179350709608,0.9653632682940577
AI,23841877_AI.txt,0.4293381037567084,0.1490125673249551,0.4937388193202147,0.7273878648999459,0.9681616431360988
AI,23864648_AI.txt,0.4555984555984556,0.04392764857881137,0.5412371134020618,0.522612888626977,0.9599425834270905
AI,23864858_AI.txt,0.43790849673202614,0.05737704918032787,0.5179738562091504,0.6824715181791258,0.9792561759342973
AI,23914451_AI.txt,0.448566610455312,0.0338409475465313,0.5413153456998314,0.7183260510970089,0.941924087267911
AI,23917826_AI.txt,0.47635135135135137,0.030508474576271188,0.5540540540540541,0.9575169142415767,0.9333143608577179
AI,23918545_AI.txt,0.46306306306306305,0.05063291139240506,0.5495495495495496,1.2014319129039512,0.9658093113319103
AI,23929500_AI.txt,0.468,0.05622489959839357,0.548,1.3655674906164732,0.9554756153612022
AI,23933031_AI.txt,0.42504409171075835,0.07079646017699115,0.5149911816578483,0.5886229300969738,0.951707209063828
AI,23939133_AI.txt,0.43570057581573896,0.038535645472061654,0.5374280230326296,0.5106906108263187,0.9844730734297652
AI,23944036_AI.txt,0.44193548387096776,0.0744336569579288,0.5241935483870968,0.76004273759276,0.9779793426016463
AI,23951429_AI.txt,0.6018808777429467,0.04416403785488959,0.7021943573667712,0.9625628236773868,0.9705070476135917
AI,23955183_AI.txt,0.5,0.05102040816326531,0.5898305084745763,0.5990503939113988,0.9842535284934264
AI,23985183_AI.txt,0.47096774193548385,0.03398058252427184,0.5532258064516129,0.9818430277607475,0.987138325424366
AI,24001783_AI.txt,0.4899598393574297,0.09475806451612903,0.5481927710843374,0.7082274229642803,0.9792786981687609
AI,24020470_AI.txt,0.46106870229007635,0.05053598774885146,0.5343511450381679,0.6506912498385065,0.9539737948967142
AI,24025053_AI.txt,0.5172413793103449,0.017316017316017316,0.5818965517241379,0.8553273182990073,0.9668152880266081
AI,24038620_AI.txt,0.4518201284796574,0.05806451612903226,0.5331905781584583,0.5997769769946392,0.9894939603164542
AI,24061629_AI.txt,0.5460526315789473,0.03303964757709251,0.631578947368421,0.9973550644077795,0.9565547420661061
AI,24068423_AI.txt,0.3907563025210084,0.10252808988764045,0.4495798319327731,1.1349361169148382,0.9873525449933718
AI,24083609_AI.txt,0.601593625498008,0.04819277108433735,0.6852589641434262,0.5736179148397309,0.9623088958942811
AI,24103168_AI.txt,0.44603174603174606,0.07643312101910828,0.526984126984127,0.5878819258406901,0.9657672635152721
AI,24124250_AI.txt,0.46785714285714286,0.02867383512544803,0.5625,0.6504199076445477,0.9615427124059182
AI,24154692_AI.txt,0.5,0.028428093645484948,0.5766666666666667,1.0901731243602737,0.971386169379656
AI,24184357_AI.txt,0.5212264150943396,0.045023696682464455,0.6014150943396226,0.8233652368656009,0.9669083550514317
AI,24219583_AI.txt,0.4570957095709571,0.08278145695364239,0.5313531353135313,0.9628790137242121,0.9647352088044913
AI,24221960_AI.txt,0.5460829493087558,0.046296296296296294,0.6267281105990783,1.1144821103204754,0.9528939504601243
AI,24230851_AI.txt,0.45372460496614,0.1292517006802721,0.5440180586907449,0.6673500824353005,0.9625450075490712
AI,24240349_AI.txt,0.4970873786407767,0.07017543859649122,0.5864077669902913,0.9587953679543603,0.9786197800279457
AI,24251588_AI.txt,0.44571428571428573,0.05736137667304015,0.5466666666666666,0.5650742415903406,0.9662568159312094
AI,24285142_AI.txt,0.5362595419847328,0.032567049808429116,0.6087786259541985,1.2014038459589316,0.9353441132883211
AI,24294778_AI.txt,0.47237076648841353,0.05366726296958855,0.5650623885918004,0.9031762992595629,0.9733070789700157
AI,24322804_AI.txt,0.45598194130925507,0.07482993197278912,0.5575620767494357,0.840870015861777,0.9607682305544293
AI,24349611_AI.txt,0.4747191011235955,0.03380281690140845,0.5351123595505618,0.710938922916041,0.9763931723573848
AI,24361598_AI.txt,0.5260770975056689,0.03416856492027335,0.6167800453514739,0.7999641848133872,0.97483412946923
AI,24397882_AI.txt,0.44101633393829404,0.09836065573770492,0.5172413793103449,1.0892561621963057,0.9496649714775514
AI,24402267_AI.txt,0.4911242603550296,0.039603960396039604,0.5463510848126233,0.6840749290533368,0.9884464005719853
AI,24410405_AI.txt,0.4826923076923077,0.09073359073359073,0.575,1.0207903418590512,0.9385238951322331
AI,24411323_AI.txt,0.5266272189349113,0.08928571428571429,0.6035502958579881,0.3714610411373255,0.9115860504142097
AI,24412546_AI.txt,0.41532976827094475,0.1037567084078712,0.48128342245989303,0.8961614869012493,0.9802151090193905
AI,24416961_AI.txt,0.3421686746987952,0.09782608695652174,0.40602409638554215,1.0135553258098169,0.9824799774803346
AI,24444525_AI.txt,0.4110535405872193,0.1663778162911612,0.4905008635578584,0.8471325065026775,0.9768152744765262
AI,24455357_AI.txt,0.42435424354243545,0.12407407407407407,0.5055350553505535,0.7790700925157998,0.9800174606894857
AI,24491862_AI.txt,0.4800796812749004,0.116,0.547808764940239,0.6334104027719123,0.9849773066109592
AI,24508725_AI.txt,0.4934086629001883,0.06427221172022685,0.5932203389830508,0.9309611922637889,0.9482578586384811
AI,24516163_AI.txt,0.46440129449838186,0.08116883116883117,0.5388349514563107,1.0331327787142957,0.9617438583623757
AI,24530382_AI.txt,0.35145385587863465,0.08365019011406843,0.4222503160556258,0.628080244371008,0.9762519013855964
AI,24533931_AI.txt,0.5378151260504201,0.059322033898305086,0.6176470588235294,0.4071874442606899,0.9350592491500559
AI,24544244_AI.txt,0.5275590551181102,0.01383399209486166,0.610236220472441,0.6140975119893488,0.9394975218742959
AI,24548333_AI.txt,0.4654867256637168,0.055062166962699825,0.552212389380531,0.5660301009204649,0.970581175516401
AI,24550866_AI.txt,0.5279069767441861,0.04449648711943794,0.6107226107226107,0.9044459261929642,0.9752736305306519
AI,24553863_AI.txt,0.40381558028616854,0.08931419457735247,0.48807631160572335,0.583980320231317,0.970308314111154
AI,24559558_AI.txt,0.46320346320346323,0.04775687409551375,0.5454545454545454,0.9030823774524743,0.9683099932005825
AI,24574164_AI.txt,0.41679160419790107,0.06015037593984962,0.4917541229385307,0.6051996710107731,0.9877374050981065
AI,24580361_AI.txt,0.5065616797900262,0.09762532981530343,0.5826771653543307,0.7559489334448481,0.9476927437919098
AI,24583187_AI.txt,0.5542168674698795,0.046370967741935484,0.6325301204819277,1.073442071956731,0.9548207410017161
AI,24588864_AI.txt,0.48223350253807107,0.06960950764006792,0.5549915397631133,0.849473440408089,0.9635764169133656
AI,24589765_AI.txt,0.4512396694214876,0.05306799336650083,0.5256198347107438,0.6704748370141784,0.9623902688608069
AI,24590489_AI.txt,0.4713855421686747,0.01812688821752266,0.5617469879518072,0.6942474726818794,0.964220227454372
AI,24592627_AI.txt,0.3974121996303142,0.14471243042671614,0.46395563770794823,0.9956296870992176,0.9594407143177497
AI,24610685_AI.txt,0.4785185185185185,0.13075780089153047,0.5377777777777778,0.8544278281869375,0.9820880096222565
AI,24611721_AI.txt,0.484251968503937,0.041501976284584984,0.5728346456692913,0.6272107036606865,0.9637224122741554
AI,24643412_AI.txt,0.39176829268292684,0.09021406727828746,0.45884146341463417,0.8110212285807422,0.9745814107534059
AI,24647386_AI.txt,0.37320574162679426,0.0896,0.48165869218500795,0.6377818322082409,0.9732400953867736
AI,24647794_AI.txt,0.4565972222222222,0.041811846689895474,0.5121527777777778,0.5882194504719988,0.9888206928267363
AI,24655918_AI.txt,0.5136842105263157,0.04883227176220807,0.6046511627906976,0.7348533094133919,0.9653138308845601
AI,24658786_AI.txt,0.46056338028169014,0.10734463276836158,0.5140845070422535,1.5152475789039077,0.980261198906685
AI,24668861_AI.txt,0.4674698795180723,0.07125603864734299,0.5385542168674698,0.9576458546387757,0.9709183135161737
AI,24670867_AI.txt,0.4067796610169492,0.046742209631728045,0.5,0.5445651071150441,0.9771557044088903
AI,24673903_AI.txt,0.5605536332179931,0.027874564459930314,0.6608996539792388,0.6157192897182266,0.949811106501472
AI,24677466_AI.txt,0.3971223021582734,0.08802308802308802,0.4618705035971223,0.5610827826422747,0.97476899469104
AI,24679149_AI.txt,0.4357262103505843,0.08710217755443886,0.4991652754590985,0.5166410294646533,0.9204734224045273
AI,24695561_AI.txt,0.4396551724137931,0.08996539792387544,0.5206896551724138,0.7172756045569136,0.938979826355304
AI,24703009_AI.txt,0.47217537942664417,0.05414551607445008,0.5767284991568297,0.6891545511046039,0.9593179512978135
AI,24703983_AI.txt,0.43119266055045874,0.11692307692307692,0.5045871559633027,0.7820681807345707,0.984924590779052
AI,24708621_AI.txt,0.4939759036144578,0.004842615012106538,0.5759036144578313,0.7579223038078359,0.9572325720139911
AI,24709432_AI.txt,0.5085470085470085,0.034334763948497854,0.6175213675213675,0.7451903394269874,0.9693041868535137
AI,24710433_AI.txt,0.5029585798816568,0.07326732673267326,0.5759368836291914,0.8940642558065467,0.9776369644341373
AI,24727739_AI.txt,0.4528301886792453,0.058712121212121215,0.530188679245283,0.6704060311985995,0.9594755359881435
AI,24740005_AI.txt,0.5,0.04332129963898917,0.5845323741007195,0.9534135849144295,0.9491228988183221
AI,24754689_AI.txt,0.45225225225225224,0.07233273056057866,0.527927927927928,0.6898497856080972,0.9654096222491979
AI,24763208_AI.txt,0.4145985401459854,0.09224011713030747,0.49635036496350365,0.4161854361326109,0.9488003704048431
AI,24767027_AI.txt,0.45440494590417313,0.031007751937984496,0.5471406491499228,0.6242027963172003,0.947791523569028
AI,24770846_AI.txt,0.47717842323651455,0.0375,0.5560165975103735,0.7031453379538741,0.963946979296728
AI,24773845_AI.txt,0.43820224719101125,0.07464788732394366,0.5280898876404494,0.48835004537048354,0.9464809609524191
AI,24791126_AI.txt,0.43992248062015504,0.13424124513618677,0.5,1.3360968390560382,0.9886765675700195
AI,24799301_AI.txt,0.49019607843137253,0.10276679841897234,0.592156862745098,0.7788880963698614,0.9712289002856097
AI,24817041_AI.txt,0.5173410404624278,0.05813953488372093,0.5953757225433526,0.6632393216691438,0.9729874362997288
AI,24828381_AI.txt,0.4311111111111111,0.09212481426448738,0.52,0.9780951331490423,0.979712979406995
AI,24833063_AI.txt,0.43364197530864196,0.03715170278637771,0.5015432098765432,0.9498923753201507,0.9877587028555636
AI,24854026_AI.txt,0.4474789915966387,0.0379746835443038,0.5168067226890757,0.7709521117606183,0.997795205325896
AI,24889109_AI.txt,0.4873524451939292,0.05414551607445008,0.5446880269814502,1.1093888785909711,0.9746199439040615
AI,24905947_AI.txt,0.46402877697841727,0.08303249097472924,0.5467625899280576,0.7234346817942702,0.9642336095658639
AI,24913648_AI.txt,0.4423728813559322,0.027210884353741496,0.5169491525423728,0.7175111850365274,0.9039652110822499
AI,24946537_AI.txt,0.4780316344463972,0.047619047619047616,0.5588752196836555,0.7301303256186843,0.9533556149479729
AI,24953126_AI.txt,0.39072847682119205,0.15780730897009967,0.4602649006622517,0.7297374115196678,0.9636642788928742
AI,24953921_AI.txt,0.500875656742557,0.054481546572934976,0.5814360770577933,0.5709799253994206,0.9724876125410525
AI,24964303_AI.txt,0.36813186813186816,0.1652892561983471,0.44368131868131866,0.6653946744072035,0.9619926074839822
AI,24967652_AI.txt,0.4121510673234811,0.06589785831960461,0.49589490968801314,0.8938638820639939,0.947663328553935
AI,24977396_AI.txt,0.48353552859618715,0.043478260869565216,0.5753899480069324,0.6316389643237598,0.9728595814990363
AI,24983760_AI.txt,0.44122137404580153,0.06584992343032159,0.4961832061068702,0.7512403268468328,0.9524270507079122
AI,24989856_AI.txt,0.4397590361445783,0.07056451612903226,0.5301204819277109,1.4450169024171533,0.9920875895052815
AI,24994145_AI.txt,0.5020161290322581,0.02631578947368421,0.5745967741935484,0.693622899491056,0.9690697963271678
AI,25001005_AI.txt,0.4105263157894737,0.07390648567119155,0.5082706766917293,0.5970451293994932,0.9711934727836193
AI,25023614_AI.txt,0.5191146881287726,0.030364372469635626,0.6108870967741935,0.6220392497400263,0.9571682810449623
AI,25038571_AI.txt,0.36585365853658536,0.16122448979591836,0.43902439024390244,0.4243611889070269,0.9842599394903865
AI,25047127_AI.txt,0.5945205479452055,0.0440771349862259,0.663013698630137,0.881109123233737,0.9746077592638408
AI,25061645_AI.txt,0.5100864553314121,0.08695652173913043,0.590778097982709,0.9764353779170118,0.9872404805629337
AI,25067742_AI.txt,0.4463276836158192,0.23863636363636365,0.5254237288135594,0.736808408080321,0.9569221044679981
AI,25070914_AI.txt,0.4411764705882353,0.06076388888888889,0.5190311418685121,0.5594540761898293,0.9583213920737934
AI,25080805_AI.txt,0.4619289340101523,0.11375212224108659,0.5380710659898477,0.7910577554059173,0.9746615331953906
AI,25098739_AI.txt,0.5403225806451613,0.04878048780487805,0.6370967741935484,0.4202069506488073,0.9605664143344768
AI,25101183_AI.txt,0.4154786150712831,0.05930470347648262,0.515274949083503,0.5161575890757513,0.9730478984954507
AI,25127518_AI.txt,0.4563758389261745,0.05855855855855856,0.547085201793722,0.8674842896880398,0.9765933399840993
AI,25128608_AI.txt,0.4021164021164021,0.06371681415929203,0.47442680776014107,0.8674758079138947,0.9646435049347776
AI,25142074_AI.txt,0.5231481481481481,0.05116279069767442,0.6134259259259259,0.7316854644088268,0.9652323493411221
AI,25150191_AI.txt,0.5316455696202531,0.07203389830508475,0.6075949367088608,0.7379311371837257,0.9699933423457441
AI,25157655_AI.txt,0.5633802816901409,0.031914893617021274,0.6654929577464789,0.6396563689967607,0.9639566282606369
AI,25162378_AI.txt,0.47769516728624534,0.03731343283582089,0.5631970260223048,0.9640041010289451,0.940183169792642
AI,25187733_AI.txt,0.4658040665434381,0.07606679035250463,0.5545286506469501,0.7905040578582437,0.9830780115208013
AI,25200253_AI.txt,0.3670520231213873,0.21304347826086956,0.434971098265896,0.7709799246722163,0.9849778169281541
AI,25207620_AI.txt,0.423828125,0.027450980392156862,0.533203125,0.6232555203479594,0.9499403425446455
AI,25213006_AI.txt,0.4774066797642436,0.09861932938856016,0.5618860510805501,0.740004158136917,0.9675610901339927
AI,25224998_AI.txt,0.5199335548172758,0.05333333333333334,0.5946843853820598,0.847001438245641,0.9691586729162912
AI,25258040_AI.txt,0.3994082840236686,0.06083086053412463,0.49556213017751477,0.6188630834371089,0.938370690563369
AI,25315791_AI.txt,0.46851385390428213,0.04050632911392405,0.5818639798488665,0.5229349520738292,0.9544121580081654
AI,25328428_AI.txt,0.4680073126142596,0.08256880733944955,0.5484460694698354,0.9996088924990094,0.9663559157087735
AI,25330083_AI.txt,0.4657258064516129,0.05668016194331984,0.5625,0.90659839285766,0.9419031546490383
AI,25370801_AI.txt,0.476,0.13306451612903225,0.56,0.6119108669495167,0.9107993643724436
AI,25397102_AI.txt,0.5229759299781181,0.05274725274725275,0.6039387308533917,0.6401176339948297,0.9711508177728236
AI,25413261_AI.txt,0.4752650176678445,0.040780141843971635,0.5530035335689046,0.870843968499162,0.9240325655543455
AI,25422388_AI.txt,0.42065009560229444,0.21880998080614203,0.47609942638623326,0.7305701906516144,0.9779972026738613
AI,25425322_AI.txt,0.4164420485175202,0.11216216216216217,0.4838274932614555,1.054349198787055,0.9728534431998156
AI,25451319_AI.txt,0.44,0.08032128514056225,0.516,0.5974794676687344,0.958139271600823
AI,25452321_AI.txt,0.4409171075837742,0.07256637168141593,0.5185185185185185,0.5509138025061018,0.9590709711695826
AI,25462793_AI.txt,0.4957983193277311,0.09577464788732394,0.5742296918767507,0.9379331675226138,0.9909294463588967
AI,25482567_AI.txt,0.39952718676122934,0.0997624703087886,0.48936170212765956,0.6990753995643485,0.9651297782116095
AI,25497147_AI.txt,0.4184027777777778,0.12195121951219512,0.4913194444444444,0.7293751768674345,0.9836455039177434
AI,25507648_AI.txt,0.46440129449838186,0.0698051948051948,0.5355987055016181,0.658462629022596,0.9653093319298072
AI,25525152_AI.txt,0.5565749235474006,0.06769230769230769,0.6299694189602446,0.7135389541762225,0.9757010785927887
AI,25543217_AI.txt,0.4706766917293233,0.10558069381598793,0.5293233082706766,0.6307132149820691,0.9767029651258893
AI,25547145_AI.txt,0.46311475409836067,0.03292181069958848,0.5409836065573771,0.8389671541643302,0.941852903243852
AI,25561640_AI.txt,0.4955947136563877,0.05309734513274336,0.5925110132158591,0.7491861628525457,0.9668926391360831
AI,25588694_AI.txt,0.5105820105820106,0.05851063829787234,0.5978835978835979,0.8097781923122528,0.9678388514467924
AI,25608963_AI.txt,0.46875,0.034482758620689655,0.5421875,0.6198833109133817,0.9503559030363116
AI,25624652_AI.txt,0.4069767441860465,0.141399416909621,0.48401162790697677,0.8306479825785296,0.9737335193010045
AI,25625173_AI.txt,0.44668587896253603,0.06647398843930635,0.521613832853026,0.7198034050344699,0.9806826884198205
AI,25656981_AI.txt,0.5018050541516246,0.025362318840579712,0.5703971119133574,1.05884322676858,0.9491970697718426
AI,25676643_AI.txt,0.4338358458961474,0.047058823529411764,0.507537688442211,0.8317903332023231,0.9404623067500572
AI,25678238_AI.txt,0.4383561643835616,0.10824742268041238,0.5205479452054794,0.8058588609578756,0.9773769386435881
AI,25694422_AI.txt,0.42130365659777425,0.05422647527910686,0.5151033386327504,0.6140018021361628,0.9722437732230869
AI,25706337_AI.txt,0.5152439024390244,0.05521472392638037,0.5762195121951219,0.5236082631378675,0.9690934309097226
AI,25718772_AI.txt,0.538899430740038,0.030476190476190476,0.6129032258064516,0.9082328171404527,0.9656117558801877
AI,25719936_AI.txt,0.47150997150997154,0.06437768240343347,0.5349500713266762,0.8347381012520487,0.9632477788046182
AI,25723793_AI.txt,0.48353552859618715,0.04173913043478261,0.5684575389948007,0.8241528398585308,0.9415495409564627
AI,25724495_AI.txt,0.5044563279857398,0.0518783542039356,0.5846702317290553,0.48433888496599237,0.970062306032292
AI,25729119_AI.txt,0.44967880085653106,0.06881720430107527,0.5310492505353319,0.65732480222535,0.982304491848371
AI,25749150_AI.txt,0.4444444444444444,0.042748091603053436,0.5159817351598174,0.5880416806917868,0.9620871740235478
AI,25780596_AI.txt,0.45472061657032753,0.048355899419729204,0.5279383429672447,0.5940420499279118,0.9568627372636651
AI,25797445_AI.txt,0.45964125560538116,0.06306306306306306,0.5201793721973094,0.5360877119854225,0.975871989296762
AI,25810233_AI.txt,0.4853658536585366,0.07352941176470588,0.5634146341463414,0.7804822349707444,0.9895049410765153
AI,25813953_AI.txt,0.474,0.04417670682730924,0.55,0.7133578811975563,0.9459760934859945
AI,25824789_AI.txt,0.4472271914132379,0.08797127468581688,0.5044722719141324,0.8934177057427508,0.957812378147426
AI,25834360_AI.txt,0.38821752265861026,0.13787878787878788,0.4697885196374622,0.8441196736064338,0.9671236642998835
AI,25838512_AI.txt,0.4925373134328358,0.05405405405405406,0.6,0.7846231815017776,0.9628088345859619
AI,25839123_AI.txt,0.4828897338403042,0.05747126436781609,0.5665399239543726,0.8753450088584084,0.9459734407733625
AI,25846894_AI.txt,0.44621513944223107,0.068,0.5378486055776892,0.49591192368544246,0.9898065604317727
AI,25857360_AI.txt,0.5058823529411764,0.028368794326241134,0.6141176470588235,0.7816779581575103,0.981552289777945
AI,25862026_AI.txt,0.43548387096774194,0.06115107913669065,0.5286738351254481,0.6310332746190637,0.9619400592507354
AI,25867805_AI.txt,0.4387755102040816,0.08703071672354949,0.5170068027210885,0.6874759600303937,0.981520587115392
AI,25873425_AI.txt,0.5708154506437768,0.021551724137931036,0.6652360515021459,0.6437586159474764,0.9691632026085042
AI,25905275_AI.txt,0.5046728971962616,0.014084507042253521,0.572429906542056,0.8497915869153828,0.9347231435806159
AI,25919149_AI.txt,0.4934579439252336,0.08630393996247655,0.5906542056074766,0.6604430521626353,0.9287816216443732
AI,25923361_AI.txt,0.4338919925512104,0.052336448598130844,0.5102420856610801,0.6114667702299987,0.9804902859967604
AI,25924968_AI.txt,0.3781763826606876,0.11394302848575712,0.4588938714499253,0.680923297404914,0.9539091744713128
AI,25926667_AI.txt,0.4966216216216216,0.04576271186440678,0.5777027027027027,0.9245705605224382,0.9435886068820123
AI,25930778_AI.txt,0.5810276679841897,0.06374501992031872,0.6442687747035574,0.8164299282886835,0.9434091762765038
AI,25935030_AI.txt,0.525390625,0.021568627450980392,0.60546875,0.7137512864403563,0.976338355686467
AI,25949631_AI.txt,0.47392638036809814,0.043076923076923075,0.5659509202453987,0.7449313572863836,0.9697347165421105
AI,25953797_AI.txt,0.4679245283018868,0.03802281368821293,0.5735849056603773,0.43313127985540095,0.9759795193489826
AI,25959103_AI.txt,0.40932642487046633,0.11091854419410745,0.49568221070811747,1.1925664517983345,0.9604314916444081
AI,25974844_AI.txt,0.45610687022900764,0.08045977011494253,0.5381679389312977,0.5496538609451406,0.95805403277964
AI,25990239_AI.txt,0.4603854389721627,0.06451612903225806,0.5289079229122056,1.2552933136908744,0.9811649689333004
AI,26013403_AI.txt,0.425414364640884,0.0817174515235457,0.4930939226519337,0.8741475622520233,0.9650156482946725
AI,26046064_AI.txt,0.5263157894736842,0.06713780918727916,0.6070175438596491,0.7868249263055864,0.9781280425519215
AI,26046878_AI.txt,0.49284253578732107,0.06570841889117043,0.5746421267893661,0.8283031245136551,0.967022604543836
AI,26048718_AI.txt,0.4604715672676838,0.05146036161335188,0.5270457697642164,1.0965960777230812,0.9730446824999781
AI,26065877_AI.txt,0.44234800838574423,0.08,0.5136268343815513,0.6693476330517618,0.9765767352886954
AI,26069113_AI.txt,0.4370015948963317,0.025559105431309903,0.5334394904458599,0.41851611473123196,0.9548111084673858
AI,26070334_AI.txt,0.40544871794871795,0.09646302250803858,0.48878205128205127,0.7213182735289638,0.9664301889132715
AI,26071861_AI.txt,0.49122807017543857,0.044921875,0.566147859922179,1.4645858695675804,0.9580480406527342
AI,26079779_AI.txt,0.4428822495606327,0.042328042328042326,0.5202108963093146,0.6273473578323485,0.9661925391043277
AI,26091595_AI.txt,0.4025735294117647,0.12177121771217712,0.4522058823529412,0.48477102954747986,0.9867303046803908
AI,26098594_AI.txt,0.4421768707482993,0.05802047781569966,0.5357142857142857,0.7204216680095133,0.9828808049206381
AI,26125407_AI.txt,0.48092868988391374,0.08319467554076539,0.548922056384743,1.2232576651401752,0.979249041573392
AI,26127853_AI.txt,0.5239923224568138,0.028901734104046242,0.5930902111324377,0.9785353520825735,0.9801058844717219
AI,26130673_AI.txt,0.5329949238578681,0.05357142857142857,0.6243654822335025,0.5698741600939983,0.9649470330074141
AI,26160200_AI.txt,0.4528,0.048154093097913325,0.528,0.9221489404576121,0.9751653385340143
AI,26167298_AI.txt,0.35633626097867,0.06792452830188679,0.4366373902132999,0.6085773308339648,0.973360955901038
AI,26173524_AI.txt,0.5294117647058824,0.04219409282700422,0.6092436974789915,0.7334940522851062,0.9606538080096796
AI,26189601_AI.txt,0.4625,0.06976744186046512,0.5525846702317291,0.5896341909662027,0.9833192618182907
AI,26202430_AI.txt,0.40858505564387915,0.051036682615629984,0.48966613672496023,0.6518145508087346,0.9833211593213403
AI,26231609_AI.txt,0.4055299539170507,0.07550077041602465,0.49923195084485406,0.6120832271431921,0.9815096617942277
AI,26234972_AI.txt,0.5159474671669794,0.06779661016949153,0.5834896810506567,1.340793576230717,0.9443544556452967
AI,26278597_AI.txt,0.4231292517006803,0.06412005457025921,0.5183673469387755,0.8659591721956057,0.9466885322206516
AI,26279402_AI.txt,0.494199535962877,0.06526806526806526,0.5870069605568445,0.6347709166759805,0.9500136527810825
AI,26289308_AI.txt,0.4291044776119403,0.1254681647940075,0.503731343283582,0.8868821627866033,0.9818025825316906
AI,26291616_AI.txt,0.4562899786780384,0.032119914346895075,0.5373134328358209,1.0671487360135423,0.9740594410324791
AI,26330995_AI.txt,0.43295638126009695,0.06807131280388978,0.5153473344103393,0.9670829733656472,0.9682433503096051
AI,26341645_AI.txt,0.3859416445623342,0.061170212765957445,0.46949602122015915,0.8187774674295484,0.9807914806111021
AI,26341987_AI.txt,0.44029850746268656,0.09580838323353294,0.517910447761194,0.8866228005487188,0.9658433552824507
AI,26410763_AI.txt,0.5322997416020672,0.06233766233766234,0.5968992248062015,0.6786066957522945,0.954040541528373
AI,26425074_AI.txt,0.46345811051693403,0.08050089445438283,0.5365418894830659,1.0895304231307354,0.9875599510317575
AI,26456474_AI.txt,0.4336842105263158,0.0507399577167019,0.5073684210526316,0.7158947291033052,0.9521495512767763
AI,26456899_AI.txt,0.47704918032786886,0.06907894736842106,0.5491803278688525,1.804143346091295,0.966615476845039
AI,26459032_AI.txt,0.4918032786885246,0.03782894736842105,0.5868852459016394,0.8050221776452137,0.9798135911828457
AI,26480367_AI.txt,0.3680672268907563,0.17537942664418213,0.4184873949579832,0.5846732564630641,0.9520412141238761
AI,26496059_AI.txt,0.5587044534412956,0.02032520325203252,0.6214574898785425,0.752676477170351,0.9501722752467326
AI,26503829_AI.txt,0.3952380952380952,0.20382165605095542,0.4793650793650794,0.5613582072697152,0.9323428766819148
AI,26509539_AI.txt,0.50199203187251,0.076,0.5776892430278885,0.6870734801630599,0.951933037000722
AI,26530575_AI.txt,0.46243739565943237,0.03685092127303183,0.5358931552587646,0.7398708603570509,0.9848791199734056
AI,26530696_AI.txt,0.5150812064965197,0.04195804195804196,0.5986078886310905,0.6534516378598969,0.9617661964219558
AI,26579709_AI.txt,0.4761092150170648,0.06506849315068493,0.5597269624573379,0.5699265433199447,0.9626464113670208
AI,26581830_AI.txt,0.4906716417910448,0.04681647940074907,0.5597014925373134,0.5569834500233476,0.9564786482840001
AI,26585242_AI.txt,0.4074675324675325,0.09446254071661238,0.48214285714285715,0.8872804547877877,0.9872052633594387
AI,26586477_AI.txt,0.3942701227830832,0.04103967168262654,0.4829467939972715,0.5012680714087907,0.9789461808182348
AI,26622051_AI.txt,0.4794520547945205,0.10216110019646366,0.5264187866927593,0.6529204491528775,0.9386629462918691
AI,26671167_AI.txt,0.5459558823529411,0.033210332103321034,0.625,0.792299111975369,0.9574052190818945
AI,26673507_AI.txt,0.43894899536321486,0.07596899224806201,0.5146831530139103,1.0176815080506505,0.9589483431887624
AI,26676567_AI.txt,0.3864795918367347,0.08695652173913043,0.45918367346938777,1.0372543007326291,0.9622304146344439
AI,26691587_AI.txt,0.54510556621881,0.038535645472061654,0.6468330134357005,0.6482454757599682,0.9511153200632139
AI,26695839_AI.txt,0.4796905222437137,0.06407766990291262,0.5609284332688588,0.9063732923568952,0.9672474778605663
AI,26718039_AI.txt,0.4864864864864865,0.038910505836575876,0.5907335907335908,0.4700498011289975,0.9529245614929999
AI,26746496_AI.txt,0.4539130434782609,0.04363001745200698,0.5234782608695652,0.9517911577293586,0.9665201427042497
AI,26750846_AI.txt,0.42293233082706766,0.20566037735849058,0.4906015037593985,0.8529620784047569,0.9752127073678246
AI,26767199_AI.txt,0.43714285714285717,0.07449856733524356,0.5171428571428571,0.5960192436285175,0.9753967978323452
AI,26768723_AI.txt,0.4648648648648649,0.05605786618444846,0.5387387387387388,0.7494221160087706,0.9734960470549892
AI,26780935_AI.txt,0.441747572815534,0.21266233766233766,0.5388349514563107,0.829151224015134,0.9564316479232416
AI,26790545_AI.txt,0.48903508771929827,0.07488986784140969,0.5964912280701754,0.7198277814489128,0.9739468471331012
AI,26801767_AI.txt,0.45391061452513964,0.03361344537815126,0.5293296089385475,0.8534410690961745,0.9887732954091928
AI,26819872_AI.txt,0.4939759036144578,0.05429864253393665,0.5744360902255639,0.9483965337607556,0.9583517700921531
AI,26829350_AI.txt,0.42042042042042044,0.06927710843373494,0.5,0.4919983172374132,0.9690792472821365
AI,26829561_AI.txt,0.46308724832214765,0.10786516853932585,0.5413870246085011,0.7046749703940584,0.9679000491132065
AI,26834746_AI.txt,0.4560810810810811,0.03220338983050847,0.5320945945945946,0.44181159744665605,0.9416833094521283
AI,26835781_AI.txt,0.48757763975155277,0.0778816199376947,0.5496894409937888,1.0458565174757033,0.9542571469605297
AI,26888302_AI.txt,0.4736111111111111,0.0766016713091922,0.5444444444444444,0.6286851235458821,0.9576020281098689
AI,26896699_AI.txt,0.4352517985611511,0.0812274368231047,0.5377697841726619,0.8846134848314691,0.950505903874482
AI,26908066_AI.txt,0.4644808743169399,0.03656307129798903,0.5446265938069217,0.7636058372499241,0.9699020711660302
AI,26919036_AI.txt,0.4461839530332681,0.023575638506876228,0.5459882583170255,0.6814299358420942,0.9795549693563992
AI,26921245_AI.txt,0.5305785123966942,0.06135986733001658,0.6099173553719008,0.9327954370178086,0.9895633648032253
AI,26924514_AI.txt,0.4726930320150659,0.10396975425330812,0.536723163841808,0.8453865464815529,0.9573517150938663
AI,26932091_AI.txt,0.44337811900191937,0.08092485549132948,0.5393474088291746,0.5911032067418343,0.9607965080313585
AI,26942552_AI.txt,0.481981981981982,0.07013574660633484,0.5675675675675675,0.7375490627694767,0.9657105443712485
AI,26958533_AI.txt,0.5145833333333333,0.03347280334728033,0.60625,0.8550367698873992,0.976290638904732
AI,26961846_AI.txt,0.5285714285714286,0.00819672131147541,0.6224489795918368,0.519898821484045,0.9759071798978682
AI,26975573_AI.txt,0.5303643724696356,0.02032520325203252,0.6133603238866396,0.8235986559904991,0.9842772146663495
AI,26987539_AI.txt,0.38083832335329343,0.07683073229291716,0.4562874251497006,0.6214060762756459,0.9818642255543429
AI,26994282_AI.txt,0.4789473684210526,0.02992957746478873,0.5684210526315789,0.7812009552844785,0.967681829695408
AI,27000192_AI.txt,0.4693548387096774,0.07281553398058252,0.55,1.202717612994713,0.9710383520894552
AI,27004930_AI.txt,0.421875,0.11498257839721254,0.4982638888888889,0.7014402893812899,0.9752677391479562
AI,27018361_AI.txt,0.5050709939148073,0.016293279022403257,0.6105476673427992,0.8746703379886447,0.9492261081371983
AI,27018550_AI.txt,0.471976401179941,0.02967359050445104,0.5663716814159292,0.9129571911283626,0.9688082328936781
AI,27024099_AI.txt,0.4576271186440678,0.06805293005671077,0.5536723163841808,0.661142307698699,0.9451781632253663
AI,27030979_AI.txt,0.4227129337539432,0.060126582278481014,0.5078864353312302,1.2629973227623015,0.983400985979347
AI,27040860_AI.txt,0.5295629820051414,0.05167958656330749,0.6066838046272494,0.5790155445959395,0.9329866168074238
AI,27058381_AI.txt,0.4908350305498982,0.053169734151329244,0.5784114052953157,0.679132677746559,0.937991169748708
AI,27066370_AI.txt,0.4603960396039604,0.03482587064676617,0.551980198019802,0.6695094632980253,0.9730661886228742
AI,27080812_AI.txt,0.3516042780748663,0.07238605898123325,0.43983957219251335,0.6206895456062849,0.9733179908080566
AI,27084878_AI.txt,0.48807631160572335,0.04784688995215311,0.5548489666136724,0.4789246047310276,0.9697335739370799
AI,27090089_AI.txt,0.4743083003952569,0.05555555555555555,0.5573122529644269,0.9709402295233298,0.9775971425000325
AI,27091280_AI.txt,0.48523206751054854,0.0211864406779661,0.5843881856540084,0.5954873925723275,0.9691151423349488
AI,27096471_AI.txt,0.5024630541871922,0.039538714991762765,0.5944170771756979,0.7003065240142212,0.986300777074972
AI,27096796_AI.txt,0.5,0.08139534883720931,0.5747126436781609,1.1444576561530972,0.964235167270305
AI,27099856_AI.txt,0.3507795100222717,0.10491071428571429,0.4398663697104677,0.6685017722047868,0.9738960490250147
AI,27120528_AI.txt,0.4508426966292135,0.07464788732394366,0.5252808988764045,0.6636774513027078,0.9732659235002659
AI,27126818_AI.txt,0.4672566371681416,0.06571936056838366,0.5238938053097345,0.962472379698347,0.973393752922337
AI,27139412_AI.txt,0.5095890410958904,0.011019283746556474,0.6054794520547945,0.5919330093504174,0.9666009940301532
AI,27152464_AI.txt,0.4669211195928753,0.026785714285714284,0.5432569974554707,0.9001705333692961,0.9589771370349884
AI,27164756_AI.txt,0.46774193548387094,0.08823529411764706,0.5410557184750733,1.286474433763306,0.9745195158325768
AI,27165830_AI.txt,0.39046199701937406,0.05082212257100149,0.47540983606557374,0.5668569955618834,0.9799784732541164
AI,27176039_AI.txt,0.4295415959252971,0.11584327086882454,0.48217317487266553,0.5818897266065702,0.9684334086440255
AI,27182111_AI.txt,0.43884892086330934,0.07220216606498195,0.5107913669064749,0.664315445164536,0.9665342259042138
AI,27187994_AI.txt,0.46686746987951805,0.08484848484848485,0.5933734939759037,0.9896114017737163,0.9519070212735506
AI,27213082_AI.txt,0.4402730375426621,0.0821917808219178,0.5307167235494881,0.9168221830239551,0.968288194584947
AI,27219200_AI.txt,0.4068825910931174,0.054878048780487805,0.49190283400809715,0.5324946610762863,0.980909016280149
AI,27233183_AI.txt,0.5528846153846154,0.028985507246376812,0.6298076923076923,0.9443783403544141,0.9707057771196549
AI,27243670_AI.txt,0.4644808743169399,0.056672760511883,0.5500910746812386,0.6573295796151071,0.9778849839303646
AI,27246366_AI.txt,0.5147783251231527,0.009900990099009901,0.5985221674876847,0.9549029514453934,0.9437932785158749
AI,27257013_AI.txt,0.4580745341614907,0.06853582554517133,0.5341614906832298,0.9570572853949995,0.9686904906320914
AI,27295996_AI.txt,0.43582510578279265,0.04384724186704385,0.5007052186177715,0.9211789076694079,0.9964563198591633
AI,27298953_AI.txt,0.4748700173310225,0.07130434782608695,0.5493934142114385,0.6780589529411614,0.9889332131745531
AI,27330027_AI.txt,0.426497277676951,0.052823315118397086,0.5117967332123412,0.7367078287963914,0.9825050709643247
AI,27372171_AI.txt,0.4406779661016949,0.05620915032679739,0.5071707953063885,1.201251857429778,0.9636276130255164
AI,27375577_AI.txt,0.46957878315132606,0.03755868544600939,0.5647425897035881,0.5423613711190277,0.9874427535078014
AI,27397245_AI.txt,0.47453703703703703,0.07441860465116279,0.5578703703703703,0.7038182748095156,0.9566276330040544
AI,27409087_AI.txt,0.4425956738768719,0.05676126878130217,0.5108153078202995,1.0055706494507952,0.9905820016079845
AI,27419236_AI.txt,0.4805914972273567,0.055658627087198514,0.55637707948244,0.7391764992301605,0.9704042523007456
AI,27485716_AI.txt,0.48185483870967744,0.05465587044534413,0.5544354838709677,0.988627292531846,0.9922142477716914
AI,27490876_AI.txt,0.45438898450946646,0.039723661485319514,0.5301204819277109,0.6336798999016703,0.9850477429934608
AI,27496514_AI.txt,0.4780114722753346,0.061420345489443376,0.5602294455066922,0.6512459895638975,0.9547810111154007
AI,27497542_AI.txt,0.4581497797356828,0.05309734513274336,0.5440528634361234,0.7086286530054279,0.9529557646453549
AI,27502951_AI.txt,0.4682274247491639,0.053691275167785234,0.5434782608695652,0.6387336870580667,0.9906988056579829
AI,27512470_AI.txt,0.49390243902439024,0.0326530612244898,0.5914634146341463,0.7672206064912495,0.9701623636118702
AI,27523575_AI.txt,0.5324675324675324,0.06890130353817504,0.6029684601113172,0.6190535443920275,0.9592366324597336
AI,27524018_AI.txt,0.4894067796610169,0.09574468085106383,0.5826271186440678,0.6640764278791863,0.9651086563048115
AI,27529455_AI.txt,0.4431818181818182,0.14638783269961977,0.49242424242424243,0.6454972243679028,0.9875226392808406
AI,27531694_AI.txt,0.4680451127819549,0.06415094339622641,0.5338345864661654,0.897046674822331,0.9834357515462212
AI,27536013_AI.txt,0.40384615384615385,0.08771929824561403,0.479020979020979,0.5755342469579786,0.9251236800858791
AI,27549075_AI.txt,0.49168207024029575,0.0575139146567718,0.5582255083179297,1.0179775477301232,0.9556140476995341
AI,27558837_AI.txt,0.4072790294627383,0.08362369337979095,0.4791666666666667,0.5838547824654914,0.9686906509310923
AI,27573855_AI.txt,0.40970350404312667,0.07432432432432433,0.49326145552560646,0.8111334451316332,0.9830050462384553
AI,27606527_AI.txt,0.4002828854314003,0.10638297872340426,0.48797736916548795,0.8565664893550754,0.9476865380379025
AI,27607632_AI.txt,0.5194805194805194,0.04699738903394256,0.6025974025974026,0.7374475982437605,0.9719111711190387
AI,27624540_AI.txt,0.46889226100151743,0.0821917808219178,0.5402124430955993,0.6604695260084011,0.976056139783322
AI,27637576_AI.txt,0.4187866927592955,0.10805500982318271,0.4911937377690802,0.3944748388216018,0.9800508805016273
AI,27662298_AI.txt,0.4340770791075051,0.12016293279022404,0.5233265720081136,0.6890968056098749,0.96900777395013
AI,27689009_AI.txt,0.3993993993993994,0.13704819277108435,0.4774774774774775,1.160735053499713,0.9653587991271837
AI,27694040_AI.txt,0.46742209631728043,0.10256410256410256,0.5410764872521246,1.0861392719246405,0.979759986770805
AI,27710853_AI.txt,0.39487179487179486,0.05784061696658098,0.4756410256410256,0.47227139396696505,0.9532778372904296
AI,27715131_AI.txt,0.424812030075188,0.09056603773584905,0.5093984962406015,0.7334385101462335,0.9615473717750097
AI,27726066_AI.txt,0.5128712871287129,0.031746031746031744,0.5928853754940712,0.6954069666055249,0.9663004808544634
AI,27756469_AI.txt,0.4565868263473054,0.057057057057057055,0.5179640718562875,0.723636468731341,0.955480161732547
AI,27770859_AI.txt,0.4784546805349183,0.08507462686567165,0.5535714285714286,1.0231690964840563,0.9866911470041045
AI,27788376_AI.txt,0.5813953488372093,0.023391812865497075,0.6656976744186046,0.6205046200414948,0.9657506205339051
AI,27789372_AI.txt,0.4789915966386555,0.022535211267605635,0.5574229691876751,0.5724348529742525,0.9883536103965517
AI,27796199_AI.txt,0.42424242424242425,0.11764705882352941,0.5131313131313131,0.9244896114165202,0.9801174765776242
AI,27798860_AI.txt,0.4438202247191011,0.06056338028169014,0.5112359550561798,0.7958430024477882,0.9695332297400759
AI,27820360_AI.txt,0.453448275862069,0.04498269896193772,0.5362068965517242,0.5191535535924696,0.9745733639728403
AI,27831220_AI.txt,0.4144620811287478,0.14513274336283186,0.47971781305114636,0.6233902766564975,0.9705269071480593
AI,27835351_AI.txt,0.4781783681214421,0.03428571428571429,0.5768500948766604,0.9442030871257544,0.9274017799758112
AI,27847081_AI.txt,0.5400410677618069,0.03711340206185567,0.6139630390143738,0.8935253063875493,0.9516848873681311
AI,27850777_AI.txt,0.48951048951048953,0.02456140350877193,0.5821678321678322,0.6248187039262151,0.9598965632419625
AI,27884470_AI.txt,0.3858695652173913,0.21525885558583105,0.46467391304347827,0.8790632869042923,0.9767157112182857
AI,27888251_AI.txt,0.4180887372013652,0.06164383561643835,0.5068259385665529,0.81553349707232,0.9470812734429291
AI,27902692_AI.txt,0.5082417582417582,0.027624309392265192,0.5851648351648352,1.0358430172327644,0.9652513742847693
AI,27903191_AI.txt,0.39676840215439857,0.09009009009009009,0.4757630161579892,0.5627719566520802,0.9530311252709577
AI,27909372_AI.txt,0.49898580121703856,0.05702647657841141,0.5943204868154158,0.7316717496147981,0.9545130043725655
AI,27914096_AI.txt,0.44427001569858715,0.031496062992125984,0.533751962323391,0.477003965844066,0.9926059236922958
AI,27917969_AI.txt,0.4823008849557522,0.05333333333333334,0.577433628318584,0.7039320996879612,0.959818092877696
AI,27921561_AI.txt,0.46787709497206703,0.03081232492997199,0.5600558659217877,1.208651492396305,0.9664560981091109
AI,27936502_AI.txt,0.4841549295774648,0.02120141342756184,0.5827464788732394,0.7839086978152916,0.9784967889345336
AI,27937592_AI.txt,0.42857142857142855,0.057692307692307696,0.5278745644599303,0.9862876762574208,0.97360256924766
AI,27974588_AI.txt,0.3664259927797834,0.16485507246376813,0.4548736462093863,0.7887956370056873,0.9339533970750844
AI,27980446_AI.txt,0.47876447876447875,0.04263565891472868,0.5637065637065637,0.5454644690259607,0.9688350821357943
AI,27981289_AI.txt,0.42462845010615713,0.07249466950959488,0.5159235668789809,1.0806374424047807,0.986633570106608
AI,28005884_AI.txt,0.41929499072356213,0.07635009310986965,0.5027829313543599,0.7440966478699617,0.9503569480733635
AI,28013287_AI.txt,0.5203252032520326,0.10899182561307902,0.5934959349593496,1.017861688135127,0.9665000598332856
AI,28020046_AI.txt,0.47377326565143824,0.04074702886247878,0.5465313028764806,1.1497631345863772,0.984840424518384
AI,28035460_AI.txt,0.45454545454545453,0.07468879668049792,0.5165289256198347,1.0034585338768158,0.9801759652969835
AI,28051330_AI.txt,0.5170731707317073,0.058823529411764705,0.6048780487804878,0.6726727273025958,0.9787961240671904
AI,28063132_AI.txt,0.5626822157434402,0.05278592375366569,0.6647230320699709,0.8767194562626165,0.9532245812805714
AI,28078163_AI.txt,0.45819397993311034,0.06711409395973154,0.5384615384615384,0.813510799506277,0.9791868940364806
AI,28086303_AI.txt,0.4635514018691589,0.06378986866791744,0.5439252336448598,0.8824418123869925,0.9768055983247194
AI,28092317_AI.txt,0.5250737463126843,0.04154302670623145,0.6106194690265486,0.6666335996532982,0.9580013888461197
AI,28109594_AI.txt,0.46646795827123694,0.08071748878923767,0.5424739195230999,0.6545729778367292,0.9742629801786459
AI,28111403_AI.txt,0.46869983948635635,0.06763285024154589,0.5441412520064205,0.8997918562784027,0.9877764066663323
AI,28126340_AI.txt,0.46928327645051193,0.04794520547945205,0.5494880546075085,0.422177006543899,0.9527662935798764
AI,28139742_AI.txt,0.4593128390596745,0.07259528130671507,0.5316455696202531,0.7479264069922413,0.9773247509997022
AI,28165687_AI.txt,0.4538216560509554,0.05750798722044728,0.5270700636942676,0.7632620424290419,0.9683035052794903
AI,28172023_AI.txt,0.5586034912718204,0.03508771929824561,0.6209476309226932,0.894889578684889,0.9573601960446824
AI,28175164_AI.txt,0.45331325301204817,0.054380664652567974,0.5286144578313253,0.6324566622273105,0.9566042807369836
AI,28176889_AI.txt,0.5579514824797843,0.02710027100271003,0.6415094339622641,0.7404921491900092,0.9794310930038288
AI,28186635_AI.txt,0.5019607843137255,0.03346456692913386,0.5784313725490197,0.9220825325210875,0.9569371728481941
AI,28198029_AI.txt,0.5507246376811594,0.058394160583941604,0.6340579710144928,0.5698282142863949,0.8975541385530706
AI,28206098_AI.txt,0.514,0.0321285140562249,0.606,0.9847800092744909,0.9539418116300948
AI,28230807_AI.txt,0.347682119205298,0.17940199335548174,0.40894039735099336,0.5658163184374598,0.9794005979562077
AI,28243590_AI.txt,0.49624060150375937,0.030226700251889168,0.5839598997493735,0.47542576870451886,0.9492321821101418
AI,28247753_AI.txt,0.5176151761517616,0.051630434782608696,0.5718157181571816,0.8654909733166434,0.9618651484727315
AI,28290448_AI.txt,0.43252595155709345,0.08333333333333333,0.4982698961937716,0.6565383121519313,0.979548560110403
AI,28298773_AI.txt,0.4169381107491857,0.06209150326797386,0.509771986970684,0.8157575432909023,0.9756043381532138
AI,28320387_AI.txt,0.5026548672566372,0.07104795737122557,0.584070796460177,0.7395887579107797,0.9624600838553986
AI,28321954_AI.txt,0.516728624535316,0.018656716417910446,0.604089219330855,0.501070012188936,0.9690062030466219
AI,28325193_AI.txt,0.3975720789074355,0.1248097412480974,0.4537177541729894,1.3857018030720731,0.985458450547004
AI,28326441_AI.txt,0.49013657056145676,0.03951367781155015,0.5757575757575758,0.8646669317264982,0.9545362357106905
AI,28337049_AI.txt,0.4600326264274062,0.058919803600654665,0.5415986949429038,0.45991355553454866,0.9802620734897421
AI,28359817_AI.txt,0.45121951219512196,0.08391608391608392,0.5296167247386759,0.583892173573527,0.9664906482174536
AI,28377361_AI.txt,0.45940959409594095,0.03333333333333333,0.5479704797047971,0.5510539922189068,0.9570602607852485
AI,28383893_AI.txt,0.43255295429208473,0.08928571428571429,0.48775055679287305,1.1447182887740426,0.9768643752296303
AI,28396458_AI.txt,0.438953488372093,0.055312954876273655,0.5152394775036284,2.326890878890678,0.9570102742746582
AI,28396528_AI.txt,0.4685466377440347,0.09586056644880174,0.5531453362255966,0.9343300023549576,0.9674932792308947
AI,28398216_AI.txt,0.4291044776119403,0.10674157303370786,0.498134328358209,0.7006275492812665,0.9850206742762898
AI,28419173_AI.txt,0.4429223744292237,0.03969465648854962,0.5205479452054794,0.9538307337556814,0.9772707871827648
AI,28419927_AI.txt,0.4741100323624595,0.030844155844155844,0.5679611650485437,0.5529692665298689,0.9455028082169549
AI,28423028_AI.txt,0.48,0.04013961605584642,0.5443478260869565,1.1035509346679142,0.9725889932661249
AI,28424982_AI.txt,0.37389770723104054,0.13982300884955753,0.4514991181657848,0.5393422091389324,0.9787658277472886
AI,28471099_AI.txt,0.4221824686940966,0.08797127468581688,0.4919499105545617,0.9804966351385468,0.9595831977577772
AI,28505854_AI.txt,0.48440366972477067,0.06077348066298342,0.5651376146788991,0.9891017653529544,0.9811789972713518
AI,28522529_AI.txt,0.4394409937888199,0.06230529595015576,0.4922360248447205,0.6949194459587725,0.9798413070188138
AI,28531493_AI.txt,0.42215088282504015,0.07568438003220612,0.5040128410914928,0.5141866496524068,0.988846514597248
AI,28609364_AI.txt,0.43079584775086505,0.08854166666666667,0.5224913494809689,0.9996719262639818,0.9289226966025753
AI,28614791_AI.txt,0.5077951002227171,0.10961968680089486,0.5879732739420935,1.0209320272127824,0.9611588012971434
AI,28623782_AI.txt,0.3979381443298969,0.045454545454545456,0.4587628865979381,0.5540910776506386,0.9859925072515547
AI,28628090_AI.txt,0.5168918918918919,0.023728813559322035,0.5945945945945946,0.758166195646697,0.9617805894832242
AI,28629430_AI.txt,0.4712121212121212,0.0486322188449848,0.5333333333333333,0.6713302115935963,0.9449482858977905
AI,28630325_AI.txt,0.5066666666666667,0.06702412868632708,0.6106666666666667,0.4760460933995107,0.9723386739068393
AI,28631840_AI.txt,0.4640625,0.04075235109717868,0.55625,0.5708882317597419,0.9564449181132859
AI,28635795_AI.txt,0.44972577696526506,0.10825688073394496,0.5484460694698354,0.8709098768874777,0.980928163467674
AI,28640735_AI.txt,0.38672438672438675,0.06367583212735166,0.4704184704184704,0.8064328991339914,0.9774795169137493
AI,28642819_AI.txt,0.4472168905950096,0.0789980732177264,0.527831094049904,0.9088329294453963,0.9402674788864287
AI,28663949_AI.txt,0.47368421052631576,0.10927152317880795,0.5526315789473685,0.814138985993675,0.9641649217111032
AI,28669770_AI.txt,0.4381107491856677,0.032679738562091505,0.5374592833876222,0.7025942153010951,0.9693293713294879
AI,28670024_AI.txt,0.4748201438848921,0.07581227436823104,0.5701438848920863,0.7140080879400024,0.9382883734578042
AI,28672970_AI.txt,0.4174454828660436,0.0484375,0.4984423676012461,0.895954163570601,0.9709910485804898
AI,28679359_AI.txt,0.38791732909379967,0.09888357256778309,0.465818759936407,0.8834697393412759,0.9705320236540298
AI,28697203_AI.txt,0.4517304189435337,0.06764168190127971,0.5336976320582878,0.6119327903171272,0.9618007410441508
AI,28711616_AI.txt,0.4288135593220339,0.10714285714285714,0.5050847457627119,0.904114295300328,0.9789582896623917
AI,28724469_AI.txt,0.44873949579831934,0.07082630691399663,0.5310924369747899,0.9432518030138936,0.9895359141128085
AI,28733974_AI.txt,0.4751203852327448,0.04669887278582931,0.5489566613162119,0.9506658535242436,0.9478977926101256
AI,28745844_AI.txt,0.5054054054054054,0.057065217391304345,0.5837837837837838,0.7965996118489946,0.9457824884849146
AI,28756444_AI.txt,0.5028790786948176,0.04046242774566474,0.5873320537428023,0.7530888336984434,0.966911265485928
AI,28758002_AI.txt,0.4571984435797665,0.05859375,0.556420233463035,0.9875642036548937,0.9822458904106105
AI,28762662_AI.txt,0.4234620886981402,0.08034433285509325,0.5007153075822603,0.7964659517722671,0.9531379186137184
AI,28772892_AI.txt,0.42406876790830944,0.05459770114942529,0.498567335243553,0.5875221009815284,0.9410350352331036
AI,28790806_AI.txt,0.38114209827357237,0.11451398135818908,0.4448871181938911,0.6694948818376079,0.9696558533622522
AI,28803888_AI.txt,0.4288461538461538,0.06177606177606178,0.5076923076923077,0.7308742935850095,0.962681184269002
AI,28808263_AI.txt,0.49391304347826087,0.041884816753926704,0.5808695652173913,0.7951214104971088,0.9476017112201705
AI,28815362_AI.txt,0.4972170686456401,0.1042830540037244,0.575139146567718,0.6985689626847718,0.9587020020494283
AI,28828844_AI.txt,0.4175627240143369,0.09352517985611511,0.46953405017921146,1.1629808670187496,0.98068452014372
AI,28831378_AI.txt,0.4540540540540541,0.0650994575045208,0.5315315315315315,0.6849871901677704,0.9631110803413777
AI,28831442_AI.txt,0.49894736842105264,0.0507399577167019,0.5873684210526315,0.7853613402807187,0.9368337203192146
AI,28862054_AI.txt,0.4627831715210356,0.04707792207792208,0.5436893203883495,1.2248332549771332,0.9529533839374825
AI,28867567_AI.txt,0.4444444444444444,0.02748091603053435,0.5251141552511416,0.677209496526448,0.9323069569428245
AI,28871170_AI.txt,0.37681159420289856,0.125,0.4608695652173913,0.7335977779129488,0.9752579256484013
AI,28895997_AI.txt,0.47096774193548385,0.1038961038961039,0.5516129032258065,0.5715997959612793,0.9490348087792373
AI,28897981_AI.txt,0.43636363636363634,0.08966565349544073,0.509090909090909,0.7347111190989976,0.9550900430386259
AI,28916894_AI.txt,0.4737704918032787,0.03125,0.5377049180327869,0.5977075090094288,0.9699598376013413
AI,28923650_AI.txt,0.49429037520391517,0.07692307692307693,0.5595432300163132,0.7097213562400501,0.9800101752411486
AI,28933005_AI.txt,0.45996275605214154,0.08598130841121496,0.5363128491620112,1.1576742668657998,0.9737987753710001
AI,28939941_AI.txt,0.5008944543828264,0.0466786355475763,0.5670840787119857,0.5587021407258653,0.9338882217264295
AI,28942221_AI.txt,0.49510763209393344,0.047151277013752456,0.5831702544031311,0.7432129328838717,0.9611785508586947
AI,28949406_AI.txt,0.4755244755244755,0.13859649122807016,0.5629370629370629,0.871671473900894,0.9739076285450347
AI,28951817_AI.txt,0.5233265720081136,0.06517311608961303,0.592292089249493,1.0424974145626353,0.9873998117054335
AI,28969385_AI.txt,0.48405253283302063,0.04519774011299435,0.5534709193245778,0.660973332523331,0.9776366776352627
AI,28973180_AI.txt,0.4883268482490272,0.06640625,0.5797665369649806,0.7519485411667591,0.9683787365452818
AI,28974459_AI.txt,0.47770700636942676,0.08102345415778252,0.5626326963906582,2.040639409813531,0.9600535941449193
AI,28975482_AI.txt,0.4483985765124555,0.05357142857142857,0.5213523131672598,0.6459625443132524,0.9688172171056905
AI,28989677_AI.txt,0.48405253283302063,0.05084745762711865,0.5534709193245778,1.2093367624909033,0.9733857535918902
AI,28998957_AI.txt,0.48099415204678364,0.051319648093841645,0.543859649122807,0.9159771343045742,0.9895956015031201
AI,29002596_AI.txt,0.34864864864864864,0.12466124661246612,0.4283783783783784,0.693521609052106,0.9723674164128107
AI,29014805_AI.txt,0.5036284470246735,0.03056768558951965,0.5747460087082729,0.8221048697130939,0.9865482780293399
AI,29028935_AI.txt,0.4642857142857143,0.07526881720430108,0.5571428571428572,0.6582513618992192,0.9577740071270526
AI,29050809_AI.txt,0.447098976109215,0.07876712328767123,0.515358361774744,1.0141497873398966,0.9856657993674517
AI,29051656_AI.txt,0.39609483960948394,0.09090909090909091,0.4560669456066946,0.7120898014150628,0.9750636518969579
AI,29061628_AI.txt,0.5046296296296297,0.06976744186046512,0.5625,0.5764418761900582,0.971922922521548
AI,29072179_AI.txt,0.466893039049236,0.06132879045996593,0.5365025466893039,0.632596271294252,0.9557677676414454
AI,29075857_AI.txt,0.3871794871794872,0.03984575835475578,0.47435897435897434,0.7469401039523649,0.9780860014791289
AI,29076405_AI.txt,0.46421267893660534,0.06776180698151951,0.5705521472392638,0.6721485624642612,0.9558193171083988
AI,29087505_AI.txt,0.4742729306487696,0.038202247191011236,0.5592841163310962,0.7830510262058543,0.9543938302550524
AI,29091445_AI.txt,0.5,0.05892857142857143,0.5676156583629893,1.122434614695144,0.960089126343334
AI,29093426_AI.txt,0.47739602169981915,0.11433756805807622,0.5479204339963833,0.6546117111084784,0.9809046711521212
AI,29134372_AI.txt,0.514003294892916,0.03801652892561983,0.5897858319604613,0.7742777521475005,0.9728396840711424
AI,29134721_AI.txt,0.43508771929824563,0.06866197183098592,0.5140350877192983,0.504903850294987,0.9453870336942809
AI,29142288_AI.txt,0.4765886287625418,0.09228187919463088,0.560200668896321,0.8065931546350227,0.9777264140024307
AI,29147100_AI.txt,0.5421245421245421,0.11070110701107011,0.6190476190476191,1.3046930998898676,0.9726215626834911
AI,29148871_AI.txt,0.35883905013192613,0.10572687224669604,0.43535620052770446,0.6197630960117831,0.9669949348554021
AI,29149998_AI.txt,0.4787430683918669,0.05380333951762523,0.5711645101663586,0.7284150893714061,0.970465424601688
AI,29161565_AI.txt,0.4973821989528796,0.10526315789473684,0.5680628272251309,0.7758958627683687,0.9731445080269249
AI,29165698_AI.txt,0.5325443786982249,0.02976190476190476,0.636094674556213,0.5642565280364442,0.934765414231145
AI,29167286_AI.txt,0.4619289340101523,0.0663265306122449,0.5355329949238579,0.8782439844611978,0.9738166074075592
AI,29173771_AI.txt,0.39375,0.1833855799373041,0.4796875,0.4951211273545504,0.9510124450373106
AI,29177904_AI.txt,0.416195856873823,0.11153119092627599,0.5084745762711864,0.8046409384883327,0.9701472297596836
AI,29184740_AI.txt,0.5396825396825397,0.025056947608200455,0.6394557823129252,0.5956879189334165,0.9550834079579169
AI,29193505_AI.txt,0.4604200323101777,0.11021069692058347,0.5363489499192245,0.675679456967981,0.9761443666423174
AI,29196643_AI.txt,0.48484848484848486,0.043478260869565216,0.5692640692640693,0.6113357097998068,0.9573443243077437
AI,29208172_AI.txt,0.4307931570762053,0.057722308892355696,0.5116640746500778,0.7693071067115338,0.978519753174417
AI,29211359_AI.txt,0.46899841017488075,0.06220095693779904,0.5405405405405406,0.5778588049453467,0.9749184931550279
AI,29211919_AI.txt,0.5646437994722955,0.026525198938992044,0.6358839050131926,0.9506056942511613,0.9663682957546792
AI,29221006_AI.txt,0.4621676891615542,0.08829568788501027,0.556237218813906,0.9494944636527272,0.986182487590537
AI,29267293_AI.txt,0.4827586206896552,0.08832807570977919,0.567398119122257,1.0446528362513463,0.9897529589447688
AI,29297393_AI.txt,0.4889240506329114,0.0380952380952381,0.5822784810126582,0.7678313910576372,0.972347963466147
AI,29297973_AI.txt,0.44426229508196724,0.06907894736842106,0.5229508196721312,0.775142149676562,0.9627455605075088
AI,29306433_AI.txt,0.49290060851926976,0.024439918533604887,0.5679513184584178,0.6947929373755111,0.9759341197460156
AI,29319314_AI.txt,0.4512,0.08507223113964688,0.5408,0.7700784837346848,0.9601973543677045
AI,29329075_AI.txt,0.5380333951762524,0.05204460966542751,0.6055555555555555,0.7908654958082962,0.9699529292358859
AI,29332616_AI.txt,0.513317191283293,0.029197080291970802,0.612590799031477,0.7143114012669358,0.9436730866836028
AI,29399491_AI.txt,0.4868651488616462,0.10017574692442882,0.5656742556917689,0.8914502270489022,0.9559236747278005
AI,29406313_AI.txt,0.3776595744680851,0.10933333333333334,0.45345744680851063,0.702571285544797,0.9637840504026636
AI,29415426_AI.txt,0.5225988700564972,0.0625,0.5932203389830508,0.5746237668485147,0.974085252475995
AI,29425788_AI.txt,0.4602076124567474,0.020833333333333332,0.5294117647058824,0.5211625488649859,0.9739774638913357
AI,29449419_AI.txt,0.4950166112956811,0.041666666666666664,0.579734219269103,0.78032107360634,0.9719486332659546
AI,29456173_AI.txt,0.4500875656742557,0.06678383128295255,0.5394045534150613,1.1540111592919267,0.9886595344352086
AI,29483501_AI.txt,0.4033232628398791,0.0803030303030303,0.4697885196374622,1.0145065426024853,0.9804385508796559
AI,29486525_AI.txt,0.3531468531468531,0.2736842105263158,0.40734265734265734,0.7140996078458072,0.967534514089816
AI,29494962_AI.txt,0.46029173419773095,0.07804878048780488,0.5348460291734197,1.1981879290435786,0.9732555029475474
AI,29510501_AI.txt,0.5042735042735043,0.06437768240343347,0.5876068376068376,0.8679477710861024,0.9635533655655302
AI,29521434_AI.txt,0.5791139240506329,0.05732484076433121,0.6740506329113924,0.7682229535987155,0.9526627804277374
AI,29524570_AI.txt,0.5414847161572053,0.02631578947368421,0.6157205240174672,0.7277148128226539,0.9883927148513878
AI,29525715_AI.txt,0.42597087378640774,0.0413625304136253,0.5024271844660194,1.4396393326042518,0.9788111517969782
AI,29534737_AI.txt,0.4878048780487805,0.06779661016949153,0.575984990619137,0.5764412343470245,0.9575958770734427
AI,29552167_AI.txt,0.42355371900826444,0.04979253112033195,0.5330578512396694,0.7151008351331366,0.9430759120686575
AI,29564653_AI.txt,0.40325497287522605,0.09800362976406533,0.4810126582278481,0.8897144011640233,0.9775471720211996
AI,29573698_AI.txt,0.5271565495207667,0.03215434083601286,0.610223642172524,0.5776941819273255,0.9525348297815937
AI,29574501_AI.txt,0.47953216374269003,0.04892367906066536,0.5341130604288499,0.8412127532671312,0.9813311679167621
AI,29595906_AI.txt,0.5681818181818182,0.09174311926605505,0.6772727272727272,0.8745630550109482,0.9704757244528714
AI,29612672_AI.txt,0.4700996677740864,0.07833333333333334,0.5564784053156147,0.6946902073120839,0.9701715902232568
AI,29639533_AI.txt,0.4144542772861357,0.11686390532544379,0.4896755162241888,1.2222648931806344,0.9790888206452442
AI,29640922_AI.txt,0.4474708171206226,0.138671875,0.5214007782101168,0.8689407997216175,0.9822452075718524
AI,29647215_AI.txt,0.42213883677298314,0.08851224105461393,0.5159474671669794,0.8573191133624052,0.9897922113892418
AI,29648950_AI.txt,0.3908450704225352,0.1166077738515901,0.4665492957746479,0.5725286740830473,0.9299955617266364
AI,29723311_AI.txt,0.5165562913907285,0.06651884700665188,0.58719646799117,0.8126065844679071,0.971941161473889
AI,29746235_AI.txt,0.5089141004862237,0.055284552845528454,0.5980551053484603,1.3100580172324416,0.9669356431677026
AI,29764492_AI.txt,0.42653352353780316,0.1072961373390558,0.514978601997147,0.44839777315029916,0.9667075638809418
AI,29770086_AI.txt,0.49240121580547114,0.056402439024390245,0.5699088145896657,0.693177851486843,0.9657927775863194
AI,29772450_AI.txt,0.44061302681992337,0.11538461538461539,0.5095785440613027,0.8612352290163073,0.9839967314292578
AI,29775391_AI.txt,0.4956140350877193,0.05506607929515418,0.5679824561403509,0.8076838855918453,0.9531706603147378
AI,29784524_AI.txt,0.5540229885057472,0.023094688221709007,0.639080459770115,0.8542018781225265,0.955911636491327
AI,29792535_AI.txt,0.48523206751054854,0.06991525423728813,0.5611814345991561,0.9366084781047166,0.986650824584099
AI,29797594_AI.txt,0.4233128834355828,0.12320328542094455,0.5071574642126789,1.073322836722963,0.977871829771788
AI,29805310_AI.txt,0.37264150943396224,0.24921135646687698,0.4371069182389937,0.6524160289047101,0.9327424530568151
AI,29815762_AI.txt,0.4756554307116105,0.07894736842105263,0.548689138576779,0.5781588798218696,0.9781930005810956
AI,29821051_AI.txt,0.46750524109014674,0.08421052631578947,0.5429769392033543,0.6539968022993977,0.986974407232855
AI,29825044_AI.txt,0.546875,0.028795811518324606,0.6328125,1.1323720849361705,0.9791182008238416
AI,29839396_AI.txt,0.5404255319148936,0.06196581196581197,0.6191489361702127,0.6496499736590756,0.9637131165406353
AI,29865476_AI.txt,0.4658273381294964,0.06678700361010831,0.5503597122302158,0.6386808030534897,0.9299478113424372
AI,29878348_AI.txt,0.5192307692307693,0.055248618784530384,0.5961538461538461,0.7160852892395178,0.9495707454080528
AI,29894080_AI.txt,0.4550898203592814,0.1062124248496994,0.5069860279441117,0.8028184634910335,0.9692058576740882
AI,29897742_AI.txt,0.47844827586206895,0.04329004329004329,0.5581896551724138,0.8429653068177161,0.9701819481780872
AI,29908929_AI.txt,0.46254071661237783,0.06209150326797386,0.5423452768729642,0.8919444068865937,0.9470715220417563
AI,29915354_AI.txt,0.46875,0.050522648083623695,0.5503472222222222,0.9834702229621712,0.9462798601556847
AI,29926588_AI.txt,0.49130434782608695,0.06550218340611354,0.5717391304347826,1.0379817428370575,0.9172629046993938
AI,29928796_AI.txt,0.48509485094850946,0.05449591280653951,0.5826558265582655,0.4917321583607597,0.9476892386862482
AI,29930479_AI.txt,0.45202020202020204,0.07614213197969544,0.5378787878787878,1.0445310581544103,0.9807524426277064
AI,29968330_AI.txt,0.48314606741573035,0.04966139954853273,0.5640449438202247,0.757529530145932,0.9774093162944024
AI,29975124_AI.txt,0.37031484257871067,0.12180451127819548,0.42278860569715143,0.8504952258591295,0.988340718525495
AI,29990140_AI.txt,0.5295238095238095,0.06500956022944551,0.5961904761904762,1.166310149608313,0.9424467402388521
AI,29992154_AI.txt,0.48672566371681414,0.02666666666666667,0.588495575221239,0.90511851738907,0.9429968614751312
AI,29998869_AI.txt,0.3314447592067989,0.16619318181818182,0.40368271954674223,0.7342176951697621,0.9525705648353213
AI,29999135_AI.txt,0.4719626168224299,0.08685446009389672,0.5373831775700935,0.7713429175680888,0.9889441540662773
AI,30083884_AI.txt,0.41541755888650966,0.06666666666666667,0.49464668094218417,0.6485302660644228,0.9861223730980715
AI,30083943_AI.txt,0.49547511312217196,0.06818181818181818,0.5882352941176471,0.7208222909195477,0.9755661117212217
AI,30097175_AI.txt,0.5111876075731497,0.07426597582037997,0.5800344234079173,0.6949749240662202,0.9548884802960833
AI,30127072_AI.txt,0.4573804573804574,0.07306889352818371,0.5467775467775468,0.746078718877809,0.9860731954598984
AI,30128072_AI.txt,0.576271186440678,0.006825938566552901,0.6508474576271186,1.3463493089120342,0.9780580933777225
AI,30148777_AI.txt,0.4967032967032967,0.09271523178807947,0.5824175824175825,0.9818626486212609,0.9716875353386744
AI,30163002_AI.txt,0.5458937198067633,0.02912621359223301,0.6280193236714976,0.8182439791466772,0.9590994157194923
AI,30223363_AI.txt,0.45590994371482174,0.026365348399246705,0.5553470919324578,1.0925835589800588,0.9781316897722839
AI,30288581_AI.txt,0.4964871194379391,0.06588235294117648,0.5644028103044496,0.7372661421405893,0.9715523981648196
AI,30304575_AI.txt,0.45854483925549916,0.08488964346349745,0.5313028764805414,0.8938359127592624,0.9777053607094859
AI,30311202_AI.txt,0.45166959578207383,0.014109347442680775,0.539543057996485,0.5403169885584834,0.9842597981852693
AI,30311725_AI.txt,0.45705024311183146,0.07642276422764227,0.5364667747163695,0.7232186417059843,0.9568176889096711
AI,30337969_AI.txt,0.48534201954397393,0.06862745098039216,0.5456026058631922,0.7154149965226088,0.9884003346148389
AI,30344127_AI.txt,0.47602131438721135,0.030303030303030304,0.5506216696269982,0.5799794976145718,0.9572996173294499
AI,30361788_AI.txt,0.5211267605633803,0.028328611898016998,0.6197183098591549,0.6377438999508989,0.972675019162755
AI,30397268_AI.txt,0.5028790786948176,0.03468208092485549,0.5988483685220729,0.6943418149516354,0.9621025092448802
AI,30430249_AI.txt,0.47514910536779326,0.06187624750499002,0.5526838966202783,0.707846547517811,0.9584303814514813
AI,30437583_AI.txt,0.5109489051094891,0.04395604395604396,0.6003649635036497,1.0333044303174534,0.9654257083345044
AI,30504149_AI.txt,0.4517304189435337,0.029304029304029304,0.5291970802919708,0.5700232060868198,0.9740106903896556
AI,30529547_AI.txt,0.5247252747252747,0.03314917127071823,0.6236263736263736,0.7145713714514171,0.9638307742431436
AI,30542184_AI.txt,0.5265306122448979,0.07172131147540983,0.5918367346938775,0.8470795063800758,0.9646056661234544
AI,30563572_AI.txt,0.43023255813953487,0.12062256809338522,0.5058139534883721,1.1055262352708346,0.9813365528826401
AI,30594821_AI.txt,0.5793991416309013,0.04329004329004329,0.6866952789699571,0.3479899492941869,0.9263875578002834
AI,30608780_AI.txt,0.46863468634686345,0.07037037037037037,0.544280442804428,1.1207569599873817,0.9449886039426345
AI,30642458_AI.txt,0.5166402535657686,0.04451510333863275,0.5847860538827259,0.8632157393401916,0.9650239118677371
AI,30646367_AI.txt,0.36767676767676766,0.23732251521298176,0.4161616161616162,0.5473905037871626,0.9806649996324133
AI,30709029_AI.txt,0.41318327974276525,0.06612903225806452,0.5048231511254019,0.7549653895777173,0.9770652322368489
AI,30713796_AI.txt,0.3706896551724138,0.29930795847750863,0.42758620689655175,0.49559786564127145,0.948659493087967
AI,30741799_AI.txt,0.4119496855345912,0.167192429022082,0.49842767295597484,0.9434699263664911,0.9544623125221526
AI,30757456_AI.txt,0.38342696629213485,0.09295774647887324,0.45786516853932585,0.924996767664867,0.9670683059794772
AI,30813919_AI.txt,0.4448462929475588,0.11070780399274047,0.5171790235081374,1.1781398190458507,0.9820228259062097
AI,30826569_AI.txt,0.5078909612625538,0.025899280575539568,0.5710186513629842,0.7377674640663668,0.9738555408462607
AI,30862904_AI.txt,0.4241960183767228,0.030721966205837174,0.5038284839203675,0.8839640741545658,0.9809295744054307
AI,30863060_AI.txt,0.46254681647940077,0.09962406015037593,0.5355805243445693,0.4723035154883159,0.9951878282799509
AI,30864828_AI.txt,0.45155038759689925,0.08560311284046693,0.5271317829457365,0.9213794985660261,0.941294706828723
AI,30938994_AI.txt,0.4288052373158756,0.029556650246305417,0.5253682487725041,0.5730390376632383,0.9626241954518692
AI,30965258_AI.txt,0.4958813838550247,0.06446280991735537,0.5683690280065898,0.7853075980061357,0.9532782633009783
AI,30968749_AI.txt,0.5093555093555093,0.04592901878914405,0.604989604989605,0.7585924576020435,0.9843239665741101
AI,30990885_AI.txt,0.5050251256281407,0.045454545454545456,0.5904522613065326,0.8561068074050164,0.9721868324203877
AI,30999638_AI.txt,0.5117370892018779,0.0330188679245283,0.5938967136150235,0.7366725723211527,0.946941240752601
AI,31016926_AI.txt,0.39154929577464787,0.0748587570621469,0.47746478873239434,0.5142146168449874,0.9730933053691321
AI,31025785_AI.txt,0.49161073825503354,0.058922558922558925,0.5570469798657718,0.8326273603760512,0.972717032630846
AI,31040875_AI.txt,0.4889975550122249,0.044226044226044224,0.6014669926650367,0.5569727456155127,0.938967923858182
AI,31042953_AI.txt,0.4467713787085515,0.07705779334500876,0.5235602094240838,0.7468859166052567,0.951589292095545
AI,31064969_AI.txt,0.35590551181102364,0.21484992101105846,0.4125984251968504,0.7051890431530917,0.9746897478139125
AI,31111279_AI.txt,0.4009508716323296,0.04769475357710652,0.49445324881141045,0.9900838367135076,0.9663658960906284
AI,31114531_AI.txt,0.4906054279749478,0.07337526205450734,0.5720250521920668,0.6631612339982843,0.9860433619176888
AI,31162167_AI.txt,0.5205992509363296,0.06015037593984962,0.6048689138576779,0.7059929233019845,0.9497636004473433
AI,31169070_AI.txt,0.35907859078590787,0.1671195652173913,0.42140921409214094,0.3622051589495574,0.9516315163728603
AI,31199035_AI.txt,0.5335689045936396,0.03558718861209965,0.6431095406360424,0.7581348592564058,0.9556870319418935
AI,31201660_AI.txt,0.5100334448160535,0.0738255033557047,0.5936454849498328,1.3034199598296858,0.9567116266559176
AI,31211074_AI.txt,0.5048169556840078,0.10058027079303675,0.5992292870905588,0.72004042850529,0.9479698674624694
AI,31217840_AI.txt,0.4315068493150685,0.061813186813186816,0.5082191780821917,0.7623701979455113,0.9815411848741713
AI,31220062_AI.txt,0.43993231810490696,0.0730050933786078,0.5194585448392555,0.6658693273068689,0.9736016997786391
AI,31225895_AI.txt,0.5091575091575091,0.022058823529411766,0.6007326007326007,0.8734888874859438,0.9624451727180647
AI,31242382_AI.txt,0.43305785123966944,0.1044776119402985,0.5223140495867769,0.7364024559998547,0.9775093285025905
AI,31243710_AI.txt,0.42727272727272725,0.1678832116788321,0.48363636363636364,0.9753033687817472,0.9782874080196157
AI,31273310_AI.txt,0.43731778425655976,0.07163742690058479,0.5262390670553936,0.8120879769799144,0.9390797022323429
AI,31273413_AI.txt,0.5066006600660066,0.033112582781456956,0.5759075907590759,0.7625687036207226,0.9622899235859204
AI,31292364_AI.txt,0.4960254372019078,0.05741626794258373,0.5707472178060413,1.4954731917257666,0.963387558451666
AI,31362807_AI.txt,0.400352733686067,0.06371681415929203,0.48677248677248675,0.6142994429466351,0.9433112299791403
AI,31392754_AI.txt,0.5122950819672131,0.03292181069958848,0.5942622950819673,0.6381656086828302,0.9864093035173516
AI,31395710_AI.txt,0.4123505976095618,0.132,0.5079681274900398,0.6175275600064928,0.9625465934185231
AI,31395742_AI.txt,0.4473684210526316,0.03962264150943396,0.5244360902255639,0.8196783427658295,0.9715904405679455
AI,31454430_AI.txt,0.45202020202020204,0.11928934010152284,0.5505050505050505,0.821451358959172,0.9636555172748653
AI,31536294_AI.txt,0.4966216216216216,0.0576271186440678,0.5625,1.0559280096838801,0.9760985434894521
AI,31547476_AI.txt,0.4666666666666667,0.07707910750507099,0.5333333333333333,0.8020863520031922,0.9661142220817066
AI,31552617_AI.txt,0.5294117647058824,0.08226221079691516,0.6445012787723785,0.8124857196625963,0.9700127635330215
AI,31556198_AI.txt,0.4197292069632495,0.0912621359223301,0.5029013539651838,1.0111714393162465,0.9525762222713459
AI,31602598_AI.txt,0.5103305785123967,0.024896265560165973,0.5929752066115702,0.7188057491042882,0.9864192975096159
AI,31605080_AI.txt,0.5,0.11068702290076336,0.5757575757575758,1.0260476753400434,0.9915758303953919
AI,31638814_AI.txt,0.4661016949152542,0.0625,0.5621468926553672,0.6169620579993951,0.9698007943207514
AI,31677347_AI.txt,0.4654205607476635,0.0975609756097561,0.5327102803738317,1.0085819600787114,0.9532358064578655
AI,31684925_AI.txt,0.4657762938230384,0.04690117252931323,0.5409015025041736,0.6585455805945474,0.9575908904780052
AI,31694970_AI.txt,0.47085201793721976,0.0734632683658171,0.5351270553064275,0.8111263518688893,0.971556774125378
AI,31710562_AI.txt,0.4028436018957346,0.1109350237717908,0.4786729857819905,0.8838462593675067,0.9919548916343146
AI,31761591_AI.txt,0.3988919667590028,0.05555555555555555,0.4916897506925208,0.7680191862269137,0.9229280943891779
AI,31813535_AI.txt,0.4416403785488959,0.04746835443037975,0.5394321766561514,1.1022068992017,0.9449998808755148
AI,31850269_AI.txt,0.5334728033472803,0.023109243697478993,0.604602510460251,1.1099029368218374,0.9627604640872818
AI,31909493_AI.txt,0.38219895287958117,0.05249343832020997,0.4725130890052356,0.44261832657109856,0.9712719518192441
AI,31926950_AI.txt,0.45233968804159447,0.08,0.5424610051993067,0.6001957231750251,0.967889247507732
AI,31929166_AI.txt,0.4852941176470588,0.06540084388185655,0.5672268907563025,0.7955791558249599,0.9581647238931422
AI,31948488_AI.txt,0.4612546125461255,0.04259259259259259,0.5498154981549815,0.7430897004907663,0.9782638140831421
AI,32025286_AI.txt,0.4446308724832215,0.04713804713804714,0.5134228187919463,0.7221306316984236,0.9712901721804506
AI,32042584_AI.txt,0.4988662131519274,0.06150341685649203,0.5895691609977324,0.5069903222320484,0.9568948812882224
AI,32067700_AI.txt,0.4931506849315068,0.05963302752293578,0.589041095890411,0.7660175555179793,0.9545959388421807
AI,32069695_AI.txt,0.44345238095238093,0.08208955223880597,0.5089285714285714,0.6572488760033345,0.9741434024461186
AI,32081266_AI.txt,0.4118476727785614,0.12164073550212164,0.48660084626234135,0.576911718483847,0.9701078942175656
AI,32109048_AI.txt,0.5227765726681128,0.08278867102396514,0.6008676789587852,0.7120341187603784,0.8942778689361386
AI,32140087_AI.txt,0.4090909090909091,0.06231003039513678,0.4984848484848485,1.5354783935347571,0.9665524846164862
AI,32219038_AI.txt,0.5317796610169492,0.0425531914893617,0.6101694915254238,1.0295271139230002,0.9595034511501593
AI,32265203_AI.txt,0.5,0.0273972602739726,0.5704545454545454,1.1055237515094443,0.9656104632966949
AI,32308556_AI.txt,0.4807121661721068,0.05373134328358209,0.5637982195845698,1.1044662924923154,0.9568952107526889
AI,32318506_AI.txt,0.4720812182741117,0.14285714285714285,0.5583756345177665,0.7591218695571899,0.9611197547151801
AI,32385553_AI.txt,0.48466257668711654,0.03490759753593429,0.556237218813906,0.8786574738280345,0.9619684000791424
AI,32433431_AI.txt,0.4430604982206406,0.06607142857142857,0.5195729537366548,0.5271336303766092,0.954038256496125
AI,32441790_AI.txt,0.5296523517382413,0.024640657084188913,0.5950920245398773,0.8797361398602234,0.9573315430393783
AI,32517106_AI.txt,0.5107632093933464,0.060903732809430254,0.5909980430528375,1.0157010929421426,0.9618544524288276
AI,32518109_AI.txt,0.5590277777777778,0.04895104895104895,0.6840277777777778,0.43425314661684217,0.973139371864482
AI,32531824_AI.txt,0.5013477088948787,0.02710027100271003,0.6091644204851752,0.42608426663373533,0.9760751715289167
AI,32532982_AI.txt,0.38333333333333336,0.20891364902506965,0.4486111111111111,0.368315259347477,0.983061423721345
AI,32563518_AI.txt,0.4812398042414356,0.04582651391162029,0.5628058727569332,0.6573086714057763,0.9256458598274143
AI,32605413_AI.txt,0.48392282958199356,0.0064516129032258064,0.5707395498392283,0.9464973976772934,0.9590167038626326
AI,32636041_AI.txt,0.4821150855365474,0.0748829953198128,0.5489891135303266,0.7334210911020971,0.9611112716197842
AI,32637306_AI.txt,0.40493468795355586,0.08005822416302766,0.46879535558780844,0.5373349369472629,0.9612658852940291
AI,32651555_AI.txt,0.5027726432532348,0.03710575139146568,0.5637707948243993,1.003506277798131,0.9664647572061367
AI,32720816_AI.txt,0.5098468271334792,0.04395604395604396,0.5908096280087527,0.6486176399094221,0.9355089951084452
AI,32773331_AI.txt,0.4362068965517241,0.08304498269896193,0.503448275862069,1.0377552983352538,0.9580666134678006
AI,32794700_AI.txt,0.5771971496437055,0.02386634844868735,0.667458432304038,0.5259772385097092,0.9539824966798854
AI,32799518_AI.txt,0.556745182012848,0.008602150537634409,0.6466809421841542,0.5827281276285999,0.950789288526003
AI,32802563_AI.txt,0.473568281938326,0.05088495575221239,0.5770925110132159,0.8893062751234045,0.9556769444965969
AI,32896934_AI.txt,0.421455938697318,0.07692307692307693,0.4942528735632184,0.5919455320274278,0.9901852444741227
AI,32947778_AI.txt,0.4178885630498534,0.06470588235294118,0.5043988269794721,0.7622567676398124,0.9667372350468469
AI,32954522_AI.txt,0.4964705882352941,0.03309692671394799,0.5929411764705882,0.6608263029835694,0.939105614129438
AI,32959732_AI.txt,0.38852097130242824,0.07190265486725664,0.4757174392935982,0.8889998578736548,0.9282487613621664
AI,32965335_AI.txt,0.41910631741140214,0.04945904173106646,0.4946070878274268,1.020896294669532,0.9796088090507363
AI,32977530_AI.txt,0.4762773722627737,0.04395604395604396,0.5638686131386861,0.5763356680787076,0.9432930145552723
AI,32980197_AI.txt,0.4599659284497445,0.023931623931623933,0.5587734241908007,0.5346744659662497,0.9426497937248318
AI,32985311_AI.txt,0.5792682926829268,0.03987730061349693,0.6707317073170732,0.8064627454841472,0.981380384205228
AI,33023370_AI.txt,0.460431654676259,0.07942238267148015,0.5287769784172662,0.47499407999523735,0.9625085174425713
AI,33072201_AI.txt,0.4554794520547945,0.07388316151202749,0.541095890410959,0.8894625575380319,0.9510871333468558
AI,33135102_AI.txt,0.4155844155844156,0.1527001862197393,0.5064935064935064,0.8780330031262302,0.9617364094250085
AI,33141415_AI.txt,0.5339366515837104,0.05454545454545454,0.6131221719457014,0.8006973504512864,0.9501706804928388
AI,33176873_AI.txt,0.46153846153846156,0.06208053691275168,0.5250836120401338,0.4589630391709495,0.9599077298499975
AI,33236701_AI.txt,0.5,0.044897959183673466,0.5772357723577236,0.7503238683416841,0.9401320213428124
AI,33241454_AI.txt,0.4621359223300971,0.04678362573099415,0.545631067961165,0.6479495979186805,0.9398940709878889
AI,33286293_AI.txt,0.586046511627907,0.053738317757009345,0.6767441860465117,0.8136603100929118,0.9860878848616418
AI,33344933_AI.txt,0.42752740560292324,0.09401709401709402,0.5115712545676004,1.0731685129230615,0.9810948081788315
AI,33370664_AI.txt,0.49454545454545457,0.021897810218978103,0.5818181818181818,0.8740544977851998,0.9643021032418658
AI,33381211_AI.txt,0.3838526912181303,0.09943181818181818,0.471671388101983,0.9049266055030988,0.9508796555263026
AI,33424600_AI.txt,0.40974729241877256,0.1431159420289855,0.47833935018050544,0.44511426892998546,0.9656827398909654
AI,33527446_AI.txt,0.43103448275862066,0.058823529411764705,0.5206896551724138,0.8001810222594626,0.988486247472757
AI,33542483_AI.txt,0.4122137404580153,0.07350689127105667,0.49923664122137407,0.7130058676380501,0.9692849286266074
AI,33578873_AI.txt,0.4903581267217631,0.0443213296398892,0.5840220385674931,0.4859897662145176,0.8950304707032685
AI,33627938_AI.txt,0.42320261437908496,0.06721311475409836,0.49836601307189543,0.6812611910904623,0.9902534433130554
AI,33665485_AI.txt,0.4578096947935368,0.06666666666666667,0.533213644524237,0.6422238068263512,0.9853085476073024
AI,33685075_AI.txt,0.4482758620689655,0.09510086455331412,0.5316091954022989,0.7226146580583258,0.968985666907618
AI,33685988_AI.txt,0.49137931034482757,0.03896103896103896,0.5775862068965517,0.544821321722234,0.9839527089518857
AI,33704389_AI.txt,0.4161616161616162,0.0486815415821501,0.5232323232323233,0.8288810923321172,0.9694077764141742
AI,33750209_AI.txt,0.4670138888888889,0.05574912891986063,0.5399305555555556,0.8110829186342206,0.9527655119324088
AI,33803142_AI.txt,0.40625,0.09075907590759076,0.4753289473684211,0.8505417738834201,0.9370393173001444
AI,33872500_AI.txt,0.48205928237129486,0.026604068857589983,0.5850234009360374,0.6270148083550784,0.9827886046116064
AI,33893326_AI.txt,0.4927797833935018,0.03260869565217391,0.5703971119133574,0.8603951829543209,0.9850409224756841
AI,33919379_AI.txt,0.47752808988764045,0.1016949152542373,0.550561797752809,0.8424189892932799,0.9694724712413454
AI,33964275_AI.txt,0.5067796610169492,0.061224489795918366,0.5949152542372881,0.6631304365818499,0.9647726864346164
AI,34033933_AI.txt,0.49387755102040815,0.0389344262295082,0.5775510204081633,0.8217354081447745,0.9555833083871317
AI,34046031_AI.txt,0.46869983948635635,0.0322061191626409,0.536115569823435,0.6960786634391772,0.98081348659196
AI,34051710_AI.txt,0.4342857142857143,0.1491395793499044,0.5142857142857142,1.1908568475669838,0.985157283252748
AI,34131484_AI.txt,0.4960835509138381,0.026246719160104987,0.5848563968668408,0.8193238945782686,0.9565771668178707
AI,34141299_AI.txt,0.5612009237875288,0.02320185614849188,0.6397228637413395,0.6814895025541062,0.968813097166936
AI,34146825_AI.txt,0.48590021691973967,0.015250544662309368,0.5921908893709328,0.6297654887673751,0.9608761053189285
AI,34151183_AI.txt,0.4670571010248902,0.06461086637298091,0.5387994143484627,0.771255373519846,0.969639374598002
AI,34185495_AI.txt,0.4943609022556391,0.06037735849056604,0.5639097744360902,0.836594890594356,0.9855506134314618
AI,34198885_AI.txt,0.45489443378119004,0.08092485549132948,0.5335892514395394,0.6343819983486518,0.9855031569429682
AI,34250007_AI.txt,0.4686971235194585,0.057724957555178265,0.5414551607445008,0.41016948184782787,0.9845990510273116
AI,34252537_AI.txt,0.41916167664670656,0.11623246492985972,0.5109780439121756,0.9157562341408764,0.9606021463453736
AI,34303500_AI.txt,0.5215146299483648,0.025906735751295335,0.6144578313253012,0.9990227189520863,0.9414554900032304
AI,34304175_AI.txt,0.5063063063063064,0.059674502712477394,0.554954954954955,0.5267103022297936,0.9316277847375192
AI,34317538_AI.txt,0.42338251986379116,0.17861205915813425,0.4858115777525539,1.382503836909001,0.9930609903207824
AI,34319869_AI.txt,0.4510433386837881,0.05475040257648953,0.5088282504012841,0.3797951467129008,0.9878768922779635
AI,34327438_AI.txt,0.4742765273311897,0.056451612903225805,0.5514469453376206,0.7116732332363854,0.9759253218799943
AI,34349255_AI.txt,0.3877551020408163,0.11389521640091116,0.4897959183673469,0.5687516784692547,0.9541509981319424
AI,34419403_AI.txt,0.5096618357487923,0.014563106796116505,0.5917874396135265,0.757659755621952,0.9628611030291868
AI,34452806_AI.txt,0.48091603053435117,0.007662835249042145,0.5992366412213741,0.790517587074837,0.9607821913977231
AI,34465087_AI.txt,0.5271028037383177,0.0225140712945591,0.6149532710280374,0.784920113172324,0.9571354839951058
AI,34511655_AI.txt,0.40279937791601866,0.0686427457098284,0.49611197511664074,0.6140054278124542,0.9644523024471995
AI,34544955_AI.txt,0.4473229706390328,0.1369150779896014,0.5112262521588946,1.104987067485619,0.9879432155427773
AI,34554248_AI.txt,0.48028673835125446,0.0539568345323741,0.5609318996415771,0.5158911350491726,0.9564978959093174
AI,34583750_AI.txt,0.4113785557986871,0.05714285714285714,0.5229759299781181,0.4443286597751256,0.9289978843581548
AI,34594746_AI.txt,0.47232472324723246,0.04814814814814815,0.577490774907749,0.716100247559932,0.9339112483867777
AI,34657584_AI.txt,0.4866666666666667,0.10491071428571429,0.5533333333333333,0.7806078778771269,0.9846806643685861
AI,34689720_AI.txt,0.3939393939393939,0.0929054054054054,0.5,0.6270010610966313,0.9909651016458179
AI,34712719_AI.txt,0.5149384885764499,0.04409171075837742,0.6186291739894552,1.0838234084192206,0.9826873648025165
AI,34740556_AI.txt,0.4268707482993197,0.034129692832764506,0.5051020408163265,0.5351949952448553,0.9316665039316063
AI,34745915_AI.txt,0.42908438061041293,0.12972972972972974,0.5152603231597845,0.7144058483356994,0.9608576787066576
AI,34758680_AI.txt,0.4119601328903654,0.08833333333333333,0.49169435215946844,0.6636981634770573,0.9871496659404777
AI,34783330_AI.txt,0.4915254237288136,0.1054421768707483,0.5542372881355933,0.6648944404827085,0.9725387822078152
AI,34792238_AI.txt,0.45940959409594095,0.040740740740740744,0.5571955719557196,0.951515730498378,0.9539816438181159
AI,34797369_AI.txt,0.4554794520547945,0.07216494845360824,0.5496575342465754,0.7306926253558109,0.9511224376861098
AI,34816637_AI.txt,0.4264705882352941,0.04430379746835443,0.5084033613445378,0.669582203200482,0.9865223532331784
AI,34875813_AI.txt,0.4175977653631285,0.04341736694677871,0.5111731843575419,0.4129736386938824,0.943008838565684
AI,34953092_AI.txt,0.5194174757281553,0.07073170731707316,0.5898058252427184,0.7393122250882884,0.9521597319078008
AI,34962725_AI.txt,0.454,0.22289156626506024,0.506,1.294476617898413,0.976236395376361
AI,34970271_AI.txt,0.4117647058823529,0.0920138888888889,0.5017301038062284,0.6029144093254387,0.9694072956602144
AI,35121930_AI.txt,0.4795539033457249,0.06529850746268656,0.5483271375464684,0.6421157516820444,0.9602183786439248
AI,35157762_AI.txt,0.4393939393939394,0.08478260869565217,0.512987012987013,0.721366509883681,0.9615538593314052
AI,35164503_AI.txt,0.5060034305317325,0.03098106712564544,0.5969125214408233,0.6020382197794099,0.9601810039958151
AI,35172961_AI.txt,0.49282296650717705,0.1776,0.5311004784688995,1.32637478067231,0.9741539509785433
AI,35302620_AI.txt,0.4397905759162304,0.06654991243432574,0.5165794066317626,0.5754682976082897,0.9369082652720769
AI,35325329_AI.txt,0.46519524617996605,0.054514480408858604,0.533106960950764,0.8427733329508289,0.9237484540125526
AI,35344611_AI.txt,0.4064272211720227,0.056925996204933584,0.5066162570888468,0.6814420233212761,0.9707606175065274
AI,35389360_AI.txt,0.4612476370510397,0.06072106261859583,0.5425330812854442,0.9031593273981063,0.9760498321043367
AI,35421497_AI.txt,0.5083333333333333,0.02510460251046025,0.6104166666666667,0.8634714428933405,0.962525642360429
AI,35422305_AI.txt,0.43413978494623656,0.04851752021563342,0.5161290322580645,0.6901013079335172,0.9713846108217536
AI,35468363_AI.txt,0.46402877697841727,0.12681159420289856,0.5575539568345323,0.3355943536601612,0.9880033139871542
AI,35474904_AI.txt,0.5029940119760479,0.028056112224448898,0.592814371257485,0.7478407360778435,0.9498150537901494
AI,35483925_AI.txt,0.4699248120300752,0.026415094339622643,0.5601503759398496,0.70324104632328,0.9744081323326125
AI,35492909_AI.txt,0.5153061224489796,0.046153846153846156,0.5841836734693877,0.8750911031289886,0.9803511563378049
AI,35554162_AI.txt,0.45569620253164556,0.036297640653357534,0.5424954792043399,0.5903005302110644,0.9726422447397387
AI,35564026_AI.txt,0.4572784810126582,0.08571428571428572,0.5363924050632911,0.8490861998324729,0.9607619541194894
AI,35571205_AI.txt,0.45797598627787306,0.05679862306368331,0.5351629502572899,0.6049334738846265,0.9497990774356188
AI,35579812_AI.txt,0.4777777777777778,0.029017857142857144,0.5711111111111111,0.6718548123582124,0.9696041667519253
AI,35603950_AI.txt,0.47843137254901963,0.07283464566929133,0.5568627450980392,1.0360347172800042,0.9486303378704719
AI,35651876_AI.txt,0.45663716814159294,0.019538188277087035,0.5327433628318584,0.5621876623367703,0.9451223705340089
AI,35673335_AI.txt,0.4146341463414634,0.052202283849918436,0.4943089430894309,0.6623482436914426,0.9679160553521796
AI,35737840_AI.txt,0.48747591522157996,0.04448742746615087,0.5722543352601156,0.7563990217490436,0.9478358975279614
AI,35971546_AI.txt,0.4643377001455604,0.030656934306569343,0.5473071324599709,0.6858522315320801,0.973344446834477
AI,35985133_AI.txt,0.4582560296846011,0.09683426443202979,0.5269016697588126,0.760938843617021,0.9712474031688784
AI,35990852_AI.txt,0.4708249496981891,0.09494949494949495,0.5513078470824949,0.6675183400907166,0.9756016438076337
AI,36019469_AI.txt,0.3911525029103609,0.050175029171528586,0.4831199068684517,0.962522035053232,0.9572453975851755
AI,36024962_AI.txt,0.5285714285714286,0.05755395683453238,0.6107142857142858,0.9620839059961822,0.9862369888660433
AI,36074301_AI.txt,0.4594059405940594,0.061630218687872766,0.5188118811881188,1.0344920100120933,0.9583151166721892
AI,36094883_AI.txt,0.46286701208981,0.07105719237435008,0.5371329879101899,0.8443089518902765,0.9824796506135964
AI,36102323_AI.txt,0.562,0.04216867469879518,0.626,1.0348107717516926,0.9538672273364477
AI,36107065_AI.txt,0.479933110367893,0.047058823529411764,0.5544388609715243,0.9375122188436061,0.9829853674301672
AI,36136569_AI.txt,0.4303599374021909,0.06436420722135008,0.5195618153364632,0.6031971555586415,0.959133265153259
AI,36139251_AI.txt,0.38953488372093026,0.06268221574344024,0.4752906976744186,0.4257696312277017,0.9682683941900944
AI,36149549_AI.txt,0.5497076023391813,0.05283757338551859,0.621832358674464,0.8924480779552185,0.9576127586286837
AI,36170003_AI.txt,0.4296875,0.09411764705882353,0.521484375,0.4787597697749342,0.9492548168755526
AI,36206485_AI.txt,0.4709090909090909,0.04562043795620438,0.5472727272727272,0.6112691714784902,0.9723567526792792
AI,36252245_AI.txt,0.4543795620437956,0.06227106227106227,0.541970802919708,0.6715123715923199,0.9508979836421698
AI,36269672_AI.txt,0.46774193548387094,0.07467532467532467,0.5709677419354838,0.44172804897898743,0.9493461110605994
AI,36302399_AI.txt,0.44,0.04871060171919771,0.5214285714285715,1.4233591323036485,0.9449003997404073
AI,36331163_AI.txt,0.5010660980810234,0.057815845824411134,0.55863539445629,0.7271458821861295,0.97825725125331
AI,36366044_AI.txt,0.46143790849673205,0.07601572739187418,0.5555555555555556,0.5439112703615556,0.9542421498896698
AI,36379931_AI.txt,0.5160771704180064,0.041935483870967745,0.6093247588424437,0.7023492314843779,0.9620377709427648
AI,36392131_AI.txt,0.44251968503937006,0.07424960505529225,0.5149606299212598,0.6046617370328905,0.9749847366897201
AI,36425270_AI.txt,0.5119047619047619,0.03187250996015936,0.5932539682539683,0.7616214638351502,0.9847159138057096
AI,36434348_AI.txt,0.425,0.07915057915057915,0.48653846153846153,0.8594660499552271,0.9736857116388467
AI,36517781_AI.txt,0.4590443686006826,0.053082191780821915,0.5324232081911263,0.45750360739673135,0.9702661155164388
AI,36569713_AI.txt,0.5514705882352942,0.13333333333333333,0.6286764705882353,1.4551440864339644,0.9715090140675818
AI,36574147_AI.txt,0.4387755102040816,0.10580204778156997,0.5136054421768708,0.3710767534351074,0.9784488727203887
AI,36621169_AI.txt,0.5449101796407185,0.08433734939759036,0.6197604790419161,0.6238771332559734,0.9606330194879595
AI,36625776_AI.txt,0.42402826855123676,0.09219858156028368,0.5053003533568905,0.5324772425338451,0.943921506152869
AI,36671891_AI.txt,0.4306930693069307,0.07816377171215881,0.5086633663366337,1.217517494988422,0.9572710968659872
AI,36694627_AI.txt,0.5406593406593406,0.026490066225165563,0.6021978021978022,0.6533474345658403,0.9649908656385187
AI,36727173_AI.txt,0.4878048780487805,0.06326530612244897,0.5772357723577236,1.3115814444348026,0.9630891447954825
AI,36758947_AI.txt,0.5154867256637168,0.06444444444444444,0.6039823008849557,0.8608010084306541,0.9638912040841342
AI,36805025_AI.txt,0.43144424131627057,0.05504587155963303,0.5319926873857403,0.7530181407725258,0.9449763404117084
AI,36856210_AI.txt,0.4969574036511156,0.028513238289205704,0.5963488843813387,0.7926909174413933,0.963278922264677
AI,36861863_AI.txt,0.5128205128205128,0.04428044280442804,0.6263736263736264,0.5244111404592903,0.9799777842353947
AI,36868767_AI.txt,0.512014787430684,0.055658627087198514,0.5822550831792976,1.1449297773546385,0.977478310328966
AI,36904300_AI.txt,0.4308176100628931,0.083596214511041,0.5157232704402516,0.8111997004604233,0.962420147268457
AI,36905896_AI.txt,0.47593582887700536,0.07155635062611806,0.5490196078431373,0.46410981876645585,0.9500013445791764
AI,36970996_AI.txt,0.4696969696969697,0.07391304347826087,0.5584415584415584,0.7403473277972329,0.943034549057822
AI,37001381_AI.txt,0.4555984555984556,0.07945736434108527,0.5154440154440154,1.2469978557723944,0.9954402675608397
AI,37058472_AI.txt,0.4709418837675351,0.028169014084507043,0.5430861723446894,0.8219707055728424,0.9669314048556883
AI,37087371_AI.txt,0.466,0.082,0.5358565737051793,0.48587691208086536,0.9637599361264587
AI,37087824_AI.txt,0.4613821138211382,0.053061224489795916,0.5447154471544715,0.9873731270402143,0.9705957687851657
AI,37201447_AI.txt,0.43902439024390244,0.06118881118881119,0.5156794425087108,0.7263755902040863,0.970358734012353
AI,37220856_AI.txt,0.4466338259441708,0.03459637561779242,0.5238095238095238,0.8823210521016576,0.9670856357298803
AI,37231163_AI.txt,0.49782608695652175,0.043668122270742356,0.5782608695652174,0.37881383453490014,0.9783950018700912
AI,37242217_AI.txt,0.45022288261515603,0.02384500745156483,0.5260029717682021,0.8791521391754762,0.9577385093408195
AI,37263609_AI.txt,0.4312977099236641,0.19157088122605365,0.49809160305343514,1.3908370611440173,0.9855336355370897
AI,37292350_AI.txt,0.4725609756097561,0.06880733944954129,0.5457317073170732,0.5614063797505716,0.9419414211532936
AI,37333719_AI.txt,0.4692556634304207,0.1237785016286645,0.5598705501618123,0.9324180053975354,0.9803860005136331
AI,37335325_AI.txt,0.36100746268656714,0.1261682242990654,0.4300373134328358,0.5281637522880739,0.9764599556976247
AI,37348041_AI.txt,0.46706586826347307,0.04809619238476954,0.5568862275449101,0.9350029204410123,0.9862431028914047
AI,37360517_AI.txt,0.5461346633416458,0.02506265664160401,0.6209476309226932,0.7347420611893288,0.9773256616363379
AI,37370455_AI.txt,0.4149443561208267,0.03827751196172249,0.48012718600953896,0.8727698275348965,0.9690288679249642
AI,37374340_AI.txt,0.5107296137339056,0.017241379310344827,0.5987124463519313,0.8500694060199889,0.9588886566286444
AI,37375999_AI.txt,0.4431818181818182,0.049429657794676805,0.5303030303030303,0.42174116783664994,0.959235505503052
AI,37391947_AI.txt,0.37702265372168287,0.15422077922077923,0.4546925566343042,0.5696552676768846,0.9712972350752404
AI,37402097_AI.txt,0.46601941747572817,0.051470588235294115,0.551219512195122,1.4073961173219658,0.9323223732979897
AI,37472265_AI.txt,0.40597539543058,0.10405643738977072,0.4797891036906854,0.7278654002046996,0.9705264902677058
AI,37473139_AI.txt,0.5,0.021834061135371178,0.5782608695652174,0.6708203932499369,0.9443570405348977
AI,37521676_AI.txt,0.45975232198142413,0.08074534161490683,0.5464396284829721,0.768615900322584,0.9651164860330066
AI,37540732_AI.txt,0.47692307692307695,0.09050772626931568,0.5648351648351648,0.7908528118831941,0.9657138363397755
AI,37560528_AI.txt,0.46702317290552586,0.06797853309481217,0.5597147950089126,0.5146135142559061,0.9499835060859377
AI,37640804_AI.txt,0.4483695652173913,0.13896457765667575,0.5163043478260869,0.8453185398530264,0.9642220874409846
AI,37660306_AI.txt,0.4518664047151277,0.05128205128205128,0.5343811394891945,0.5662731307373401,0.942181836096703
AI,37664296_AI.txt,0.42153846153846153,0.14506172839506173,0.5030769230769231,0.9056525847772977,0.9359855523696383
AI,37695494_AI.txt,0.43792325056433407,0.15873015873015872,0.4966139954853273,1.2147101548435766,0.968437301020302
AI,37735467_AI.txt,0.4774774774774775,0.016566265060240965,0.5570570570570571,0.6023976025934608,0.944851573391292
AI,37739183_AI.txt,0.41420118343195267,0.09347181008902077,0.5,0.7325516298369896,0.96871261554931
AI,37750854_AI.txt,0.41317365269461076,0.06156156156156156,0.49550898203592814,0.5746031079546264,0.9595106617800059
AI,37751611_AI.txt,0.4322396576319544,0.06294706723891273,0.4978601997146933,0.7958973878856317,0.9572211622236895
AI,37764298_AI.txt,0.4884210526315789,0.03805496828752643,0.5789473684210527,0.8399087142061606,0.9655217666878094
AI,37792474_AI.txt,0.44935543278084716,0.07208872458410351,0.5322283609576427,0.6632796199598356,0.9374137902415765
AI,37818861_AI.txt,0.5336927223719676,0.08943089430894309,0.6064690026954178,0.5241073375235219,0.9829443037323902
AI,37913536_AI.txt,0.4025735294117647,0.15867158671586715,0.4577205882352941,0.6506695158955902,0.9808330508408892
AI,37931076_AI.txt,0.5083333333333333,0.05307262569832402,0.5916666666666667,0.6778767647681697,0.9815724870117726
AI,37997506_AI.txt,0.44482758620689655,0.06055363321799308,0.5258620689655172,0.9580266233199384,0.9965837888305895
AI,38007664_AI.txt,0.4137353433835846,0.07563025210084033,0.48743718592964824,1.2679640321087422,0.9729950588115037
AI,38047274_AI.txt,0.4692737430167598,0.06542056074766354,0.5437616387337058,0.9971331368824391,0.9693828980760412
AI,38056161_AI.txt,0.46421663442940037,0.04466019417475728,0.5357833655705996,0.8920228980960585,0.9789657402777672
AI,38059130_AI.txt,0.41379310344827586,0.08401976935749589,0.48932676518883417,0.6849991832368976,0.9679594337768438
AI,38087844_AI.txt,0.45714285714285713,0.04384485666104553,0.5378151260504201,0.9408535552793189,0.9680098564893305
AI,38108845_AI.txt,0.39344262295081966,0.07174887892376682,0.46050670640834573,0.44593175267935736,0.9662145887099416
AI,38115035_AI.txt,0.4613899613899614,0.07364341085271318,0.5366795366795367,0.8402093950756854,0.9653512958083116
AI,38154903_AI.txt,0.5393939393939394,0.036585365853658534,0.6333333333333333,0.9683829480784812,0.9634919338570371
AI,38165833_AI.txt,0.5542168674698795,0.04048582995951417,0.6184738955823293,1.1277755755778964,0.9764911936310153
AI,38216888_AI.txt,0.5068493150684932,0.09655172413793103,0.613013698630137,0.8939809747362019,0.9617246332687348
AI,38220146_AI.txt,0.4867109634551495,0.03,0.5631229235880398,0.9074730041041407,0.9610201482301641
AI,38225199_AI.txt,0.49714285714285716,0.05162523900573614,0.5828571428571429,1.114479022711281,0.960327422888053
AI,38291889_AI.txt,0.508298755186722,0.020833333333333332,0.5975103734439834,0.7794012426650909,0.9613980019912423
AI,38309905_AI.txt,0.4892086330935252,0.07581227436823104,0.5611510791366906,0.7147176288660831,0.9694337157238198
AI,38314236_AI.txt,0.4593406593406593,0.03532008830022075,0.5384615384615384,0.876842879234969,0.9719676453719419
AI,38355831_AI.txt,0.39300411522633744,0.19421487603305784,0.45267489711934156,0.8824008761347207,0.9815812360603234
AI,38399177_AI.txt,0.5297805642633229,0.031545741324921134,0.6269592476489029,0.5884823321669467,0.9294509393417754
AI,38441665_AI.txt,0.40852575488454707,0.0748663101604278,0.4849023090586146,0.9469696547757386,0.9850305753531006
AI,38457612_AI.txt,0.5145413870246085,0.038202247191011236,0.5928411633109619,1.0609212276584954,0.9624594941681438
AI,38535335_AI.txt,0.509493670886076,0.050955414012738856,0.6265822784810127,0.7308544132518133,0.9441853572639118
AI,38565119_AI.txt,0.546916890080429,0.0215633423180593,0.6380697050938338,0.6017803421121827,0.9635624739555401
AI,38642923_AI.txt,0.4172077922077922,0.07166123778501629,0.4805194805194805,1.3781480912971713,0.9700015601267442
AI,38650096_AI.txt,0.5522875816993464,0.06578947368421052,0.630718954248366,0.7795757067012588,0.9489266047049939
AI,38663892_AI.txt,0.4489112227805695,0.0453781512605042,0.5360134003350083,0.8331103689489483,0.9503405724301827
AI,38688388_AI.txt,0.4197324414715719,0.04530201342281879,0.5066889632107023,0.5092975137462773,0.9456553165906888
AI,38698573_AI.txt,0.5222222222222223,0.05018587360594796,0.5962962962962963,0.6804273175799986,0.9484306463897753
AI,38707449_AI.txt,0.48484848484848486,0.07302231237322515,0.5595959595959596,0.815902194155386,0.9934505473615084
AI,38744475_AI.txt,0.4628099173553719,0.058091286307053944,0.5578512396694215,0.6067621120090091,0.9768397035322359
AI,38750659_AI.txt,0.43033509700176364,0.09557522123893805,0.48853615520282184,0.8757247209774426,0.9589366632105719
AI,38753827_AI.txt,0.4283625730994152,0.093841642228739,0.5102339181286549,0.8866414546404446,0.9799884366430286
AI,38847011_AI.txt,0.44353518821603927,0.06732348111658457,0.5253682487725041,0.6642395355160324,0.9655547177217052
AI,38860712_AI.txt,0.45904761904761904,0.08030592734225621,0.5638095238095238,0.30066801606916915,0.9544189855840436
AI,38896303_AI.txt,0.42078364565587734,0.06153846153846154,0.49744463373083475,0.9009060120616147,0.9749199174381858
AI,38897568_AI.txt,0.4972677595628415,0.056672760511883,0.5719489981785064,0.9346391186374631,0.9807968120474182
AI,38907798_AI.txt,0.39728353140916806,0.05110732538330494,0.47368421052631576,0.9834843472636043,0.9909268649914931
AI,38946032_AI.txt,0.4623287671232877,0.05670103092783505,0.5547945205479452,0.6949598687198917,0.9710237325716775
AI,38989376_AI.txt,0.4279411764705882,0.07658321060382917,0.5007342143906021,0.8596273193523168,0.9843878326338255
AI,39027764_AI.txt,0.3804945054945055,0.1584022038567493,0.46153846153846156,0.62866650524998,0.9613223956648475
AI,39064638_AI.txt,0.5058139534883721,0.04271844660194175,0.5802707930367504,0.8053497951549489,0.9622290654638496
AI,39081840_AI.txt,0.42587601078167114,0.04054054054054054,0.5040431266846361,0.6068894966722539,0.9641548068924285
AI,39082090_AI.txt,0.48939929328621906,0.06205673758865248,0.5512367491166078,0.7496066587372686,0.9569652868905664
AI,39115899_AI.txt,0.4838709677419355,0.11510791366906475,0.5501792114695341,1.1176445027796604,0.9809722013348061
AI,39142536_AI.txt,0.4694589877835951,0.0647985989492119,0.5584642233856894,0.6155586121892199,0.9627514583644645
AI,39166680_AI.txt,0.4333764553686934,0.09857328145265888,0.49935316946959896,0.742766513192515,0.9807832170259221
AI,39237915_AI.txt,0.48987108655616945,0.053604436229205174,0.578268876611418,1.1983905434115547,0.9568322866936717
AI,39247950_AI.txt,0.43042671614100186,0.07262569832402235,0.5157699443413729,0.8737203706382848,0.9918459449793522
AI,39252859_AI.txt,0.42105263157894735,0.0880281690140845,0.5017543859649123,0.46758854362345703,0.9857656893004224
AI,39295103_AI.txt,0.4688715953307393,0.09375,0.5583657587548638,0.6322948884227465,0.9693802061388815
AI,39308779_AI.txt,0.3864942528735632,0.1440922190201729,0.4511494252873563,1.0821224955816542,0.9738241317761559
AI,39413067_AI.txt,0.4113597246127367,0.05699481865284974,0.4991394148020654,0.8695688834823532,0.9696499043417672
AI,39434376_AI.txt,0.5660377358490566,0.06844106463878327,0.6641509433962264,0.7431881015746594,0.9822904529868209
AI,39441617_AI.txt,0.4713114754098361,0.047325102880658436,0.5389344262295082,0.8615057278126581,0.9691037267838088
AI,39470264_AI.txt,0.4293193717277487,0.11208406304728546,0.5270506108202443,0.6902760385483713,0.9468197488837462
AI,39566718_AI.txt,0.460093896713615,0.04395604395604396,0.5305164319248826,1.0001163815827172,0.9756832085612108
AI,39569771_AI.txt,0.5087108013937283,0.038461538461538464,0.5853658536585366,0.824152037811511,0.9654842220119633
AI,39581020_AI.txt,0.49393939393939396,0.04878048780487805,0.5666666666666667,0.7162002983867506,0.9588618621148788
AI,39608848_AI.txt,0.47327044025157233,0.01892744479495268,0.5644654088050315,0.7345765066067383,0.944894821065875
AI,39650734_AI.txt,0.5224489795918368,0.030737704918032786,0.5918367346938775,0.8675970027676672,0.9630553509274534
AI,39674178_AI.txt,0.42142857142857143,0.04659498207885305,0.49464285714285716,0.9629090702402904,0.9830566597439454
AI,39674782_AI.txt,0.4742647058823529,0.04981549815498155,0.5404411764705882,1.0745843186090662,0.9873545346859767
AI,39675895_AI.txt,0.4306569343065693,0.029304029304029304,0.5127737226277372,0.505941420884664,0.9587960251279469
AI,39718499_AI.txt,0.4928774928774929,0.022922636103151862,0.5669515669515669,1.4264777794805203,0.962637280869933
AI,39776400_AI.txt,0.39488117001828155,0.11192660550458716,0.473491773308958,0.47744904585988523,0.9746095668038802
AI,39805617_AI.txt,0.508500772797527,0.07286821705426356,0.5795981452859351,1.0131411301526123,0.9322810200012689
AI,39835894_AI.txt,0.46215139442231074,0.082,0.5338645418326693,0.6158206328344109,0.9569708302233613
AI,39855211_AI.txt,0.52994555353902,0.018214936247723135,0.6388384754990926,0.6631650981156497,0.9627996404231156
AI,39875803_AI.txt,0.4169278996865204,0.08018867924528301,0.5094043887147336,0.7289380001749585,0.9531036234757518
AI,39908485_AI.txt,0.4181360201511335,0.10353535353535354,0.49622166246851385,0.9505454675122084,0.9504365730955376
AI,39970711_AI.txt,0.5094339622641509,0.04842105263157895,0.5849056603773585,0.5385481723867523,0.973213303885632
AI,40018190_AI.txt,0.5495283018867925,0.035545023696682464,0.6344339622641509,1.0864354034066241,0.9887584665353658
AI,40088790_AI.txt,0.42829827915869984,0.07293666026871401,0.5181644359464627,1.2150438581686434,0.9505510890997226
AI,40311088_AI.txt,0.43380855397148677,0.049079754601226995,0.5173116089613035,0.8051450985458004,0.98828840440913
AI,40792022_AI.txt,0.4988962472406181,0.03547671840354767,0.58719646799117,0.6421254426464241,0.9439336302729029
AI,40882926_AI.txt,0.4686192468619247,0.03571428571428571,0.5502092050209205,0.5955421429702068,0.9311977957603481
AI,40883703_AI.txt,0.38,0.07589285714285714,0.4622222222222222,0.5435797339885522,0.9341501011437631
AI,40987524_AI.txt,0.45,0.06272401433691756,0.5303571428571429,0.6874420198185771,0.9272082460217064
AI,41152404_AI.txt,0.41112828438948995,0.10232558139534884,0.47449768160741884,1.171309966854865,0.9797460134099052
AI,41344156_AI.txt,0.4046242774566474,0.08115942028985507,0.5072254335260116,0.5548494077138576,0.9622968666368024
AI,41506705_AI.txt,0.467005076142132,0.07142857142857142,0.5338983050847458,0.6084845126952383,0.948031689939584
AI,41523474_AI.txt,0.5139186295503212,0.06236559139784946,0.5952890792291221,0.9095902027786258,0.9728323911121839
AI,41586420_AI.txt,0.4593437945791726,0.058655221745350504,0.514978601997147,0.90812600740855,0.9682815502726512
AI,41590605_AI.txt,0.4289405684754522,0.11010362694300518,0.4909560723514212,1.3900031835961404,0.9852335014380194
AI,41651672_AI.txt,0.4604651162790698,0.05841121495327103,0.586046511627907,0.47795978508288856,0.9698473919714234
AI,41910253_AI.txt,0.5672514619883041,0.0058823529411764705,0.6461988304093568,0.7834304111997262,0.9760410019987752
AI,41950126_AI.txt,0.4495548961424332,0.041666666666666664,0.5192878338278932,0.6254142962941415,0.9612328739721314
AI,42156237_AI.txt,0.5357142857142857,0.028205128205128206,0.6045918367346939,0.728604373335606,0.9777259052175883
AI,42164460_AI.txt,0.43270868824531517,0.07179487179487179,0.514480408858603,0.7788405380940155,0.9665350378702958
AI,42304307_AI.txt,0.4498977505112474,0.08418891170431211,0.5357873210633947,0.7835338060833767,0.9400622659809064
AI,42332765_AI.txt,0.49502982107355864,0.041916167664670656,0.5765407554671969,0.5273262310245339,0.9843821556472748
AI,42384185_AI.txt,0.47671840354767187,0.10690423162583519,0.5609756097560976,0.4508564617761466,0.9590527089191933
AI,42427521_AI.txt,0.4700374531835206,0.07518796992481203,0.552434456928839,1.1054088319209654,0.9521360869495259
AI,42487883_AI.txt,0.4297253634894992,0.04700162074554295,0.518578352180937,0.94143669707845,0.9812970556190923
AI,42546558_AI.txt,0.4757929883138564,0.05695142378559464,0.5642737896494157,0.6539711888576476,0.9154951863278487
AI,42641525_AI.txt,0.42857142857142855,0.07692307692307693,0.4965156794425087,0.7531907143816996,0.9628460604839402
AI,43311839_AI.txt,0.5104529616724739,0.045454545454545456,0.5958188153310104,0.6574740191912538,0.9753327907914634
AI,43375498_AI.txt,0.4880952380952381,0.06374501992031872,0.5773809523809523,0.48077660208913997,0.9416734865914655
AI,43378989_AI.txt,0.5214899713467048,0.0893371757925072,0.6045845272206304,1.4141582162219286,0.9732965542433709
AI,43408471_AI.txt,0.4964788732394366,0.02120141342756184,0.5651408450704225,0.8740721422074449,0.976091582348267
AI,43622023_AI.txt,0.5330812854442344,0.026565464895635674,0.6124763705103969,0.6824544438513486,0.9599943773954904
AI,43685045_AI.txt,0.4518900343642612,0.05862068965517241,0.5463917525773195,0.6855118543457551,0.9673551008195748
AI,43720116_AI.txt,0.5093023255813953,0.0630841121495327,0.6139534883720931,0.5686167782984127,0.9724021134737163
AI,43752620_AI.txt,0.5,0.06405693950177936,0.5762411347517731,0.7088605541022149,0.9729481583792172
AI,43852883_AI.txt,0.45454545454545453,0.11808669656203288,0.5245901639344263,1.082436854003068,0.9905977101602148
AI,43994605_AI.txt,0.4614065180102916,0.043029259896729774,0.5403087478559176,1.0233424985268065,0.9912177399725203
AI,44115326_AI.txt,0.41543026706231456,0.046130952380952384,0.4807121661721068,0.7951970795336036,0.951009256980189
AI,44145704_AI.txt,0.4418604651162791,0.09922178988326848,0.5058139534883721,0.9528701718390469,0.9512050423810468
AI,44147689_AI.txt,0.4510250569476082,0.07551487414187644,0.5216400911161732,0.9619108546842691,0.9707971651321304
AI,44185767_AI.txt,0.4176829268292683,0.035168195718654434,0.5015243902439024,0.8188806738930589,0.979421275218493
AI,44476983_AI.txt,0.463743676222597,0.02707275803722504,0.5413153456998314,0.4710239758987285,0.9720415025944121
AI,44624796_AI.txt,0.5097613882863341,0.034858387799564274,0.5900216919739696,0.64657697705915,0.961997642458874
AI,45077654_AI.txt,0.4153846153846154,0.12864493996569468,0.48547008547008547,0.8076038534139257,0.9736378869350868
AI,45167858_AI.txt,0.5143603133159269,0.04199475065616798,0.6005221932114883,0.46876040028956134,0.9729952786551723
AI,45286020_AI.txt,0.42077464788732394,0.16431095406360424,0.4964788732394366,1.710150587445367,0.9803309550750001
AI,45462344_AI.txt,0.47105788423153694,0.10020040080160321,0.530938123752495,0.6583572790007697,0.9734482140511915
AI,45475027_AI.txt,0.4850863422291994,0.2062992125984252,0.5463108320251178,1.2578266026553668,0.9412184808000104
AI,45656814_AI.txt,0.46956521739130436,0.043668122270742356,0.55,0.6877968321035128,0.9700126968658482
AI,45900271_AI.txt,0.42470389170896783,0.05602716468590832,0.5160744500846024,0.6498399108872315,0.9786086140229305
AI,45907524_AI.txt,0.496551724137931,0.039792387543252594,0.5758620689655173,0.8544448577574744,0.9578288036106679
AI,45987048_AI.txt,0.5270541082164328,0.04225352112676056,0.6112224448897795,0.5688929111650619,0.9649365482445073
AI,46055835_AI.txt,0.47987117552334946,0.051696284329563816,0.5571658615136876,0.7776511809234137,0.9855106378724786
AI,46258701_AI.txt,0.49572649572649574,0.0634648370497427,0.576068376068376,0.9180826611127698,0.9629567968017042
AI,46260230_AI.txt,0.47634069400630913,0.0189873417721519,0.5630914826498423,1.2048613767564498,0.9693333348585825
AI,46349752_AI.txt,0.4126149802890933,0.04479578392621871,0.507227332457293,0.8823035472178187,0.9833858971075682
AI,46514339_AI.txt,0.45880149812734083,0.041353383458646614,0.5468164794007491,0.47864371841201114,0.9309767099797409
AI,46772262_AI.txt,0.4828828828828829,0.04701627486437613,0.5585585585585585,0.6054647150595283,0.9696235105075709
AI,47067533_AI.txt,0.41638225255972694,0.07534246575342465,0.5017064846416383,0.45772017095079287,0.9481975764128759
AI,47133747_AI.txt,0.4819078947368421,0.056105610561056105,0.5740131578947368,0.4880798045636199,0.9548915393335282
AI,47276718_AI.txt,0.43562610229276894,0.09010600706713781,0.5299295774647887,1.1244619744085627,0.9552233759510008
AI,47317494_AI.txt,0.5230769230769231,0.023255813953488372,0.6115384615384616,0.450462725057986,0.955570693650789
AI,47410104_AI.txt,0.5,0.03648068669527897,0.5683760683760684,0.7110254010524071,0.9864692620994027
AI,47470864_AI.txt,0.4729981378026071,0.08971962616822429,0.5344506517690876,0.6641928605119636,0.9790449462992534
AI,47487091_AI.txt,0.48846153846153845,0.03474903474903475,0.5807692307692308,0.6979006629211065,0.9451855804544955
AI,47549345_AI.txt,0.5163934426229508,0.053497942386831275,0.5758196721311475,0.8717289224081413,0.9506636456594626
AI,47603843_AI.txt,0.5440251572327044,0.07278481012658228,0.6352201257861635,1.070622314459043,0.9471484049330443
AI,47729453_AI.txt,0.4107142857142857,0.1057347670250896,0.4642857142857143,0.5046071974693942,0.9462688286260533
AI,47919212_AI.txt,0.4070422535211268,0.07062146892655367,0.4971830985915493,0.4163066597713998,0.9723442689318491
AI,47996197_AI.txt,0.4211382113821138,0.048939641109298535,0.4926829268292683,0.6711649477641405,0.9853495391333419
AI,48037995_AI.txt,0.5066413662239089,0.05523809523809524,0.5844402277039848,0.9758619239347679,0.9609004658323992
AI,48285304_AI.txt,0.47276688453159044,0.0437636761487965,0.5577342047930284,0.5573330922097474,0.9800863714592225
AI,48533663_AI.txt,0.46957878315132606,0.03599374021909233,0.5647425897035881,0.6748164838341938,0.9659044194829928
AI,48547319_AI.txt,0.43320610687022904,0.10919540229885058,0.517175572519084,0.7229567838229106,0.9709322410189144
AI,48549972_AI.txt,0.42217484008528783,0.10920770877944326,0.4946695095948827,1.0944574085636636,0.971871393108339
AI,48580330_AI.txt,0.4542190305206463,0.08108108108108109,0.5296229802513465,1.4160357156400556,0.9075276603388114
AI,49119887_AI.txt,0.4631956912028725,0.02702702702702703,0.5727109515260324,0.6648293013951428,0.9618952006033539
AI,49127329_AI.txt,0.42439862542955326,0.05172413793103448,0.5103092783505154,0.5584076789709114,0.9427798683370947
AI,49204385_AI.txt,0.4061990212071778,0.060556464811783964,0.4893964110929853,0.7019567166779269,0.9890060989186064
AI,49285644_AI.txt,0.4724264705882353,0.06826568265682657,0.5625,0.7731581098606659,0.9660711125441351
AI,49325370_AI.txt,0.4668769716088328,0.0759493670886076,0.5394321766561514,0.7032950091684473,0.9710278897988118
AI,49475708_AI.txt,0.5,0.03773584905660377,0.596244131455399,0.6905612295292919,0.9807475819005672
AI,49486820_AI.txt,0.47322970639032813,0.04852686308492201,0.5595854922279793,0.5680018580674489,0.9618181896017264
AI,49646155_AI.txt,0.47309833024118736,0.037243947858473,0.5695732838589982,0.7018598485313325,0.9769948689201442
AI,49685006_AI.txt,0.48841354723707664,0.05366726296958855,0.5561497326203209,0.9688027235332433,0.9686396485030896
AI,49777184_AI.txt,0.488135593220339,0.027210884353741496,0.5864406779661017,1.2680086567781903,0.9772406908472657
AI,49937469_AI.txt,0.42937062937062936,0.12622720897615708,0.5216783216783217,0.6680197549202266,0.957675327562206
AI,49997097_AI.txt,0.483065953654189,0.046511627906976744,0.5525846702317291,0.7201084806279962,0.9951412850489457
AI,50219114_AI.txt,0.4156804733727811,0.057863501483679525,0.5044378698224852,0.606808370892846,0.9830004623944203
AI,50222417_AI.txt,0.3588709677419355,0.06064690026954178,0.42876344086021506,0.6554427538226403,0.9899920007996288
AI,50324968_AI.txt,0.5605263157894737,0.026455026455026454,0.6684210526315789,0.6991842388447445,0.9597959016082465
AI,50328713_AI.txt,0.46016483516483514,0.08953168044077135,0.5357142857142857,1.3029121036401854,0.9814643345457447
AI,50432401_AI.txt,0.511070110701107,0.037037037037037035,0.584870848708487,0.6363669859234679,0.9717914456795157
AI,50775901_AI.txt,0.46045694200351495,0.1128747795414462,0.5342706502636204,0.7049763903590999,0.971473475478325
AI,51018476_AI.txt,0.4470046082949309,0.1712962962962963,0.511520737327189,0.7121396331779725,0.9637911692524637
AI,51209395_AI.txt,0.5826086956521739,0.03508771929824561,0.6652173913043479,0.6189569859631523,0.9544446986791587
AI,51349448_AI.txt,0.5917721518987342,0.03821656050955414,0.680379746835443,1.0219823898323215,0.9460511809917761
AI,51363762_AI.txt,0.4857142857142857,0.03821656050955414,0.5619047619047619,0.6391715336536089,0.9481064274101408
AI,51415089_AI.txt,0.47484909456740443,0.07676767676767676,0.5694164989939637,0.5427828264878354,0.9658731515964557
AI,51432451_AI.txt,0.4551971326164875,0.03237410071942446,0.5483870967741935,0.6901720427253416,0.9810473566872407
AI,51508889_AI.txt,0.3978819969742814,0.0622154779969651,0.4659606656580938,0.5910405089784407,0.9527681040423615
AI,51554903_AI.txt,0.4172876304023845,0.12705530642750373,0.4828614008941878,0.5934508887461819,0.9852641798335281
AI,51588273_AI.txt,0.46582278481012657,0.13486005089058525,0.5240506329113924,0.7450322068978898,0.9665814216225342
AI,51638201_AI.txt,0.44919786096256686,0.03935599284436494,0.5525846702317291,0.7356333476053438,0.9539249015510423
AI,51639418_AI.txt,0.4564796905222437,0.08737864077669903,0.5319148936170213,0.7522049906328802,0.9737415489320342
AI,51681660_AI.txt,0.43375394321766564,0.0680379746835443,0.5205047318611987,0.48141010094012465,0.92910840651723
AI,51724595_AI.txt,0.4644628099173554,0.01990049751243781,0.5537190082644629,0.6630122507874083,0.9710080954788102
AI,51769822_AI.txt,0.484375,0.03137254901960784,0.56640625,0.9529322294813913,0.9903585940174857
AI,51777546_AI.txt,0.4751286449399657,0.04130808950086059,0.5626072041166381,0.9467846470482881,0.988568191250121
AI,52246737_AI.txt,0.4979508196721312,0.04526748971193416,0.5819672131147541,0.5024062658953699,0.975110062839704
AI,52252936_AI.txt,0.4891518737672584,0.09504950495049505,0.5621301775147929,0.9371649115796515,0.9609068126914353
AI,52618188_AI.txt,0.4527272727272727,0.05291970802919708,0.5272727272727272,0.8423780235849676,0.9520477279419816
AI,52684666_AI.txt,0.4157303370786517,0.10902255639097744,0.5093632958801498,0.9814760049461048,0.9715753728262064
AI,52979663_AI.txt,0.42563291139240506,0.06984126984126984,0.495253164556962,0.7392554882073289,0.9635986681428332
AI,53129155_AI.txt,0.5128205128205128,0.017167381974248927,0.5961538461538461,0.6579547139893565,0.9316898497988879
AI,53169257_AI.txt,0.5368217054263565,0.03501945525291829,0.6317829457364341,0.6444741321139253,0.9742303589544364
AI,53227466_AI.txt,0.4115853658536585,0.0856269113149847,0.4969512195121951,1.0085763251273105,0.9651449708521701
AI,53265899_AI.txt,0.45348837209302323,0.05,0.526578073089701,0.8303383473786673,0.9723294360874762
AI,53640713_AI.txt,0.4966292134831461,0.05869074492099323,0.5707865168539326,0.7818211889568578,0.9926105846370382
AI,53701275_AI.txt,0.4510433386837881,0.043478260869565216,0.5232744783306581,0.7991468521967484,0.9948672601232785
AI,54067174_AI.txt,0.541860465116279,0.037383177570093455,0.6255813953488372,0.7223450576897775,0.963599491362983
AI,54100393_AI.txt,0.43884892086330934,0.07951807228915662,0.5419664268585132,0.604182710428189,0.9536766655684905
AI,54101961_AI.txt,0.5705705705705706,0.054380664652567974,0.6456456456456456,0.9351031822772545,0.9698744723813693
AI,54180474_AI.txt,0.45818815331010454,0.06118881118881119,0.5296167247386759,0.8910387704508982,0.9711755216322338
AI,54201930_AI.txt,0.4659090909090909,0.030418250950570342,0.5738636363636364,0.7516516205863982,0.9836332337417243
AI,54227873_AI.txt,0.6054158607350096,0.03495145631067961,0.6808510638297872,0.5983176871130547,0.9641740181069768
AI,54232810_AI.txt,0.4931237721021611,0.04142011834319527,0.5736738703339882,0.665021816717265,0.9581784228452029
AI,54246169_AI.txt,0.4444444444444444,0.048561151079136694,0.503584229390681,0.6881536665893224,0.9384928867402968
AI,54259150_AI.txt,0.4194053208137715,0.08634222919937205,0.5007824726134585,0.8483476926716795,0.9695246654865133
AI,54308684_AI.txt,0.44728915662650603,0.08006042296072508,0.5271084337349398,0.7420980483761317,0.9626799148629521
AI,54421668_AI.txt,0.44745762711864406,0.047619047619047616,0.5288135593220339,0.7091577545692155,0.9624025174151856
AI,54934269_AI.txt,0.473551637279597,0.10632911392405063,0.5944584382871536,1.133925516417421,0.9693134347713726
AI,55097118_AI.txt,0.5034168564920274,0.032036613272311214,0.592255125284738,0.8478523634773029,0.9532913258646383
AI,55104715_AI.txt,0.5024038461538461,0.06280193236714976,0.5745192307692307,0.7859212746572704,0.9740600575801722
AI,55477468_AI.txt,0.5150300601202404,0.02414486921529175,0.6212424849699398,0.5744612796767712,0.9571591136424162
AI,55500538_AI.txt,0.5313807531380753,0.029411764705882353,0.602510460251046,0.669059954538985,0.9759002840366591
AI,55595908_AI.txt,0.4760820045558087,0.036613272311212815,0.5558086560364465,1.1868466920487593,0.9461222073503553
AI,55712978_AI.txt,0.45953360768175583,0.061898211829436035,0.5294924554183813,1.772509069962605,0.9749064630564422
AI,55746506_AI.txt,0.4224137931034483,0.06055363321799308,0.5258620689655172,0.6740857924567779,0.9679134076488682
AI,55953734_AI.txt,0.42746913580246915,0.062111801242236024,0.5061919504643962,0.5950073225266392,0.9535368639242423
AI,56025640_AI.txt,0.4533551554828151,0.11001642036124795,0.513911620294599,0.7323496581654192,0.9451711353445048
AI,56068028_AI.txt,0.4282380396732789,0.03742690058479532,0.514585764294049,0.8036778246908238,0.9614097152736306
AI,56151548_AI.txt,0.49696969696969695,0.032454361054766734,0.5717171717171717,0.8140162137272899,0.9751645134927698
AI,56286525_AI.txt,0.5323590814196242,0.08176100628930817,0.605427974947808,1.1818170171052538,0.9242159495485502
AI,56520872_AI.txt,0.37110016420361247,0.19934102141680396,0.458128078817734,0.6879726619012698,0.9722148087249258
AI,56525735_AI.txt,0.44612476370510395,0.07210626185958255,0.5217391304347826,0.6801681986721559,0.989622868094874
AI,56691064_AI.txt,0.47412587412587415,0.03932584269662921,0.5504201680672269,0.9046712111510297,0.9654930300923874
AI,56792999_AI.txt,0.4671280276816609,0.017361111111111112,0.5432525951557093,0.5219852054043842,0.9208383683992213
AI,56952849_AI.txt,0.41621621621621624,0.09041591320072333,0.5099099099099099,0.6466565694190595,0.9752513555044092
AI,57002858_AI.txt,0.3709150326797386,0.09836065573770492,0.44281045751633985,0.9826707141977382,0.9669749039644434
AI,57088974_AI.txt,0.3848439821693908,0.09687034277198212,0.4576523031203566,0.9162837047323071,0.9715730499193889
AI,57262959_AI.txt,0.5161987041036717,0.05639913232104121,0.572354211663067,0.7822463622314801,0.964412601426662
AI,57364820_AI.txt,0.5025466893039049,0.06473594548551959,0.5806451612903226,0.9751873066700503,0.9420934940415643
AI,57575888_AI.txt,0.40981432360742703,0.07712765957446809,0.4907161803713528,1.0809446345195586,0.9505238273991065
AI,57601040_AI.txt,0.4764079147640791,0.03969465648854962,0.5418569254185692,0.8671012158623411,0.9171180035940867
AI,57667857_AI.txt,0.47096774193548385,0.056155507559395246,0.556989247311828,0.5583394810208188,0.9854874938245102
AI,57706851_AI.txt,0.5037453183520599,0.015037593984962405,0.599250936329588,0.7138950032775507,0.9477301041361181
AI,58048626_AI.txt,0.4903536977491961,0.016129032258064516,0.5594855305466238,1.06581970093851,0.9693112770261826
AI,58105060_AI.txt,0.42738589211618255,0.11041666666666666,0.5186721991701245,0.6734579289554644,0.9876421414959092
AI,58165257_AI.txt,0.4395924308588064,0.05555555555555555,0.5349854227405247,0.6599691339121037,0.9766213336437694
AI,58208591_AI.txt,0.46677471636953,0.06991869918699187,0.5429497568881686,0.7288008760793352,0.9612038036152584
AI,58428843_AI.txt,0.4882882882882883,0.0108499095840868,0.5747747747747748,0.5506406440907012,0.9607435389383652
AI,58665241_AI.txt,0.44366197183098594,0.1413427561837456,0.5052816901408451,0.8418982054121127,0.9806580567366846
AI,58708773_AI.txt,0.49698795180722893,0.08787878787878788,0.5783132530120482,1.04512338595587,0.9630771525989591
AI,58879993_AI.txt,0.49667774086378735,0.07166666666666667,0.5681063122923588,1.2855175748975471,0.9531737947672958
AI,58915642_AI.txt,0.49440715883668906,0.02696629213483146,0.5928411633109619,0.7647906736721313,0.9763067344710817
AI,59011090_AI.txt,0.5685785536159601,0.045112781954887216,0.6334164588528678,1.1945604465605288,0.9714105771548358
AI,59346975_AI.txt,0.4270967741935484,0.0685640362225097,0.5045161290322581,0.6764479088385414,0.963493216199873
AI,59403481_AI.txt,0.46245733788395904,0.05136986301369863,0.5341296928327645,0.7637968815603674,0.9779608679777706
AI,59422148_AI.txt,0.4588910133843212,0.023032629558541268,0.5315487571701721,0.6770238871485739,0.9591189322924873
AI,59450123_AI.txt,0.3706896551724138,0.11815561959654179,0.45689655172413796,0.5245598853976744,0.9731714610337426
AI,59487170_AI.txt,0.4667931688804554,0.06476190476190476,0.5483870967741935,0.5881029850392054,0.945718841735697
AI,59696315_AI.txt,0.48676171079429736,0.032719836400818,0.5641547861507128,0.8660298164864729,0.9803422202525877
AI,59777056_AI.txt,0.5246478873239436,0.04240282685512368,0.6073943661971831,0.8604101523087863,0.9309729098381527
AI,59818742_AI.txt,0.5467625899280576,0.033734939759036145,0.6163069544364509,0.7633221070034877,0.9883789104641214
AI,59938965_AI.txt,0.515527950310559,0.04375,0.5993788819875776,0.4823749981526911,0.9533742681311544
AI,59962788_AI.txt,0.5373737373737374,0.02231237322515213,0.6161616161616161,0.8258393036839419,0.9668767312833567
AI,60004873_AI.txt,0.4691689008042895,0.15902964959568733,0.5201072386058981,0.47553198137014857,0.9759384300324719
AI,60182829_AI.txt,0.4628252788104089,0.06716417910447761,0.550185873605948,0.791796654174241,0.9948217872504893
AI,60489316_AI.txt,0.475,0.06093189964157706,0.5517857142857143,0.6082163379116217,0.9346043358805753
AI,60624892_AI.txt,0.4743083003952569,0.027777777777777776,0.5454545454545454,0.5961373266521465,0.965791302428974
AI,61065616_AI.txt,0.4803921568627451,0.10039370078740158,0.5549019607843138,0.9262475491061661,0.9738267695054393
AI,61315605_AI.txt,0.4450084602368866,0.03225806451612903,0.5549915397631133,0.6794838644282762,0.9846793562309222
AI,61319162_AI.txt,0.45491803278688525,0.1419753086419753,0.5225409836065574,0.5496333251499916,0.9749700371681835
AI,61322296_AI.txt,0.42467948717948717,0.06270096463022508,0.5096153846153846,0.3703268419745748,0.9482727431193689
AI,61579998_AI.txt,0.46598639455782315,0.04948805460750853,0.5391156462585034,0.8463554598634916,0.9871967846691805
AI,61634281_AI.txt,0.5141776937618148,0.03415559772296015,0.5954631379962193,0.7232648566851309,0.9830418343390868
AI,61677751_AI.txt,0.46654275092936803,0.05223880597014925,0.5539033457249071,0.6835604851170508,0.959326710318712
AI,62071407_AI.txt,0.41935483870967744,0.1,0.4736070381231672,0.7524059948366061,0.9793633444318046
AI,62184086_AI.txt,0.5358361774744027,0.08247422680412371,0.6416382252559727,0.7019705123935797,0.9621912254340983
AI,62312955_AI.txt,0.5546218487394958,0.059154929577464786,0.6302521008403361,0.9528078902446057,0.966638973510827
AI,62555739_AI.txt,0.4954128440366973,0.040515653775322284,0.581651376146789,0.9190029709079215,0.932178722184601
AI,62700506_AI.txt,0.38524590163934425,0.0528169014084507,0.4707259953161593,0.5228862472893782,0.9654634325223955
AI,62809577_AI.txt,0.46172248803827753,0.12980769230769232,0.5502392344497608,0.7489747627837958,0.993731737413744
AI,62850928_AI.txt,0.4192982456140351,0.04929577464788732,0.5035087719298246,0.6292241529005341,0.9900899243413156
AI,62870550_AI.txt,0.4817880794701987,0.023255813953488372,0.5629139072847682,0.508973430838801,0.9646679887338404
AI,62994611_AI.txt,0.49355432780847147,0.059149722735674676,0.565377532228361,0.8187009070011507,0.96367539795656
AI,63083944_AI.txt,0.4533106960950764,0.05110732538330494,0.5517826825127334,0.8519165292757183,0.9736381490085046
AI,63137898_AI.txt,0.42920353982300885,0.08,0.504424778761062,0.4948868282999761,0.9523450968468782
AI,63145386_AI.txt,0.5025553662691652,0.02564102564102564,0.5741056218057922,0.6393351520033229,0.9611641047726496
AI,63158213_AI.txt,0.5148514851485149,0.041390728476821195,0.5742574257425742,1.763528413465056,0.9750629926319653
AI,63282405_AI.txt,0.5125284738041003,0.09153318077803203,0.6013667425968109,0.7991422235154059,0.9612088087836435
AI,63391085_AI.txt,0.47877758913412566,0.06473594548551959,0.5636672325976231,0.7118393055994237,0.9652684699973426
AI,63670997_AI.txt,0.4251824817518248,0.04212454212454213,0.49452554744525545,0.7818936205061642,0.9713200054729753
AI,63989974_AI.txt,0.41697416974169743,0.07962962962962963,0.5055350553505535,0.7982539365300512,0.9887658567155637
AI,64017585_AI.txt,0.5425,0.04020100502512563,0.6375,0.6777240558172134,0.9651377937886154
AI,64468610_AI.txt,0.45729537366548045,0.08035714285714286,0.5498220640569395,0.8488834541435262,0.9812075197623775
AI,64471954_AI.txt,0.564179104477612,0.036036036036036036,0.6626865671641791,0.9039053267721403,0.9669458438968592
AI,64589506_AI.txt,0.5007849293563579,0.07559055118110236,0.5714285714285714,0.9289538618844912,0.9888604697636336
AI,64755882_AI.txt,0.49830508474576274,0.0782312925170068,0.5644067796610169,0.8370011402278366,0.988262052079041
AI,65062795_AI.txt,0.46677740863787376,0.03166666666666667,0.5448504983388704,0.5895132655352466,0.9751802043564775
AI,65219288_AI.txt,0.4568627450980392,0.03937007874015748,0.5313725490196078,0.6513778041885707,0.968346548750987
AI,65237556_AI.txt,0.49079754601226994,0.06,0.5552147239263804,1.404469268795862,0.9635880561293146
AI,65325317_AI.txt,0.5195530726256983,0.03177570093457944,0.5865921787709497,0.8063685637066006,0.949646829971057
AI,65352424_AI.txt,0.4745762711864407,0.08085106382978724,0.5550847457627118,0.6034047367820776,0.9856472609987333
AI,65373280_AI.txt,0.4262734584450402,0.05779569892473118,0.514745308310992,0.7291637982309089,0.984254102144789
AI,65456466_AI.txt,0.4709976798143852,0.07226107226107226,0.5614849187935035,0.5552959906216582,0.9308842156457661
AI,65708020_AI.txt,0.40353460972017674,0.07090103397341212,0.48306332842415317,0.625659348329123,0.945795665171516
AI,65864767_AI.txt,0.48758465011286684,0.024943310657596373,0.5869074492099323,1.1084827255784349,0.957324843445234
AI,66226673_AI.txt,0.49122807017543857,0.05289672544080604,0.568922305764411,0.4707511531578505,0.9581816771212294
AI,66683238_AI.txt,0.5219047619047619,0.0248565965583174,0.6247619047619047,0.6257437516961475,0.9426521081010637
AI,66741193_AI.txt,0.3858267716535433,0.048478015783540024,0.4645669291338583,0.43637027280094526,0.9742952265262528
AI,66832845_AI.txt,0.48775055679287305,0.058165548098434,0.5657015590200446,0.8147635241975016,0.9758637601692342
AI,66906212_AI.txt,0.4574829931972789,0.07337883959044368,0.5408163265306123,0.7286710929595581,0.9782291439951848
AI,67032711_AI.txt,0.45826235093696766,0.06837606837606838,0.555366269165247,0.5556422335764806,0.9578717096580021
AI,67406885_AI.txt,0.4745762711864407,0.03709428129829984,0.5362095531587057,0.8657699478388975,0.9399868262118668
AI,67501448_AI.txt,0.5233463035019456,0.029296875,0.6050583657587548,1.086032355775373,0.9707672137890397
AI,67582956_AI.txt,0.4566787003610108,0.1410488245931284,0.5315315315315315,0.6905005091346982,0.975295092712826
AI,67631413_AI.txt,0.43127147766323026,0.07931034482758621,0.5292096219931272,0.6660478818397614,0.9640042849597494
AI,67645662_AI.txt,0.491362763915547,0.05009633911368015,0.5796545105566219,0.592028888870821,0.9235699533608339
AI,68216398_AI.txt,0.5,0.0423728813559322,0.5738396624472574,0.5801681150215137,0.9672494345496716
AI,68240723_AI.txt,0.472636815920398,0.059900166389351084,0.5572139303482587,1.4243968392827986,0.968831658511253
AI,68338341_AI.txt,0.44741235392320533,0.06365159128978225,0.5425709515859767,0.843136436612254,0.9809399636190703
AI,68460556_AI.txt,0.5169230769230769,0.08359133126934984,0.5969230769230769,0.5885575587824864,0.938809661892359
AI,68781345_AI.txt,0.42162162162162165,0.07233273056057866,0.5081081081081081,0.8726265826964614,0.9625746824268505
AI,69005326_AI.txt,0.4784394250513347,0.030927835051546393,0.5605749486652978,1.028182661027505,0.9673042021025268
AI,69097572_AI.txt,0.4662668665667166,0.03003003003003003,0.5748502994011976,0.7736484545788133,0.9601900807919712
AI,69155584_AI.txt,0.5578406169665809,0.025839793281653745,0.6683804627249358,0.5184240773868964,0.9552319534698206
AI,69181350_AI.txt,0.42715700141442714,0.019858156028368795,0.5134370579915134,0.4596534277162494,0.9452623880949261
AI,69199666_AI.txt,0.5036363636363637,0.03467153284671533,0.5854545454545454,0.7064814716528645,0.9826745761830421
AI,69243180_AI.txt,0.42207792207792205,0.10603588907014681,0.5073170731707317,1.032039530206851,0.9664893969945303
AI,69336473_AI.txt,0.3812233285917496,0.07417974322396577,0.4566145092460882,0.7505194450024866,0.9548504280521102
AI,69360287_AI.txt,0.4785046728971963,0.07129455909943715,0.5457943925233645,0.8310302535605006,0.9734170770091397
AI,69458502_AI.txt,0.49333333333333335,0.03511705685618729,0.5683333333333334,0.6756151043536321,0.9531952281480816
AI,69487178_AI.txt,0.48184818481848185,0.056291390728476824,0.5528052805280528,0.7542269265492944,0.9761364988415876
AI,69532425_AI.txt,0.5438066465256798,0.06990881458966565,0.6314199395770392,0.6059682411597737,0.9628108967328181
AI,69666645_AI.txt,0.547911547911548,0.04938271604938271,0.6265356265356266,1.0243883356168573,0.9744401771013583
AI,69764348_AI.txt,0.428380187416332,0.11946308724832215,0.4979919678714859,0.8509649530457534,0.9449760400098021
AI,69859102_AI.txt,0.527336860670194,0.033628318584070796,0.5961199294532628,1.0734993524681224,0.9568714502149501
AI,70089206_AI.txt,0.40207522697795073,0.04811443433029909,0.47341115434500647,1.2615996454490164,0.9720279784158491
AI,70196518_AI.txt,0.5079365079365079,0.0425531914893617,0.5925925925925926,0.6086756787895561,0.9623251432818472
AI,70198580_AI.txt,0.5076045627376425,0.07251908396946564,0.5931558935361216,0.8152785310035267,0.9437844076910283
AI,70528646_AI.txt,0.47959183673469385,0.07508532423208192,0.5561224489795918,0.7308046093124966,0.9412242225838906
AI,70541112_AI.txt,0.37379162191192267,0.05597416576964478,0.45435016111707843,0.5286181412770488,0.9854353116205002
AI,70603826_AI.txt,0.48241912798874825,0.036671368124118475,0.5625879043600562,1.6060534385330436,0.9669002709275588
AI,70667011_AI.txt,0.4293785310734463,0.06373937677053824,0.5127118644067796,0.6945561689947513,0.9792517126829036
AI,70750649_AI.txt,0.4007537688442211,0.08060453400503778,0.46608040201005024,0.8574835329342564,0.983002122798559
AI,70892619_AI.txt,0.5243553008595988,0.11239193083573487,0.6103151862464183,0.6609935429131478,0.947067264718271
AI,71422121_AI.txt,0.3819530284301607,0.12763320941759604,0.44870210135970334,0.6871240519058853,0.9703627430030851
AI,71499299_AI.txt,0.4969574036511156,0.04480651731160896,0.5760649087221096,0.6703385965320446,0.9679874981070623
AI,71576860_AI.txt,0.46120689655172414,0.03463203463203463,0.5517241379310345,0.7568138343583405,0.9386244463421479
AI,71767359_AI.txt,0.4620811287477954,0.07964601769911504,0.5520282186948854,0.3959507638635004,0.9794054890235618
AI,71772815_AI.txt,0.4580335731414868,0.060240963855421686,0.5347721822541966,0.8327300802263023,0.9510085659812938
AI,71888547_AI.txt,0.49809160305343514,0.05747126436781609,0.5858778625954199,0.5788811738203362,0.9675073234648911
AI,72136463_AI.txt,0.4504950495049505,0.08609271523178808,0.5066006600660066,0.7467991290907836,0.9841165445698753
AI,72231872_AI.txt,0.4355108877721943,0.06050420168067227,0.509212730318258,0.7344420163847853,0.954588826130632
AI,72652441_AI.txt,0.48520710059171596,0.04950495049504951,0.5680473372781065,0.5455623276465184,0.9561652244093425
AI,72807293_AI.txt,0.4370629370629371,0.06842105263157895,0.5209790209790209,0.688369332263932,0.9430213716168139
AI,72876163_AI.txt,0.40476190476190477,0.03580901856763926,0.4748677248677249,1.071901733531568,0.9886072534775232
AI,73030450_AI.txt,0.5371549893842887,0.09850107066381156,0.5970149253731343,0.9882580853282974,0.9678771214100133
AI,73075521_AI.txt,0.49407114624505927,0.047619047619047616,0.5533596837944664,0.7232798014389709,0.9734963225335124
AI,73077810_AI.txt,0.44947735191637633,0.05244755244755245,0.5174216027874564,0.621252397838439,0.9601435440839545
AI,73157997_AI.txt,0.43738977072310403,0.06548672566371681,0.5167548500881834,0.5414619104705578,0.9808236729508323
AI,73282756_AI.txt,0.38904899135446686,0.05101058710298364,0.47262247838616717,0.5051872004657014,0.9762403705215694
AI,73448369_AI.txt,0.41086587436332767,0.4395229982964225,0.47198641765704585,0.7663001352764599,0.9422537636582103
AI,73497035_AI.txt,0.4603421461897356,0.06708268330733229,0.536547433903577,0.5602588544704478,0.986079823643701
AI,74126637_AI.txt,0.5027422303473492,0.05504587155963303,0.5886654478976234,0.5126506201969637,0.9117873386280232
AI,74191424_AI.txt,0.4991394148020654,0.039723661485319514,0.6041308089500861,0.45096062986455654,0.9624492402097224
AI,74236636_AI.txt,0.4813753581661891,0.14942528735632185,0.5429799426934098,0.6617983715209231,0.9767865951411423
AI,74512244_AI.txt,0.476038338658147,0.05448717948717949,0.5543130990415336,0.7634276158297356,0.9708809022254233
AI,74522938_AI.txt,0.47843137254901963,0.07677165354330709,0.5568627450980392,0.950097093915489,0.9642827849187489
AI,74552449_AI.txt,0.41959798994974873,0.45454545454545453,0.46984924623115576,0.6062210381622554,0.9672376224104257
AI,74816727_AI.txt,0.5259593679458239,0.04081632653061224,0.6117381489841986,0.8541726974727659,0.9581394334091853
AI,74849878_AI.txt,0.5865724381625441,0.03558718861209965,0.6643109540636042,0.730693762332931,0.9547735030462632
AI,75057933_AI.txt,0.4224,0.1797752808988764,0.4816,0.7991332595078326,0.9756206412744454
AI,75156649_AI.txt,0.5127478753541076,0.06267806267806268,0.5977337110481586,0.62155582644423,0.9520399336428541
AI,75286906_AI.txt,0.4463452566096423,0.054602184087363496,0.5381026438569206,0.8214793438310186,0.9770341327570095
AI,75297735_AI.txt,0.45893719806763283,0.05977382875605816,0.5201288244766505,0.9109968247776723,0.9880860249474532
AI,75329822_AI.txt,0.41952983725135623,0.08892921960072596,0.5063291139240507,0.6271505171619489,0.9771463994387213
AI,75435017_AI.txt,0.461839530332681,0.12401574803149606,0.5372549019607843,0.4474851768135979,0.978324307498005
AI,75744306_AI.txt,0.4483870967741935,0.0744336569579288,0.5290322580645161,0.9491207266596822,0.9537052661823691
AI,75950464_AI.txt,0.501010101010101,0.09533468559837728,0.5676767676767677,0.9505161926804293,0.9571606475289186
AI,76010167_AI.txt,0.579185520361991,0.01818181818181818,0.6666666666666666,0.6896924500642846,0.9620112886403093
AI,76196367_AI.txt,0.46520874751491054,0.013972055888223553,0.558648111332008,0.5313641883563148,0.9537269495890563
AI,76454959_AI.txt,0.37388724035608306,0.17708333333333334,0.44807121661721067,0.7247782673195352,0.9896723044301693
AI,76530505_AI.txt,0.4064272211720227,0.09867172675521822,0.4877126654064272,0.7375595542858476,0.981027442998252
AI,76916835_AI.txt,0.4053333333333333,0.09115281501340483,0.48533333333333334,0.7250763218548927,0.9677221272072949
AI,77156708_AI.txt,0.5072164948453608,0.037267080745341616,0.6041237113402061,0.6689659445231413,0.9708439075716019
AI,77266989_AI.txt,0.47619047619047616,0.03187250996015936,0.5595238095238095,0.697948077778266,0.978319856843605
AI,77439230_AI.txt,0.4700460829493088,0.04930662557781202,0.5483870967741935,0.821152978008866,0.9882164901199089
AI,77576845_AI.txt,0.46808510638297873,0.090311986863711,0.5433715220949263,0.9572802502561326,0.9347103746231935
AI,77626587_AI.txt,0.5426621160409556,0.01718213058419244,0.6279863481228669,0.640361980162617,0.924788506521912
AI,77638654_AI.txt,0.4911242603550296,0.047524752475247525,0.5818540433925049,0.8138511624746917,0.991054590505653
AI,77828437_AI.txt,0.4992,0.048154093097913325,0.5744,0.6326284217453402,0.952617237641172
AI,78016758_AI.txt,0.4590443686006826,0.04639175257731959,0.5513698630136986,0.4626327288742659,0.9296653249003053
AI,78107631_AI.txt,0.44933920704845814,0.06858407079646017,0.5308370044052864,0.8344318432107876,0.9822942878448749
AI,78114950_AI.txt,0.45494186046511625,0.10349854227405247,0.5290697674418605,0.7661215188105868,0.9867590067100692
AI,78149576_AI.txt,0.5049019607843137,0.0594059405940594,0.6127450980392157,0.8411327631590125,0.950014983327491
AI,78229715_AI.txt,0.42829457364341084,0.09533073929961089,0.5038759689922481,0.7918390680269993,0.9672213699242125
AI,78257294_AI.txt,0.4975369458128079,0.032948929159802305,0.5714285714285714,0.763436839501475,0.9858082035560221
AI,78273826_AI.txt,0.28615384615384615,0.1551901336073998,0.3682051282051282,0.4999590471115178,0.9853071216030318
AI,78298706_AI.txt,0.4482758620689655,0.06493506493506493,0.5431034482758621,0.6095905421276124,0.9649737756563908
AI,78357954_AI.txt,0.45018450184501846,0.08518518518518518,0.5202952029520295,0.4330525181348283,0.9632366577666172
AI,78403342_AI.txt,0.4502923976608187,0.05571847507331378,0.533625730994152,0.7438669328863182,0.9664527919926382
AI,78538268_AI.txt,0.5243362831858407,0.044444444444444446,0.5973451327433629,0.8304375116684609,0.9684243142616583
AI,79041971_AI.txt,0.575107296137339,0.05194805194805195,0.6609442060085837,0.4956260886183832,0.9646869703615417
AI,79261033_AI.txt,0.4048964218455744,0.07372400756143667,0.5103578154425612,0.6564883485670558,0.9840737986254574
AI,79376680_AI.txt,0.5717488789237668,0.024774774774774775,0.6614349775784754,0.6094122844548325,0.973170111013975
AI,79432080_AI.txt,0.42717391304347824,0.05984766050054407,0.512486427795874,0.6924427735863883,0.9601360159347195
AI,79536879_AI.txt,0.477112676056338,0.09187279151943463,0.5440140845070423,0.8690413139099882,0.9774597594641925
AI,79541391_AI.txt,0.45210084033613446,0.050590219224283306,0.5361344537815126,0.6697083874631103,0.9580355766137172
AI,79570655_AI.txt,0.5073529411764706,0.08148148148148149,0.5808823529411765,1.183722669555601,0.9435779214661911
AI,79663360_AI.txt,0.4807692307692308,0.03536977491961415,0.5721153846153846,0.49670605343768187,0.9363644827897795
AI,79759716_AI.txt,0.41025641025641024,0.034926470588235295,0.48717948717948717,0.6688546169748325,0.9639626366278486
AI,80000092_AI.txt,0.5677966101694916,0.06837606837606838,0.652542372881356,0.5102316447388902,0.964121371933301
AI,80053367_AI.txt,0.5378151260504201,0.05063291139240506,0.6113445378151261,0.7416427604864138,0.9644598873944817
AI,80162314_AI.txt,0.4876660341555977,0.03428571428571429,0.5673624288425048,0.5221727299099329,0.9736670047481834
AI,80275976_AI.txt,0.43826086956521737,0.15881326352530542,0.5078260869565218,0.4256491953102019,0.9546541746613125
AI,80503242_AI.txt,0.44,0.05518394648829431,0.5216666666666666,0.7455751826215626,0.9884156917044925
AI,80527194_AI.txt,0.47540983606557374,0.056363636363636366,0.5597826086956522,0.6962287515968905,0.9389758000863309
AI,80679862_AI.txt,0.5059523809523809,0.0697211155378486,0.5833333333333334,0.9877724659274748,0.9659570017487056
AI,80876647_AI.txt,0.5227272727272727,0.0228310502283105,0.6090909090909091,0.9004301254258493,0.9722690812842466
AI,81011612_AI.txt,0.5134328358208955,0.03003003003003003,0.573134328358209,1.092832518636439,0.9364030225621554
AI,81042872_AI.txt,0.5214592274678111,0.0625,0.5965665236051502,0.5448831414764953,0.942806420355972
AI,81125166_AI.txt,0.4065155807365439,0.08806818181818182,0.48158640226628896,0.5811984686243699,0.9451857183287288
AI,81217013_AI.txt,0.3926218708827404,0.05812417437252312,0.47167325428194995,0.49574431958315557,0.9754747562306668
AI,81310245_AI.txt,0.47758620689655173,0.0657439446366782,0.5637931034482758,0.7066421956179973,0.9570242757672768
AI,81373857_AI.txt,0.5679347826086957,0.02185792349726776,0.657608695652174,0.8538054240960999,0.9459357602443287
AI,81508860_AI.txt,0.4423076923076923,0.03697749196141479,0.5224358974358975,0.4074980417565504,0.9838850413628197
AI,81588968_AI.txt,0.45950413223140496,0.05638474295190713,0.5322314049586777,0.6865041236149149,0.9744863193105128
AI,81677620_AI.txt,0.4943820224719101,0.04331450094161959,0.5722326454033771,0.8244373573140494,0.9782902182154855
AI,81761658_AI.txt,0.371007371007371,0.0665024630541872,0.4606879606879607,0.7155706501000432,0.97322255028738
AI,82118447_AI.txt,0.4400749063670412,0.14285714285714285,0.5056179775280899,1.018035840004776,0.9762178935172972
AI,82125182_AI.txt,0.5093945720250522,0.04612159329140461,0.5824634655532359,0.7991115679707954,0.9933896534284694
AI,82140102_AI.txt,0.4093567251461988,0.1643835616438356,0.5126705653021443,0.5900295723159815,0.9662189789196208
AI,82246962_AI.txt,0.4859504132231405,0.03316749585406302,0.5603305785123966,0.4839647280002742,0.9739689241756152
AI,82649935_AI.txt,0.5403587443946188,0.013513513513513514,0.6143497757847534,0.3271556530726052,0.9681969185403946
AI,82738323_AI.txt,0.46236559139784944,0.08648648648648649,0.5510752688172043,1.03579505512296,0.9799373011463958
AI,82929064_AI.txt,0.526984126984127,0.054313099041533544,0.6253968253968254,0.573409265656776,0.9628471309190086
AI,83206166_AI.txt,0.5178197064989518,0.029473684210526315,0.5932914046121593,0.8302387303880585,0.969552263243682
AI,83338413_AI.txt,0.4722662440570523,0.058823529411764705,0.5356576862123613,0.8843613549420495,0.9588458790014812
AI,83566455_AI.txt,0.3988439306358382,0.1,0.4869942196531792,0.9156980522128716,0.9698288468565354
AI,83816738_AI.txt,0.4280973451327434,0.07095343680709534,0.4856194690265487,1.0009729942840513,0.9290468899271509
AI,84295343_AI.txt,0.5151515151515151,0.13559322033898305,0.6094276094276094,0.9662026687936445,0.9234843725006142
AI,84356308_AI.txt,0.43926788685524126,0.10684474123539232,0.49916805324459235,0.8738860158016017,0.9757479739512781
AI,84373843_AI.txt,0.49471458773784355,0.05307855626326964,0.6067653276955602,0.6299292147292264,0.9510677171468653
AI,84512719_AI.txt,0.5461956521739131,0.01912568306010929,0.6331521739130435,0.832634370347132,0.9535284033445709
AI,85101052_AI.txt,0.4581497797356828,0.12831858407079647,0.5352422907488987,0.9506003397152158,0.9806830488179011
AI,85417107_AI.txt,0.41680395387149916,0.08925619834710743,0.48599670510708404,0.7047654145439183,0.9571957930940984
AI,85421438_AI.txt,0.4417808219178082,0.05326460481099656,0.5273972602739726,0.4273633886924477,0.9584707989979786
AI,85766635_AI.txt,0.4805194805194805,0.06188925081433225,0.5584415584415584,1.1209384585087732,0.9755006753938876
AI,85918100_AI.txt,0.4496268656716418,0.06179775280898876,0.5410447761194029,0.9494733502342325,0.9880431671321797
AI,85973397_AI.txt,0.4359925788497217,0.08007448789571694,0.5157699443413729,0.786381662284981,0.9876889142510955
AI,86184722_AI.txt,0.44646098003629764,0.03825136612021858,0.5408348457350273,0.4104922501072267,0.9540955615766759
AI,86209934_AI.txt,0.513677811550152,0.057926829268292686,0.5835866261398176,0.9270193521143303,0.9753929478403048
AI,86322251_AI.txt,0.45045045045045046,0.08318264014466546,0.527927927927928,0.6517783265629113,0.9773461169228325
AI,86549455_AI.txt,0.5159420289855072,0.09912536443148688,0.5768115942028985,0.6898033106874835,0.9758697596798832
AI,86551046_AI.txt,0.4295942720763723,0.09592326139088729,0.548926014319809,1.0831129574266585,0.9747495852628333
AI,86595128_AI.txt,0.4444444444444444,0.05067567567567568,0.5252525252525253,0.6947056498406118,0.9734431403326907
AI,86597425_AI.txt,0.4957410562180579,0.07008547008547009,0.575809199318569,0.9627392844030148,0.9736969200649832
AI,86828820_AI.txt,0.42934782608695654,0.056363636363636366,0.4963768115942029,0.7043554542311161,0.9830083847968971
AI,87118391_AI.txt,0.47713717693836977,0.031936127744510975,0.5725646123260437,0.5618302339111355,0.9349627322501938
AI,87520378_AI.txt,0.5207296849087893,0.06821963394342762,0.5903814262023217,1.5275962778588605,0.9726285856635606
AI,87635012_AI.txt,0.40700808625336926,0.043243243243243246,0.49056603773584906,0.565325145673901,0.9927258451245704
AI,87826037_AI.txt,0.5077452667814114,0.04835924006908463,0.5920826161790017,0.5193179661841786,0.9551661877701197
AI,87867370_AI.txt,0.39196675900277006,0.09166666666666666,0.4709141274238227,0.8673497182339903,0.9746932383591388
AI,87968870_AI.txt,0.432520325203252,0.06851549755301795,0.5024390243902439,0.5738207357252598,0.9569026989743517
AI,88038965_AI.txt,0.31746031746031744,0.16353111432706222,0.38816738816738816,0.6312370071989613,0.9864790202419257
AI,88651471_AI.txt,0.4722689075630252,0.06913996627318718,0.5546218487394958,1.4745868236001771,0.9809890570139516
AI,88691367_AI.txt,0.42908438061041293,0.04144144144144144,0.5170556552962298,0.655237553894391,0.9675369380338098
AI,88859947_AI.txt,0.5161290322580645,0.0539568345323741,0.5985663082437276,0.8860047136355538,0.9499612226093365
AI,88907739_AI.txt,0.48117839607201307,0.024630541871921183,0.5450081833060556,0.6420647866913163,0.9555077399824121
AI,89049979_AI.txt,0.4958217270194986,0.07402234636871509,0.5766016713091922,1.31479721534787,0.9769620647752897
AI,89197180_AI.txt,0.4098798397863818,0.10040160642570281,0.472630173564753,0.7705712753481223,0.9602511837721104
AI,89413122_AI.txt,0.45596868884540115,0.07072691552062868,0.538160469667319,0.5768571060914386,0.9850480101029758
AI,89508407_AI.txt,0.4891566265060241,0.03389830508474576,0.6144578313253012,0.5369376464582895,0.9581788347279364
AI,89512321_AI.txt,0.48498845265588914,0.030162412993039442,0.5866050808314087,0.9524095606137779,0.9611432136582103
AI,89740812_AI.txt,0.4922813036020583,0.06368330464716007,0.5660377358490566,1.165656291902977,0.9706415004970902
AI,89858892_AI.txt,0.4912,0.02247191011235955,0.5648,0.8064680526840478,0.9541634108457325
AI,90032884_AI.txt,0.5271966527196653,0.06302521008403361,0.5920502092050209,1.1266304938674674,0.978521340665913
AI,90066849_AI.txt,0.3715953307392996,0.11328125,0.4591439688715953,1.476685224436959,0.9320388349514562
AI,90280583_AI.txt,0.4860335195530726,0.03551401869158879,0.5512104283054003,0.9125954773937095,0.9738950263710215
AI,90318913_AI.txt,0.42283298097251587,0.10191082802547771,0.5031712473572939,0.6766634240762635,0.9726953892075654
AI,90363254_AI.txt,0.43912175648702595,0.04208416833667335,0.5269461077844312,0.48946232095700104,0.9794792111460363
AI,90365216_AI.txt,0.5762331838565022,0.009009009009009009,0.647982062780269,1.2389657324004766,0.9520701134056262
AI,90468982_AI.txt,0.47735849056603774,0.056818181818181816,0.5735849056603773,0.5700198849147389,0.9591853787416773
AI,90629382_AI.txt,0.4826388888888889,0.029616724738675958,0.5590277777777778,0.7229688648568963,0.9439135611782196
AI,90682785_AI.txt,0.5590551181102362,0.05952380952380952,0.65748031496063,0.7077859859604482,0.9563036981851668
AI,90685127_AI.txt,0.42436974789915966,0.04852320675105485,0.5210084033613446,0.44481152657971385,0.9619979696809458
AI,90867631_AI.txt,0.4567669172932331,0.04150943396226415,0.5300751879699248,0.5166605270999414,0.9661083231031846
AI,91026230_AI.txt,0.44991212653778556,0.07760141093474426,0.523725834797891,1.079016984226253,0.9731575163293444
AI,91051945_AI.txt,0.4583333333333333,0.06856187290969899,0.5416666666666666,0.46260487240609155,0.9772060347750999
AI,91072502_AI.txt,0.37416107382550334,0.11784511784511785,0.44966442953020136,0.5800921870947138,0.9894740251835574
AI,91116867_AI.txt,0.5934426229508196,0.026402640264026403,0.6885245901639344,0.7702806605855298,0.9692392244173764
AI,91121135_AI.txt,0.4708333333333333,0.09832635983263599,0.5333333333333333,0.7425743509350877,0.9917658564421061
AI,91153752_AI.txt,0.5231958762886598,0.10880829015544041,0.6314432989690721,0.7418273429608745,0.9750767421510027
AI,91189201_AI.txt,0.4759825327510917,0.11842105263157894,0.5611353711790393,0.7513674872824809,0.9536194307935042
AI,91197243_AI.txt,0.4626865671641791,0.04326123128119801,0.5456053067993366,0.8221080881450878,0.9471622033114901
AI,91268638_AI.txt,0.4744094488188976,0.06126482213438735,0.5708661417322834,0.5280170815165998,0.9722949562500184
AI,91318828_AI.txt,0.526,0.05421686746987952,0.604,1.0339891384640065,0.9745449851634044
AI,91431878_AI.txt,0.4379432624113475,0.16725978647686832,0.5,0.6145571840778681,0.9684606080638034
AI,91467795_AI.txt,0.48007246376811596,0.03272727272727273,0.5760869565217391,0.6703812445858608,0.9667171566651637
AI,91478356_AI.txt,0.5216346153846154,0.04106280193236715,0.6081730769230769,0.7916573978784422,0.954220303538906
AI,91515108_AI.txt,0.4794520547945205,0.08762886597938144,0.5582191780821918,0.8378967546526318,0.9470971332385002
AI,91533580_AI.txt,0.34201954397394135,0.07679738562091504,0.42671009771986973,1.4601992240142865,0.9607527088030879
AI,91539554_AI.txt,0.46075085324232085,0.16095890410958905,0.515358361774744,0.9230922239685635,0.986913985329386
AI,91564103_AI.txt,0.43856332703213613,0.04743833017077799,0.5330812854442344,0.5814885327164627,0.9417716551837262
AI,91591026_AI.txt,0.4462809917355372,0.04145936981757877,0.5305785123966942,0.8632780404153376,0.986313870196472
AI,91635250_AI.txt,0.42782152230971127,0.014473684210526316,0.5275590551181102,0.6527523722113575,0.9625192375565627
AI,91697974_AI.txt,0.46179401993355484,0.05,0.5282392026578073,1.337936118651477,0.9416874005712855
AI,91930382_AI.txt,0.5286783042394015,0.02506265664160401,0.628428927680798,0.4469206019842007,0.9657973313211479
AI,92069209_AI.txt,0.4288135593220339,0.05782312925170068,0.5016949152542373,0.7142816103628975,0.9404164303608213
AI,92122785_AI.txt,0.44773519163763065,0.033216783216783216,0.554006968641115,0.8172178595450651,0.9559468742266892
AI,92200491_AI.txt,0.4978540772532189,0.034482758620689655,0.572961373390558,0.6873101065855409,0.9592112424511257
AI,92246939_AI.txt,0.4781144781144781,0.0929054054054054,0.5454545454545454,1.015606729677962,0.976450720926387
AI,92283635_AI.txt,0.43555555555555553,0.171875,0.5088888888888888,0.48801344942920744,0.9578801832496002
AI,92524964_AI.txt,0.5142857142857142,0.009569377990430622,0.5928571428571429,0.5837187639488561,0.9683500046428258
AI,92985983_AI.txt,0.44350758853288363,0.10321489001692047,0.524451939291737,0.9326335080614738,0.975411196102273
AI,93002334_AI.txt,0.43894899536321486,0.05581395348837209,0.5285935085007728,0.5687547394682879,0.952928348270803
AI,93112113_AI.txt,0.3500545256270447,0.06229508196721312,0.4187568157033806,0.5097040839525471,0.9532115686749175
AI,93301686_AI.txt,0.4324712643678161,0.03025936599423631,0.5258620689655172,0.5231000023248802,0.9739945837688049
AI,93349646_AI.txt,0.4676524953789279,0.05380333951762523,0.5489833641404805,0.9145894380099999,0.9780121229328994
AI,93436805_AI.txt,0.4791666666666667,0.06844106463878327,0.5473484848484849,0.7913638438313281,0.9770279185059247
AI,93459677_AI.txt,0.48148148148148145,0.05654281098546042,0.5571658615136876,0.48924122074654364,0.963507257789187
AI,93512385_AI.txt,0.4943820224719101,0.059322033898305086,0.5898876404494382,0.3317711272036387,0.9571145470433547
AI,93576192_AI.txt,0.5220417633410673,0.05128205128205128,0.5986078886310905,1.8619414777091434,0.9559630402614423
AI,93653247_AI.txt,0.3709449929478138,0.055162659123055166,0.4541607898448519,0.5028068735873475,0.9613850935850303
AI,93828034_AI.txt,0.45733788395904434,0.0859106529209622,0.5273972602739726,0.6983865003483161,0.9687195057775038
AI,93988900_AI.txt,0.4720720720720721,0.04701627486437613,0.5423423423423424,0.7209871302489413,0.9794843172142544
AI,94047639_AI.txt,0.4168466522678186,0.1019522776572668,0.47516198704103674,0.7028779821507299,0.9574023799738253
AI,94137171_AI.txt,0.49445676274944567,0.031180400890868598,0.5764966740576497,0.536797308050991,0.982226514031751
AI,94230796_AI.txt,0.4772370486656201,0.047244094488188976,0.5729984301412873,0.9795811615284888,0.9679558156813126
AI,94417768_AI.txt,0.5814393939393939,0.024714828897338403,0.6477272727272727,1.1371304231149362,0.9796193744647641
AI,94492380_AI.txt,0.40942562592047127,0.04874446085672083,0.5007363770250368,0.5316914090550152,0.9311203149064031
AI,94503308_AI.txt,0.4804964539007092,0.042704626334519574,0.5656028368794326,0.676576874402316,0.9826632376814978
AI,95011061_AI.txt,0.49892008639308855,0.04338394793926247,0.5766738660907127,0.816823361361152,0.9857027197445555
AI,95085510_AI.txt,0.4696223316912972,0.042833607907743,0.548440065681445,0.9773097946538096,0.9624909311119031
AI,95350373_AI.txt,0.4280701754385965,0.12147887323943662,0.49122807017543857,0.6211384007199393,0.8928290256135062
AI,95382114_AI.txt,0.4496951219512195,0.053516819571865444,0.538109756097561,0.7855666555715907,0.9781475022706803
AI,95429627_AI.txt,0.4607250755287009,0.08333333333333333,0.540785498489426,0.7716046601175237,0.9883858466540522
AI,95519832_AI.txt,0.5294117647058824,0.06451612903225806,0.6363636363636364,0.8723121635669687,0.9020913789695614
AI,95625660_AI.txt,0.5811965811965812,0.008583690987124463,0.6538461538461539,0.9586571386186833,0.9654099320171646
AI,95714702_AI.txt,0.45425867507886436,0.11550632911392406,0.5157728706624606,1.1327143325354287,0.9603278868164704
AI,95769832_AI.txt,0.5086848635235732,0.08478802992518704,0.6004962779156328,0.5346396518512192,0.9752889569285577
AI,95792386_AI.txt,0.4263005780346821,0.059420289855072465,0.5043352601156069,0.6966010604727744,0.9521307041183266
AI,95970987_AI.txt,0.4494163424124514,0.044921875,0.5291828793774319,0.5589305015066547,0.9823545875807509
AI,96029688_AI.txt,0.4654205607476635,0.075046904315197,0.5383177570093458,0.6313986938707482,0.968846263749296
AI,96260484_AI.txt,0.41166936790923825,0.0975609756097561,0.4846029173419773,0.5533542105445,0.9521102125891214
AI,96457008_AI.txt,0.5239852398523985,0.10780669144981413,0.5940959409594095,0.6569277743029459,0.9561345635232582
AI,96493528_AI.txt,0.46296296296296297,0.060810810810810814,0.5589225589225589,0.7054915292408064,0.9688868864211276
AI,96547039_AI.txt,0.47950819672131145,0.05761316872427984,0.5512295081967213,0.7214383335694361,0.96552308433773
AI,96761538_AI.txt,0.5407166123778502,0.06557377049180328,0.6384364820846905,0.7606553954930407,0.9617924565645732
AI,97123005_AI.txt,0.5259391771019678,0.05745062836624776,0.6028622540250447,0.8964389541090263,0.9622531322541523
AI,97169343_AI.txt,0.45098039215686275,0.06721311475409836,0.5326797385620915,0.7844542709129693,0.9777385833670873
AI,97405769_AI.txt,0.4263959390862944,0.0967741935483871,0.5042301184433164,0.6704157420074668,0.9554891873973301
AI,97449528_AI.txt,0.5077160493827161,0.032507739938080496,0.5787037037037037,0.5185221928147301,0.948964043967945
AI,98086373_AI.txt,0.4218009478672986,0.10618066561014262,0.5039494470774092,0.9183030100296956,0.9676416006859974
AI,98108571_AI.txt,0.5285714285714286,0.03597122302158273,0.625,0.5685630034471897,0.9350897499468003
AI,98300955_AI.txt,0.4306864064602961,0.07422402159244265,0.5141318977119784,0.5112600170360548,0.9748842442840908
AI,98309114_AI.txt,0.4672489082969432,0.072992700729927,0.5283842794759825,0.9824180277630205,0.9580639128131638
AI,98348532_AI.txt,0.31492361927144535,0.36984687868080096,0.3654524089306698,0.7641752190349769,0.9623015776412494
AI,98379112_AI.txt,0.5193798449612403,0.04085603112840467,0.5968992248062015,0.647136426694033,0.9743720280120116
AI,98389424_AI.txt,0.4759259259259259,0.0037174721189591076,0.55,0.7935024592821964,0.9655789446711922
AI,98509238_AI.txt,0.39305555555555555,0.10584958217270195,0.4736111111111111,0.87639821451744,0.9632493010000148
AI,98513424_AI.txt,0.38413098236775817,0.09595959595959595,0.4609571788413098,0.5711799365359053,0.9831350965233419
AI,98559931_AI.txt,0.48,0.029197080291970802,0.5509090909090909,0.7877687568855908,0.9584658160569337
AI,98965485_AI.txt,0.4618556701030928,0.049689440993788817,0.5505154639175258,0.7167234919111413,0.9591207209834474
AI,99033098_AI.txt,0.5375,0.02512562814070352,0.6225,0.8919489428586519,0.9610773720054732
AI,99124477_AI.txt,0.513986013986014,0.03859649122807018,0.5769230769230769,0.642181200452704,0.9751390580532785
AI,99244405_AI.txt,0.5257731958762887,0.049689440993788817,0.6144329896907217,0.7966111817659826,0.915117852487903
AI,99416532_AI.txt,0.4414976599063963,0.10485133020344288,0.5039001560062403,0.8555776062240064,0.9577136965942369
AI,99433371_AI.txt,0.5286885245901639,0.09917355371900827,0.5942622950819673,0.793872664925615,0.979224061403042
AI,99561379_AI.txt,0.5316666666666666,0.03511705685618729,0.6133333333333333,0.8339767630931394,0.9749960425096431
AI,99680385_AI.txt,0.5333333333333333,0.01968503937007874,0.6254901960784314,0.6892844611626361,0.9646245907580439
AI,99714410_AI.txt,0.5,0.06995884773662552,0.5881147540983607,0.9991857551921424,0.9747784716345177
