file,lexical_density,pattern_regularity,repetition,sentence_evenness,tonal_stability
10138632_AI.txt,0.5389908256880734,0.02304147465437788,0.6192660550458715,0.650943799197462,0.9661621594646629
10176815_AI.txt,0.5210084033613446,0.04852320675105485,0.5945378151260504,0.8112147542319567,0.9766145316282384
10182582_AI.txt,0.5052631578947369,0.037037037037037035,0.5947368421052631,0.8676270388470217,0.9683148369611249
10186968_AI.txt,0.5448979591836735,0.0430327868852459,0.6326530612244898,0.6991389884566336,0.9390474814832764
10268614_AI.txt,0.4520367936925099,0.077733860342556,0.5164257555847569,0.6525536235080394,0.9617308135551893
10395944_AI.txt,0.45714285714285713,0.05077262693156733,0.5582417582417583,0.7533876431234794,0.9601141741920658
10464113_AI.txt,0.44234404536862004,0.06261859582542695,0.5425330812854442,0.5884928643686843,0.968911572057747
10466208_AI.txt,0.5011441647597255,0.034482758620689655,0.5949656750572082,0.8205735286716057,0.951857528237658
10466583_AI.txt,0.4864864864864865,0.1245136186770428,0.583011583011583,0.4953885124105231,0.9540337555693377
10480456_AI.txt,0.42196531791907516,0.12028985507246377,0.48121387283236994,0.6187426076712053,0.961266877751228
10549585_AI.txt,0.4553415061295972,0.04569420035149385,0.5288966725043783,0.9364282648737609,0.94971285111778
10553553_AI.txt,0.4511400651465798,0.07026143790849673,0.509771986970684,0.8815800090121064,0.9923506305561297
10554045_AI.txt,0.5135135135135135,0.013574660633484163,0.6058558558558559,0.6560717361673878,0.9466711827373478
10554236_AI.txt,0.42686567164179107,0.05688622754491018,0.5059701492537313,0.48755410259746107,0.9549095418718574
10562768_AI.txt,0.4853700516351119,0.06563039723661486,0.5611015490533563,0.8117009555537124,0.9484670739655272
10567764_AI.txt,0.4750499001996008,0.0841683366733467,0.564870259481038,0.9753684163984939,0.9550540841699058
10624813_AI.txt,0.45335276967930027,0.10526315789473684,0.532069970845481,0.7200398915700088,0.9521433055314146
10659182_AI.txt,0.5334645669291339,0.02766798418972332,0.6161417322834646,0.8150202330627595,0.9619396163517104
10738095_AI.txt,0.41812865497076024,0.20087976539589442,0.4956140350877193,0.9971948012905056,0.9574818535761853
10748989_AI.txt,0.36476043276661513,0.31007751937984496,0.41576506955177744,1.057970257686876,0.9715794432151721
10751444_AI.txt,0.45058139534883723,0.09766763848396501,0.5101744186046512,0.7129641045079763,0.9621742768093225
10820510_AI.txt,0.467005076142132,0.07397959183673469,0.5558375634517766,0.9479078731494784,0.9672849665753959
10830646_AI.txt,0.44838212634822805,0.08500772797527048,0.5161787365177196,0.7129771299178304,0.9684918628169359
10840430_AI.txt,0.46955128205128205,0.04823151125401929,0.530448717948718,0.9340632219728877,0.9641441236354942
10926726_AI.txt,0.45709828393135726,0.057902973395931145,0.5241809672386896,0.8081463894876884,0.9650444817582602
10945968_AI.txt,0.462406015037594,0.062146892655367235,0.551594746716698,0.6369207638495488,0.9917419901989681
10953078_AI.txt,0.45611015490533563,0.07081174438687392,0.5094664371772806,0.7304896562779312,0.9169869766998174
10969918_AI.txt,0.5170340681362725,0.03822937625754527,0.5951903807615231,0.9000028089212329,0.9663458752084986
10984392_AI.txt,0.5088652482269503,0.021352313167259787,0.599290780141844,0.5705549236306978,0.9712797514508824
11121498_AI.txt,0.46116504854368934,0.048701298701298704,0.529126213592233,0.3393854311223104,0.9658295982720312
11152490_AI.txt,0.3853711790393013,0.0711159737417943,0.4596069868995633,0.8968249300768847,0.9778819580147678
11174187_AI.txt,0.46458333333333335,0.07112970711297072,0.5479166666666667,0.8851613193890662,0.984230502933906
11188218_AI.txt,0.48811410459587956,0.04451510333863275,0.5625990491283677,0.6202284082028764,0.9563505444957479
11232471_AI.txt,0.49825783972125437,0.06315789473684211,0.5853658536585366,0.4626195393032304,0.9677962416938714
11262933_AI.txt,0.4459234608985025,0.08514190317195326,0.5141430948419301,0.6223940414379254,0.9283748228295369
11289482_AI.txt,0.4369287020109689,0.05871559633027523,0.5319926873857403,0.49806029980727934,0.9813889543181329
11333001_AI.txt,0.5166666666666667,0.026755852842809364,0.5966666666666667,0.69051749754399,0.9582152507844902
11336022_AI.txt,0.5184135977337111,0.03418803418803419,0.6090651558073654,0.8502376293738622,0.9721636952593183
11393213_AI.txt,0.6076294277929155,0.010958904109589041,0.6948228882833788,0.6647507407722427,0.970643004852001
11441764_AI.txt,0.4821150855365474,0.0405616224648986,0.5645412130637636,0.4527433688421718,0.9787020293834606
11480899_AI.txt,0.417910447761194,0.048252911813643926,0.5107794361525705,0.6331002326962669,0.964534363394648
11522068_AI.txt,0.6036036036036037,0.02727272727272727,0.7162162162162162,0.5755262751540154,0.9630039883627604
11580408_AI.txt,0.44565217391304346,0.08363636363636363,0.519927536231884,1.4810613591897335,0.980486761173668
11584809_AI.txt,0.4475873544093178,0.048414023372287146,0.5224625623960066,0.9318761579572861,0.9504455332404826
11592605_AI.txt,0.4979508196721312,0.04938271604938271,0.5676229508196722,0.7413372115469699,0.9743775693379263
11698189_AI.txt,0.5283018867924528,0.06736842105263158,0.6121593291404612,0.4719212920275959,0.9475699054063601
11704150_AI.txt,0.5045871559633027,0.09023941068139964,0.5853211009174312,0.8841094289548123,0.96175608183707
11722421_AI.txt,0.4301587301587302,0.06687898089171974,0.5111111111111111,1.1213902242241203,0.949481740272721
11807040_AI.txt,0.4717607973421927,0.07333333333333333,0.5382059800664452,1.1156969088967734,0.9511872275189035
11813872_AI.txt,0.4103225806451613,0.062095730918499355,0.49290322580645163,0.6549483609170262,0.9568075535473288
11887930_AI.txt,0.4662698412698413,0.10956175298804781,0.5436507936507936,0.8348616443067407,0.9826176114320541
11919526_AI.txt,0.4389027431421446,0.1739674593241552,0.49063670411985016,2.443672847020505,0.9963507288360434
11958994_AI.txt,0.49566724436741766,0.04173913043478261,0.5736568457538995,0.522961210011269,0.9448268301025884
11995013_AI.txt,0.4726166328600406,0.06517311608961303,0.5415821501014199,0.8895717359398609,0.9460739963094088
12021752_AI.txt,0.458128078817734,0.11367380560131796,0.5303776683087028,0.5049243414744583,0.9721112995331328
12022566_AI.txt,0.47420965058236275,0.02003338898163606,0.5374376039933444,0.7469376425592548,0.9605111663335953
12059198_AI.txt,0.4418052256532066,0.07159904534606205,0.5344418052256532,0.7423269220090449,0.9530157461271097
12059610_AI.txt,0.4671201814058957,0.06150341685649203,0.5668934240362812,0.6831198774561176,0.9558125186109442
12065211_AI.txt,0.5053763440860215,0.02877697841726619,0.5627240143369175,0.5676532279274239,0.9630217932001117
12071138_AI.txt,0.3333333333333333,0.13761467889908258,0.39215686274509803,0.4694353838619175,0.992868977650001
12082377_AI.txt,0.45617977528089887,0.11286681715575621,0.5348314606741573,0.6076771812579758,0.9633390109292491
12085736_AI.txt,0.43843843843843844,0.046686746987951805,0.512012012012012,0.43426253665969494,0.9857789737598733
12144825_AI.txt,0.508,0.03815261044176707,0.562,0.9728622473818955,0.9527939477266604
12155206_AI.txt,0.464041095890411,0.0859106529209622,0.5325342465753424,0.7988728832589809,0.9771651907755405
12191094_AI.txt,0.47415730337078654,0.09480812641083522,0.5573033707865168,0.7819848658824967,0.9782666374427518
12212468_AI.txt,0.38971807628524047,0.13477537437603992,0.47761194029850745,0.7012715878436736,0.955089542617243
12254068_AI.txt,0.43159922928709055,0.13539651837524178,0.5163776493256262,0.5314257726257977,0.9603846075022257
12351749_AI.txt,0.5084745762711864,0.0705596107055961,0.6004842615012107,0.6556194418758552,0.9702567280105618
12545844_AI.txt,0.5097493036211699,0.07282913165266107,0.5877437325905293,0.6067527606552373,0.9875283718569531
12547982_AI.txt,0.38814814814814813,0.1411589895988113,0.4562962962962963,0.8381027048521594,0.9596819819962545
12587973_AI.txt,0.5123595505617977,0.033860045146726865,0.6089887640449438,0.8381363082510757,0.9553695240031113
12613221_AI.txt,0.4627906976744186,0.11448598130841121,0.5511627906976744,1.215696594314195,0.9645976126690382
12632728_AI.txt,0.42857142857142855,0.0,0.8571428571428571,1.0101525445522108,1.0
12674256_AI.txt,0.5109983079526227,0.03395585738539898,0.6040609137055838,0.8438243833288982,0.975301088286591
12674307_AI.txt,0.49894736842105264,0.016913319238900635,0.5894736842105263,0.3725903719622757,0.962158387783799
12693146_AI.txt,0.4484848484848485,0.08113590263691683,0.5212121212121212,0.6805946566278613,0.9621408637814842
12695537_AI.txt,0.5423728813559322,0.027210884353741496,0.611864406779661,0.7416376947176603,0.9795825563186901
12696104_AI.txt,0.4657534246575342,0.08755760368663594,0.5616438356164384,0.8479251299356936,0.9175578773633348
12717345_AI.txt,0.41368078175895767,0.10947712418300654,0.48534201954397393,0.8978311460777247,0.9729127542547371
12780508_AI.txt,0.44403669724770645,0.0570902394106814,0.5376146788990825,0.6923813260888748,0.976036128494608
12786012_AI.txt,0.4354561101549053,0.031088082901554404,0.5197934595524957,0.8127581135137044,0.982964965668599
12791244_AI.txt,0.5050301810865191,0.046464646464646465,0.5774647887323944,0.8332566293634737,0.9545383974923504
12802330_AI.txt,0.42569659442724456,0.034161490683229816,0.5139318885448917,0.5687375673469272,0.9599222844395928
12839152_AI.txt,0.49706457925636005,0.0275049115913556,0.5694716242661448,0.8987777855121547,0.9396397733173224
12920612_AI.txt,0.4340369393139842,0.041005291005291,0.503957783641161,0.7019942617652589,0.9583006210538105
12938200_AI.txt,0.5250544662309368,0.0437636761487965,0.6100217864923747,0.5933782129634294,0.9559488439093775
12955994_AI.txt,0.4798136645962733,0.03894080996884735,0.5590062111801242,0.9823421751168023,0.954025169014247
13014900_AI.txt,0.45330739299610895,0.068359375,0.5408560311284046,0.697676102689208,0.984895554945044
13037145_AI.txt,0.5163043478260869,0.07103825136612021,0.6086956521739131,0.6690562850897878,0.977651722544221
13087952_AI.txt,0.5403587443946188,0.04504504504504504,0.6188340807174888,0.7658408644214946,0.9580789075206935
13115648_AI.txt,0.49300155520995337,0.0187207488299532,0.5769828926905132,0.9159352074107645,0.9439613694441144
13129275_AI.txt,0.45083487940630795,0.06890130353817504,0.5213358070500927,0.9471803705667539,0.9742229922321465
13264796_AI.txt,0.44398907103825136,0.03561643835616438,0.5204918032786885,0.7814135354784529,0.9755956981991352
13294301_AI.txt,0.5549738219895288,0.031578947368421054,0.6492146596858639,0.7889584274192575,0.9575479922612589
13296856_AI.txt,0.42628774422735344,0.05525846702317291,0.5026642984014209,1.378270402093921,0.9712924340474194
13313917_AI.txt,0.4777397260273973,0.07731958762886598,0.559931506849315,0.6687931039111891,0.9581693782961158
13342150_AI.txt,0.506398537477148,0.04220183486238532,0.583180987202925,0.9833121241705347,0.9639830643521724
13348915_AI.txt,0.49407114624505927,0.05952380952380952,0.5711462450592886,0.8485250994961762,0.9604068544575429
13385306_AI.txt,0.416044776119403,0.0375234521575985,0.4897196261682243,0.9054617435905055,0.9840949444878796
13386301_AI.txt,0.3531746031746032,0.15649867374005305,0.43915343915343913,1.0521385411836928,0.9534270654093545
13393401_AI.txt,0.4547169811320755,0.043560606060606064,0.5433962264150943,0.7353882573106245,0.9577392324586798
13405229_AI.txt,0.5664160401002506,0.037783375314861464,0.6290726817042607,0.47394814477775976,0.9288098552966663
13518263_AI.txt,0.48746518105849584,0.05042016806722689,0.5793871866295265,0.7898247392657596,0.9565910646634177
13520837_AI.txt,0.5307692307692308,0.019305019305019305,0.6076923076923076,0.6473622705025501,0.9362209924930393
13565152_AI.txt,0.4805447470817121,0.0859375,0.5622568093385214,0.7856757801506048,0.965588292425066
13569152_AI.txt,0.45359019264448336,0.07557117750439367,0.542907180385289,0.6166556677698529,0.9729573055048888
13727873_AI.txt,0.49452554744525545,0.0347985347985348,0.5857664233576643,0.8411301859724049,0.9669447531840153
13764840_AI.txt,0.5257142857142857,0.034482758620689655,0.6171428571428571,0.6276968705868604,0.9634094503798494
13807808_AI.txt,0.4955223880597015,0.08108108108108109,0.591044776119403,0.8083678043059169,0.9434918871865752
13809698_AI.txt,0.47058823529411764,0.05511811023622047,0.5647058823529412,0.8452185892819799,0.9744854007025406
13812481_AI.txt,0.49887640449438203,0.03611738148984198,0.5797752808988764,0.7114996820956485,0.9312461400513292
13836471_AI.txt,0.36198347107438017,0.10945273631840796,0.4297520661157025,0.9785182345958612,0.992411241886302
13888506_AI.txt,0.5216494845360825,0.041407867494824016,0.6103092783505155,0.8744789074353753,0.958497797187888
13907230_AI.txt,0.5821428571428572,0.03597122302158273,0.6714285714285714,0.7136040703574842,0.9753158804782793
13909762_AI.txt,0.5110663983903421,0.08080808080808081,0.5895372233400402,0.8344543333468825,0.9643135861053318
13915715_AI.txt,0.4875,0.135678391959799,0.54,0.8294366867888738,0.9586756584858637
13982572_AI.txt,0.4900398406374502,0.024,0.5717131474103586,0.6674140312961316,0.9631758156245837
13998435_AI.txt,0.405103668261563,0.1712,0.47527910685805425,0.7026454217002343,0.9662015679140707
14062078_AI.txt,0.483739837398374,0.04081632653061224,0.5528455284552846,0.8551054810373855,0.98447091034648
14070138_AI.txt,0.4508670520231214,0.03288201160541586,0.535645472061657,0.5978930927397825,0.9695220839043351
14128006_AI.txt,0.4367816091954023,0.05271828665568369,0.5073891625615764,0.9672082492715018,0.9838065466710576
14241621_AI.txt,0.40029761904761907,0.10597014925373134,0.4880952380952381,0.4604739601710072,0.9535903297752171
14248724_AI.txt,0.4778761061946903,0.08902077151335312,0.584070796460177,0.5667050684580162,0.9788658660691808
14256329_AI.txt,0.449901768172888,0.03747534516765286,0.5520628683693517,0.943486980533653,0.9902179587051321
14267489_AI.txt,0.5288683602771362,0.060324825986078884,0.6027713625866051,1.0423264095900069,0.9467529466251975
14278888_AI.txt,0.4974182444061962,0.04145077720207254,0.5662650602409639,0.7406451071323151,0.9863558739861782
14364597_AI.txt,0.45590994371482174,0.10357815442561205,0.5196998123827392,0.5886119674610805,0.9771732329888205
14381464_AI.txt,0.5882352941176471,0.023809523809523808,0.6764705882352942,0.41686846324449606,0.8936203204185983
14391434_AI.txt,0.5152603231597845,0.03963963963963964,0.5834829443447038,0.8296877222165832,0.9783617598330014
14408510_AI.txt,0.45077720207253885,0.07279029462738301,0.5371329879101899,0.48939319161444644,0.9833442810443438
14445309_AI.txt,0.4499054820415879,0.06072106261859583,0.5160680529300568,0.900568865881678,0.990153182824725
14449423_AI.txt,0.49295774647887325,0.037102473498233215,0.5669014084507042,0.7884365537562809,0.9547317787777844
14517953_AI.txt,0.49122807017543857,0.09197651663405088,0.5633528265107213,0.861707862209369,0.9622892715969887
14528265_AI.txt,0.5692771084337349,0.048484848484848485,0.6355421686746988,1.4666422190016513,0.9851527977368805
14536764_AI.txt,0.47775628626692457,0.06990291262135923,0.5705996131528046,0.5738204420416695,0.9559102621155945
14554542_AI.txt,0.41228070175438597,0.10915492957746478,0.4807017543859649,0.5186453735399638,0.9618775429261807
14589288_AI.txt,0.49066666666666664,0.03753351206434316,0.5786666666666667,0.5499353766748586,0.9751051689688306
14667957_AI.txt,0.43042671614100186,0.08193668528864059,0.4842300556586271,0.7035375829307248,0.9800199681796236
14708590_AI.txt,0.433392539964476,0.1140819964349376,0.5062166962699822,0.5231249630599318,0.9666181911354857
14726000_AI.txt,0.4708097928436911,0.06049149338374291,0.5649717514124294,0.9982238611378652,0.9554666117127826
14743911_AI.txt,0.37791601866251945,0.22464898595943839,0.4432348367029549,0.6870295280673671,0.9856896518528869
14771530_AI.txt,0.5273224043715847,0.04120879120879121,0.6338797814207651,0.7202367728047498,0.9537841031250152
14825300_AI.txt,0.4056737588652482,0.11095305832147938,0.48936170212765956,1.240343570713581,0.9727279006924224
14874322_AI.txt,0.3493282149712092,0.3930635838150289,0.40307101727447214,0.5612857171527843,0.9580386668609489
14886205_AI.txt,0.5522388059701493,0.008565310492505354,0.6311300639658849,0.54211200983305,0.9669941524349307
14910300_AI.txt,0.4758220502901354,0.06601941747572816,0.5415860735009671,1.1746454965960378,0.9238139232171515
14937492_AI.txt,0.4574175824175824,0.03856749311294766,0.5315934065934066,0.6363638551948204,0.9530446382967456
14945250_AI.txt,0.43434343434343436,0.059334298118668596,0.5093795093795094,0.5722299805842699,0.9621456495966285
14990354_AI.txt,0.444253859348199,0.029259896729776247,0.5283018867924528,0.6691165240147945,0.9548176028848737
15119529_AI.txt,0.499151103565365,0.05110732538330494,0.5840407470288624,0.5522278920664263,0.9709520193402074
15139979_AI.txt,0.44696969696969696,0.06273764258555133,0.5170454545454546,0.833734482439133,0.9642258265623292
15180322_AI.txt,0.5737704918032787,0.04945054945054945,0.6584699453551912,0.7051527404689601,0.9361306974649003
15224503_AI.txt,0.4881422924901186,0.06349206349206349,0.5612648221343873,0.6385338017812516,0.9824176080295844
15297298_AI.txt,0.49023090586145646,0.0374331550802139,0.5808170515097691,0.5688842631798834,0.9785888292118287
15306049_AI.txt,0.5761194029850746,0.03003003003003003,0.6716417910447762,0.7359088547698351,0.9535212598376412
15313140_AI.txt,0.48845470692717585,0.0392156862745098,0.5612788632326821,0.6444169924521608,0.9693111636718504
15353911_AI.txt,0.5846153846153846,0.03875968992248062,0.676923076923077,0.722913238428968,0.9808256227649297
15354126_AI.txt,0.47547974413646055,0.06852248394004283,0.5458422174840085,0.7256420130407708,0.9689086990157469
15363277_AI.txt,0.4299835255354201,0.0628099173553719,0.5255354200988468,0.536385275912583,0.9823681310648771
15425154_AI.txt,0.4308823529411765,0.08702064896755163,0.5058823529411764,0.8191895209198068,0.9478836473820317
15433732_AI.txt,0.38016528925619836,0.07960199004975124,0.4462809917355372,0.7427790425427782,0.9473599837280996
15564893_AI.txt,0.5075187969924813,0.04716981132075472,0.5695488721804511,1.1336316405596825,0.9412807347894554
15603319_AI.txt,0.48312611012433393,0.0766488413547237,0.5470692717584369,0.7728469963105359,0.9678428553795192
15618327_AI.txt,0.4775510204081633,0.13319672131147542,0.5387755102040817,0.8965878741919464,0.9775471740785443
15620421_AI.txt,0.47974068071312803,0.022764227642276424,0.5640194489465153,0.8072775228078312,0.9697737549006811
15636923_AI.txt,0.47603305785123967,0.03648424543946932,0.5586776859504132,0.7722242493579713,0.9726668541346056
15651486_AI.txt,0.44990892531876137,0.08043875685557587,0.5373406193078324,0.6850641030116699,0.9697689281292905
15680735_AI.txt,0.36363636363636365,0.10814094775212636,0.43272727272727274,0.6860201099710914,0.9263028812111093
15684810_AI.txt,0.4959839357429719,0.15120967741935484,0.572289156626506,0.7032926600985189,0.9838156192796618
15699744_AI.txt,0.4688,0.0738362760834671,0.5392,0.6942236547097922,0.9638866452895378
15717923_AI.txt,0.5028571428571429,0.02676864244741874,0.5885714285714285,0.6834329397171159,0.9659824905611267
15721849_AI.txt,0.4555084745762712,0.07659574468085106,0.5338983050847458,0.8183248091472999,0.9627012804668608
15727656_AI.txt,0.4793536804308797,0.05045045045045045,0.5529622980251346,0.6435672008768193,0.9529095669005105
15746146_AI.txt,0.45588235294117646,0.06751054852320675,0.5378151260504201,0.532054492315512,0.9478212498963114
15765660_AI.txt,0.46911764705882353,0.05014749262536873,0.5411764705882353,0.6597823009256428,0.9531000696712559
15790602_AI.txt,0.3979591836734694,0.0639386189258312,0.49107142857142855,0.5175327937004839,0.9509099444801908
15791766_AI.txt,0.4904580152671756,0.022988505747126436,0.5763358778625954,0.5567715677495193,0.9579539378403655
15792052_AI.txt,0.45691056910569106,0.10114192495921696,0.5317073170731708,0.6997762023027269,0.9714409989913648
15802627_AI.txt,0.44753086419753085,0.10835913312693499,0.5246913580246914,0.9278609538831198,0.9825622254365898
15811992_AI.txt,0.4166666666666667,0.0711743772241993,0.5177304964539007,0.7704227155632827,0.9535297154850334
15821633_AI.txt,0.4619883040935672,0.04398826979472141,0.554093567251462,0.5073977413156454,0.9791061382087387
15891494_AI.txt,0.49250936329588013,0.05827067669172932,0.5674157303370787,0.6690424002155133,0.98285761369821
15899269_AI.txt,0.46954314720812185,0.1556122448979592,0.5482233502538071,1.3017640888152684,0.9778893958047075
15906625_AI.txt,0.464818763326226,0.07708779443254818,0.5309168443496801,0.9836586062106222,0.9939794855843359
15917885_AI.txt,0.46236559139784944,0.05945945945945946,0.5564516129032258,0.6253831959496392,0.9886189885188023
15918496_AI.txt,0.4866220735785953,0.07550335570469799,0.5585284280936454,0.6473668274001192,0.9376064630598031
15936656_AI.txt,0.4984126984126984,0.11182108626198083,0.5936507936507937,0.46639791037731043,0.9258703356634457
15941675_AI.txt,0.4681724845995893,0.1134020618556701,0.5195071868583162,1.05700652586819,0.9454716943510122
15958967_AI.txt,0.42216687422166876,0.0773067331670823,0.4937810945273632,1.0114861442639094,0.9851194563178833
15973307_AI.txt,0.5337423312883436,0.037037037037037035,0.6288343558282209,0.7887293860620087,0.9641664217459721
16203589_AI.txt,0.5077720207253886,0.03466204506065858,0.6096718480138169,0.6606604447915272,0.9615235651353018
16223371_AI.txt,0.4459770114942529,0.05542725173210162,0.5471264367816092,1.0311481186307079,0.9522869683971122
16248476_AI.txt,0.5231316725978647,0.07885304659498207,0.6014234875444839,0.6753335191581925,0.9808873052659657
16270906_AI.txt,0.4507462686567164,0.03293413173652695,0.5537313432835821,0.635877897627981,0.9558058511877245
16276121_AI.txt,0.5371702637889688,0.014457831325301205,0.6163069544364509,0.622010223097563,0.973736793181813
16300459_AI.txt,0.4870967741935484,0.0744336569579288,0.5725806451612904,1.1163678719808978,0.9566623372213504
16332348_AI.txt,0.4924698795180723,0.0513595166163142,0.5632530120481928,0.7392068385237851,0.9509636955550672
16378091_AI.txt,0.509090909090909,0.033942558746736295,0.6181818181818182,0.4793773720855001,0.9761951498224011
16407619_AI.txt,0.44293015332197616,0.03595890410958904,0.5358361774744027,0.7161294194928443,0.9643451883355805
16449850_AI.txt,0.3708609271523179,0.23754152823920266,0.4552980132450331,0.631727072978321,0.9924208666622119
16605352_AI.txt,0.538878842676311,0.025408348457350273,0.6094032549728752,0.8929563307356603,0.9659718447499562
16702198_AI.txt,0.43681747269890797,0.028169014084507043,0.5241809672386896,1.0311181444078827,0.9686227173215127
16833515_AI.txt,0.5,0.07662835249042145,0.5916030534351145,0.8836386828731008,0.9402490472064756
16861758_AI.txt,0.4892241379310345,0.03896103896103896,0.5883620689655172,0.6980501089588904,0.9896230139132122
16877897_AI.txt,0.48661800486618007,0.05867970660146699,0.5620437956204379,0.7338274709774658,0.9445543896869631
16887936_AI.txt,0.4717887154861945,0.024067388688327317,0.5618247298919568,0.6129337609146889,0.9756138341640019
16893572_AI.txt,0.42136498516320475,0.06547619047619048,0.49258160237388726,0.6853371168742092,0.9735860986226549
16985289_AI.txt,0.4225352112676056,0.061224489795918366,0.5070422535211268,0.7193320179776249,0.9698744548571991
17021141_AI.txt,0.3740053050397878,0.07313829787234043,0.45490716180371354,0.6501542159144169,0.9657638517833621
17043822_AI.txt,0.41192411924119243,0.15217391304347827,0.46747967479674796,0.9516368907461173,0.966118926651168
17095812_AI.txt,0.4865424430641822,0.056133056133056136,0.5693581780538303,0.8004789648923458,0.962561293561869
17103000_AI.txt,0.42521008403361343,0.09612141652613827,0.49411764705882355,0.7378905737857787,0.9839768088965855
17108676_AI.txt,0.5717884130982368,0.035443037974683546,0.6397984886649875,0.727724330701862,0.9758128728406087
17111768_AI.txt,0.4574175824175824,0.048209366391184574,0.5343406593406593,0.8265005877582665,0.9583614845291967
17115815_AI.txt,0.4930555555555556,0.04186046511627907,0.5671296296296297,2.2796133638135583,0.9697471278839117
17131084_AI.txt,0.48058252427184467,0.02922077922077922,0.56957928802589,0.6341800287931648,0.9874425372552721
17132168_AI.txt,0.45528455284552843,0.02857142857142857,0.5528455284552846,0.668350046002101,0.9671964258021842
17150707_AI.txt,0.4254473161033797,0.05788423153692615,0.49304174950298213,0.6340712967926129,0.9564699245670696
17152392_AI.txt,0.4233937397034596,0.024793388429752067,0.5189456342668863,0.7501116082288243,0.9223584022086523
17163375_AI.txt,0.5666666666666667,0.012195121951219513,0.6909090909090909,0.651709848138827,0.9780489150469774
17254634_AI.txt,0.46484375,0.03137254901960784,0.544921875,1.113067574953625,0.9575497190037391
17274759_AI.txt,0.4601941747572815,0.06237816764132553,0.5281553398058253,1.3701650128363028,0.9804527147735824
17276884_AI.txt,0.4245562130177515,0.050445103857566766,0.5118343195266272,0.4837570686822211,0.9860806819740077
17286050_AI.txt,0.5626911314984709,0.07384615384615385,0.6330275229357798,0.8004088896358525,0.9514392704102742
17306905_AI.txt,0.4209770114942529,0.031654676258992806,0.5179340028694405,0.6075175523729511,0.9859581095651699
17307206_AI.txt,0.47920133111480867,0.04340567612687813,0.5723793677204659,1.0265014747533885,0.9537915797886197
17311685_AI.txt,0.5314685314685315,0.07394366197183098,0.6083916083916084,0.997603640322674,0.965833866781195
17312146_AI.txt,0.5013262599469496,0.064,0.5809018567639257,0.7242399438448832,0.9673562548377785
17325147_AI.txt,0.5095057034220533,0.04580152671755725,0.5855513307984791,0.7462123705906935,0.9839220519459648
17342969_AI.txt,0.3864306784660767,0.1301775147928994,0.4778761061946903,0.4203319111015521,0.9508038414019439
17378327_AI.txt,0.5830388692579506,0.06761565836298933,0.6890459363957597,0.6953154804216383,0.9693525764694171
17392859_AI.txt,0.40629095674967236,0.04730617608409987,0.49148099606815204,0.45229560394993945,0.9724493959646102
17396388_AI.txt,0.44227642276422763,0.048939641109298535,0.5349593495934959,0.5238134633365763,0.9377097097610134
17407184_AI.txt,0.4354243542435424,0.07592592592592592,0.5129151291512916,0.9449763041531837,0.9839810018779156
17410700_AI.txt,0.47520661157024796,0.058091286307053944,0.5475206611570248,0.6455445282200255,0.9429581425668259
17412079_AI.txt,0.4706959706959707,0.003676470588235294,0.5421245421245421,0.8504845755596286,0.9696412488333932
17421910_AI.txt,0.5443037974683544,0.02754237288135593,0.6139240506329114,0.5761059268886759,0.9242272067885651
17422560_AI.txt,0.4391080617495712,0.10327022375215146,0.5248713550600344,0.7783833153070598,0.9725698212002015
17431847_AI.txt,0.4757785467128028,0.08680555555555555,0.5501730103806228,1.5321269199642036,0.9827370984701799
17432318_AI.txt,0.5134615384615384,0.06563706563706563,0.5884615384615385,1.1062306729498816,0.9726921371369186
17481570_AI.txt,0.45454545454545453,0.08849557522123894,0.533724340175953,0.7326700364857199,0.984321533187224
17483843_AI.txt,0.47568710359408034,0.12738853503184713,0.5560253699788583,0.6094251404361308,0.9537201122643892
17488801_AI.txt,0.41308089500860584,0.0535405872193437,0.47160068846815834,0.5825973614618462,0.9668805004500666
17499196_AI.txt,0.3880070546737213,0.22831858407079647,0.4673721340388007,1.329175108057509,0.9609950123348238
17509935_AI.txt,0.5104477611940299,0.036036036036036036,0.5940298507462687,0.6358567091806411,0.9556777808503509
17510973_AI.txt,0.5038610038610039,0.01937984496124031,0.5791505791505791,0.9677873154591555,0.9586518656068841
17539842_AI.txt,0.4347048300536673,0.12567324955116696,0.516994633273703,0.7194743802449451,0.9706678746127664
17545780_AI.txt,0.4756756756756757,0.0433996383363472,0.5747747747747748,0.8107800794976917,0.969231151670122
17555081_AI.txt,0.47278911564625853,0.08020477815699659,0.5408163265306123,1.2376852746480353,0.9743252941086624
17556527_AI.txt,0.44669117647058826,0.06642066420664207,0.49816176470588236,0.9709579661132617,0.9908788798653516
17562754_AI.txt,0.43157894736842106,0.03873239436619718,0.5175438596491229,0.9807131080755672,0.9774487523335024
17570634_AI.txt,0.4469820554649266,0.04091653027823241,0.5089722675367048,0.8310820583240459,0.9835597568457699
17571262_AI.txt,0.45571955719557194,0.053703703703703705,0.5553505535055351,0.42381419189005826,0.964063147897712
17576030_AI.txt,0.4538834951456311,0.15365853658536585,0.5266990291262136,1.4576955389541832,0.9808038644194449
17584743_AI.txt,0.4684512428298279,0.036468330134357005,0.5506692160611855,0.6716361594500715,0.951126549018723
17597372_AI.txt,0.543424317617866,0.02493765586034913,0.6699751861042184,0.8092508159864436,0.9607744576920431
17602815_AI.txt,0.4881889763779528,0.02766798418972332,0.5748031496062992,0.9971594599932236,0.9755138215956773
17624934_AI.txt,0.4593698175787728,0.03993344425956739,0.5522388059701493,0.7374036196333682,0.9465257907491604
17640785_AI.txt,0.5055555555555555,0.08217270194986072,0.5611111111111111,1.9400523588312915,0.998050944372015
17641670_AI.txt,0.4557823129251701,0.02218430034129693,0.54421768707483,0.6213945602773477,0.9406675242087809
17655479_AI.txt,0.4491869918699187,0.08571428571428572,0.5548780487804879,0.48898010109036527,0.9541156934554225
17658471_AI.txt,0.5069582504970179,0.059880239520958084,0.5924453280318092,1.0800691696765372,0.9970776689651558
17659053_AI.txt,0.5279187817258884,0.03735144312393888,0.6023688663282571,0.7982969872339768,0.9430135140978488
17660419_AI.txt,0.5607843137254902,0.04743083003952569,0.6274509803921569,1.301671359278647,0.9954840308855302
17681064_AI.txt,0.4421906693711968,0.06109979633401222,0.5192697768762677,0.7726917696554279,0.9609051895291381
17686472_AI.txt,0.5345622119815668,0.058004640371229696,0.6189376443418014,0.7235772585501012,0.9573463670414597
17688766_AI.txt,0.5100222717149221,0.053691275167785234,0.5902004454342984,0.7676441688015971,0.9661765426101743
17694454_AI.txt,0.534521158129176,0.035794183445190156,0.6146993318485523,0.9872491090059704,0.9503459817504072
17694572_AI.txt,0.5838323353293413,0.04819277108433735,0.6856287425149701,1.7133563254758817,0.957513372253349
17704246_AI.txt,0.49213483146067416,0.045146726862302484,0.5797752808988764,0.820422269016667,0.957588069162255
17714174_AI.txt,0.42484662576687116,0.06769230769230769,0.5138036809815951,0.5487322820075142,0.9505880136668717
17730889_AI.txt,0.5073891625615764,0.03459637561779242,0.5878489326765188,1.0180753242263711,0.9644647866436074
17775916_AI.txt,0.43309859154929575,0.10070671378091872,0.49295774647887325,0.6735100350953935,0.9628145788174032
17781039_AI.txt,0.5928853754940712,0.01984126984126984,0.66600790513834,0.8261365039890787,0.9644671853490568
17812897_AI.txt,0.44669117647058826,0.07564575645756458,0.5496323529411765,1.0010401039803252,0.9596825678616308
17818707_AI.txt,0.48296593186372744,0.06237424547283702,0.5771543086172345,0.788996742127113,0.9447976406652746
17823436_AI.txt,0.5685840707964602,0.008888888888888889,0.6438053097345132,0.7316085008472916,0.945526797902583
17847636_AI.txt,0.4786150712830957,0.026584867075664622,0.5661914460285132,0.9547496490637515,0.9890322572601558
17855844_AI.txt,0.4807073954983923,0.025806451612903226,0.572347266881029,0.7242690588423533,0.9487697919685645
17857644_AI.txt,0.5225933202357563,0.03155818540433925,0.6247544204322201,0.852387399675207,0.9586443965497096
17864043_AI.txt,0.43962848297213625,0.055900621118012424,0.5263157894736842,0.5829417547927235,0.9784368130915039
17876954_AI.txt,0.47153284671532847,0.04538799414348463,0.5474452554744526,0.6841724767241316,0.9598709083891284
17880988_AI.txt,0.4534653465346535,0.03578528827037773,0.5504950495049505,1.081931344301015,0.9838350099299131
17911230_AI.txt,0.46924428822495606,0.06878306878306878,0.5518453427065027,1.168630020224192,0.9730815576167294
17915015_AI.txt,0.47925311203319504,0.08541666666666667,0.549792531120332,1.0474796921792595,0.9804379411676133
17926546_AI.txt,0.4721254355400697,0.027972027972027972,0.5609756097560976,0.642019155818563,0.9737833286266244
17960690_AI.txt,0.4398563734290844,0.16396396396396395,0.5062836624775583,1.3616575244517009,0.9850008402790035
17963031_AI.txt,0.44711538461538464,0.04983922829581994,0.5192307692307693,0.7705519884390578,0.9637623140955582
17983430_AI.txt,0.5218295218295218,0.07933194154488518,0.5925155925155925,0.7294036595121993,0.9553286442708758
17983957_AI.txt,0.4855371900826446,0.06016597510373444,0.5743801652892562,0.5948292924580775,0.9673537470726852
17987433_AI.txt,0.481216457960644,0.07540394973070018,0.5402504472271914,0.8370672973354495,0.9574367192785616
18001081_AI.txt,0.400974025974026,0.16612377850162866,0.47564935064935066,0.6983267002995162,0.9751334458047652
18024825_AI.txt,0.4205128205128205,0.2607204116638079,0.48376068376068376,1.4513210392063665,0.9895893363399473
18029935_AI.txt,0.44871794871794873,0.07352941176470588,0.5274725274725275,0.8199640304476353,0.9621010058191246
18036030_AI.txt,0.563169164882227,0.008602150537634409,0.6680942184154176,0.6369480909309801,0.942700507986337
18062906_AI.txt,0.5297619047619048,0.037848605577689244,0.5932539682539683,0.7228396618758306,0.9584121980385182
18067556_AI.txt,0.5036710719530103,0.036818851251840944,0.5756240822320118,0.7638731915344611,0.9281104150015534
18072085_AI.txt,0.475103734439834,0.08350730688935282,0.5550935550935551,0.7899922944125952,0.9808818793230335
18079050_AI.txt,0.4195933456561922,0.07050092764378478,0.49168207024029575,0.8490974331064267,0.9764704676632389
18084150_AI.txt,0.43833333333333335,0.09698996655518395,0.5133333333333333,0.6673290979719076,0.9776561743155235
18090899_AI.txt,0.4279749478079332,0.09224318658280922,0.5365344467640919,0.7762267977035641,0.9816487453337983
18106533_AI.txt,0.4435146443514644,0.11764705882352941,0.5188284518828452,0.7462915206341402,0.9914255810114039
18129173_AI.txt,0.4889705882352941,0.05350553505535055,0.5680147058823529,0.6238240034206856,0.9764723714174605
18132924_AI.txt,0.5032679738562091,0.054098360655737705,0.5702614379084967,0.7767952284422369,0.9778460109957706
18133495_AI.txt,0.46880907372400754,0.08538899430740038,0.5652173913043478,0.8037059998210925,0.9742630171692105
18155310_AI.txt,0.5147744945567652,0.0436817472698908,0.5987558320373251,0.765733093301888,0.9690433390014818
18159866_AI.txt,0.38881664499349805,0.08604954367666232,0.459037711313394,0.671524932692833,0.9487497130467024
18171955_AI.txt,0.4102112676056338,0.045936395759717315,0.5211267605633803,0.7036595438280597,0.9450337345534763
18172739_AI.txt,0.5037220843672456,0.04987531172069826,0.5781637717121588,0.8870787366733375,0.9642125452285473
18176523_AI.txt,0.4776386404293381,0.05045045045045045,0.5457809694793537,0.943876982423695,0.9837460055370434
18187364_AI.txt,0.4223300970873786,0.07792207792207792,0.47896440129449835,0.6613699444772938,0.9782250159719598
18198627_AI.txt,0.5543237250554324,0.017817371937639197,0.6385809312638581,0.7837807911213146,0.9668146619685104
18208580_AI.txt,0.4979508196721312,0.037037037037037035,0.5860655737704918,0.820487781254201,0.9628905128271358
18227306_AI.txt,0.46102819237147596,0.05324459234608985,0.5306799336650083,0.5551376039703197,0.9268809848486312
18236085_AI.txt,0.39109697933227344,0.03987240829346093,0.4864864864864865,0.636879807187673,0.9646942480513809
18242317_AI.txt,0.4896907216494845,0.07758620689655173,0.5567010309278351,0.8195297927263226,0.9841849896394939
18264694_AI.txt,0.4377952755905512,0.07424960505529225,0.5023622047244094,0.8845015959610107,0.98038704192481
18268860_AI.txt,0.4409448818897638,0.04940711462450593,0.5334645669291339,0.6087871349875177,0.9935095617495857
18278509_AI.txt,0.5317220543806647,0.09422492401215805,0.6163141993957704,1.1498265349460282,0.9752405247712845
18293620_AI.txt,0.43032159264931086,0.08602150537634409,0.5130168453292496,0.681968180433015,0.9765693693078598
18297650_AI.txt,0.49335863377609107,0.022857142857142857,0.573055028462998,0.5692306850698602,0.9473512795741206
18301617_AI.txt,0.5053763440860215,0.06047516198704104,0.567741935483871,1.0327619737794917,0.9571505844472464
18311419_AI.txt,0.48616600790513836,0.04365079365079365,0.5948616600790514,0.5163336521548435,0.9534878389630539
18316239_AI.txt,0.4697452229299363,0.02875399361022364,0.552547770700637,0.5062009351073982,0.963386289111549
18319061_AI.txt,0.4307692307692308,0.09262435677530018,0.5025641025641026,0.6272507140300045,0.957706277290789
18328743_AI.txt,0.4876325088339223,0.03558718861209965,0.5936395759717314,0.6574107032751098,0.9644587193098141
18334783_AI.txt,0.3794466403162055,0.05952380952380952,0.466403162055336,0.7186465311839961,0.9631733893664561
18354623_AI.txt,0.45737704918032784,0.027960526315789474,0.5278688524590164,1.241040054732524,0.9634969340338285
18365443_AI.txt,0.44976816074188564,0.046511627906976744,0.5378670788253478,0.657949091731815,0.9660265383047444
18365791_AI.txt,0.6141732283464567,0.023809523809523808,0.7125984251968503,0.41801366771187004,0.9642729809367246
18368613_AI.txt,0.514367816091954,0.023121387283236993,0.617816091954023,0.7674805610301219,0.9669351838991347
18369400_AI.txt,0.42655935613682094,0.1111111111111111,0.5372233400402414,0.5437276469125513,0.9576367413563655
18422164_AI.txt,0.44858156028368795,0.06405693950177936,0.5390070921985816,0.6710196510640197,0.9741861001808317
18436190_AI.txt,0.48879837067209775,0.024539877300613498,0.5621181262729125,0.6798371892385174,0.9730597249618936
18442517_AI.txt,0.4669479606188467,0.06205923836389281,0.540084388185654,0.5306549086484114,0.9698413891016495
18448085_AI.txt,0.5091743119266054,0.03225806451612903,0.591743119266055,0.935482766008533,0.9620852592826538
18457785_AI.txt,0.4653130287648054,0.050933786078098474,0.5380710659898477,0.8499395925408888,0.9731449483892839
18460045_AI.txt,0.5068493150684932,0.08275862068965517,0.5958904109589042,0.7269090522840732,0.9370009660767636
18472240_AI.txt,0.4451219512195122,0.09815950920245399,0.5457317073170732,0.4940576765974577,0.9368497675353948
18480859_AI.txt,0.36717428087986465,0.15789473684210525,0.44839255499153974,0.6779465386481003,0.9632718700613504
18484846_AI.txt,0.4646098003629764,0.07650273224043716,0.5281306715063521,0.7975239285563456,0.9452683343509918
18488289_AI.txt,0.4486486486486487,0.10849909584086799,0.5081081081081081,1.0977018419033933,0.9541058853432038
18501746_AI.txt,0.46938775510204084,0.05641025641025641,0.5612244897959183,0.5562167065266662,0.9419799986046522
18509268_AI.txt,0.44554455445544555,0.06759443339960239,0.5207920792079208,0.3669302121790248,0.9577434791682573
18525641_AI.txt,0.39290780141843973,0.049786628733997154,0.46808510638297873,0.6009560025580061,0.976788332666534
18557164_AI.txt,0.5268817204301075,0.02159827213822894,0.6064516129032258,0.6327651608543945,0.9745919322457771
18569929_AI.txt,0.46716697936210133,0.05273069679849341,0.5309568480300187,0.843772345471554,0.9778609862829851
18586076_AI.txt,0.42140026420079263,0.06887417218543046,0.49933949801849403,1.0676548206052539,0.9681325492574039
18589927_AI.txt,0.507537688442211,0.017676767676767676,0.6080402010050251,0.6047001353629832,0.9761264503086964
18635654_AI.txt,0.5058479532163743,0.03529411764705882,0.5994152046783626,0.8150252253579774,0.9629945242412365
18636651_AI.txt,0.3803009575923393,0.06721536351165981,0.4473324213406293,0.6402219474478329,0.9551665642541493
18640927_AI.txt,0.44019138755980863,0.104,0.518341307814992,0.48950252473394795,0.9738782488510414
18645964_AI.txt,0.44464609800362975,0.058287795992714025,0.52994555353902,0.7292043122583413,0.9737860613963208
18669563_AI.txt,0.4745762711864407,0.036170212765957444,0.5550847457627118,0.8105898382027908,0.9856254572656558
18714571_AI.txt,0.37773359840954274,0.2774451097804391,0.43737574552683894,0.7731857728252302,0.968935334202012
18725071_AI.txt,0.4592445328031809,0.10179640718562874,0.5467196819085487,0.6555161681610943,0.9468137325685712
18731098_AI.txt,0.504601226993865,0.03230769230769231,0.5782208588957055,0.7305711916268446,0.9539500304158091
18752129_AI.txt,0.4775510204081633,0.03278688524590164,0.5816326530612245,0.9011150994276955,0.974853218058314
18753367_AI.txt,0.4980694980694981,0.04263565891472868,0.5675675675675675,0.6645238769959847,0.9603055595903497
18757174_AI.txt,0.5415384615384615,0.05572755417956656,0.6369230769230769,1.3810577004367905,0.9908797711510449
18767449_AI.txt,0.5282051282051282,0.11855670103092783,0.6051282051282051,1.1836111016603814,0.955466618196786
18784594_AI.txt,0.4852941176470588,0.02214022140221402,0.5698529411764706,0.6042865937131214,0.9375147491072298
18795567_AI.txt,0.5324675324675324,0.049891540130151846,0.6004319654427646,0.9621287610988276,0.96595975241541
18805506_AI.txt,0.4563758389261745,0.04040404040404041,0.5486577181208053,0.9249625174001025,0.9895990320116033
18824120_AI.txt,0.45714285714285713,0.045889101338432124,0.539047619047619,1.1142608692882354,0.9698084240183978
18825446_AI.txt,0.45475113122171945,0.02727272727272727,0.5135746606334841,1.214815470439414,0.9890612743657531
18827609_AI.txt,0.474036850921273,0.03361344537815126,0.5695142378559463,0.5544703576348261,0.9762959402771603
18835363_AI.txt,0.4268292682926829,0.06938775510204082,0.5467479674796748,0.5327007634932797,0.9714054153607882
18856440_AI.txt,0.4811320754716981,0.054924242424242424,0.5584905660377358,0.8936504688944987,0.956931250009161
18882984_AI.txt,0.41809672386895474,0.09389671361502347,0.48673946957878317,0.9543017884795001,0.9856071473606365
18885231_AI.txt,0.5483870967741935,0.05194805194805195,0.632258064516129,0.8967837494200986,0.9814029255358784
18885767_AI.txt,0.3891472868217054,0.09797822706065319,0.45891472868217054,0.8065334550840538,0.9716081740235579
18900722_AI.txt,0.433489827856025,0.08320251177394035,0.5179968701095462,0.5531191506546009,0.9719894241059415
18905648_AI.txt,0.528125,0.06289308176100629,0.6375,0.9272465606355875,0.9812512203140387
18927233_AI.txt,0.5429362880886427,0.03064066852367688,0.6204986149584487,0.6906754829049071,0.9589148577705606
18932512_AI.txt,0.4173728813559322,0.08085106382978724,0.5169491525423728,0.5328119552624478,0.9329313358533247
18937778_AI.txt,0.5135566188197768,0.0448,0.5885167464114832,0.7960745540989405,0.971074626890856
18949843_AI.txt,0.4331723027375201,0.1050080775444265,0.5056360708534622,0.6559297335007939,0.9697024094261439
18975686_AI.txt,0.3996101364522417,0.14481409001956946,0.48148148148148145,0.6923395467292366,0.9514244627265873
18979238_AI.txt,0.49581589958158995,0.02100840336134454,0.5815899581589958,0.6684702563128501,0.9561393139673986
18997135_AI.txt,0.5167652859960552,0.015841584158415842,0.6153846153846154,0.8023309561905178,0.9545603279919002
19007667_AI.txt,0.4639175257731959,0.06920415224913495,0.5498281786941581,0.49282913539059703,0.9214378155492983
19037403_AI.txt,0.511864406779661,0.05952380952380952,0.576271186440678,0.6359462296526963,0.956570129527923
19053815_AI.txt,0.46628407460545196,0.050359712230215826,0.533715925394548,0.9675800604762914,0.9632614172373362
19063156_AI.txt,0.4989293361884368,0.025806451612903226,0.588865096359743,0.5948998023250105,0.9675236969300312
19070271_AI.txt,0.38673139158576053,0.12987012987012986,0.45792880258899676,0.8350329275920007,0.9661697738612698
19072267_AI.txt,0.4276422764227642,0.053833605220228384,0.4959349593495935,0.6529425586320361,0.9760265627264364
19090468_AI.txt,0.41834862385321103,0.0865561694290976,0.4954128440366973,1.3325264576150884,0.997018407221552
19108760_AI.txt,0.443859649122807,0.06514084507042253,0.5175438596491229,1.123252129675257,0.9645897412754789
19124258_AI.txt,0.4007421150278293,0.07635009310986965,0.47309833024118736,0.8743802083270242,0.9556161290532645
19147494_AI.txt,0.4794520547945205,0.047151277013752456,0.5714285714285714,0.32854645585770254,0.9246826335916064
19147603_AI.txt,0.4446529080675422,0.09981167608286252,0.5178236397748592,0.75520004352556,0.978964049188476
19147947_AI.txt,0.5010989010989011,0.12141280353200883,0.5846153846153846,0.9418290628651083,0.9764009757474905
19149865_AI.txt,0.4008559201141227,0.11731044349070101,0.48359486447931527,0.6928998987967436,0.9728401244819187
19156751_AI.txt,0.5008726003490401,0.03852889667250438,0.581151832460733,0.5222620613839425,0.9304070092989724
19161572_AI.txt,0.49122807017543857,0.05653710247349823,0.5824561403508772,0.8335542004344484,0.9667999046939383
19164410_AI.txt,0.39228295819935693,0.05967741935483871,0.48231511254019294,0.5975236851717224,0.9793189403229812
19176318_AI.txt,0.38769230769230767,0.07253086419753087,0.48307692307692307,0.5118407845593285,0.9775137001945843
19179079_AI.txt,0.4151260504201681,0.06408094435075885,0.5008403361344538,0.8133331739239616,0.9667567390958457
19195747_AI.txt,0.3984496124031008,0.1026438569206843,0.49767441860465117,0.3995067367070529,0.9801414026597564
19201175_AI.txt,0.5128205128205128,0.03278688524590164,0.6107226107226107,0.645793527906284,0.9474461575422802
19234823_AI.txt,0.40615835777126097,0.058823529411764705,0.49266862170087977,0.8387649454126008,0.9828814437031833
19243556_AI.txt,0.3977272727272727,0.09446254071661238,0.474025974025974,0.9671336911361386,0.9565120180037264
19268120_AI.txt,0.4444444444444444,0.0625,0.5235690235690236,0.9013657786968182,0.9569122534332054
19284293_AI.txt,0.40875912408759124,0.10688140556368961,0.47883211678832116,0.7063065168046092,0.9756646446251962
19285236_AI.txt,0.4397993311036789,0.025167785234899327,0.5317725752508361,0.577746794537,0.9723943024612024
19302310_AI.txt,0.4739776951672863,0.024253731343283583,0.5687732342007435,0.678076592058819,0.9715182288942994
19336728_AI.txt,0.6277372262773723,0.007352941176470588,0.7043795620437956,0.8090521769235488,0.9593902527005002
19362586_AI.txt,0.4338358458961474,0.10588235294117647,0.5142378559463987,0.5521416731291187,0.9334486429940495
19364677_AI.txt,0.39603960396039606,0.10099337748344371,0.48514851485148514,0.8044011031101941,0.9901560144674112
19374660_AI.txt,0.46842105263157896,0.08626760563380281,0.543859649122807,0.7240349187981299,0.9735605611405865
19396040_AI.txt,0.4612903225806452,0.024271844660194174,0.532258064516129,0.6259659202650998,0.97351223376177
19397727_AI.txt,0.44502617801047123,0.10157618213660245,0.5043630017452007,0.9635838329105219,0.9456105560346258
19402977_AI.txt,0.48370927318295737,0.05037783375314862,0.5664160401002506,0.7076774892822892,0.957871820133601
19405513_AI.txt,0.5,0.03636363636363636,0.5778985507246377,0.47692152815923416,0.9620936481375033
19437318_AI.txt,0.3746958637469586,0.3643031784841076,0.44282238442822386,0.8264348525485556,0.9769970178467344
19444529_AI.txt,0.402315484804631,0.08853410740203194,0.4905933429811867,0.6875519694040718,0.9788718705485561
19446337_AI.txt,0.4765625,0.050156739811912224,0.5546875,0.8150646872095106,0.9888678621968077
19464810_AI.txt,0.49552772808586765,0.05565529622980251,0.5760286225402504,0.781975791413783,0.9540835710438934
19471144_AI.txt,0.4979253112033195,0.05416666666666667,0.5684647302904564,0.7672069811554308,0.9359681415896254
19473948_AI.txt,0.4596774193548387,0.062162162162162166,0.5483870967741935,0.6944735966660743,0.9449849402843168
19497420_AI.txt,0.43784530386740333,0.05124653739612189,0.5262430939226519,0.9445601229916701,0.9569438341781613
19503224_AI.txt,0.40458015267175573,0.10459183673469388,0.4847328244274809,0.9681357534545412,0.9706179561847533
19506295_AI.txt,0.3887434554973822,0.07217847769028872,0.4607329842931937,0.9861633884235296,0.99344802524198
19508520_AI.txt,0.4514991181657848,0.16991150442477876,0.5255731922398589,0.7457237578692941,0.9822641954168205
19518606_AI.txt,0.4483985765124555,0.04285714285714286,0.5391459074733096,0.5058976471292379,0.9641449179723405
19532392_AI.txt,0.4772727272727273,0.06653992395437262,0.5284090909090909,0.5449711038800232,0.9546959344447999
19540089_AI.txt,0.44404332129963897,0.06521739130434782,0.5306859205776173,0.8565483888165545,0.9882599607473916
19545827_AI.txt,0.4897119341563786,0.08884297520661157,0.5720164609053497,0.7826370808777171,0.9663349476493119
19553067_AI.txt,0.4311594202898551,0.056363636363636366,0.5163043478260869,0.7564313950318676,0.9647690249115803
19556300_AI.txt,0.43653846153846154,0.13320463320463322,0.5076923076923077,0.6007185364783706,0.9689524567957166
19557384_AI.txt,0.5103448275862069,0.015570934256055362,0.6,0.966557084995415,0.9619287839980869
19558834_AI.txt,0.47130434782608693,0.034904013961605584,0.5582608695652174,0.6688350055509082,0.945912574764314
19582792_AI.txt,0.4782608695652174,0.029069767441860465,0.5608695652173913,0.8292940276044893,0.948890179822877
19599699_AI.txt,0.5087281795511222,0.08020050125313283,0.5885286783042394,0.8306451864591435,0.9780082604885187
19612167_AI.txt,0.5446428571428571,0.029940119760479042,0.6279761904761905,0.6372180656492096,0.961726074568966
19616406_AI.txt,0.46060606060606063,0.02434077079107505,0.5616161616161616,0.6590891675351425,0.9731849758261211
19671909_AI.txt,0.4463452566096423,0.078003120124805,0.5101088646967341,0.8441143660710901,0.9734998740866438
19714635_AI.txt,0.3854660347551343,0.06339144215530904,0.46445497630331756,0.7446491587776398,0.9481169221891009
19717385_AI.txt,0.4876543209876543,0.08359133126934984,0.5601851851851852,0.9328497322726195,0.9684494555796332
19724031_AI.txt,0.4824561403508772,0.07583774250440917,0.5764499121265377,0.8719605623174589,0.9613130180682296
19738730_AI.txt,0.6193771626297578,0.05574912891986063,0.6782006920415224,0.6657329140844395,0.9780616071714808
19774173_AI.txt,0.5802047781569966,0.041237113402061855,0.6757679180887372,0.929565455203681,0.9606760431523466
19786924_AI.txt,0.5218390804597701,0.057736720554272515,0.6160919540229886,0.8069900892746834,0.9696204884354521
19796840_AI.txt,0.3812754409769335,0.06258503401360545,0.45725915875169604,0.7146507734894997,0.9480411245694568
19818707_AI.txt,0.42727272727272725,0.072992700729927,0.4890909090909091,1.0057459917891791,0.9830162179119438
19831366_AI.txt,0.49700598802395207,0.0783132530120482,0.5658682634730539,0.5359260529180104,0.9522495434587555
19850482_AI.txt,0.4502923976608187,0.04398826979472141,0.5248538011695907,0.9878041119984937,0.9432132620941864
19851252_AI.txt,0.5905172413793104,0.08695652173913043,0.6767241379310345,0.7448825859722196,0.9141868429405947
19861776_AI.txt,0.43031123139377536,0.0773405698778833,0.503382949932341,0.7924631521696172,0.9475571743837394
19867922_AI.txt,0.4892367906066536,0.03536345776031434,0.5733855185909981,0.6403931489740009,0.9802179522536505
19911786_AI.txt,0.4408014571948998,0.11882998171846434,0.5100182149362478,1.2975955108149348,0.9718271328683458
19918523_AI.txt,0.49586776859504134,0.0997229916897507,0.5840220385674931,0.8359514610137173,0.9668104325868965
19920687_AI.txt,0.447098976109215,0.05136986301369863,0.5068259385665529,0.7022959851101626,0.9642363277240958
19926135_AI.txt,0.5287128712871287,0.027833001988071572,0.6118811881188119,0.9175987464420491,0.9624224122691317
19928941_AI.txt,0.5859375,0.015748031496062992,0.6875,0.8613259105697157,0.9511761835451775
19929506_AI.txt,0.46055045871559636,0.11233885819521179,0.5266055045871559,0.9189912784906188,0.9810483440651737
19936735_AI.txt,0.42105263157894735,0.08635097493036212,0.4986149584487535,0.7072155919560131,0.9873988993079972
19938081_AI.txt,0.48008849557522126,0.04666666666666667,0.5575221238938053,0.7127806209601314,0.944516072376262
19951766_AI.txt,0.47390396659707723,0.06485355648535565,0.575,0.9218819095437512,0.9399680145210615
19975121_AI.txt,0.5765765765765766,0.0513595166163142,0.6516516516516516,1.4206630986638815,0.9589487200974964
20001721_AI.txt,0.5733333333333334,0.017857142857142856,0.6755555555555556,0.8465677309447384,0.9782918171787761
20006992_AI.txt,0.5271739130434783,0.07272727272727272,0.6086956521739131,0.7148663306024197,0.9706225126381552
20024870_AI.txt,0.5676328502415459,0.038834951456310676,0.6570048309178744,0.9291599172886866,0.959865367628225
20026169_AI.txt,0.48674242424242425,0.04182509505703422,0.571969696969697,0.8023350651309686,0.9799707665153184
20033302_AI.txt,0.511437908496732,0.02622950819672131,0.5964052287581699,0.8788362539415692,0.9695054136989446
20082776_AI.txt,0.41624365482233505,0.11205432937181664,0.4906937394247039,0.8522398692498937,0.9578621463488644
20110597_AI.txt,0.4690265486725664,0.10657193605683836,0.5345132743362832,0.6234072036993527,0.9436237639766619
20138606_AI.txt,0.476038338658147,0.035256410256410256,0.5527156549520766,0.9067154280001892,0.938078850268529
20141807_AI.txt,0.5255905511811023,0.015810276679841896,0.610236220472441,0.6079479740911046,0.9709402071771693
20148147_AI.txt,0.47674418604651164,0.028037383177570093,0.5744186046511628,0.6382916996325075,0.9311498586969312
20149476_AI.txt,0.4513677811550152,0.09451219512195122,0.5121580547112462,1.6442750130167554,0.9912647220277855
20172393_AI.txt,0.44153577661431065,0.08231173380035026,0.5270506108202443,0.8043758345577466,0.985433662076765
20176584_AI.txt,0.3538647342995169,0.18280871670702178,0.4190821256038647,0.8376425376539219,0.9639754520579406
20210676_AI.txt,0.4492099322799097,0.045351473922902494,0.5372460496613995,0.9699209589945269,0.9854132405175741
20211577_AI.txt,0.4186851211072664,0.11979166666666667,0.5,0.6925307693017858,0.962123855564653
20230207_AI.txt,0.45685279187817257,0.059422750424448216,0.5160744500846024,0.9103782414408709,0.9804394963248114
20237244_AI.txt,0.45549738219895286,0.13421052631578947,0.5261780104712042,1.0267137852329484,0.9820824118788644
20253563_AI.txt,0.42395437262357416,0.07061068702290077,0.5095057034220533,0.5807341058835161,0.9574751179716822
20255404_AI.txt,0.45394736842105265,0.04455445544554455,0.5296052631578947,1.0167463102206016,0.9577645897793051
20272792_AI.txt,0.5263157894736842,0.027855153203342618,0.628808864265928,0.5996145734261725,0.9634453592806238
20275356_AI.txt,0.361890694239291,0.09925925925925926,0.45937961595273263,0.4853136972289269,0.9814273168146351
20279756_AI.txt,0.49233716475095785,0.03461538461538462,0.5708812260536399,0.9912622323375183,0.9711731438484927
20314980_AI.txt,0.4919210053859964,0.02882882882882883,0.5673249551166966,0.5233294325755267,0.9909403681951398
20317319_AI.txt,0.4577777777777778,0.09806835066864784,0.5333333333333333,0.609246823759769,0.9499468755252208
20321582_AI.txt,0.43209876543209874,0.06740027510316368,0.48559670781893005,0.48939896733119115,0.961786055239243
20324037_AI.txt,0.4296875,0.0784313725490196,0.517578125,0.5975751458810217,0.9821919166045234
20330739_AI.txt,0.3521545319465082,0.08196721311475409,0.4294205052005943,0.43305740273529875,0.9627240974781767
20345168_AI.txt,0.46943231441048033,0.043859649122807015,0.5567685589519651,0.5421505977558383,0.9941951741044951
20356750_AI.txt,0.5074626865671642,0.0275,0.6019900497512438,0.5578925200905249,0.9888421411020887
20357858_AI.txt,0.5217391304347826,0.0611353711790393,0.6108695652173913,0.8924327773116687,0.9445487731635327
20390397_AI.txt,0.4884210526315789,0.05919661733615222,0.56,0.5908294469901463,0.965498050647792
20393721_AI.txt,0.47195357833655704,0.09514563106796116,0.5357833655705996,0.9464982472643116,0.9566531535765864
20399718_AI.txt,0.3935599284436494,0.12208258527827648,0.4740608228980322,0.7380242429605447,0.951046784163069
20400279_AI.txt,0.42057761732851984,0.08152173913043478,0.5036101083032491,0.9953072754184968,0.9571372415121068
20408458_AI.txt,0.4515539305301645,0.08256880733944955,0.5283363802559415,0.5855240673346337,0.9713029849396377
20417897_AI.txt,0.5110663983903421,0.028282828282828285,0.5935613682092555,0.8964669755676199,0.9878115594663848
20423658_AI.txt,0.4372549019607843,0.06299212598425197,0.5333333333333333,0.6455199424072637,0.9722827425248627
20427934_AI.txt,0.5139442231075697,0.064,0.599601593625498,0.6485881262898823,0.9652051805456824
20457611_AI.txt,0.4507512520868113,0.08877721943048576,0.5091819699499165,0.8605794940742857,0.9686851334602767
20470943_AI.txt,0.5470941883767535,0.012072434607645875,0.6332665330661322,0.6773831681064344,0.9677878005911761
20478831_AI.txt,0.4438095238095238,0.08604206500956023,0.5238095238095238,0.8477979922179141,0.9667623964087223
20488267_AI.txt,0.4513888888888889,0.1325581395348837,0.5231481481481481,0.7873931532414684,0.9436419579559434
20490741_AI.txt,0.49506903353057197,0.04554455445544554,0.5857988165680473,0.6182396389203818,0.9794287279286276
20504094_AI.txt,0.4494556765163297,0.062402496099843996,0.5287713841368584,0.7274335797613325,0.9791134428236908
20544228_AI.txt,0.46935201401050786,0.0351493848857645,0.5674255691768827,0.7539172130180615,0.9760370967322742
20552814_AI.txt,0.46292585170340683,0.07243460764587525,0.5490981963927856,0.6617853138693244,0.9725965417219914
20553895_AI.txt,0.5531914893617021,0.03363914373088685,0.6474164133738601,0.786072289993155,0.9578567440507529
20565486_AI.txt,0.4483306836248013,0.07974481658692185,0.5246422893481717,0.5563239591808278,0.9333099391916643
20565849_AI.txt,0.45368171021377673,0.162291169451074,0.5486935866983373,0.5139555611811544,0.9485045585467632
20566550_AI.txt,0.53125,0.02613240418118467,0.6059027777777778,0.813545336678111,0.9815348069123833
20574232_AI.txt,0.3844797178130511,0.05309734513274336,0.4479717813051146,0.6358073614011144,0.965906068857895
20604208_AI.txt,0.5118279569892473,0.0755939524838013,0.5827956989247312,0.9044443207407838,0.9771676552826252
20624984_AI.txt,0.5166666666666667,0.03827751196172249,0.6071428571428571,0.5406518489459806,0.9751981282343835
20626794_AI.txt,0.5934959349593496,0.01639344262295082,0.6991869918699187,0.40224156721495347,0.953553210879797
20628003_AI.txt,0.5639344262295082,0.052805280528052806,0.6688524590163935,0.46608678199108483,0.9550194469887932
20633855_AI.txt,0.47928994082840237,0.033663366336633666,0.5838264299802761,0.6531776188322852,0.9266259175795148
20674668_AI.txt,0.4410029498525074,0.04437869822485207,0.5117994100294986,1.2727230430359793,0.9572337043518186
20681037_AI.txt,0.5941422594142259,0.0379746835443038,0.6903765690376569,0.9359602645037542,0.950717141721602
20691949_AI.txt,0.4817351598173516,0.06192660550458716,0.5776255707762558,0.9243962086328618,0.9715537937096352
20698469_AI.txt,0.452991452991453,0.11373390557939914,0.5341880341880342,0.5693845079985211,0.9670571470326584
20705888_AI.txt,0.49658703071672355,0.0410958904109589,0.590443686006826,0.7130299665953216,0.9473429289780444
20736486_AI.txt,0.4657534246575342,0.04580152671755725,0.5464231354642314,0.9828578107719059,0.9424319827643186
20748468_AI.txt,0.4413075780089153,0.05961251862891207,0.5170876671619614,0.7673068667093135,0.9494456845530113
20748926_AI.txt,0.4982394366197183,0.05123674911660778,0.579225352112676,0.6992716026818656,0.9607654400743202
20748929_AI.txt,0.518783542039356,0.03231597845601436,0.5992844364937389,0.6805048850232996,0.9430439764998647
20765795_AI.txt,0.49584026622296173,0.03005008347245409,0.5790349417637272,0.5652516163767284,0.9538652608420465
20806155_AI.txt,0.436077057793345,0.09666080843585237,0.5078809106830122,0.7331959887939974,0.9750502185548844
20817322_AI.txt,0.4173354735152488,0.09967845659163987,0.5016025641025641,1.124856672128952,0.9652734297523803
20819838_AI.txt,0.3676703645007924,0.15262321144674085,0.4469096671949287,0.640461537675281,0.9685704338403291
20824105_AI.txt,0.482,0.05040322580645161,0.5461847389558233,0.9482524082072492,0.9742568146344263
20835760_AI.txt,0.46236559139784944,0.04776579352850539,0.5529953917050692,0.6103846518308863,0.9330194755367415
20836112_AI.txt,0.3406113537117904,0.31359649122807015,0.4279475982532751,0.5881746825374158,0.9807269443781217
20850529_AI.txt,0.46260869565217394,0.07678883071553229,0.542608695652174,0.63909718931576,0.9533522106038347
20879311_AI.txt,0.4455882352941177,0.05457227138643068,0.5029411764705882,0.9899357306739929,0.9797149504549405
20880935_AI.txt,0.47657841140529533,0.032719836400818,0.570264765784114,0.5781553870474113,0.9827278149779757
20882041_AI.txt,0.3888888888888889,0.05574912891986063,0.4774305555555556,0.4643381039604248,0.9654833425007454
20905088_AI.txt,0.40789473684210525,0.07755775577557755,0.5098684210526315,0.5997283077045813,0.9723885069080642
20918464_AI.txt,0.49572649572649574,0.08817204301075268,0.5546038543897216,1.465040587769131,0.9737471848834326
20925036_AI.txt,0.5623409669211196,0.05370843989769821,0.6234096692111959,0.8316232477924517,0.9833601286543269
20932019_AI.txt,0.486784140969163,0.04424778761061947,0.566079295154185,0.684749651928173,0.9723543926546017
20966771_AI.txt,0.5136268343815513,0.04631578947368421,0.589098532494759,1.266282889144976,0.9821777132342351
20969119_AI.txt,0.4009433962264151,0.06382978723404255,0.4740566037735849,0.9073760720555403,0.954389830824168
20969845_AI.txt,0.4884210526315789,0.12050739957716702,0.5557894736842105,1.5677628159822665,0.9656722878056105
20977412_AI.txt,0.48722986247544203,0.0670611439842209,0.5736738703339882,0.8819449027529773,0.9665129678084702
20981299_AI.txt,0.4659090909090909,0.032679738562091505,0.5537459283387622,0.7619619419055499,0.9580722451804252
20986595_AI.txt,0.5163934426229508,0.051440329218107,0.5983606557377049,0.7438329462636303,0.9810078187693202
20992320_AI.txt,0.5429769392033543,0.042105263157894736,0.6121593291404612,0.6654014131019266,0.9852913923928523
20993320_AI.txt,0.40536277602523657,0.08544303797468354,0.4889589905362776,1.020483452716903,0.9661781024232701
21007083_AI.txt,0.5936254980079682,0.024096385542168676,0.6573705179282868,0.7773738712272111,0.9662295947931221
21031285_AI.txt,0.4548611111111111,0.06620209059233449,0.5399305555555556,1.061715660320208,0.9702004538034381
21038022_AI.txt,0.4954128440366973,0.06445672191528545,0.5706422018348624,0.8954602761711945,0.940094946935771
21060367_AI.txt,0.4222222222222222,0.0634648370497427,0.49230769230769234,0.6712750310675447,0.958992589077728
21101152_AI.txt,0.40530973451327434,0.0994671403197158,0.49734513274336284,0.5110793186159328,0.9618493713597566
21122155_AI.txt,0.44176706827309237,0.09785522788203753,0.49732620320855614,0.9792064211829495,0.981263528026498
21125113_AI.txt,0.5306930693069307,0.05168986083499006,0.6079207920792079,0.5801456913904968,0.9735745952775688
21134923_AI.txt,0.5074349442379182,0.061567164179104475,0.5836431226765799,1.0208059920935686,0.9738637463797725
21156767_AI.txt,0.4429065743944637,0.03819444444444445,0.5311418685121108,0.589609376184332,0.9667920033806499
21178545_AI.txt,0.48632218844984804,0.15091463414634146,0.5455927051671733,1.7503423372885534,0.9802647939179121
21190805_AI.txt,0.47005444646098005,0.060109289617486336,0.5462794918330308,0.43025856167602256,0.9596418970100854
21238396_AI.txt,0.4900900900900901,0.03074141048824593,0.6018018018018018,0.4921002194130884,0.9620581785422494
21265194_AI.txt,0.37518248175182484,0.1595900439238653,0.44963503649635034,0.9133146183823758,0.9811405287486282
21283365_AI.txt,0.4567404426559356,0.10303030303030303,0.5331991951710262,0.3782049690035803,0.955197419550263
21283733_AI.txt,0.4846743295019157,0.03653846153846154,0.5651340996168582,0.6668260397946438,0.9729432954767223
21287405_AI.txt,0.5015527950310559,0.03426791277258567,0.5854037267080745,0.7601169500660919,0.9661791202303751
21297521_AI.txt,0.49860335195530725,0.022408963585434174,0.5782122905027933,0.7744135648987175,0.9702666012828153
21297828_AI.txt,0.47959183673469385,0.10273972602739725,0.5510204081632653,0.939259373569361,0.9845741400660203
21298336_AI.txt,0.5677966101694916,0.09401709401709402,0.6271186440677966,0.616974834746698,0.9788941501768122
21321598_AI.txt,0.5295315682281059,0.0408997955010225,0.6130346232179226,0.850767585456644,0.9521913162485192
21334981_AI.txt,0.508,0.0642570281124498,0.578,0.7391038898558173,0.9548605129391866
21338490_AI.txt,0.4363256784968685,0.1111111111111111,0.5073068893528184,0.9836702934821254,0.9805627389263815
21363048_AI.txt,0.43293492695883135,0.07190412782956059,0.5099601593625498,1.2052729696966278,0.9652753087542492
21366189_AI.txt,0.46360153256704983,0.04423076923076923,0.5440613026819924,0.8776372031641874,0.9913684207811165
21386255_AI.txt,0.4592833876221498,0.07352941176470588,0.5472312703583062,0.5484407994341771,0.9527067916839579
21478007_AI.txt,0.4842105263157895,0.04929577464788732,0.5736842105263158,0.5744562646538028,0.964922942333893
21511817_AI.txt,0.47985347985347987,0.07536764705882353,0.554945054945055,0.9868320212896409,0.9708995889134037
21512769_AI.txt,0.46629213483146065,0.045112781954887216,0.5430711610486891,0.7449505606932415,0.9905426220912087
21531811_AI.txt,0.5691823899371069,0.02531645569620253,0.6415094339622641,0.6181885268307028,0.9772510780141068
21549195_AI.txt,0.3910171730515192,0.1576158940397351,0.4438573315719947,0.604296239575001,0.9641380012428884
21550454_AI.txt,0.4911147011308562,0.09886547811993517,0.5767366720516963,0.6799254989114834,0.9621349420537189
21567392_AI.txt,0.5422680412371134,0.016563146997929608,0.6082474226804123,0.7528718823189162,0.9813093481349706
21568833_AI.txt,0.4500978473581213,0.06483300589390963,0.5166340508806262,0.5922205967285772,0.9762275265230134
21570485_AI.txt,0.44954128440366975,0.05214723926380368,0.5152905198776758,0.6051726088964213,0.9670038571305235
21586858_AI.txt,0.45590433482810166,0.0704647676161919,0.5411061285500748,1.0317312402967935,0.9633911307465124
21595057_AI.txt,0.44408427876823336,0.06016260162601626,0.5364667747163695,0.48567860679607716,0.9574042480827419
21611212_AI.txt,0.4724770642201835,0.055299539170506916,0.5665137614678899,1.1066716241689243,0.9496614330915204
21611637_AI.txt,0.4242902208201893,0.05221518987341772,0.5141955835962145,0.5679934087621393,0.9639876597145615
21614256_AI.txt,0.4576547231270358,0.06862745098039216,0.5407166123778502,0.5937907274312396,0.9734505220029496
21622444_AI.txt,0.48186528497409326,0.046875,0.5595854922279793,0.7683252784615691,0.9684298525591836
21629057_AI.txt,0.4752136752136752,0.0274442538593482,0.5641025641025641,0.6460701065937374,0.9762387122993783
21645690_AI.txt,0.4701130856219709,0.02593192868719611,0.5460420032310178,0.9406493066662297,0.973016522837553
21663616_AI.txt,0.49489795918367346,0.04436860068259386,0.5595238095238095,1.056504416779166,0.9621675020861925
21669215_AI.txt,0.4940944881889764,0.021739130434782608,0.5826771653543307,0.7026426752483261,0.9574241319900567
21705160_AI.txt,0.5497382198952879,0.06878306878306878,0.643979057591623,0.5897048395082599,0.9488759292546876
21756639_AI.txt,0.5284974093264249,0.03292894280762565,0.6010362694300518,0.7549981212958307,0.9898155323292915
21763056_AI.txt,0.4306930693069307,0.07781456953642384,0.5181518151815182,0.5674078157657652,0.9767073865930463
21773106_AI.txt,0.4559748427672956,0.09779179810725552,0.5283018867924528,0.46454007341159476,0.9548894346369602
21780877_AI.txt,0.4657320872274143,0.0484375,0.5451713395638629,0.7366571598706815,0.9574068666168369
21782152_AI.txt,0.5216494845360825,0.041407867494824016,0.6123711340206186,0.5893926625193638,0.9539104906859835
21794875_AI.txt,0.47079646017699117,0.0674955595026643,0.5309734513274337,0.8400250603200468,0.980629110847034
21796843_AI.txt,0.42684766214177977,0.0907715582450832,0.5158371040723982,0.7358359161195374,0.9708101621143105
21807211_AI.txt,0.5423387096774194,0.04048582995951417,0.625,0.8781911012157148,0.9559174745133044
21807224_AI.txt,0.41935483870967744,0.08564814814814815,0.4976958525345622,0.8465356694465811,0.9908669428542829
21809601_AI.txt,0.47876447876447875,0.06782945736434108,0.5598455598455598,0.45248601085184736,0.9423749732758118
21830565_AI.txt,0.4195121951219512,0.06525285481239804,0.510569105691057,0.661508718282355,0.9507410295150589
21847415_AI.txt,0.4398216939078752,0.06706408345752608,0.49777117384843983,1.2690369623860789,0.9689031274832832
21853199_AI.txt,0.38808373590982287,0.1260096930533118,0.4573268921095008,0.914153799678586,0.9815537489866464
21856577_AI.txt,0.49764150943396224,0.023696682464454975,0.5990566037735849,0.5469293126524901,0.9630998313503283
21866029_AI.txt,0.4190800681431005,0.08717948717948718,0.4991482112436116,0.7384524733767892,0.9642554763364997
21867728_AI.txt,0.430327868852459,0.04246575342465753,0.5068306010928961,0.6844088687449847,0.9204976666270591
21868149_AI.txt,0.5254582484725051,0.03067484662576687,0.6130346232179226,1.010302762293112,0.9732225586124268
21869994_AI.txt,0.4682080924855491,0.06382978723404255,0.5452793834296724,0.8644692854169939,0.9729896067542332
21904897_AI.txt,0.48404255319148937,0.07754010695187166,0.5797872340425532,1.0412297729486486,0.9657595892029454
21912637_AI.txt,0.4732824427480916,0.06896551724137931,0.5324427480916031,1.1585001693679873,0.9873810956263832
21916744_AI.txt,0.5129151291512916,0.05,0.5922509225092251,1.2719958272458651,0.9379187211510774
22008817_AI.txt,0.42105263157894735,0.05054945054945055,0.4934210526315789,0.8687393304698741,0.9826125628382375
22019500_AI.txt,0.4557823129251701,0.040955631399317405,0.5204081632653061,0.7850325726271896,0.9664967598534943
22025574_AI.txt,0.4629294755877034,0.05989110707803993,0.5406871609403255,0.5215472517615172,0.9627086841878895
22042181_AI.txt,0.446360153256705,0.057692307692307696,0.5344827586206896,0.6449847215285731,0.9625260334881927
22047665_AI.txt,0.535483870967742,0.045454545454545456,0.6419354838709678,0.4765309471106448,0.9475839078268619
22056333_AI.txt,0.5060606060606061,0.057926829268292686,0.5848484848484848,0.9270416296167863,0.9719160090028236
22093368_AI.txt,0.4861788617886179,0.026101141924959218,0.5707317073170731,0.831795825345657,0.9631601613688751
22168194_AI.txt,0.442159383033419,0.15503875968992248,0.5244215938303342,0.778887913824757,0.9692082023593533
22182279_AI.txt,0.49868073878627966,0.04774535809018567,0.5804749340369393,0.9094254136989897,0.9847209747061737
22232367_AI.txt,0.4653846153846154,0.08108108108108109,0.5423076923076923,0.8557051722755527,0.9792452854263641
22249155_AI.txt,0.45789473684210524,0.1349206349206349,0.5421052631578948,0.6480238909687583,0.9301745223978669
22259475_AI.txt,0.4826254826254826,0.040697674418604654,0.5733590733590733,0.7227190298313894,0.9125630079507258
22259768_AI.txt,0.36023391812865496,0.09378663540445487,0.41637426900584795,0.4158315818432575,0.9586531458850486
22319662_AI.txt,0.5091463414634146,0.06134969325153374,0.6097560975609756,0.9532684386504265,0.9457472658333702
22323967_AI.txt,0.45368916797488223,0.03622047244094488,0.5447409733124019,0.7794579320294346,0.9696437734973963
22349169_AI.txt,0.41594827586206895,0.18181818181818182,0.47413793103448276,0.8242067050669803,0.9477675789873653
22351830_AI.txt,0.5108877721943048,0.013445378151260505,0.5829145728643216,1.0646289583244102,0.9720481504050131
22380187_AI.txt,0.5562700964630225,0.12297734627831715,0.639871382636656,1.040770854965434,0.9421505774709863
22391901_AI.txt,0.4956217162872154,0.03690685413005272,0.5779334500875657,0.5437638007784981,0.9390323382047016
22408666_AI.txt,0.4552683896620278,0.021956087824351298,0.5546719681908548,0.9590803132116729,0.9600618047290559
22423839_AI.txt,0.4503171247357294,0.07006369426751592,0.5369978858350951,0.5940684506721831,0.9716251647950183
22442947_AI.txt,0.45414847161572053,0.07456140350877193,0.5524017467248908,0.34711808430120183,0.9664285476320291
22450718_AI.txt,0.5477707006369427,0.021321961620469083,0.6263269639065817,1.1981739149388928,0.9656056988152523
22452756_AI.txt,0.45893719806763283,0.02912621359223301,0.5579710144927537,0.8141556482949702,0.9636206752561713
22455205_AI.txt,0.48214285714285715,0.11648745519713262,0.5446428571428571,1.2186411868262124,0.9663296401119683
22465498_AI.txt,0.4642857142857143,0.07547169811320754,0.5639097744360902,0.7855114262031107,0.9739488247639113
22485475_AI.txt,0.5166340508806262,0.043222003929273084,0.5909980430528375,1.0218717128668617,0.9735433991024718
22488036_AI.txt,0.47115384615384615,0.03858520900321544,0.5448717948717948,0.5618993947085755,0.9620753710083967
22492537_AI.txt,0.4460431654676259,0.05415162454873646,0.5287769784172662,0.6536397835326693,0.9583124427742735
22496394_AI.txt,0.43320610687022904,0.2547892720306513,0.5057251908396947,0.9807565141928419,0.9287992257702314
22506245_AI.txt,0.4693446088794926,0.050955414012738856,0.5623678646934461,1.2005604466999704,0.9868755024186338
22510753_AI.txt,0.47504621072088726,0.10018552875695733,0.5674676524953789,1.0225980929607794,0.9650983044536385
22546476_AI.txt,0.47,0.08835341365461848,0.542,0.5898450994789312,0.9855863208445684
22551979_AI.txt,0.5231910946196661,0.0446927374301676,0.5955473098330241,0.5528568171867161,0.9634845026416273
22556198_AI.txt,0.4504792332268371,0.057692307692307696,0.5351437699680511,0.5356506050106292,0.9653302865600742
22560013_AI.txt,0.45666666666666667,0.051839464882943144,0.525,0.6955279483846261,0.9653135929841269
22561438_AI.txt,0.5079365079365079,0.04153354632587859,0.6190476190476191,0.7884409501308349,0.9768935453605485
22567495_AI.txt,0.4570957095709571,0.046357615894039736,0.5214521452145214,0.8521520453817464,0.9836813083659192
22571461_AI.txt,0.5092402464065708,0.03917525773195876,0.5872689938398358,0.9471561404623989,0.9829521125804926
22593054_AI.txt,0.5106382978723404,0.04700854700854701,0.6212765957446809,0.7200714214362467,0.9524029239676668
22605864_AI.txt,0.42644628099173554,0.06965174129353234,0.4991735537190083,0.6309182603473048,0.9895241430688543
22615491_AI.txt,0.5256410256410257,0.0967741935483871,0.6121794871794872,0.6085577606743037,0.9840091268968184
22622351_AI.txt,0.4364937388193202,0.07001795332136446,0.5205724508050089,0.5765013806541975,0.9851697688792935
22632070_AI.txt,0.4320388349514563,0.07804878048780488,0.5218446601941747,0.9823541976847944,0.9630376244670997
22650051_AI.txt,0.49413735343383586,0.047058823529411764,0.5644891122278057,1.2135175801867293,0.9625423122640485
22675694_AI.txt,0.4658536585365854,0.051470588235294115,0.5585365853658537,0.9433534154520475,0.9671815309116117
22706174_AI.txt,0.41403508771929826,0.04929577464788732,0.5,0.5986405565863641,0.9460178802067878
22718826_AI.txt,0.46656050955414013,0.07507987220447285,0.5445859872611465,0.7036283691259146,0.9619878771128841
22720697_AI.txt,0.41742286751361163,0.10018214936247723,0.49909255898366606,1.052854301442751,0.9815146134100485
22732234_AI.txt,0.49471830985915494,0.037102473498233215,0.5757042253521126,0.4417557833075552,0.9572017748204493
22754014_AI.txt,0.3990228013029316,0.049019607843137254,0.498371335504886,0.871471589368203,0.9854464714717672
22765255_AI.txt,0.5102459016393442,0.06995884773662552,0.5799180327868853,1.0314326845835344,0.9518334887727086
22776912_AI.txt,0.41678726483357453,0.06095791001451379,0.48480463096960924,1.352137700984535,0.9499102505168349
22800977_AI.txt,0.4784172661870504,0.0631768953068592,0.5287769784172662,0.767396517497723,0.970259329313799
22807104_AI.txt,0.5120772946859904,0.02912621359223301,0.5942028985507246,0.6103236613268925,0.9510924794079197
22848179_AI.txt,0.44958677685950416,0.06301824212271974,0.5223140495867769,1.0541728716178553,0.9705426700983067
22852364_AI.txt,0.3835227272727273,0.10398860398860399,0.4602272727272727,0.5728036452506187,0.9945414308370787
22855060_AI.txt,0.5119617224880383,0.02403846153846154,0.5956937799043063,0.6579040035658054,0.9347858405200646
22861181_AI.txt,0.47701149425287354,0.03076923076923077,0.578544061302682,0.6642547655674534,0.947757200065905
22884757_AI.txt,0.5537459283387622,0.08524590163934426,0.6351791530944625,0.6612169249449483,0.975512184478781
22890839_AI.txt,0.566,0.028112449799196786,0.636,1.3637757112062787,0.9586123256632252
22894544_AI.txt,0.501984126984127,0.035856573705179286,0.6031746031746031,0.46203490764981187,0.9551194627022846
22925443_AI.txt,0.526829268292683,0.029411764705882353,0.5975609756097561,0.741399227003447,0.970570455557708
22946204_AI.txt,0.5140961857379768,0.02329450915141431,0.5655058043117744,1.0289485749159328,0.9598024607770135
22965804_AI.txt,0.4858490566037736,0.0380952380952381,0.5990566037735849,0.6871321037941354,0.9716485323032076
22968380_AI.txt,0.5078740157480315,0.029644268774703556,0.59251968503937,1.0159848928728434,0.9679175230675859
22983516_AI.txt,0.5468085106382978,0.021367521367521368,0.625531914893617,0.6773417705643139,0.9462104694465074
22990761_AI.txt,0.4911242603550296,0.03564356435643564,0.591715976331361,1.3451476711892025,0.9592823137754558
23004695_AI.txt,0.49333333333333335,0.06696428571428571,0.5888888888888889,0.694999777955378,0.9624955860481645
23009962_AI.txt,0.4209621993127148,0.06724137931034482,0.520618556701031,0.5319816737505989,0.9410444825380535
23011221_AI.txt,0.5392781316348195,0.057569296375266525,0.6178343949044586,0.8461583086248989,0.9720487027853685
23015611_AI.txt,0.47840531561461797,0.021630615640599003,0.5771144278606966,0.6127129805811311,0.9510008490995122
23032182_AI.txt,0.4925053533190578,0.03870967741935484,0.582441113490364,0.556916736320686,0.9418962209323799
23032276_AI.txt,0.37831603229527105,0.13410404624277455,0.4417531718569781,0.8312245521249738,0.9604778488603721
23048999_AI.txt,0.44074074074074077,0.07977736549165121,0.5378927911275416,0.6387358917635583,0.9742267273966333
23063986_AI.txt,0.47833333333333333,0.10869565217391304,0.56,0.7975931676682737,0.9642826306448857
23085604_AI.txt,0.34069767441860466,0.1561771561771562,0.4069767441860465,0.4774744614083217,0.963950482502072
23110214_AI.txt,0.4421768707482993,0.04778156996587031,0.5289115646258503,0.5428671960464518,0.9444457105871557
23138078_AI.txt,0.5,0.07386363636363637,0.5641509433962264,1.1276189692656764,0.9814914475784968
23139437_AI.txt,0.4967948717948718,0.0967741935483871,0.5737179487179487,0.5535928512242398,0.932153644079442
23139819_AI.txt,0.4540441176470588,0.06273062730627306,0.5165441176470589,0.821629687408063,0.9926084423718171
23143731_AI.txt,0.43238993710691825,0.138801261829653,0.5110062893081762,0.6089381525574257,0.9458171584900902
23155093_AI.txt,0.4507512520868113,0.06030150753768844,0.5392320534223706,0.336824312977969,0.9564833982543556
23185829_AI.txt,0.46770601336302897,0.05592841163310962,0.5612472160356348,0.39968177692288864,0.9626681041844944
23190306_AI.txt,0.43703703703703706,0.027881040892193308,0.5166666666666667,0.7643894215250913,0.949593931297387
23234047_AI.txt,0.5028901734104047,0.061895551257253385,0.5722543352601156,0.9911885656076898,0.9851021479548457
23246831_AI.txt,0.4407766990291262,0.031189083820662766,0.5320388349514563,0.49312156895339015,0.9527152758562104
23296286_AI.txt,0.4828571428571429,0.04885057471264368,0.58,0.9537951405139509,0.9665505801096548
23302948_AI.txt,0.4666666666666667,0.052924791086350974,0.5263888888888889,1.4366298257610997,0.9775885458506183
23323001_AI.txt,0.43449419568822556,0.07820299500831947,0.5140961857379768,0.6554876226094823,0.9760721088344624
23354541_AI.txt,0.4535211267605634,0.11048158640226628,0.532394366197183,1.123975431087599,0.9684960183456773
23387174_AI.txt,0.4228855721393035,0.06988352745424292,0.5107794361525705,1.0027903492190906,0.9549672090040732
23396633_AI.txt,0.4263565891472868,0.06376360808709176,0.5054263565891473,0.4558417745138708,0.9608718450803186
23398733_AI.txt,0.6309523809523809,0.02,0.7063492063492064,0.843055532207391,0.963145457769429
23398843_AI.txt,0.45588235294117646,0.11392405063291139,0.5462184873949579,0.9161136813406003,0.9668700695427506
23408537_AI.txt,0.5171568627450981,0.054187192118226604,0.6078431372549019,0.7147875770302787,0.946551701184876
23416654_AI.txt,0.460093896713615,0.07378335949764521,0.5383411580594679,0.9599173280369989,0.9465123740192345
23427369_AI.txt,0.463768115942029,0.06181818181818182,0.5489130434782609,0.5743874624682029,0.9642178063307805
23438112_AI.txt,0.44684684684684683,0.10669077757685352,0.5153153153153153,0.6997430893848774,0.9754333405097105
23438227_AI.txt,0.4969040247678019,0.043478260869565216,0.5603715170278638,0.43836583890917785,0.9563842374134189
23464505_AI.txt,0.51931330472103,0.03879310344827586,0.5901287553648069,1.0832570414048257,0.9605733441447211
23477199_AI.txt,0.4789915966386555,0.05485232067510549,0.5525210084033614,1.149290814877866,0.9566239484034532
23497307_AI.txt,0.514161220043573,0.03938730853391685,0.6013071895424836,0.39366116475335444,0.9506889762296783
23510685_AI.txt,0.42342342342342343,0.08283132530120482,0.4864864864864865,0.7674390332202837,0.950930555834202
23513618_AI.txt,0.5042881646655232,0.03442340791738382,0.5746140651801029,0.8684145160484573,0.9877100659632032
23522150_AI.txt,0.5393474088291746,0.028901734104046242,0.6295585412667947,0.8560810094173521,0.9535880249631536
23527321_AI.txt,0.3629943502824859,0.13314447592067988,0.4307909604519774,0.6499078571588205,0.9860855649686852
23568641_AI.txt,0.5064599483204134,0.02077922077922078,0.6072351421188631,0.6831783494673609,0.9745000921677074
23568731_AI.txt,0.45875251509054327,0.09475806451612903,0.5522088353413654,0.47833875451974556,0.9442148961182408
23573064_AI.txt,0.4488330341113106,0.04504504504504504,0.5224416517055656,0.9638177773069656,0.9388874823470373
23577836_AI.txt,0.5251641137855579,0.04395604395604396,0.6061269146608315,0.75589361572588,0.9526993242049436
23591247_AI.txt,0.6007604562737643,0.038314176245210725,0.6958174904942965,0.6263543193385127,0.9787433504078409
23602130_AI.txt,0.5093833780160858,0.05929919137466307,0.5951742627345844,0.964840210256476,0.9805304859130904
23617240_AI.txt,0.4384105960264901,0.08897742363877822,0.5165562913907285,0.8273177316986082,0.9795912429242365
23628651_AI.txt,0.4632352941176471,0.042435424354243544,0.5606617647058824,0.6468160329580491,0.9677804948968174
23631188_AI.txt,0.4497153700189753,0.10285714285714286,0.5351043643263758,1.0814579422692467,0.9643533837773206
23631724_AI.txt,0.41935483870967744,0.1,0.48533724340175954,0.6781573802365416,0.9727401472993329
23636277_AI.txt,0.4470198675496689,0.046511627906976744,0.5182119205298014,0.9549003481940029,0.9880949379884229
23666211_AI.txt,0.5014836795252225,0.025297619047619048,0.5563798219584569,1.4020775081605488,0.9855641879360963
23673025_AI.txt,0.5406976744186046,0.023346303501945526,0.6201550387596899,0.5827218443593601,0.967836581070515
23719943_AI.txt,0.4314789687924016,0.047619047619047616,0.5400271370420624,0.56994586232225,0.9522553188849959
23734441_AI.txt,0.43413729128014844,0.06890130353817504,0.5083487940630798,0.7331534984847652,0.9362710411810893
23752500_AI.txt,0.4177215189873418,0.07441016333938294,0.5027124773960217,0.7492006751199312,0.9555900159259212
23760084_AI.txt,0.5022026431718062,0.059734513274336286,0.5638766519823789,0.781303974434251,0.9520117071420959
23761385_AI.txt,0.5174537987679672,0.032989690721649485,0.6036960985626283,0.8056538691580951,0.9780429525646744
23771896_AI.txt,0.44768439108061747,0.07401032702237521,0.5420240137221269,0.6359525384096155,0.9860476996580514
23782450_AI.txt,0.5565217391304348,0.029154518950437316,0.6463768115942029,0.7007295526284244,0.971937015554922
23804341_AI.txt,0.45528455284552843,0.07142857142857142,0.5528455284552846,0.5501929028752882,0.9665883000112312
23807940_AI.txt,0.3627329192546584,0.14819427148194272,0.4322981366459627,0.9268409779006654,0.9428022904134481
23810469_AI.txt,0.3626543209876543,0.07430340557275542,0.4521604938271605,0.6066939932214054,0.9758147038259629
23814777_AI.txt,0.5038022813688213,0.061068702290076333,0.5817490494296578,0.7051789170491264,0.9844361606531501
23818675_AI.txt,0.4522691705790297,0.07053291536050156,0.53125,0.8603179350709608,0.9653632682940577
23841877_AI.txt,0.4293381037567084,0.1490125673249551,0.4937388193202147,0.7273878648999459,0.9681616431360988
23864648_AI.txt,0.4555984555984556,0.04392764857881137,0.5412371134020618,0.522612888626977,0.9599425834270905
23864858_AI.txt,0.43790849673202614,0.05737704918032787,0.5179738562091504,0.6824715181791258,0.9792561759342973
23914451_AI.txt,0.448566610455312,0.0338409475465313,0.5413153456998314,0.7183260510970089,0.941924087267911
23917826_AI.txt,0.47635135135135137,0.030508474576271188,0.5540540540540541,0.9575169142415767,0.9333143608577179
23918545_AI.txt,0.46306306306306305,0.05063291139240506,0.5495495495495496,1.2014319129039512,0.9658093113319103
23929500_AI.txt,0.468,0.05622489959839357,0.548,1.3655674906164732,0.9554756153612022
23933031_AI.txt,0.42504409171075835,0.07079646017699115,0.5149911816578483,0.5886229300969738,0.951707209063828
23939133_AI.txt,0.43570057581573896,0.038535645472061654,0.5374280230326296,0.5106906108263187,0.9844730734297652
23944036_AI.txt,0.44193548387096776,0.0744336569579288,0.5241935483870968,0.76004273759276,0.9779793426016463
23951429_AI.txt,0.6018808777429467,0.04416403785488959,0.7021943573667712,0.9625628236773868,0.9705070476135917
23955183_AI.txt,0.5,0.05102040816326531,0.5898305084745763,0.5990503939113988,0.9842535284934264
23985183_AI.txt,0.47096774193548385,0.03398058252427184,0.5532258064516129,0.9818430277607475,0.987138325424366
24001783_AI.txt,0.4899598393574297,0.09475806451612903,0.5481927710843374,0.7082274229642803,0.9792786981687609
24020470_AI.txt,0.46106870229007635,0.05053598774885146,0.5343511450381679,0.6506912498385065,0.9539737948967142
24025053_AI.txt,0.5172413793103449,0.017316017316017316,0.5818965517241379,0.8553273182990073,0.9668152880266081
24038620_AI.txt,0.4518201284796574,0.05806451612903226,0.5331905781584583,0.5997769769946392,0.9894939603164542
24061629_AI.txt,0.5460526315789473,0.03303964757709251,0.631578947368421,0.9973550644077795,0.9565547420661061
24068423_AI.txt,0.3907563025210084,0.10252808988764045,0.4495798319327731,1.1349361169148382,0.9873525449933718
24083609_AI.txt,0.601593625498008,0.04819277108433735,0.6852589641434262,0.5736179148397309,0.9623088958942811
24103168_AI.txt,0.44603174603174606,0.07643312101910828,0.526984126984127,0.5878819258406901,0.9657672635152721
24124250_AI.txt,0.46785714285714286,0.02867383512544803,0.5625,0.6504199076445477,0.9615427124059182
24154692_AI.txt,0.5,0.028428093645484948,0.5766666666666667,1.0901731243602737,0.971386169379656
24184357_AI.txt,0.5212264150943396,0.045023696682464455,0.6014150943396226,0.8233652368656009,0.9669083550514317
24219583_AI.txt,0.4570957095709571,0.08278145695364239,0.5313531353135313,0.9628790137242121,0.9647352088044913
24221960_AI.txt,0.5460829493087558,0.046296296296296294,0.6267281105990783,1.1144821103204754,0.9528939504601243
24230851_AI.txt,0.45372460496614,0.1292517006802721,0.5440180586907449,0.6673500824353005,0.9625450075490712
24240349_AI.txt,0.4970873786407767,0.07017543859649122,0.5864077669902913,0.9587953679543603,0.9786197800279457
24251588_AI.txt,0.44571428571428573,0.05736137667304015,0.5466666666666666,0.5650742415903406,0.9662568159312094
24285142_AI.txt,0.5362595419847328,0.032567049808429116,0.6087786259541985,1.2014038459589316,0.9353441132883211
24294778_AI.txt,0.47237076648841353,0.05366726296958855,0.5650623885918004,0.9031762992595629,0.9733070789700157
24322804_AI.txt,0.45598194130925507,0.07482993197278912,0.5575620767494357,0.840870015861777,0.9607682305544293
24349611_AI.txt,0.4747191011235955,0.03380281690140845,0.5351123595505618,0.710938922916041,0.9763931723573848
24361598_AI.txt,0.5260770975056689,0.03416856492027335,0.6167800453514739,0.7999641848133872,0.97483412946923
24397882_AI.txt,0.44101633393829404,0.09836065573770492,0.5172413793103449,1.0892561621963057,0.9496649714775514
24402267_AI.txt,0.4911242603550296,0.039603960396039604,0.5463510848126233,0.6840749290533368,0.9884464005719853
24410405_AI.txt,0.4826923076923077,0.09073359073359073,0.575,1.0207903418590512,0.9385238951322331
24411323_AI.txt,0.5266272189349113,0.08928571428571429,0.6035502958579881,0.3714610411373255,0.9115860504142097
24412546_AI.txt,0.41532976827094475,0.1037567084078712,0.48128342245989303,0.8961614869012493,0.9802151090193905
24416961_AI.txt,0.3421686746987952,0.09782608695652174,0.40602409638554215,1.0135553258098169,0.9824799774803346
24444525_AI.txt,0.4110535405872193,0.1663778162911612,0.4905008635578584,0.8471325065026775,0.9768152744765262
24455357_AI.txt,0.42435424354243545,0.12407407407407407,0.5055350553505535,0.7790700925157998,0.9800174606894857
24491862_AI.txt,0.4800796812749004,0.116,0.547808764940239,0.6334104027719123,0.9849773066109592
24508725_AI.txt,0.4934086629001883,0.06427221172022685,0.5932203389830508,0.9309611922637889,0.9482578586384811
24516163_AI.txt,0.46440129449838186,0.08116883116883117,0.5388349514563107,1.0331327787142957,0.9617438583623757
24530382_AI.txt,0.35145385587863465,0.08365019011406843,0.4222503160556258,0.628080244371008,0.9762519013855964
24533931_AI.txt,0.5378151260504201,0.059322033898305086,0.6176470588235294,0.4071874442606899,0.9350592491500559
24544244_AI.txt,0.5275590551181102,0.01383399209486166,0.610236220472441,0.6140975119893488,0.9394975218742959
24548333_AI.txt,0.4654867256637168,0.055062166962699825,0.552212389380531,0.5660301009204649,0.970581175516401
24550866_AI.txt,0.5279069767441861,0.04449648711943794,0.6107226107226107,0.9044459261929642,0.9752736305306519
24553863_AI.txt,0.40381558028616854,0.08931419457735247,0.48807631160572335,0.583980320231317,0.970308314111154
24559558_AI.txt,0.46320346320346323,0.04775687409551375,0.5454545454545454,0.9030823774524743,0.9683099932005825
24574164_AI.txt,0.41679160419790107,0.06015037593984962,0.4917541229385307,0.6051996710107731,0.9877374050981065
24580361_AI.txt,0.5065616797900262,0.09762532981530343,0.5826771653543307,0.7559489334448481,0.9476927437919098
24583187_AI.txt,0.5542168674698795,0.046370967741935484,0.6325301204819277,1.073442071956731,0.9548207410017161
24588864_AI.txt,0.48223350253807107,0.06960950764006792,0.5549915397631133,0.849473440408089,0.9635764169133656
24589765_AI.txt,0.4512396694214876,0.05306799336650083,0.5256198347107438,0.6704748370141784,0.9623902688608069
24590489_AI.txt,0.4713855421686747,0.01812688821752266,0.5617469879518072,0.6942474726818794,0.964220227454372
24592627_AI.txt,0.3974121996303142,0.14471243042671614,0.46395563770794823,0.9956296870992176,0.9594407143177497
24610685_AI.txt,0.4785185185185185,0.13075780089153047,0.5377777777777778,0.8544278281869375,0.9820880096222565
24611721_AI.txt,0.484251968503937,0.041501976284584984,0.5728346456692913,0.6272107036606865,0.9637224122741554
24643412_AI.txt,0.39176829268292684,0.09021406727828746,0.45884146341463417,0.8110212285807422,0.9745814107534059
24647386_AI.txt,0.37320574162679426,0.0896,0.48165869218500795,0.6377818322082409,0.9732400953867736
24647794_AI.txt,0.4565972222222222,0.041811846689895474,0.5121527777777778,0.5882194504719988,0.9888206928267363
24655918_AI.txt,0.5136842105263157,0.04883227176220807,0.6046511627906976,0.7348533094133919,0.9653138308845601
24658786_AI.txt,0.46056338028169014,0.10734463276836158,0.5140845070422535,1.5152475789039077,0.980261198906685
24668861_AI.txt,0.4674698795180723,0.07125603864734299,0.5385542168674698,0.9576458546387757,0.9709183135161737
24670867_AI.txt,0.4067796610169492,0.046742209631728045,0.5,0.5445651071150441,0.9771557044088903
24673903_AI.txt,0.5605536332179931,0.027874564459930314,0.6608996539792388,0.6157192897182266,0.949811106501472
24677466_AI.txt,0.3971223021582734,0.08802308802308802,0.4618705035971223,0.5610827826422747,0.97476899469104
24679149_AI.txt,0.4357262103505843,0.08710217755443886,0.4991652754590985,0.5166410294646533,0.9204734224045273
24695561_AI.txt,0.4396551724137931,0.08996539792387544,0.5206896551724138,0.7172756045569136,0.938979826355304
24703009_AI.txt,0.47217537942664417,0.05414551607445008,0.5767284991568297,0.6891545511046039,0.9593179512978135
24703983_AI.txt,0.43119266055045874,0.11692307692307692,0.5045871559633027,0.7820681807345707,0.984924590779052
24708621_AI.txt,0.4939759036144578,0.004842615012106538,0.5759036144578313,0.7579223038078359,0.9572325720139911
24709432_AI.txt,0.5085470085470085,0.034334763948497854,0.6175213675213675,0.7451903394269874,0.9693041868535137
24710433_AI.txt,0.5029585798816568,0.07326732673267326,0.5759368836291914,0.8940642558065467,0.9776369644341373
24727739_AI.txt,0.4528301886792453,0.058712121212121215,0.530188679245283,0.6704060311985995,0.9594755359881435
24740005_AI.txt,0.5,0.04332129963898917,0.5845323741007195,0.9534135849144295,0.9491228988183221
24754689_AI.txt,0.45225225225225224,0.07233273056057866,0.527927927927928,0.6898497856080972,0.9654096222491979
24763208_AI.txt,0.4145985401459854,0.09224011713030747,0.49635036496350365,0.4161854361326109,0.9488003704048431
24767027_AI.txt,0.45440494590417313,0.031007751937984496,0.5471406491499228,0.6242027963172003,0.947791523569028
24770846_AI.txt,0.47717842323651455,0.0375,0.5560165975103735,0.7031453379538741,0.963946979296728
24773845_AI.txt,0.43820224719101125,0.07464788732394366,0.5280898876404494,0.48835004537048354,0.9464809609524191
24791126_AI.txt,0.43992248062015504,0.13424124513618677,0.5,1.3360968390560382,0.9886765675700195
24799301_AI.txt,0.49019607843137253,0.10276679841897234,0.592156862745098,0.7788880963698614,0.9712289002856097
24817041_AI.txt,0.5173410404624278,0.05813953488372093,0.5953757225433526,0.6632393216691438,0.9729874362997288
24828381_AI.txt,0.4311111111111111,0.09212481426448738,0.52,0.9780951331490423,0.979712979406995
24833063_AI.txt,0.43364197530864196,0.03715170278637771,0.5015432098765432,0.9498923753201507,0.9877587028555636
24854026_AI.txt,0.4474789915966387,0.0379746835443038,0.5168067226890757,0.7709521117606183,0.997795205325896
24889109_AI.txt,0.4873524451939292,0.05414551607445008,0.5446880269814502,1.1093888785909711,0.9746199439040615
24905947_AI.txt,0.46402877697841727,0.08303249097472924,0.5467625899280576,0.7234346817942702,0.9642336095658639
24913648_AI.txt,0.4423728813559322,0.027210884353741496,0.5169491525423728,0.7175111850365274,0.9039652110822499
24946537_AI.txt,0.4780316344463972,0.047619047619047616,0.5588752196836555,0.7301303256186843,0.9533556149479729
24953126_AI.txt,0.39072847682119205,0.15780730897009967,0.4602649006622517,0.7297374115196678,0.9636642788928742
24953921_AI.txt,0.500875656742557,0.054481546572934976,0.5814360770577933,0.5709799253994206,0.9724876125410525
24964303_AI.txt,0.36813186813186816,0.1652892561983471,0.44368131868131866,0.6653946744072035,0.9619926074839822
24967652_AI.txt,0.4121510673234811,0.06589785831960461,0.49589490968801314,0.8938638820639939,0.947663328553935
24977396_AI.txt,0.48353552859618715,0.043478260869565216,0.5753899480069324,0.6316389643237598,0.9728595814990363
24983760_AI.txt,0.44122137404580153,0.06584992343032159,0.4961832061068702,0.7512403268468328,0.9524270507079122
24989856_AI.txt,0.4397590361445783,0.07056451612903226,0.5301204819277109,1.4450169024171533,0.9920875895052815
24994145_AI.txt,0.5020161290322581,0.02631578947368421,0.5745967741935484,0.693622899491056,0.9690697963271678
25001005_AI.txt,0.4105263157894737,0.07390648567119155,0.5082706766917293,0.5970451293994932,0.9711934727836193
25023614_AI.txt,0.5191146881287726,0.030364372469635626,0.6108870967741935,0.6220392497400263,0.9571682810449623
25038571_AI.txt,0.36585365853658536,0.16122448979591836,0.43902439024390244,0.4243611889070269,0.9842599394903865
25047127_AI.txt,0.5945205479452055,0.0440771349862259,0.663013698630137,0.881109123233737,0.9746077592638408
25061645_AI.txt,0.5100864553314121,0.08695652173913043,0.590778097982709,0.9764353779170118,0.9872404805629337
25067742_AI.txt,0.4463276836158192,0.23863636363636365,0.5254237288135594,0.736808408080321,0.9569221044679981
25070914_AI.txt,0.4411764705882353,0.06076388888888889,0.5190311418685121,0.5594540761898293,0.9583213920737934
25080805_AI.txt,0.4619289340101523,0.11375212224108659,0.5380710659898477,0.7910577554059173,0.9746615331953906
25098739_AI.txt,0.5403225806451613,0.04878048780487805,0.6370967741935484,0.4202069506488073,0.9605664143344768
25101183_AI.txt,0.4154786150712831,0.05930470347648262,0.515274949083503,0.5161575890757513,0.9730478984954507
25127518_AI.txt,0.4563758389261745,0.05855855855855856,0.547085201793722,0.8674842896880398,0.9765933399840993
25128608_AI.txt,0.4021164021164021,0.06371681415929203,0.47442680776014107,0.8674758079138947,0.9646435049347776
25142074_AI.txt,0.5231481481481481,0.05116279069767442,0.6134259259259259,0.7316854644088268,0.9652323493411221
25150191_AI.txt,0.5316455696202531,0.07203389830508475,0.6075949367088608,0.7379311371837257,0.9699933423457441
25157655_AI.txt,0.5633802816901409,0.031914893617021274,0.6654929577464789,0.6396563689967607,0.9639566282606369
25162378_AI.txt,0.47769516728624534,0.03731343283582089,0.5631970260223048,0.9640041010289451,0.940183169792642
25187733_AI.txt,0.4658040665434381,0.07606679035250463,0.5545286506469501,0.7905040578582437,0.9830780115208013
25200253_AI.txt,0.3670520231213873,0.21304347826086956,0.434971098265896,0.7709799246722163,0.9849778169281541
25207620_AI.txt,0.423828125,0.027450980392156862,0.533203125,0.6232555203479594,0.9499403425446455
25213006_AI.txt,0.4774066797642436,0.09861932938856016,0.5618860510805501,0.740004158136917,0.9675610901339927
25224998_AI.txt,0.5199335548172758,0.05333333333333334,0.5946843853820598,0.847001438245641,0.9691586729162912
25258040_AI.txt,0.3994082840236686,0.06083086053412463,0.49556213017751477,0.6188630834371089,0.938370690563369
25315791_AI.txt,0.46851385390428213,0.04050632911392405,0.5818639798488665,0.5229349520738292,0.9544121580081654
25328428_AI.txt,0.4680073126142596,0.08256880733944955,0.5484460694698354,0.9996088924990094,0.9663559157087735
25330083_AI.txt,0.4657258064516129,0.05668016194331984,0.5625,0.90659839285766,0.9419031546490383
25370801_AI.txt,0.476,0.13306451612903225,0.56,0.6119108669495167,0.9107993643724436
25397102_AI.txt,0.5229759299781181,0.05274725274725275,0.6039387308533917,0.6401176339948297,0.9711508177728236
25413261_AI.txt,0.4752650176678445,0.040780141843971635,0.5530035335689046,0.870843968499162,0.9240325655543455
25422388_AI.txt,0.42065009560229444,0.21880998080614203,0.47609942638623326,0.7305701906516144,0.9779972026738613
25425322_AI.txt,0.4164420485175202,0.11216216216216217,0.4838274932614555,1.054349198787055,0.9728534431998156
25451319_AI.txt,0.44,0.08032128514056225,0.516,0.5974794676687344,0.958139271600823
25452321_AI.txt,0.4409171075837742,0.07256637168141593,0.5185185185185185,0.5509138025061018,0.9590709711695826
25462793_AI.txt,0.4957983193277311,0.09577464788732394,0.5742296918767507,0.9379331675226138,0.9909294463588967
25482567_AI.txt,0.39952718676122934,0.0997624703087886,0.48936170212765956,0.6990753995643485,0.9651297782116095
25497147_AI.txt,0.4184027777777778,0.12195121951219512,0.4913194444444444,0.7293751768674345,0.9836455039177434
25507648_AI.txt,0.46440129449838186,0.0698051948051948,0.5355987055016181,0.658462629022596,0.9653093319298072
25525152_AI.txt,0.5565749235474006,0.06769230769230769,0.6299694189602446,0.7135389541762225,0.9757010785927887
25543217_AI.txt,0.4706766917293233,0.10558069381598793,0.5293233082706766,0.6307132149820691,0.9767029651258893
25547145_AI.txt,0.46311475409836067,0.03292181069958848,0.5409836065573771,0.8389671541643302,0.941852903243852
25561640_AI.txt,0.4955947136563877,0.05309734513274336,0.5925110132158591,0.7491861628525457,0.9668926391360831
25588694_AI.txt,0.5105820105820106,0.05851063829787234,0.5978835978835979,0.8097781923122528,0.9678388514467924
25608963_AI.txt,0.46875,0.034482758620689655,0.5421875,0.6198833109133817,0.9503559030363116
25624652_AI.txt,0.4069767441860465,0.141399416909621,0.48401162790697677,0.8306479825785296,0.9737335193010045
25625173_AI.txt,0.44668587896253603,0.06647398843930635,0.521613832853026,0.7198034050344699,0.9806826884198205
25656981_AI.txt,0.5018050541516246,0.025362318840579712,0.5703971119133574,1.05884322676858,0.9491970697718426
25676643_AI.txt,0.4338358458961474,0.047058823529411764,0.507537688442211,0.8317903332023231,0.9404623067500572
25678238_AI.txt,0.4383561643835616,0.10824742268041238,0.5205479452054794,0.8058588609578756,0.9773769386435881
25694422_AI.txt,0.42130365659777425,0.05422647527910686,0.5151033386327504,0.6140018021361628,0.9722437732230869
25706337_AI.txt,0.5152439024390244,0.05521472392638037,0.5762195121951219,0.5236082631378675,0.9690934309097226
25718772_AI.txt,0.538899430740038,0.030476190476190476,0.6129032258064516,0.9082328171404527,0.9656117558801877
25719936_AI.txt,0.47150997150997154,0.06437768240343347,0.5349500713266762,0.8347381012520487,0.9632477788046182
25723793_AI.txt,0.48353552859618715,0.04173913043478261,0.5684575389948007,0.8241528398585308,0.9415495409564627
25724495_AI.txt,0.5044563279857398,0.0518783542039356,0.5846702317290553,0.48433888496599237,0.970062306032292
25729119_AI.txt,0.44967880085653106,0.06881720430107527,0.5310492505353319,0.65732480222535,0.982304491848371
25749150_AI.txt,0.4444444444444444,0.042748091603053436,0.5159817351598174,0.5880416806917868,0.9620871740235478
25780596_AI.txt,0.45472061657032753,0.048355899419729204,0.5279383429672447,0.5940420499279118,0.9568627372636651
25797445_AI.txt,0.45964125560538116,0.06306306306306306,0.5201793721973094,0.5360877119854225,0.975871989296762
25810233_AI.txt,0.4853658536585366,0.07352941176470588,0.5634146341463414,0.7804822349707444,0.9895049410765153
25813953_AI.txt,0.474,0.04417670682730924,0.55,0.7133578811975563,0.9459760934859945
25824789_AI.txt,0.4472271914132379,0.08797127468581688,0.5044722719141324,0.8934177057427508,0.957812378147426
25834360_AI.txt,0.38821752265861026,0.13787878787878788,0.4697885196374622,0.8441196736064338,0.9671236642998835
25838512_AI.txt,0.4925373134328358,0.05405405405405406,0.6,0.7846231815017776,0.9628088345859619
25839123_AI.txt,0.4828897338403042,0.05747126436781609,0.5665399239543726,0.8753450088584084,0.9459734407733625
25846894_AI.txt,0.44621513944223107,0.068,0.5378486055776892,0.49591192368544246,0.9898065604317727
25857360_AI.txt,0.5058823529411764,0.028368794326241134,0.6141176470588235,0.7816779581575103,0.981552289777945
25862026_AI.txt,0.43548387096774194,0.06115107913669065,0.5286738351254481,0.6310332746190637,0.9619400592507354
25867805_AI.txt,0.4387755102040816,0.08703071672354949,0.5170068027210885,0.6874759600303937,0.981520587115392
25873425_AI.txt,0.5708154506437768,0.021551724137931036,0.6652360515021459,0.6437586159474764,0.9691632026085042
25905275_AI.txt,0.5046728971962616,0.014084507042253521,0.572429906542056,0.8497915869153828,0.9347231435806159
25919149_AI.txt,0.4934579439252336,0.08630393996247655,0.5906542056074766,0.6604430521626353,0.9287816216443732
25923361_AI.txt,0.4338919925512104,0.052336448598130844,0.5102420856610801,0.6114667702299987,0.9804902859967604
25924968_AI.txt,0.3781763826606876,0.11394302848575712,0.4588938714499253,0.680923297404914,0.9539091744713128
25926667_AI.txt,0.4966216216216216,0.04576271186440678,0.5777027027027027,0.9245705605224382,0.9435886068820123
25930778_AI.txt,0.5810276679841897,0.06374501992031872,0.6442687747035574,0.8164299282886835,0.9434091762765038
25935030_AI.txt,0.525390625,0.021568627450980392,0.60546875,0.7137512864403563,0.976338355686467
25949631_AI.txt,0.47392638036809814,0.043076923076923075,0.5659509202453987,0.7449313572863836,0.9697347165421105
25953797_AI.txt,0.4679245283018868,0.03802281368821293,0.5735849056603773,0.43313127985540095,0.9759795193489826
25959103_AI.txt,0.40932642487046633,0.11091854419410745,0.49568221070811747,1.1925664517983345,0.9604314916444081
25974844_AI.txt,0.45610687022900764,0.08045977011494253,0.5381679389312977,0.5496538609451406,0.95805403277964
25990239_AI.txt,0.4603854389721627,0.06451612903225806,0.5289079229122056,1.2552933136908744,0.9811649689333004
26013403_AI.txt,0.425414364640884,0.0817174515235457,0.4930939226519337,0.8741475622520233,0.9650156482946725
26046064_AI.txt,0.5263157894736842,0.06713780918727916,0.6070175438596491,0.7868249263055864,0.9781280425519215
26046878_AI.txt,0.49284253578732107,0.06570841889117043,0.5746421267893661,0.8283031245136551,0.967022604543836
26048718_AI.txt,0.4604715672676838,0.05146036161335188,0.5270457697642164,1.0965960777230812,0.9730446824999781
26065877_AI.txt,0.44234800838574423,0.08,0.5136268343815513,0.6693476330517618,0.9765767352886954
26069113_AI.txt,0.4370015948963317,0.025559105431309903,0.5334394904458599,0.41851611473123196,0.9548111084673858
26070334_AI.txt,0.40544871794871795,0.09646302250803858,0.48878205128205127,0.7213182735289638,0.9664301889132715
26071861_AI.txt,0.49122807017543857,0.044921875,0.566147859922179,1.4645858695675804,0.9580480406527342
26079779_AI.txt,0.4428822495606327,0.042328042328042326,0.5202108963093146,0.6273473578323485,0.9661925391043277
26091595_AI.txt,0.4025735294117647,0.12177121771217712,0.4522058823529412,0.48477102954747986,0.9867303046803908
26098594_AI.txt,0.4421768707482993,0.05802047781569966,0.5357142857142857,0.7204216680095133,0.9828808049206381
26125407_AI.txt,0.48092868988391374,0.08319467554076539,0.548922056384743,1.2232576651401752,0.979249041573392
26127853_AI.txt,0.5239923224568138,0.028901734104046242,0.5930902111324377,0.9785353520825735,0.9801058844717219
26130673_AI.txt,0.5329949238578681,0.05357142857142857,0.6243654822335025,0.5698741600939983,0.9649470330074141
26160200_AI.txt,0.4528,0.048154093097913325,0.528,0.9221489404576121,0.9751653385340143
26167298_AI.txt,0.35633626097867,0.06792452830188679,0.4366373902132999,0.6085773308339648,0.973360955901038
26173524_AI.txt,0.5294117647058824,0.04219409282700422,0.6092436974789915,0.7334940522851062,0.9606538080096796
26189601_AI.txt,0.4625,0.06976744186046512,0.5525846702317291,0.5896341909662027,0.9833192618182907
26202430_AI.txt,0.40858505564387915,0.051036682615629984,0.48966613672496023,0.6518145508087346,0.9833211593213403
26231609_AI.txt,0.4055299539170507,0.07550077041602465,0.49923195084485406,0.6120832271431921,0.9815096617942277
26234972_AI.txt,0.5159474671669794,0.06779661016949153,0.5834896810506567,1.340793576230717,0.9443544556452967
26278597_AI.txt,0.4231292517006803,0.06412005457025921,0.5183673469387755,0.8659591721956057,0.9466885322206516
26279402_AI.txt,0.494199535962877,0.06526806526806526,0.5870069605568445,0.6347709166759805,0.9500136527810825
26289308_AI.txt,0.4291044776119403,0.1254681647940075,0.503731343283582,0.8868821627866033,0.9818025825316906
26291616_AI.txt,0.4562899786780384,0.032119914346895075,0.5373134328358209,1.0671487360135423,0.9740594410324791
26330995_AI.txt,0.43295638126009695,0.06807131280388978,0.5153473344103393,0.9670829733656472,0.9682433503096051
26341645_AI.txt,0.3859416445623342,0.061170212765957445,0.46949602122015915,0.8187774674295484,0.9807914806111021
26341987_AI.txt,0.44029850746268656,0.09580838323353294,0.517910447761194,0.8866228005487188,0.9658433552824507
26410763_AI.txt,0.5322997416020672,0.06233766233766234,0.5968992248062015,0.6786066957522945,0.954040541528373
26425074_AI.txt,0.46345811051693403,0.08050089445438283,0.5365418894830659,1.0895304231307354,0.9875599510317575
26456474_AI.txt,0.4336842105263158,0.0507399577167019,0.5073684210526316,0.7158947291033052,0.9521495512767763
26456899_AI.txt,0.47704918032786886,0.06907894736842106,0.5491803278688525,1.804143346091295,0.966615476845039
26459032_AI.txt,0.4918032786885246,0.03782894736842105,0.5868852459016394,0.8050221776452137,0.9798135911828457
26480367_AI.txt,0.3680672268907563,0.17537942664418213,0.4184873949579832,0.5846732564630641,0.9520412141238761
26496059_AI.txt,0.5587044534412956,0.02032520325203252,0.6214574898785425,0.752676477170351,0.9501722752467326
26503829_AI.txt,0.3952380952380952,0.20382165605095542,0.4793650793650794,0.5613582072697152,0.9323428766819148
26509539_AI.txt,0.50199203187251,0.076,0.5776892430278885,0.6870734801630599,0.951933037000722
26530575_AI.txt,0.46243739565943237,0.03685092127303183,0.5358931552587646,0.7398708603570509,0.9848791199734056
26530696_AI.txt,0.5150812064965197,0.04195804195804196,0.5986078886310905,0.6534516378598969,0.9617661964219558
26579709_AI.txt,0.4761092150170648,0.06506849315068493,0.5597269624573379,0.5699265433199447,0.9626464113670208
26581830_AI.txt,0.4906716417910448,0.04681647940074907,0.5597014925373134,0.5569834500233476,0.9564786482840001
26585242_AI.txt,0.4074675324675325,0.09446254071661238,0.48214285714285715,0.8872804547877877,0.9872052633594387
26586477_AI.txt,0.3942701227830832,0.04103967168262654,0.4829467939972715,0.5012680714087907,0.9789461808182348
26622051_AI.txt,0.4794520547945205,0.10216110019646366,0.5264187866927593,0.6529204491528775,0.9386629462918691
26671167_AI.txt,0.5459558823529411,0.033210332103321034,0.625,0.792299111975369,0.9574052190818945
26673507_AI.txt,0.43894899536321486,0.07596899224806201,0.5146831530139103,1.0176815080506505,0.9589483431887624
26676567_AI.txt,0.3864795918367347,0.08695652173913043,0.45918367346938777,1.0372543007326291,0.9622304146344439
26691587_AI.txt,0.54510556621881,0.038535645472061654,0.6468330134357005,0.6482454757599682,0.9511153200632139
26695839_AI.txt,0.4796905222437137,0.06407766990291262,0.5609284332688588,0.9063732923568952,0.9672474778605663
26718039_AI.txt,0.4864864864864865,0.038910505836575876,0.5907335907335908,0.4700498011289975,0.9529245614929999
26746496_AI.txt,0.4539130434782609,0.04363001745200698,0.5234782608695652,0.9517911577293586,0.9665201427042497
26750846_AI.txt,0.42293233082706766,0.20566037735849058,0.4906015037593985,0.8529620784047569,0.9752127073678246
26767199_AI.txt,0.43714285714285717,0.07449856733524356,0.5171428571428571,0.5960192436285175,0.9753967978323452
26768723_AI.txt,0.4648648648648649,0.05605786618444846,0.5387387387387388,0.7494221160087706,0.9734960470549892
26780935_AI.txt,0.441747572815534,0.21266233766233766,0.5388349514563107,0.829151224015134,0.9564316479232416
26790545_AI.txt,0.48903508771929827,0.07488986784140969,0.5964912280701754,0.7198277814489128,0.9739468471331012
26801767_AI.txt,0.45391061452513964,0.03361344537815126,0.5293296089385475,0.8534410690961745,0.9887732954091928
26819872_AI.txt,0.4939759036144578,0.05429864253393665,0.5744360902255639,0.9483965337607556,0.9583517700921531
26829350_AI.txt,0.42042042042042044,0.06927710843373494,0.5,0.4919983172374132,0.9690792472821365
26829561_AI.txt,0.46308724832214765,0.10786516853932585,0.5413870246085011,0.7046749703940584,0.9679000491132065
26834746_AI.txt,0.4560810810810811,0.03220338983050847,0.5320945945945946,0.44181159744665605,0.9416833094521283
26835781_AI.txt,0.48757763975155277,0.0778816199376947,0.5496894409937888,1.0458565174757033,0.9542571469605297
26888302_AI.txt,0.4736111111111111,0.0766016713091922,0.5444444444444444,0.6286851235458821,0.9576020281098689
26896699_AI.txt,0.4352517985611511,0.0812274368231047,0.5377697841726619,0.8846134848314691,0.950505903874482
26908066_AI.txt,0.4644808743169399,0.03656307129798903,0.5446265938069217,0.7636058372499241,0.9699020711660302
26919036_AI.txt,0.4461839530332681,0.023575638506876228,0.5459882583170255,0.6814299358420942,0.9795549693563992
26921245_AI.txt,0.5305785123966942,0.06135986733001658,0.6099173553719008,0.9327954370178086,0.9895633648032253
26924514_AI.txt,0.4726930320150659,0.10396975425330812,0.536723163841808,0.8453865464815529,0.9573517150938663
26932091_AI.txt,0.44337811900191937,0.08092485549132948,0.5393474088291746,0.5911032067418343,0.9607965080313585
26942552_AI.txt,0.481981981981982,0.07013574660633484,0.5675675675675675,0.7375490627694767,0.9657105443712485
26958533_AI.txt,0.5145833333333333,0.03347280334728033,0.60625,0.8550367698873992,0.976290638904732
26961846_AI.txt,0.5285714285714286,0.00819672131147541,0.6224489795918368,0.519898821484045,0.9759071798978682
26975573_AI.txt,0.5303643724696356,0.02032520325203252,0.6133603238866396,0.8235986559904991,0.9842772146663495
26987539_AI.txt,0.38083832335329343,0.07683073229291716,0.4562874251497006,0.6214060762756459,0.9818642255543429
26994282_AI.txt,0.4789473684210526,0.02992957746478873,0.5684210526315789,0.7812009552844785,0.967681829695408
27000192_AI.txt,0.4693548387096774,0.07281553398058252,0.55,1.202717612994713,0.9710383520894552
27004930_AI.txt,0.421875,0.11498257839721254,0.4982638888888889,0.7014402893812899,0.9752677391479562
27018361_AI.txt,0.5050709939148073,0.016293279022403257,0.6105476673427992,0.8746703379886447,0.9492261081371983
27018550_AI.txt,0.471976401179941,0.02967359050445104,0.5663716814159292,0.9129571911283626,0.9688082328936781
27024099_AI.txt,0.4576271186440678,0.06805293005671077,0.5536723163841808,0.661142307698699,0.9451781632253663
27030979_AI.txt,0.4227129337539432,0.060126582278481014,0.5078864353312302,1.2629973227623015,0.983400985979347
27040860_AI.txt,0.5295629820051414,0.05167958656330749,0.6066838046272494,0.5790155445959395,0.9329866168074238
27058381_AI.txt,0.4908350305498982,0.053169734151329244,0.5784114052953157,0.679132677746559,0.937991169748708
27066370_AI.txt,0.4603960396039604,0.03482587064676617,0.551980198019802,0.6695094632980253,0.9730661886228742
27080812_AI.txt,0.3516042780748663,0.07238605898123325,0.43983957219251335,0.6206895456062849,0.9733179908080566
27084878_AI.txt,0.48807631160572335,0.04784688995215311,0.5548489666136724,0.4789246047310276,0.9697335739370799
27090089_AI.txt,0.4743083003952569,0.05555555555555555,0.5573122529644269,0.9709402295233298,0.9775971425000325
27091280_AI.txt,0.48523206751054854,0.0211864406779661,0.5843881856540084,0.5954873925723275,0.9691151423349488
27096471_AI.txt,0.5024630541871922,0.039538714991762765,0.5944170771756979,0.7003065240142212,0.986300777074972
27096796_AI.txt,0.5,0.08139534883720931,0.5747126436781609,1.1444576561530972,0.964235167270305
27099856_AI.txt,0.3507795100222717,0.10491071428571429,0.4398663697104677,0.6685017722047868,0.9738960490250147
27120528_AI.txt,0.4508426966292135,0.07464788732394366,0.5252808988764045,0.6636774513027078,0.9732659235002659
27126818_AI.txt,0.4672566371681416,0.06571936056838366,0.5238938053097345,0.962472379698347,0.973393752922337
27139412_AI.txt,0.5095890410958904,0.011019283746556474,0.6054794520547945,0.5919330093504174,0.9666009940301532
27152464_AI.txt,0.4669211195928753,0.026785714285714284,0.5432569974554707,0.9001705333692961,0.9589771370349884
27164756_AI.txt,0.46774193548387094,0.08823529411764706,0.5410557184750733,1.286474433763306,0.9745195158325768
27165830_AI.txt,0.39046199701937406,0.05082212257100149,0.47540983606557374,0.5668569955618834,0.9799784732541164
27176039_AI.txt,0.4295415959252971,0.11584327086882454,0.48217317487266553,0.5818897266065702,0.9684334086440255
27182111_AI.txt,0.43884892086330934,0.07220216606498195,0.5107913669064749,0.664315445164536,0.9665342259042138
27187994_AI.txt,0.46686746987951805,0.08484848484848485,0.5933734939759037,0.9896114017737163,0.9519070212735506
27213082_AI.txt,0.4402730375426621,0.0821917808219178,0.5307167235494881,0.9168221830239551,0.968288194584947
27219200_AI.txt,0.4068825910931174,0.054878048780487805,0.49190283400809715,0.5324946610762863,0.980909016280149
27233183_AI.txt,0.5528846153846154,0.028985507246376812,0.6298076923076923,0.9443783403544141,0.9707057771196549
27243670_AI.txt,0.4644808743169399,0.056672760511883,0.5500910746812386,0.6573295796151071,0.9778849839303646
27246366_AI.txt,0.5147783251231527,0.009900990099009901,0.5985221674876847,0.9549029514453934,0.9437932785158749
27257013_AI.txt,0.4580745341614907,0.06853582554517133,0.5341614906832298,0.9570572853949995,0.9686904906320914
27295996_AI.txt,0.43582510578279265,0.04384724186704385,0.5007052186177715,0.9211789076694079,0.9964563198591633
27298953_AI.txt,0.4748700173310225,0.07130434782608695,0.5493934142114385,0.6780589529411614,0.9889332131745531
27330027_AI.txt,0.426497277676951,0.052823315118397086,0.5117967332123412,0.7367078287963914,0.9825050709643247
27372171_AI.txt,0.4406779661016949,0.05620915032679739,0.5071707953063885,1.201251857429778,0.9636276130255164
27375577_AI.txt,0.46957878315132606,0.03755868544600939,0.5647425897035881,0.5423613711190277,0.9874427535078014
27397245_AI.txt,0.47453703703703703,0.07441860465116279,0.5578703703703703,0.7038182748095156,0.9566276330040544
27409087_AI.txt,0.4425956738768719,0.05676126878130217,0.5108153078202995,1.0055706494507952,0.9905820016079845
27419236_AI.txt,0.4805914972273567,0.055658627087198514,0.55637707948244,0.7391764992301605,0.9704042523007456
27485716_AI.txt,0.48185483870967744,0.05465587044534413,0.5544354838709677,0.988627292531846,0.9922142477716914
27490876_AI.txt,0.45438898450946646,0.039723661485319514,0.5301204819277109,0.6336798999016703,0.9850477429934608
27496514_AI.txt,0.4780114722753346,0.061420345489443376,0.5602294455066922,0.6512459895638975,0.9547810111154007
27497542_AI.txt,0.4581497797356828,0.05309734513274336,0.5440528634361234,0.7086286530054279,0.9529557646453549
27502951_AI.txt,0.4682274247491639,0.053691275167785234,0.5434782608695652,0.6387336870580667,0.9906988056579829
27512470_AI.txt,0.49390243902439024,0.0326530612244898,0.5914634146341463,0.7672206064912495,0.9701623636118702
27523575_AI.txt,0.5324675324675324,0.06890130353817504,0.6029684601113172,0.6190535443920275,0.9592366324597336
27524018_AI.txt,0.4894067796610169,0.09574468085106383,0.5826271186440678,0.6640764278791863,0.9651086563048115
27529455_AI.txt,0.4431818181818182,0.14638783269961977,0.49242424242424243,0.6454972243679028,0.9875226392808406
27531694_AI.txt,0.4680451127819549,0.06415094339622641,0.5338345864661654,0.897046674822331,0.9834357515462212
27536013_AI.txt,0.40384615384615385,0.08771929824561403,0.479020979020979,0.5755342469579786,0.9251236800858791
27549075_AI.txt,0.49168207024029575,0.0575139146567718,0.5582255083179297,1.0179775477301232,0.9556140476995341
27558837_AI.txt,0.4072790294627383,0.08362369337979095,0.4791666666666667,0.5838547824654914,0.9686906509310923
27573855_AI.txt,0.40970350404312667,0.07432432432432433,0.49326145552560646,0.8111334451316332,0.9830050462384553
27606527_AI.txt,0.4002828854314003,0.10638297872340426,0.48797736916548795,0.8565664893550754,0.9476865380379025
27607632_AI.txt,0.5194805194805194,0.04699738903394256,0.6025974025974026,0.7374475982437605,0.9719111711190387
27624540_AI.txt,0.46889226100151743,0.0821917808219178,0.5402124430955993,0.6604695260084011,0.976056139783322
27637576_AI.txt,0.4187866927592955,0.10805500982318271,0.4911937377690802,0.3944748388216018,0.9800508805016273
27662298_AI.txt,0.4340770791075051,0.12016293279022404,0.5233265720081136,0.6890968056098749,0.96900777395013
27689009_AI.txt,0.3993993993993994,0.13704819277108435,0.4774774774774775,1.160735053499713,0.9653587991271837
27694040_AI.txt,0.46742209631728043,0.10256410256410256,0.5410764872521246,1.0861392719246405,0.979759986770805
27710853_AI.txt,0.39487179487179486,0.05784061696658098,0.4756410256410256,0.47227139396696505,0.9532778372904296
27715131_AI.txt,0.424812030075188,0.09056603773584905,0.5093984962406015,0.7334385101462335,0.9615473717750097
27726066_AI.txt,0.5128712871287129,0.031746031746031744,0.5928853754940712,0.6954069666055249,0.9663004808544634
27756469_AI.txt,0.4565868263473054,0.057057057057057055,0.5179640718562875,0.723636468731341,0.955480161732547
27770859_AI.txt,0.4784546805349183,0.08507462686567165,0.5535714285714286,1.0231690964840563,0.9866911470041045
27788376_AI.txt,0.5813953488372093,0.023391812865497075,0.6656976744186046,0.6205046200414948,0.9657506205339051
27789372_AI.txt,0.4789915966386555,0.022535211267605635,0.5574229691876751,0.5724348529742525,0.9883536103965517
27796199_AI.txt,0.42424242424242425,0.11764705882352941,0.5131313131313131,0.9244896114165202,0.9801174765776242
27798860_AI.txt,0.4438202247191011,0.06056338028169014,0.5112359550561798,0.7958430024477882,0.9695332297400759
27820360_AI.txt,0.453448275862069,0.04498269896193772,0.5362068965517242,0.5191535535924696,0.9745733639728403
27831220_AI.txt,0.4144620811287478,0.14513274336283186,0.47971781305114636,0.6233902766564975,0.9705269071480593
27835351_AI.txt,0.4781783681214421,0.03428571428571429,0.5768500948766604,0.9442030871257544,0.9274017799758112
27847081_AI.txt,0.5400410677618069,0.03711340206185567,0.6139630390143738,0.8935253063875493,0.9516848873681311
27850777_AI.txt,0.48951048951048953,0.02456140350877193,0.5821678321678322,0.6248187039262151,0.9598965632419625
27884470_AI.txt,0.3858695652173913,0.21525885558583105,0.46467391304347827,0.8790632869042923,0.9767157112182857
27888251_AI.txt,0.4180887372013652,0.06164383561643835,0.5068259385665529,0.81553349707232,0.9470812734429291
27902692_AI.txt,0.5082417582417582,0.027624309392265192,0.5851648351648352,1.0358430172327644,0.9652513742847693
27903191_AI.txt,0.39676840215439857,0.09009009009009009,0.4757630161579892,0.5627719566520802,0.9530311252709577
27909372_AI.txt,0.49898580121703856,0.05702647657841141,0.5943204868154158,0.7316717496147981,0.9545130043725655
27914096_AI.txt,0.44427001569858715,0.031496062992125984,0.533751962323391,0.477003965844066,0.9926059236922958
27917969_AI.txt,0.4823008849557522,0.05333333333333334,0.577433628318584,0.7039320996879612,0.959818092877696
27921561_AI.txt,0.46787709497206703,0.03081232492997199,0.5600558659217877,1.208651492396305,0.9664560981091109
27936502_AI.txt,0.4841549295774648,0.02120141342756184,0.5827464788732394,0.7839086978152916,0.9784967889345336
27937592_AI.txt,0.42857142857142855,0.057692307692307696,0.5278745644599303,0.9862876762574208,0.97360256924766
27974588_AI.txt,0.3664259927797834,0.16485507246376813,0.4548736462093863,0.7887956370056873,0.9339533970750844
27980446_AI.txt,0.47876447876447875,0.04263565891472868,0.5637065637065637,0.5454644690259607,0.9688350821357943
27981289_AI.txt,0.42462845010615713,0.07249466950959488,0.5159235668789809,1.0806374424047807,0.986633570106608
28005884_AI.txt,0.41929499072356213,0.07635009310986965,0.5027829313543599,0.7440966478699617,0.9503569480733635
28013287_AI.txt,0.5203252032520326,0.10899182561307902,0.5934959349593496,1.017861688135127,0.9665000598332856
28020046_AI.txt,0.47377326565143824,0.04074702886247878,0.5465313028764806,1.1497631345863772,0.984840424518384
28035460_AI.txt,0.45454545454545453,0.07468879668049792,0.5165289256198347,1.0034585338768158,0.9801759652969835
28051330_AI.txt,0.5170731707317073,0.058823529411764705,0.6048780487804878,0.6726727273025958,0.9787961240671904
28063132_AI.txt,0.5626822157434402,0.05278592375366569,0.6647230320699709,0.8767194562626165,0.9532245812805714
28078163_AI.txt,0.45819397993311034,0.06711409395973154,0.5384615384615384,0.813510799506277,0.9791868940364806
28086303_AI.txt,0.4635514018691589,0.06378986866791744,0.5439252336448598,0.8824418123869925,0.9768055983247194
28092317_AI.txt,0.5250737463126843,0.04154302670623145,0.6106194690265486,0.6666335996532982,0.9580013888461197
28109594_AI.txt,0.46646795827123694,0.08071748878923767,0.5424739195230999,0.6545729778367292,0.9742629801786459
28111403_AI.txt,0.46869983948635635,0.06763285024154589,0.5441412520064205,0.8997918562784027,0.9877764066663323
28126340_AI.txt,0.46928327645051193,0.04794520547945205,0.5494880546075085,0.422177006543899,0.9527662935798764
28139742_AI.txt,0.4593128390596745,0.07259528130671507,0.5316455696202531,0.7479264069922413,0.9773247509997022
28165687_AI.txt,0.4538216560509554,0.05750798722044728,0.5270700636942676,0.7632620424290419,0.9683035052794903
28172023_AI.txt,0.5586034912718204,0.03508771929824561,0.6209476309226932,0.894889578684889,0.9573601960446824
28175164_AI.txt,0.45331325301204817,0.054380664652567974,0.5286144578313253,0.6324566622273105,0.9566042807369836
28176889_AI.txt,0.5579514824797843,0.02710027100271003,0.6415094339622641,0.7404921491900092,0.9794310930038288
28186635_AI.txt,0.5019607843137255,0.03346456692913386,0.5784313725490197,0.9220825325210875,0.9569371728481941
28198029_AI.txt,0.5507246376811594,0.058394160583941604,0.6340579710144928,0.5698282142863949,0.8975541385530706
28206098_AI.txt,0.514,0.0321285140562249,0.606,0.9847800092744909,0.9539418116300948
28230807_AI.txt,0.347682119205298,0.17940199335548174,0.40894039735099336,0.5658163184374598,0.9794005979562077
28243590_AI.txt,0.49624060150375937,0.030226700251889168,0.5839598997493735,0.47542576870451886,0.9492321821101418
28247753_AI.txt,0.5176151761517616,0.051630434782608696,0.5718157181571816,0.8654909733166434,0.9618651484727315
28290448_AI.txt,0.43252595155709345,0.08333333333333333,0.4982698961937716,0.6565383121519313,0.979548560110403
28298773_AI.txt,0.4169381107491857,0.06209150326797386,0.509771986970684,0.8157575432909023,0.9756043381532138
28320387_AI.txt,0.5026548672566372,0.07104795737122557,0.584070796460177,0.7395887579107797,0.9624600838553986
28321954_AI.txt,0.516728624535316,0.018656716417910446,0.604089219330855,0.501070012188936,0.9690062030466219
28325193_AI.txt,0.3975720789074355,0.1248097412480974,0.4537177541729894,1.3857018030720731,0.985458450547004
28326441_AI.txt,0.49013657056145676,0.03951367781155015,0.5757575757575758,0.8646669317264982,0.9545362357106905
28337049_AI.txt,0.4600326264274062,0.058919803600654665,0.5415986949429038,0.45991355553454866,0.9802620734897421
28359817_AI.txt,0.45121951219512196,0.08391608391608392,0.5296167247386759,0.583892173573527,0.9664906482174536
28377361_AI.txt,0.45940959409594095,0.03333333333333333,0.5479704797047971,0.5510539922189068,0.9570602607852485
28383893_AI.txt,0.43255295429208473,0.08928571428571429,0.48775055679287305,1.1447182887740426,0.9768643752296303
28396458_AI.txt,0.438953488372093,0.055312954876273655,0.5152394775036284,2.326890878890678,0.9570102742746582
28396528_AI.txt,0.4685466377440347,0.09586056644880174,0.5531453362255966,0.9343300023549576,0.9674932792308947
28398216_AI.txt,0.4291044776119403,0.10674157303370786,0.498134328358209,0.7006275492812665,0.9850206742762898
28419173_AI.txt,0.4429223744292237,0.03969465648854962,0.5205479452054794,0.9538307337556814,0.9772707871827648
28419927_AI.txt,0.4741100323624595,0.030844155844155844,0.5679611650485437,0.5529692665298689,0.9455028082169549
28423028_AI.txt,0.48,0.04013961605584642,0.5443478260869565,1.1035509346679142,0.9725889932661249
28424982_AI.txt,0.37389770723104054,0.13982300884955753,0.4514991181657848,0.5393422091389324,0.9787658277472886
28471099_AI.txt,0.4221824686940966,0.08797127468581688,0.4919499105545617,0.9804966351385468,0.9595831977577772
28505854_AI.txt,0.48440366972477067,0.06077348066298342,0.5651376146788991,0.9891017653529544,0.9811789972713518
28522529_AI.txt,0.4394409937888199,0.06230529595015576,0.4922360248447205,0.6949194459587725,0.9798413070188138
28531493_AI.txt,0.42215088282504015,0.07568438003220612,0.5040128410914928,0.5141866496524068,0.988846514597248
28609364_AI.txt,0.43079584775086505,0.08854166666666667,0.5224913494809689,0.9996719262639818,0.9289226966025753
28614791_AI.txt,0.5077951002227171,0.10961968680089486,0.5879732739420935,1.0209320272127824,0.9611588012971434
28623782_AI.txt,0.3979381443298969,0.045454545454545456,0.4587628865979381,0.5540910776506386,0.9859925072515547
28628090_AI.txt,0.5168918918918919,0.023728813559322035,0.5945945945945946,0.758166195646697,0.9617805894832242
28629430_AI.txt,0.4712121212121212,0.0486322188449848,0.5333333333333333,0.6713302115935963,0.9449482858977905
28630325_AI.txt,0.5066666666666667,0.06702412868632708,0.6106666666666667,0.4760460933995107,0.9723386739068393
28631840_AI.txt,0.4640625,0.04075235109717868,0.55625,0.5708882317597419,0.9564449181132859
28635795_AI.txt,0.44972577696526506,0.10825688073394496,0.5484460694698354,0.8709098768874777,0.980928163467674
28640735_AI.txt,0.38672438672438675,0.06367583212735166,0.4704184704184704,0.8064328991339914,0.9774795169137493
28642819_AI.txt,0.4472168905950096,0.0789980732177264,0.527831094049904,0.9088329294453963,0.9402674788864287
28663949_AI.txt,0.47368421052631576,0.10927152317880795,0.5526315789473685,0.814138985993675,0.9641649217111032
28669770_AI.txt,0.4381107491856677,0.032679738562091505,0.5374592833876222,0.7025942153010951,0.9693293713294879
28670024_AI.txt,0.4748201438848921,0.07581227436823104,0.5701438848920863,0.7140080879400024,0.9382883734578042
28672970_AI.txt,0.4174454828660436,0.0484375,0.4984423676012461,0.895954163570601,0.9709910485804898
28679359_AI.txt,0.38791732909379967,0.09888357256778309,0.465818759936407,0.8834697393412759,0.9705320236540298
28697203_AI.txt,0.4517304189435337,0.06764168190127971,0.5336976320582878,0.6119327903171272,0.9618007410441508
28711616_AI.txt,0.4288135593220339,0.10714285714285714,0.5050847457627119,0.904114295300328,0.9789582896623917
28724469_AI.txt,0.44873949579831934,0.07082630691399663,0.5310924369747899,0.9432518030138936,0.9895359141128085
28733974_AI.txt,0.4751203852327448,0.04669887278582931,0.5489566613162119,0.9506658535242436,0.9478977926101256
28745844_AI.txt,0.5054054054054054,0.057065217391304345,0.5837837837837838,0.7965996118489946,0.9457824884849146
28756444_AI.txt,0.5028790786948176,0.04046242774566474,0.5873320537428023,0.7530888336984434,0.966911265485928
28758002_AI.txt,0.4571984435797665,0.05859375,0.556420233463035,0.9875642036548937,0.9822458904106105
28762662_AI.txt,0.4234620886981402,0.08034433285509325,0.5007153075822603,0.7964659517722671,0.9531379186137184
28772892_AI.txt,0.42406876790830944,0.05459770114942529,0.498567335243553,0.5875221009815284,0.9410350352331036
28790806_AI.txt,0.38114209827357237,0.11451398135818908,0.4448871181938911,0.6694948818376079,0.9696558533622522
28803888_AI.txt,0.4288461538461538,0.06177606177606178,0.5076923076923077,0.7308742935850095,0.962681184269002
28808263_AI.txt,0.49391304347826087,0.041884816753926704,0.5808695652173913,0.7951214104971088,0.9476017112201705
28815362_AI.txt,0.4972170686456401,0.1042830540037244,0.575139146567718,0.6985689626847718,0.9587020020494283
28828844_AI.txt,0.4175627240143369,0.09352517985611511,0.46953405017921146,1.1629808670187496,0.98068452014372
28831378_AI.txt,0.4540540540540541,0.0650994575045208,0.5315315315315315,0.6849871901677704,0.9631110803413777
28831442_AI.txt,0.49894736842105264,0.0507399577167019,0.5873684210526315,0.7853613402807187,0.9368337203192146
28862054_AI.txt,0.4627831715210356,0.04707792207792208,0.5436893203883495,1.2248332549771332,0.9529533839374825
28867567_AI.txt,0.4444444444444444,0.02748091603053435,0.5251141552511416,0.677209496526448,0.9323069569428245
28871170_AI.txt,0.37681159420289856,0.125,0.4608695652173913,0.7335977779129488,0.9752579256484013
28895997_AI.txt,0.47096774193548385,0.1038961038961039,0.5516129032258065,0.5715997959612793,0.9490348087792373
28897981_AI.txt,0.43636363636363634,0.08966565349544073,0.509090909090909,0.7347111190989976,0.9550900430386259
28916894_AI.txt,0.4737704918032787,0.03125,0.5377049180327869,0.5977075090094288,0.9699598376013413
28923650_AI.txt,0.49429037520391517,0.07692307692307693,0.5595432300163132,0.7097213562400501,0.9800101752411486
28933005_AI.txt,0.45996275605214154,0.08598130841121496,0.5363128491620112,1.1576742668657998,0.9737987753710001
28939941_AI.txt,0.5008944543828264,0.0466786355475763,0.5670840787119857,0.5587021407258653,0.9338882217264295
28942221_AI.txt,0.49510763209393344,0.047151277013752456,0.5831702544031311,0.7432129328838717,0.9611785508586947
28949406_AI.txt,0.4755244755244755,0.13859649122807016,0.5629370629370629,0.871671473900894,0.9739076285450347
28951817_AI.txt,0.5233265720081136,0.06517311608961303,0.592292089249493,1.0424974145626353,0.9873998117054335
28969385_AI.txt,0.48405253283302063,0.04519774011299435,0.5534709193245778,0.660973332523331,0.9776366776352627
28973180_AI.txt,0.4883268482490272,0.06640625,0.5797665369649806,0.7519485411667591,0.9683787365452818
28974459_AI.txt,0.47770700636942676,0.08102345415778252,0.5626326963906582,2.040639409813531,0.9600535941449193
28975482_AI.txt,0.4483985765124555,0.05357142857142857,0.5213523131672598,0.6459625443132524,0.9688172171056905
28989677_AI.txt,0.48405253283302063,0.05084745762711865,0.5534709193245778,1.2093367624909033,0.9733857535918902
28998957_AI.txt,0.48099415204678364,0.051319648093841645,0.543859649122807,0.9159771343045742,0.9895956015031201
29002596_AI.txt,0.34864864864864864,0.12466124661246612,0.4283783783783784,0.693521609052106,0.9723674164128107
29014805_AI.txt,0.5036284470246735,0.03056768558951965,0.5747460087082729,0.8221048697130939,0.9865482780293399
29028935_AI.txt,0.4642857142857143,0.07526881720430108,0.5571428571428572,0.6582513618992192,0.9577740071270526
29050809_AI.txt,0.447098976109215,0.07876712328767123,0.515358361774744,1.0141497873398966,0.9856657993674517
29051656_AI.txt,0.39609483960948394,0.09090909090909091,0.4560669456066946,0.7120898014150628,0.9750636518969579
29061628_AI.txt,0.5046296296296297,0.06976744186046512,0.5625,0.5764418761900582,0.971922922521548
29072179_AI.txt,0.466893039049236,0.06132879045996593,0.5365025466893039,0.632596271294252,0.9557677676414454
29075857_AI.txt,0.3871794871794872,0.03984575835475578,0.47435897435897434,0.7469401039523649,0.9780860014791289
29076405_AI.txt,0.46421267893660534,0.06776180698151951,0.5705521472392638,0.6721485624642612,0.9558193171083988
29087505_AI.txt,0.4742729306487696,0.038202247191011236,0.5592841163310962,0.7830510262058543,0.9543938302550524
29091445_AI.txt,0.5,0.05892857142857143,0.5676156583629893,1.122434614695144,0.960089126343334
29093426_AI.txt,0.47739602169981915,0.11433756805807622,0.5479204339963833,0.6546117111084784,0.9809046711521212
29134372_AI.txt,0.514003294892916,0.03801652892561983,0.5897858319604613,0.7742777521475005,0.9728396840711424
29134721_AI.txt,0.43508771929824563,0.06866197183098592,0.5140350877192983,0.504903850294987,0.9453870336942809
29142288_AI.txt,0.4765886287625418,0.09228187919463088,0.560200668896321,0.8065931546350227,0.9777264140024307
29147100_AI.txt,0.5421245421245421,0.11070110701107011,0.6190476190476191,1.3046930998898676,0.9726215626834911
29148871_AI.txt,0.35883905013192613,0.10572687224669604,0.43535620052770446,0.6197630960117831,0.9669949348554021
29149998_AI.txt,0.4787430683918669,0.05380333951762523,0.5711645101663586,0.7284150893714061,0.970465424601688
29161565_AI.txt,0.4973821989528796,0.10526315789473684,0.5680628272251309,0.7758958627683687,0.9731445080269249
29165698_AI.txt,0.5325443786982249,0.02976190476190476,0.636094674556213,0.5642565280364442,0.934765414231145
29167286_AI.txt,0.4619289340101523,0.0663265306122449,0.5355329949238579,0.8782439844611978,0.9738166074075592
29173771_AI.txt,0.39375,0.1833855799373041,0.4796875,0.4951211273545504,0.9510124450373106
29177904_AI.txt,0.416195856873823,0.11153119092627599,0.5084745762711864,0.8046409384883327,0.9701472297596836
29184740_AI.txt,0.5396825396825397,0.025056947608200455,0.6394557823129252,0.5956879189334165,0.9550834079579169
29193505_AI.txt,0.4604200323101777,0.11021069692058347,0.5363489499192245,0.675679456967981,0.9761443666423174
29196643_AI.txt,0.48484848484848486,0.043478260869565216,0.5692640692640693,0.6113357097998068,0.9573443243077437
29208172_AI.txt,0.4307931570762053,0.057722308892355696,0.5116640746500778,0.7693071067115338,0.978519753174417
29211359_AI.txt,0.46899841017488075,0.06220095693779904,0.5405405405405406,0.5778588049453467,0.9749184931550279
29211919_AI.txt,0.5646437994722955,0.026525198938992044,0.6358839050131926,0.9506056942511613,0.9663682957546792
29221006_AI.txt,0.4621676891615542,0.08829568788501027,0.556237218813906,0.9494944636527272,0.986182487590537
29267293_AI.txt,0.4827586206896552,0.08832807570977919,0.567398119122257,1.0446528362513463,0.9897529589447688
29297393_AI.txt,0.4889240506329114,0.0380952380952381,0.5822784810126582,0.7678313910576372,0.972347963466147
29297973_AI.txt,0.44426229508196724,0.06907894736842106,0.5229508196721312,0.775142149676562,0.9627455605075088
29306433_AI.txt,0.49290060851926976,0.024439918533604887,0.5679513184584178,0.6947929373755111,0.9759341197460156
29319314_AI.txt,0.4512,0.08507223113964688,0.5408,0.7700784837346848,0.9601973543677045
29329075_AI.txt,0.5380333951762524,0.05204460966542751,0.6055555555555555,0.7908654958082962,0.9699529292358859
29332616_AI.txt,0.513317191283293,0.029197080291970802,0.612590799031477,0.7143114012669358,0.9436730866836028
29399491_AI.txt,0.4868651488616462,0.10017574692442882,0.5656742556917689,0.8914502270489022,0.9559236747278005
29406313_AI.txt,0.3776595744680851,0.10933333333333334,0.45345744680851063,0.702571285544797,0.9637840504026636
29415426_AI.txt,0.5225988700564972,0.0625,0.5932203389830508,0.5746237668485147,0.974085252475995
29425788_AI.txt,0.4602076124567474,0.020833333333333332,0.5294117647058824,0.5211625488649859,0.9739774638913357
29449419_AI.txt,0.4950166112956811,0.041666666666666664,0.579734219269103,0.78032107360634,0.9719486332659546
29456173_AI.txt,0.4500875656742557,0.06678383128295255,0.5394045534150613,1.1540111592919267,0.9886595344352086
29483501_AI.txt,0.4033232628398791,0.0803030303030303,0.4697885196374622,1.0145065426024853,0.9804385508796559
29486525_AI.txt,0.3531468531468531,0.2736842105263158,0.40734265734265734,0.7140996078458072,0.967534514089816
29494962_AI.txt,0.46029173419773095,0.07804878048780488,0.5348460291734197,1.1981879290435786,0.9732555029475474
29510501_AI.txt,0.5042735042735043,0.06437768240343347,0.5876068376068376,0.8679477710861024,0.9635533655655302
29521434_AI.txt,0.5791139240506329,0.05732484076433121,0.6740506329113924,0.7682229535987155,0.9526627804277374
29524570_AI.txt,0.5414847161572053,0.02631578947368421,0.6157205240174672,0.7277148128226539,0.9883927148513878
29525715_AI.txt,0.42597087378640774,0.0413625304136253,0.5024271844660194,1.4396393326042518,0.9788111517969782
29534737_AI.txt,0.4878048780487805,0.06779661016949153,0.575984990619137,0.5764412343470245,0.9575958770734427
29552167_AI.txt,0.42355371900826444,0.04979253112033195,0.5330578512396694,0.7151008351331366,0.9430759120686575
29564653_AI.txt,0.40325497287522605,0.09800362976406533,0.4810126582278481,0.8897144011640233,0.9775471720211996
29573698_AI.txt,0.5271565495207667,0.03215434083601286,0.610223642172524,0.5776941819273255,0.9525348297815937
29574501_AI.txt,0.47953216374269003,0.04892367906066536,0.5341130604288499,0.8412127532671312,0.9813311679167621
29595906_AI.txt,0.5681818181818182,0.09174311926605505,0.6772727272727272,0.8745630550109482,0.9704757244528714
29612672_AI.txt,0.4700996677740864,0.07833333333333334,0.5564784053156147,0.6946902073120839,0.9701715902232568
29639533_AI.txt,0.4144542772861357,0.11686390532544379,0.4896755162241888,1.2222648931806344,0.9790888206452442
29640922_AI.txt,0.4474708171206226,0.138671875,0.5214007782101168,0.8689407997216175,0.9822452075718524
29647215_AI.txt,0.42213883677298314,0.08851224105461393,0.5159474671669794,0.8573191133624052,0.9897922113892418
29648950_AI.txt,0.3908450704225352,0.1166077738515901,0.4665492957746479,0.5725286740830473,0.9299955617266364
29723311_AI.txt,0.5165562913907285,0.06651884700665188,0.58719646799117,0.8126065844679071,0.971941161473889
29746235_AI.txt,0.5089141004862237,0.055284552845528454,0.5980551053484603,1.3100580172324416,0.9669356431677026
29764492_AI.txt,0.42653352353780316,0.1072961373390558,0.514978601997147,0.44839777315029916,0.9667075638809418
29770086_AI.txt,0.49240121580547114,0.056402439024390245,0.5699088145896657,0.693177851486843,0.9657927775863194
29772450_AI.txt,0.44061302681992337,0.11538461538461539,0.5095785440613027,0.8612352290163073,0.9839967314292578
29775391_AI.txt,0.4956140350877193,0.05506607929515418,0.5679824561403509,0.8076838855918453,0.9531706603147378
29784524_AI.txt,0.5540229885057472,0.023094688221709007,0.639080459770115,0.8542018781225265,0.955911636491327
29792535_AI.txt,0.48523206751054854,0.06991525423728813,0.5611814345991561,0.9366084781047166,0.986650824584099
29797594_AI.txt,0.4233128834355828,0.12320328542094455,0.5071574642126789,1.073322836722963,0.977871829771788
29805310_AI.txt,0.37264150943396224,0.24921135646687698,0.4371069182389937,0.6524160289047101,0.9327424530568151
29815762_AI.txt,0.4756554307116105,0.07894736842105263,0.548689138576779,0.5781588798218696,0.9781930005810956
29821051_AI.txt,0.46750524109014674,0.08421052631578947,0.5429769392033543,0.6539968022993977,0.986974407232855
29825044_AI.txt,0.546875,0.028795811518324606,0.6328125,1.1323720849361705,0.9791182008238416
29839396_AI.txt,0.5404255319148936,0.06196581196581197,0.6191489361702127,0.6496499736590756,0.9637131165406353
29865476_AI.txt,0.4658273381294964,0.06678700361010831,0.5503597122302158,0.6386808030534897,0.9299478113424372
29878348_AI.txt,0.5192307692307693,0.055248618784530384,0.5961538461538461,0.7160852892395178,0.9495707454080528
29894080_AI.txt,0.4550898203592814,0.1062124248496994,0.5069860279441117,0.8028184634910335,0.9692058576740882
29897742_AI.txt,0.47844827586206895,0.04329004329004329,0.5581896551724138,0.8429653068177161,0.9701819481780872
29908929_AI.txt,0.46254071661237783,0.06209150326797386,0.5423452768729642,0.8919444068865937,0.9470715220417563
29915354_AI.txt,0.46875,0.050522648083623695,0.5503472222222222,0.9834702229621712,0.9462798601556847
29926588_AI.txt,0.49130434782608695,0.06550218340611354,0.5717391304347826,1.0379817428370575,0.9172629046993938
29928796_AI.txt,0.48509485094850946,0.05449591280653951,0.5826558265582655,0.4917321583607597,0.9476892386862482
29930479_AI.txt,0.45202020202020204,0.07614213197969544,0.5378787878787878,1.0445310581544103,0.9807524426277064
29968330_AI.txt,0.48314606741573035,0.04966139954853273,0.5640449438202247,0.757529530145932,0.9774093162944024
29975124_AI.txt,0.37031484257871067,0.12180451127819548,0.42278860569715143,0.8504952258591295,0.988340718525495
29990140_AI.txt,0.5295238095238095,0.06500956022944551,0.5961904761904762,1.166310149608313,0.9424467402388521
29992154_AI.txt,0.48672566371681414,0.02666666666666667,0.588495575221239,0.90511851738907,0.9429968614751312
29998869_AI.txt,0.3314447592067989,0.16619318181818182,0.40368271954674223,0.7342176951697621,0.9525705648353213
29999135_AI.txt,0.4719626168224299,0.08685446009389672,0.5373831775700935,0.7713429175680888,0.9889441540662773
30083884_AI.txt,0.41541755888650966,0.06666666666666667,0.49464668094218417,0.6485302660644228,0.9861223730980715
30083943_AI.txt,0.49547511312217196,0.06818181818181818,0.5882352941176471,0.7208222909195477,0.9755661117212217
30097175_AI.txt,0.5111876075731497,0.07426597582037997,0.5800344234079173,0.6949749240662202,0.9548884802960833
30127072_AI.txt,0.4573804573804574,0.07306889352818371,0.5467775467775468,0.746078718877809,0.9860731954598984
30128072_AI.txt,0.576271186440678,0.006825938566552901,0.6508474576271186,1.3463493089120342,0.9780580933777225
30148777_AI.txt,0.4967032967032967,0.09271523178807947,0.5824175824175825,0.9818626486212609,0.9716875353386744
30163002_AI.txt,0.5458937198067633,0.02912621359223301,0.6280193236714976,0.8182439791466772,0.9590994157194923
30223363_AI.txt,0.45590994371482174,0.026365348399246705,0.5553470919324578,1.0925835589800588,0.9781316897722839
30288581_AI.txt,0.4964871194379391,0.06588235294117648,0.5644028103044496,0.7372661421405893,0.9715523981648196
30304575_AI.txt,0.45854483925549916,0.08488964346349745,0.5313028764805414,0.8938359127592624,0.9777053607094859
30311202_AI.txt,0.45166959578207383,0.014109347442680775,0.539543057996485,0.5403169885584834,0.9842597981852693
30311725_AI.txt,0.45705024311183146,0.07642276422764227,0.5364667747163695,0.7232186417059843,0.9568176889096711
30337969_AI.txt,0.48534201954397393,0.06862745098039216,0.5456026058631922,0.7154149965226088,0.9884003346148389
30344127_AI.txt,0.47602131438721135,0.030303030303030304,0.5506216696269982,0.5799794976145718,0.9572996173294499
30361788_AI.txt,0.5211267605633803,0.028328611898016998,0.6197183098591549,0.6377438999508989,0.972675019162755
30397268_AI.txt,0.5028790786948176,0.03468208092485549,0.5988483685220729,0.6943418149516354,0.9621025092448802
30430249_AI.txt,0.47514910536779326,0.06187624750499002,0.5526838966202783,0.707846547517811,0.9584303814514813
30437583_AI.txt,0.5109489051094891,0.04395604395604396,0.6003649635036497,1.0333044303174534,0.9654257083345044
30504149_AI.txt,0.4517304189435337,0.029304029304029304,0.5291970802919708,0.5700232060868198,0.9740106903896556
30529547_AI.txt,0.5247252747252747,0.03314917127071823,0.6236263736263736,0.7145713714514171,0.9638307742431436
30542184_AI.txt,0.5265306122448979,0.07172131147540983,0.5918367346938775,0.8470795063800758,0.9646056661234544
30563572_AI.txt,0.43023255813953487,0.12062256809338522,0.5058139534883721,1.1055262352708346,0.9813365528826401
30594821_AI.txt,0.5793991416309013,0.04329004329004329,0.6866952789699571,0.3479899492941869,0.9263875578002834
30608780_AI.txt,0.46863468634686345,0.07037037037037037,0.544280442804428,1.1207569599873817,0.9449886039426345
30642458_AI.txt,0.5166402535657686,0.04451510333863275,0.5847860538827259,0.8632157393401916,0.9650239118677371
30646367_AI.txt,0.36767676767676766,0.23732251521298176,0.4161616161616162,0.5473905037871626,0.9806649996324133
30709029_AI.txt,0.41318327974276525,0.06612903225806452,0.5048231511254019,0.7549653895777173,0.9770652322368489
30713796_AI.txt,0.3706896551724138,0.29930795847750863,0.42758620689655175,0.49559786564127145,0.948659493087967
30741799_AI.txt,0.4119496855345912,0.167192429022082,0.49842767295597484,0.9434699263664911,0.9544623125221526
30757456_AI.txt,0.38342696629213485,0.09295774647887324,0.45786516853932585,0.924996767664867,0.9670683059794772
30813919_AI.txt,0.4448462929475588,0.11070780399274047,0.5171790235081374,1.1781398190458507,0.9820228259062097
30826569_AI.txt,0.5078909612625538,0.025899280575539568,0.5710186513629842,0.7377674640663668,0.9738555408462607
30862904_AI.txt,0.4241960183767228,0.030721966205837174,0.5038284839203675,0.8839640741545658,0.9809295744054307
30863060_AI.txt,0.46254681647940077,0.09962406015037593,0.5355805243445693,0.4723035154883159,0.9951878282799509
30864828_AI.txt,0.45155038759689925,0.08560311284046693,0.5271317829457365,0.9213794985660261,0.941294706828723
30938994_AI.txt,0.4288052373158756,0.029556650246305417,0.5253682487725041,0.5730390376632383,0.9626241954518692
30965258_AI.txt,0.4958813838550247,0.06446280991735537,0.5683690280065898,0.7853075980061357,0.9532782633009783
30968749_AI.txt,0.5093555093555093,0.04592901878914405,0.604989604989605,0.7585924576020435,0.9843239665741101
30990885_AI.txt,0.5050251256281407,0.045454545454545456,0.5904522613065326,0.8561068074050164,0.9721868324203877
30999638_AI.txt,0.5117370892018779,0.0330188679245283,0.5938967136150235,0.7366725723211527,0.946941240752601
31016926_AI.txt,0.39154929577464787,0.0748587570621469,0.47746478873239434,0.5142146168449874,0.9730933053691321
31025785_AI.txt,0.49161073825503354,0.058922558922558925,0.5570469798657718,0.8326273603760512,0.972717032630846
31040875_AI.txt,0.4889975550122249,0.044226044226044224,0.6014669926650367,0.5569727456155127,0.938967923858182
31042953_AI.txt,0.4467713787085515,0.07705779334500876,0.5235602094240838,0.7468859166052567,0.951589292095545
31064969_AI.txt,0.35590551181102364,0.21484992101105846,0.4125984251968504,0.7051890431530917,0.9746897478139125
31111279_AI.txt,0.4009508716323296,0.04769475357710652,0.49445324881141045,0.9900838367135076,0.9663658960906284
31114531_AI.txt,0.4906054279749478,0.07337526205450734,0.5720250521920668,0.6631612339982843,0.9860433619176888
31162167_AI.txt,0.5205992509363296,0.06015037593984962,0.6048689138576779,0.7059929233019845,0.9497636004473433
31169070_AI.txt,0.35907859078590787,0.1671195652173913,0.42140921409214094,0.3622051589495574,0.9516315163728603
31199035_AI.txt,0.5335689045936396,0.03558718861209965,0.6431095406360424,0.7581348592564058,0.9556870319418935
31201660_AI.txt,0.5100334448160535,0.0738255033557047,0.5936454849498328,1.3034199598296858,0.9567116266559176
31211074_AI.txt,0.5048169556840078,0.10058027079303675,0.5992292870905588,0.72004042850529,0.9479698674624694
31217840_AI.txt,0.4315068493150685,0.061813186813186816,0.5082191780821917,0.7623701979455113,0.9815411848741713
31220062_AI.txt,0.43993231810490696,0.0730050933786078,0.5194585448392555,0.6658693273068689,0.9736016997786391
31225895_AI.txt,0.5091575091575091,0.022058823529411766,0.6007326007326007,0.8734888874859438,0.9624451727180647
31242382_AI.txt,0.43305785123966944,0.1044776119402985,0.5223140495867769,0.7364024559998547,0.9775093285025905
31243710_AI.txt,0.42727272727272725,0.1678832116788321,0.48363636363636364,0.9753033687817472,0.9782874080196157
31273310_AI.txt,0.43731778425655976,0.07163742690058479,0.5262390670553936,0.8120879769799144,0.9390797022323429
31273413_AI.txt,0.5066006600660066,0.033112582781456956,0.5759075907590759,0.7625687036207226,0.9622899235859204
31292364_AI.txt,0.4960254372019078,0.05741626794258373,0.5707472178060413,1.4954731917257666,0.963387558451666
31362807_AI.txt,0.400352733686067,0.06371681415929203,0.48677248677248675,0.6142994429466351,0.9433112299791403
31392754_AI.txt,0.5122950819672131,0.03292181069958848,0.5942622950819673,0.6381656086828302,0.9864093035173516
31395710_AI.txt,0.4123505976095618,0.132,0.5079681274900398,0.6175275600064928,0.9625465934185231
31395742_AI.txt,0.4473684210526316,0.03962264150943396,0.5244360902255639,0.8196783427658295,0.9715904405679455
31454430_AI.txt,0.45202020202020204,0.11928934010152284,0.5505050505050505,0.821451358959172,0.9636555172748653
31536294_AI.txt,0.4966216216216216,0.0576271186440678,0.5625,1.0559280096838801,0.9760985434894521
31547476_AI.txt,0.4666666666666667,0.07707910750507099,0.5333333333333333,0.8020863520031922,0.9661142220817066
31552617_AI.txt,0.5294117647058824,0.08226221079691516,0.6445012787723785,0.8124857196625963,0.9700127635330215
31556198_AI.txt,0.4197292069632495,0.0912621359223301,0.5029013539651838,1.0111714393162465,0.9525762222713459
31602598_AI.txt,0.5103305785123967,0.024896265560165973,0.5929752066115702,0.7188057491042882,0.9864192975096159
31605080_AI.txt,0.5,0.11068702290076336,0.5757575757575758,1.0260476753400434,0.9915758303953919
31638814_AI.txt,0.4661016949152542,0.0625,0.5621468926553672,0.6169620579993951,0.9698007943207514
31677347_AI.txt,0.4654205607476635,0.0975609756097561,0.5327102803738317,1.0085819600787114,0.9532358064578655
31684925_AI.txt,0.4657762938230384,0.04690117252931323,0.5409015025041736,0.6585455805945474,0.9575908904780052
31694970_AI.txt,0.47085201793721976,0.0734632683658171,0.5351270553064275,0.8111263518688893,0.971556774125378
31710562_AI.txt,0.4028436018957346,0.1109350237717908,0.4786729857819905,0.8838462593675067,0.9919548916343146
31761591_AI.txt,0.3988919667590028,0.05555555555555555,0.4916897506925208,0.7680191862269137,0.9229280943891779
31813535_AI.txt,0.4416403785488959,0.04746835443037975,0.5394321766561514,1.1022068992017,0.9449998808755148
31850269_AI.txt,0.5334728033472803,0.023109243697478993,0.604602510460251,1.1099029368218374,0.9627604640872818
31909493_AI.txt,0.38219895287958117,0.05249343832020997,0.4725130890052356,0.44261832657109856,0.9712719518192441
31926950_AI.txt,0.45233968804159447,0.08,0.5424610051993067,0.6001957231750251,0.967889247507732
31929166_AI.txt,0.4852941176470588,0.06540084388185655,0.5672268907563025,0.7955791558249599,0.9581647238931422
31948488_AI.txt,0.4612546125461255,0.04259259259259259,0.5498154981549815,0.7430897004907663,0.9782638140831421
32025286_AI.txt,0.4446308724832215,0.04713804713804714,0.5134228187919463,0.7221306316984236,0.9712901721804506
32042584_AI.txt,0.4988662131519274,0.06150341685649203,0.5895691609977324,0.5069903222320484,0.9568948812882224
32067700_AI.txt,0.4931506849315068,0.05963302752293578,0.589041095890411,0.7660175555179793,0.9545959388421807
32069695_AI.txt,0.44345238095238093,0.08208955223880597,0.5089285714285714,0.6572488760033345,0.9741434024461186
32081266_AI.txt,0.4118476727785614,0.12164073550212164,0.48660084626234135,0.576911718483847,0.9701078942175656
32109048_AI.txt,0.5227765726681128,0.08278867102396514,0.6008676789587852,0.7120341187603784,0.8942778689361386
32140087_AI.txt,0.4090909090909091,0.06231003039513678,0.4984848484848485,1.5354783935347571,0.9665524846164862
32219038_AI.txt,0.5317796610169492,0.0425531914893617,0.6101694915254238,1.0295271139230002,0.9595034511501593
32265203_AI.txt,0.5,0.0273972602739726,0.5704545454545454,1.1055237515094443,0.9656104632966949
32308556_AI.txt,0.4807121661721068,0.05373134328358209,0.5637982195845698,1.1044662924923154,0.9568952107526889
32318506_AI.txt,0.4720812182741117,0.14285714285714285,0.5583756345177665,0.7591218695571899,0.9611197547151801
32385553_AI.txt,0.48466257668711654,0.03490759753593429,0.556237218813906,0.8786574738280345,0.9619684000791424
32433431_AI.txt,0.4430604982206406,0.06607142857142857,0.5195729537366548,0.5271336303766092,0.954038256496125
32441790_AI.txt,0.5296523517382413,0.024640657084188913,0.5950920245398773,0.8797361398602234,0.9573315430393783
32517106_AI.txt,0.5107632093933464,0.060903732809430254,0.5909980430528375,1.0157010929421426,0.9618544524288276
32518109_AI.txt,0.5590277777777778,0.04895104895104895,0.6840277777777778,0.43425314661684217,0.973139371864482
32531824_AI.txt,0.5013477088948787,0.02710027100271003,0.6091644204851752,0.42608426663373533,0.9760751715289167
32532982_AI.txt,0.38333333333333336,0.20891364902506965,0.4486111111111111,0.368315259347477,0.983061423721345
32563518_AI.txt,0.4812398042414356,0.04582651391162029,0.5628058727569332,0.6573086714057763,0.9256458598274143
32605413_AI.txt,0.48392282958199356,0.0064516129032258064,0.5707395498392283,0.9464973976772934,0.9590167038626326
32636041_AI.txt,0.4821150855365474,0.0748829953198128,0.5489891135303266,0.7334210911020971,0.9611112716197842
32637306_AI.txt,0.40493468795355586,0.08005822416302766,0.46879535558780844,0.5373349369472629,0.9612658852940291
32651555_AI.txt,0.5027726432532348,0.03710575139146568,0.5637707948243993,1.003506277798131,0.9664647572061367
32720816_AI.txt,0.5098468271334792,0.04395604395604396,0.5908096280087527,0.6486176399094221,0.9355089951084452
32773331_AI.txt,0.4362068965517241,0.08304498269896193,0.503448275862069,1.0377552983352538,0.9580666134678006
32794700_AI.txt,0.5771971496437055,0.02386634844868735,0.667458432304038,0.5259772385097092,0.9539824966798854
32799518_AI.txt,0.556745182012848,0.008602150537634409,0.6466809421841542,0.5827281276285999,0.950789288526003
32802563_AI.txt,0.473568281938326,0.05088495575221239,0.5770925110132159,0.8893062751234045,0.9556769444965969
32896934_AI.txt,0.421455938697318,0.07692307692307693,0.4942528735632184,0.5919455320274278,0.9901852444741227
32947778_AI.txt,0.4178885630498534,0.06470588235294118,0.5043988269794721,0.7622567676398124,0.9667372350468469
32954522_AI.txt,0.4964705882352941,0.03309692671394799,0.5929411764705882,0.6608263029835694,0.939105614129438
32959732_AI.txt,0.38852097130242824,0.07190265486725664,0.4757174392935982,0.8889998578736548,0.9282487613621664
32965335_AI.txt,0.41910631741140214,0.04945904173106646,0.4946070878274268,1.020896294669532,0.9796088090507363
32977530_AI.txt,0.4762773722627737,0.04395604395604396,0.5638686131386861,0.5763356680787076,0.9432930145552723
32980197_AI.txt,0.4599659284497445,0.023931623931623933,0.5587734241908007,0.5346744659662497,0.9426497937248318
32985311_AI.txt,0.5792682926829268,0.03987730061349693,0.6707317073170732,0.8064627454841472,0.981380384205228
33023370_AI.txt,0.460431654676259,0.07942238267148015,0.5287769784172662,0.47499407999523735,0.9625085174425713
33072201_AI.txt,0.4554794520547945,0.07388316151202749,0.541095890410959,0.8894625575380319,0.9510871333468558
33135102_AI.txt,0.4155844155844156,0.1527001862197393,0.5064935064935064,0.8780330031262302,0.9617364094250085
33141415_AI.txt,0.5339366515837104,0.05454545454545454,0.6131221719457014,0.8006973504512864,0.9501706804928388
33176873_AI.txt,0.46153846153846156,0.06208053691275168,0.5250836120401338,0.4589630391709495,0.9599077298499975
33236701_AI.txt,0.5,0.044897959183673466,0.5772357723577236,0.7503238683416841,0.9401320213428124
33241454_AI.txt,0.4621359223300971,0.04678362573099415,0.545631067961165,0.6479495979186805,0.9398940709878889
33286293_AI.txt,0.586046511627907,0.053738317757009345,0.6767441860465117,0.8136603100929118,0.9860878848616418
33344933_AI.txt,0.42752740560292324,0.09401709401709402,0.5115712545676004,1.0731685129230615,0.9810948081788315
33370664_AI.txt,0.49454545454545457,0.021897810218978103,0.5818181818181818,0.8740544977851998,0.9643021032418658
33381211_AI.txt,0.3838526912181303,0.09943181818181818,0.471671388101983,0.9049266055030988,0.9508796555263026
33424600_AI.txt,0.40974729241877256,0.1431159420289855,0.47833935018050544,0.44511426892998546,0.9656827398909654
33527446_AI.txt,0.43103448275862066,0.058823529411764705,0.5206896551724138,0.8001810222594626,0.988486247472757
33542483_AI.txt,0.4122137404580153,0.07350689127105667,0.49923664122137407,0.7130058676380501,0.9692849286266074
33578873_AI.txt,0.4903581267217631,0.0443213296398892,0.5840220385674931,0.4859897662145176,0.8950304707032685
33627938_AI.txt,0.42320261437908496,0.06721311475409836,0.49836601307189543,0.6812611910904623,0.9902534433130554
33665485_AI.txt,0.4578096947935368,0.06666666666666667,0.533213644524237,0.6422238068263512,0.9853085476073024
33685075_AI.txt,0.4482758620689655,0.09510086455331412,0.5316091954022989,0.7226146580583258,0.968985666907618
33685988_AI.txt,0.49137931034482757,0.03896103896103896,0.5775862068965517,0.544821321722234,0.9839527089518857
33704389_AI.txt,0.4161616161616162,0.0486815415821501,0.5232323232323233,0.8288810923321172,0.9694077764141742
33750209_AI.txt,0.4670138888888889,0.05574912891986063,0.5399305555555556,0.8110829186342206,0.9527655119324088
33803142_AI.txt,0.40625,0.09075907590759076,0.4753289473684211,0.8505417738834201,0.9370393173001444
33872500_AI.txt,0.48205928237129486,0.026604068857589983,0.5850234009360374,0.6270148083550784,0.9827886046116064
33893326_AI.txt,0.4927797833935018,0.03260869565217391,0.5703971119133574,0.8603951829543209,0.9850409224756841
33919379_AI.txt,0.47752808988764045,0.1016949152542373,0.550561797752809,0.8424189892932799,0.9694724712413454
33964275_AI.txt,0.5067796610169492,0.061224489795918366,0.5949152542372881,0.6631304365818499,0.9647726864346164
34033933_AI.txt,0.49387755102040815,0.0389344262295082,0.5775510204081633,0.8217354081447745,0.9555833083871317
34046031_AI.txt,0.46869983948635635,0.0322061191626409,0.536115569823435,0.6960786634391772,0.98081348659196
34051710_AI.txt,0.4342857142857143,0.1491395793499044,0.5142857142857142,1.1908568475669838,0.985157283252748
34131484_AI.txt,0.4960835509138381,0.026246719160104987,0.5848563968668408,0.8193238945782686,0.9565771668178707
34141299_AI.txt,0.5612009237875288,0.02320185614849188,0.6397228637413395,0.6814895025541062,0.968813097166936
34146825_AI.txt,0.48590021691973967,0.015250544662309368,0.5921908893709328,0.6297654887673751,0.9608761053189285
34151183_AI.txt,0.4670571010248902,0.06461086637298091,0.5387994143484627,0.771255373519846,0.969639374598002
34185495_AI.txt,0.4943609022556391,0.06037735849056604,0.5639097744360902,0.836594890594356,0.9855506134314618
34198885_AI.txt,0.45489443378119004,0.08092485549132948,0.5335892514395394,0.6343819983486518,0.9855031569429682
34250007_AI.txt,0.4686971235194585,0.057724957555178265,0.5414551607445008,0.41016948184782787,0.9845990510273116
34252537_AI.txt,0.41916167664670656,0.11623246492985972,0.5109780439121756,0.9157562341408764,0.9606021463453736
34303500_AI.txt,0.5215146299483648,0.025906735751295335,0.6144578313253012,0.9990227189520863,0.9414554900032304
34304175_AI.txt,0.5063063063063064,0.059674502712477394,0.554954954954955,0.5267103022297936,0.9316277847375192
34317538_AI.txt,0.42338251986379116,0.17861205915813425,0.4858115777525539,1.382503836909001,0.9930609903207824
34319869_AI.txt,0.4510433386837881,0.05475040257648953,0.5088282504012841,0.3797951467129008,0.9878768922779635
34327438_AI.txt,0.4742765273311897,0.056451612903225805,0.5514469453376206,0.7116732332363854,0.9759253218799943
34349255_AI.txt,0.3877551020408163,0.11389521640091116,0.4897959183673469,0.5687516784692547,0.9541509981319424
34419403_AI.txt,0.5096618357487923,0.014563106796116505,0.5917874396135265,0.757659755621952,0.9628611030291868
34452806_AI.txt,0.48091603053435117,0.007662835249042145,0.5992366412213741,0.790517587074837,0.9607821913977231
34465087_AI.txt,0.5271028037383177,0.0225140712945591,0.6149532710280374,0.784920113172324,0.9571354839951058
34511655_AI.txt,0.40279937791601866,0.0686427457098284,0.49611197511664074,0.6140054278124542,0.9644523024471995
34544955_AI.txt,0.4473229706390328,0.1369150779896014,0.5112262521588946,1.104987067485619,0.9879432155427773
34554248_AI.txt,0.48028673835125446,0.0539568345323741,0.5609318996415771,0.5158911350491726,0.9564978959093174
34583750_AI.txt,0.4113785557986871,0.05714285714285714,0.5229759299781181,0.4443286597751256,0.9289978843581548
34594746_AI.txt,0.47232472324723246,0.04814814814814815,0.577490774907749,0.716100247559932,0.9339112483867777
34657584_AI.txt,0.4866666666666667,0.10491071428571429,0.5533333333333333,0.7806078778771269,0.9846806643685861
34689720_AI.txt,0.3939393939393939,0.0929054054054054,0.5,0.6270010610966313,0.9909651016458179
34712719_AI.txt,0.5149384885764499,0.04409171075837742,0.6186291739894552,1.0838234084192206,0.9826873648025165
34740556_AI.txt,0.4268707482993197,0.034129692832764506,0.5051020408163265,0.5351949952448553,0.9316665039316063
34745915_AI.txt,0.42908438061041293,0.12972972972972974,0.5152603231597845,0.7144058483356994,0.9608576787066576
34758680_AI.txt,0.4119601328903654,0.08833333333333333,0.49169435215946844,0.6636981634770573,0.9871496659404777
34783330_AI.txt,0.4915254237288136,0.1054421768707483,0.5542372881355933,0.6648944404827085,0.9725387822078152
34792238_AI.txt,0.45940959409594095,0.040740740740740744,0.5571955719557196,0.951515730498378,0.9539816438181159
34797369_AI.txt,0.4554794520547945,0.07216494845360824,0.5496575342465754,0.7306926253558109,0.9511224376861098
34816637_AI.txt,0.4264705882352941,0.04430379746835443,0.5084033613445378,0.669582203200482,0.9865223532331784
34875813_AI.txt,0.4175977653631285,0.04341736694677871,0.5111731843575419,0.4129736386938824,0.943008838565684
34953092_AI.txt,0.5194174757281553,0.07073170731707316,0.5898058252427184,0.7393122250882884,0.9521597319078008
34962725_AI.txt,0.454,0.22289156626506024,0.506,1.294476617898413,0.976236395376361
34970271_AI.txt,0.4117647058823529,0.0920138888888889,0.5017301038062284,0.6029144093254387,0.9694072956602144
35121930_AI.txt,0.4795539033457249,0.06529850746268656,0.5483271375464684,0.6421157516820444,0.9602183786439248
35157762_AI.txt,0.4393939393939394,0.08478260869565217,0.512987012987013,0.721366509883681,0.9615538593314052
35164503_AI.txt,0.5060034305317325,0.03098106712564544,0.5969125214408233,0.6020382197794099,0.9601810039958151
35172961_AI.txt,0.49282296650717705,0.1776,0.5311004784688995,1.32637478067231,0.9741539509785433
35302620_AI.txt,0.4397905759162304,0.06654991243432574,0.5165794066317626,0.5754682976082897,0.9369082652720769
35325329_AI.txt,0.46519524617996605,0.054514480408858604,0.533106960950764,0.8427733329508289,0.9237484540125526
35344611_AI.txt,0.4064272211720227,0.056925996204933584,0.5066162570888468,0.6814420233212761,0.9707606175065274
35389360_AI.txt,0.4612476370510397,0.06072106261859583,0.5425330812854442,0.9031593273981063,0.9760498321043367
35421497_AI.txt,0.5083333333333333,0.02510460251046025,0.6104166666666667,0.8634714428933405,0.962525642360429
35422305_AI.txt,0.43413978494623656,0.04851752021563342,0.5161290322580645,0.6901013079335172,0.9713846108217536
35468363_AI.txt,0.46402877697841727,0.12681159420289856,0.5575539568345323,0.3355943536601612,0.9880033139871542
35474904_AI.txt,0.5029940119760479,0.028056112224448898,0.592814371257485,0.7478407360778435,0.9498150537901494
35483925_AI.txt,0.4699248120300752,0.026415094339622643,0.5601503759398496,0.70324104632328,0.9744081323326125
35492909_AI.txt,0.5153061224489796,0.046153846153846156,0.5841836734693877,0.8750911031289886,0.9803511563378049
35554162_AI.txt,0.45569620253164556,0.036297640653357534,0.5424954792043399,0.5903005302110644,0.9726422447397387
35564026_AI.txt,0.4572784810126582,0.08571428571428572,0.5363924050632911,0.8490861998324729,0.9607619541194894
35571205_AI.txt,0.45797598627787306,0.05679862306368331,0.5351629502572899,0.6049334738846265,0.9497990774356188
35579812_AI.txt,0.4777777777777778,0.029017857142857144,0.5711111111111111,0.6718548123582124,0.9696041667519253
35603950_AI.txt,0.47843137254901963,0.07283464566929133,0.5568627450980392,1.0360347172800042,0.9486303378704719
35651876_AI.txt,0.45663716814159294,0.019538188277087035,0.5327433628318584,0.5621876623367703,0.9451223705340089
35673335_AI.txt,0.4146341463414634,0.052202283849918436,0.4943089430894309,0.6623482436914426,0.9679160553521796
35737840_AI.txt,0.48747591522157996,0.04448742746615087,0.5722543352601156,0.7563990217490436,0.9478358975279614
35971546_AI.txt,0.4643377001455604,0.030656934306569343,0.5473071324599709,0.6858522315320801,0.973344446834477
35985133_AI.txt,0.4582560296846011,0.09683426443202979,0.5269016697588126,0.760938843617021,0.9712474031688784
35990852_AI.txt,0.4708249496981891,0.09494949494949495,0.5513078470824949,0.6675183400907166,0.9756016438076337
36019469_AI.txt,0.3911525029103609,0.050175029171528586,0.4831199068684517,0.962522035053232,0.9572453975851755
36024962_AI.txt,0.5285714285714286,0.05755395683453238,0.6107142857142858,0.9620839059961822,0.9862369888660433
36074301_AI.txt,0.4594059405940594,0.061630218687872766,0.5188118811881188,1.0344920100120933,0.9583151166721892
36094883_AI.txt,0.46286701208981,0.07105719237435008,0.5371329879101899,0.8443089518902765,0.9824796506135964
36102323_AI.txt,0.562,0.04216867469879518,0.626,1.0348107717516926,0.9538672273364477
36107065_AI.txt,0.479933110367893,0.047058823529411764,0.5544388609715243,0.9375122188436061,0.9829853674301672
36136569_AI.txt,0.4303599374021909,0.06436420722135008,0.5195618153364632,0.6031971555586415,0.959133265153259
36139251_AI.txt,0.38953488372093026,0.06268221574344024,0.4752906976744186,0.4257696312277017,0.9682683941900944
36149549_AI.txt,0.5497076023391813,0.05283757338551859,0.621832358674464,0.8924480779552185,0.9576127586286837
36170003_AI.txt,0.4296875,0.09411764705882353,0.521484375,0.4787597697749342,0.9492548168755526
36206485_AI.txt,0.4709090909090909,0.04562043795620438,0.5472727272727272,0.6112691714784902,0.9723567526792792
36252245_AI.txt,0.4543795620437956,0.06227106227106227,0.541970802919708,0.6715123715923199,0.9508979836421698
36269672_AI.txt,0.46774193548387094,0.07467532467532467,0.5709677419354838,0.44172804897898743,0.9493461110605994
36302399_AI.txt,0.44,0.04871060171919771,0.5214285714285715,1.4233591323036485,0.9449003997404073
36331163_AI.txt,0.5010660980810234,0.057815845824411134,0.55863539445629,0.7271458821861295,0.97825725125331
36366044_AI.txt,0.46143790849673205,0.07601572739187418,0.5555555555555556,0.5439112703615556,0.9542421498896698
36379931_AI.txt,0.5160771704180064,0.041935483870967745,0.6093247588424437,0.7023492314843779,0.9620377709427648
36392131_AI.txt,0.44251968503937006,0.07424960505529225,0.5149606299212598,0.6046617370328905,0.9749847366897201
36425270_AI.txt,0.5119047619047619,0.03187250996015936,0.5932539682539683,0.7616214638351502,0.9847159138057096
36434348_AI.txt,0.425,0.07915057915057915,0.48653846153846153,0.8594660499552271,0.9736857116388467
36517781_AI.txt,0.4590443686006826,0.053082191780821915,0.5324232081911263,0.45750360739673135,0.9702661155164388
36569713_AI.txt,0.5514705882352942,0.13333333333333333,0.6286764705882353,1.4551440864339644,0.9715090140675818
36574147_AI.txt,0.4387755102040816,0.10580204778156997,0.5136054421768708,0.3710767534351074,0.9784488727203887
36621169_AI.txt,0.5449101796407185,0.08433734939759036,0.6197604790419161,0.6238771332559734,0.9606330194879595
36625776_AI.txt,0.42402826855123676,0.09219858156028368,0.5053003533568905,0.5324772425338451,0.943921506152869
36671891_AI.txt,0.4306930693069307,0.07816377171215881,0.5086633663366337,1.217517494988422,0.9572710968659872
36694627_AI.txt,0.5406593406593406,0.026490066225165563,0.6021978021978022,0.6533474345658403,0.9649908656385187
36727173_AI.txt,0.4878048780487805,0.06326530612244897,0.5772357723577236,1.3115814444348026,0.9630891447954825
36758947_AI.txt,0.5154867256637168,0.06444444444444444,0.6039823008849557,0.8608010084306541,0.9638912040841342
36805025_AI.txt,0.43144424131627057,0.05504587155963303,0.5319926873857403,0.7530181407725258,0.9449763404117084
36856210_AI.txt,0.4969574036511156,0.028513238289205704,0.5963488843813387,0.7926909174413933,0.963278922264677
36861863_AI.txt,0.5128205128205128,0.04428044280442804,0.6263736263736264,0.5244111404592903,0.9799777842353947
36868767_AI.txt,0.512014787430684,0.055658627087198514,0.5822550831792976,1.1449297773546385,0.977478310328966
36904300_AI.txt,0.4308176100628931,0.083596214511041,0.5157232704402516,0.8111997004604233,0.962420147268457
36905896_AI.txt,0.47593582887700536,0.07155635062611806,0.5490196078431373,0.46410981876645585,0.9500013445791764
36970996_AI.txt,0.4696969696969697,0.07391304347826087,0.5584415584415584,0.7403473277972329,0.943034549057822
37001381_AI.txt,0.4555984555984556,0.07945736434108527,0.5154440154440154,1.2469978557723944,0.9954402675608397
37058472_AI.txt,0.4709418837675351,0.028169014084507043,0.5430861723446894,0.8219707055728424,0.9669314048556883
37087371_AI.txt,0.466,0.082,0.5358565737051793,0.48587691208086536,0.9637599361264587
37087824_AI.txt,0.4613821138211382,0.053061224489795916,0.5447154471544715,0.9873731270402143,0.9705957687851657
37201447_AI.txt,0.43902439024390244,0.06118881118881119,0.5156794425087108,0.7263755902040863,0.970358734012353
37220856_AI.txt,0.4466338259441708,0.03459637561779242,0.5238095238095238,0.8823210521016576,0.9670856357298803
37231163_AI.txt,0.49782608695652175,0.043668122270742356,0.5782608695652174,0.37881383453490014,0.9783950018700912
37242217_AI.txt,0.45022288261515603,0.02384500745156483,0.5260029717682021,0.8791521391754762,0.9577385093408195
37263609_AI.txt,0.4312977099236641,0.19157088122605365,0.49809160305343514,1.3908370611440173,0.9855336355370897
37292350_AI.txt,0.4725609756097561,0.06880733944954129,0.5457317073170732,0.5614063797505716,0.9419414211532936
37333719_AI.txt,0.4692556634304207,0.1237785016286645,0.5598705501618123,0.9324180053975354,0.9803860005136331
37335325_AI.txt,0.36100746268656714,0.1261682242990654,0.4300373134328358,0.5281637522880739,0.9764599556976247
37348041_AI.txt,0.46706586826347307,0.04809619238476954,0.5568862275449101,0.9350029204410123,0.9862431028914047
37360517_AI.txt,0.5461346633416458,0.02506265664160401,0.6209476309226932,0.7347420611893288,0.9773256616363379
37370455_AI.txt,0.4149443561208267,0.03827751196172249,0.48012718600953896,0.8727698275348965,0.9690288679249642
37374340_AI.txt,0.5107296137339056,0.017241379310344827,0.5987124463519313,0.8500694060199889,0.9588886566286444
37375999_AI.txt,0.4431818181818182,0.049429657794676805,0.5303030303030303,0.42174116783664994,0.959235505503052
37391947_AI.txt,0.37702265372168287,0.15422077922077923,0.4546925566343042,0.5696552676768846,0.9712972350752404
37402097_AI.txt,0.46601941747572817,0.051470588235294115,0.551219512195122,1.4073961173219658,0.9323223732979897
37472265_AI.txt,0.40597539543058,0.10405643738977072,0.4797891036906854,0.7278654002046996,0.9705264902677058
37473139_AI.txt,0.5,0.021834061135371178,0.5782608695652174,0.6708203932499369,0.9443570405348977
37521676_AI.txt,0.45975232198142413,0.08074534161490683,0.5464396284829721,0.768615900322584,0.9651164860330066
37540732_AI.txt,0.47692307692307695,0.09050772626931568,0.5648351648351648,0.7908528118831941,0.9657138363397755
37560528_AI.txt,0.46702317290552586,0.06797853309481217,0.5597147950089126,0.5146135142559061,0.9499835060859377
37640804_AI.txt,0.4483695652173913,0.13896457765667575,0.5163043478260869,0.8453185398530264,0.9642220874409846
37660306_AI.txt,0.4518664047151277,0.05128205128205128,0.5343811394891945,0.5662731307373401,0.942181836096703
37664296_AI.txt,0.42153846153846153,0.14506172839506173,0.5030769230769231,0.9056525847772977,0.9359855523696383
37695494_AI.txt,0.43792325056433407,0.15873015873015872,0.4966139954853273,1.2147101548435766,0.968437301020302
37735467_AI.txt,0.4774774774774775,0.016566265060240965,0.5570570570570571,0.6023976025934608,0.944851573391292
37739183_AI.txt,0.41420118343195267,0.09347181008902077,0.5,0.7325516298369896,0.96871261554931
37750854_AI.txt,0.41317365269461076,0.06156156156156156,0.49550898203592814,0.5746031079546264,0.9595106617800059
37751611_AI.txt,0.4322396576319544,0.06294706723891273,0.4978601997146933,0.7958973878856317,0.9572211622236895
37764298_AI.txt,0.4884210526315789,0.03805496828752643,0.5789473684210527,0.8399087142061606,0.9655217666878094
37792474_AI.txt,0.44935543278084716,0.07208872458410351,0.5322283609576427,0.6632796199598356,0.9374137902415765
37818861_AI.txt,0.5336927223719676,0.08943089430894309,0.6064690026954178,0.5241073375235219,0.9829443037323902
37913536_AI.txt,0.4025735294117647,0.15867158671586715,0.4577205882352941,0.6506695158955902,0.9808330508408892
37931076_AI.txt,0.5083333333333333,0.05307262569832402,0.5916666666666667,0.6778767647681697,0.9815724870117726
37997506_AI.txt,0.44482758620689655,0.06055363321799308,0.5258620689655172,0.9580266233199384,0.9965837888305895
38007664_AI.txt,0.4137353433835846,0.07563025210084033,0.48743718592964824,1.2679640321087422,0.9729950588115037
38047274_AI.txt,0.4692737430167598,0.06542056074766354,0.5437616387337058,0.9971331368824391,0.9693828980760412
38056161_AI.txt,0.46421663442940037,0.04466019417475728,0.5357833655705996,0.8920228980960585,0.9789657402777672
38059130_AI.txt,0.41379310344827586,0.08401976935749589,0.48932676518883417,0.6849991832368976,0.9679594337768438
38087844_AI.txt,0.45714285714285713,0.04384485666104553,0.5378151260504201,0.9408535552793189,0.9680098564893305
38108845_AI.txt,0.39344262295081966,0.07174887892376682,0.46050670640834573,0.44593175267935736,0.9662145887099416
38115035_AI.txt,0.4613899613899614,0.07364341085271318,0.5366795366795367,0.8402093950756854,0.9653512958083116
38154903_AI.txt,0.5393939393939394,0.036585365853658534,0.6333333333333333,0.9683829480784812,0.9634919338570371
38165833_AI.txt,0.5542168674698795,0.04048582995951417,0.6184738955823293,1.1277755755778964,0.9764911936310153
38216888_AI.txt,0.5068493150684932,0.09655172413793103,0.613013698630137,0.8939809747362019,0.9617246332687348
38220146_AI.txt,0.4867109634551495,0.03,0.5631229235880398,0.9074730041041407,0.9610201482301641
38225199_AI.txt,0.49714285714285716,0.05162523900573614,0.5828571428571429,1.114479022711281,0.960327422888053
38291889_AI.txt,0.508298755186722,0.020833333333333332,0.5975103734439834,0.7794012426650909,0.9613980019912423
38309905_AI.txt,0.4892086330935252,0.07581227436823104,0.5611510791366906,0.7147176288660831,0.9694337157238198
38314236_AI.txt,0.4593406593406593,0.03532008830022075,0.5384615384615384,0.876842879234969,0.9719676453719419
38355831_AI.txt,0.39300411522633744,0.19421487603305784,0.45267489711934156,0.8824008761347207,0.9815812360603234
38399177_AI.txt,0.5297805642633229,0.031545741324921134,0.6269592476489029,0.5884823321669467,0.9294509393417754
38441665_AI.txt,0.40852575488454707,0.0748663101604278,0.4849023090586146,0.9469696547757386,0.9850305753531006
38457612_AI.txt,0.5145413870246085,0.038202247191011236,0.5928411633109619,1.0609212276584954,0.9624594941681438
38535335_AI.txt,0.509493670886076,0.050955414012738856,0.6265822784810127,0.7308544132518133,0.9441853572639118
38565119_AI.txt,0.546916890080429,0.0215633423180593,0.6380697050938338,0.6017803421121827,0.9635624739555401
38642923_AI.txt,0.4172077922077922,0.07166123778501629,0.4805194805194805,1.3781480912971713,0.9700015601267442
38650096_AI.txt,0.5522875816993464,0.06578947368421052,0.630718954248366,0.7795757067012588,0.9489266047049939
38663892_AI.txt,0.4489112227805695,0.0453781512605042,0.5360134003350083,0.8331103689489483,0.9503405724301827
38688388_AI.txt,0.4197324414715719,0.04530201342281879,0.5066889632107023,0.5092975137462773,0.9456553165906888
38698573_AI.txt,0.5222222222222223,0.05018587360594796,0.5962962962962963,0.6804273175799986,0.9484306463897753
38707449_AI.txt,0.48484848484848486,0.07302231237322515,0.5595959595959596,0.815902194155386,0.9934505473615084
38744475_AI.txt,0.4628099173553719,0.058091286307053944,0.5578512396694215,0.6067621120090091,0.9768397035322359
38750659_AI.txt,0.43033509700176364,0.09557522123893805,0.48853615520282184,0.8757247209774426,0.9589366632105719
38753827_AI.txt,0.4283625730994152,0.093841642228739,0.5102339181286549,0.8866414546404446,0.9799884366430286
38847011_AI.txt,0.44353518821603927,0.06732348111658457,0.5253682487725041,0.6642395355160324,0.9655547177217052
38860712_AI.txt,0.45904761904761904,0.08030592734225621,0.5638095238095238,0.30066801606916915,0.9544189855840436
38896303_AI.txt,0.42078364565587734,0.06153846153846154,0.49744463373083475,0.9009060120616147,0.9749199174381858
38897568_AI.txt,0.4972677595628415,0.056672760511883,0.5719489981785064,0.9346391186374631,0.9807968120474182
38907798_AI.txt,0.39728353140916806,0.05110732538330494,0.47368421052631576,0.9834843472636043,0.9909268649914931
38946032_AI.txt,0.4623287671232877,0.05670103092783505,0.5547945205479452,0.6949598687198917,0.9710237325716775
38989376_AI.txt,0.4279411764705882,0.07658321060382917,0.5007342143906021,0.8596273193523168,0.9843878326338255
39027764_AI.txt,0.3804945054945055,0.1584022038567493,0.46153846153846156,0.62866650524998,0.9613223956648475
39064638_AI.txt,0.5058139534883721,0.04271844660194175,0.5802707930367504,0.8053497951549489,0.9622290654638496
39081840_AI.txt,0.42587601078167114,0.04054054054054054,0.5040431266846361,0.6068894966722539,0.9641548068924285
39082090_AI.txt,0.48939929328621906,0.06205673758865248,0.5512367491166078,0.7496066587372686,0.9569652868905664
39115899_AI.txt,0.4838709677419355,0.11510791366906475,0.5501792114695341,1.1176445027796604,0.9809722013348061
39142536_AI.txt,0.4694589877835951,0.0647985989492119,0.5584642233856894,0.6155586121892199,0.9627514583644645
39166680_AI.txt,0.4333764553686934,0.09857328145265888,0.49935316946959896,0.742766513192515,0.9807832170259221
39237915_AI.txt,0.48987108655616945,0.053604436229205174,0.578268876611418,1.1983905434115547,0.9568322866936717
39247950_AI.txt,0.43042671614100186,0.07262569832402235,0.5157699443413729,0.8737203706382848,0.9918459449793522
39252859_AI.txt,0.42105263157894735,0.0880281690140845,0.5017543859649123,0.46758854362345703,0.9857656893004224
39295103_AI.txt,0.4688715953307393,0.09375,0.5583657587548638,0.6322948884227465,0.9693802061388815
39308779_AI.txt,0.3864942528735632,0.1440922190201729,0.4511494252873563,1.0821224955816542,0.9738241317761559
39413067_AI.txt,0.4113597246127367,0.05699481865284974,0.4991394148020654,0.8695688834823532,0.9696499043417672
39434376_AI.txt,0.5660377358490566,0.06844106463878327,0.6641509433962264,0.7431881015746594,0.9822904529868209
39441617_AI.txt,0.4713114754098361,0.047325102880658436,0.5389344262295082,0.8615057278126581,0.9691037267838088
39470264_AI.txt,0.4293193717277487,0.11208406304728546,0.5270506108202443,0.6902760385483713,0.9468197488837462
39566718_AI.txt,0.460093896713615,0.04395604395604396,0.5305164319248826,1.0001163815827172,0.9756832085612108
39569771_AI.txt,0.5087108013937283,0.038461538461538464,0.5853658536585366,0.824152037811511,0.9654842220119633
39581020_AI.txt,0.49393939393939396,0.04878048780487805,0.5666666666666667,0.7162002983867506,0.9588618621148788
39608848_AI.txt,0.47327044025157233,0.01892744479495268,0.5644654088050315,0.7345765066067383,0.944894821065875
39650734_AI.txt,0.5224489795918368,0.030737704918032786,0.5918367346938775,0.8675970027676672,0.9630553509274534
39674178_AI.txt,0.42142857142857143,0.04659498207885305,0.49464285714285716,0.9629090702402904,0.9830566597439454
39674782_AI.txt,0.4742647058823529,0.04981549815498155,0.5404411764705882,1.0745843186090662,0.9873545346859767
39675895_AI.txt,0.4306569343065693,0.029304029304029304,0.5127737226277372,0.505941420884664,0.9587960251279469
39718499_AI.txt,0.4928774928774929,0.022922636103151862,0.5669515669515669,1.4264777794805203,0.962637280869933
39776400_AI.txt,0.39488117001828155,0.11192660550458716,0.473491773308958,0.47744904585988523,0.9746095668038802
39805617_AI.txt,0.508500772797527,0.07286821705426356,0.5795981452859351,1.0131411301526123,0.9322810200012689
39835894_AI.txt,0.46215139442231074,0.082,0.5338645418326693,0.6158206328344109,0.9569708302233613
39855211_AI.txt,0.52994555353902,0.018214936247723135,0.6388384754990926,0.6631650981156497,0.9627996404231156
39875803_AI.txt,0.4169278996865204,0.08018867924528301,0.5094043887147336,0.7289380001749585,0.9531036234757518
39908485_AI.txt,0.4181360201511335,0.10353535353535354,0.49622166246851385,0.9505454675122084,0.9504365730955376
39970711_AI.txt,0.5094339622641509,0.04842105263157895,0.5849056603773585,0.5385481723867523,0.973213303885632
40018190_AI.txt,0.5495283018867925,0.035545023696682464,0.6344339622641509,1.0864354034066241,0.9887584665353658
40088790_AI.txt,0.42829827915869984,0.07293666026871401,0.5181644359464627,1.2150438581686434,0.9505510890997226
40311088_AI.txt,0.43380855397148677,0.049079754601226995,0.5173116089613035,0.8051450985458004,0.98828840440913
40792022_AI.txt,0.4988962472406181,0.03547671840354767,0.58719646799117,0.6421254426464241,0.9439336302729029
40882926_AI.txt,0.4686192468619247,0.03571428571428571,0.5502092050209205,0.5955421429702068,0.9311977957603481
40883703_AI.txt,0.38,0.07589285714285714,0.4622222222222222,0.5435797339885522,0.9341501011437631
40987524_AI.txt,0.45,0.06272401433691756,0.5303571428571429,0.6874420198185771,0.9272082460217064
41152404_AI.txt,0.41112828438948995,0.10232558139534884,0.47449768160741884,1.171309966854865,0.9797460134099052
41344156_AI.txt,0.4046242774566474,0.08115942028985507,0.5072254335260116,0.5548494077138576,0.9622968666368024
41506705_AI.txt,0.467005076142132,0.07142857142857142,0.5338983050847458,0.6084845126952383,0.948031689939584
41523474_AI.txt,0.5139186295503212,0.06236559139784946,0.5952890792291221,0.9095902027786258,0.9728323911121839
41586420_AI.txt,0.4593437945791726,0.058655221745350504,0.514978601997147,0.90812600740855,0.9682815502726512
41590605_AI.txt,0.4289405684754522,0.11010362694300518,0.4909560723514212,1.3900031835961404,0.9852335014380194
41651672_AI.txt,0.4604651162790698,0.05841121495327103,0.586046511627907,0.47795978508288856,0.9698473919714234
41910253_AI.txt,0.5672514619883041,0.0058823529411764705,0.6461988304093568,0.7834304111997262,0.9760410019987752
41950126_AI.txt,0.4495548961424332,0.041666666666666664,0.5192878338278932,0.6254142962941415,0.9612328739721314
42156237_AI.txt,0.5357142857142857,0.028205128205128206,0.6045918367346939,0.728604373335606,0.9777259052175883
42164460_AI.txt,0.43270868824531517,0.07179487179487179,0.514480408858603,0.7788405380940155,0.9665350378702958
42304307_AI.txt,0.4498977505112474,0.08418891170431211,0.5357873210633947,0.7835338060833767,0.9400622659809064
42332765_AI.txt,0.49502982107355864,0.041916167664670656,0.5765407554671969,0.5273262310245339,0.9843821556472748
42384185_AI.txt,0.47671840354767187,0.10690423162583519,0.5609756097560976,0.4508564617761466,0.9590527089191933
42427521_AI.txt,0.4700374531835206,0.07518796992481203,0.552434456928839,1.1054088319209654,0.9521360869495259
42487883_AI.txt,0.4297253634894992,0.04700162074554295,0.518578352180937,0.94143669707845,0.9812970556190923
42546558_AI.txt,0.4757929883138564,0.05695142378559464,0.5642737896494157,0.6539711888576476,0.9154951863278487
42641525_AI.txt,0.42857142857142855,0.07692307692307693,0.4965156794425087,0.7531907143816996,0.9628460604839402
43311839_AI.txt,0.5104529616724739,0.045454545454545456,0.5958188153310104,0.6574740191912538,0.9753327907914634
43375498_AI.txt,0.4880952380952381,0.06374501992031872,0.5773809523809523,0.48077660208913997,0.9416734865914655
43378989_AI.txt,0.5214899713467048,0.0893371757925072,0.6045845272206304,1.4141582162219286,0.9732965542433709
43408471_AI.txt,0.4964788732394366,0.02120141342756184,0.5651408450704225,0.8740721422074449,0.976091582348267
43622023_AI.txt,0.5330812854442344,0.026565464895635674,0.6124763705103969,0.6824544438513486,0.9599943773954904
43685045_AI.txt,0.4518900343642612,0.05862068965517241,0.5463917525773195,0.6855118543457551,0.9673551008195748
43720116_AI.txt,0.5093023255813953,0.0630841121495327,0.6139534883720931,0.5686167782984127,0.9724021134737163
43752620_AI.txt,0.5,0.06405693950177936,0.5762411347517731,0.7088605541022149,0.9729481583792172
43852883_AI.txt,0.45454545454545453,0.11808669656203288,0.5245901639344263,1.082436854003068,0.9905977101602148
43994605_AI.txt,0.4614065180102916,0.043029259896729774,0.5403087478559176,1.0233424985268065,0.9912177399725203
44115326_AI.txt,0.41543026706231456,0.046130952380952384,0.4807121661721068,0.7951970795336036,0.951009256980189
44145704_AI.txt,0.4418604651162791,0.09922178988326848,0.5058139534883721,0.9528701718390469,0.9512050423810468
44147689_AI.txt,0.4510250569476082,0.07551487414187644,0.5216400911161732,0.9619108546842691,0.9707971651321304
44185767_AI.txt,0.4176829268292683,0.035168195718654434,0.5015243902439024,0.8188806738930589,0.979421275218493
44476983_AI.txt,0.463743676222597,0.02707275803722504,0.5413153456998314,0.4710239758987285,0.9720415025944121
44624796_AI.txt,0.5097613882863341,0.034858387799564274,0.5900216919739696,0.64657697705915,0.961997642458874
45077654_AI.txt,0.4153846153846154,0.12864493996569468,0.48547008547008547,0.8076038534139257,0.9736378869350868
45167858_AI.txt,0.5143603133159269,0.04199475065616798,0.6005221932114883,0.46876040028956134,0.9729952786551723
45286020_AI.txt,0.42077464788732394,0.16431095406360424,0.4964788732394366,1.710150587445367,0.9803309550750001
45462344_AI.txt,0.47105788423153694,0.10020040080160321,0.530938123752495,0.6583572790007697,0.9734482140511915
45475027_AI.txt,0.4850863422291994,0.2062992125984252,0.5463108320251178,1.2578266026553668,0.9412184808000104
45656814_AI.txt,0.46956521739130436,0.043668122270742356,0.55,0.6877968321035128,0.9700126968658482
45900271_AI.txt,0.42470389170896783,0.05602716468590832,0.5160744500846024,0.6498399108872315,0.9786086140229305
45907524_AI.txt,0.496551724137931,0.039792387543252594,0.5758620689655173,0.8544448577574744,0.9578288036106679
45987048_AI.txt,0.5270541082164328,0.04225352112676056,0.6112224448897795,0.5688929111650619,0.9649365482445073
46055835_AI.txt,0.47987117552334946,0.051696284329563816,0.5571658615136876,0.7776511809234137,0.9855106378724786
46258701_AI.txt,0.49572649572649574,0.0634648370497427,0.576068376068376,0.9180826611127698,0.9629567968017042
46260230_AI.txt,0.47634069400630913,0.0189873417721519,0.5630914826498423,1.2048613767564498,0.9693333348585825
46349752_AI.txt,0.4126149802890933,0.04479578392621871,0.507227332457293,0.8823035472178187,0.9833858971075682
46514339_AI.txt,0.45880149812734083,0.041353383458646614,0.5468164794007491,0.47864371841201114,0.9309767099797409
46772262_AI.txt,0.4828828828828829,0.04701627486437613,0.5585585585585585,0.6054647150595283,0.9696235105075709
47067533_AI.txt,0.41638225255972694,0.07534246575342465,0.5017064846416383,0.45772017095079287,0.9481975764128759
47133747_AI.txt,0.4819078947368421,0.056105610561056105,0.5740131578947368,0.4880798045636199,0.9548915393335282
47276718_AI.txt,0.43562610229276894,0.09010600706713781,0.5299295774647887,1.1244619744085627,0.9552233759510008
47317494_AI.txt,0.5230769230769231,0.023255813953488372,0.6115384615384616,0.450462725057986,0.955570693650789
47410104_AI.txt,0.5,0.03648068669527897,0.5683760683760684,0.7110254010524071,0.9864692620994027
47470864_AI.txt,0.4729981378026071,0.08971962616822429,0.5344506517690876,0.6641928605119636,0.9790449462992534
47487091_AI.txt,0.48846153846153845,0.03474903474903475,0.5807692307692308,0.6979006629211065,0.9451855804544955
47549345_AI.txt,0.5163934426229508,0.053497942386831275,0.5758196721311475,0.8717289224081413,0.9506636456594626
47603843_AI.txt,0.5440251572327044,0.07278481012658228,0.6352201257861635,1.070622314459043,0.9471484049330443
47729453_AI.txt,0.4107142857142857,0.1057347670250896,0.4642857142857143,0.5046071974693942,0.9462688286260533
47919212_AI.txt,0.4070422535211268,0.07062146892655367,0.4971830985915493,0.4163066597713998,0.9723442689318491
47996197_AI.txt,0.4211382113821138,0.048939641109298535,0.4926829268292683,0.6711649477641405,0.9853495391333419
48037995_AI.txt,0.5066413662239089,0.05523809523809524,0.5844402277039848,0.9758619239347679,0.9609004658323992
48285304_AI.txt,0.47276688453159044,0.0437636761487965,0.5577342047930284,0.5573330922097474,0.9800863714592225
48533663_AI.txt,0.46957878315132606,0.03599374021909233,0.5647425897035881,0.6748164838341938,0.9659044194829928
48547319_AI.txt,0.43320610687022904,0.10919540229885058,0.517175572519084,0.7229567838229106,0.9709322410189144
48549972_AI.txt,0.42217484008528783,0.10920770877944326,0.4946695095948827,1.0944574085636636,0.971871393108339
48580330_AI.txt,0.4542190305206463,0.08108108108108109,0.5296229802513465,1.4160357156400556,0.9075276603388114
49119887_AI.txt,0.4631956912028725,0.02702702702702703,0.5727109515260324,0.6648293013951428,0.9618952006033539
49127329_AI.txt,0.42439862542955326,0.05172413793103448,0.5103092783505154,0.5584076789709114,0.9427798683370947
49204385_AI.txt,0.4061990212071778,0.060556464811783964,0.4893964110929853,0.7019567166779269,0.9890060989186064
49285644_AI.txt,0.4724264705882353,0.06826568265682657,0.5625,0.7731581098606659,0.9660711125441351
49325370_AI.txt,0.4668769716088328,0.0759493670886076,0.5394321766561514,0.7032950091684473,0.9710278897988118
49475708_AI.txt,0.5,0.03773584905660377,0.596244131455399,0.6905612295292919,0.9807475819005672
49486820_AI.txt,0.47322970639032813,0.04852686308492201,0.5595854922279793,0.5680018580674489,0.9618181896017264
49646155_AI.txt,0.47309833024118736,0.037243947858473,0.5695732838589982,0.7018598485313325,0.9769948689201442
49685006_AI.txt,0.48841354723707664,0.05366726296958855,0.5561497326203209,0.9688027235332433,0.9686396485030896
49777184_AI.txt,0.488135593220339,0.027210884353741496,0.5864406779661017,1.2680086567781903,0.9772406908472657
49937469_AI.txt,0.42937062937062936,0.12622720897615708,0.5216783216783217,0.6680197549202266,0.957675327562206
49997097_AI.txt,0.483065953654189,0.046511627906976744,0.5525846702317291,0.7201084806279962,0.9951412850489457
50219114_AI.txt,0.4156804733727811,0.057863501483679525,0.5044378698224852,0.606808370892846,0.9830004623944203
50222417_AI.txt,0.3588709677419355,0.06064690026954178,0.42876344086021506,0.6554427538226403,0.9899920007996288
50324968_AI.txt,0.5605263157894737,0.026455026455026454,0.6684210526315789,0.6991842388447445,0.9597959016082465
50328713_AI.txt,0.46016483516483514,0.08953168044077135,0.5357142857142857,1.3029121036401854,0.9814643345457447
50432401_AI.txt,0.511070110701107,0.037037037037037035,0.584870848708487,0.6363669859234679,0.9717914456795157
50775901_AI.txt,0.46045694200351495,0.1128747795414462,0.5342706502636204,0.7049763903590999,0.971473475478325
51018476_AI.txt,0.4470046082949309,0.1712962962962963,0.511520737327189,0.7121396331779725,0.9637911692524637
51209395_AI.txt,0.5826086956521739,0.03508771929824561,0.6652173913043479,0.6189569859631523,0.9544446986791587
51349448_AI.txt,0.5917721518987342,0.03821656050955414,0.680379746835443,1.0219823898323215,0.9460511809917761
51363762_AI.txt,0.4857142857142857,0.03821656050955414,0.5619047619047619,0.6391715336536089,0.9481064274101408
51415089_AI.txt,0.47484909456740443,0.07676767676767676,0.5694164989939637,0.5427828264878354,0.9658731515964557
51432451_AI.txt,0.4551971326164875,0.03237410071942446,0.5483870967741935,0.6901720427253416,0.9810473566872407
51508889_AI.txt,0.3978819969742814,0.0622154779969651,0.4659606656580938,0.5910405089784407,0.9527681040423615
51554903_AI.txt,0.4172876304023845,0.12705530642750373,0.4828614008941878,0.5934508887461819,0.9852641798335281
51588273_AI.txt,0.46582278481012657,0.13486005089058525,0.5240506329113924,0.7450322068978898,0.9665814216225342
51638201_AI.txt,0.44919786096256686,0.03935599284436494,0.5525846702317291,0.7356333476053438,0.9539249015510423
51639418_AI.txt,0.4564796905222437,0.08737864077669903,0.5319148936170213,0.7522049906328802,0.9737415489320342
51681660_AI.txt,0.43375394321766564,0.0680379746835443,0.5205047318611987,0.48141010094012465,0.92910840651723
51724595_AI.txt,0.4644628099173554,0.01990049751243781,0.5537190082644629,0.6630122507874083,0.9710080954788102
51769822_AI.txt,0.484375,0.03137254901960784,0.56640625,0.9529322294813913,0.9903585940174857
51777546_AI.txt,0.4751286449399657,0.04130808950086059,0.5626072041166381,0.9467846470482881,0.988568191250121
52246737_AI.txt,0.4979508196721312,0.04526748971193416,0.5819672131147541,0.5024062658953699,0.975110062839704
52252936_AI.txt,0.4891518737672584,0.09504950495049505,0.5621301775147929,0.9371649115796515,0.9609068126914353
52618188_AI.txt,0.4527272727272727,0.05291970802919708,0.5272727272727272,0.8423780235849676,0.9520477279419816
52684666_AI.txt,0.4157303370786517,0.10902255639097744,0.5093632958801498,0.9814760049461048,0.9715753728262064
52979663_AI.txt,0.42563291139240506,0.06984126984126984,0.495253164556962,0.7392554882073289,0.9635986681428332
53129155_AI.txt,0.5128205128205128,0.017167381974248927,0.5961538461538461,0.6579547139893565,0.9316898497988879
53169257_AI.txt,0.5368217054263565,0.03501945525291829,0.6317829457364341,0.6444741321139253,0.9742303589544364
53227466_AI.txt,0.4115853658536585,0.0856269113149847,0.4969512195121951,1.0085763251273105,0.9651449708521701
53265899_AI.txt,0.45348837209302323,0.05,0.526578073089701,0.8303383473786673,0.9723294360874762
53640713_AI.txt,0.4966292134831461,0.05869074492099323,0.5707865168539326,0.7818211889568578,0.9926105846370382
53701275_AI.txt,0.4510433386837881,0.043478260869565216,0.5232744783306581,0.7991468521967484,0.9948672601232785
54067174_AI.txt,0.541860465116279,0.037383177570093455,0.6255813953488372,0.7223450576897775,0.963599491362983
54100393_AI.txt,0.43884892086330934,0.07951807228915662,0.5419664268585132,0.604182710428189,0.9536766655684905
54101961_AI.txt,0.5705705705705706,0.054380664652567974,0.6456456456456456,0.9351031822772545,0.9698744723813693
54180474_AI.txt,0.45818815331010454,0.06118881118881119,0.5296167247386759,0.8910387704508982,0.9711755216322338
54201930_AI.txt,0.4659090909090909,0.030418250950570342,0.5738636363636364,0.7516516205863982,0.9836332337417243
54227873_AI.txt,0.6054158607350096,0.03495145631067961,0.6808510638297872,0.5983176871130547,0.9641740181069768
54232810_AI.txt,0.4931237721021611,0.04142011834319527,0.5736738703339882,0.665021816717265,0.9581784228452029
54246169_AI.txt,0.4444444444444444,0.048561151079136694,0.503584229390681,0.6881536665893224,0.9384928867402968
54259150_AI.txt,0.4194053208137715,0.08634222919937205,0.5007824726134585,0.8483476926716795,0.9695246654865133
54308684_AI.txt,0.44728915662650603,0.08006042296072508,0.5271084337349398,0.7420980483761317,0.9626799148629521
54421668_AI.txt,0.44745762711864406,0.047619047619047616,0.5288135593220339,0.7091577545692155,0.9624025174151856
54934269_AI.txt,0.473551637279597,0.10632911392405063,0.5944584382871536,1.133925516417421,0.9693134347713726
55097118_AI.txt,0.5034168564920274,0.032036613272311214,0.592255125284738,0.8478523634773029,0.9532913258646383
55104715_AI.txt,0.5024038461538461,0.06280193236714976,0.5745192307692307,0.7859212746572704,0.9740600575801722
55477468_AI.txt,0.5150300601202404,0.02414486921529175,0.6212424849699398,0.5744612796767712,0.9571591136424162
55500538_AI.txt,0.5313807531380753,0.029411764705882353,0.602510460251046,0.669059954538985,0.9759002840366591
55595908_AI.txt,0.4760820045558087,0.036613272311212815,0.5558086560364465,1.1868466920487593,0.9461222073503553
55712978_AI.txt,0.45953360768175583,0.061898211829436035,0.5294924554183813,1.772509069962605,0.9749064630564422
55746506_AI.txt,0.4224137931034483,0.06055363321799308,0.5258620689655172,0.6740857924567779,0.9679134076488682
55953734_AI.txt,0.42746913580246915,0.062111801242236024,0.5061919504643962,0.5950073225266392,0.9535368639242423
56025640_AI.txt,0.4533551554828151,0.11001642036124795,0.513911620294599,0.7323496581654192,0.9451711353445048
56068028_AI.txt,0.4282380396732789,0.03742690058479532,0.514585764294049,0.8036778246908238,0.9614097152736306
56151548_AI.txt,0.49696969696969695,0.032454361054766734,0.5717171717171717,0.8140162137272899,0.9751645134927698
56286525_AI.txt,0.5323590814196242,0.08176100628930817,0.605427974947808,1.1818170171052538,0.9242159495485502
56520872_AI.txt,0.37110016420361247,0.19934102141680396,0.458128078817734,0.6879726619012698,0.9722148087249258
56525735_AI.txt,0.44612476370510395,0.07210626185958255,0.5217391304347826,0.6801681986721559,0.989622868094874
56691064_AI.txt,0.47412587412587415,0.03932584269662921,0.5504201680672269,0.9046712111510297,0.9654930300923874
56792999_AI.txt,0.4671280276816609,0.017361111111111112,0.5432525951557093,0.5219852054043842,0.9208383683992213
56952849_AI.txt,0.41621621621621624,0.09041591320072333,0.5099099099099099,0.6466565694190595,0.9752513555044092
57002858_AI.txt,0.3709150326797386,0.09836065573770492,0.44281045751633985,0.9826707141977382,0.9669749039644434
57088974_AI.txt,0.3848439821693908,0.09687034277198212,0.4576523031203566,0.9162837047323071,0.9715730499193889
57262959_AI.txt,0.5161987041036717,0.05639913232104121,0.572354211663067,0.7822463622314801,0.964412601426662
57364820_AI.txt,0.5025466893039049,0.06473594548551959,0.5806451612903226,0.9751873066700503,0.9420934940415643
57575888_AI.txt,0.40981432360742703,0.07712765957446809,0.4907161803713528,1.0809446345195586,0.9505238273991065
57601040_AI.txt,0.4764079147640791,0.03969465648854962,0.5418569254185692,0.8671012158623411,0.9171180035940867
57667857_AI.txt,0.47096774193548385,0.056155507559395246,0.556989247311828,0.5583394810208188,0.9854874938245102
57706851_AI.txt,0.5037453183520599,0.015037593984962405,0.599250936329588,0.7138950032775507,0.9477301041361181
58048626_AI.txt,0.4903536977491961,0.016129032258064516,0.5594855305466238,1.06581970093851,0.9693112770261826
58105060_AI.txt,0.42738589211618255,0.11041666666666666,0.5186721991701245,0.6734579289554644,0.9876421414959092
58165257_AI.txt,0.4395924308588064,0.05555555555555555,0.5349854227405247,0.6599691339121037,0.9766213336437694
58208591_AI.txt,0.46677471636953,0.06991869918699187,0.5429497568881686,0.7288008760793352,0.9612038036152584
58428843_AI.txt,0.4882882882882883,0.0108499095840868,0.5747747747747748,0.5506406440907012,0.9607435389383652
58665241_AI.txt,0.44366197183098594,0.1413427561837456,0.5052816901408451,0.8418982054121127,0.9806580567366846
58708773_AI.txt,0.49698795180722893,0.08787878787878788,0.5783132530120482,1.04512338595587,0.9630771525989591
58879993_AI.txt,0.49667774086378735,0.07166666666666667,0.5681063122923588,1.2855175748975471,0.9531737947672958
58915642_AI.txt,0.49440715883668906,0.02696629213483146,0.5928411633109619,0.7647906736721313,0.9763067344710817
59011090_AI.txt,0.5685785536159601,0.045112781954887216,0.6334164588528678,1.1945604465605288,0.9714105771548358
59346975_AI.txt,0.4270967741935484,0.0685640362225097,0.5045161290322581,0.6764479088385414,0.963493216199873
59403481_AI.txt,0.46245733788395904,0.05136986301369863,0.5341296928327645,0.7637968815603674,0.9779608679777706
59422148_AI.txt,0.4588910133843212,0.023032629558541268,0.5315487571701721,0.6770238871485739,0.9591189322924873
59450123_AI.txt,0.3706896551724138,0.11815561959654179,0.45689655172413796,0.5245598853976744,0.9731714610337426
59487170_AI.txt,0.4667931688804554,0.06476190476190476,0.5483870967741935,0.5881029850392054,0.945718841735697
59696315_AI.txt,0.48676171079429736,0.032719836400818,0.5641547861507128,0.8660298164864729,0.9803422202525877
59777056_AI.txt,0.5246478873239436,0.04240282685512368,0.6073943661971831,0.8604101523087863,0.9309729098381527
59818742_AI.txt,0.5467625899280576,0.033734939759036145,0.6163069544364509,0.7633221070034877,0.9883789104641214
59938965_AI.txt,0.515527950310559,0.04375,0.5993788819875776,0.4823749981526911,0.9533742681311544
59962788_AI.txt,0.5373737373737374,0.02231237322515213,0.6161616161616161,0.8258393036839419,0.9668767312833567
60004873_AI.txt,0.4691689008042895,0.15902964959568733,0.5201072386058981,0.47553198137014857,0.9759384300324719
60182829_AI.txt,0.4628252788104089,0.06716417910447761,0.550185873605948,0.791796654174241,0.9948217872504893
60489316_AI.txt,0.475,0.06093189964157706,0.5517857142857143,0.6082163379116217,0.9346043358805753
60624892_AI.txt,0.4743083003952569,0.027777777777777776,0.5454545454545454,0.5961373266521465,0.965791302428974
61065616_AI.txt,0.4803921568627451,0.10039370078740158,0.5549019607843138,0.9262475491061661,0.9738267695054393
61315605_AI.txt,0.4450084602368866,0.03225806451612903,0.5549915397631133,0.6794838644282762,0.9846793562309222
61319162_AI.txt,0.45491803278688525,0.1419753086419753,0.5225409836065574,0.5496333251499916,0.9749700371681835
61322296_AI.txt,0.42467948717948717,0.06270096463022508,0.5096153846153846,0.3703268419745748,0.9482727431193689
61579998_AI.txt,0.46598639455782315,0.04948805460750853,0.5391156462585034,0.8463554598634916,0.9871967846691805
61634281_AI.txt,0.5141776937618148,0.03415559772296015,0.5954631379962193,0.7232648566851309,0.9830418343390868
61677751_AI.txt,0.46654275092936803,0.05223880597014925,0.5539033457249071,0.6835604851170508,0.959326710318712
62071407_AI.txt,0.41935483870967744,0.1,0.4736070381231672,0.7524059948366061,0.9793633444318046
62184086_AI.txt,0.5358361774744027,0.08247422680412371,0.6416382252559727,0.7019705123935797,0.9621912254340983
62312955_AI.txt,0.5546218487394958,0.059154929577464786,0.6302521008403361,0.9528078902446057,0.966638973510827
62555739_AI.txt,0.4954128440366973,0.040515653775322284,0.581651376146789,0.9190029709079215,0.932178722184601
62700506_AI.txt,0.38524590163934425,0.0528169014084507,0.4707259953161593,0.5228862472893782,0.9654634325223955
62809577_AI.txt,0.46172248803827753,0.12980769230769232,0.5502392344497608,0.7489747627837958,0.993731737413744
62850928_AI.txt,0.4192982456140351,0.04929577464788732,0.5035087719298246,0.6292241529005341,0.9900899243413156
62870550_AI.txt,0.4817880794701987,0.023255813953488372,0.5629139072847682,0.508973430838801,0.9646679887338404
62994611_AI.txt,0.49355432780847147,0.059149722735674676,0.565377532228361,0.8187009070011507,0.96367539795656
63083944_AI.txt,0.4533106960950764,0.05110732538330494,0.5517826825127334,0.8519165292757183,0.9736381490085046
63137898_AI.txt,0.42920353982300885,0.08,0.504424778761062,0.4948868282999761,0.9523450968468782
63145386_AI.txt,0.5025553662691652,0.02564102564102564,0.5741056218057922,0.6393351520033229,0.9611641047726496
63158213_AI.txt,0.5148514851485149,0.041390728476821195,0.5742574257425742,1.763528413465056,0.9750629926319653
63282405_AI.txt,0.5125284738041003,0.09153318077803203,0.6013667425968109,0.7991422235154059,0.9612088087836435
63391085_AI.txt,0.47877758913412566,0.06473594548551959,0.5636672325976231,0.7118393055994237,0.9652684699973426
63670997_AI.txt,0.4251824817518248,0.04212454212454213,0.49452554744525545,0.7818936205061642,0.9713200054729753
63989974_AI.txt,0.41697416974169743,0.07962962962962963,0.5055350553505535,0.7982539365300512,0.9887658567155637
64017585_AI.txt,0.5425,0.04020100502512563,0.6375,0.6777240558172134,0.9651377937886154
64468610_AI.txt,0.45729537366548045,0.08035714285714286,0.5498220640569395,0.8488834541435262,0.9812075197623775
64471954_AI.txt,0.564179104477612,0.036036036036036036,0.6626865671641791,0.9039053267721403,0.9669458438968592
64589506_AI.txt,0.5007849293563579,0.07559055118110236,0.5714285714285714,0.9289538618844912,0.9888604697636336
64755882_AI.txt,0.49830508474576274,0.0782312925170068,0.5644067796610169,0.8370011402278366,0.988262052079041
65062795_AI.txt,0.46677740863787376,0.03166666666666667,0.5448504983388704,0.5895132655352466,0.9751802043564775
65219288_AI.txt,0.4568627450980392,0.03937007874015748,0.5313725490196078,0.6513778041885707,0.968346548750987
65237556_AI.txt,0.49079754601226994,0.06,0.5552147239263804,1.404469268795862,0.9635880561293146
65325317_AI.txt,0.5195530726256983,0.03177570093457944,0.5865921787709497,0.8063685637066006,0.949646829971057
65352424_AI.txt,0.4745762711864407,0.08085106382978724,0.5550847457627118,0.6034047367820776,0.9856472609987333
65373280_AI.txt,0.4262734584450402,0.05779569892473118,0.514745308310992,0.7291637982309089,0.984254102144789
65456466_AI.txt,0.4709976798143852,0.07226107226107226,0.5614849187935035,0.5552959906216582,0.9308842156457661
65708020_AI.txt,0.40353460972017674,0.07090103397341212,0.48306332842415317,0.625659348329123,0.945795665171516
65864767_AI.txt,0.48758465011286684,0.024943310657596373,0.5869074492099323,1.1084827255784349,0.957324843445234
66226673_AI.txt,0.49122807017543857,0.05289672544080604,0.568922305764411,0.4707511531578505,0.9581816771212294
66683238_AI.txt,0.5219047619047619,0.0248565965583174,0.6247619047619047,0.6257437516961475,0.9426521081010637
66741193_AI.txt,0.3858267716535433,0.048478015783540024,0.4645669291338583,0.43637027280094526,0.9742952265262528
66832845_AI.txt,0.48775055679287305,0.058165548098434,0.5657015590200446,0.8147635241975016,0.9758637601692342
66906212_AI.txt,0.4574829931972789,0.07337883959044368,0.5408163265306123,0.7286710929595581,0.9782291439951848
67032711_AI.txt,0.45826235093696766,0.06837606837606838,0.555366269165247,0.5556422335764806,0.9578717096580021
67406885_AI.txt,0.4745762711864407,0.03709428129829984,0.5362095531587057,0.8657699478388975,0.9399868262118668
67501448_AI.txt,0.5233463035019456,0.029296875,0.6050583657587548,1.086032355775373,0.9707672137890397
67582956_AI.txt,0.4566787003610108,0.1410488245931284,0.5315315315315315,0.6905005091346982,0.975295092712826
67631413_AI.txt,0.43127147766323026,0.07931034482758621,0.5292096219931272,0.6660478818397614,0.9640042849597494
67645662_AI.txt,0.491362763915547,0.05009633911368015,0.5796545105566219,0.592028888870821,0.9235699533608339
68216398_AI.txt,0.5,0.0423728813559322,0.5738396624472574,0.5801681150215137,0.9672494345496716
68240723_AI.txt,0.472636815920398,0.059900166389351084,0.5572139303482587,1.4243968392827986,0.968831658511253
68338341_AI.txt,0.44741235392320533,0.06365159128978225,0.5425709515859767,0.843136436612254,0.9809399636190703
68460556_AI.txt,0.5169230769230769,0.08359133126934984,0.5969230769230769,0.5885575587824864,0.938809661892359
68781345_AI.txt,0.42162162162162165,0.07233273056057866,0.5081081081081081,0.8726265826964614,0.9625746824268505
69005326_AI.txt,0.4784394250513347,0.030927835051546393,0.5605749486652978,1.028182661027505,0.9673042021025268
69097572_AI.txt,0.4662668665667166,0.03003003003003003,0.5748502994011976,0.7736484545788133,0.9601900807919712
69155584_AI.txt,0.5578406169665809,0.025839793281653745,0.6683804627249358,0.5184240773868964,0.9552319534698206
69181350_AI.txt,0.42715700141442714,0.019858156028368795,0.5134370579915134,0.4596534277162494,0.9452623880949261
69199666_AI.txt,0.5036363636363637,0.03467153284671533,0.5854545454545454,0.7064814716528645,0.9826745761830421
69243180_AI.txt,0.42207792207792205,0.10603588907014681,0.5073170731707317,1.032039530206851,0.9664893969945303
69336473_AI.txt,0.3812233285917496,0.07417974322396577,0.4566145092460882,0.7505194450024866,0.9548504280521102
69360287_AI.txt,0.4785046728971963,0.07129455909943715,0.5457943925233645,0.8310302535605006,0.9734170770091397
69458502_AI.txt,0.49333333333333335,0.03511705685618729,0.5683333333333334,0.6756151043536321,0.9531952281480816
69487178_AI.txt,0.48184818481848185,0.056291390728476824,0.5528052805280528,0.7542269265492944,0.9761364988415876
69532425_AI.txt,0.5438066465256798,0.06990881458966565,0.6314199395770392,0.6059682411597737,0.9628108967328181
69666645_AI.txt,0.547911547911548,0.04938271604938271,0.6265356265356266,1.0243883356168573,0.9744401771013583
69764348_AI.txt,0.428380187416332,0.11946308724832215,0.4979919678714859,0.8509649530457534,0.9449760400098021
69859102_AI.txt,0.527336860670194,0.033628318584070796,0.5961199294532628,1.0734993524681224,0.9568714502149501
70089206_AI.txt,0.40207522697795073,0.04811443433029909,0.47341115434500647,1.2615996454490164,0.9720279784158491
70196518_AI.txt,0.5079365079365079,0.0425531914893617,0.5925925925925926,0.6086756787895561,0.9623251432818472
70198580_AI.txt,0.5076045627376425,0.07251908396946564,0.5931558935361216,0.8152785310035267,0.9437844076910283
70528646_AI.txt,0.47959183673469385,0.07508532423208192,0.5561224489795918,0.7308046093124966,0.9412242225838906
70541112_AI.txt,0.37379162191192267,0.05597416576964478,0.45435016111707843,0.5286181412770488,0.9854353116205002
70603826_AI.txt,0.48241912798874825,0.036671368124118475,0.5625879043600562,1.6060534385330436,0.9669002709275588
70667011_AI.txt,0.4293785310734463,0.06373937677053824,0.5127118644067796,0.6945561689947513,0.9792517126829036
70750649_AI.txt,0.4007537688442211,0.08060453400503778,0.46608040201005024,0.8574835329342564,0.983002122798559
70892619_AI.txt,0.5243553008595988,0.11239193083573487,0.6103151862464183,0.6609935429131478,0.947067264718271
71422121_AI.txt,0.3819530284301607,0.12763320941759604,0.44870210135970334,0.6871240519058853,0.9703627430030851
71499299_AI.txt,0.4969574036511156,0.04480651731160896,0.5760649087221096,0.6703385965320446,0.9679874981070623
71576860_AI.txt,0.46120689655172414,0.03463203463203463,0.5517241379310345,0.7568138343583405,0.9386244463421479
71767359_AI.txt,0.4620811287477954,0.07964601769911504,0.5520282186948854,0.3959507638635004,0.9794054890235618
71772815_AI.txt,0.4580335731414868,0.060240963855421686,0.5347721822541966,0.8327300802263023,0.9510085659812938
71888547_AI.txt,0.49809160305343514,0.05747126436781609,0.5858778625954199,0.5788811738203362,0.9675073234648911
72136463_AI.txt,0.4504950495049505,0.08609271523178808,0.5066006600660066,0.7467991290907836,0.9841165445698753
72231872_AI.txt,0.4355108877721943,0.06050420168067227,0.509212730318258,0.7344420163847853,0.954588826130632
72652441_AI.txt,0.48520710059171596,0.04950495049504951,0.5680473372781065,0.5455623276465184,0.9561652244093425
72807293_AI.txt,0.4370629370629371,0.06842105263157895,0.5209790209790209,0.688369332263932,0.9430213716168139
72876163_AI.txt,0.40476190476190477,0.03580901856763926,0.4748677248677249,1.071901733531568,0.9886072534775232
73030450_AI.txt,0.5371549893842887,0.09850107066381156,0.5970149253731343,0.9882580853282974,0.9678771214100133
73075521_AI.txt,0.49407114624505927,0.047619047619047616,0.5533596837944664,0.7232798014389709,0.9734963225335124
73077810_AI.txt,0.44947735191637633,0.05244755244755245,0.5174216027874564,0.621252397838439,0.9601435440839545
73157997_AI.txt,0.43738977072310403,0.06548672566371681,0.5167548500881834,0.5414619104705578,0.9808236729508323
73282756_AI.txt,0.38904899135446686,0.05101058710298364,0.47262247838616717,0.5051872004657014,0.9762403705215694
73448369_AI.txt,0.41086587436332767,0.4395229982964225,0.47198641765704585,0.7663001352764599,0.9422537636582103
73497035_AI.txt,0.4603421461897356,0.06708268330733229,0.536547433903577,0.5602588544704478,0.986079823643701
74126637_AI.txt,0.5027422303473492,0.05504587155963303,0.5886654478976234,0.5126506201969637,0.9117873386280232
74191424_AI.txt,0.4991394148020654,0.039723661485319514,0.6041308089500861,0.45096062986455654,0.9624492402097224
74236636_AI.txt,0.4813753581661891,0.14942528735632185,0.5429799426934098,0.6617983715209231,0.9767865951411423
74512244_AI.txt,0.476038338658147,0.05448717948717949,0.5543130990415336,0.7634276158297356,0.9708809022254233
74522938_AI.txt,0.47843137254901963,0.07677165354330709,0.5568627450980392,0.950097093915489,0.9642827849187489
74552449_AI.txt,0.41959798994974873,0.45454545454545453,0.46984924623115576,0.6062210381622554,0.9672376224104257
74816727_AI.txt,0.5259593679458239,0.04081632653061224,0.6117381489841986,0.8541726974727659,0.9581394334091853
74849878_AI.txt,0.5865724381625441,0.03558718861209965,0.6643109540636042,0.730693762332931,0.9547735030462632
75057933_AI.txt,0.4224,0.1797752808988764,0.4816,0.7991332595078326,0.9756206412744454
75156649_AI.txt,0.5127478753541076,0.06267806267806268,0.5977337110481586,0.62155582644423,0.9520399336428541
75286906_AI.txt,0.4463452566096423,0.054602184087363496,0.5381026438569206,0.8214793438310186,0.9770341327570095
75297735_AI.txt,0.45893719806763283,0.05977382875605816,0.5201288244766505,0.9109968247776723,0.9880860249474532
75329822_AI.txt,0.41952983725135623,0.08892921960072596,0.5063291139240507,0.6271505171619489,0.9771463994387213
75435017_AI.txt,0.461839530332681,0.12401574803149606,0.5372549019607843,0.4474851768135979,0.978324307498005
75744306_AI.txt,0.4483870967741935,0.0744336569579288,0.5290322580645161,0.9491207266596822,0.9537052661823691
75950464_AI.txt,0.501010101010101,0.09533468559837728,0.5676767676767677,0.9505161926804293,0.9571606475289186
76010167_AI.txt,0.579185520361991,0.01818181818181818,0.6666666666666666,0.6896924500642846,0.9620112886403093
76196367_AI.txt,0.46520874751491054,0.013972055888223553,0.558648111332008,0.5313641883563148,0.9537269495890563
76454959_AI.txt,0.37388724035608306,0.17708333333333334,0.44807121661721067,0.7247782673195352,0.9896723044301693
76530505_AI.txt,0.4064272211720227,0.09867172675521822,0.4877126654064272,0.7375595542858476,0.981027442998252
76916835_AI.txt,0.4053333333333333,0.09115281501340483,0.48533333333333334,0.7250763218548927,0.9677221272072949
77156708_AI.txt,0.5072164948453608,0.037267080745341616,0.6041237113402061,0.6689659445231413,0.9708439075716019
77266989_AI.txt,0.47619047619047616,0.03187250996015936,0.5595238095238095,0.697948077778266,0.978319856843605
77439230_AI.txt,0.4700460829493088,0.04930662557781202,0.5483870967741935,0.821152978008866,0.9882164901199089
77576845_AI.txt,0.46808510638297873,0.090311986863711,0.5433715220949263,0.9572802502561326,0.9347103746231935
77626587_AI.txt,0.5426621160409556,0.01718213058419244,0.6279863481228669,0.640361980162617,0.924788506521912
77638654_AI.txt,0.4911242603550296,0.047524752475247525,0.5818540433925049,0.8138511624746917,0.991054590505653
77828437_AI.txt,0.4992,0.048154093097913325,0.5744,0.6326284217453402,0.952617237641172
78016758_AI.txt,0.4590443686006826,0.04639175257731959,0.5513698630136986,0.4626327288742659,0.9296653249003053
78107631_AI.txt,0.44933920704845814,0.06858407079646017,0.5308370044052864,0.8344318432107876,0.9822942878448749
78114950_AI.txt,0.45494186046511625,0.10349854227405247,0.5290697674418605,0.7661215188105868,0.9867590067100692
78149576_AI.txt,0.5049019607843137,0.0594059405940594,0.6127450980392157,0.8411327631590125,0.950014983327491
78229715_AI.txt,0.42829457364341084,0.09533073929961089,0.5038759689922481,0.7918390680269993,0.9672213699242125
78257294_AI.txt,0.4975369458128079,0.032948929159802305,0.5714285714285714,0.763436839501475,0.9858082035560221
78273826_AI.txt,0.28615384615384615,0.1551901336073998,0.3682051282051282,0.4999590471115178,0.9853071216030318
78298706_AI.txt,0.4482758620689655,0.06493506493506493,0.5431034482758621,0.6095905421276124,0.9649737756563908
78357954_AI.txt,0.45018450184501846,0.08518518518518518,0.5202952029520295,0.4330525181348283,0.9632366577666172
78403342_AI.txt,0.4502923976608187,0.05571847507331378,0.533625730994152,0.7438669328863182,0.9664527919926382
78538268_AI.txt,0.5243362831858407,0.044444444444444446,0.5973451327433629,0.8304375116684609,0.9684243142616583
79041971_AI.txt,0.575107296137339,0.05194805194805195,0.6609442060085837,0.4956260886183832,0.9646869703615417
79261033_AI.txt,0.4048964218455744,0.07372400756143667,0.5103578154425612,0.6564883485670558,0.9840737986254574
79376680_AI.txt,0.5717488789237668,0.024774774774774775,0.6614349775784754,0.6094122844548325,0.973170111013975
79432080_AI.txt,0.42717391304347824,0.05984766050054407,0.512486427795874,0.6924427735863883,0.9601360159347195
79536879_AI.txt,0.477112676056338,0.09187279151943463,0.5440140845070423,0.8690413139099882,0.9774597594641925
79541391_AI.txt,0.45210084033613446,0.050590219224283306,0.5361344537815126,0.6697083874631103,0.9580355766137172
79570655_AI.txt,0.5073529411764706,0.08148148148148149,0.5808823529411765,1.183722669555601,0.9435779214661911
79663360_AI.txt,0.4807692307692308,0.03536977491961415,0.5721153846153846,0.49670605343768187,0.9363644827897795
79759716_AI.txt,0.41025641025641024,0.034926470588235295,0.48717948717948717,0.6688546169748325,0.9639626366278486
80000092_AI.txt,0.5677966101694916,0.06837606837606838,0.652542372881356,0.5102316447388902,0.964121371933301
80053367_AI.txt,0.5378151260504201,0.05063291139240506,0.6113445378151261,0.7416427604864138,0.9644598873944817
80162314_AI.txt,0.4876660341555977,0.03428571428571429,0.5673624288425048,0.5221727299099329,0.9736670047481834
80275976_AI.txt,0.43826086956521737,0.15881326352530542,0.5078260869565218,0.4256491953102019,0.9546541746613125
80503242_AI.txt,0.44,0.05518394648829431,0.5216666666666666,0.7455751826215626,0.9884156917044925
80527194_AI.txt,0.47540983606557374,0.056363636363636366,0.5597826086956522,0.6962287515968905,0.9389758000863309
80679862_AI.txt,0.5059523809523809,0.0697211155378486,0.5833333333333334,0.9877724659274748,0.9659570017487056
80876647_AI.txt,0.5227272727272727,0.0228310502283105,0.6090909090909091,0.9004301254258493,0.9722690812842466
81011612_AI.txt,0.5134328358208955,0.03003003003003003,0.573134328358209,1.092832518636439,0.9364030225621554
81042872_AI.txt,0.5214592274678111,0.0625,0.5965665236051502,0.5448831414764953,0.942806420355972
81125166_AI.txt,0.4065155807365439,0.08806818181818182,0.48158640226628896,0.5811984686243699,0.9451857183287288
81217013_AI.txt,0.3926218708827404,0.05812417437252312,0.47167325428194995,0.49574431958315557,0.9754747562306668
81310245_AI.txt,0.47758620689655173,0.0657439446366782,0.5637931034482758,0.7066421956179973,0.9570242757672768
81373857_AI.txt,0.5679347826086957,0.02185792349726776,0.657608695652174,0.8538054240960999,0.9459357602443287
81508860_AI.txt,0.4423076923076923,0.03697749196141479,0.5224358974358975,0.4074980417565504,0.9838850413628197
81588968_AI.txt,0.45950413223140496,0.05638474295190713,0.5322314049586777,0.6865041236149149,0.9744863193105128
81677620_AI.txt,0.4943820224719101,0.04331450094161959,0.5722326454033771,0.8244373573140494,0.9782902182154855
81761658_AI.txt,0.371007371007371,0.0665024630541872,0.4606879606879607,0.7155706501000432,0.97322255028738
82118447_AI.txt,0.4400749063670412,0.14285714285714285,0.5056179775280899,1.018035840004776,0.9762178935172972
82125182_AI.txt,0.5093945720250522,0.04612159329140461,0.5824634655532359,0.7991115679707954,0.9933896534284694
82140102_AI.txt,0.4093567251461988,0.1643835616438356,0.5126705653021443,0.5900295723159815,0.9662189789196208
82246962_AI.txt,0.4859504132231405,0.03316749585406302,0.5603305785123966,0.4839647280002742,0.9739689241756152
82649935_AI.txt,0.5403587443946188,0.013513513513513514,0.6143497757847534,0.3271556530726052,0.9681969185403946
82738323_AI.txt,0.46236559139784944,0.08648648648648649,0.5510752688172043,1.03579505512296,0.9799373011463958
82929064_AI.txt,0.526984126984127,0.054313099041533544,0.6253968253968254,0.573409265656776,0.9628471309190086
83206166_AI.txt,0.5178197064989518,0.029473684210526315,0.5932914046121593,0.8302387303880585,0.969552263243682
83338413_AI.txt,0.4722662440570523,0.058823529411764705,0.5356576862123613,0.8843613549420495,0.9588458790014812
83566455_AI.txt,0.3988439306358382,0.1,0.4869942196531792,0.9156980522128716,0.9698288468565354
83816738_AI.txt,0.4280973451327434,0.07095343680709534,0.4856194690265487,1.0009729942840513,0.9290468899271509
84295343_AI.txt,0.5151515151515151,0.13559322033898305,0.6094276094276094,0.9662026687936445,0.9234843725006142
84356308_AI.txt,0.43926788685524126,0.10684474123539232,0.49916805324459235,0.8738860158016017,0.9757479739512781
84373843_AI.txt,0.49471458773784355,0.05307855626326964,0.6067653276955602,0.6299292147292264,0.9510677171468653
84512719_AI.txt,0.5461956521739131,0.01912568306010929,0.6331521739130435,0.832634370347132,0.9535284033445709
85101052_AI.txt,0.4581497797356828,0.12831858407079647,0.5352422907488987,0.9506003397152158,0.9806830488179011
85417107_AI.txt,0.41680395387149916,0.08925619834710743,0.48599670510708404,0.7047654145439183,0.9571957930940984
85421438_AI.txt,0.4417808219178082,0.05326460481099656,0.5273972602739726,0.4273633886924477,0.9584707989979786
85766635_AI.txt,0.4805194805194805,0.06188925081433225,0.5584415584415584,1.1209384585087732,0.9755006753938876
85918100_AI.txt,0.4496268656716418,0.06179775280898876,0.5410447761194029,0.9494733502342325,0.9880431671321797
85973397_AI.txt,0.4359925788497217,0.08007448789571694,0.5157699443413729,0.786381662284981,0.9876889142510955
86184722_AI.txt,0.44646098003629764,0.03825136612021858,0.5408348457350273,0.4104922501072267,0.9540955615766759
86209934_AI.txt,0.513677811550152,0.057926829268292686,0.5835866261398176,0.9270193521143303,0.9753929478403048
86322251_AI.txt,0.45045045045045046,0.08318264014466546,0.527927927927928,0.6517783265629113,0.9773461169228325
86549455_AI.txt,0.5159420289855072,0.09912536443148688,0.5768115942028985,0.6898033106874835,0.9758697596798832
86551046_AI.txt,0.4295942720763723,0.09592326139088729,0.548926014319809,1.0831129574266585,0.9747495852628333
86595128_AI.txt,0.4444444444444444,0.05067567567567568,0.5252525252525253,0.6947056498406118,0.9734431403326907
86597425_AI.txt,0.4957410562180579,0.07008547008547009,0.575809199318569,0.9627392844030148,0.9736969200649832
86828820_AI.txt,0.42934782608695654,0.056363636363636366,0.4963768115942029,0.7043554542311161,0.9830083847968971
87118391_AI.txt,0.47713717693836977,0.031936127744510975,0.5725646123260437,0.5618302339111355,0.9349627322501938
87520378_AI.txt,0.5207296849087893,0.06821963394342762,0.5903814262023217,1.5275962778588605,0.9726285856635606
87635012_AI.txt,0.40700808625336926,0.043243243243243246,0.49056603773584906,0.565325145673901,0.9927258451245704
87826037_AI.txt,0.5077452667814114,0.04835924006908463,0.5920826161790017,0.5193179661841786,0.9551661877701197
87867370_AI.txt,0.39196675900277006,0.09166666666666666,0.4709141274238227,0.8673497182339903,0.9746932383591388
87968870_AI.txt,0.432520325203252,0.06851549755301795,0.5024390243902439,0.5738207357252598,0.9569026989743517
88038965_AI.txt,0.31746031746031744,0.16353111432706222,0.38816738816738816,0.6312370071989613,0.9864790202419257
88651471_AI.txt,0.4722689075630252,0.06913996627318718,0.5546218487394958,1.4745868236001771,0.9809890570139516
88691367_AI.txt,0.42908438061041293,0.04144144144144144,0.5170556552962298,0.655237553894391,0.9675369380338098
88859947_AI.txt,0.5161290322580645,0.0539568345323741,0.5985663082437276,0.8860047136355538,0.9499612226093365
88907739_AI.txt,0.48117839607201307,0.024630541871921183,0.5450081833060556,0.6420647866913163,0.9555077399824121
89049979_AI.txt,0.4958217270194986,0.07402234636871509,0.5766016713091922,1.31479721534787,0.9769620647752897
89197180_AI.txt,0.4098798397863818,0.10040160642570281,0.472630173564753,0.7705712753481223,0.9602511837721104
89413122_AI.txt,0.45596868884540115,0.07072691552062868,0.538160469667319,0.5768571060914386,0.9850480101029758
89508407_AI.txt,0.4891566265060241,0.03389830508474576,0.6144578313253012,0.5369376464582895,0.9581788347279364
89512321_AI.txt,0.48498845265588914,0.030162412993039442,0.5866050808314087,0.9524095606137779,0.9611432136582103
89740812_AI.txt,0.4922813036020583,0.06368330464716007,0.5660377358490566,1.165656291902977,0.9706415004970902
89858892_AI.txt,0.4912,0.02247191011235955,0.5648,0.8064680526840478,0.9541634108457325
90032884_AI.txt,0.5271966527196653,0.06302521008403361,0.5920502092050209,1.1266304938674674,0.978521340665913
90066849_AI.txt,0.3715953307392996,0.11328125,0.4591439688715953,1.476685224436959,0.9320388349514562
90280583_AI.txt,0.4860335195530726,0.03551401869158879,0.5512104283054003,0.9125954773937095,0.9738950263710215
90318913_AI.txt,0.42283298097251587,0.10191082802547771,0.5031712473572939,0.6766634240762635,0.9726953892075654
90363254_AI.txt,0.43912175648702595,0.04208416833667335,0.5269461077844312,0.48946232095700104,0.9794792111460363
90365216_AI.txt,0.5762331838565022,0.009009009009009009,0.647982062780269,1.2389657324004766,0.9520701134056262
90468982_AI.txt,0.47735849056603774,0.056818181818181816,0.5735849056603773,0.5700198849147389,0.9591853787416773
90629382_AI.txt,0.4826388888888889,0.029616724738675958,0.5590277777777778,0.7229688648568963,0.9439135611782196
90682785_AI.txt,0.5590551181102362,0.05952380952380952,0.65748031496063,0.7077859859604482,0.9563036981851668
90685127_AI.txt,0.42436974789915966,0.04852320675105485,0.5210084033613446,0.44481152657971385,0.9619979696809458
90867631_AI.txt,0.4567669172932331,0.04150943396226415,0.5300751879699248,0.5166605270999414,0.9661083231031846
91026230_AI.txt,0.44991212653778556,0.07760141093474426,0.523725834797891,1.079016984226253,0.9731575163293444
91051945_AI.txt,0.4583333333333333,0.06856187290969899,0.5416666666666666,0.46260487240609155,0.9772060347750999
91072502_AI.txt,0.37416107382550334,0.11784511784511785,0.44966442953020136,0.5800921870947138,0.9894740251835574
91116867_AI.txt,0.5934426229508196,0.026402640264026403,0.6885245901639344,0.7702806605855298,0.9692392244173764
91121135_AI.txt,0.4708333333333333,0.09832635983263599,0.5333333333333333,0.7425743509350877,0.9917658564421061
91153752_AI.txt,0.5231958762886598,0.10880829015544041,0.6314432989690721,0.7418273429608745,0.9750767421510027
91189201_AI.txt,0.4759825327510917,0.11842105263157894,0.5611353711790393,0.7513674872824809,0.9536194307935042
91197243_AI.txt,0.4626865671641791,0.04326123128119801,0.5456053067993366,0.8221080881450878,0.9471622033114901
91268638_AI.txt,0.4744094488188976,0.06126482213438735,0.5708661417322834,0.5280170815165998,0.9722949562500184
91318828_AI.txt,0.526,0.05421686746987952,0.604,1.0339891384640065,0.9745449851634044
91431878_AI.txt,0.4379432624113475,0.16725978647686832,0.5,0.6145571840778681,0.9684606080638034
91467795_AI.txt,0.48007246376811596,0.03272727272727273,0.5760869565217391,0.6703812445858608,0.9667171566651637
91478356_AI.txt,0.5216346153846154,0.04106280193236715,0.6081730769230769,0.7916573978784422,0.954220303538906
91515108_AI.txt,0.4794520547945205,0.08762886597938144,0.5582191780821918,0.8378967546526318,0.9470971332385002
91533580_AI.txt,0.34201954397394135,0.07679738562091504,0.42671009771986973,1.4601992240142865,0.9607527088030879
91539554_AI.txt,0.46075085324232085,0.16095890410958905,0.515358361774744,0.9230922239685635,0.986913985329386
91564103_AI.txt,0.43856332703213613,0.04743833017077799,0.5330812854442344,0.5814885327164627,0.9417716551837262
91591026_AI.txt,0.4462809917355372,0.04145936981757877,0.5305785123966942,0.8632780404153376,0.986313870196472
91635250_AI.txt,0.42782152230971127,0.014473684210526316,0.5275590551181102,0.6527523722113575,0.9625192375565627
91697974_AI.txt,0.46179401993355484,0.05,0.5282392026578073,1.337936118651477,0.9416874005712855
91930382_AI.txt,0.5286783042394015,0.02506265664160401,0.628428927680798,0.4469206019842007,0.9657973313211479
92069209_AI.txt,0.4288135593220339,0.05782312925170068,0.5016949152542373,0.7142816103628975,0.9404164303608213
92122785_AI.txt,0.44773519163763065,0.033216783216783216,0.554006968641115,0.8172178595450651,0.9559468742266892
92200491_AI.txt,0.4978540772532189,0.034482758620689655,0.572961373390558,0.6873101065855409,0.9592112424511257
92246939_AI.txt,0.4781144781144781,0.0929054054054054,0.5454545454545454,1.015606729677962,0.976450720926387
92283635_AI.txt,0.43555555555555553,0.171875,0.5088888888888888,0.48801344942920744,0.9578801832496002
92524964_AI.txt,0.5142857142857142,0.009569377990430622,0.5928571428571429,0.5837187639488561,0.9683500046428258
92985983_AI.txt,0.44350758853288363,0.10321489001692047,0.524451939291737,0.9326335080614738,0.975411196102273
93002334_AI.txt,0.43894899536321486,0.05581395348837209,0.5285935085007728,0.5687547394682879,0.952928348270803
93112113_AI.txt,0.3500545256270447,0.06229508196721312,0.4187568157033806,0.5097040839525471,0.9532115686749175
93301686_AI.txt,0.4324712643678161,0.03025936599423631,0.5258620689655172,0.5231000023248802,0.9739945837688049
93349646_AI.txt,0.4676524953789279,0.05380333951762523,0.5489833641404805,0.9145894380099999,0.9780121229328994
93436805_AI.txt,0.4791666666666667,0.06844106463878327,0.5473484848484849,0.7913638438313281,0.9770279185059247
93459677_AI.txt,0.48148148148148145,0.05654281098546042,0.5571658615136876,0.48924122074654364,0.963507257789187
93512385_AI.txt,0.4943820224719101,0.059322033898305086,0.5898876404494382,0.3317711272036387,0.9571145470433547
93576192_AI.txt,0.5220417633410673,0.05128205128205128,0.5986078886310905,1.8619414777091434,0.9559630402614423
93653247_AI.txt,0.3709449929478138,0.055162659123055166,0.4541607898448519,0.5028068735873475,0.9613850935850303
93828034_AI.txt,0.45733788395904434,0.0859106529209622,0.5273972602739726,0.6983865003483161,0.9687195057775038
93988900_AI.txt,0.4720720720720721,0.04701627486437613,0.5423423423423424,0.7209871302489413,0.9794843172142544
94047639_AI.txt,0.4168466522678186,0.1019522776572668,0.47516198704103674,0.7028779821507299,0.9574023799738253
94137171_AI.txt,0.49445676274944567,0.031180400890868598,0.5764966740576497,0.536797308050991,0.982226514031751
94230796_AI.txt,0.4772370486656201,0.047244094488188976,0.5729984301412873,0.9795811615284888,0.9679558156813126
94417768_AI.txt,0.5814393939393939,0.024714828897338403,0.6477272727272727,1.1371304231149362,0.9796193744647641
94492380_AI.txt,0.40942562592047127,0.04874446085672083,0.5007363770250368,0.5316914090550152,0.9311203149064031
94503308_AI.txt,0.4804964539007092,0.042704626334519574,0.5656028368794326,0.676576874402316,0.9826632376814978
95011061_AI.txt,0.49892008639308855,0.04338394793926247,0.5766738660907127,0.816823361361152,0.9857027197445555
95085510_AI.txt,0.4696223316912972,0.042833607907743,0.548440065681445,0.9773097946538096,0.9624909311119031
95350373_AI.txt,0.4280701754385965,0.12147887323943662,0.49122807017543857,0.6211384007199393,0.8928290256135062
95382114_AI.txt,0.4496951219512195,0.053516819571865444,0.538109756097561,0.7855666555715907,0.9781475022706803
95429627_AI.txt,0.4607250755287009,0.08333333333333333,0.540785498489426,0.7716046601175237,0.9883858466540522
95519832_AI.txt,0.5294117647058824,0.06451612903225806,0.6363636363636364,0.8723121635669687,0.9020913789695614
95625660_AI.txt,0.5811965811965812,0.008583690987124463,0.6538461538461539,0.9586571386186833,0.9654099320171646
95714702_AI.txt,0.45425867507886436,0.11550632911392406,0.5157728706624606,1.1327143325354287,0.9603278868164704
95769832_AI.txt,0.5086848635235732,0.08478802992518704,0.6004962779156328,0.5346396518512192,0.9752889569285577
95792386_AI.txt,0.4263005780346821,0.059420289855072465,0.5043352601156069,0.6966010604727744,0.9521307041183266
95970987_AI.txt,0.4494163424124514,0.044921875,0.5291828793774319,0.5589305015066547,0.9823545875807509
96029688_AI.txt,0.4654205607476635,0.075046904315197,0.5383177570093458,0.6313986938707482,0.968846263749296
96260484_AI.txt,0.41166936790923825,0.0975609756097561,0.4846029173419773,0.5533542105445,0.9521102125891214
96457008_AI.txt,0.5239852398523985,0.10780669144981413,0.5940959409594095,0.6569277743029459,0.9561345635232582
96493528_AI.txt,0.46296296296296297,0.060810810810810814,0.5589225589225589,0.7054915292408064,0.9688868864211276
96547039_AI.txt,0.47950819672131145,0.05761316872427984,0.5512295081967213,0.7214383335694361,0.96552308433773
96761538_AI.txt,0.5407166123778502,0.06557377049180328,0.6384364820846905,0.7606553954930407,0.9617924565645732
97123005_AI.txt,0.5259391771019678,0.05745062836624776,0.6028622540250447,0.8964389541090263,0.9622531322541523
97169343_AI.txt,0.45098039215686275,0.06721311475409836,0.5326797385620915,0.7844542709129693,0.9777385833670873
97405769_AI.txt,0.4263959390862944,0.0967741935483871,0.5042301184433164,0.6704157420074668,0.9554891873973301
97449528_AI.txt,0.5077160493827161,0.032507739938080496,0.5787037037037037,0.5185221928147301,0.948964043967945
98086373_AI.txt,0.4218009478672986,0.10618066561014262,0.5039494470774092,0.9183030100296956,0.9676416006859974
98108571_AI.txt,0.5285714285714286,0.03597122302158273,0.625,0.5685630034471897,0.9350897499468003
98300955_AI.txt,0.4306864064602961,0.07422402159244265,0.5141318977119784,0.5112600170360548,0.9748842442840908
98309114_AI.txt,0.4672489082969432,0.072992700729927,0.5283842794759825,0.9824180277630205,0.9580639128131638
98348532_AI.txt,0.31492361927144535,0.36984687868080096,0.3654524089306698,0.7641752190349769,0.9623015776412494
98379112_AI.txt,0.5193798449612403,0.04085603112840467,0.5968992248062015,0.647136426694033,0.9743720280120116
98389424_AI.txt,0.4759259259259259,0.0037174721189591076,0.55,0.7935024592821964,0.9655789446711922
98509238_AI.txt,0.39305555555555555,0.10584958217270195,0.4736111111111111,0.87639821451744,0.9632493010000148
98513424_AI.txt,0.38413098236775817,0.09595959595959595,0.4609571788413098,0.5711799365359053,0.9831350965233419
98559931_AI.txt,0.48,0.029197080291970802,0.5509090909090909,0.7877687568855908,0.9584658160569337
98965485_AI.txt,0.4618556701030928,0.049689440993788817,0.5505154639175258,0.7167234919111413,0.9591207209834474
99033098_AI.txt,0.5375,0.02512562814070352,0.6225,0.8919489428586519,0.9610773720054732
99124477_AI.txt,0.513986013986014,0.03859649122807018,0.5769230769230769,0.642181200452704,0.9751390580532785
99244405_AI.txt,0.5257731958762887,0.049689440993788817,0.6144329896907217,0.7966111817659826,0.915117852487903
99416532_AI.txt,0.4414976599063963,0.10485133020344288,0.5039001560062403,0.8555776062240064,0.9577136965942369
99433371_AI.txt,0.5286885245901639,0.09917355371900827,0.5942622950819673,0.793872664925615,0.979224061403042
99561379_AI.txt,0.5316666666666666,0.03511705685618729,0.6133333333333333,0.8339767630931394,0.9749960425096431
99680385_AI.txt,0.5333333333333333,0.01968503937007874,0.6254901960784314,0.6892844611626361,0.9646245907580439
99714410_AI.txt,0.5,0.06995884773662552,0.5881147540983607,0.9991857551921424,0.9747784716345177
