file,group,entropy,perplexity,rolling_entropy,sentence_entropy_variance,lexical_density,pattern_regularity,repetition,sentence_evenness,tonal_stability
10138632.txt,Human,7.630211483530476,198.11735891261938,0.024495149625168317,0.41562971590539555,0.4328767123287671,0.042582417582417584,0.5,0.5022837691983986,0.9878571224243383
10176815.txt,Human,7.893368771568648,237.76108124062694,0.041630141745756334,0.7146513051831619,0.43884892086330934,0.09956709956709957,0.5050359712230216,0.8277360992739211,0.9663425759982484
10182582.txt,Human,7.009106454164541,128.81050577869672,0.00665532878205054,0.5987453323339439,0.4931972789115646,0.11643835616438356,0.5850340136054422,0.6698448978847161,0.9603231874751892
10186968.txt,Human,7.725686652605384,211.67200304500398,0.03211594534588582,0.3671610896833295,0.5393700787401575,0.04940711462450593,0.6220472440944882,0.5091441457019623,0.9639066847804868
10268614.txt,Human,7.7481486059408144,214.99340661863326,0.017460214121305332,1.873321903142825,0.45875542691751087,0.07111756168359942,0.5209840810419681,1.4203534923751364,0.9852747061992587
10395944.txt,Human,7.269834653668898,154.3257137621251,0.020158348891618334,1.20483280368833,0.3711967545638945,0.11608961303462322,0.4766734279918864,0.7016012843830474,0.956406064915181
10464113.txt,Human,7.707346802340744,208.9982138257883,0.014829485274381856,0.8068300557589236,0.33260393873085337,0.05921052631578947,0.4299781181619256,0.5542868702803309,0.963431375243194
10466208.txt,Human,7.554467356081004,187.98416837254598,0.031730246361204945,0.48446125416792574,0.26555555555555554,0.7639198218262806,0.30666666666666664,1.0437612685542046,0.9582003494645178
10466583.txt,Human,6.607970680383669,97.54328676797688,0.010205815736768832,0.5830826804928281,0.45454545454545453,0.26666666666666666,0.5371900826446281,0.6554666118295088,0.9651259698232828
10480456.txt,Human,8.322223090509695,320.06543881293237,0.049621340004509636,3.168861135437933,0.27866473149492016,0.3467312348668281,0.31204644412191584,4.517481641519074,0.9991191268312951
10549585.txt,Human,7.830813906823189,227.67213303204778,0.02289549182931051,0.6711781681523188,0.4240331491712707,0.01662049861495845,0.5027624309392266,1.0035719805629544,0.9528029188896464
10553553.txt,Human,7.563561845795512,189.17292964671134,0.022628907948350513,0.8101054231299836,0.42671009771986973,0.06699346405228758,0.49022801302931596,1.0568682813377386,0.9848646348558844
10554045.txt,Human,8.072821879916502,269.25361044868475,0.023683703825008246,0.9708449881741946,0.42824339839265213,0.04833141542002301,0.5063145809414467,1.4951954604062063,0.9532144680284221
10554236.txt,Human,8.435916260695848,346.3090455201049,0.023424012104034258,0.4201682130728033,0.2086981903093987,0.3195093457943925,0.27553998832457677,0.43806921804226634,0.9667218255701021
10562768.txt,Human,7.908191651486363,240.21653519479213,0.030962253603478842,0.8771173980593037,0.41154791154791154,0.17857142857142858,0.4680589680589681,0.8256613137775145,0.9637711938376422
10567764.txt,Human,7.326789765525658,160.54008602155182,0.04005055762848847,1.7815551571033104,0.26185344827586204,0.6285097192224622,0.30495689655172414,0.8771902648699529,0.9906685298808592
10624813.txt,Human,7.98556389578694,253.45114930398418,0.04824501199516851,0.45478346072577785,0.4143835616438356,0.09382151029748284,0.4954337899543379,0.5114291856233469,0.9607467044281908
10659182.txt,Human,7.82374603796368,226.5594782615155,0.013915838381190456,3.609726752400019,0.46909667194928684,0.06995230524642289,0.5467511885895404,0.6828202946185259,0.9644166142686998
10738095.txt,Human,7.717411658165885,210.4613723647751,0.022941134067514055,0.5630053193221302,0.3113026819923372,0.41746641074856045,0.3726053639846743,0.8671515620177924,0.9778421734472362
10748989.txt,Human,7.075109102131776,134.8404093655287,0.027532236982652458,0.9548782614227788,0.3164005805515239,0.5094614264919942,0.3468795355587808,1.5039850166739606,0.971793499061507
10751444.txt,Human,8.119923865076373,278.189443609111,0.040827854181839214,1.976900226412184,0.403954802259887,0.08679245283018867,0.4774011299435028,0.8988321081851565,0.9776408351712002
10820510.txt,Human,7.000066786843261,128.0059256555069,0.01830718292020667,0.8009824527982679,0.44542772861356933,0.08902077151335312,0.528023598820059,0.7293596075506058,0.98176612235051
10830646.txt,Human,7.7631323991110115,217.2379582991618,0.1250978833440555,1.852950518189541,0.2937181663837012,0.358843537414966,0.3471986417657046,1.6704786807807976,0.9602776027857972
10840430.txt,Human,7.880799339559755,235.6985935428019,0.022032360885392684,1.6011371539554193,0.3833515881708653,0.04061470911086718,0.44468784227820374,0.9466400948984455,0.9434707727814468
10926726.txt,Human,7.829130008727308,227.4065515952907,0.030181264719656126,1.2688349680353659,0.40228245363766046,0.03719599427753934,0.47788873038516405,1.1237609658054775,0.9618536652400519
10945968.txt,Human,7.534257110349235,185.36911873667157,0.02167223827782829,1.5065317216594583,0.35185185185185186,0.10463576158940398,0.4372523117569353,0.6987439709494605,0.9908446954187613
10953078.txt,Human,7.767548697472747,217.9039740015939,0.050049669039856366,0.9636653745895458,0.40620592383638926,0.16407355021216408,0.47531734837799716,0.7288974918822676,0.9278374919249742
10969918.txt,Human,7.717307172184368,210.44613042788222,0.01551018806676941,1.4066811639150165,0.4432515337423313,0.02923076923076923,0.5506134969325154,1.1045637635445287,0.967656173821858
10984392.txt,Human,8.153781888024072,284.7953711965483,0.01434873000575117,0.7693849049829435,0.4500601684717208,0.024125452352231604,0.54632972322503,0.5456594450468232,0.9677009814966846
11121498.txt,Human,7.8425367583513195,229.5296562967745,0.020548529155560942,0.9257018634452068,0.42857142857142855,0.0448318804483188,0.5006211180124224,1.2750620803021933,0.9865261175488489
11152490.txt,Human,8.282502076577025,311.3734396349435,0.04766804148627799,0.5882814336984014,0.3045507584597433,0.08177570093457943,0.38156359393232203,0.7071893196090598,0.9767018612641692
11174187.txt,Human,8.107683492607615,275.8391631849235,0.026550259723597983,1.2722937733212687,0.32114467408585057,0.06284805091487669,0.4130262112787927,0.8523269784241713,0.9640155193559101
11188218.txt,Human,8.058666761370677,266.62472482306936,0.029426973892094505,1.3083104898740536,0.46055979643765904,0.04336734693877551,0.544529262086514,0.8565880080259048,0.9844305955667797
11232471.txt,Human,6.74106327741825,106.97006240638089,0.025986153929977676,0.4761297403354565,0.4830188679245283,0.03802281368821293,0.5660377358490566,0.5347127392086364,0.9683723895493932
11262933.txt,Human,7.7755946476347155,219.12262556200744,0.020037946809701314,0.4702540620361187,0.3824228028503563,0.14047619047619048,0.44655581947743467,0.827599258053739,0.9064567489645408
11289482.txt,Human,8.059388156824777,266.7580793821848,0.01832699486431637,0.7056661245492186,0.37165510406342916,0.0605759682224429,0.46085232903865214,0.729019062841254,0.9871968175522898
11333001.txt,Human,8.034401256300484,262.1777157725472,0.01660595740458091,0.25808771564248617,0.48855989232839836,0.02699055330634278,0.5773889636608345,0.5726066721621996,0.948504176541401
11336022.txt,Human,7.33533687554069,161.49401347968578,0.019395064612258886,0.4937629991342881,0.4567901234567901,0.05955334987593052,0.5753086419753086,0.6711396782215828,0.965736673480888
11393213.txt,Human,7.29728497876183,157.2902003118763,0.006854891958872092,0.23931793213057864,0.31610044313146235,0.8148148148148148,0.36336779911373707,0.760520065387647,0.9758625543883648
11441764.txt,Human,7.897326563045868,238.41423432227114,0.023688863555305105,0.637684552102721,0.41482444733420026,0.03911342894393742,0.49154746423927176,0.82366007662688,0.9805849476748691
11480899.txt,Human,7.859281195454271,232.20917964957198,0.024370101562355945,1.913421182717523,0.3309024612579763,0.08949771689497717,0.4056517775752051,1.3282361412061143,0.9879581059742397
11522068.txt,Human,6.652219424244834,100.58137872363834,0.006135835933596457,1.6719943155405632,0.5132275132275133,0.0213903743315508,0.6455026455026455,0.6054487394420651,0.9676850448595304
11580408.txt,Human,7.527324665650082,184.48051887543866,0.07047365871861583,3.458027705106629,0.3637602179836512,0.15163934426229508,0.4223433242506812,1.9710813324762666,0.9648468002469215
11584809.txt,Human,7.513659612148945,182.7413885145419,0.0311831460716104,0.5175492331091953,0.4405144694533762,0.05806451612903226,0.5,0.7607212084489883,0.9676608062746606
11592605.txt,Human,7.8933540344057285,237.75865251813568,0.01898454881019369,1.430064809571451,0.4580745341614907,0.056074766355140186,0.546583850931677,0.9692204916012016,0.9876341638642542
11698189.txt,Human,7.632759048594126,198.46751104744905,0.03271418188884095,0.6244432898927859,0.48975409836065575,0.06995884773662552,0.5778688524590164,0.6600083582912302,0.9772191891515092
11704150.txt,Human,7.619089144514151,196.59586185769,0.014873022644210828,0.9315845154598229,0.45454545454545453,0.37865748709122204,0.5197255574614065,2.2235823547354356,0.9781536020353367
11722421.txt,Human,7.437461981278185,173.34014198953608,0.022532358721122588,1.0116768827912577,0.38003220611916266,0.10339256865912763,0.4524959742351047,0.8652561670504861,0.9450962859920067
11807040.txt,Human,8.410871712840713,340.3491538613337,0.03462179674157162,0.7001335710393427,0.4149443561208267,0.1178343949044586,0.4841017488076312,1.2442437129914776,0.9528158902078315
11813872.txt,Human,7.889337437874027,237.0976310217422,0.030123840947778487,2.3168040059808694,0.3024193548387097,0.09046849757673667,0.36532258064516127,0.7546115430096252,0.9535206671231481
11887930.txt,Human,7.760249271342909,216.80425654300615,0.07227589756362457,1.4459059434953738,0.36117936117936117,0.22536945812807882,0.4152334152334152,1.0898721808645055,0.9867080590903424
11919526.txt,Human,7.917300271503021,241.73796755713246,0.09077456440372783,2.1572684670747813,0.4398092967818832,0.1854066985645933,0.4880668257756563,1.221217208413513,0.9381600045427673
11958994.txt,Human,7.926976893901503,243.36483217022757,0.017026759926274337,0.6506559988327872,0.4344919786096257,0.08445040214477212,0.5120320855614974,0.6692408979704455,0.9634940717419896
11995013.txt,Human,7.673866849171549,204.20393390293134,0.03082327670643405,1.7077921483361476,0.3885941644562334,0.12632978723404256,0.46286472148541113,2.116445964730027,0.9230391978590642
12021752.txt,Human,7.4602632896285765,176.1014880405008,0.019618170896651625,2.4106901103170957,0.3728,0.47191011235955055,0.4256,1.1259914410568728,0.9728929225942495
12022566.txt,Human,7.784223954341613,220.43720875878606,0.031118060055431378,1.7171491140072113,0.4200848656294201,0.06808510638297872,0.48514851485148514,1.0262460317974569,0.9901749747749039
12059198.txt,Human,7.24406949060147,151.59406800540077,0.010097048652843962,1.1400925150934862,0.4597402597402597,0.06788511749347259,0.5558441558441558,0.7199064565083779,0.9463956591798788
12059610.txt,Human,7.757050715282937,216.32411875130313,0.022652106245261747,0.6409950215713545,0.3685968819599109,0.23102678571428573,0.43875278396436523,0.5738880777285776,0.9737303635904155
12065211.txt,Human,7.855769723589598,231.64467747886098,0.02634879741677062,1.1060261196803731,0.4447334200260078,0.06388526727509779,0.5084525357607282,0.7949188618618526,0.9877657671705208
12071138.txt,Human,7.663219752088702,202.70245505921673,0.023492269362215528,0.466773956216442,0.27953044754218637,0.1462160176340926,0.33162142333088773,0.7529976422226052,0.9800689674107134
12082377.txt,Human,7.267636450135561,154.0907500275644,0.011092431822934729,0.4836094643574901,0.335016835016835,0.375,0.4090909090909091,0.6548569404450788,0.9834678042529966
12085736.txt,Human,7.6941312831392015,207.09246943509885,0.018711023436189272,0.35112014880077685,0.3951935914552737,0.058902275769745646,0.45927903871829107,0.5208623470027279,0.9635712289848342
12144825.txt,Human,7.633031229415676,198.50495773205742,0.023281614386095807,4.032403872734001,0.4693069306930693,0.041749502982107355,0.5366336633663367,0.9735693904356408,0.9765098290488976
12155206.txt,Human,7.673329629066354,204.12790810871707,0.05168397187684062,0.781459955278873,0.44768439108061747,0.10327022375215146,0.5145797598627787,0.7384528118742198,0.9746224073404197
12191094.txt,Human,7.707250964363925,208.98433057248428,0.026420181413296412,0.6861607526614882,0.4017094017094017,0.07,0.47435897435897434,1.1489761576875452,0.9892054599802319
12212468.txt,Human,7.754402229966727,215.927357366032,0.02578991061168155,1.1869688788950608,0.3060869565217391,0.24804177545691905,0.37445699391833187,0.7991850345543646,0.9290934132594522
12254068.txt,Human,7.827187825211672,227.1006185410959,0.025193861059790174,0.5665784589676782,0.3605051664753157,0.12428078250863062,0.45120551090700345,0.7586121569155188,0.9781047774843636
12351749.txt,Human,7.280763904388641,155.49925998197511,0.033290926220119886,0.8543631262191047,0.45794392523364486,0.11032863849765258,0.5210280373831776,1.148637337508331,0.9883820767086451
12545844.txt,Human,7.121437620184841,139.24074424277023,0.01345729631070386,0.6093820384441943,0.4752186588921283,0.08211143695014662,0.5597667638483965,0.5424962994548578,0.9828133756867421
12547982.txt,Human,7.526063720190385,184.31934950949758,0.023395570251341393,1.62097749101185,0.2712665406427221,0.2803030303030303,0.32892249527410206,0.7246739121377265,0.9551969303172724
12587973.txt,Human,7.744321017368443,214.42376741650543,0.013067080344532786,0.5573849617356538,0.41237113402061853,0.08862629246676514,0.5066273932253313,1.0312129488625044,0.940747680215541
12613221.txt,Human,7.162322162077883,143.24313237449238,0.018256581809263667,1.3146275378138828,0.4053398058252427,0.15853658536585366,0.4733009708737864,0.9949127519762692,0.9926682595687896
12632728.txt,Human,0,1,0,0,0.0,0,0,0.0,1.0
12674256.txt,Human,7.975362799800205,251.66535247765398,0.018306720610969104,6.604920251076332,0.4380704041720991,0.047058823529411764,0.5384615384615384,1.3889073630570978,0.9942403686352649
12674307.txt,Human,7.255787374217395,152.83036199990778,0.010579872493080152,4.626309817194942,0.46766169154228854,0.015,0.5771144278606966,1.3648474919758966,0.8797054094287521
12693146.txt,Human,7.741706554814035,214.03553897101924,0.01585441655413909,0.8732071766540823,0.297153024911032,0.38324420677361853,0.37544483985765126,0.5619587984637282,0.9566774786723634
12695537.txt,Human,7.957323349187364,248.53812251485368,0.03050085076569713,0.7082522005062437,0.4689189189189189,0.06233062330623306,0.5297297297297298,0.9019269494932626,0.982469898011358
12696104.txt,Human,5.439548526341971,43.39775555961958,0.043250839807321695,1.5001659772024125,0.41346153846153844,0.3235294117647059,0.5,0.9451080185178129,0.9822992694111403
12717345.txt,Human,7.515831882717138,183.01675006597458,0.012295888490963587,1.0608839605433034,0.3948948948948949,0.12349397590361445,0.46096096096096095,0.8839098437777704,0.9749403466150901
12780508.txt,Human,7.903165350220225,239.38108500642687,0.015798286977394663,0.5838436444931674,0.3440082644628099,0.061076604554865424,0.4318181818181818,0.7468400407349053,0.9839974666007395
12786012.txt,Human,7.562048469954333,188.97459276465307,0.021307807036485424,0.5231232673250544,0.3996710526315789,0.08250825082508251,0.48026315789473684,0.7954678291200072,0.9829887703751253
12791244.txt,Human,7.585259684577089,192.0395545669801,0.023408686147388277,0.608162198487847,0.464354527938343,0.07543520309477757,0.5375722543352601,0.9431999500172851,0.9476350495980305
12802330.txt,Human,7.697508811905383,207.57786666364362,0.021300112228559685,0.5155416112390038,0.3572311495673671,0.03965303593556382,0.4363411619283066,0.9606249243023058,0.9842180018246123
12839152.txt,Human,7.722388537135252,211.18865672551624,0.02314446907398287,0.36608376054439806,0.33836206896551724,0.3174946004319654,0.41810344827586204,0.6324279371672596,0.9752090900333302
12920612.txt,Human,7.818738688300171,225.77449182470417,0.019610785334232463,1.9770356326442164,0.38814993954050786,0.052121212121212124,0.4655380894800484,0.8046088509219518,0.9524491985277064
12938200.txt,Human,7.794282387185482,221.97946135326947,0.028288767303532,1.2611982682919207,0.4465592972181552,0.07342143906020558,0.5285505124450952,0.7202046214119855,0.9530409442831568
12955994.txt,Human,7.967075044484457,250.2237717207596,0.02448584484893024,0.5215687022620801,0.3731481481481482,0.04359925788497217,0.42777777777777776,1.164618798879187,0.9648601013662729
13014900.txt,Human,8.499557720511495,361.92770067233107,0.021575038591790902,1.1594498217085842,0.36091205211726385,0.10176125244618395,0.44234527687296415,0.8477830075880478,0.9693599841632151
13037145.txt,Human,7.055317259497149,133.00321041331034,0.02367095189551412,1.0850766517244852,0.5088757396449705,0.06547619047619048,0.5680473372781065,0.8785338439274538,0.9805069904642181
13087952.txt,Human,7.508111770149143,182.04001122447343,0.010554333444580441,0.739469589908209,0.3602693602693603,0.5287162162162162,0.4225589225589226,0.6019555607474748,0.9381900942206212
13115648.txt,Human,7.780952528947065,219.93791621641572,0.01960271868348375,0.5590251394260559,0.46129541864139023,0.03486529318541997,0.5545023696682464,0.814326029053176,0.9645813778506404
13129275.txt,Human,7.531288716922001,184.98810766448457,0.017572160020749635,2.076834395992008,0.4095826893353941,0.05581395348837209,0.47449768160741884,0.9179507499352588,0.9961185031044307
13264796.txt,Human,8.256736383904542,305.8618548049478,0.02565710219033095,3.5319192183641785,0.19943932719263116,0.8364729458917836,0.24028834601521826,1.9257312568949538,0.9842896717253251
13294301.txt,Human,7.250914555065188,152.31503586264336,0.009161474439273993,0.3189026672820585,0.30564784053156147,0.8366666666666667,0.3588039867109635,0.6391313392224504,0.9270337881601303
13296856.txt,Human,7.385017285827245,167.15205548819873,0.01845178368934451,4.456785191007378,0.40852575488454707,0.062388591800356503,0.49023090586145646,1.6121038287606415,0.8267308620523972
13313917.txt,Human,7.82643192826722,226.98166083003224,0.009478326801183719,0.6476507707054893,0.4481751824817518,0.0527086383601757,0.5109489051094891,0.7582712936038328,0.9738341329133051
13342150.txt,Human,7.955451698359061,248.2158957403183,0.01811992249522969,0.48805203225002713,0.48342541436464087,0.04155124653739612,0.5607734806629834,0.7990529372993894,0.9501630699770233
13348915.txt,Human,7.391272519586878,167.87836640736458,0.022286792715193838,0.4490605587180635,0.37936267071320184,0.3592085235920852,0.4324734446130501,0.7881009846884559,0.9708849480982034
13385306.txt,Human,7.442853869037676,173.98919066034554,0.0226708435601238,1.0927998131128638,0.3192090395480226,0.06382978723404255,0.39745403111739747,0.8778883818215149,0.984558479151139
13386301.txt,Human,7.646100195865594,200.31132735965343,0.016692096630302706,5.013586906875344,0.30182232346241455,0.2557077625570776,0.37699316628701596,1.6519766751714837,0.9848282818197797
13393401.txt,Human,7.64093758711615,199.59580474484392,0.02093610052902697,0.8888084969835478,0.36351875808538164,0.05714285714285714,0.4494818652849741,0.590798944996957,0.9652726840369525
13405229.txt,Human,7.797897892010799,222.5364566154925,0.024650435585660026,0.8159498345324935,0.2998921251348436,0.7885652642934197,0.3401506996770721,1.172315281919741,0.9521559038681993
13518263.txt,Human,6.893439953219141,118.8864062548475,0.021782024869489467,0.3145337633052215,0.4411764705882353,0.17105263157894737,0.5359477124183006,0.46711739735041846,0.9447217127346288
13520837.txt,Human,7.935415747109523,244.79253396888302,0.019453814466378526,1.3992954144709209,0.4149326805385557,0.05889570552147239,0.49571603427172584,1.3552365843333865,0.9458418690661057
13565152.txt,Human,8.28300313216018,311.4816000510915,0.031126959982754936,0.6354685691559735,0.32509505703422054,0.1548223350253807,0.3960709759188847,0.7385477084806684,0.9747833566813083
13569152.txt,Human,7.746796811080872,214.79205369332496,0.045854445731062246,1.4187871898047903,0.4304932735426009,0.0704647676161919,0.515695067264574,0.8336343219774158,0.9781873710158694
13727873.txt,Human,8.327720633018597,321.2874088678987,0.016283666207445344,0.5397850275050077,0.3167701863354037,0.11264685556323428,0.40924775707384403,1.628676786837561,0.9665107597494924
13764840.txt,Human,6.938977408168605,122.69880671448146,0.013548262205123422,3.372141580030138,0.5255474452554745,0.022058823529411766,0.6204379562043796,1.9200254379430897,0.8653433179643145
13807808.txt,Human,7.019137933320917,129.7092838847632,0.05576340220106988,3.32137928438608,0.4919614147909968,0.08737864077669903,0.5819935691318328,1.0736213832062267,0.9339944825517577
13809698.txt,Human,7.459735013927027,176.03701626786167,0.022662053445877878,0.7190646858415367,0.3793103448275862,0.25951557093425603,0.45689655172413796,0.8844399316638227,0.9798975094673508
13812481.txt,Human,7.39957646232372,168.84743609398888,0.019152163610244362,0.8056625294503243,0.3412816691505216,0.4947683109118087,0.4247391952309985,2.688710223784947,0.9389810282796097
13836471.txt,Human,7.011392876502147,129.01481002219742,0.03282583055934688,1.1033665694601344,0.29797979797979796,0.16554054054054054,0.3451178451178451,1.0311665428973944,0.9941788469938246
13888506.txt,Human,7.556562236955987,188.25733108564978,0.008002982916310401,1.3435981925612137,0.5163398692810458,0.045951859956236324,0.5947712418300654,0.8805963310094512,0.9752946055988567
13907230.txt,Human,7.0627649335856075,133.69159274903032,0.010234582745454631,2.9505156309928373,0.5686274509803921,0.06324110671936758,0.6705882352941176,1.3474055551703081,0.9860570919774765
13909762.txt,Human,8.140868598011199,282.25759629384015,0.045684290184263135,0.657983166459065,0.38827098078867545,0.057750759878419454,0.4752275025278059,1.0228412084067664,0.9787675051001521
13915715.txt,Human,7.59692017882683,193.59799200095074,0.06827656485561583,0.7085737350407246,0.49242424242424243,0.1482889733840304,0.5246212121212122,0.7577403545939098,0.9744562067886007
13982572.txt,Human,7.848744252495448,230.51938289528889,0.012895294450362882,0.926101756718816,0.4802065404475043,0.027633851468048358,0.5645438898450946,1.258199957073161,0.9410301156971064
13998435.txt,Human,7.643006177663503,199.8821980072359,0.04863756838096076,0.6905970460129058,0.3517647058823529,0.37028301886792453,0.40352941176470586,0.7963077176669933,0.9788759237257474
14062078.txt,Human,7.979641234539092,252.41279522075024,0.0325328913950811,1.1736680635136252,0.38269030239833157,0.05329153605015674,0.46715328467153283,1.0058495788283572,0.9785037710017761
14070138.txt,Human,7.809470547106232,224.328723424022,0.014170727436931646,0.7099422858892477,0.33120340788072417,0.28068303094983993,0.4036208732694356,1.0619399326234806,0.9275638619976354
14128006.txt,Human,7.494311725264809,180.30701604138983,0.02015297879901938,5.497669004012135,0.4107424960505529,0.06497622820919176,0.47235387045813587,1.033793313462962,0.9610151696501437
14241621.txt,Human,7.657254956056675,201.8661156045699,0.015472271108146437,0.5679562100215054,0.3691931540342298,0.09681372549019608,0.44987775061124696,0.6023558740810442,0.9598811498724816
14248724.txt,Human,6.8997000593893105,119.40339601312277,0.01274808250584648,0.9259124828543289,0.43373493975903615,0.07272727272727272,0.5421686746987951,0.857901365857895,0.9601980504524055
14256329.txt,Human,7.548447974026744,187.2014726626238,0.029230139241730565,1.1739231530111347,0.3604135893648449,0.07566765578635015,0.44822485207100593,1.0303624974298027,0.964317090029773
14267489.txt,Human,8.148114175910964,283.6787307014475,0.03975112686825577,1.9701473644130962,0.4499411071849234,0.03778040141676505,0.5335689045936396,1.0148248347076463,0.9703368473501898
14278888.txt,Human,7.825547056624024,226.84248515748493,0.030924407135959415,0.7152177100683382,0.4471428571428571,0.09742120343839542,0.5128571428571429,0.7898722190639317,0.9810284515311105
14364597.txt,Human,7.390630253627194,167.80364613722276,0.042515656479737686,0.541535141832847,0.3910149750415973,0.22370617696160267,0.46256239600665555,0.670570734074715,0.9780069375185876
14381464.txt,Human,6.213931872830543,74.23007250156132,0.007869619582527,1.3090511220242838,0.5304347826086957,0.05309734513274336,0.7391304347826086,0.7275304578557179,0.9431213964903309
14391434.txt,Human,7.987263333165619,253.74988058973975,0.02732102896430471,1.2434372009497834,0.4135514018691589,0.04918032786885246,0.4941588785046729,0.9698076181019976,0.9762585941666143
14408510.txt,Human,7.733756024097581,212.8592572537492,0.015941434734253267,0.4782820715626983,0.41734860883797054,0.0755336617405583,0.5008183306055647,0.7048422428767583,0.9775950678167646
14445309.txt,Human,7.40962935064176,170.02809589946855,0.03230287679908034,12.082265426081216,0.4042207792207792,0.11074918566775244,0.4512987012987013,1.2093120761075131,0.9981287246010898
14449423.txt,Human,7.979258114029655,252.3457736557509,0.02597635452450873,0.8557322218941756,0.37098445595854923,0.08307372793354102,0.45181347150259066,0.8322743761132686,0.9469237623606857
14517953.txt,Human,7.832871999598034,227.99715303965868,0.03491708025587225,0.6775788166404741,0.4642313546423135,0.08854961832061069,0.5205479452054794,0.8926574784215027,0.9326317413127185
14528265.txt,Human,7.012259462498672,129.09232883909067,0.11110689843854563,0.8381117267613352,0.4934210526315789,0.1456953642384106,0.5657894736842105,1.5345781880419609,0.9830706998042992
14536764.txt,Human,7.816101322579975,225.3621344282581,0.013085986250345589,0.8799127462392199,0.4414814814814815,0.06240713224368499,0.5348148148148149,0.6175122442042039,0.9812701734983699
14554542.txt,Human,7.904838696504782,239.6588982876865,0.04520046063898469,1.9041047955171948,0.2680546519193234,0.14332247557003258,0.3240078074170462,1.4473518931690645,0.9919178706894776
14589288.txt,Human,7.15215867758997,142.23756067934227,0.020119748612220774,1.0008786282933075,0.47058823529411764,0.07407407407407407,0.5828220858895705,0.8134127226954865,0.989383638051343
14667957.txt,Human,7.730405036295917,212.36541690112932,0.052276645538574806,0.48515197493843143,0.31666666666666665,0.1440501043841336,0.3927083333333333,1.0112493072920783,0.9812344997268576
14708590.txt,Human,7.637371772111819,199.10308600567836,0.030504982990813775,1.1942017549766841,0.38439306358381503,0.11014492753623188,0.4682080924855491,0.9134501255837116,0.9739930749762316
14726000.txt,Human,7.736257414391174,213.22863949737732,0.023222097143631458,1.516925828636552,0.3803680981595092,0.26615384615384613,0.4677914110429448,0.7872725242996613,0.9943463267996587
14743911.txt,Human,7.318353212668287,159.60402367638594,0.04338240382546398,0.4082607272714062,0.26040268456375837,0.6123822341857336,0.3087248322147651,0.6302931002871739,0.997097175518751
14771530.txt,Human,7.096931158527165,136.8954948137863,0.015477100542409602,1.0740628019858491,0.5047923322683706,0.07717041800643087,0.6198083067092651,1.0626614417610816,0.9532687143004731
14825300.txt,Human,7.875026762507463,234.75738985329872,0.016071940214679826,1.9662876910076643,0.37527593818984545,0.1006637168141593,0.47019867549668876,1.1659884151531354,0.98064679916084
14874322.txt,Human,6.763481178276538,108.64524153735974,0.031997412925544866,0.1004833761641595,0.20402298850574713,0.8818443804034583,0.23994252873563218,0.2518023250512007,0.9781021405142001
14886205.txt,Human,8.003910314340144,256.6948095688344,0.02192928693057314,1.0103592794801814,0.4544138929088278,0.09869375907111756,0.5296671490593343,1.0400013596988045,0.9829691256392333
14910300.txt,Human,7.677638176365755,204.73843862097976,0.06002740146200451,1.0980974699004986,0.41029641185647425,0.11737089201877934,0.46957878315132606,0.9665343263760418,0.9568481793772123
14937492.txt,Human,7.863332275243504,232.86213807961525,0.0193451908326516,1.3898458791989434,0.39241917502787066,0.09273743016759776,0.4760312151616499,0.869075357420748,0.9827169913065643
14945250.txt,Human,7.877768987943583,235.20403302572254,0.027560000127521616,1.1320834603033643,0.3349236641221374,0.06500956022944551,0.42366412213740456,0.5291995166726314,0.9597740909733601
14990354.txt,Human,7.717608880025102,210.4901451956407,0.017778861106719317,1.901883342891499,0.45563139931740615,0.03595890410958904,0.5358361774744027,1.0397737730133525,0.9845937083808105
15119529.txt,Human,7.5495919449306745,187.34997110446366,0.010314018136443847,0.8771405026690252,0.2736954206602769,0.7588046958377801,0.3226837060702875,0.7122660319127192,0.9781936714866978
15139979.txt,Human,8.505070171307336,363.31324996664097,0.11535158253378056,0.5720765943550339,0.3397243858597963,0.16676664667066587,0.42180946674655484,1.4456630279775406,0.965630008157753
15180322.txt,Human,7.900533558123975,238.9447994791866,0.019787680559038116,0.5159818643380083,0.35958254269449713,0.34790874524714827,0.4240986717267552,0.7387934652364686,0.9727060508353973
15224503.txt,Human,7.707347587135627,208.99832751632482,0.027201655424993417,1.8001093279615175,0.3832658569500675,0.07036535859269283,0.44804318488529016,1.4143895118038443,0.9862738564174228
15297298.txt,Human,7.932644029589451,244.32268802960542,0.009907202329966043,1.5265798924470941,0.4172461752433936,0.03626220362622036,0.49235048678720444,0.6138196544974964,0.9765565128787326
15306049.txt,Human,6.772950067748468,109.36066175220617,0.011536458522790454,0.6552952138013538,0.56,0.08071748878923767,0.6444444444444445,0.59113259299789,0.9914246196403872
15313140.txt,Human,7.80674242896762,223.90492146383318,0.020102858745153197,0.32221318124790665,0.42424242424242425,0.2402315484804631,0.4935064935064935,0.6615667221513777,0.9836836454635048
15353911.txt,Human,6.990894322687713,127.19466260377683,0.00240397256535539,1.197357883479527,0.5944700460829493,0.046511627906976744,0.7050691244239631,0.8593409537449103,0.9603479203322804
15354126.txt,Human,7.82881574202644,227.3570203212496,0.02416797301589235,1.1695497706120248,0.4373134328358209,0.041916167664670656,0.5567164179104478,0.8702735209345078,0.972288229117476
15363277.txt,Human,7.802082380809511,223.18285315068402,0.015169544330244776,1.8030921079567614,0.372615039281706,0.05736782902137233,0.4444444444444444,1.0653287983174027,0.9780663207746352
15425154.txt,Human,7.8358720305990035,228.47175798102262,0.011703943375206175,1.4906455821534264,0.36353591160220994,0.08859357696567,0.4276243093922652,1.011251025218665,0.9334167754443299
15433732.txt,Human,7.239687714650978,151.1343426261836,0.03210924083013149,1.1289758142146262,0.31532846715328466,0.17276720351390923,0.38686131386861317,0.7772780938207272,0.9347661654676421
15564893.txt,Human,7.454172211367808,175.35955247452773,0.040405604196679365,1.735572802007927,0.367816091954023,0.4769452449567723,0.41379310344827586,1.3340179684126658,0.9568306775697735
15603319.txt,Human,7.629042532582374,197.95689833707195,0.03743645200140698,1.4313488573100062,0.4464,0.07062600321027288,0.5024,1.2091399124997901,0.9864492070143209
15618327.txt,Human,7.675679687964738,204.46069051679473,0.03716074489293283,0.6149775022612162,0.4264264264264264,0.15210843373493976,0.4804804804804805,0.7702579222971069,0.97439382146727
15620421.txt,Human,8.01516645956211,258.7054182623303,0.028354247036675034,0.4848275802579142,0.3701968134957826,0.13708920187793427,0.450796626054358,1.0418430320218124,0.9655852593039929
15636923.txt,Human,8.035944540519624,262.4583233922726,0.012614913413746586,0.530021061028885,0.4379310344827586,0.026497695852534562,0.5264367816091954,0.786777167649067,0.9754367144043553
15651486.txt,Human,7.776522929996926,219.2636623831514,0.041875677070260874,2.191765799689873,0.3261608154020385,0.2792281498297389,0.3929784824462061,1.3311556648265594,0.980105022249194
15680735.txt,Human,7.8693756837313,233.83963688004948,0.027063166540476795,1.4529656274958815,0.3557504873294347,0.130859375,0.4220272904483431,0.7986011474765891,0.941268889751873
15684810.txt,Human,8.42132295872291,342.8236809962417,0.06505692638191442,2.153567164987436,0.3709677419354839,0.4806138933764136,0.4088709677419355,1.7112729387934242,0.9862659147517049
15699744.txt,Human,7.955839844650032,248.28268535146222,0.016975922873167158,1.0737982232868248,0.42357512953367876,0.11298701298701298,0.49740932642487046,0.7282620601294291,0.9737179728359612
15717923.txt,Human,7.823544931303966,226.52789886107345,0.022141258779908957,3.045361847646047,0.40745672436750996,0.06809078771695594,0.48468708388814913,1.9464884174604373,0.9370159961910266
15721849.txt,Human,7.974919659877997,251.5880625199362,0.04948627001452489,1.355309255896892,0.357926221335992,0.24575424575424576,0.43968095712861416,0.9876120955847192,0.9628615030724599
15727656.txt,Human,7.633257235733098,198.5360570894749,0.03029725757273854,1.2648332189545068,0.42673107890499196,0.15024232633279483,0.4927536231884058,1.134165950448434,0.9537084786467898
15746146.txt,Human,7.4828883555702985,178.88496866522564,0.02239144206300789,0.7560426226890589,0.3811659192825112,0.08545727136431784,0.4648729446935725,0.7366556836283102,0.9346445558141186
15765660.txt,Human,7.9713474371310244,250.9658819260331,0.020760649481876035,0.47737114410041315,0.413677130044843,0.04157303370786517,0.49551569506726456,0.5419605812397703,0.9711557128352544
15790602.txt,Human,7.790005609077496,221.3223916960643,0.013385013110583745,1.0866530760819553,0.3625866050808314,0.05324074074074074,0.4387990762124711,1.02271218774836,0.9793820703470884
15791766.txt,Human,7.738432174801493,213.55030892817635,0.04093597378063336,0.672072480853359,0.43645484949832775,0.050335570469798654,0.5016722408026756,0.9798729439982103,0.9290331689425555
15792052.txt,Human,7.600608127456156,194.0935179276112,0.025472533302251726,0.8596368269514869,0.39105339105339104,0.2170767004341534,0.46464646464646464,0.721972960059279,0.952428678548319
15802627.txt,Human,7.934181728783698,244.58323865085245,0.038506047217299166,0.7839255121166983,0.34171322160148976,0.18470149253731344,0.40502793296089384,1.0637259039948561,0.9900943949007059
15811992.txt,Human,7.601399202572243,194.19997469891536,0.09424961284654103,1.2508833264233659,0.2956204379562044,0.07769652650822668,0.3658759124087591,0.6808148512956635,0.9514289873963595
15821633.txt,Human,7.997242937514795,255.51123835015665,0.02208596928196302,0.7064312816686568,0.42550655542312277,0.04898446833930705,0.5172824791418356,0.812402010880508,0.9592227223273913
15891494.txt,Human,7.780612793717423,219.88612990039465,0.02544097482835705,1.1269300477669066,0.4264305177111717,0.06557377049180328,0.510899182561308,0.8414004560561482,0.9738644731067844
15899269.txt,Human,6.889635517754024,118.57331179490798,0.033598705852831874,0.25669142387951177,0.4040114613180516,0.29394812680115273,0.4699140401146132,0.5931268732619733,0.9558897462402839
15906625.txt,Human,7.358518129035876,164.10986207363206,0.022544107810679788,0.3939112859641856,0.30404463040446306,0.45454545454545453,0.3598326359832636,0.8358244629879906,0.9934861254117938
15917885.txt,Human,7.162022003357186,143.21333314337346,0.013237213015574003,3.267749559026581,0.43034825870646765,0.0725,0.5149253731343284,1.0272052792910444,0.9828200433674573
15918496.txt,Human,7.688938065614458,206.34834621086068,0.011089654777373488,0.6952298871816868,0.4434250764525994,0.18098159509202455,0.5152905198776758,0.5624863342241062,0.9545260214611814
15936656.txt,Human,6.586880844517119,96.12773558681653,0.06502676712826246,0.9041044066463331,0.4163568773234201,0.20599250936329588,0.5315985130111525,0.9464362052362235,0.9856752865196419
15941675.txt,Human,7.585523561707745,192.0746829065368,0.039844043057836454,1.850591082346398,0.41784037558685444,0.10047095761381476,0.4679186228482003,1.8776778445367377,0.9858665985093782
15958967.txt,Human,7.935706219149425,244.84182542919496,0.022681398110200045,3.003418741652994,0.41420765027322404,0.087527352297593,0.4672489082969432,1.9893276331672611,0.9883487529342151
15973307.txt,Human,7.143452696010505,141.3818089630478,0.014855721146719444,1.0379911161846875,0.5058479532163743,0.03529411764705882,0.5906432748538012,0.6390517945052078,0.9693851972844449
16203589.txt,Human,8.093860123545294,273.2087963033649,0.020970348291749402,1.39030369174965,0.43777292576419213,0.036105032822757115,0.5218340611353712,0.7001532879927391,0.9504260854825625
16223371.txt,Human,7.108446120504288,137.99250700113348,0.010225229069083012,1.1175546982383897,0.42105263157894735,0.2852941176470588,0.5350877192982456,1.7636149516250186,0.9210239164977073
16248476.txt,Human,6.779026387964904,109.82223660685945,0.044651630836211424,0.331932443126606,0.5125,0.23109243697478993,0.5875,0.4646601886422926,0.9709628720879561
16270906.txt,Human,8.156724103663574,285.37677224412295,0.02698311100236892,0.3654679626642491,0.28792987188132163,0.24915597569209993,0.3668240053944707,0.9325653815161236,0.940740133837143
16276121.txt,Human,7.532471298683634,185.13980517583747,0.011760673300326218,2.6887067613093283,0.4835390946502058,0.03305785123966942,0.5576131687242798,1.6548234491647948,0.9781668346299914
16300459.txt,Human,7.801297325074273,223.06143919193067,0.009016599489482666,5.725158017902148,0.4762684124386252,0.0755336617405583,0.5613747954173486,1.5821016718614116,0.9454289010368533
16332348.txt,Human,8.54512408043619,373.5413335415923,0.0252205427993975,0.504366566032593,0.3804755944931164,0.12343358395989974,0.45118898623279097,1.1227299006824374,0.9609571346826945
16378091.txt,Human,7.291347382831925,156.6441826744919,0.008341370442779253,0.3110787342407369,0.49415204678362573,0.03823529411764706,0.5935672514619883,0.42973504259354006,0.9618475776882985
16407619.txt,Human,7.564316871072713,189.27195800737888,0.014053343161689004,2.174020096668441,0.38461538461538464,0.0633693972179289,0.4699537750385208,0.8526371046609047,0.9789523956808698
16449850.txt,Human,7.263796765571388,153.6811879134865,0.011041605650773176,1.153802925956265,0.29003021148036257,0.603030303030303,0.34894259818731116,0.7712221395653825,0.9832900423610855
16605352.txt,Human,8.059957011192651,266.86328277934086,0.02187186054847913,1.7427753859285953,0.46077210460772106,0.0599250936329588,0.5354919053549191,1.0123231294960189,0.9591577374880362
16702198.txt,Human,7.98060677202007,252.5817814442561,0.025482040594140963,0.8126658960812188,0.36721311475409835,0.16104461371055495,0.44299674267100975,0.9845718642600386,0.977343975370644
16833515.txt,Human,8.305936456435642,316.472527442872,0.012469433804342723,0.3784223590100124,0.3674383868558626,0.1705310396409873,0.4480955937266617,0.6609992889760532,0.9697408904715121
16861758.txt,Human,7.795476759563672,222.16330887870123,0.0574654798185155,2.147152448812528,0.42191780821917807,0.046703296703296704,0.5178082191780822,1.6450952175628968,0.9402883700363797
16877897.txt,Human,8.025600969615134,260.58332726644585,0.046834639941635434,0.8125912336684815,0.3790720631786772,0.17804154302670624,0.4383020730503455,0.6553131459475797,0.9637019859128412
16887936.txt,Human,8.15654750599813,285.34184193248166,0.016998799560182704,0.6724077701456292,0.4578441835645678,0.029946524064171122,0.5346851654215582,1.212652288517498,0.9597057768318005
16893572.txt,Human,7.850896058543175,230.86346330957994,0.014250829310225999,1.5912000604331173,0.3652694610778443,0.11884753901560624,0.4275449101796407,0.883815701772954,0.9648466986093857
16985289.txt,Human,7.51894791412874,183.41246935577814,0.013934964112239254,0.5616086207435836,0.4020926756352765,0.09745127436281859,0.47234678624813153,0.7499036432619526,0.9796534048009571
17021141.txt,Human,7.598035536690006,193.74772186553244,0.053138942392911885,4.43825274245464,0.3480392156862745,0.11425061425061425,0.40931372549019607,3.246251991577868,0.9447504896167745
17043822.txt,Human,7.694618744277003,207.16245414036973,0.029378649432011995,0.43741541445113347,0.3689655172413793,0.23732718894009217,0.4241379310344828,0.8519053787360417,0.9559750438129078
17095812.txt,Human,7.772589177252823,218.6666171578187,0.01794860335458936,0.3491653670560919,0.3419354838709677,0.2683189655172414,0.4096774193548387,0.6333582824862328,0.9550867883238121
17103000.txt,Human,7.519375334163515,183.46681609966936,0.013005736379339584,0.46147491203216806,0.34714285714285714,0.07449856733524356,0.43,0.8868902763278544,0.9782705410968638
17108676.txt,Human,7.374946022306555,165.9892524765813,0.05369194879243429,2.1960564134433125,0.31092436974789917,0.4957865168539326,0.3599439775910364,1.4094556446802513,0.9919959762236937
17111768.txt,Human,8.385510859558348,334.4185024114509,0.031320951428681874,1.7410607497066466,0.3777292576419214,0.05102040816326531,0.4519650655021834,1.142649261226847,0.9850096915405623
17115815.txt,Human,7.358368513416576,164.0928438370453,0.031219335967974632,6.9730373293312145,0.48868778280542985,0.045454545454545456,0.5588235294117647,1.7114385769729048,0.9802293813577858
17131084.txt,Human,7.8122293188661285,224.75810303715673,0.02134334882909765,8.509867685173147,0.4441176470588235,0.09292035398230089,0.5176470588235295,1.701889131160885,0.9416895446866992
17132168.txt,Human,7.770067400204549,218.28472993753664,0.014066416318828757,1.6532221429760265,0.3388822829964328,0.18831942789034564,0.43757431629013077,1.1458011656974096,0.9632967800383856
17150707.txt,Human,7.461813749282508,176.29084546788062,0.025522635039822404,1.5622669730489518,0.38412698412698415,0.054140127388535034,0.4634920634920635,1.1951290027998374,0.9145305123236843
17152392.txt,Human,7.8855134035737935,236.47000779482352,0.008559660247828354,1.3705497018599861,0.36319612590799033,0.032766990291262135,0.4661016949152542,0.6987614974196439,0.9572489452475803
17163375.txt,Human,7.34941816524425,163.0779781538764,0.007893915356130017,1.5792462444381399,0.5305466237942122,0.012944983818770227,0.6720257234726688,0.9794837128778464,0.9895494134536578
17254634.txt,Human,7.817271205117953,225.54495487407956,0.018292994512045493,0.9105081147364664,0.39208173690932313,0.07426376440460948,0.4725415070242657,1.2596206695265781,0.9607619243857413
17274759.txt,Human,7.573975062294001,190.54329899654115,0.01754490193487314,0.7153186790385058,0.434640522875817,0.06721311475409836,0.5032679738562091,1.0860023411819872,0.9868690969947568
17276884.txt,Human,7.845299949921621,229.96969535940758,0.021723658119244694,0.8192996549931888,0.39119804400978,0.06862745098039216,0.4718826405867971,0.7083461389568015,0.9647238565815776
17286050.txt,Human,7.0058128376317335,128.51677183501405,0.019804849593028764,2.7374657253753956,0.5407166123778502,0.13114754098360656,0.6026058631921825,1.6616464975924008,0.9588480519732043
17306905.txt,Human,7.688106005207111,206.22937111068643,0.02507072880371606,1.0579347397377623,0.1822947000582411,0.8421665695981363,0.21756835369400815,1.6675756343069668,0.9888945464983848
17307206.txt,Human,8.040905016503686,263.3622975234593,0.018138378222030616,1.2041340060921517,0.4152542372881356,0.08737864077669903,0.5157384987893463,1.144972628378113,0.9653442869189008
17311685.txt,Human,6.994323835066943,127.4973839310167,0.021991332431715842,1.1171689350785903,0.52,0.0846774193548387,0.62,1.1540845337803949,0.9597989187799533
17312146.txt,Human,7.469164315787591,177.1913437178663,0.03552472061162855,0.5018155703232728,0.3925549915397631,0.24448217317487267,0.467005076142132,0.9661147870651872,0.9758844818338491
17325147.txt,Human,7.770836471717259,218.40112412788656,0.0475025258140502,2.9234962147566974,0.4182692307692308,0.38102893890675243,0.47275641025641024,1.5110511119624521,0.9832508621818566
17342969.txt,Human,8.463603199437921,353.0192877886561,0.030655360385582274,0.9265082284272227,0.22406363937686444,0.1724709784411277,0.29300629764666886,0.5522979216306224,0.9535271229359931
17378327.txt,Human,7.0145407867535825,129.29662317847007,0.03447522566931808,0.5212833858809934,0.3817733990147783,0.4306930693069307,0.46551724137931033,0.5179599084766356,0.9603606894119064
17392859.txt,Human,7.8092908360122175,224.30078137919412,0.01967694533063394,1.0013997875682898,0.3788235294117647,0.07193396226415094,0.47058823529411764,0.5547847863537266,0.9729150467376083
17396388.txt,Human,7.76161542512401,217.0096556243497,0.008127529381702822,0.3123724533286655,0.45064377682403434,0.043041606886657105,0.542203147353362,0.5911202867795688,0.9504703376205447
17407184.txt,Human,7.4280053636970615,172.20764292860227,0.06590579313989947,1.1800462008442067,0.3922480620155039,0.07776049766718507,0.45891472868217054,1.0316242255568857,0.9442486731338957
17410700.txt,Human,7.257198212509171,152.97989075268964,0.01326310710993902,0.451221102009385,0.4323770491803279,0.06172839506172839,0.5184426229508197,0.6114995819948676,0.9628064826513693
17412079.txt,Human,7.813460353285559,224.94996828421586,0.025154798860764632,0.9209908165284708,0.3786407766990291,0.0267639902676399,0.46116504854368934,0.9793978917647777,0.960875208674066
17421910.txt,Human,7.5398887950325175,186.09413726570966,0.01861749664704411,0.49043656879844233,0.5064655172413793,0.032467532467532464,0.5991379310344828,0.6087615023846144,0.9750092954148654
17422560.txt,Human,7.755466060459863,216.08663899830466,0.0355306586333014,0.9362356196672176,0.38156028368794326,0.2361308677098151,0.47375886524822697,0.9908472370843708,0.9695624339594497
17431847.txt,Human,7.748498318074954,215.04552776291766,0.032866818567798134,0.9482614133733859,0.4411764705882353,0.09180327868852459,0.5179738562091504,0.9060377622811281,0.9814351459721716
17432318.txt,Human,7.822687153847767,226.39325310048906,0.013430697131159795,1.6039251332107918,0.5,0.05859375,0.5758754863813229,0.6985420232730811,0.9448370398355305
17481570.txt,Human,6.748568596010973,107.52800176039973,0.019476044127083855,0.5079730267721225,0.4217252396166134,0.18006430868167203,0.4984025559105431,0.6064782736518075,0.9599416092612679
17483843.txt,Human,8.063869717597864,267.5880200574381,0.030816271831895694,1.054335575374063,0.4178743961352657,0.05811138014527845,0.4975845410628019,0.7438735126008917,0.9890648410702263
17488801.txt,Human,7.364213451609001,164.75899850222046,0.01854673455577868,0.5999368243012048,0.3896940418679549,0.06462035541195477,0.45410628019323673,0.5820862278318909,0.9795065707042409
17499196.txt,Human,7.2212735880075085,149.21756781380907,0.03934579300382492,1.2604770795666675,0.262987012987013,0.403470715835141,0.31926406926406925,1.0383156826500302,0.9771544296348709
17509935.txt,Human,7.04163396962513,131.74770034481094,0.025568688754076273,0.41738442112458624,0.3850415512465374,0.07242339832869081,0.5401662049861495,0.7130063328313658,0.9333100448989271
17510973.txt,Human,7.695787746029894,207.33038388781165,0.015668284533821446,1.8144195156090657,0.4827586206896552,0.04007285974499089,0.5499092558983666,0.8232138511450448,0.9555608738525173
17539842.txt,Human,7.676770120053021,204.61528644245598,0.02388953139604275,0.6171869586035743,0.3503184713375796,0.3670212765957447,0.4182590233545648,0.6678310434951145,0.9725280896009172
17545780.txt,Human,7.7634862929977375,217.29125342616507,0.025475917086251645,1.2827869016197226,0.4140845070422535,0.06638418079096045,0.5056338028169014,1.4958761491586678,0.9701474270447868
17555081.txt,Human,7.869953764262016,233.9333540023595,0.02600382422322447,2.8067309739297954,0.4605263157894737,0.08211143695014662,0.5263157894736842,1.23716555463797,0.9833869245527942
17556527.txt,Human,7.896449800235822,238.2693878899326,0.022262032613546236,1.0506263965541056,0.3245454545454545,0.08652094717668488,0.39090909090909093,1.0578880741213061,0.9838027523716998
17562754.txt,Human,7.379942315264396,166.56509742259175,0.026831308880396802,2.826283295614957,0.34323040380047504,0.05476190476190476,0.39429928741092635,1.2212079876893065,0.973032945078672
17570634.txt,Human,7.713569229438182,209.90158194091205,0.015848776102088773,0.5754198413562276,0.38089005235602097,0.08136482939632546,0.450261780104712,0.9655088381319774,0.9806185475339328
17571262.txt,Human,7.626041761717393,197.54558067999608,0.00902905850252248,0.3522176214690863,0.41455696202531644,0.050793650793650794,0.5079113924050633,0.44052419234002166,0.9845729164087708
17576030.txt,Human,6.736290430176639,106.61675962384284,0.02800520028911258,0.727684057033378,0.3767313019390582,0.2116991643454039,0.4515235457063712,0.704704848005678,0.9781853970497953
17584743.txt,Human,7.679716467472025,205.0335894984092,0.018071886096421415,0.6649075372649385,0.4069264069264069,0.01881331403762663,0.4790764790764791,0.8110319098999477,0.9820458578589173
17597372.txt,Human,7.258765690084549,153.14619260793376,0.00987076580411372,0.5174386263587494,0.47126436781609193,0.04046242774566474,0.5862068965517241,0.7491572752551873,0.9685352788808131
17602815.txt,Human,7.735443778240154,213.1084189295407,0.029439232873149423,2.4859458698104357,0.435126582278481,0.03650793650793651,0.5126582278481012,0.7871135269131607,0.9915357903423105
17624934.txt,Human,7.690166045322813,206.52405864152664,0.019043285546480115,1.4209421156781212,0.4311475409836066,0.046052631578947366,0.5262295081967213,1.9861935633755283,0.9332055943837652
17640785.txt,Human,8.071241794171403,268.95887671435815,0.026000473748075403,3.4735678627195354,0.4647887323943662,0.06,0.5211267605633803,1.6509921180059972,0.9961813587369668
17641670.txt,Human,8.580251148596608,382.7480317545908,0.03959742365117678,0.7194171234969939,0.3297062023939064,0.04632152588555858,0.4060968971148612,1.5878087392373554,0.9707175395306458
17655479.txt,Human,7.80741316878193,224.00904385837964,0.014913605401400576,0.36218984490477474,0.40268456375838924,0.253028263795424,0.4993288590604027,0.662515989015431,0.9447481473912289
17658471.txt,Human,7.82348343904233,226.51824372567077,0.011019737313126136,0.6661647896080944,0.4366412213740458,0.11638591117917305,0.5190839694656488,1.2092408918546704,0.9901525529143226
17659053.txt,Human,8.101431627556352,274.64641071906743,0.01809977501406694,0.6257528969895809,0.4360400444938821,0.11259754738015608,0.5150166852057843,1.2457629141080364,0.9697510224640811
17660419.txt,Human,6.48451870706313,89.54361805106744,0.022963960894659144,1.8424918892660436,0.49537037037037035,0.06542056074766354,0.5601851851851852,0.8860434254254237,0.9995382026230211
17681064.txt,Human,7.612504959173925,195.7006800680707,0.022793233677529286,2.5868018132552804,0.38388625592417064,0.07606973058637084,0.46445497630331756,1.923943286701589,0.9895724881487824
17686472.txt,Human,7.418512903862127,171.07829261316562,0.029914611045423884,1.655799874308354,0.4853658536585366,0.08108108108108109,0.5647921760391198,1.5548311469049005,0.9760657664782209
17688766.txt,Human,7.55361246403788,187.87280834141112,0.03262183236169003,1.307840255919706,0.4275491949910555,0.06104129263913824,0.4937388193202147,1.0486432022106718,0.9903387251282035
17694454.txt,Human,8.336810181287053,323.31803653433843,0.04744046715229284,0.6824498168080991,0.39938319198149574,0.05250965250965251,0.4710871241326137,1.1512222425536733,0.9682042142584013
17694572.txt,Human,7.233727737334959,150.51127315558693,0.01732285573291619,1.1050976406563064,0.636734693877551,0.05761316872427984,0.7346938775510204,0.7789216875209111,0.990167367311273
17704246.txt,Human,8.757362827590912,432.7418466465187,0.04080104036115862,0.3928568326795212,0.31262770739681245,0.11901840490797547,0.3943604413567634,1.3289174015585667,0.9553961097415241
17714174.txt,Human,7.79379343797657,221.90424220525992,0.02776345255154417,0.3632702922527898,0.20082449941107186,0.8384433962264151,0.24381625441696114,0.806106024274202,0.9617700839022825
17730889.txt,Human,7.826651755585529,227.01624927044193,0.049476830047892155,0.9992259665476011,0.48208955223880595,0.0374251497005988,0.5671641791044776,1.2850109194255874,0.9544081378251036
17775916.txt,Human,7.955451982984861,248.21594471023414,0.03365448178185375,1.1211160807580896,0.3810082063305979,0.2044653349001175,0.43259085580304807,0.8792682324767417,0.9717852986887211
17781039.txt,Human,8.100474708795451,274.4643021275849,0.020483738504737024,0.6935098411073287,0.47435897435897434,0.029205607476635514,0.5617715617715617,0.6538635159324669,0.9635765800367972
17812897.txt,Human,8.049979691362688,265.0240897662317,0.02361858018387941,1.2165351712662753,0.32046979865771813,0.06050420168067227,0.401006711409396,1.01743988991986,0.9742160564795281
17818707.txt,Human,7.719151523727425,210.71533829125664,0.029665781492431584,0.6934762408662304,0.3753180661577608,0.04591836734693878,0.46946564885496184,0.9730362741457467,0.9537263320378285
17823436.txt,Human,8.295410359038272,314.17190427741644,0.020546364434414408,1.7201906833443048,0.3873239436619718,0.1028225806451613,0.45774647887323944,1.235300502324572,0.9746727896113104
17847636.txt,Human,7.650354279959048,200.90285834867657,0.026944346709174314,0.885996697157695,0.37777777777777777,0.08917197452229299,0.46984126984126984,1.4460599646196408,0.9762804146811448
17855844.txt,Human,7.953853156215913,247.94101864099054,0.02909218718708625,1.922510333842333,0.3884393063583815,0.13093858632676708,0.4705202312138728,1.0161073707604735,0.9640548061151464
17857644.txt,Human,7.7900054444967815,221.32236644790427,0.033298303225993385,1.478027769422039,0.39308578745198464,0.07830551989730423,0.4839948783610755,1.0795465003100706,0.9726967154837237
17864043.txt,Human,8.078594099316494,270.33305147911744,0.02185224307284265,0.7314432558231115,0.3639960435212661,0.03964321110009911,0.4688427299703264,0.8608669928190674,0.9823398196172568
17876954.txt,Human,7.99080539586073,254.37364529067716,0.010574909449365292,0.22680827487323926,0.4370860927152318,0.05309734513274336,0.5187637969094923,0.5493034670692124,0.9379218138972671
17880988.txt,Human,7.6013457829346125,194.1927840592303,0.014835290001061496,0.47185298694195105,0.25481798715203424,0.776824034334764,0.3158458244111349,0.9536459726786,0.9878294399766789
17911230.txt,Human,7.765551599888403,217.6025420123101,0.02378419568513131,0.8891580826836064,0.40555555555555556,0.08913649025069638,0.49166666666666664,1.2501109191341468,0.9815102349656806
17915015.txt,Human,7.7507691890121855,215.3842862411906,0.05314698218242415,1.3227779623137073,0.4161764705882353,0.1592920353982301,0.4808823529411765,1.258007471291412,0.9824580364871446
17926546.txt,Human,7.881417079449639,235.7995376754682,0.019014140605189744,0.853934014627719,0.3849938499384994,0.05425400739827373,0.46002460024600245,1.3871227844266873,0.9830169606636067
17960690.txt,Human,7.67840228964557,204.84690561662444,0.10978297070354538,3.7826556953143085,0.44851657940663175,0.1243432574430823,0.5287958115183246,1.5962379044816828,0.9939061605047902
17963031.txt,Human,7.810308338620821,224.45903182322465,0.031042953429378933,0.8562124127937522,0.3313008130081301,0.22606924643584522,0.3983739837398374,1.1600353360902766,0.9612426008351521
17983430.txt,Human,7.900516422584635,238.94196144094587,0.03957873528928835,0.6708331621570279,0.5023622047244094,0.06477093206951026,0.5858267716535434,0.795809204039055,0.9731168238880615
17983957.txt,Human,7.601893784123662,194.2665613214281,0.014072959887479876,0.5724279812613937,0.39123630672926446,0.04081632653061224,0.486697965571205,0.9128305520856976,0.987326299540719
17987433.txt,Human,7.886447192919405,236.6231133674082,0.021365030346820805,0.8998099482162384,0.4143049932523617,0.2327469553450609,0.4817813765182186,0.6863774848784593,0.9909842223349317
18001081.txt,Human,7.442383109204954,173.9324262312483,0.019871328243210615,0.23943071014377446,0.2645381984036488,0.8022857142857143,0.3261117445838084,0.5389577835115155,0.9744853034569313
18024825.txt,Human,7.565617784926729,189.44270619255667,0.03975196856559777,3.3107009869723436,0.39334341906202724,0.291350531107739,0.44478063540090773,1.4838561358647357,0.9802292128651547
18029935.txt,Human,7.360791321577995,164.3686467512179,0.040793331331851854,1.131998129642676,0.4150268336314848,0.09694793536804308,0.4919499105545617,1.035694751337464,0.9931456616176051
18036030.txt,Human,8.151749522528657,284.3944543230464,0.023340873454920787,0.39758913616044644,0.519203413940256,0.017094017094017096,0.625,0.6496771168188072,0.9401768384375173
18062906.txt,Human,7.935588018791396,244.82176630020942,0.02689309047671621,0.8764072207515649,0.47032640949554894,0.14285714285714285,0.5534124629080118,0.9068312696242649,0.9487014982859325
18067556.txt,Human,8.47647171348531,356.1822255088556,0.02546840545177578,0.4800660142768661,0.1950664136622391,0.820493358633776,0.23587409935532802,0.735466997095333,0.94940937462774
18072085.txt,Human,8.033472308659741,262.0089545513323,0.03220424428024285,3.084254451893429,0.37706855791962174,0.09563164108618655,0.45700824499411075,1.2015779056035016,0.9732296635725449
18079050.txt,Human,7.496477660377207,180.57791639722876,0.037223273907941654,4.61749826489763,0.3799392097264438,0.053353658536585365,0.46200607902735563,1.3856009570722343,0.9961793250787802
18084150.txt,Human,7.754999572917895,216.01677986166428,0.021353945132414492,0.8466131800369486,0.3800277392510402,0.19610570236439498,0.47156726768377255,0.7805999088183526,0.9693674779611275
18090899.txt,Human,7.1876237361922675,145.7774476643148,0.017977485133986913,1.591946277820852,0.25065616797900264,0.6947368421052632,0.3123359580052493,0.6282324881708907,0.9788277704291857
18106533.txt,Human,7.7021501651362,208.24674927754995,0.022286742293668328,0.3251478161784755,0.27335047129391604,0.5287553648068669,0.3281919451585261,0.4145264596655278,0.9800186615458097
18129173.txt,Human,7.754960195669433,216.0108839307238,0.030611374287690077,1.839750428836883,0.4541284403669725,0.09969325153374232,0.518348623853211,0.9038784037675444,0.9732940506908736
18132924.txt,Human,8.216764339314517,297.5038110397732,0.034402780228199245,1.381924698922736,0.48711340206185566,0.04780361757105943,0.5644329896907216,0.982111363151639,0.9845866141392204
18133495.txt,Human,7.979254828526779,252.3451989800242,0.021070094913732493,0.4025015329062834,0.281226626776365,0.32209737827715357,0.3545250560957367,0.5598006766396582,0.985200540686509
18155310.txt,Human,8.241117795654123,302.5684596383476,0.015331912013159353,0.7365025691593406,0.45454545454545453,0.05236907730673317,0.5422885572139303,1.1345479519514796,0.9756083045409228
18159866.txt,Human,7.9482132258494165,246.97363449289304,0.030036163523457844,0.6089185679920187,0.32238805970149254,0.09940209267563528,0.39477611940298507,0.5320911534701432,0.9687960670093493
18171955.txt,Human,7.623207544174259,197.157877432314,0.01719199407883207,0.5567944604818175,0.38152011922503726,0.04185351270553064,0.481371087928465,0.7857040940811404,0.9195225703410592
18172739.txt,Human,7.223397327400583,149.43738737399215,0.029010050374484526,1.1096189044478166,0.4593908629441624,0.07653061224489796,0.5355329949238579,0.9907383022818389,0.9763077678954482
18176523.txt,Human,7.698140932006913,207.6688373043659,0.015296715666920362,1.1950671368053742,0.4470198675496689,0.051666666666666666,0.5232558139534884,1.1419836624648383,0.9883967263005122
18187364.txt,Human,7.841158697484507,229.31051447626976,0.0224333632208056,0.5367319634645176,0.3281519861830743,0.05363321799307959,0.38860103626943004,0.9426207723011949,0.9863504859785877
18198627.txt,Human,8.108033871223428,275.9061627091261,0.02456166652742841,0.546337801869247,0.4012806830309498,0.023529411764705882,0.4823906083244397,1.1004239432645067,0.9596757255229518
18208580.txt,Human,7.77268398530092,218.6809875103701,0.011199322456234173,0.970101484079959,0.3797634691195795,0.3359683794466403,0.4467805519053876,1.003354683443679,0.9557384094527513
18227306.txt,Human,7.752148165542046,215.59025621992146,0.02745227008196646,0.4847927933838893,0.4295874822190612,0.09272467902995721,0.5064011379800853,0.9946321223822163,0.9489454561549714
18236085.txt,Human,7.502972931851217,181.392743392197,0.034638689930744856,0.5549991520948951,0.35335195530726254,0.06582633053221289,0.4399441340782123,0.789580745772509,0.9723078381978428
18242317.txt,Human,7.665730879520979,203.05558231494172,0.04056778938805966,1.522889834347657,0.44461778471138846,0.07668231611893583,0.5070202808112324,1.2841029409188627,0.988044062813145
18264694.txt,Human,8.00731902287715,257.30202888632704,0.04523475312732945,5.532421874532761,0.29569093610698366,0.36755952380952384,0.3439821693907875,1.1701043839211254,0.9635299005673986
18268860.txt,Human,7.55853687534005,188.51517814325697,0.023055780034659624,1.1504522714316487,0.41899441340782123,0.056074766355140186,0.5251396648044693,0.6807853411706112,0.9979644006132695
18278509.txt,Human,6.97113018958236,125.4640465964859,0.051526252676001576,1.0363658865880883,0.49829351535836175,0.22336769759450173,0.5494880546075085,0.9819563343647647,0.9742505330468563
18293620.txt,Human,7.69090891383473,206.6304288181097,0.025656968459811316,1.3674818245539362,0.31882352941176473,0.3903301886792453,0.3941176470588235,0.749482866698131,0.964129579182546
18297650.txt,Human,8.274464685413996,309.64357171831983,0.020766635374923827,1.0739186328240766,0.33232399697199094,0.08794541319181198,0.4140802422407267,0.5820000960023087,0.9517792597327253
18301617.txt,Human,7.500152099388144,181.03842136277024,0.031999267088288236,1.117354020633989,0.363499245852187,0.35098335854765506,0.4042232277526395,1.7437959177958933,0.9576167640151143
18311419.txt,Human,7.698170461869344,207.67308802595593,0.007931393439188127,0.34111680882348616,0.45126353790613716,0.030797101449275364,0.5595667870036101,0.573921482549227,0.9638715079651791
18316239.txt,Human,7.948270365884693,246.9834164365858,0.02699849055590938,0.37418651672330094,0.4332892998678996,0.0423841059602649,0.523117569352708,0.5228687496909186,0.9699978163470838
18319061.txt,Human,7.555415263871981,188.10772200310595,0.023231388683659634,2.1822205358612408,0.4130105900151286,0.1411229135053111,0.4720121028744327,2.0413207525649066,0.931051179928575
18328743.txt,Human,6.7773461169086495,109.69440383376794,0.041076060993226096,1.9872653064771637,0.4583333333333333,0.13445378151260504,0.5916666666666667,0.863602236871473,0.9292769260752022
18334783.txt,Human,7.391452908402655,167.89935855898884,0.022889437120116003,1.0129110812478437,0.3494539781591264,0.15336463223787167,0.4290171606864275,0.8232798026068201,0.983137234819736
18354623.txt,Human,7.894274216124346,237.91034843846165,0.01321648342626069,0.5637241752507195,0.41973840665873957,0.03814064362336114,0.4768133174791914,1.0860831382026574,0.9546775829467885
18365443.txt,Human,7.8528687867257565,231.17935985422727,0.02539991661949772,0.556696674382546,0.3800243605359318,0.03540903540903541,0.47381242387332523,0.7874701026064527,0.9635448377649309
18365791.txt,Human,6.857783771009042,115.98414326423801,0.005469515842658274,0.4130872079364882,0.6122448979591837,0.041237113402061855,0.7193877551020408,0.4852615860619696,0.9840818774562592
18368613.txt,Human,6.899875650693405,119.4179295585923,0.02591516932896951,2.0910442473829765,0.4752475247524752,0.059800664451827246,0.5643564356435643,1.0686837823402715,0.9844589055030732
18369400.txt,Human,7.301699327812369,157.7722129133524,0.06648157003093494,1.3364111273829533,0.358695652173913,0.2071651090342679,0.4518633540372671,0.6194914200571409,0.9621941928900122
18422164.txt,Human,7.898888769408618,238.67253836363986,0.020747391886777437,2.162357236667571,0.3835946924004825,0.08101571946795647,0.4680337756332931,1.036280684945559,0.9815124786601495
18436190.txt,Human,7.731844794454523,212.57745579354477,0.016567703409385817,1.4297631977284955,0.4193061840120664,0.08472012102874432,0.4856711915535445,0.7406405600838831,0.9759602054270937
18442517.txt,Human,8.112117285967106,276.68819577235934,0.023892565265069627,2.627532643151565,0.39268978444236174,0.07511737089201878,0.4564198687910028,0.9456386539498614,0.9655457164883865
18448085.txt,Human,7.33984971585788,161.999967769815,0.0170393403488186,2.1244780775051084,0.4590909090909091,0.0365296803652968,0.5295454545454545,0.9395611313891316,0.9761605058931119
18457785.txt,Human,7.6431627151376444,199.9038871037272,0.05317456649375494,0.5517134362549309,0.30940343781597573,0.3738601823708207,0.3690596562184024,0.7942424036296006,0.970621926433423
18460045.txt,Human,6.323656932407701,80.0959245718211,0.025328028669465617,1.4467916704875194,0.41810344827586204,0.14347826086956522,0.46120689655172414,0.926384371467535,0.9470206688350652
18472240.txt,Human,6.15381540829354,71.20049708646373,0.00860976623224317,0.5757969927064119,0.3804878048780488,0.4975369458128079,0.44878048780487806,0.5132027499199894,0.9817886124680024
18480859.txt,Human,7.214960860869229,148.56607051105095,0.028855265956739914,0.473544255134506,0.3029100529100529,0.46153846153846156,0.36507936507936506,0.6531361697352902,0.9233186913030909
18484846.txt,Human,7.852834990103459,231.1739443022413,0.02091017477727459,1.55133844625912,0.38831168831168833,0.18489583333333334,0.4675324675324675,0.7181886800710211,0.965867555139113
18488289.txt,Human,7.81003061336616,224.41582661337358,0.013750179985348712,0.6556148076476592,0.45790251107828656,0.25925925925925924,0.5155096011816839,0.8916134059205088,0.927491621528238
18501746.txt,Human,7.052582097816455,132.751292546178,0.006883093185844273,0.07306875345980636,0.44063324538258575,0.05305039787798409,0.525065963060686,0.2889834586938949,0.9380224546283564
18509268.txt,Human,7.379418958318832,166.5046846614194,0.01756356171288598,1.8328495252800712,0.3777429467084639,0.040880503144654086,0.45297805642633227,0.800286492934944,0.9732675643672609
18525641.txt,Human,7.631387985846747,198.27898738589982,0.01511643042049796,1.6414752896528988,0.37218543046357616,0.057104913678618856,0.45695364238410596,2.001913562005313,0.9723869221588575
18557164.txt,Human,7.814049144786883,225.0417934148801,0.014643480455053072,0.9019159375366972,0.41158059467918623,0.26373626373626374,0.48982785602503914,0.822786907634119,0.9429192037902924
18569929.txt,Human,7.469513370207391,177.23421965674328,0.02162151253213373,1.0277114617520087,0.441233140655106,0.08123791102514506,0.5067437379576107,1.356049125914985,0.9852772532052303
18586076.txt,Human,7.810683739751681,224.5174455113545,0.0194607292172455,0.577983810304118,0.3553038105046344,0.17440660474716202,0.42018537590113286,0.7355142420363994,0.9686637495725722
18589927.txt,Human,7.265005813823726,153.81003416732764,0.0197094246620448,0.6916934167921569,0.48621553884711777,0.007556675062972292,0.568922305764411,0.47590678794129476,0.9914426904830479
18635654.txt,Human,7.233139246675001,150.44989052573064,0.023389940681126473,1.1933741346801892,0.4132420091324201,0.23623853211009174,0.4931506849315068,1.1423328491847187,0.9717717421024424
18636651.txt,Human,7.333814550404227,161.3236956184855,0.018880029308305016,0.6578104787111653,0.3223234624145786,0.1541095890410959,0.37699316628701596,1.094185581748344,0.9830139807549131
18640927.txt,Human,7.55282636287563,187.7704673753866,0.028966922629789515,0.9450741639814032,0.30386178861788615,0.20162932790224034,0.36585365853658536,0.6155017185133014,0.9386642638634756
18645964.txt,Human,7.536403619846815,185.64512490160016,0.015066039925619988,1.056671768904383,0.39267886855241263,0.19031719532554256,0.47088186356073214,1.0212184734655914,0.9742081307796493
18669563.txt,Human,7.395863002055364,168.41338595318214,0.02782385177980179,0.7073596476631132,0.3921232876712329,0.06013745704467354,0.4674657534246575,0.633957910941814,0.9952246486892011
18714571.txt,Human,7.060826588735802,133.51209091687193,0.02387394926771294,0.8493544588406254,0.2991869918699187,0.5562805872756933,0.35609756097560974,0.7216450425373608,0.9520312857921673
18725071.txt,Human,7.402350561396958,169.1724182451579,0.04152667291508507,1.0316720156879027,0.32814710042432815,0.39858156028368796,0.39462517680339465,0.6866050291330793,0.9688158334190555
18731098.txt,Human,8.18935404205837,291.9047834044584,0.0202181053654611,1.634408801120277,0.4422857142857143,0.06872852233676977,0.5074285714285715,1.1726031741734426,0.9596324051556158
18752129.txt,Human,8.145773087227322,283.21877312131267,0.039331150313428785,1.7793375909087359,0.3371212121212121,0.06069802731411229,0.421969696969697,0.5512697821381749,0.9592512586338356
18753367.txt,Human,7.990989909533478,254.4061805221336,0.03290371873637686,0.5923879429468367,0.3653061224489796,0.06032719836400818,0.4459183673469388,0.9879915845649208,0.957854113302209
18757174.txt,Human,7.028415330913209,130.54608033186287,0.013833975053899935,1.9327602889499587,0.5371621621621622,0.061224489795918366,0.6013513513513513,1.2473492712664136,0.9855165252750233
18767449.txt,Human,7.351227792724281,163.28266143330276,0.01620100609415542,2.560459491986866,0.5359116022099447,0.10833333333333334,0.5994475138121547,0.789664934687374,0.9731886404405761
18784594.txt,Human,7.805433100797246,223.701807138847,0.015783131413652125,0.8448504824535273,0.45440956651718983,0.026986506746626688,0.5261584454409567,0.7253649567767809,0.954537956091519
18795567.txt,Human,7.867201800255511,233.4875476916508,0.012417282951990448,2.3369948912308507,0.4711388455538221,0.071875,0.5373831775700935,1.0606145428847553,0.9468658049397027
18805506.txt,Human,7.784301591402948,220.44907166612853,0.02880717877107908,3.7118421047288694,0.4444444444444444,0.0549618320610687,0.5296803652968036,1.3451701396840352,0.9470012552969258
18824120.txt,Human,7.495201880726635,180.41830137620792,0.02332293475966719,0.9082511779067814,0.4016806722689076,0.07588532883642496,0.46050420168067224,1.407931586398894,0.9688465214270169
18825446.txt,Human,7.932022540852714,244.21746059535437,0.020901879221690744,1.1395521315471846,0.3826086956521739,0.04259438528557599,0.4405797101449275,1.960980568354759,0.982314536764787
18827609.txt,Human,7.7120482050399675,209.6804006256193,0.006638386930193353,3.382780745461184,0.26103286384976526,0.7826904985888994,0.3061032863849765,0.7700798181293516,0.9798264856263973
18835363.txt,Human,7.34416795647251,162.48558864697125,0.010870656988825738,2.699236457753915,0.24056603773584906,0.8002364066193853,0.30424528301886794,1.3066208022866908,0.9767629529416598
18856440.txt,Human,8.293868066997872,313.8362228561563,0.01913470478764576,0.6932547428831765,0.4312267657992565,0.01303538175046555,0.5111524163568774,1.5372015372127736,0.9811656501130162
18882984.txt,Human,7.495376679273427,180.4401623839739,0.03196150679394778,0.9412968271002663,0.34375,0.20887728459530025,0.3997395833333333,1.3140257847062475,0.9912581008235876
18885231.txt,Human,6.920474496409846,121.13521309856229,0.015369621781826933,0.7840194769937775,0.5669642857142857,0.07207207207207207,0.6473214285714286,0.9928077826211289,0.9957088238883689
18885767.txt,Human,7.652720752205683,201.2326724579276,0.025256348793962272,2.154855872907941,0.3820078226857888,0.10182767624020887,0.4361979166666667,0.9641081641832684,0.9871129987825081
18900722.txt,Human,7.749695750534865,215.2240889839056,0.03614685485871036,0.9119569954797098,0.42857142857142855,0.1077762619372442,0.5047619047619047,0.8771798244627178,0.9420379620165688
18905648.txt,Human,6.896612349097827,119.148117641146,0.023884821410523917,1.8588674937670109,0.5020576131687243,0.04149377593360996,0.6213991769547325,0.9956906135481804,0.9955833201245292
18927233.txt,Human,7.142535337173992,141.29193783873112,0.02305207135293831,0.7666377722714272,0.49848024316109424,0.08256880733944955,0.5592705167173252,0.7886731515246882,0.9611449412207426
18932512.txt,Human,7.598416567539755,193.7988994232919,0.021105542501823785,0.6863880373907499,0.36054421768707484,0.08321964529331514,0.4707482993197279,0.5049437335339745,0.9326277613821509
18937778.txt,Human,7.834834334011827,228.30748270964227,0.016339482002762987,2.57158340027482,0.4913657770800628,0.03307086614173228,0.5604395604395604,0.8908383045641372,0.9813896320036052
18949843.txt,Human,7.95457465872885,248.06504679837832,0.03057141977596685,0.5978755964915488,0.37310195227765725,0.09021739130434783,0.4598698481561822,0.6059907814427113,0.9836283095692662
18975686.txt,Human,7.35482219294732,163.6899789502671,0.027811190067104148,0.8671047753334239,0.3155792276964048,0.315086782376502,0.3754993342210386,0.746976466850687,0.9526233882870615
18979238.txt,Human,7.683569364243531,205.58188905809482,0.04894426458828305,1.2818239308018904,0.30579399141630903,0.5193548387096775,0.37339055793991416,0.7000413120698703,0.9470745275320256
18997135.txt,Human,7.6122737080339915,195.66931350951484,0.035764636719732575,1.0122431981176618,0.4336734693877551,0.11774744027303755,0.5340136054421769,0.8849242223494574,0.9567373820457794
19007667.txt,Human,6.268230321741496,77.07709653350807,0.034254423579075086,1.430934009912448,0.45555555555555555,0.10112359550561797,0.5666666666666667,1.040132203135736,0.96898624440455
19037403.txt,Human,8.185843283769298,291.1953048244846,0.024632215168067274,0.30363466061299427,0.37145174371451745,0.06823720552396426,0.44768856447688565,0.5065880413279796,0.9685429945954169
19053815.txt,Human,8.025399086128097,260.54686509762945,0.03919568389691222,0.9272752471880374,0.3934782608695652,0.07516339869281045,0.46847826086956523,0.8673960716878906,0.9544352189091907
19063156.txt,Human,7.823076151146967,226.45430428272502,0.015425472465298105,0.6761934451774433,0.1459188326493388,0.9407744874715261,0.17569412835685025,0.7214553858756665,0.9716543507739138
19070271.txt,Human,7.612476571231221,195.69682929928203,0.10571228987361665,1.3350343778314648,0.36675461741424803,0.1335978835978836,0.43007915567282323,0.7981383757082541,0.9665174100868554
19072267.txt,Human,8.427444279903296,344.2813640950559,0.04279575854637579,3.128177660895831,0.2654102866117,0.22396856581532418,0.3133097762073027,1.0790567292035143,0.969224749992707
19090468.txt,Human,7.537578115587681,185.79631983828787,0.030627598053114474,2.7908549143036994,0.31546134663341646,0.14875,0.37531172069825436,0.9325924796127553,0.9899715884435988
19108760.txt,Human,7.981530282248612,252.74351800452013,0.03256616376286227,0.7983340378802436,0.36492890995260663,0.09591642924976258,0.42369668246445497,1.1268448696357574,0.9723307114830031
19124258.txt,Human,7.410688398132852,170.15295522951635,0.02999588397913423,0.6631373535102556,0.33868378812199035,0.14492753623188406,0.4044943820224719,1.0249981147654208,0.9743537407221261
19147494.txt,Human,7.82888045975949,227.3672195390772,0.01709976299286809,0.40003369891549323,0.43495400788436267,0.030303030303030304,0.5282522996057819,0.6249034990903354,0.9595563635538767
19147603.txt,Human,7.508296800138862,182.0633599021269,0.025932809947064962,0.7425466610090191,0.3964110929853181,0.088379705400982,0.46818923327895595,1.0636071466916002,0.9689477221230529
19147947.txt,Human,8.021639137957566,259.8687125996081,0.04556900037536538,0.5814555370873856,0.4431137724550898,0.15966386554621848,0.5281437125748503,1.4872649675953238,0.9703866790116076
19149865.txt,Human,7.821512949499109,226.20906740339134,0.018357212276502943,0.46564980419585456,0.30500894454382826,0.23118279569892472,0.3756708407871199,0.7609119215827193,0.9522386074583893
19156751.txt,Human,7.916219228939147,241.55689592415692,0.013670029442583475,0.5899108995589513,0.40930787589498807,0.21052631578947367,0.4964200477326969,0.7167188970670174,0.9377896512809819
19161572.txt,Human,6.384635486618144,83.55391285600547,0.019421225176864117,0.6781745692979809,0.49230769230769234,0.04145077720207254,0.5641025641025641,0.8576453553512404,0.9739242112666366
19164410.txt,Human,7.447686719834177,174.57301034771592,0.0248967532023605,2.5577330943292163,0.361731843575419,0.05742296918767507,0.4329608938547486,1.6051853481510592,0.9592613900704976
19176318.txt,Human,8.01392565760981,258.48301215555654,0.024790286509504066,0.7422883640556079,0.28552971576227393,0.09184993531694696,0.35400516795865633,0.7283535215062108,0.9823056287107716
19179079.txt,Human,8.254061901165993,305.2953702276604,0.023300183126099754,1.8721735547506013,0.29318181818181815,0.0745164960182025,0.3795454545454545,1.4932426913044128,0.9743155410934087
19195747.txt,Human,7.98517804210042,253.38337199769592,0.022158340108029324,0.49674414051430454,0.333021515434986,0.1077788191190253,0.42095416276894293,0.6049610837830166,0.9764145042796092
19201175.txt,Human,7.239943353251327,151.16112527529296,0.014917028983136562,0.6840883308099537,0.2981715893108298,0.8011283497884344,0.340365682137834,1.760086767253575,0.969808455791468
19234823.txt,Human,7.7577731392732225,216.43246934716817,0.031116219954322913,0.6226057807468975,0.34494015233949943,0.05670665212649945,0.43307943416757344,0.9644597588875251,0.98021389533264
19243556.txt,Human,7.596406016817748,193.5290079162,0.03718203153208158,0.7653587586923323,0.3598901098901099,0.10027472527472528,0.4315068493150685,0.9929241378577168,0.9650795005145675
19268120.txt,Human,8.021453575538395,259.83528989796633,0.02263582046670066,0.9225095727247484,0.377,0.08617234468937876,0.457,1.2930922240892178,0.945510462737617
19284293.txt,Human,7.696625090220347,207.45075394401874,0.04732057627738944,1.1342271261159358,0.30835486649440136,0.10612597066436583,0.3496985357450474,0.9401898638167433,0.9779656515404948
19285236.txt,Human,7.835759128914798,228.453879055647,0.0066954981005218055,0.6231499608407832,0.3958333333333333,0.013054830287206266,0.484375,0.6537106749047127,0.9611899651067466
19302310.txt,Human,7.800368824378684,222.91792579354157,0.009727661047874278,0.9411972092293429,0.4319880418535127,0.034482758620689655,0.5351270553064275,0.706229351556011,0.9589713131831056
19336728.txt,Human,7.006208551070506,128.55202723375032,0.010913020058858228,0.9096215429979218,0.6167400881057269,0.017777777777777778,0.6916299559471366,0.7972529143287012,0.9474066940991405
19362586.txt,Human,7.594479885312274,193.2708011688249,0.018242408933371593,1.642791683191505,0.37551020408163266,0.13096862210095497,0.4598639455782313,0.6335825569386111,0.957407762190559
19364677.txt,Human,7.479045377327545,178.4090979948378,0.028304521196079707,3.0588052444491516,0.35723598435462844,0.12941176470588237,0.44328552803129073,0.9982613800107807,0.9795488489297306
19374660.txt,Human,7.592618003080112,193.02153479009203,0.024504933453871728,0.3484883948377785,0.395,0.21070234113712374,0.4866666666666667,0.7063137704308156,0.9770617014339685
19396040.txt,Human,7.809526154659803,224.33737016610013,0.035685861553402524,0.716864254712708,0.4187779433681073,0.028400597907324365,0.4977645305514158,0.6608937314032766,0.9534063889942801
19397727.txt,Human,7.634564578314982,198.7160481973411,0.03726116161571275,2.637597203069337,0.42857142857142855,0.13355048859934854,0.4902597402597403,1.377671672807728,0.9825987767907338
19402977.txt,Human,7.029317850781819,130.6277727814896,0.014414407323012692,0.7440835379700809,0.47619047619047616,0.05389221556886228,0.5357142857142857,0.802676848711105,0.9954550308924927
19405513.txt,Human,7.800932514483604,223.0050413494328,0.03057075138053009,1.022090772498809,0.4681528662420382,0.04792332268370607,0.5509554140127388,0.5760494896018351,0.9675044878070308
19437318.txt,Human,6.959424107684112,124.45014557529271,0.012680936021059014,1.4799666789557644,0.36,0.45226130653266333,0.43,1.3343520197084426,0.8771861741176574
19444529.txt,Human,7.6666821234676075,203.18951157977673,0.01677055157257392,2.3353180649053096,0.3639896373056995,0.10909090909090909,0.44430051813471505,1.0396641287990216,0.9753732664331808
19446337.txt,Human,7.800879080145838,222.99678187276302,0.050628110551820794,4.3867834360153495,0.44551724137931037,0.09681881051175657,0.5213793103448275,1.0427635327519633,0.9823226821451999
19464810.txt,Human,7.900819915389559,238.99223179754551,0.02017559115649177,0.3886695077714587,0.42160278745644597,0.23282887077997672,0.5017421602787456,0.7828407093309543,0.9613978483663899
19471144.txt,Human,7.958206523886757,248.69031669004806,0.025629432739955875,0.7226798182092524,0.4019715224534502,0.0889132821075741,0.4764512595837897,0.8747028085613223,0.9575365768009806
19473948.txt,Human,7.780506091333124,219.8698676231655,0.023447107588500275,0.46018169208343923,0.3640661938534279,0.11966824644549763,0.4491725768321513,0.7608529252587457,0.9596248136563852
19497420.txt,Human,8.184811993727099,290.9872223813948,0.02076088722895678,1.2529938934136813,0.3877551020408163,0.04905968928863451,0.47346938775510206,0.7357871858185986,0.9703695253376248
19503224.txt,Human,8.058652347904564,266.62206108116254,0.029318906790929113,3.6171546775160524,0.3808139534883721,0.0941747572815534,0.45155038759689925,1.9025175372642125,0.9869496174784874
19506295.txt,Human,7.708239230707787,209.12753681449624,0.029394392293864795,0.7541620374617831,0.37389100126742714,0.08005082592121983,0.44866920152091255,0.6999085292464094,0.9876438749317126
19508520.txt,Human,7.508450261983113,182.08272731120644,0.026750717252172772,0.8034534191780295,0.33044554455445546,0.315136476426799,0.3886138613861386,0.7332994422490343,0.9832546992786618
19518606.txt,Human,7.837552293453584,228.73800707607185,0.020121146721304873,0.2820822510386367,0.4314868804664723,0.043859649122807015,0.5364431486880467,0.5182221408594605,0.9552385607901526
19532392.txt,Human,7.617113552216044,196.3268324005889,0.03253765869214314,0.866245950857616,0.4368770764119601,0.07333333333333333,0.49335548172757476,0.5901589163056608,0.9847994847517642
19540089.txt,Human,7.846142470011988,230.10403468220545,0.03511440752446898,2.403812630934379,0.31805682859761686,0.19100091827364554,0.3785517873510541,1.1809919511000537,0.9896625963652924
19545827.txt,Human,7.749597531381218,215.2094369557899,0.031321274749844676,1.2118397071724218,0.338302752293578,0.12528735632183907,0.4059633027522936,1.0715585634482159,0.9837940559970557
19553067.txt,Human,7.453091367648644,175.2282251430438,0.03311963496398369,2.2078815841701065,0.37337662337662336,0.13192182410423453,0.44805194805194803,1.4970907094333683,0.9778694702088543
19556300.txt,Human,7.13596505835732,140.64993330924253,0.016579412879367126,0.8077603708048684,0.28,0.5084087968952135,0.33806451612903227,0.7731462962990239,0.933067204479226
19557384.txt,Human,7.7516737573553405,215.51937431818365,0.03033655335179358,0.6074630567212993,0.4557165861513688,0.035541195476575124,0.5249597423510467,0.9150320755511688,0.9609043390388531
19558834.txt,Human,7.467162203117941,176.94561542505127,0.022908856196468565,2.786534268605974,0.35960591133004927,0.4135090609555189,0.4351395730706076,0.696950188612234,0.97887386958762
19582792.txt,Human,7.966792429376691,250.17475921975029,0.015219894125670212,2.346998813436421,0.3990719257540603,0.05930232558139535,0.47447795823665895,1.28770854926347,0.9368154878482088
19599699.txt,Human,6.9814257631379935,126.36260406303515,0.039633348824327494,0.8759725512276135,0.5263157894736842,0.1390728476821192,0.5953947368421053,1.0736815326426137,0.9932062713276093
19612167.txt,Human,7.3887268503047725,167.58240228174313,0.008988262380342343,0.31452261576915214,0.5062344139650873,0.03007518796992481,0.600997506234414,0.4305444215782164,0.9348349412841852
19616406.txt,Human,8.131761369309936,280.4814150112963,0.027593253844968642,1.3316059409188683,0.4366998577524893,0.011412268188302425,0.5391180654338549,0.9480795041539325,0.9814588699864394
19671909.txt,Human,7.898162242932363,238.55237557179942,0.03547619224536797,0.7832893222671552,0.3308550185873606,0.18901303538175046,0.395910780669145,1.1722997840695233,0.9828184436416064
19714635.txt,Human,8.011804656887904,258.103278508797,0.025399020834388743,1.3018610257251158,0.28481455563331,0.3153468815697267,0.3435969209237229,0.8039577398261986,0.9302410211140115
19717385.txt,Human,8.15477954647598,284.99238218265003,0.04545314162594208,1.7809650053096622,0.45895953757225433,0.09048723897911833,0.5462962962962963,0.9266625731938668,0.9754680266158811
19724031.txt,Human,7.833430877522772,228.08549274838967,0.024293575535660368,7.214360650541566,0.2769485903814262,0.5066555740432612,0.34634551495016613,1.4228383341713353,0.9802673460524165
19738730.txt,Human,7.038481117483098,131.4600945424367,0.02078258780937907,0.6961881098550354,0.5914396887159533,0.07058823529411765,0.6770428015564203,0.6382212617114171,0.9833070504107639
19774173.txt,Human,6.895650714776241,119.0687254351329,0.030505592098940267,4.195553608303133,0.5833333333333334,0.06722689075630252,0.6458333333333334,0.9840445874044531,0.9838450359486474
19786924.txt,Human,7.545323210360744,186.79644782261863,0.05871081823997671,0.9299644661574388,0.2651331719128329,0.7293689320388349,0.3196125907990315,1.4117021046163694,0.9662738420753605
19796840.txt,Human,8.150620558092573,284.1719917629649,0.021091785755038433,1.1326681026443217,0.2518591968269707,0.07990074441687345,0.3173029251363411,0.7102503690120139,0.9820507440028009
19818707.txt,Human,7.501999045009656,181.27033609972878,0.038066838770049266,1.4330657517231302,0.3756019261637239,0.07395498392282958,0.4567307692307692,1.1341758554520758,0.9702290467947886
19831366.txt,Human,6.419065281637717,85.57190372840923,0.012160067847490628,0.4150451724204379,0.4230769230769231,0.3620689655172414,0.5042735042735043,0.4786019526285168,0.9670886403400332
19850482.txt,Human,7.870146218204661,233.96456253781142,0.031162867763595434,4.480958545037911,0.37010309278350517,0.049586776859504134,0.4329896907216495,1.0417975933590693,0.9886719108828489
19851252.txt,Human,6.387369469273088,83.7124020217039,0.008858195255098868,1.1255083688652336,0.5170454545454546,0.13793103448275862,0.6079545454545454,0.8023745267631238,0.9740939316363169
19861776.txt,Human,8.37537448987868,332.0771142533827,0.013561018815982241,2.3625151053459117,0.3605805958747135,0.05355776587605203,0.4232238349885409,0.9033762046104236,0.9812768269945029
19867922.txt,Human,7.583601692921402,191.8189832873118,0.015002524294224046,1.3322020166583701,0.4036979969183359,0.06491499227202473,0.4576271186440678,0.7842266433915193,0.9987213231583355
19911786.txt,Human,7.463221087551668,176.46289978006692,0.025688861118920533,0.4485201041157155,0.3328785811732606,0.25170998632010944,0.3806275579809004,0.44700309962061996,0.9946936129049443
19918523.txt,Human,7.082195371958745,135.50435150713483,0.02921065450104211,0.6640587977734974,0.4891640866873065,0.08099688473520249,0.5882352941176471,0.7280708702590707,0.9350638823715255
19920687.txt,Human,7.587594485279902,192.35059542143318,0.030577671485663413,5.418289965377591,0.3726618705035971,0.13237410071942446,0.45050215208034433,1.7553008995554507,0.9709942515252508
19926135.txt,Human,7.732296889832207,212.64408133962615,0.0405440534414277,0.40653749795231015,0.4711388455538221,0.07668231611893583,0.5413416536661466,0.8618893164948727,0.9553949490379813
19928941.txt,Human,6.818738215086132,112.88720888455386,0.030220496041931943,0.4388600865291278,0.5764192139737991,0.02643171806167401,0.6550218340611353,0.7255718377352434,0.9748856171136739
19929506.txt,Human,7.383999658001479,167.03419370783925,0.02885668323747587,0.5346656418230258,0.38349514563106796,0.30844155844155846,0.441747572815534,0.8171184587261234,0.9862404475248693
19936735.txt,Human,6.575565349958962,95.37672566477647,0.020070833122521246,1.2070601535559569,0.40074906367041196,0.05660377358490566,0.4943820224719101,0.8100534754728059,0.9833306930852944
19938081.txt,Human,7.892945830767104,237.69138936470227,0.013770719483228836,0.4602270923793789,0.32687447346251053,0.16455696202531644,0.392586352148273,0.7855046766428594,0.990633903929769
19951766.txt,Human,7.70889574281863,209.22272394699493,0.015049854410551,0.5678677330639315,0.3783783783783784,0.37483085250338294,0.45209176788124156,0.6535065411135366,0.9456683984071208
19975121.txt,Human,7.276620144298857,155.0532702684608,0.022644456110469908,0.8006379152126081,0.5573248407643312,0.07051282051282051,0.6337579617834395,1.2633208432235412,0.9794308030468163
20001721.txt,Human,7.671044265928922,203.80480649433085,0.017535463698368746,0.4886861698939518,0.5579868708971554,0.004395604395604396,0.6411378555798687,0.7588756422599243,0.9833721510774661
20006992.txt,Human,8.020323370928656,259.63181512677744,0.03998675453097608,1.691473183267948,0.45545977011494254,0.08069164265129683,0.5258620689655172,2.3115996087781707,0.9593874135239301
20024870.txt,Human,7.486437790823739,179.3256177997909,0.04225170226923048,1.1532235189814244,0.5738161559888579,0.03361344537815126,0.6629526462395543,0.8926658551174367,0.9922195145179004
20026169.txt,Human,8.038406177118139,262.9065321285288,0.048501964011623655,1.1475170958510408,0.41836734693877553,0.08068181818181819,0.4931972789115646,0.9822525119841405,0.979353043360884
20033302.txt,Human,8.034389126508014,262.17551146198707,0.012924307456724664,3.1977549525089075,0.5172413793103449,0.020172910662824207,0.5790229885057471,1.375346103439293,0.9787071998270238
20082776.txt,Human,7.683031701342157,205.50528717236466,0.019900107025669342,0.6878196424957693,0.428341384863124,0.08723747980613894,0.5072463768115942,0.8503417863042564,0.9586397770672651
20110597.txt,Human,8.036559514489136,262.5702246868217,0.018678138982537475,0.6082662332140709,0.3796394485683987,0.2372340425531915,0.4554140127388535,0.5313927979354915,0.9746981871921522
20138606.txt,Human,8.13182461553896,280.4937112902407,0.015111085847193468,1.1321417054762841,0.40210526315789474,0.029535864978902954,0.4926315789473684,0.8345670498317197,0.9609314878448234
20141807.txt,Human,7.773038153003416,218.73467817131421,0.025317236862811218,1.0880283528318704,0.35575679172056923,0.03501945525291829,0.48382923673997413,0.6059044417704139,0.9576672769190714
20148147.txt,Human,7.61686132498365,196.2925114639292,0.03158549185941107,0.6536373722899187,0.3386880856760375,0.1476510067114094,0.428380187416332,0.9980586185633524,0.9257096581998515
20149476.txt,Human,7.671880494317544,203.9229719846059,0.03282557120376411,3.5909773178463618,0.46677215189873417,0.11904761904761904,0.5237341772151899,1.8109023037055314,0.9763753730174237
20172393.txt,Human,7.484769203608621,179.11833389310618,0.033899018812680246,6.333420077546058,0.39373970345963755,0.14710743801652892,0.43657331136738053,0.9364048567714699,0.9945061487867639
20176584.txt,Human,7.936784024814041,245.0248097033247,0.015508764359140411,0.6811475118682213,0.2970007315288954,0.24322344322344322,0.3467446964155084,0.9571548290331506,0.9623001736383389
20210676.txt,Human,7.118896824276711,138.99573684000376,0.021515816735641388,0.8435614250777935,0.3991130820399113,0.07126948775055679,0.4878048780487805,0.933275622416716,0.9926662505465939
20211577.txt,Human,7.6086924365410935,195.18419649765949,0.015547688712253573,1.947440545930816,0.3683492496589359,0.18331053351573187,0.44474761255115963,0.9386278027836925,0.9543342538604546
20230207.txt,Human,7.416936140415961,170.8914183012319,0.05874519263096069,0.796471512474244,0.3915094339622642,0.11514195583596215,0.4528301886792453,1.2440847713830945,0.9865139290786707
20237244.txt,Human,6.952228718190643,123.83100022782772,0.07963537681315362,0.8307492721224916,0.45609065155807366,0.14245014245014245,0.5212464589235127,0.9539680672443827,0.9859004701765108
20253563.txt,Human,7.331741758417405,161.09208023799357,0.01958654331878448,0.9462049250910768,0.33537519142419603,0.22887864823348694,0.40888208269525267,0.6685243136876828,0.9663886571365676
20255404.txt,Human,7.699520162731014,207.8674656964322,0.020160491821223377,0.5442809061329992,0.40365682137834036,0.07475317348377997,0.4908579465541491,1.0499412068591165,0.9684910546211628
20272792.txt,Human,7.103697780995181,137.53907911158575,0.011399621321512813,0.3228390543196459,0.5629370629370629,0.035211267605633804,0.6573426573426573,0.4750427611307759,0.9590540871019704
20275356.txt,Human,7.174537679157661,144.46114290075366,0.0364240495581582,0.5051929053567203,0.3181148748159057,0.11225997045790251,0.3946980854197349,0.5500872568511107,0.9805688293693754
20279756.txt,Human,7.577528615270916,191.0132113998688,0.0185657451243463,1.5229542207958022,0.411214953271028,0.159375,0.48442367601246106,1.1878619999958742,0.9785548102423479
20314980.txt,Human,8.35806745743472,328.11721030810867,0.013759175884333869,0.8650901739317207,0.2888127853881279,0.051970302684180465,0.3707929264118654,0.614075364184606,0.9599251071083565
20317319.txt,Human,7.8953079237332835,238.0808750274109,0.044420602361727166,1.5167865846995479,0.42782152230971127,0.15789473684210525,0.5170603674540682,1.3998173921899468,0.9736575422024452
20321582.txt,Human,7.75758412256513,216.40411500204328,0.024400243600021236,0.4281457657101214,0.39851485148514854,0.06699751861042183,0.46410891089108913,0.5680474764624625,0.9651065115814291
20324037.txt,Human,7.78525784678344,220.5952394174949,0.01446739259316537,1.260716990864851,0.411522633744856,0.06043956043956044,0.4904109589041096,0.7699118835949065,0.9445304092368374
20330739.txt,Human,7.539219932916478,186.00788031903966,0.04429740533935063,3.222973267467368,0.33414634146341465,0.12591687041564792,0.40853658536585363,1.4446819804207724,0.9645400407441352
20345168.txt,Human,7.352378451512838,163.41294369623552,0.02710881699897028,1.6436638114980924,0.4510250569476082,0.04576659038901602,0.5284738041002278,1.9789740084446252,0.9877117425981925
20356750.txt,Human,7.159097959185727,142.92336331974272,0.012063218493548876,2.854818542230435,0.5117647058823529,0.04142011834319527,0.6058823529411764,2.0328471562204653,0.9854094164154659
20357858.txt,Human,7.777602894362871,219.4278589649469,0.042246302853203535,2.795658834237131,0.4555052790346908,0.060514372163388806,0.5173453996983409,1.0399541357023858,0.9469890860887892
20390397.txt,Human,7.3221141587097955,160.0206364689379,0.03537966297319296,1.0099991413424978,0.4349680170575693,0.10492505353319058,0.511727078891258,0.7856638797503235,0.960679479627964
20393721.txt,Human,7.715775292432,210.22279350351116,0.03581759144063034,0.9286569684696303,0.42592592592592593,0.06714285714285714,0.48717948717948717,0.7185750961255345,0.9744970944240434
20399718.txt,Human,7.391044023455174,167.85177969383673,0.06804508631631699,0.7168810050185579,0.35235378031383735,0.1659513590844063,0.42368045649072755,0.8324762117231442,0.9758268886526907
20400279.txt,Human,7.675360712437693,204.4154898711601,0.027920652462925126,0.4985363781917751,0.325,0.2625250501002004,0.4,0.49885643034367916,0.9412450783425411
20408458.txt,Human,7.743460882282743,214.29596602283286,0.038652631530093566,1.5704461967209145,0.2609717868338558,0.2260596546310832,0.3338557993730408,1.1053056835611836,0.979935783296799
20417897.txt,Human,7.674408932352571,204.28067660606052,0.030616471585551728,0.49559985381164046,0.4294385432473445,0.0487062404870624,0.48406676783004554,0.8906491898741395,0.9845544660338218
20423658.txt,Human,7.623647467467839,197.2180062646045,0.017590160967560744,1.1132984979823772,0.29854096520763185,0.07311586051743532,0.409652076318743,1.4356192516038246,0.9703058394260117
20427934.txt,Human,7.967439433410696,250.28698001123544,0.032490533676425376,0.98815113321629,0.4670571010248902,0.07195301027900147,0.5563689604685212,0.5748015816196539,0.9819875242386688
20457611.txt,Human,7.856282587324878,231.727039495903,0.013382046518572319,1.6501763047573983,0.36156351791530944,0.08705114254624592,0.4256243213897937,0.8217988281451224,0.9892387740295278
20470943.txt,Human,8.32189482096314,319.9926196925455,0.01591111781415054,0.7164292636901882,0.5026881720430108,0.03369272237196765,0.6021505376344086,0.9610252650501688,0.9568305711592775
20478831.txt,Human,7.558823817240097,188.55267621566767,0.01685046936256357,1.131607583448527,0.4283513097072419,0.06027820710973725,0.4915254237288136,1.0103962840183989,0.9785940569443535
20488267.txt,Human,7.0458611933472834,132.13429883482064,0.01617264465202851,1.9421223719075997,0.38317757009345793,0.4272300469483568,0.4532710280373832,0.7355423207433854,0.9864186883097078
20490741.txt,Human,8.010869634792124,257.9360539230217,0.02675837134122984,1.1726585854989426,0.1926605504587156,0.931113662456946,0.25974770642201833,1.044780466801444,0.9614633093586901
20504094.txt,Human,7.838588296972233,228.90232349740083,0.026750734414300818,0.8934610837369916,0.3443181818181818,0.11731207289293849,0.4147727272727273,0.9408059449201653,0.9780851049583111
20544228.txt,Human,7.666555612429541,203.17169451639074,0.014556399515626806,0.3849008411617259,0.4129746835443038,0.031746031746031744,0.5031645569620253,0.7179597979210678,0.9510571589762317
20552814.txt,Human,8.059513539781584,266.7812640256857,0.03107052367630326,0.4995793864569183,0.4009950248756219,0.15054835493519442,0.481592039800995,0.8017506489873388,0.9651305390800905
20553895.txt,Human,7.10762899208842,137.91437151922096,0.019964023435308793,0.5390932828385951,0.5290102389078498,0.05154639175257732,0.6313993174061433,0.9182557756447729,0.91562831914352
20565486.txt,Human,7.606359429159876,194.86881579257647,0.03496521279740276,0.3549545870658971,0.39462517680339465,0.12056737588652482,0.4837340876944837,0.5725327061222144,0.9537139405005672
20565849.txt,Human,7.211044208446525,148.1632878668877,0.03406286448774534,0.9150338847254641,0.43448275862068964,0.3672055427251732,0.5057471264367817,1.4122893966958916,0.9700199844110761
20566550.txt,Human,7.972838669122569,251.22542523047574,0.01573204762820101,0.4886271498772093,0.3908898305084746,0.23779193205944799,0.4650423728813559,0.868955263258788,0.979656862135217
20574232.txt,Human,7.1438220635411165,141.4180110250343,0.04784195314311149,0.5996186868509528,0.32072829131652664,0.08146067415730338,0.3627450980392157,0.8921789670744892,0.9841567027931064
20604208.txt,Human,7.987874139575367,253.85733564014495,0.024746822936134647,1.7383236610098818,0.3783209351753454,0.07667731629392971,0.4569606801275239,1.3271065937038848,0.9782689495306829
20624984.txt,Human,7.7262556931436555,211.7555090561333,0.024585202208019206,0.9785640929931743,0.41732283464566927,0.053712480252764615,0.5023622047244094,0.7514173847178224,0.9830130882716253
20626794.txt,Human,6.991856955630865,127.27956109406178,0.011180238373075968,0.5550694519247489,0.5777777777777777,0.03587443946188341,0.6933333333333334,0.6034959878966946,0.9641772891237681
20628003.txt,Human,7.045490664446195,132.10036699993933,0.011759892442197124,0.5337539610128029,0.5475285171102662,0.038314176245210725,0.6653992395437263,0.50778609989155,0.9596553072225149
20633855.txt,Human,7.749158817812429,215.1440032061865,0.011539963235948721,0.09523273416911027,0.4796747967479675,0.053061224489795916,0.6036585365853658,0.16671623296268193,0.9997897490865255
20674668.txt,Human,7.632113019211774,198.37865849224977,0.04092081802986347,0.6374975375637721,0.393048128342246,0.04691689008042895,0.48128342245989303,1.242082837611427,0.9750339989560166
20681037.txt,Human,6.9340611534226335,122.28139905047402,0.01687353792049676,0.6216289418645397,0.5972850678733032,0.0273972602739726,0.6968325791855203,0.6492836898749952,0.970792897908374
20691949.txt,Human,7.311402519693226,158.83692428397575,0.01953083016918538,1.3404270565919902,0.4792176039119804,0.051597051597051594,0.5574572127139364,1.1637466703049564,0.9810540816574634
20698469.txt,Human,7.162896154626468,143.30013461449033,0.01745685389312963,1.4436073814457417,0.4306569343065693,0.15403422982885084,0.5036496350364964,0.6160294237869305,0.9432918814934556
20705888.txt,Human,7.745551156812015,214.6066776040292,0.019685728884348344,1.113415808934592,0.4262295081967213,0.14200298953662183,0.518628912071535,1.3225141132891458,0.9596342891720201
20736486.txt,Human,8.030973778913747,261.5555873400268,0.01366804085768885,0.4524664008122926,0.4260485651214128,0.07300884955752213,0.5066225165562914,0.9821781001167813,0.9478529830671075
20748468.txt,Human,8.359616201463101,328.46963574469135,0.018327563654837613,0.8943665867330716,0.3786127167630058,0.056439942112879886,0.4624277456647399,0.7514517307526356,0.9428948638562454
20748926.txt,Human,8.040167142498166,263.2276339242575,0.023109417689059282,1.6253527328287807,0.4622395833333333,0.0731070496083551,0.5403645833333334,0.9632770877815103,0.9749929557589451
20748929.txt,Human,8.027818580954374,260.98418599648636,0.017515674571554427,0.9198539506879507,0.3817635270541082,0.04819277108433735,0.47394789579158314,0.6053807845482796,0.9794369006818416
20765795.txt,Human,7.854254018484012,231.40143782091744,0.021938636853589467,1.5620975262214503,0.46919431279620855,0.025356576862123614,0.5624012638230648,0.9863255478776685,0.9307365114228954
20806155.txt,Human,8.13565995801638,281.24038376982946,0.028254767133743787,1.110392049241636,0.15627996164908917,0.9341221618164375,0.18280600830936403,0.7949879649725055,0.9833621575396189
20817322.txt,Human,7.436023572885458,173.1674030164804,0.03331981732075762,1.139918682693763,0.36336779911373707,0.14053254437869822,0.4616519174041298,0.8904517717398992,0.9681647219559617
20819838.txt,Human,6.877490863684569,117.57934725828001,0.025675737044154937,0.46289112435192076,0.1711340206185567,0.7820247933884298,0.21958762886597938,0.5919258530138073,0.9952895663974716
20824105.txt,Human,7.4395570660150625,173.59204977023447,0.027310312323164575,0.5283330593871621,0.2515923566878981,0.6292735042735043,0.2867803837953092,1.5863848954955726,0.9848603671285632
20835760.txt,Human,7.740969900653494,213.92627823419946,0.032497494607827845,0.5002152018512059,0.42302543507362783,0.06174496644295302,0.48326639892904955,0.558064852963069,0.9397892086108377
20836112.txt,Human,6.9286578904525875,121.82428039428373,0.009567987218690371,1.4787032444812964,0.3009049773755656,0.625,0.38235294117647056,0.7122226976786777,0.9907201041579738
20850529.txt,Human,7.739464161028389,213.70312002919934,0.010766397675181841,0.8086479518656032,0.336996336996337,0.3953488372093023,0.41514041514041516,0.725055881694279,0.9770673976645616
20879311.txt,Human,8.143372674773769,282.7479344543583,0.02155657276210655,0.9397222489459055,0.38817733990147785,0.05133267522211254,0.4482758620689655,1.1499545757348295,0.9731025056934456
20880935.txt,Human,7.672022146892406,203.94299536542783,0.02403544089244879,0.3796533619729969,0.4147398843930636,0.08683068017366136,0.4963924963924964,0.5601471580367194,0.9643559555960421
20882041.txt,Human,7.459401596481058,175.99633751806837,0.018713889134936317,0.3589186514380895,0.3269230769230769,0.07455012853470437,0.4012820512820513,0.4442018686189094,0.9625305769435373
20905088.txt,Human,7.748766920505949,215.0855688854689,0.02962354843843564,1.1636955705470613,0.32254901960784316,0.0893909626719057,0.4068627450980392,0.5131258193635367,0.9635196593883575
20918464.txt,Human,7.91252886020259,240.93979055333827,0.02610043728763541,3.130588763124664,0.38765432098765434,0.22249690976514216,0.4599260172626387,1.1378451247622197,0.9730444691590765
20925036.txt,Human,8.327740755249362,321.2918901091078,0.034743010285044174,1.3876253280945474,0.42899702085402186,0.10358565737051793,0.49304174950298213,0.8096158770529539,0.9667950009923189
20932019.txt,Human,7.20295379255438,147.33473589485794,0.03968809177914052,1.3161762563843984,0.4463840399002494,0.09022556390977443,0.513715710723192,1.0232511731665725,0.9828588301902483
20966771.txt,Human,7.641042281292391,199.61028963319472,0.026843626563511677,1.0741508011367344,0.43559322033898307,0.03571428571428571,0.5288135593220339,1.2655308667357947,0.9789413153574905
20969119.txt,Human,7.978477395068413,252.20925288890982,0.03164228991329593,0.43949668214853815,0.305982905982906,0.19263698630136986,0.382051282051282,0.6306769284278241,0.9452979554782669
20969845.txt,Human,7.534001961771054,185.33633808403727,0.04438293159041042,1.320931779290172,0.48822269807280516,0.11612903225806452,0.5546038543897216,1.0216152682984647,0.9768080806078464
20977412.txt,Human,7.879672933278415,235.51464007232192,0.029232211672176652,0.9010787684618797,0.3507057546145494,0.16974972796517954,0.4147665580890337,1.0052477462729839,0.9485738181421828
20981299.txt,Human,7.72000329856658,210.83978248236585,0.024995602297292384,0.9995694264609818,0.4269340974212034,0.040229885057471264,0.49283667621776506,0.5623234666027709,0.9702434215756843
20986595.txt,Human,8.024149113506104,260.321221150607,0.022259995009222024,0.7596506615226917,0.46829971181556196,0.02745664739884393,0.5590778097982709,0.8012448777576131,0.9623164254250175
20992320.txt,Human,7.493921024669875,180.2581931658354,0.005103304264951781,0.6054322634632314,0.4853273137697517,0.09977324263038549,0.5665914221218962,0.4742663119679624,0.9915108623221952
20993320.txt,Human,7.729428183233702,212.22167232217012,0.013638187296467503,0.5699928260698357,0.38687150837988826,0.12745098039215685,0.49022346368715086,0.9106456921355169,0.9671518588692465
21007083.txt,Human,6.906734738226085,119.98703684760653,0.019920145289201302,1.9633641063558127,0.6077586206896551,0.06086956521739131,0.6551724137931034,1.072540990973617,0.968434979030391
21031285.txt,Human,7.57722388508561,190.97286930211953,0.01761947028962876,0.5627738306548836,0.35570469798657717,0.0901749663526245,0.44026845637583895,0.8954647299613743,0.9851028555431949
21038022.txt,Human,8.037268458949374,262.69928415205004,0.03650453301304024,2.0910974441829517,0.3383742911153119,0.10700757575757576,0.41776937618147447,0.9526616497293781,0.9436310551589359
21060367.txt,Human,7.701631713010644,208.17192641509746,0.02717838439736075,1.5374027776364083,0.37483085250338294,0.1560379918588874,0.45737483085250336,0.7730000769759099,0.9690585630560644
21101152.txt,Human,8.144194351075239,282.9090173188227,0.02751550390688046,0.6069065626182341,0.36030664395229983,0.08013640238704177,0.4425531914893617,0.9038688402296049,0.9510903343799784
21122155.txt,Human,8.027757125457692,260.97306890609883,0.023928735200580926,0.5936660201737942,0.41885964912280704,0.06147091108671789,0.48630887185104055,1.153619884873867,0.984841348065945
21125113.txt,Human,7.9816141920477,252.75821846024053,0.01296048739989698,0.9372267602953558,0.39371980676328505,0.2009685230024213,0.4722222222222222,1.0596486661300386,0.9822032518694931
21134923.txt,Human,7.746243431607521,214.70968096933257,0.029598458082736062,4.911556326125577,0.4008810572687225,0.1723122238586156,0.4698972099853157,1.184379445635671,0.9900010748127588
21156767.txt,Human,7.701840966039,208.2021225161602,0.038369983622565156,0.516470581413496,0.3769123783031989,0.058577405857740586,0.48956884561891517,0.5617961158808746,0.9210840322737107
21178545.txt,Human,7.92157423506791,242.45517468551702,0.08085733885303102,1.7844527240878008,0.4501347708894879,0.15945945945945947,0.5026954177897575,1.4647510177555942,0.9905681428477697
21190805.txt,Human,7.760273357716073,216.8078762073641,0.019301427269237097,2.001058539694052,0.4270516717325228,0.25609756097560976,0.4939209726443769,0.668746488159117,0.9725579447475338
21238396.txt,Human,7.8644476040937965,233.0422303870745,0.019688845856642677,1.125771725757077,0.3391304347826087,0.05614714424007745,0.42995169082125606,0.5942680021012743,0.9276762216605391
21265194.txt,Human,7.3118119170263505,158.8820042480238,0.02118349853264297,1.610505529003663,0.2166947723440135,0.6190878378378378,0.260539629005059,0.9487716375436476,0.9870212224696211
21283365.txt,Human,7.643841715504956,199.9979934502095,0.022068297466862587,1.743564674963117,0.3368055555555556,0.08352668213457076,0.4212962962962963,0.9902139930680132,0.9811343392508862
21283733.txt,Human,7.891005272175952,237.37188733626968,0.011865675218140774,0.8337973208689475,0.4126040428061831,0.03575685339690107,0.48513674197384066,0.7793074783044402,0.9546618618758211
21287405.txt,Human,8.07949507141167,270.50192889110025,0.022952783968752537,0.37193380470897935,0.5019305019305019,0.04129032258064516,0.574002574002574,0.731653362887612,0.9721611113327202
21297521.txt,Human,8.391128929386849,335.7233168980448,0.01335703180752382,1.1007510031091654,0.23557925351429956,0.8170790878214459,0.27047988366456616,1.3620808448529298,0.9788293423485341
21297828.txt,Human,6.571836201541891,95.13050961107945,0.011590611089320003,0.5635015352803334,0.45454545454545453,0.0875,0.5330578512396694,0.7854125769509993,0.9796988382139341
21298336.txt,Human,6.304831745498095,79.05757213854119,0.044284688964868466,1.3504594853215537,0.65,0.12318840579710146,0.7,1.2160155745511736,0.9607915855118411
21321598.txt,Human,7.614697824880664,195.99836711148865,0.02322123306743804,1.7069091786744521,0.4979253112033195,0.05,0.5912863070539419,0.7531099638246119,0.9430513820946768
21334981.txt,Human,8.121584946024374,278.5099280467978,0.016251484881661084,1.062609661550358,0.46194926568758343,0.07764390896921017,0.5447263017356475,0.7530679176353737,0.9562759749713287
21338490.txt,Human,7.367938305570735,165.1849347706131,0.023031439692021285,1.3994406432111715,0.370253164556962,0.19047619047619047,0.4224683544303797,1.2836102922504573,0.977098933273661
21363048.txt,Human,8.280381760251931,310.9161529225271,0.017474324821982596,1.5818980103620197,0.43270189431704886,0.053946053946053944,0.5234297108673978,1.2734756954378974,0.9656059201992463
21366189.txt,Human,7.767532364649877,217.9015071137461,0.016754181284145717,0.8080131237266103,0.349009900990099,0.031017369727047148,0.4344059405940594,1.0187618636208349,0.9847972883255748
21386255.txt,Human,7.762762530056069,217.18227134025824,0.03967377508306878,0.5535619297569869,0.39892183288409705,0.11891891891891893,0.47035040431266845,0.8549488259226579,0.9502906193938118
21478007.txt,Human,7.895016356266824,238.03276394258205,0.014215847359785544,0.5640627750881737,0.44622093023255816,0.026239067055393587,0.5537790697674418,0.5760600993778671,0.9693140980433164
21511817.txt,Human,7.803113934557097,223.3424901004703,0.04576282966175963,0.7260687329705053,0.39304123711340205,0.15762273901808785,0.4742268041237113,1.1017822110597002,0.9667433497169691
21512769.txt,Human,7.6268779978488395,197.66011814844725,0.0157371158956721,3.7948435731345156,0.39477977161500816,0.088379705400982,0.4828711256117455,1.1887872267191273,0.9877607229533636
21531811.txt,Human,7.070348036669408,134.39615340687914,0.009686753742608295,0.8316051282055681,0.5234899328859061,0.04054054054054054,0.610738255033557,0.6502288225180115,0.972074764060768
21549195.txt,Human,7.5247461861213525,184.15109761979662,0.02207764772836952,1.1464341885296578,0.37065637065637064,0.18064516129032257,0.42985842985842987,0.7566788547099792,0.9815555119638891
21550454.txt,Human,7.76390073596408,217.3536836455398,0.013121633663918397,0.7102141215920501,0.4505327245053272,0.16793893129770993,0.5312024353120244,0.6086571222863979,0.9775144642951582
21567392.txt,Human,8.020045137917593,259.5817482905466,0.026674780455953537,0.9195534320270414,0.3861003861003861,0.15555555555555556,0.437801350048216,1.1190324687532625,0.9753400312361745
21568833.txt,Human,7.336651798939599,161.64127194608477,0.041096341823947204,1.519915245081713,0.3399715504978663,0.11126961483594865,0.39260312944523473,0.8686542171536416,0.9909292697290176
21570485.txt,Human,7.763782557081767,217.33587976971268,0.02420072792342023,0.5235611653448777,0.40152477763659467,0.05477707006369427,0.4625158831003812,1.0455842741794976,0.9752573559089265
21586858.txt,Human,7.902946355314674,239.34475074450302,0.07475881492455436,1.4387294550414542,0.4011494252873563,0.08525345622119816,0.47126436781609193,1.103963344484116,0.9722628625928681
21595057.txt,Human,7.755211865786342,216.0485691135593,0.01634322574736097,0.4585651214515821,0.4298507462686567,0.11676646706586827,0.5253731343283582,0.6516887217972656,0.9364433244752272
21611212.txt,Human,7.204597737711184,147.5027189195801,0.0179897026595341,0.37405179745814815,0.4087912087912088,0.3487858719646799,0.4879120879120879,0.6925590292890375,0.9635326586516907
21611637.txt,Human,7.942017133949293,245.91520572946743,0.029967221431396678,1.1457162979623245,0.3603696098562628,0.20473251028806586,0.42813141683778233,1.51204307810581,0.9747032235025977
21614256.txt,Human,7.864187254499821,233.00017924377852,0.033402776983286926,1.5401402672206035,0.3782722513089005,0.08136482939632546,0.4698952879581152,0.964201332625997,0.9721293309682433
21622444.txt,Human,7.719320473346671,210.740015967249,0.01712337504548966,0.3854462810377129,0.3382022471910112,0.0744920993227991,0.44256756756756754,0.45579482006056943,0.9426813443090789
21629057.txt,Human,7.969921316784809,250.71792189239648,0.026570379800871194,0.7805824546332606,0.34058656575212864,0.15071090047393365,0.4295175023651845,0.9948758803262254,0.9624942749175652
21645690.txt,Human,7.687749290870082,206.17838606021985,0.0152690531658054,5.0235633385380645,0.41333333333333333,0.03714710252600297,0.49037037037037035,1.5746949538024386,0.9844502697965595
21663616.txt,Human,7.836960743408244,228.644236571735,0.07647065710787287,1.5381347779294061,0.40125,0.12030075187969924,0.47375,0.918531436587774,0.961345482233631
21669215.txt,Human,7.501809995480964,181.24658414561694,0.010354205712092439,0.4845602604266286,0.48218029350104824,0.02526315789473684,0.570230607966457,0.6834703083072067,0.9681196929148767
21705160.txt,Human,5.934200159545025,61.146590819500055,0.01887586265774214,3.474973809169363,0.46846846846846846,0.13761467889908258,0.6486486486486487,0.7725192393489974,0.9971744415880834
21756639.txt,Human,7.845904527423095,230.06608692931388,0.03613522619478659,1.0689734781354379,0.47699386503067487,0.13076923076923078,0.5460122699386503,0.9621120896219917,0.9800166979662719
21763056.txt,Human,7.6327939683002715,198.47231491163598,0.023958556352919904,0.5319850439989671,0.3569482288828338,0.07377049180327869,0.43869209809264303,0.8151911781137975,0.9869057997143351
21773106.txt,Human,8.223016142208236,298.7958172511505,0.0396904892024301,1.8700773488413514,0.4617196702002356,0.0755608028335301,0.5312131919905771,1.101014936228206,0.9831071347020609
21780877.txt,Human,7.960920932817195,249.15866422117674,0.01951659997191977,1.0812101086032173,0.41229193341869397,0.1258023106546855,0.48911651728553135,0.9252506466058382,0.9646527581052784
21782152.txt,Human,8.006422471091064,257.1421801842215,0.013473289933737644,1.0082768013113692,0.5007429420505201,0.03278688524590164,0.5839524517087668,0.7810856509415613,0.9765645230469833
21794875.txt,Human,7.8217598666293275,226.2477863787966,0.02046372631877192,4.171052135452153,0.3948051948051948,0.057291666666666664,0.4805194805194805,1.2596314720733517,0.9155468035961124
21796843.txt,Human,8.063778363247364,267.5710763824868,0.033838223296093935,2.661562194922988,0.3299050632911392,0.060221870047543584,0.41060126582278483,0.8521594892893489,0.9768944114010015
21807211.txt,Human,8.056504189889624,266.2253590019742,0.030945786379432474,0.6307016221332592,0.46335078534031415,0.08661417322834646,0.5523560209424084,0.9101353930927196,0.9764161363785405
21807224.txt,Human,6.891472064986942,118.72435144486732,0.017246013976183933,0.5996060366397135,0.40773809523809523,0.0718562874251497,0.49702380952380953,0.8385547805759612,0.9878683359607485
21809601.txt,Human,7.449531643067162,174.79639769975265,0.028570777805176445,0.8575134327648019,0.45213849287169044,0.10429447852760736,0.5539714867617108,0.5637376567960863,0.9435149508236614
21830565.txt,Human,7.926464437235869,243.2784024121508,0.014408442483558754,0.7175194582807035,0.35348837209302325,0.07642124883504194,0.4409302325581395,0.5541017719503823,0.9666592505024117
21847415.txt,Human,7.8129860664717325,224.87602800903983,0.022316990502505286,0.7385046437863921,0.41101152368758004,0.06161745827984596,0.48911651728553135,0.7172172400354624,0.9820808990984509
21853199.txt,Human,7.4836154347824255,178.97514456390718,0.04083147380400257,1.0787440855597235,0.3477051460361613,0.1896792189679219,0.4242002781641168,1.2539061610212012,0.977346047789158
21856577.txt,Human,7.930605323030468,243.97767367927713,0.025467106416841623,0.5864988400624805,0.3303249097472924,0.08047016274864376,0.41064981949458484,0.7101612552851777,0.9762401651953265
21866029.txt,Human,7.70768361577892,209.0470125134409,0.01982297718602348,2.354352966249313,0.3080260303687636,0.23804347826086958,0.39804772234273317,1.716639831492247,0.9919112810335433
21867728.txt,Human,7.756103984596338,216.18220830395552,0.025807942540044093,4.116483159792117,0.41948051948051945,0.05078125,0.4935064935064935,1.145397433988246,0.9772296416944021
21868149.txt,Human,7.9316315305063645,244.15127986284625,0.03479760215446702,0.9993013296573774,0.4022346368715084,0.08622620380739082,0.4793296089385475,0.911870056574512,0.9804280166759866
21869994.txt,Human,7.70963230220933,209.32956863910562,0.03091448348710362,0.3438540108965443,0.42782152230971127,0.09868421052631579,0.515748031496063,0.6466368734885412,0.9612074675386323
21904897.txt,Human,7.113895262045915,138.5146981309551,0.02259048964655243,0.6806288493578516,0.4323671497584541,0.08495145631067962,0.5120772946859904,1.043785962862705,0.9788061674580458
21912637.txt,Human,7.56504777738357,189.36787233014712,0.04297686412399971,1.0825536591896827,0.40083798882681565,0.08683473389355742,0.4664804469273743,1.4359257415739932,0.9906399203714638
21916744.txt,Human,8.02506937308231,260.4873266072731,0.038587410270750265,3.2442373076028987,0.4527503526093089,0.08628005657708628,0.5190409026798307,1.37967013093947,0.9414448407178836
22008817.txt,Human,8.188388749129944,291.70953813760383,0.024036279285650105,1.8646185255877572,0.41389432485322897,0.04215686274509804,0.46673189823874756,1.5761904167982397,0.976697004562069
22019500.txt,Human,7.884319010985989,236.27431769052816,0.032473391081129115,2.7787676199826645,0.33099209833187004,0.05452946350043975,0.398595258999122,0.8922084009703163,0.9572499656530304
22025574.txt,Human,7.928425192176988,243.6092648693525,0.03158542689248253,1.4547260428847852,0.39713971397139713,0.06615214994487321,0.47964796479647964,0.6697404579168496,0.9626601540575952
22042181.txt,Human,7.727272457933563,211.90480008964428,0.01573049991108875,0.524077953525073,0.3548387096774194,0.06107784431137724,0.44563918757467147,0.9328594325529971,0.9514702543591363
22047665.txt,Human,7.089236391451151,136.16729186719095,0.01378354999099033,1.123815548376056,0.5335689045936396,0.028469750889679714,0.6466431095406361,0.6964161418075696,0.966635580065092
22056333.txt,Human,6.992733494509318,127.35691589142301,0.012593805332401347,1.141599579405259,0.5315985130111525,0.06741573033707865,0.6245353159851301,1.1140778727693375,0.9652349794691241
22093368.txt,Human,7.752331344657254,215.61763147144487,0.03732452208913539,1.2925640576251454,0.40974967061923584,0.031704095112285335,0.5019762845849802,0.7172996007485021,0.9704580276595435
22168194.txt,Human,6.757171020536058,108.17107930441493,0.010462887548599064,0.2735157401042832,0.23454833597464342,0.8139904610492846,0.26465927099841524,0.5636248766910229,0.9843092820291803
22182279.txt,Human,7.5874872089668335,192.33629309492028,0.06059170700527121,0.4697572019421272,0.32040050062578224,0.4316185696361355,0.39424280350438046,0.7816042956599888,0.9763672925095657
22232367.txt,Human,7.796045398704086,222.25089194328143,0.01962897028031013,2.5386554429492185,0.3624557260920897,0.08165680473372781,0.43565525383707204,0.8364633464788412,0.986347955163363
22249155.txt,Human,6.868996311119399,116.88907712312464,0.036499711591311636,0.46358246045624446,0.25950413223140495,0.5688225538971807,0.30413223140495865,0.6138394759308827,0.9474816640951248
22259475.txt,Human,7.58711153259219,192.28621543307966,0.009466864809413134,0.5125913996248113,0.42592592592592593,0.04560810810810811,0.5252525252525253,0.7788805748262819,0.946101765855778
22259768.txt,Human,7.841441672460584,229.35549661019965,0.030840343197727358,0.8183991225437969,0.29640947288006114,0.09869931140015302,0.3674560733384263,0.8191741269681265,0.94941667793891
22319662.txt,Human,6.9593327025458604,124.44226101057832,0.008736103991446368,1.280945582812107,0.5328467153284672,0.04411764705882353,0.6204379562043796,1.2441121640754933,0.9803733932193274
22323967.txt,Human,7.76989110024248,218.25805677568965,0.01687006701339052,0.8756574998778454,0.4298245614035088,0.0689149560117302,0.5190058479532164,1.2042335559503379,0.987135170840599
22349169.txt,Human,7.104073921558578,137.57494308137396,0.024500717716232256,0.6206106040591274,0.30923076923076925,0.6265432098765432,0.3476923076923077,0.5984800835140847,0.9710373775335228
22351830.txt,Human,8.132687746297469,280.66157433792256,0.021576575616806093,0.9048693708484107,0.40552486187845305,0.02768549280177187,0.46408839779005523,0.7092869387455236,0.9547159120643809
22380187.txt,Human,6.915685624527142,120.73378433338898,0.027255032914682887,5.022032437541682,0.5220588235294118,0.1259259259259259,0.5698529411764706,0.8884326390142046,0.9941777176985302
22391901.txt,Human,7.647523319890267,200.50901883353555,0.018032180807921544,0.8957176815476633,0.4430379746835443,0.2777777777777778,0.5126582278481012,1.7425372213509882,0.9587403787168141
22408666.txt,Human,7.682628498840866,205.44786085168627,0.04712020881991884,2.264262257666891,0.3969359331476323,0.13128491620111732,0.467966573816156,1.811410425357479,0.9499497712032071
22423839.txt,Human,7.113563835792915,138.4828811957052,0.016085025473039267,0.4127859323923547,0.41594827586206895,0.05411255411255411,0.4827586206896552,0.6585459096936546,0.9818359498892039
22442947.txt,Human,7.428751422612606,172.29671946175486,0.015736640523668226,1.4549081379997457,0.37609841827768015,0.2275132275132275,0.46397188049209137,1.6195605936883022,0.9121744667914718
22450718.txt,Human,8.148458030218798,283.74635121456237,0.019970834092475884,0.6082769454262875,0.4158215010141988,0.036585365853658534,0.48884381338742394,1.0032171792190079,0.9627998977156652
22452756.txt,Human,7.437919099427232,173.3950735426763,0.05361661389555407,2.5703300949953523,0.29411764705882354,0.4450402144772118,0.36764705882352944,1.001303666999857,0.9836674170311283
22455205.txt,Human,7.408485299486893,169.89331777433588,0.037587372159265164,0.4627180752117192,0.4248062015503876,0.25194401244167963,0.4744186046511628,0.82119147002377,0.9757445008675648
22465498.txt,Human,7.9090951909013825,240.36702651961107,0.02713228234489146,0.8802696374380945,0.37029501525940994,0.045871559633027525,0.44455747711088506,1.1303212943766883,0.9809033592103188
22485475.txt,Human,7.790259526880167,221.36134839830802,0.017855334223714808,0.7761734077837209,0.4574961360123648,0.021705426356589147,0.527047913446677,0.9976541363307242,0.9685230909686693
22488036.txt,Human,7.709676609607604,209.33599757296167,0.047835106806711616,2.4260180751830083,0.4098124098124098,0.059420289855072465,0.4638728323699422,1.0816159697378145,0.9679537785838215
22492537.txt,Human,7.818922792511693,225.8033050429395,0.007889594288045967,0.44758423393098595,0.4,0.11186903137789904,0.47346938775510206,0.7683197640294133,0.9764959542586396
22496394.txt,Human,7.383155957284306,166.936539203299,0.04482600453826398,0.4071320592657311,0.3443072702331962,0.5226960110041265,0.3991769547325103,0.7775448084518571,0.9686517445843756
22506245.txt,Human,7.54334221081212,186.54012910895412,0.02442040345802608,2.569944439448313,0.40264650283553877,0.04174573055028463,0.499054820415879,1.2656552947381476,0.9802697279572095
22510753.txt,Human,7.239373604287682,151.1014405267857,0.014173740527722323,0.7571160965292636,0.33001658374792703,0.7104825291181365,0.3714759535655058,0.820260206695285,0.9932400727506621
22546476.txt,Human,7.498139442453345,180.78603663632947,0.02607490003261697,1.72910861903456,0.3938931297709924,0.09494640122511486,0.467175572519084,0.9644876821210103,0.9946985411525218
22551979.txt,Human,7.8790485921041125,235.41274073080487,0.014666411796544498,0.42305442972285345,0.47002724795640327,0.0273224043715847,0.555858310626703,0.5086779374400854,0.9687656377380803
22556198.txt,Human,7.927715994986511,243.4895413352383,0.033815051140406345,0.6139597810718408,0.3408239700374532,0.2354596622889306,0.41292134831460675,0.663258764296534,0.9700437942203276
22560013.txt,Human,7.584209879534616,191.8998640889164,0.032056006670313324,0.7865862347101,0.3804347826086957,0.10354223433242507,0.4388586956521739,0.8487499768153912,0.9729778444454122
22561438.txt,Human,6.9615894091466295,124.63706962883283,0.04563591632482694,1.8633011502396994,0.5058365758754864,0.10196078431372549,0.6186770428015564,1.0298783505089755,0.9917265719777498
22567495.txt,Human,7.71567620650149,210.2083556596033,0.026841422321649076,0.7685263981477389,0.3788235294117647,0.07547169811320754,0.44588235294117645,1.0421225857021603,0.9750971020529605
22571461.txt,Human,7.471105442771024,177.42991277318168,0.01866354090006348,1.982222816234363,0.40266222961730447,0.05843071786310518,0.480865224625624,1.06023683348473,0.9814468152071585
22593054.txt,Human,7.62611665517371,197.55583596952133,0.013441079324359076,3.9623045585361596,0.5077951002227171,0.0447427293064877,0.6191536748329621,1.2561247216035636,0.9349353154802997
22605864.txt,Human,7.751142301606115,215.4399965473285,0.02620897902085013,0.6763376428007529,0.30116959064327486,0.115234375,0.3654970760233918,0.5529618917987275,0.98423660836723
22615491.txt,Human,6.572495427824927,95.17398855889415,0.05949599468412666,0.5399366073460331,0.5326633165829145,0.17766497461928935,0.6381909547738693,0.6136622845340991,0.9467455621301776
22622351.txt,Human,7.727536631805251,211.9436058215946,0.020030064010197874,0.46516116305777244,0.40212443095599393,0.0471841704718417,0.5022761760242792,0.5683550765454028,0.978402603680463
22632070.txt,Human,7.078784441990708,135.1843601775614,0.09759077311168271,0.42830107806674916,0.3951219512195122,0.18137254901960784,0.48292682926829267,0.8285128326621409,0.9671099220513013
22650051.txt,Human,8.091156636130851,272.6973057240696,0.01596924598409506,0.5256715684339451,0.46326276463262767,0.0299625468164794,0.5379825653798257,1.2430157542058469,0.9491293697824296
22675694.txt,Human,7.499618280067492,180.97144675823225,0.027921430119566253,0.5781250596684723,0.3048368953880765,0.0496054114994363,0.4015748031496063,0.6256280841344433,0.9622638526368483
22706174.txt,Human,7.382944022833718,166.91201773189957,0.023956067528363396,0.43069930022535097,0.34502923976608185,0.06744868035190615,0.4195906432748538,1.116626158142412,0.963793454032551
22718826.txt,Human,7.742187796550179,214.1069470044281,0.02067219207744648,1.222490543364254,0.4557522123893805,0.08875739644970414,0.5309734513274337,1.1000587847705106,0.980149442229976
22720697.txt,Human,7.573764123986231,190.51544145095818,0.05180639824044211,2.7023216978175024,0.37285714285714283,0.2148997134670487,0.4328571428571429,1.0041446054440633,0.9734941934274691
22732234.txt,Human,7.843045187173463,229.6105604763068,0.022800727986040565,1.136914545931765,0.42045454545454547,0.09746835443037975,0.5113636363636364,1.0574335841235853,0.9318530300709553
22754014.txt,Human,7.671191546777331,203.82561343978077,0.020734850348430204,0.5210754948833755,0.3771186440677966,0.06232294617563739,0.4604519774011299,0.7736974986598281,0.970997908929842
22765255.txt,Human,8.068640292932898,268.47432082744376,0.032170857109035056,1.4143896252486143,0.35050675675675674,0.15820642978003385,0.40878378378378377,1.2931662831177395,0.9810769913531101
22776912.txt,Human,8.15001637065319,284.0530080578551,0.025016023439068513,1.2733640361932175,0.3525423728813559,0.09168081494057725,0.4186440677966102,1.6574438681881751,0.9579077406594247
22800977.txt,Human,7.932986538174128,244.38069928631123,0.048514597329841744,3.9034818429264697,0.4191542288557214,0.07855361596009976,0.486318407960199,1.2835130733235325,0.9721534456568071
22807104.txt,Human,8.191721415851713,292.3841744111804,0.024069421365969713,0.6875654557921392,0.42179616548940463,0.10414560161779575,0.49848637739656915,0.6842350771012413,0.962632552140091
22848179.txt,Human,7.549033579180264,187.2774751414889,0.018430958155994118,1.344062042363497,0.4207920792079208,0.076158940397351,0.4933993399339934,0.8065602676723438,0.9857915198439325
22852364.txt,Human,7.5129585102238305,182.65260383754463,0.022038651887268206,0.5710296216356727,0.35868187579214195,0.12706480304955528,0.4309252217997465,0.5947019080210371,0.9864824779910574
22855060.txt,Human,7.640538170814524,199.5405534399964,0.029801890964554528,0.770704529922674,0.3772845953002611,0.21204188481675393,0.43994778067885115,1.4438212390109795,0.9762097707033263
22861181.txt,Human,7.680605879302418,205.16003030409212,0.016184728134515047,0.9808675989906855,0.40871021775544386,0.08067226890756303,0.5209380234505863,0.9762062284313493,0.9600963326574078
22884757.txt,Human,7.110163488690958,138.15686956031337,0.017864130340214744,0.5597904446403207,0.5288461538461539,0.08709677419354839,0.6057692307692307,0.7102927052897221,0.9313139624679998
22890839.txt,Human,7.921639076553081,242.46607200370624,0.04916836317651551,2.3510007138480478,0.3886792452830189,0.05926860025220681,0.4591194968553459,1.21864434814127,0.975396903209659
22894544.txt,Human,7.700836405801599,208.05720015375687,0.013841787859499372,1.252466957507687,0.3458856345885635,0.46013986013986014,0.4435146443514644,0.6212675312608331,0.9330478591027294
22925443.txt,Human,7.633428419808414,198.5596159337185,0.0436539588589598,0.7273200550871206,0.41287284144427,0.31496062992125984,0.4897959183673469,1.1989175046797709,0.941046954260191
22946204.txt,Human,7.996532519894678,255.38544946495833,0.02523633095012258,2.0229181211211187,0.4675862068965517,0.024896265560165973,0.5172413793103449,1.1833698151339198,0.945278790421692
22965804.txt,Human,5.786537225154688,55.19773737287604,0.009432952164606602,2.7998401053581823,0.49504950495049505,0.04040404040404041,0.6435643564356436,0.9848076429030409,0.9743275888921517
22968380.txt,Human,7.680423718764702,205.13412760039932,0.03756690348084436,0.8900910001234451,0.3737745098039216,0.09336609336609336,0.46200980392156865,0.8233097090855438,0.9579813270973926
22983516.txt,Human,8.19143086825379,292.3252964339058,0.04000653483711824,1.1196377735964285,0.4569672131147541,0.026748971193415638,0.5318275154004107,0.9369426346609633,0.951891452606868
22990761.txt,Human,7.797498329488541,222.4748324236482,0.021214188075910387,0.5334188842513172,0.3609022556390977,0.4723618090452261,0.42606516290726815,0.9958897606788617,0.9627242532648227
23004695.txt,Human,7.335962993943909,161.56411583367088,0.031035720488366905,0.48291102034743755,0.3541341653666147,0.405320813771518,0.42277691107644305,1.0050571389135374,0.9850541815655779
23009962.txt,Human,7.530103233837914,184.83616273518595,0.026803151201938116,0.5283446842038511,0.3770739064856712,0.07564296520423601,0.46153846153846156,0.664179710044879,0.9359257969408967
23011221.txt,Human,7.946347468793158,246.65444370218697,0.03034338052007488,1.4250393919186466,0.3698193411264612,0.3951011714589989,0.4250797024442083,1.4824282023843571,0.9711787799468682
23015611.txt,Human,7.948883721987924,247.08844278558374,0.01221258497859024,1.0768772008677048,0.4032059186189889,0.08034610630407911,0.48212083847102344,0.7992820918083343,0.9887876863186844
23032182.txt,Human,7.695389014162634,207.2730898611731,0.06947084129098917,0.7864958640935837,0.23693086003372682,0.7170608108108109,0.2917369308600337,0.8716032654322731,0.9632498070464792
23032276.txt,Human,8.085395618668242,271.6105331529268,0.01475029415549613,0.8367277569767467,0.29404309252217997,0.34581218274111675,0.3472750316856781,0.6168273457382666,0.971175217138783
23048999.txt,Human,7.623503511247122,197.19832827194065,0.03482894093479602,1.1930107721008036,0.40589198036006546,0.08032786885245902,0.5032679738562091,1.094993775897189,0.9793619335014815
23063986.txt,Human,7.9429130828406045,246.0679725153898,0.029000766225359808,1.2272492012048015,0.35665914221218964,0.334841628959276,0.4255079006772009,1.8318913769511163,0.9635171310814163
23085604.txt,Human,8.766311999083259,435.43452740158074,0.031007590797737034,1.3009662259271715,0.26490683229813666,0.11124922311995028,0.3173913043478261,0.9068206644831869,0.9799869545596334
23110214.txt,Human,8.055845121411336,266.1037666589104,0.03425190929253448,1.2697711741655562,0.35348837209302325,0.11090400745573159,0.41209302325581393,0.783289915456127,0.9591716933456306
23138078.txt,Human,7.7667759780231584,217.78729407296493,0.025418292843547075,1.4536835963366972,0.4849921011058452,0.08240887480190175,0.5466034755134281,1.3582642659187556,0.9743533741626531
23139437.txt,Human,6.599509886700025,96.97291095966331,0.023392660530103044,1.5838616420324134,0.37318840579710144,0.13503649635036497,0.463768115942029,1.0128253637183975,0.9851542890631052
23139819.txt,Human,7.7504812233511915,215.3412992709676,0.01758077364931658,0.6173432132560478,0.3669833729216152,0.04523809523809524,0.43705463182897863,1.042929720832465,0.9741113298314682
23143731.txt,Human,7.732109939620192,212.61652785164517,0.010880185246296475,1.5640668203098935,0.386013986013986,0.12342215988779803,0.45734265734265733,0.7277629926471424,0.9492895566203834
23155093.txt,Human,7.709690586961993,209.33802570608432,0.03252230744393808,1.3995549547889274,0.4022038567493113,0.12430939226519337,0.48760330578512395,1.0053492995885869,0.980029362555955
23185829.txt,Human,7.795561951700658,222.17642816263248,0.009281164787624354,0.5604838007553143,0.3691460055096419,0.10497237569060773,0.4820936639118457,0.5421116276464816,0.9301610579572422
23190306.txt,Human,7.470907284826587,177.40554398330548,0.018428597295735538,1.157739281076544,0.38571428571428573,0.08121019108280254,0.4666666666666667,0.8200777234673996,0.9698635402796993
23234047.txt,Human,7.882682988190484,236.00653339323972,0.03659292184848477,1.4770721525416222,0.43776824034334766,0.04591104734576758,0.4907010014306152,0.8059671331833029,0.9729535707571566
23246831.txt,Human,7.762445172387847,217.13450179994265,0.019736789329314282,0.614920210947302,0.39092240117130306,0.08516886930983847,0.4890190336749634,0.5411292415708708,0.9666932993144641
23296286.txt,Human,6.7996607831983535,111.40427485034822,0.04037590204909993,0.47406851354621726,0.3684210526315789,0.3203342618384401,0.4515235457063712,0.6391176651257328,0.9524663421536427
23302948.txt,Human,8.100231363304703,274.41801097396535,0.022358602495684603,1.551363219814597,0.4087870105062082,0.05933014354066986,0.47277936962750716,0.7837215340715568,0.9829958280451142
23323001.txt,Human,8.075681469722229,269.78783177221015,0.02211817193134014,2.3788070187304147,0.4014167650531287,0.08875739644970414,0.4781582054309327,1.0422102395600348,0.9587000262593776
23354541.txt,Human,6.409234379814047,84.9907765916365,0.027863971590821,0.7848342578983071,0.41796875,0.1732283464566929,0.48046875,1.1846684477332414,0.9710812939312302
23387174.txt,Human,7.791426328698963,221.54045021170265,0.010383744281999598,1.0267033513279527,0.3722149410222805,0.12483574244415244,0.43774574049803405,0.9793298417969665,0.9820898040404963
23396633.txt,Human,7.959077151498977,248.84043989321557,0.05711186635846832,2.6222545059249556,0.3853932584269663,0.10247747747747747,0.45280898876404496,1.0498234330286247,0.9779325651663333
23398733.txt,Human,6.772337294691619,109.31422155837102,0.01741492151434133,0.9880751306991561,0.6631016042780749,0.0,0.732620320855615,1.1282481070364088,0.9980836420087873
23398843.txt,Human,7.45298671197325,175.21551423561826,0.016575239894895736,0.5983736388399691,0.3625,0.40282131661442006,0.4171875,1.2128178445353768,0.9557981634607737
23408537.txt,Human,7.899846929119708,238.83110435387556,0.022748112657837712,0.7138528862726682,0.47244094488188976,0.06003159557661927,0.5574803149606299,1.266498108064866,0.966318417075126
23416654.txt,Human,7.906512083738462,239.9370407949601,0.03088012252154889,1.368645342632696,0.4131994261119082,0.13525179856115108,0.48493543758967,1.0879462467719907,0.9676588431743675
23427369.txt,Human,7.704785940238548,208.62755970097257,0.02248972410497986,0.5223336337552399,0.42362204724409447,0.06951026856240126,0.5133858267716536,0.7113740164192233,0.9282959135715031
23438112.txt,Human,7.608339282446575,195.13642364179526,0.07697835168328898,1.5013872011711717,0.40327868852459015,0.11019736842105263,0.4721311475409836,0.6913950055210196,0.9665804502931556
23438227.txt,Human,7.90716390054899,240.04547003853952,0.01519945989567773,1.593430865206138,0.45549738219895286,0.06299212598425197,0.524869109947644,1.1344295930438404,0.9387946758761596
23464505.txt,Human,7.493245076236165,180.1737562611839,0.0279127247380596,4.776992259218825,0.5223529411764706,0.0425531914893617,0.5835294117647059,1.3523859572925303,0.9682156682379935
23477199.txt,Human,7.393679970016351,168.15874184011815,0.015591079673324622,0.8899655082529839,0.2437070938215103,0.7522935779816514,0.2723112128146453,2.4093473548801247,0.9571624805277139
23497307.txt,Human,7.41581388292572,170.75853533244614,0.013201965987253312,1.745776600033197,0.23875432525951557,0.8219653179190751,0.2837370242214533,0.6648763325914441,0.9658993994523254
23510685.txt,Human,7.782300653007689,220.1435329026196,0.02884988680288891,1.366190093451804,0.37844611528822053,0.059045226130653265,0.43859649122807015,1.146531573797558,0.9748649478741344
23513618.txt,Human,7.802655536312784,223.2715370998605,0.019785233909145848,0.9846440429542146,0.43502051983584133,0.038408779149519894,0.5020519835841313,1.0075452534654838,0.9899930859875977
23522150.txt,Human,7.751381841049057,215.47577033166638,0.03132540462396335,0.4834558455533508,0.46614173228346456,0.13428120063191154,0.5464566929133858,0.7541754406893455,0.9489928002580948
23527321.txt,Human,7.351859265912564,163.3541465280023,0.04296705643647536,0.3711238162740151,0.3394736842105263,0.1662269129287599,0.4026315789473684,0.4671123053583309,0.9948387308187144
23568641.txt,Human,7.098712923177009,137.0646686373675,0.008726481600507251,0.9408258506441809,0.48823529411764705,0.023668639053254437,0.5823529411764706,0.523816428263787,0.970581635713848
23568731.txt,Human,7.617545622157694,196.38563874857556,0.02393500271899357,0.2589570817937566,0.2693310165073849,0.6568201563857515,0.32003469210754554,0.41539905699856416,0.9632377015775045
23573064.txt,Human,7.493813484645955,180.24475702903217,0.04734355924118709,1.1775069096602675,0.38493150684931504,0.08241758241758242,0.4465753424657534,1.3082335221188806,0.9377394490189465
23577836.txt,Human,7.569840571383118,189.9980196749017,0.036859229388622385,0.5408078332145191,0.24115456238361266,0.8134328358208955,0.29236499068901306,0.7112894505859733,0.9758092675332425
23591247.txt,Human,7.054190333918735,132.8993588081919,0.037781900717933956,1.366411795976161,0.5683453237410072,0.014492753623188406,0.6294964028776978,0.8256100971424064,0.949822858992278
23602130.txt,Human,6.972385563956674,125.5732678049462,0.011979444631766189,0.4798599381929898,0.49710982658959535,0.07267441860465117,0.5722543352601156,0.8555365514815654,0.9717763272656182
23617240.txt,Human,8.108819050500351,276.0563640734778,0.03178771660349046,0.8340617814788496,0.33407572383073497,0.14869888475836432,0.3994060876020787,0.9701267065343021,0.9838106973824408
23628651.txt,Human,7.672843658845388,204.05915942936724,0.04331701662285849,1.451501056207349,0.38405797101449274,0.20348837209302326,0.4608695652173913,0.7527212312389441,0.9653106491456785
23631188.txt,Human,8.021103423688743,259.7722337670951,0.03092845600178945,1.052209648594924,0.3196794300979519,0.17484388938447815,0.40338379341050756,1.1744009445778776,0.9835907885793366
23631724.txt,Human,7.553144995592917,187.8119428223967,0.023434373675114625,1.9027000328801302,0.3832167832167832,0.211781206171108,0.4405594405594406,1.001194017196323,0.9854696254161399
23636277.txt,Human,7.8633492314739195,232.86487496243518,0.04675576311206805,0.7640585920158134,0.3598014888337469,0.07577639751552795,0.4275092936802974,1.074869107938952,0.9916711949498026
23666211.txt,Human,7.954373468134331,248.03045537537133,0.02075559572839638,1.3071192843287205,0.47540983606557374,0.0273972602739726,0.5450819672131147,0.9888155600637132,0.9802273928546982
23673025.txt,Human,7.6206454732747915,196.80805700522504,0.012028402709783056,10.777055965978477,0.2788649706457926,0.8990196078431373,0.31702544031311153,0.9194424216191691,0.99296363270127
23719943.txt,Human,7.758763360974566,216.58107295970652,0.022856602826260848,1.015522981596742,0.40877914951989025,0.048143053645116916,0.5075445816186557,0.5321011979158665,0.9774919753921975
23734441.txt,Human,7.677970437870227,204.78559656759757,0.07996885923388655,3.6537677533543818,0.3374536464771323,0.06939281288723669,0.4363411619283066,1.4502079678005872,0.9595975012476718
23752500.txt,Human,7.569221415630113,189.9164964672791,0.03804496170728518,0.7936270869387164,0.2770475227502528,0.4457953394123607,0.3356926188068756,0.7237278259018756,0.978086470118646
23760084.txt,Human,7.460516534399809,176.13240288680268,0.0318410118842102,0.45825217419238806,0.3391188251001335,0.3373493975903614,0.40053404539385845,0.6080220834668296,0.9589824116277262
23761385.txt,Human,8.143191865875377,282.71250067406226,0.01691044809191904,0.5234924556354823,0.4297520661157025,0.043478260869565216,0.5103305785123967,0.6277511662498911,0.9681791948274857
23771896.txt,Human,7.708708845042373,209.1956213868688,0.018862030921753717,0.8368568217163019,0.386013986013986,0.11640953716690042,0.49230769230769234,0.8363293523001344,0.9893396671732733
23782450.txt,Human,7.7103536307023095,209.4342568317893,0.021013756087810923,0.6945918364329967,0.39511494252873564,0.33861671469740634,0.4755747126436782,0.6812710489641938,0.9846086548071016
23804341.txt,Human,7.46019927250562,176.09367401177295,0.01771200075057941,1.3579990133242061,0.425569176882662,0.09490333919156414,0.5061295971978984,2.749159525959828,0.9518553987349995
23807940.txt,Human,7.6060903660093135,194.83247607624946,0.027566901417657486,1.425437409667735,0.3275686673448627,0.16819571865443425,0.37639877924720244,0.849430841397432,0.9532866299396984
23810469.txt,Human,7.508462234588055,182.08423838149142,0.015275311381945253,2.9860624966560088,0.302158273381295,0.06009615384615385,0.381294964028777,0.8809021294494925,0.9881202301661912
23814777.txt,Human,7.71133010368788,209.57605819177175,0.028105458114742264,0.5628724793077451,0.4865293185419968,0.1589825119236884,0.5388272583201268,0.7222127566338891,0.9839244182059415
23818675.txt,Human,7.884377465072113,236.2838910783362,0.061006973258630436,0.9300359263384901,0.3550583657587549,0.2005842259006816,0.4101068999028183,1.0188985605566603,0.9647624455430772
23841877.txt,Human,7.605518174892094,194.75521837143276,0.031099476909351276,0.8056512124315819,0.4083457526080477,0.16143497757847533,0.488822652757079,0.6140387835845789,0.9790537507134708
23864648.txt,Human,7.967230409194057,250.2507199224853,0.020103488812566843,0.4211126264275332,0.45066666666666666,0.03346720214190094,0.5393858477970628,0.5941237755184146,0.9897461955651471
23864858.txt,Human,7.71208846318681,209.68625180129914,0.0311409974224663,1.040079648424144,0.3897058823529412,0.07227138643067847,0.46176470588235297,0.7754651209733123,0.9702890863233358
23914451.txt,Human,7.717431005530998,210.4641947909991,0.020484112954642194,0.9205080857475123,0.4317817014446228,0.1288244766505636,0.5136436597110754,0.8825587330319925,0.9572001487441092
23917826.txt,Human,8.1078073517172,275.8628457088109,0.017217128501010395,0.798780062069784,0.3766990291262136,0.037937743190661476,0.4796116504854369,1.7757147667740836,0.9410215721299827
23918545.txt,Human,7.663261604303789,202.70833549102056,0.03163626794024329,0.6047170524719693,0.42296918767507,0.10252808988764045,0.5,1.2770572412694825,0.9670770786765506
23929500.txt,Human,7.544496690234802,186.68946276872052,0.06444349675430537,0.5398588608415116,0.38845553822152884,0.21439749608763695,0.44929797191887677,1.2761731978210005,0.9431022185006939
23933031.txt,Human,8.0972079987808,273.843532706775,0.007274499767391214,4.770676769871883,0.3452958292919496,0.061224489795918366,0.4238603297769156,1.330958272525241,0.9211202211647969
23939133.txt,Human,7.615782773719691,196.14581904949256,0.01612097227984118,0.9301269640145731,0.36341161928306553,0.04337050805452292,0.45241038318912236,0.6728516600247524,0.9821923204569867
23944036.txt,Human,7.5027202123161825,181.36097127568232,0.024806243094702064,1.513173567454442,0.3796940194714882,0.07520891364902507,0.4486111111111111,0.6930357805819337,0.9896410154223844
23951429.txt,Human,7.210466468613203,148.1039664625034,0.008483058546993971,1.1361579992859776,0.6072727272727273,0.04395604395604396,0.72,1.0216486433276477,0.9737497954738622
23955183.txt,Human,7.833325238957627,228.06879223900853,0.02143970421107356,0.8318799742769424,0.43448275862068964,0.1592797783933518,0.5082872928176796,0.6183277248132795,0.9914719838964509
23985183.txt,Human,7.759442817619249,216.68309875399743,0.04947396741517944,1.0300979961805312,0.42780026990553305,0.017591339648173207,0.5060728744939271,0.7802627720360481,0.9913690786630688
24001783.txt,Human,7.459058168815537,175.954447294421,0.06430323201703232,2.215889430133679,0.4228855721393035,0.16638935108153077,0.4925373134328358,0.6919907394984143,0.9964087375304261
24020470.txt,Human,8.211224644635747,296.36363927132646,0.03841650560813632,1.0960216546141897,0.39963503649635035,0.10877513711151737,0.4771897810218978,0.6493247473585969,0.953356254251817
24025053.txt,Human,7.64973803621978,200.81706149807252,0.023360849498497736,0.7406587995096136,0.4470404984423676,0.0328125,0.5093457943925234,0.693459951315834,0.9887515801110361
24038620.txt,Human,7.569448028267306,189.94633011690257,0.05242324604197813,0.5898008906030636,0.3129855715871254,0.09121245828698554,0.3895671476137625,0.544125499911921,0.9339097371645052
24061629.txt,Human,8.184175915994826,290.8589557065242,0.028912312740023358,0.7177169147890639,0.4294541709577755,0.12280701754385964,0.505664263645726,1.06928742921598,0.9788005945039384
24068423.txt,Human,7.719847950654614,210.81708069462115,0.04757797264952343,3.030939443198873,0.4062927496580027,0.09053497942386832,0.45690834473324216,3.1588472454102474,0.9930476241700859
24083609.txt,Human,6.943331053550978,123.06963623994544,0.034117465881844986,1.8202394793241343,0.5769230769230769,0.0603448275862069,0.6794871794871795,0.6705135922308026,0.9684645456787271
24103168.txt,Human,7.5692062169366245,189.9144957205294,0.010561845357652592,0.40710922740611494,0.42615384615384616,0.06944444444444445,0.5015384615384615,0.47954015388654203,0.9843951654419898
24124250.txt,Human,7.818282673391915,225.70313907069746,0.013916497944948841,0.6956799010317454,0.4314868804664723,0.027777777777777776,0.5364431486880467,0.9475523425096194,0.9714704142611613
24154692.txt,Human,7.915099838482958,241.36954405646702,0.022140444580389516,1.3979934266933163,0.48005698005698005,0.024285714285714285,0.5641025641025641,1.0890083024936708,0.9645821954166849
24184357.txt,Human,8.090281032673438,272.53184992586415,0.054799417610555,1.1778178559393653,0.3590449954086318,0.06347746090156393,0.4288337924701561,1.0503055115469817,0.9618683781518715
24219583.txt,Human,7.686535046606001,206.00492902932703,0.028053459757514068,0.8718755157943154,0.408955223880597,0.16467065868263472,0.49850746268656715,0.7323712611556576,0.9823048576399995
24221960.txt,Human,7.6585110801426985,202.04195270344036,0.028725466774399973,0.8743615742086696,0.5031055900621118,0.07484407484407485,0.5859213250517599,0.7500870509624136,0.984947230455904
24230851.txt,Human,7.2654758000451745,153.86014896686822,0.014296443362738906,0.5719170904191511,0.3153724247226624,0.49761526232114467,0.3787638668779715,0.9903208365909537,0.9746792990884581
24240349.txt,Human,7.783975118844163,220.3991911107473,0.026025984453111387,1.6852989521704589,0.43823529411764706,0.05457227138643068,0.525,0.641354025094203,0.9662246390100651
24251588.txt,Human,7.778618903051921,219.58244404750656,0.0172684615929893,0.5839747637250091,0.3972602739726027,0.06593406593406594,0.4794520547945205,0.597643712533474,0.9544029189936282
24285142.txt,Human,8.097606411313457,273.91916737559376,0.030393902074189794,2.2742911735934577,0.42409638554216866,0.15579710144927536,0.4734939759036145,1.1808514880310044,0.9214511426170977
24294778.txt,Human,8.423222038083834,343.27525118140886,0.021842820574614896,1.0804455426182566,0.40554156171284633,0.03532380151387721,0.5029387069689337,1.12756644968391,0.9703042237444086
24322804.txt,Human,7.6099150760748255,195.34967919274416,0.01637815543009824,0.779741092144188,0.33689839572192515,0.064343163538874,0.4318181818181818,0.5148878072822336,0.9139214194759998
24349611.txt,Human,8.403435904036725,338.59946982061496,0.020873336868405173,1.2130242088936987,0.3862229102167183,0.11085271317829458,0.4481424148606811,1.0086861695673592,0.9771559172264314
24361598.txt,Human,7.50552990464402,181.71452142832314,0.008718941950872047,1.53970953613274,0.25806451612903225,0.8620689655172413,0.3139784946236559,1.2422298466705481,0.9867534020595664
24397882.txt,Human,7.828972265276056,227.3816884521907,0.04619960910431684,1.72388316161513,0.37055214723926383,0.0897908979089791,0.44171779141104295,1.1235328816462296,0.9687130189559996
24402267.txt,Human,7.675978427559309,204.50303267953961,0.03922865187390576,0.7907521187800985,0.4112271540469974,0.049738219895287955,0.4804177545691906,1.3230720451973055,0.9847179441613794
24410405.txt,Human,7.7591921132435315,216.64544791323752,0.05569411724668384,0.7012064084289327,0.4237536656891496,0.09558823529411764,0.49560117302052786,1.584716347405308,0.9513417177238735
24411323.txt,Human,7.135104809692745,140.5660917155721,0.025436808191204866,1.2526780913909035,0.46113989637305697,0.09895833333333333,0.5440414507772021,0.47042403243828185,0.9249120078774663
24412546.txt,Human,7.224404061377746,149.5417033896394,0.12208097238695922,1.8657264482496219,0.23466666666666666,0.44434550311665183,0.29333333333333333,1.0190293068074086,0.9783331128939005
24416961.txt,Human,7.407056165234234,169.72510471926412,0.03382176947136795,1.8494162279888169,0.31402085747392816,0.13588850174216027,0.3765932792584009,0.9492630344795664,0.9814832669557728
24444525.txt,Human,7.453147145779882,175.23500002727476,0.023645904565184138,0.5419985108160146,0.397456279809221,0.22009569377990432,0.465818759936407,0.6419004124000045,0.9445093373015755
24455357.txt,Human,7.439473668395381,173.58201525503563,0.01204958423093343,1.2595182606891737,0.3974358974358974,0.18382352941176472,0.48717948717948717,0.7677630421740568,0.9833009865542696
24491862.txt,Human,7.671312795227461,203.84274428001743,0.012305161145188927,3.150015414146593,0.42967542503863987,0.12093023255813953,0.5146831530139103,1.9346859141761275,0.9663569153409648
24508725.txt,Human,8.473542537200725,355.4597844788386,0.041372885888152355,0.8594053920429603,0.25122059476253883,0.4753223654957759,0.3171923589515771,0.8254992475089081,0.948523128585616
24516163.txt,Human,7.5835853935911075,191.81681616036167,0.022426218991370074,0.5294121359668092,0.3969465648854962,0.07656967840735068,0.47938931297709925,0.7637539354886114,0.9616339004176019
24530382.txt,Human,7.720680352846175,210.93875244787532,0.017501083367534143,4.1989707271498595,0.34509371554575524,0.09502762430939227,0.41675854465270123,1.4457585623896734,0.9785378068363254
24533931.txt,Human,6.619657961213464,98.33669485822435,0.008134618900787628,0.8022320991911219,0.47863247863247865,0.3275862068965517,0.5598290598290598,0.8339248393820213,0.9696886301462944
24544244.txt,Human,8.073606528118185,269.4000910408427,0.01692184916883911,1.1116174706668516,0.44627054361567636,0.05576679340937896,0.5297092288242731,1.6323846433685054,0.929983786839543
24548333.txt,Human,7.644656887961908,200.1110311465721,0.035590883125707545,1.672802884209095,0.41491085899513774,0.07967479674796749,0.5056726094003241,0.9284871977687065,0.9404585505738821
24550866.txt,Human,7.706572016753976,208.88600346547753,0.021013168779049806,0.6557027118312521,0.4305343511450382,0.24539877300613497,0.5015290519877675,1.0232780695506063,0.9725967088648324
24553863.txt,Human,7.7183341396066,210.5959876423773,0.02834574238965309,0.6612708255316899,0.36977886977886976,0.10714285714285714,0.45454545454545453,0.542856798610227,0.9459308696566489
24559558.txt,Human,7.825221100372105,226.7912391409338,0.01401575752611961,1.8695537505680593,0.45746164574616455,0.025174825174825177,0.5369595536959554,0.7973069004380605,0.9698814097654699
24574164.txt,Human,8.258321235372753,306.19803947913266,0.019795656300011368,0.44004973917788887,0.3409090909090909,0.06,0.4228650137741047,0.5740528131525205,0.9635191476829981
24580361.txt,Human,6.998017940226746,127.82426677361903,0.009800526234225875,0.5260227810503576,0.5854700854700855,0.08189655172413793,0.6752136752136753,0.9935220902331766,0.9751060173860049
24583187.txt,Human,7.9424106265027925,245.98228782031512,0.013140439275272513,1.701050954591567,0.5094043887147336,0.029874213836477988,0.5768025078369906,1.098339105374,0.9506913513947706
24588864.txt,Human,8.240024127045299,302.33917748116147,0.02454797788799471,1.6764394830114089,0.2599171107164002,0.38292827504445764,0.32267613972764947,1.6637047085066288,0.9728649818264836
24589765.txt,Human,7.71965936355544,210.78952477866102,0.019486912119828927,0.72743821935244,0.36437718277066355,0.176196032672112,0.42956926658905703,0.8281158338206066,0.974292443422705
24590489.txt,Human,8.091446332118004,272.75206937478987,0.011016400643730712,0.40906227358620173,0.358600583090379,0.03213242453748783,0.47230320699708456,0.5714285714285714,0.9740714237098417
24592627.txt,Human,7.268058284396156,154.13581170697472,0.017543953942390302,1.8840495714021706,0.319935691318328,0.15806451612903225,0.4003215434083601,0.783921127023504,0.9788748042056578
24610685.txt,Human,7.846978515929494,230.23741927547064,0.05656399213090249,2.2946443460652852,0.4233206590621039,0.19695044472681067,0.4917617237008872,1.058291618778924,0.9796872558895396
24611721.txt,Human,7.731771213046295,212.56661403611704,0.03243078672236989,0.5214497035985515,0.4181523500810373,0.061788617886178863,0.5072933549432739,0.9592569120600606,0.978648869876797
24643412.txt,Human,7.8407070395841005,229.23873652445792,0.022179145007124132,0.8094224950582865,0.3118172790466733,0.11343283582089553,0.37040714995034757,0.9644249987283019,0.9585477389760474
24647386.txt,Human,7.599179159490459,193.90136636422952,0.018432777216758758,0.31699609841543,0.3036649214659686,0.09233997901364113,0.3769633507853403,0.5179191442602618,0.9226990261721154
24647794.txt,Human,7.580429234950549,191.39764055426025,0.04097206967139403,1.6703566132230883,0.39164086687306504,0.029503105590062112,0.4473684210526316,0.79592480940084,0.9784406459141896
24655918.txt,Human,7.676616110987671,204.5934447321931,0.00881820476521452,1.9589059688737052,0.5109649122807017,0.0420353982300885,0.6101321585903083,1.0447738982711279,0.9750326471136271
24658786.txt,Human,8.01267071564679,258.25826601907676,0.03165969926138261,1.4258194441160328,0.4126163391933816,0.10984455958549223,0.47466390899689764,1.0646543655224,0.9630815159590396
24668861.txt,Human,8.511751498180143,364.9997076380243,0.0368679538747496,1.7043590351803437,0.3583502366463827,0.3182125930941097,0.4164976335361731,1.2859137004625838,0.9780768756521043
24670867.txt,Human,8.006999329352206,257.24501844615236,0.02226273979008364,0.7512001221187047,0.3192923336141533,0.11223628691983123,0.392586352148273,0.8916677332365477,0.9602187391649345
24673903.txt,Human,6.855801451038159,115.82488590816536,0.005010492351931367,0.8999082734045197,0.5502183406113537,0.00881057268722467,0.6768558951965066,0.6041370691885157,0.9085686303820656
24677466.txt,Human,7.562200273207873,188.99447809489087,0.018546586556677933,2.8593267106522653,0.37466666666666665,0.10026737967914438,0.43466666666666665,1.6717568492346497,0.9875096368809941
24679149.txt,Human,7.641558108319984,199.68167186492414,0.016837143361789098,1.1603372005347514,0.3930131004366812,0.08029197080291971,0.4556040756914119,0.9208300419802111,0.9396394463029413
24695561.txt,Human,7.865938434763883,233.2831725582829,0.049241235423158856,1.407288194878693,0.3394495412844037,0.1644535240040858,0.40672782874617736,1.038302379548186,0.9611697103476222
24703009.txt,Human,7.845522238260077,230.0051314830825,0.030677604621926854,0.712377006802138,0.3926767676767677,0.13164556962025317,0.48863636363636365,0.6865147902652722,0.9808572680590408
24703983.txt,Human,6.428200363346484,86.1154603410467,0.0264012347040115,0.7736365609054319,0.38321167883211676,0.22058823529411764,0.4416058394160584,0.7078159560491495,0.9914447909170865
24708621.txt,Human,7.4145523466185175,170.60928415366394,0.021787147871300237,1.288853123996768,0.4306418219461698,0.016632016632016633,0.5217391304347826,0.7406393801330269,0.9852549896061781
24709432.txt,Human,7.8100099178802305,224.41260738745362,0.02028096880536728,0.9475903142656775,0.43300653594771243,0.06710310965630115,0.5301794453507341,1.147999270408434,0.9713602087064106
24710433.txt,Human,8.422964298448415,343.21393002004186,0.024209347845236765,0.8213423139276465,0.39692307692307693,0.053158705701078585,0.4746153846153846,1.2856049493125004,0.9817219429031635
24727739.txt,Human,7.897397506645151,238.42595847692425,0.015805056457858256,0.8339080817951977,0.36685082872928176,0.046511627906976744,0.44972375690607735,1.064642834836617,0.9697405013956925
24740005.txt,Human,7.603193404282308,194.44164093527735,0.026758084442500475,1.873246383679348,0.28886554621848737,0.7863157894736842,0.3403361344537815,0.9966431170808633,0.9664445395730323
24754689.txt,Human,7.687881029569925,206.19721395655822,0.019001954027782257,0.5357325827002014,0.36771844660194175,0.22141119221411193,0.4441747572815534,0.5407346095307368,0.9750504866366825
24763208.txt,Human,7.867192788806897,233.4860892722294,0.020941154258325833,0.485563614518976,0.27332361516034986,0.2875912408759124,0.34475218658892126,0.6142254290373281,0.9539305692097605
24767027.txt,Human,7.869274936447458,233.82330779799292,0.2133492980886221,1.053828280965906,0.3886075949367089,0.09517766497461928,0.48860759493670886,0.8634515926891003,0.9792045721634828
24770846.txt,Human,7.402300542054139,169.16655300943214,0.012020281119806133,0.738417352285119,0.4117647058823529,0.07383966244725738,0.5315126050420168,0.6860796286821764,0.970787016681603
24773845.txt,Human,8.129484088468839,280.0390269243319,0.01666849217998378,0.4504541603494954,0.35356200527704484,0.19559471365638767,0.4397537379067722,0.623613555778423,0.9546583360642029
24791126.txt,Human,7.741605378784643,214.020529210782,0.07873200930823869,1.8275524262538272,0.45643153526970953,0.1276005547850208,0.48824343015214383,1.3772786775949448,0.993513974648676
24799301.txt,Human,5.802775197966426,55.82251417744131,0.06315978778023022,0.8553115816753407,0.43410852713178294,0.4645669291338583,0.49612403100775193,0.5269037354408196,0.9881517071477668
24817041.txt,Human,6.874315082882487,117.32080644537047,0.03692405722486558,3.3148364652352265,0.5443037974683544,0.15319148936170213,0.6160337552742616,1.4415653650225415,0.9503137115149944
24828381.txt,Human,7.848512715344989,230.48238996414614,0.02174878381248475,1.9149168416421762,0.37772397094430993,0.1104368932038835,0.4467312348668281,1.0236449497064788,0.979629904808763
24833063.txt,Human,8.175938802229204,289.20301894888195,0.02860862146790661,0.6272553962311701,0.31601423487544483,0.06058446186742694,0.38149466192170817,1.3876817400008883,0.9680610476953077
24854026.txt,Human,7.221836620506427,149.27581348163392,0.03256064540315534,0.7285926454870457,0.44819277108433736,0.03631961259079903,0.5132530120481927,1.0138048119687635,0.992029429390643
24889109.txt,Human,7.667332816537436,203.28117601596293,0.020744790979520488,1.3776174501229814,0.4614065180102916,0.04647160068846816,0.5145797598627787,1.5928636170060702,0.9807053117833592
24905947.txt,Human,7.7400691632105705,213.79275641353593,0.02475942538562379,1.5280263442031587,0.4509493670886076,0.07936507936507936,0.5474683544303798,0.8890047123908211,0.9826641584377352
24913648.txt,Human,7.8219848114660095,226.28306565664582,0.03943229224246306,0.49955880915373935,0.38122171945701355,0.0691609977324263,0.46153846153846156,1.0833294615268176,0.9471788723253485
24946537.txt,Human,7.872626527958267,234.36714499046698,0.034532201521590034,3.948249856483023,0.23642384105960265,0.8972148541114059,0.2860927152317881,1.9047180423544137,0.9743522204460303
24953126.txt,Human,7.623369991812735,197.18007868339245,0.01897431133899384,0.3842391539397616,0.29890764647467727,0.16517412935323383,0.365441906653426,0.7366130749923345,0.9741609177048348
24953921.txt,Human,7.95664114676669,248.4206248994411,0.021668870485618545,2.2206085887596267,0.4242053789731051,0.09313725490196079,0.4889975550122249,1.254416142419284,0.9096427310148723
24964303.txt,Human,7.333037023212812,161.23677512465287,0.03082621008524578,0.5391962862368215,0.35302806499261447,0.2518518518518518,0.42097488921713444,0.687928987985244,0.9526224817980636
24967652.txt,Human,8.064321934812599,267.67190949548944,0.023390049259186762,0.7174922907022869,0.35413153456998314,0.055790363482671176,0.43544303797468353,0.6997642467230692,0.9577013558683186
24977396.txt,Human,8.115904454859352,277.415474552285,0.008536163251837517,1.1532565704407467,0.4216589861751152,0.042725173210161664,0.5264976958525346,0.5597590741234478,0.9821538784895846
24983760.txt,Human,7.613665580874311,195.8581810207212,0.0354674664912602,9.615036079177692,0.431496062992126,0.1358609794628752,0.48031496062992124,1.3229680597639693,0.974457349097725
24989856.txt,Human,7.5362503163025485,185.6253989423641,0.014118949438216713,2.0330082132613185,0.392914653784219,0.1423948220064725,0.4774193548387097,1.0870584850153706,0.8958272575139483
24994145.txt,Human,7.508472327050061,182.08551216744993,0.015773803672844505,2.333519389283517,0.5075593952483801,0.03253796095444685,0.593952483801296,1.759665899746395,0.9925930357906343
25001005.txt,Human,7.661814733923966,202.50514239999714,0.0381996191050155,1.1502582091440527,0.3977110157367668,0.0703012912482066,0.4792560801144492,0.5993349900850358,0.9709284377875387
25023614.txt,Human,7.572933829427936,190.40582824800256,0.031190844437869965,0.7394069327625661,0.38516405135520687,0.06876790830945559,0.4928571428571429,0.6553726755053633,0.9467445096275863
25038571.txt,Human,7.184519313262325,145.46409780263133,0.0191710201282821,1.4426013565431812,0.26495726495726496,0.5514285714285714,0.33475783475783477,0.7025548343221231,0.9801484281084059
25047127.txt,Human,7.4832122323497625,178.92513182488005,0.035290418372000226,1.752409423060604,0.5081585081585082,0.20608899297423888,0.578088578088578,0.5681558179455432,0.9738898112851302
25061645.txt,Human,7.065691229173004,133.9630417681236,0.039917724179081474,1.3441347698451338,0.45614035087719296,0.07647058823529412,0.5350877192982456,0.9169390487929663,0.966771299316741
25067742.txt,Human,6.944584995576335,123.17665073005928,0.014875834691788705,0.9280196780045848,0.4481707317073171,0.34355828220858897,0.5213414634146342,0.9634164895367698,0.982266160442788
25070914.txt,Human,8.135177019941365,281.146255104187,0.025584763031679607,1.4669788433560669,0.3963963963963964,0.05015045135406219,0.47147147147147145,0.9096760067554465,0.9537620825633163
25080805.txt,Human,7.423258615961243,171.64197732093004,0.05880216178734663,1.7021432636735534,0.29174664107485604,0.34423076923076923,0.3474088291746641,0.8386122513652482,0.9657928586951602
25098739.txt,Human,6.631999567977903,99.1815294623747,0.044085413081220166,0.5476797176144225,0.49523809523809526,0.057692307692307696,0.6285714285714286,0.3978684703867488,0.9412520329546669
25101183.txt,Human,7.700518346721303,208.01133655409137,0.015078117787705332,0.562641921628971,0.3318777292576419,0.061269146608315096,0.4104803493449782,0.5032934269372377,0.9723762982671621
25127518.txt,Human,7.246475150803181,151.84705843359498,0.01451944440355398,0.669397507173904,0.42018779342723006,0.06382978723404255,0.508235294117647,0.9398101193120872,0.9835281629042346
25128608.txt,Human,7.53442392401803,185.3905535442202,0.02051996158504522,1.815759057913137,0.3996983408748115,0.10136157337367625,0.4645550527903469,0.9737878282993833,0.978792882176848
25142074.txt,Human,7.4546289854552255,175.4150821456426,0.05463910804230769,0.4918541445792513,0.5282051282051282,0.07989690721649484,0.6282051282051282,0.7073931876570367,0.9781266762895624
25150191.txt,Human,7.823534148586272,226.52620579553553,0.03503911716692478,1.5192805748155418,0.43093093093093093,0.12951807228915663,0.509009009009009,0.750436694601279,0.9877466565278182
25157655.txt,Human,6.835611500470055,114.21525148413178,0.01059077923402036,0.5686303291939442,0.5555555555555556,0.04741379310344827,0.6410256410256411,0.6148273464811953,0.9337744844483057
25162378.txt,Human,7.9483840541852135,247.00288016971052,0.009129033651667567,1.3133577384719204,0.4405797101449275,0.02616279069767442,0.5289855072463768,0.969980048710297,0.948278966730366
25187733.txt,Human,7.942470067346714,245.99242280766688,0.0390709542103881,2.767913903729299,0.25508196721311477,0.3466841759684833,0.31344262295081965,1.3749356480367283,0.9749924992939278
25200253.txt,Human,7.564240710139352,189.26196646510104,0.029307029351385943,0.7614626484737943,0.28497942386831276,0.3494845360824742,0.35288065843621397,0.9663386667984881,0.9827383970630904
25207620.txt,Human,7.746714859253261,214.77985284636017,0.19527660651366507,1.7331871582855038,0.34306569343065696,0.07195121951219512,0.4416058394160584,1.0618438420715854,0.9431062182121157
25213006.txt,Human,7.594234566233561,193.2379397652279,0.017907718519217436,0.460116950773906,0.41500765696784075,0.12903225806451613,0.49157733537519144,0.6631503119200988,0.9495089144236891
25224998.txt,Human,7.783783781513216,220.3699626213836,0.028806329571645754,1.9623251462471192,0.49759229534510435,0.05152979066022544,0.5698234349919743,0.8645435223040183,0.9680227482389843
25258040.txt,Human,7.763401114304813,217.2784246314088,0.016285126410001512,1.474693961754442,0.3511166253101737,0.06965174129353234,0.43672456575682383,0.9286004487679852,0.9685179375343091
25315791.txt,Human,7.388620665689467,167.57006840828257,0.01224937081028013,0.66336619995776,0.42538975501113585,0.1029082774049217,0.5300668151447662,0.6870773378935695,0.9665771754610195
25328428.txt,Human,7.847835058435802,230.37415412543697,0.016056235370485693,1.074045918513331,0.39972714870395637,0.07797537619699042,0.49386084583901774,0.999514354879449,0.9284946403122615
25330083.txt,Human,7.711482058074388,209.5981333203496,0.014892097215667335,0.9982997583588693,0.4108187134502924,0.07917888563049853,0.49853801169590645,0.9876984588496811,0.9889982865665866
25370801.txt,Human,6.26344438890346,76.82182801853818,0.006448924356408194,0.33323201188445806,0.3910891089108911,0.555,0.47029702970297027,0.3682216687453289,0.8728306308000734
25397102.txt,Human,7.528827123137576,184.67274142217212,0.006268016320813932,3.283835095420678,0.5268065268065268,0.0234192037470726,0.6130536130536131,1.8043712231689646,0.991027222977947
25413261.txt,Human,8.377746873428395,332.62363473149344,0.03638677899460172,1.1869288804231337,0.34986595174262736,0.052348993288590606,0.4242627345844504,1.39606719427988,0.9519923475193783
25422388.txt,Human,7.218757570831592,148.9575636061707,0.027779590905498055,0.35535467651443026,0.29654255319148937,0.528,0.3470744680851064,0.8016836055351787,0.9748729450726371
25425322.txt,Human,7.815378728037005,225.24928682777283,0.028507772115811653,0.5072720818152149,0.34107708553326294,0.182010582010582,0.3991552270327349,0.8325058087574686,0.966667544085012
25451319.txt,Human,7.583960839390081,191.86674091047925,0.021945637851724813,0.4266959127373439,0.3388822829964328,0.31585220500595945,0.4149821640903686,0.6171062924159241,0.9537446216070212
25452321.txt,Human,7.914614116620441,241.28829422358163,0.029142503836688895,0.584521665881465,0.29945054945054944,0.12660550458715597,0.39377289377289376,0.5652744348718827,0.9497731726971234
25462793.txt,Human,7.194209994597449,146.4444790617431,0.040968527923166555,3.2291741744518085,0.39816933638443935,0.1839080459770115,0.45080091533180777,1.0612812464443533,0.9939865051236099
25482567.txt,Human,7.023019315407701,130.05871957235036,0.026620747485833252,0.6875990433057058,0.39425587467362927,0.10236220472440945,0.4804177545691906,0.8257593669663138,0.9638612834493145
25497147.txt,Human,7.532967139126353,185.20344688633358,0.01375213780786998,0.46229999971103025,0.39087947882736157,0.12418300653594772,0.46254071661237783,0.8033486990629588,0.9894006671649052
25507648.txt,Human,8.114923134596417,277.226840881826,0.0220781894598247,0.6338856297223595,0.3754980079681275,0.059880239520958084,0.4711155378486056,0.6147855867157315,0.9716131536457657
25525152.txt,Human,7.01213875003092,129.08152794130584,0.034882886326786794,0.5363678109808565,0.5422077922077922,0.08823529411764706,0.6168831168831169,0.5244275883594023,0.9674921892435062
25543217.txt,Human,7.922210690114046,242.56215908477884,0.01687278746563631,1.7624808361601643,0.4536784741144414,0.10641200545702592,0.5251700680272109,1.0616509494797761,0.9752821278285144
25547145.txt,Human,7.876957909332817,235.07183922166763,0.022010574148996168,0.7097286307580547,0.3639380530973451,0.02993348115299335,0.4502212389380531,0.9841869194450988,0.9653336047390045
25561640.txt,Human,7.499722289523868,180.98449415895232,0.016143448195584085,1.2711349532472471,0.3701492537313433,0.26047904191616766,0.4462686567164179,0.6390523177178646,0.9751909396480989
25588694.txt,Human,7.202729764311664,147.3118588637313,0.06624957940175796,1.6771646050559241,0.43556701030927836,0.32124352331606215,0.5180412371134021,1.2982003648296714,0.9904765290672275
25608963.txt,Human,7.974934917395089,251.59072325512514,0.012206660957516253,1.6245798024029645,0.4166666666666667,0.05036855036855037,0.5098039215686274,1.3846867097778501,0.9590760888568381
25624652.txt,Human,7.443256244625217,174.03772397105158,0.033083743451393026,2.166322014744036,0.37821482602118,0.20182094081942337,0.45537065052950076,1.329556182022998,0.944486278244844
25625173.txt,Human,8.182148719588763,290.4505435679758,0.035802345914004115,1.3376347059192704,0.30704225352112674,0.10885504794134236,0.3723943661971831,0.7148255193310636,0.9744606816048323
25656981.txt,Human,7.752431458371877,215.6325944611306,0.02178223368675458,0.5959663267169294,0.45606060606060606,0.03951367781155015,0.5272727272727272,0.6968514476898177,0.9661505529839954
25676643.txt,Human,8.050393545752112,265.10012601294954,0.022528610908156558,0.5523119275984674,0.3093476798924008,0.07469717362045761,0.3958333333333333,0.6016540139951354,0.9562046606199673
25678238.txt,Human,7.567965654136723,189.75125984240654,0.02853100529233883,0.8014556490398316,0.31141868512110726,0.2092485549132948,0.3633217993079585,0.8616034412019552,0.966136528680522
25694422.txt,Human,7.747299612752072,214.86692511253707,0.022506741819288578,1.7227544030284736,0.3978328173374613,0.07298136645962733,0.4907120743034056,0.7496844341753514,0.9795521351598919
25706337.txt,Human,7.070571524026972,134.416974278152,0.022318029108955115,2.1090479633854926,0.5221518987341772,0.05732484076433121,0.6044303797468354,0.9242429789406758,0.9676010830731389
25718772.txt,Human,7.894231581060835,237.90331772673804,0.015541789726969601,0.5908135542774967,0.5109375,0.03453689167974882,0.5915492957746479,0.887324219666378,0.9737319793859306
25719936.txt,Human,7.894219886709558,237.9013893124767,0.05536352801018587,2.5990519776760843,0.3961407491486947,0.13895216400911162,0.4465909090909091,2.41889874774855,0.9481932384745054
25723793.txt,Human,7.8445199932174,229.84540164219464,0.011265120254474499,0.6774898661326891,0.43206106870229005,0.11332312404287902,0.5129770992366413,0.7131856847083441,0.9185021156252843
25724495.txt,Human,7.990167807560726,254.26125159528127,0.014557854805217,0.8020528958831402,0.35407239819004527,0.20294784580498867,0.4276018099547511,0.7527569018616566,0.9754847495266799
25729119.txt,Human,7.5954473998379255,193.40045783052736,0.030052715525093008,0.8546867109092318,0.4434931506849315,0.1134020618556701,0.523972602739726,0.6333989339096595,0.9730016881292782
25749150.txt,Human,7.688383496393781,206.26904154360193,0.03722674008948813,0.7113103236216136,0.37017994858611825,0.1327319587628866,0.4473007712082262,0.7652707244196474,0.9523917562924401
25780596.txt,Human,7.704032677630286,208.51865912504508,0.023825539382736186,0.8145256295237363,0.3418803418803419,0.0728051391862955,0.41773504273504275,1.0009672343984346,0.9774488406134545
25797445.txt,Human,7.250397968521126,152.26050610393136,0.19659460578434904,0.8470073739782812,0.38250428816466553,0.18244406196213425,0.43567753001715265,1.1650178698411258,0.9605991251079333
25810233.txt,Human,7.196139978113462,146.6405181112114,0.01067132859187644,1.1437564533966584,0.3367952522255193,0.40327380952380953,0.3827893175074184,1.0574335653862525,0.9921257753574012
25813953.txt,Human,7.430816223257759,172.54348892551246,0.013075281639314519,0.4648500198284396,0.47619047619047616,0.041304347826086954,0.5476190476190477,0.6979686159691036,0.9680856586653166
25824789.txt,Human,7.386298724930295,167.30059022978222,0.02281458124131115,0.8688115415518347,0.3787638668779715,0.1573926868044515,0.4358161648177496,1.0184329245521262,0.979248354114927
25834360.txt,Human,7.4826502735390985,178.8554504500041,0.027269346936364753,0.6035450426374757,0.362406015037594,0.19184290030211482,0.45180722891566266,0.857457384027055,0.9835583695385585
25838512.txt,Human,7.095597259866057,136.76898136429915,0.022969095780139528,0.9882777976837958,0.4526627218934911,0.27976190476190477,0.5473372781065089,0.6815413655165056,0.9677195745800928
25839123.txt,Human,6.541836071444794,93.17274363089311,0.01203750574519279,0.5189288368314107,0.5,0.0847457627118644,0.5714285714285714,0.6428571428571429,0.9366367535831902
25846894.txt,Human,7.654079296299199,201.42225668043463,0.02425362838826614,1.2760137307400214,0.3644859813084112,0.09103078982597054,0.43391188251001334,1.1254369020139265,0.9932348647762979
25857360.txt,Human,7.611718202675614,195.59398613586896,0.02791913013203192,0.7853300820083204,0.34686346863468637,0.30209617755856966,0.4194341943419434,1.2040456871461986,0.9776139926468425
25862026.txt,Human,7.558700461084305,188.5365549022249,0.01941854045838581,1.0570474390823161,0.35714285714285715,0.060810810810810814,0.4353099730458221,0.7020939255521979,0.9799054711029678
25867805.txt,Human,7.599154538099062,193.89805722365543,0.04720718390610413,0.6883219559042433,0.4306930693069307,0.0695364238410596,0.49834983498349833,1.1089853069963291,0.9776769045858625
25873425.txt,Human,7.89868351973831,238.63858525927063,0.01461804288929801,6.77685808862297,0.3903225806451613,0.3286637931034483,0.4559139784946237,2.2386326838923276,0.9612355918145364
25905275.txt,Human,8.042514793356009,263.6563244197472,0.033822059410362794,1.6927272637940176,0.3873390557939914,0.18387096774193548,0.4592274678111588,0.8754686874742035,0.9259224995917182
25919149.txt,Human,7.788463782913128,221.08598804492377,0.01587307325737175,0.8042881212415551,0.4735973597359736,0.06291390728476821,0.5627062706270627,1.6098942199755533,0.9653791978044646
25923361.txt,Human,7.820634668676496,226.07139823704355,0.01566286319953048,0.7435887874202091,0.3258306538049303,0.3518716577540107,0.3852721451440768,0.7243590093725865,0.955402316898625
25924968.txt,Human,7.660154711437458,202.27226590613023,0.013542296156377866,0.8949330470668246,0.35459183673469385,0.07544757033248081,0.43494897959183676,0.8827590802405662,0.9491249010208496
25926667.txt,Human,7.807897525738204,224.08426318822336,0.0297568145595784,0.6283469225991428,0.4,0.1577574967405476,0.47724317295188556,0.7700607186344938,0.948684651325047
25930778.txt,Human,6.927769803189844,121.74931146754882,0.03701087156778774,1.512034207986886,0.53515625,0.07874015748031496,0.61328125,0.7823795545219624,0.9730678911741911
25935030.txt,Human,7.814965553295399,225.18478671673046,0.014999714813518186,0.6000676893092818,0.4497991967871486,0.05100671140939597,0.5274431057563588,0.5556384397408739,0.9707977366593074
25949631.txt,Human,7.8599199615490525,232.3120150985947,0.019320530813443596,0.6739964661243381,0.4209891435464415,0.04232164449818621,0.49215922798552475,0.4250105227757359,0.9793632706666634
25953797.txt,Human,6.412210992223823,85.16631317802177,0.006373830716866311,3.127093433096177,0.5316455696202531,0.01282051282051282,0.6392405063291139,0.739086907176697,0.9547480622505629
25959103.txt,Human,7.388037860564371,167.50238884428086,0.06788277289171389,0.5369585366103986,0.33677991137370755,0.2740740740740741,0.39586410635155095,0.7430441543687454,0.9788500602220607
25974844.txt,Human,7.60378490022711,194.5213771366657,0.03369402806567557,0.7541381192783617,0.39313572542901715,0.10641627543035993,0.46177847113884557,0.9271136916457909,0.9311719129255849
25990239.txt,Human,7.617676612782923,196.40347054584254,0.05133925946146412,2.025960759071535,0.35429447852760737,0.08,0.4401840490797546,1.445132171719795,0.9873068237678105
26013403.txt,Human,7.633251078355467,198.53520974555698,0.052084706261016196,0.5484292881036615,0.41127922971114167,0.10344827586206896,0.4759284731774415,0.8926068229350616,0.950340030412933
26046064.txt,Human,6.73857531366928,106.7857488256854,0.016818623570802486,0.6786465115168979,0.5319148936170213,0.05150214592274678,0.6170212765957447,0.7733934894289215,0.947844050763093
26046878.txt,Human,7.493276520373317,180.17768326577107,0.03548576725547322,2.014723098703956,0.39502332814930013,0.0967238689547582,0.463452566096423,1.003157850105535,0.9611850493975116
26048718.txt,Human,8.40086103323152,337.9956884918324,0.022193445098390108,0.7535161891977519,0.3536357986326911,0.05538270068450529,0.4338098197638285,0.7313203887269518,0.9660244685761281
26065877.txt,Human,7.4061208434352634,169.61510493578768,0.018718674999406177,5.996687058458188,0.35962145110410093,0.1060126582278481,0.42586750788643535,0.9157406171882264,0.9778319371013503
26069113.txt,Human,7.742010556920083,214.08064490725727,0.019572068560338253,2.550865057700177,0.3991097922848665,0.03125,0.4896142433234421,1.441298505273689,0.9649474317620401
26070334.txt,Human,8.07219970687422,269.13751784714964,0.025798494927834512,0.6189058779236907,0.3048090523338048,0.09985835694050992,0.3910891089108911,0.4439636701165527,0.9650557859733517
26071861.txt,Human,7.768571787257176,218.0585558013858,0.026108552862558056,0.5733649993722237,0.3665389527458493,0.07800511508951406,0.44005102040816324,1.039672271643324,0.9657493675004615
26079779.txt,Human,7.428857007173066,172.30932956894011,0.017273607466845607,0.4382101540403533,0.3610223642172524,0.05608974358974359,0.44568690095846647,0.6192815900866383,0.9845953668611411
26091595.txt,Human,7.188246039509624,145.84034200787187,0.03760402073062272,1.55356497789934,0.3380281690140845,0.2062146892655367,0.39436619718309857,1.4361028251739698,0.9763467561968522
26098594.txt,Human,7.841075622275101,229.2973103894754,0.027634691912084296,1.3852082301741264,0.4109195402298851,0.08645533141210375,0.49712643678160917,0.6682008359169054,0.9613071799447099
26125407.txt,Human,7.867097763529112,233.47071086640796,0.0874899303067254,0.39887832795270994,0.3485663082437276,0.3141831238779174,0.40232974910394265,0.8517230450567286,0.974203104125835
26127853.txt,Human,8.183984663912067,290.82040029979646,0.022620970540747003,2.90639518150238,0.38658428949691087,0.1290893015030946,0.4492497793468667,1.0397391046069566,0.9926505802766314
26130673.txt,Human,7.29728849892473,157.29058409901594,0.014923024172075163,1.353877530973401,0.40919037199124725,0.41098901098901097,0.4814004376367615,0.8656925095080946,0.9834037046854938
26160200.txt,Human,7.623498745979885,197.1976769207164,0.012342333400573469,0.4858570121648011,0.3316892725030826,0.48331273176761436,0.3834771886559803,0.8298999724054694,0.9751787704262489
26167298.txt,Human,8.31234135982103,317.8806434977838,0.01707040055607173,1.2893753869769264,0.2993125330512956,0.06193753308628904,0.3643574828133263,0.836630762670201,0.9833553163681699
26173524.txt,Human,7.779211873509727,219.67271445163908,0.017924020255884552,0.46248517662284605,0.4859375,0.0438871473354232,0.5578125,0.5568374401767617,0.9857608124436098
26189601.txt,Human,7.799896827406517,222.84500714240247,0.0681093774522411,1.319233164520282,0.42857142857142855,0.1301859799713877,0.5078459343794579,0.6765870070309308,0.9744953114080909
26202430.txt,Human,7.6778509562053365,204.76863725869796,0.029526465189894394,1.015237500008297,0.2924354243542435,0.10351201478743069,0.36162361623616235,0.95156600747756,0.9789976257352998
26231609.txt,Human,7.64080779274061,199.5778485955664,0.018667825177337796,0.6287584622991998,0.37589670014347204,0.06474820143884892,0.460545193687231,0.5989294412755307,0.9740723004647548
26234972.txt,Human,7.518209945173865,183.31867399882125,0.05208233966790794,0.9441717098482462,0.2902519167579409,0.6597145993413831,0.33187294633077763,1.481574722597158,0.9509672429258216
26278597.txt,Human,8.115756731883106,277.3870703917474,0.028855503253001034,2.600680644799836,0.37305699481865284,0.07958477508650519,0.45164075993091535,1.0553762926387678,0.9638002581414541
26279402.txt,Human,7.522913226857333,183.9172802733794,0.040448855034468864,1.3254518464108151,0.4358047016274864,0.09074410163339383,0.5244122965641953,0.7833387073873309,0.9469418440095051
26289308.txt,Human,7.602443122777964,194.34054677822462,0.05595445886921857,3.2703826209021916,0.411144578313253,0.08157099697885196,0.4743975903614458,0.9667482160688826,0.975782795372931
26291616.txt,Human,7.621398857617677,196.9108582387135,0.030961231125930314,2.430821086913761,0.35935397039030953,0.0728744939271255,0.41722745625841184,1.1216314082792698,0.9923790059954645
26330995.txt,Human,7.743166164089219,214.252193452962,0.03364685198057609,0.785947514999703,0.3732227488151659,0.11757719714964371,0.45023696682464454,0.8203025158533466,0.9921634942786598
26341645.txt,Human,7.733962662305321,212.88974741578204,0.019778235552598698,1.230423909427547,0.33472803347280333,0.129979035639413,0.4215481171548117,0.8077883678973192,0.9825056284474901
26341987.txt,Human,8.379374123339142,332.9990204716329,0.026105414594059316,1.0396913639630245,0.285572632622707,0.08192651439920556,0.35813492063492064,0.8217162045053782,0.9817514031300998
26410763.txt,Human,7.384600949557462,167.10382532116435,0.010197298887718673,0.5863451504461767,0.518918918918919,0.13043478260869565,0.6081081081081081,0.6635248399556614,0.979436191763232
26425074.txt,Human,7.755889902199725,216.15013127430024,0.05439291395159543,0.4706430312895516,0.40684931506849314,0.14285714285714285,0.4917808219178082,0.8863050750488917,0.9799614790354204
26456474.txt,Human,7.452978551736271,175.2145231765001,0.02605982896743383,1.437595494996172,0.3245227606461087,0.4270986745213549,0.37738619676945667,1.129009807077095,0.920438899235315
26456899.txt,Human,7.6496082330923505,200.79899426329624,0.029617821395679124,2.360979965175456,0.42276422764227645,0.0864600326264274,0.48292682926829267,1.8464162992622142,0.9938308436152051
26459032.txt,Human,7.792129788566279,221.64849994676845,0.024911207969048346,1.4445699653117317,0.42410714285714285,0.04626865671641791,0.49404761904761907,0.7234002737039141,0.9816273874080562
26480367.txt,Human,7.305755172921397,158.21638160985438,0.020110777951955643,1.354263995184224,0.33176100628930816,0.2539432176656151,0.38522012578616355,0.8514709152011986,0.9601532339245089
26496059.txt,Human,8.322213445123465,320.0632989674564,0.018532253072200022,0.4901408483947332,0.41465256797583083,0.05446293494704992,0.48338368580060426,1.0725081391602622,0.9525079856133358
26503829.txt,Human,7.427389466739696,172.1341419293071,0.03364005237025026,0.3428821660362877,0.29683698296836986,0.41585365853658535,0.3613138686131387,0.6305394186580076,0.9680655506384819
26509539.txt,Human,7.741416489165398,213.99250969953928,0.01966378104739964,1.038155092812014,0.38266666666666665,0.3836898395721925,0.444,0.9246921191139866,0.9884871857445007
26530575.txt,Human,8.255184445556813,305.53300947828666,0.02638986137065541,1.1069860451863955,0.37407711238720265,0.03451109285127362,0.44626743232157506,0.9958837893728546,0.9900154547192304
26530696.txt,Human,7.675397485396425,204.4207002988396,0.019899507276130934,0.6695425719202004,0.4185692541856925,0.15572519083969466,0.5083713850837138,0.7792983134467145,0.9692702594508746
26579709.txt,Human,7.7440591672273875,214.38485288702356,0.027929451333901713,0.9599473362137891,0.42082738944365194,0.10300429184549356,0.4992867332382311,0.677927760020713,0.9806165024705346
26581830.txt,Human,7.77641485202824,219.24723709371162,0.021432196331501712,0.5942009630078131,0.4576547231270358,0.06862745098039216,0.5488599348534202,0.7245796367780578,0.9378875815699086
26585242.txt,Human,7.456748110331165,175.67293262370154,0.015451008499717608,1.23354101898314,0.38387096774193546,0.11974110032362459,0.45806451612903226,0.9841985176601376,0.9886822126215961
26586477.txt,Human,7.423453395839051,171.6651524614805,0.01914695483774662,0.3726167362516235,0.37808641975308643,0.06346749226006192,0.46141975308641975,0.5420550278326484,0.9869522567867498
26622051.txt,Human,7.5648249284641595,189.33862348309145,0.021171822975632647,0.8370304677703281,0.4476744186046512,0.2237354085603113,0.5116279069767442,0.839740482339411,0.9607716324436775
26671167.txt,Human,7.86866647140876,233.72471224874968,0.09599300625893258,1.5616766778499902,0.47619047619047616,0.08628659476117104,0.5529953917050692,1.7565645194521955,0.9649218579142012
26673507.txt,Human,7.666343808382556,203.14186878938008,0.05422703250706608,0.5252562307888143,0.44426494345718903,0.07617504051863858,0.5250403877221325,1.3641407101590592,0.9672409820537178
26676567.txt,Human,8.262125916290579,307.0066118445062,0.03603031791183996,1.5073170187114184,0.31786833855799373,0.10238693467336683,0.4065244667503137,0.8436536044055284,0.9520343398683098
26691587.txt,Human,8.087921252360339,272.0864407446029,0.012500098544076372,0.47750104125940496,0.4783821478382148,0.016783216783216783,0.5941422594142259,0.8768558006345045,0.9443370149775249
26695839.txt,Human,7.79510397693269,222.10591079977235,0.016385954133263617,0.5507097231598533,0.3875338753387534,0.043596730245231606,0.44021739130434784,1.5345653125440695,0.9883907753032092
26718039.txt,Human,6.28518293485968,77.98814520609045,0.02527968759703681,1.3538446044365517,0.45652173913043476,0.08791208791208792,0.5597826086956522,1.0251662574370675,0.968867001095984
26746496.txt,Human,7.969469161903022,250.63935673040157,0.026263708671612013,1.5329684475064393,0.3145884270578647,0.06775510204081632,0.39445802770986144,0.8033883523222072,0.9786520453633978
26750846.txt,Human,7.466478154658657,176.86173720995387,0.013970293073489395,1.3693532389796954,0.33687405159332323,0.4033485540334855,0.3990895295902883,0.8101690223104931,0.9792082330567186
26767199.txt,Human,7.642860453115767,199.86200921400274,0.0289383540460224,0.7162786902511428,0.41127922971114167,0.08551724137931034,0.4759284731774415,0.6754663355133842,0.9691404210389472
26768723.txt,Human,7.640920226639724,199.59340295006646,0.014730461399337437,1.9687197912119754,0.3849624060150376,0.18401206636500755,0.45413533834586467,1.287074863795582,0.9920474172907868
26780935.txt,Human,7.808346317262412,224.15398184596935,0.01203274280559676,2.7225300188516806,0.46221441124780316,0.2204585537918871,0.5500878734622144,1.4148938830126767,0.9501035575309343
26790545.txt,Human,7.827552646521369,227.15805384038626,0.022274700823206466,0.769405134472565,0.43221476510067114,0.02826379542395693,0.5302013422818792,0.805794659746254,0.9710436777304112
26801767.txt,Human,8.141260986329193,282.3343759619966,0.04796042244422714,2.0046015763322975,0.38278688524590165,0.042692939244663386,0.45081967213114754,1.162534779370346,0.9816218690002105
26819872.txt,Human,8.298718619013236,314.8931619962981,0.027140124949586553,1.3873945239986711,0.3726606997558991,0.2910569105691057,0.44642857142857145,0.7984806700115796,0.9369913968973216
26829350.txt,Human,7.829834439656554,227.517615485546,0.02229491764741836,0.7595373496362174,0.3372093023255814,0.08932038834951456,0.4060077519379845,0.8158487559396778,0.9674350144488874
26829561.txt,Human,7.2280974379136325,149.92502861286292,0.013686946514691203,0.9659812202430443,0.4547738693467337,0.09848484848484848,0.5201005025125628,0.6393675652607279,0.97966516665938
26834746.txt,Human,7.848896852225203,230.54376715878144,0.026891217285306725,0.5379203332146125,0.3624091381100727,0.03954214360041623,0.43302180685358255,0.7013879355927578,0.9447360129365576
26835781.txt,Human,7.990618379319675,254.34067297519897,0.046264640982789436,1.7357182072095116,0.38329979879275655,0.24899193548387097,0.448692152917505,0.8979919855048079,0.9790243044516738
26888302.txt,Human,8.110534484818006,276.3848036948673,0.016319471203080655,0.822487608954856,0.4225206611570248,0.053830227743271224,0.493801652892562,0.671303561343752,0.9684927087578834
26896699.txt,Human,7.512540928778894,182.59974353179976,0.023161310831622515,0.9214265144824573,0.3893376413570275,0.1280388978930308,0.47495961227786754,0.825189112818586,0.9770442721866075
26908066.txt,Human,7.669070730210698,203.52620216472994,0.022395235808810532,1.0255371823222705,0.43140495867768597,0.026533996683250415,0.5206611570247934,0.7017325011193553,0.9842520705618227
26919036.txt,Human,7.755132557349147,216.03669272739594,0.015361236437683293,1.6119981011926372,0.41364296081277213,0.02911208151382824,0.5050798258345428,0.7060099499017433,0.9575243698416039
26921245.txt,Human,7.943285773340644,246.13154731080542,0.01934748475693162,0.48564770917254163,0.5221518987341772,0.044444444444444446,0.6044303797468354,0.7544283222510385,0.9813097315326762
26924514.txt,Human,8.083259768813036,271.20872258861397,0.03193663884377821,2.3175208695484883,0.3523225241016652,0.10974539069359086,0.42418930762489043,0.9627808770344124,0.9504052394880277
26932091.txt,Human,8.034649924386233,262.2229095576674,0.010659801860978,0.9346026652589958,0.3477064220183486,0.09926470588235294,0.44678899082568807,1.2996923540045262,0.9650280687496864
26942552.txt,Human,7.154910079869662,142.50908456665036,0.008721166436159713,0.806988183675753,0.29235382308845576,0.8481203007518797,0.3373313343328336,0.7128957988140965,0.9639715617564891
26958533.txt,Human,7.5351556948090295,185.4846120942986,0.05922335678150503,0.46948315266271434,0.43902439024390244,0.07339449541284404,0.5,0.6547162220003311,0.9862473460857885
26961846.txt,Human,7.585563662523141,192.08002184389392,0.027241125437782766,0.8355702954493791,0.31739572736520855,0.09174311926605505,0.40183112919633773,0.7177557894026473,0.9803850239191413
26975573.txt,Human,7.996931731142756,255.4561275003121,0.018113896984456822,0.5546016554204561,0.362511893434824,0.04194470924690181,0.439581351094196,0.9712935685351859,0.9733925934865789
26987539.txt,Human,7.867860343138673,233.59415141410864,0.017055409838424983,1.340758815203473,0.3402625820568928,0.08333333333333333,0.41575492341356673,0.6636263422384515,0.9860918293437493
26994282.txt,Human,7.815831530913565,225.31999444760723,0.013774491120337254,0.6325477585150968,0.44984802431610943,0.01524390243902439,0.5364741641337386,0.9972643051934225,0.9560079294186021
27000192.txt,Human,7.9052950024674224,239.73471131625135,0.02568635396152636,0.5358241293544709,0.3699421965317919,0.09362934362934362,0.4344894026974952,1.5424472169894439,0.9721746073442582
27004930.txt,Human,7.480195496970196,178.5513828254023,0.013778471727426776,0.8075199621661864,0.39209726443769,0.09146341463414634,0.47112462006079026,0.7553397382518892,0.9777751487560302
27018361.txt,Human,7.969033486269745,250.56367824610123,0.04158567685947421,1.5641925907774692,0.37660668380462725,0.15335051546391754,0.47429305912596403,1.025926316757633,0.9590754817582172
27018550.txt,Human,7.047120181527749,132.24965802239333,0.028543048277673778,0.315785252674989,0.43370165745856354,0.13333333333333333,0.5331491712707183,0.45644521708029356,0.9630773626413617
27024099.txt,Human,7.539950862841914,186.10214360355675,0.019312566666988336,0.6019911586353874,0.4032,0.27608346709470305,0.4736,0.6118146585940779,0.9507627069924043
27030979.txt,Human,7.773345004799626,218.78120655423217,0.018003186346393824,1.2612071309518134,0.3997194950911641,0.07876230661040788,0.48667601683029454,2.153771376073677,0.9688799245358007
27040860.txt,Human,7.426562350269706,172.03548339451282,0.018709707734262,0.4538708882764831,0.4785714285714286,0.10526315789473684,0.569047619047619,0.8021513024474501,0.9990088023788892
27058381.txt,Human,8.168029609510485,287.62187819467664,0.0760292909478459,2.0751248658967367,0.3001285347043702,0.1492921492921493,0.38303341902313626,1.1905248875962502,0.9837511294647556
27066370.txt,Human,7.1661584892478105,143.62454271293498,0.02256587189296519,0.36030983279219436,0.37193763919821826,0.1185682326621924,0.46325167037861914,0.5676191912953844,0.9777006094933155
27080812.txt,Human,7.492018254899103,180.02060743495275,0.025581837106245026,0.3882773215197065,0.29987608426270135,0.06459627329192547,0.3853779429987608,0.6976712892160222,0.9827404991676797
27084878.txt,Human,7.894145290451037,237.88908865693887,0.02066659763516111,0.5478240731885465,0.4686299615877081,0.06033376123234917,0.5300896286811779,0.6548440652108892,0.9515635144937592
27090089.txt,Human,7.825553845234384,226.84355256870097,0.019824895265255472,1.0406219666375651,0.41336633663366334,0.13895781637717122,0.4665841584158416,1.48327296343726,0.9850753540874201
27091280.txt,Human,7.980205992042651,252.51162409407925,0.03656148775383056,0.5058059670441747,0.3028523489932886,0.06134453781512605,0.40184563758389263,0.5405118615250264,0.9433102731331536
27096471.txt,Human,7.912843216461182,240.99229588630723,0.03134480795829745,0.8534260149296831,0.43243243243243246,0.1326676176890157,0.5163584637268848,0.6893643054171403,0.9751502075434612
27096796.txt,Human,5.85208417593427,57.76341674158277,0.26738460111365997,0.5442007110245658,0.3894736842105263,0.22340425531914893,0.4631578947368421,1.2172297233661293,0.9096564765196236
27099856.txt,Human,7.656732798997332,201.79306707957593,0.032502430735019294,1.2426277759198754,0.327641408751334,0.15935828877005348,0.3874066168623266,1.494638730354076,0.9636736197078576
27120528.txt,Human,7.916764212766162,241.6481622456037,0.02146366506208509,1.9643648591369252,0.4155672823218997,0.07275132275132275,0.5013192612137203,1.1773065614324332,0.9806924271642888
27126818.txt,Human,8.145049417830908,283.0767435466168,0.01951675286637509,0.7333998370689456,0.28984685195689164,0.39977285633162973,0.3448667044809983,0.650604302734858,0.9673304105646866
27139412.txt,Human,7.143205439699546,141.35758031589666,0.030482702887454166,1.0547927798886556,0.4820936639118457,0.0221606648199446,0.581267217630854,1.3006582991589546,0.9818372164365156
27152464.txt,Human,8.115016897197874,277.24485879535047,0.04153938829419042,0.9367968103909848,0.47619047619047616,0.04111405835543767,0.548941798941799,1.247300595930771,0.9510329498907996
27164756.txt,Human,8.047124504585408,264.5001086222025,0.03168898477918597,2.071868877124033,0.31688511950655357,0.4826254826254826,0.3662297609868928,1.0831170543186968,0.967522147470073
27165830.txt,Human,7.794965196012751,222.08454621527665,0.02015402961035169,0.5095523478949022,0.33438818565400846,0.16701902748414377,0.42510548523206754,0.5271626627307587,0.9693513860117262
27176039.txt,Human,7.5445888347467145,186.70138695110595,0.030393226691960068,0.4901309480404087,0.38365650969529086,0.12916666666666668,0.45013850415512463,0.5907880084379907,0.9794235258506329
27182111.txt,Human,7.959089010286816,248.84248534151007,0.11574879708779201,2.3906760529370925,0.3442959917780062,0.13182286302780638,0.42548818088386436,1.5986301294173104,0.967564538105037
27187994.txt,Human,6.613016082604735,97.88501296257274,0.021386314412179645,1.17722299613802,0.55,0.05063291139240506,0.7125,0.785294530733533,0.9686954803017243
27213082.txt,Human,7.788954939999745,221.1612682897889,0.015893808660755144,2.155195059054059,0.37660668380462725,0.05154639175257732,0.46272493573264784,0.8778938439096367,0.9673037666798389
27219200.txt,Human,7.173501556244752,144.35743022415045,0.016036169185738455,0.5487309803348062,0.304140127388535,0.19808306709265175,0.3646496815286624,1.0304584161654189,0.9844193319747834
27233183.txt,Human,7.422078477329174,171.50162991791296,0.016546333049965372,0.7093905481658221,0.5286458333333334,0.1099476439790576,0.6171875,0.7534950804813021,0.9679177803489841
27243670.txt,Human,8.040710047716455,263.3267086035193,0.015179141241029046,0.5496462550162132,0.3145800316957211,0.08015873015873017,0.39857369255150554,0.7337379401950598,0.9788704860356529
27246366.txt,Human,7.7753497578005435,219.0854338147239,0.01770540022975576,0.8505002645089756,0.4431977559607293,0.03234880450070324,0.5259467040673211,0.7486258220723628,0.9648090556695708
27257013.txt,Human,7.553016185482698,187.79517490096163,0.022374407864398566,3.140359645353024,0.2307067424857839,0.8478437754271766,0.2802599512591389,1.1091267473928654,0.9590465484914331
27295996.txt,Human,7.855112577168617,231.53918754326622,0.026410208520164666,1.9208987972588814,0.3945885005636979,0.04293785310734463,0.4577226606538895,1.218979511254936,0.9761661396568542
27298953.txt,Human,7.919196208049308,242.0558595022716,0.02867126115566941,0.4850050578740852,0.41904761904761906,0.07159904534606205,0.5047619047619047,0.9130294198570533,0.9901152972253331
27330027.txt,Human,7.349899123247004,163.13235328638444,0.01093593869711168,0.929370307804314,0.4117647058823529,0.06557377049180328,0.45751633986928103,0.7406771177890923,0.9822096671513929
27372171.txt,Human,8.374599369072207,331.8987461723105,0.03566611960123666,0.6615446196994779,0.33976833976833976,0.04829362524146812,0.4237942122186495,0.700249184834868,0.9730939479143353
27375577.txt,Human,7.976378078486485,251.8425211712808,0.023595410345683836,1.3560534741604502,0.4014423076923077,0.08674698795180723,0.484375,0.7219868764185251,0.9949262175534551
27397245.txt,Human,7.564254848648039,189.2638212542236,0.019526381391443567,1.3428835721570271,0.3648068669527897,0.09598853868194843,0.44285714285714284,1.1797720075488816,0.9697044012224948
27409087.txt,Human,8.157601668126379,285.55041441388556,0.03489572181244411,1.310079206547439,0.3464566929133858,0.06861198738170347,0.4275590551181102,1.116596291223715,0.985660126809112
27419236.txt,Human,7.8705248644963355,234.0259763765158,0.06237431217650174,1.956239721826864,0.29217110573042776,0.18755052546483428,0.3704600484261501,0.8793021048474471,0.9802623356141011
27485716.txt,Human,7.738889003867251,213.61794029345182,0.025500280537741723,0.9793409716730422,0.4052197802197802,0.09090909090909091,0.47527472527472525,1.0403175460148266,0.9748652315792177
27490876.txt,Human,7.7579303768438495,216.456059343185,0.01473970854294681,0.6374643695896222,0.39355742296918766,0.06320224719101124,0.47619047619047616,0.6850396279619361,0.9889490648938802
27496514.txt,Human,7.606723551718134,194.91800504241849,0.024409721805803475,0.996078002256877,0.4181523500810373,0.18536585365853658,0.5040518638573744,0.7991257085106298,0.9457353712147702
27497542.txt,Human,7.305008303437912,158.13449569344164,0.010077403792107571,0.41630878428846957,0.4945652173913043,0.07103825136612021,0.592391304347826,0.5538247478855658,0.9634369005699664
27502951.txt,Human,7.757703049998914,216.42195484077322,0.01790486378602358,0.8154818083108583,0.46048109965635736,0.04482758620689655,0.5292096219931272,0.6250329167888605,0.9746302160570292
27512470.txt,Human,7.836853947568196,228.6273117547338,0.026445395697453196,0.5418592320069555,0.4309623430962343,0.15384615384615385,0.5104602510460251,0.9719002292912086,0.9723347821198769
27523575.txt,Human,7.775178732859519,219.05946377148598,0.03966964044244899,0.5468648096575839,0.45768025078369906,0.2169811320754717,0.5282131661442007,0.6889178976484006,0.9696152234209648
27524018.txt,Human,7.942761915125676,246.04219050094463,0.020170261051369747,0.6971308193796844,0.3375,0.31302170283806346,0.4075,0.7092063378380298,0.971379435947998
27529455.txt,Human,7.784186489116482,220.43148431794086,0.03384040911869883,0.953111533187553,0.3240279162512463,0.26873126873126874,0.3938185443668993,0.7427833163881644,0.9780475267494108
27531694.txt,Human,8.010912040610862,257.9436356710646,0.017985204143497763,0.7819912206732019,0.3315068493150685,0.31564501372369624,0.39817351598173517,0.7037756451111615,0.9606812791129494
27536013.txt,Human,7.456554618967924,175.64937330247213,0.015494877847632442,1.258996434453753,0.31752305665349145,0.19154557463672392,0.38603425559947296,0.862073456305901,0.9553633601091002
27549075.txt,Human,7.560681856579634,188.79566865436547,0.09121692117317663,2.381027126241137,0.43256578947368424,0.16996699669966997,0.4967105263157895,1.1852669508134757,0.9560667176989536
27558837.txt,Human,7.5446629892946,186.71098365197685,0.012103864996401,0.5592886805001657,0.32045779685264664,0.05747126436781609,0.4154727793696275,0.5397114444914076,0.9835379095395368
27573855.txt,Human,7.914489060898941,241.26737977311655,0.015604058171572361,0.825819808932061,0.3640500568828214,0.06271379703534778,0.4402730375426621,0.826027981868196,0.9906490997007827
27606527.txt,Human,8.027606807582297,260.9458789092286,0.039033142446245186,1.6559229199318712,0.28147612156295226,0.16304347826086957,0.3473227206946454,1.141018220744216,0.9561145327945587
27607632.txt,Human,7.495553390937277,180.46226534634798,0.016296165836693355,1.198865742093451,0.47577092511013214,0.03982300884955752,0.566079295154185,0.7212392419333645,0.954539342953334
27624540.txt,Human,7.831394403417471,227.7637598047356,0.024862011286198027,1.0310601561174528,0.3621517771373679,0.15110683349374399,0.4332372718539865,0.7217140326902769,0.983534161617816
27637576.txt,Human,7.8590216929151575,232.16741513880845,0.016800660173680478,1.839888209999657,0.2874564459930314,0.3106457242582897,0.34668989547038326,0.8787875679811376,0.969093985352883
27662298.txt,Human,7.277194900647563,155.11505436223626,0.027984037092874208,0.3917741294387615,0.2862644415917843,0.6048906048906049,0.33504492939666236,0.7676409597468965,0.9615299524778477
27689009.txt,Human,7.674157588799796,204.24509031980827,0.018360272251465918,3.2580853775520753,0.3895522388059702,0.11492537313432835,0.47470238095238093,1.034041576778849,0.9494515249237717
27694040.txt,Human,6.685220744200773,102.90867148324728,0.014909913416593668,0.6293306940479758,0.48,0.13709677419354838,0.552,0.6641774133193905,0.9654438823818416
27710853.txt,Human,8.154446924993843,284.92668315478954,0.043814909033104005,1.0537346750724215,0.2649687220732797,0.18649373881932022,0.3355674709562109,0.9049800639352379,0.9608459236262645
27715131.txt,Human,7.6953216882368265,207.26341732008473,0.043910110830830934,0.7201925740280242,0.37926509186351703,0.13289473684210526,0.4645669291338583,0.7606886073120293,0.9651787512896074
27726066.txt,Human,7.989074780559974,254.06868895799798,0.0929246130605346,0.8045944367487683,0.2998236331569665,0.46444249341527655,0.3663453111305872,1.1859389222272647,0.9694953854571091
27756469.txt,Human,7.848993760994894,230.55925377417,0.03800796761094428,1.1035337366564861,0.44244105409153955,0.05702364394993046,0.5187239944521498,0.579100802609755,0.9743560888645388
27770859.txt,Human,7.905605612777717,239.7863314352249,0.048696278152479164,0.5633843684239487,0.4324693042291951,0.09726027397260274,0.5095628415300546,0.7296084141232443,0.9898878588070541
27788376.txt,Human,7.267333530358596,154.0583992990329,0.007880104128805352,0.7012062865476472,0.5723684210526315,0.039735099337748346,0.6710526315789473,0.6350568229375189,0.9943415119885811
27789372.txt,Human,6.770607076375256,109.18320003791912,0.012514686623439429,0.9644861286559566,0.4957983193277311,0.00847457627118644,0.5798319327731093,1.2193541708999196,0.9984053059682219
27796199.txt,Human,7.209900782894604,148.04590576831941,0.011064381818092774,2.0657484878787447,0.367170626349892,0.1279826464208243,0.46436285097192226,1.23127731683986,0.9954877409230614
27798860.txt,Human,8.209842011149988,296.07974975130736,0.026858086869237394,0.6741323427318429,0.3757183908045977,0.06402877697841726,0.4389367816091954,0.7286229660997406,0.9616614295927599
27820360.txt,Human,7.509915128601418,182.26770220908426,0.019329198639579433,1.3686945434164879,0.30778032036613273,0.518348623853211,0.35812356979405036,0.5731443626746936,0.9479108098288668
27831220.txt,Human,7.3492446358137435,163.0583640801937,0.027578876674577098,0.25412911370256147,0.3868954758190328,0.2222222222222222,0.43993759750390016,0.45675458789406254,0.9837432038795669
27835351.txt,Human,7.794356439257546,221.9908556261298,0.025985113322766793,0.24836637281355228,0.4426229508196721,0.10619469026548672,0.5081967213114754,0.7761461075479892,0.9421234452216732
27847081.txt,Human,8.087791172949517,272.0619094005793,0.02346442958705541,1.0040356963772965,0.45234899328859063,0.024226110363391656,0.5436241610738255,1.2977195529354189,0.9730156921452084
27850777.txt,Human,8.068421221571539,268.43355644687847,0.014716757854177302,0.4755176064007764,0.42247191011235957,0.0990990990990991,0.5191011235955056,0.7233336967045599,0.9582858258247684
27884470.txt,Human,7.668032541561143,203.37979382607543,0.031223524947446075,0.4006267762357786,0.3348467650397276,0.36860068259385664,0.38819523269012485,0.8728795005920496,0.9793692538783761
27888251.txt,Human,7.497967513652066,180.76449329301113,0.023571707689735426,0.8111854131622575,0.39365079365079364,0.06528662420382166,0.49047619047619045,0.8350556913540769,0.9655115666473242
27902692.txt,Human,7.2093141424737235,147.98571837276282,0.04186641741801938,0.8747145941937777,0.40124740124740127,0.12317327766179541,0.4656964656964657,1.2767150953032707,0.9753641598221299
27903191.txt,Human,7.398143522937453,168.67981368014853,0.015252257500349345,0.36820531018403696,0.3431952662721893,0.2062314540059347,0.4349112426035503,0.4744727522477245,0.9517704490169239
27909372.txt,Human,7.552423901914555,187.71809335254738,0.04399744068127607,0.911444320767046,0.37576687116564417,0.48,0.44171779141104295,1.1916708024075338,0.9539444609233652
27914096.txt,Human,7.651313305460229,201.03645208245638,0.021114582780133617,1.8800826270505469,0.40107671601615075,0.03643724696356275,0.48855989232839836,1.2679261339701244,0.9875975909479925
27917969.txt,Human,7.625221123908139,197.43324420567905,0.03622322320714087,0.20194276372577832,0.2080536912751678,0.847647498132935,0.24161073825503357,0.7010669638643313,0.9759003368885006
27921561.txt,Human,8.207918919147481,295.6853425773522,0.01638133335424473,0.9895908357384203,0.40040650406504064,0.034623217922606926,0.483739837398374,0.7535173350023113,0.9698739914870832
27936502.txt,Human,8.002882319624238,256.5119664118951,0.018351699793650065,0.8118248648404107,0.3800205973223481,0.04540763673890609,0.46755921730175076,0.9448804814298077,0.9852113633994152
27937592.txt,Human,7.412201407129465,170.33149469008083,0.014645085794095894,0.6850367726276944,0.38388625592417064,0.0491283676703645,0.46129541864139023,0.5824859930216131,0.9833817877454264
27974588.txt,Human,7.246009126019124,151.79801614639288,0.09578499113544339,0.58886252064327,0.34690265486725663,0.19182948490230906,0.4353982300884956,1.1540195061116583,0.9152722532677908
27980446.txt,Human,7.717570742661875,210.4845810030753,0.014421502541645217,0.42331735007836574,0.3939828080229226,0.034482758620689655,0.4799426934097421,0.6330771764115282,0.9755169352507257
27981289.txt,Human,7.325781734979697,160.42795366996214,0.018493144053237834,2.9411096426276844,0.35589941972920697,0.09514563106796116,0.4584139264990329,0.8347894474969237,0.9654018419927699
28005884.txt,Human,7.214448013878522,148.51326786088487,0.02750862216095437,0.6084039121942737,0.3463497453310696,0.1788756388415673,0.40407470288624786,0.6121046017562435,0.9894127385536147
28013287.txt,Human,7.700284597028035,207.97763667576407,0.02668928082071577,0.5973869002084611,0.3472750316856781,0.10419313850063533,0.42712294043092525,0.6775124717817813,0.9644259970644433
28020046.txt,Human,7.886852729274155,236.68963661749967,0.028580760656298037,0.543244358833327,0.4325581395348837,0.054778554778554776,0.49883720930232556,1.0263746271809138,0.9660564400189146
28035460.txt,Human,7.295298159370576,157.07373590049275,0.0728577244713733,0.43934473112168704,0.2643979057591623,0.6377952755905512,0.31282722513089006,0.9626583676684104,0.9826018059598153
28051330.txt,Human,7.472409057849875,177.5903103872311,0.02033901535488182,1.679827136257299,0.3723577235772358,0.5008156606851549,0.43902439024390244,0.7857596346531979,0.9885241088130637
28063132.txt,Human,7.288622975046731,156.34865248992193,0.017515696346899215,1.046041138206205,0.514792899408284,0.19642857142857142,0.5976331360946746,0.7566275220348462,0.9084618687421679
28078163.txt,Human,7.95514534338053,248.16319291672514,0.024044739490879607,0.9074415045678919,0.40071343638525564,0.06555423122765197,0.45659928656361476,0.7956254168954161,0.9852708436314201
28086303.txt,Human,7.486595963503756,179.34527959089007,0.024750725254309443,0.7427937691123242,0.4192377495462795,0.1092896174863388,0.5117967332123412,0.858351724679315,0.9505035441352446
28092317.txt,Human,6.955510615454565,124.11301632116118,0.006431420550851584,0.6471399075911994,0.5232974910394266,0.02888086642599278,0.6200716845878136,0.666103984609739,0.962528325294852
28109594.txt,Human,7.932922391452599,244.36983359971893,0.010939663659014238,2.192228658160145,0.4246737841043891,0.059453032104637336,0.5029655990510083,0.862103346285823,0.9802458692913961
28111403.txt,Human,7.980530291044021,252.56839178906347,0.0424205487878851,1.6393269714675163,0.34498620055197793,0.09861751152073733,0.43146274149034036,0.6563612244662672,0.9522866002445992
28126340.txt,Human,8.142829929380785,282.64158399772504,0.022029638737397838,1.8784770710503345,0.3243683781581092,0.054693877551020405,0.40668296658516706,0.7605489542917363,0.9573060881224374
28139742.txt,Human,7.814630947753296,225.1325654652534,0.017478122546573455,1.0966990610994365,0.3514056224899598,0.07243460764587525,0.4206827309236948,0.7311833272922025,0.9762378075266468
28165687.txt,Human,7.834150239343101,228.19924992054712,0.01724061154425023,4.58463483836703,0.41718555417185554,0.05742821473158552,0.4931506849315068,0.7994503008758802,0.9657083653670854
28172023.txt,Human,7.412123133845441,170.3222536215136,0.02304516816712139,0,0.6308724832214765,0.04054054054054054,0.7214765100671141,0.0,1.0
28175164.txt,Human,7.853045197368563,231.20762985712702,0.010766741961208144,0.3961243900372212,0.4057142857142857,0.041237113402061855,0.48114285714285715,0.4963869458396343,0.9564576718100465
28176889.txt,Human,7.298082662899562,157.3771920786956,0.0231650905894256,0.5209485685323315,0.5076530612244898,0.035897435897435895,0.5841836734693877,0.6244347714854342,0.9804663021422123
28186635.txt,Human,7.747896069586866,214.95577642108165,0.03175405967237007,0.34395824215958504,0.4297385620915033,0.08360655737704918,0.511437908496732,0.8371037148126168,0.9648122295859716
28198029.txt,Human,6.4937249561443675,90.11684847932648,0.05749234527830159,0.8368376165655506,0.5618556701030928,0.140625,0.6237113402061856,1.241211235283358,0.9497893685425968
28206098.txt,Human,7.899456334728306,238.76645211605748,0.04320119325145815,4.128713642489589,0.4741506646971935,0.08284023668639054,0.5471976401179941,1.1182292270710783,0.9549606676169154
28230807.txt,Human,7.272493358063332,154.61037874363709,0.015141473927570424,0.4912609135506608,0.27060133630289535,0.38504464285714285,0.3195991091314031,0.5900144307927145,0.9699810172845554
28243590.txt,Human,6.869352663610882,116.91795284351942,0.022193056413041826,0.7165084113404236,0.4781144781144781,0.03389830508474576,0.5488215488215489,0.6362860098582773,0.9770034462607251
28247753.txt,Human,8.21902335719447,297.97001689457096,0.04017641477346485,2.7169672205648245,0.4469328140214216,0.04975609756097561,0.5150925024342746,0.9568873841045029,0.979917276154119
28290448.txt,Human,7.7745850612242595,218.96933894795725,0.02741581401076051,0.7104293721561524,0.3273542600896861,0.26504941599281223,0.3865470852017937,1.1787061695331302,0.9742732820824292
28298773.txt,Human,7.608802151246229,195.19904051545396,0.027234860729674362,0.4466303306253759,0.40222575516693165,0.08133971291866028,0.46740858505564387,0.950562054809564,0.9768410939578854
28320387.txt,Human,7.744459524261942,214.44435430061148,0.01674861929014726,0.46191241367157954,0.44855305466237944,0.054838709677419356,0.5305466237942122,0.6583599650319705,0.9730895269049199
28321954.txt,Human,7.899770642219026,238.81847576465938,0.058706316997958925,0.9859042812129366,0.4283746556473829,0.05939226519337017,0.5151515151515151,0.7957064107000981,0.9775958708102165
28325193.txt,Human,7.488978716136406,179.64173068593826,0.0484491965404425,3.939494800266006,0.38847858197932056,0.15259259259259259,0.4431314623338257,1.4975138133722679,0.9840985232633406
28326441.txt,Human,8.226932514216966,299.608036950709,0.01454876412372475,3.2632941821147283,0.48267326732673266,0.052109181141439205,0.573019801980198,0.947099087990159,0.9449590764415212
28337049.txt,Human,7.811235838704163,224.60338159906937,0.016930894217744522,0.48356124033859144,0.39735894357743096,0.11432009626955475,0.4849939975990396,0.6402614280785027,0.9805126003575505
28359817.txt,Human,7.73912916417042,213.6535034708124,0.02225102259133891,1.765212732191233,0.31630170316301703,0.06951219512195123,0.4148418491484185,1.1150265192987165,0.9736124717831957
28377361.txt,Human,7.893677179318781,237.81191332660606,0.021281243880017932,0.32083912549254673,0.44550408719346046,0.056010928961748634,0.5299727520435967,0.5605854743872005,0.9638328741449398
28383893.txt,Human,8.36588333369735,329.89962635917277,0.03179520055988925,2.4492500213293007,0.3403235470341522,0.1684652278177458,0.4059880239520958,0.8787775409730694,0.9823710250002442
28396458.txt,Human,7.933594008893054,244.48362150743392,0.03106719197732245,1.4094039709431005,0.3299908842297174,0.21624087591240876,0.4089253187613843,1.1930816716083792,0.9731735444534466
28396528.txt,Human,7.316825525928828,159.43510654932234,0.027568810076439642,0.5235099591613364,0.22605694564279552,0.6715643906655142,0.2640207075064711,0.8931507715603135,0.9854858006469164
28398216.txt,Human,7.508296800138862,182.0633599021269,0.025932809947064962,0.7425466610090191,0.3964110929853181,0.088379705400982,0.46818923327895595,1.0636071466916002,0.9689477221230529
28419173.txt,Human,7.964297200711127,249.74244075275962,0.02355906841810171,1.8983623939003664,0.3977832512315271,0.03333333333333333,0.49261083743842365,1.0167468591267825,0.9500384900468836
28419927.txt,Human,7.865443454065292,233.20314811927014,0.018617843875873428,0.593888775681338,0.468562874251497,0.04954954954954955,0.5389221556886228,0.560130180301013,0.9102361380863172
28423028.txt,Human,7.925696685748456,243.14897265696,0.02404574157320511,0.6584172668113142,0.38979591836734695,0.06646216768916155,0.43673469387755104,1.2286839232013949,0.9496375679195295
28424982.txt,Human,7.326811251113645,160.54247691063833,0.016831541073787138,0.5369267804333784,0.3540740740740741,0.24071322436849926,0.4222222222222222,0.6346374693609161,0.9695134917260592
28471099.txt,Human,7.563664616301754,189.18640587673036,0.04705913793949746,2.1978760212783515,0.26221804511278196,0.22859830667920977,0.3295774647887324,1.2179654542837828,0.9617160392139492
28505854.txt,Human,8.186315018310614,291.2905358610664,0.019266703610871617,1.0354498204274973,0.36427320490367776,0.08947368421052632,0.43345008756567427,0.6178021073250707,0.9810366515546025
28522529.txt,Human,7.405354465849867,169.52502720553173,0.041305253302542325,1.5187093889794683,0.3711615487316422,0.08299866131191433,0.4205607476635514,1.1060532068775337,0.9735463839176126
28531493.txt,Human,8.103025791595856,274.9500600753066,0.015983662988866016,0.44509674243090347,0.3918918918918919,0.07156673114119923,0.4575289575289575,0.45814376698033477,0.9869557720064049
28609364.txt,Human,7.53919112134612,186.00416565622706,0.03411628206586756,0.9289700530632088,0.39274924471299094,0.09848484848484848,0.472809667673716,0.8993333223701562,0.9373493360253429
28614791.txt,Human,7.96610470120542,250.0555301221798,0.03564813580718581,2.914459700880901,0.4077201447527141,0.11124546553808948,0.49939686369119424,1.1195164209976785,0.9672358384624904
28623782.txt,Human,8.134048345119146,280.92638978538855,0.01442285067223648,1.210777155090945,0.3963782696177062,0.06048387096774194,0.4647887323943662,0.998227953832559,0.9845879533357441
28628090.txt,Human,8.284531049991058,311.81165621823476,0.020234605636491355,1.323970172802643,0.3401315789473684,0.03689064558629776,0.42236842105263156,1.1786869691763457,0.9466290658905304
28629430.txt,Human,7.995224084024396,255.15393553450048,0.029716762294064267,0.8112553694220327,0.36553030303030304,0.03984819734345351,0.4365530303030303,0.7435300086134234,0.9845135741762923
28630325.txt,Human,7.227285060426786,149.84063001888936,0.036536167541288654,0.9423781099403618,0.4733893557422969,0.059154929577464786,0.5854341736694678,0.48368944041919026,0.9702407432424948
28631840.txt,Human,7.905898666809685,239.83504407838424,0.01266341397309712,0.4435173481137755,0.46417445482866043,0.028125,0.5623052959501558,0.5384699586591674,0.9601749709181813
28635795.txt,Human,7.80974592116181,224.37154619983687,0.013977470653225686,1.616415944358748,0.40587449933244324,0.11244979919678715,0.49132176234979974,0.7869667589179529,0.9683711888292281
28640735.txt,Human,7.678686635114041,204.887283539985,0.021640897259556927,0.9666170544466776,0.3101145038167939,0.08986615678776291,0.3788167938931298,0.9220432758991934,0.9689258980188759
28642819.txt,Human,7.834102793495319,228.1917452653459,0.016613667984557944,0.7596098404796281,0.40700808625336926,0.12027027027027028,0.5175202156334232,0.7422163545239708,0.9502627614573476
28663949.txt,Human,6.7448949974459635,107.25454672893805,0.03415443420547913,0.9071579215861829,0.4431818181818182,0.11450381679389313,0.553030303030303,0.72693594896003,0.9681933361068037
28669770.txt,Human,7.724868669608405,211.55202271724914,0.020775532780595074,0.7814710737278837,0.37290322580645163,0.03492884864165589,0.472258064516129,1.200503291653844,0.9696319279619848
28670024.txt,Human,8.035351305723447,262.3504229710227,0.020880258708633685,0.27730050071798584,0.17487958503149315,0.9065628476084538,0.2093367914042238,0.5997068667649018,0.9693578820894778
28672970.txt,Human,7.602897640338638,194.4017829400485,0.01823285670423089,0.9548692748451078,0.3345679012345679,0.03712871287128713,0.40987654320987654,1.098442058512095,0.9702137228393322
28679359.txt,Human,7.991793392433232,254.5479069036094,0.019203478773955555,2.1616219963525,0.3327433628318584,0.06205673758865248,0.4097345132743363,1.4496346553258317,0.9549528825789174
28697203.txt,Human,7.535577783027839,185.53888712899686,0.03652589881959023,0.5611138714515403,0.3917525773195876,0.07090103397341212,0.46686303387334316,0.7751878401377464,0.983637611087686
28711616.txt,Human,7.49786014065,180.7510403431424,0.05190842294969636,4.4929253891991765,0.40098199672667756,0.16912972085385877,0.46317512274959083,1.161403259164016,0.9765609474792402
28724469.txt,Human,8.008395297728075,257.49405216012553,0.015612094909934225,0.4622706887266973,0.3961840628507295,0.09448818897637795,0.48035914702581367,0.7317701527661317,0.964907498100627
28733974.txt,Human,7.910161945799178,240.54482398685883,0.022006362004428837,0.481648605814833,0.4146341463414634,0.07090464547677261,0.4975609756097561,0.9625137292324385,0.9590468464589367
28745844.txt,Human,7.733181648906302,212.77452920057388,0.013613053528945401,1.6969948860656838,0.3993808049535604,0.19875776397515527,0.46439628482972134,0.5887389077674691,0.9514769538535998
28756444.txt,Human,8.093383156675376,273.11848615322737,0.01941835912584868,0.34001807741542156,0.40487804878048783,0.08113391984359726,0.4897560975609756,0.5598236053756598,0.9774864360631283
28758002.txt,Human,7.764447212622418,217.4360303717781,0.021935739049125477,1.4887300903583525,0.4220314735336195,0.09612625538020086,0.49642346208869814,0.8224239400486162,0.9945146440553111
28762662.txt,Human,8.064014436799747,267.614863614777,0.026834721939496726,1.2719731417897595,0.37379162191192267,0.0968783638320775,0.43501611170784105,0.8145001642660772,0.9760859745096713
28772892.txt,Human,7.889080571129164,237.0554203857075,0.0182126519727754,0.5998178527665278,0.3871331828442438,0.05203619909502263,0.4729119638826185,0.5361619162760686,0.9555492682256206
28790806.txt,Human,7.693251577789711,206.96623012900855,0.01724881431694775,1.5183671715928402,0.3221476510067114,0.1491031390134529,0.3982102908277405,0.6737433054593681,0.9699901171540174
28803888.txt,Human,7.713203481495373,209.8483750336711,0.040085941767419336,0.913874349815592,0.35516372795969775,0.15404040404040403,0.4105793450881612,0.743282015992625,0.9829704401945764
28808263.txt,Human,7.8043002592598265,223.5262196290027,0.026667870157600294,1.110323388962383,0.43829787234042555,0.02844950213371266,0.5304964539007092,0.6473083175309671,0.9358552368091375
28815362.txt,Human,8.000327377312063,256.05809828077474,0.07916200297686293,1.221625780004621,0.40670391061452515,0.17357222844344905,0.464804469273743,1.4102398403304421,0.9630442016732
28828844.txt,Human,7.529438264975113,184.75098744323458,0.020533938336242667,1.8740171271126378,0.32673267326732675,0.1141439205955335,0.3948019801980198,1.7663520451924837,0.9776967077467994
28831378.txt,Human,7.441233450670726,173.79387772292492,0.031410375215849363,0.579411381114853,0.3510028653295129,0.09195402298850575,0.4154727793696275,0.8050904910689548,0.9825827818948504
28831442.txt,Human,7.896702366522055,238.31110431692815,0.026619829175788718,3.010285402728358,0.28462192013593884,0.37957446808510636,0.3678844519966015,0.8988848566664298,0.9364255522676364
28862054.txt,Human,8.114234791501897,277.0946011088019,0.025023568964011183,0.9866021560340765,0.3410922112802149,0.2825112107623318,0.42166517457475383,1.8487513749161242,0.9464421761112188
28867567.txt,Human,7.6380243699637305,199.193169935148,0.018943107348445842,0.413594899491367,0.44060773480662985,0.027700831024930747,0.511049723756906,0.681214342099434,0.9154574059042375
28871170.txt,Human,7.549982081149254,187.40064147549415,0.01121980104716959,1.3856767078383363,0.33706293706293705,0.33660589060308554,0.4041958041958042,1.078221705984666,0.9855106527822849
28895997.txt,Human,6.562633705141065,94.52563331860073,0.013819061989796766,0.2597447565814465,0.4375,0.23622047244094488,0.51171875,0.47969004478152344,0.9715641625313234
28897981.txt,Human,7.979805118103633,252.44146978955717,0.02386879725893588,1.3053027454245147,0.4092485549132948,0.08458864426419467,0.48786127167630056,0.7661477363826189,0.9428624403858128
28916894.txt,Human,7.4603458251878685,176.11156296982517,0.03656274886452067,0.49058222012323055,0.35545556805399325,0.07328072153325817,0.41732283464566927,1.1879071859394912,0.9668843230155677
28923650.txt,Human,7.915856164032265,241.49611398820838,0.06143089891389129,2.1046407963076663,0.44026845637583895,0.10363391655450875,0.5288590604026846,0.810440573986799,0.9645766266209079
28933005.txt,Human,7.54419213269294,186.6500561850255,0.035921472124147646,0.20344442291767842,0.28666035950804164,0.5232227488151658,0.3339640491958373,0.9925891261880081,0.971705227274244
28939941.txt,Human,8.078153071690425,270.25042409137814,0.04224118951801461,1.1817804802677512,0.41637426900584795,0.15826494724501758,0.4853801169590643,1.1125787522127077,0.8839192219647566
28942221.txt,Human,7.71707252656497,210.41190542138955,0.04441924710465668,0.705009095866969,0.4611801242236025,0.07476635514018691,0.531055900621118,1.1241447037568344,0.9852862152589363
28949406.txt,Human,7.688570029454739,206.29571279573148,0.02501072540656116,1.7773094040766066,0.32886723507917176,0.5128205128205128,0.3995127892813642,0.7827291529711757,0.9879724019585581
28951817.txt,Human,7.512893339050935,182.6443530186069,0.01687483065930162,0.8012770636717408,0.32180851063829785,0.652,0.375,1.158132902296295,0.9879741757953197
28969385.txt,Human,7.763819907874088,217.34150658075828,0.04444860221950004,0.6010804638516318,0.4495798319327731,0.03932584269662921,0.5196078431372549,0.8363221124848468,0.9919463914387806
28973180.txt,Human,7.922520800587778,242.61430395876624,0.04407890353172731,0.9606929410243518,0.33252032520325203,0.08387622149837133,0.4138211382113821,0.6221438008875025,0.9307620043473791
28974459.txt,Human,7.7779693791309,219.4836068400372,0.03567310739744244,1.9393837444448574,0.41055718475073316,0.12058823529411765,0.49266862170087977,1.170204035628153,0.9648012205339743
28975482.txt,Human,7.575304177253037,190.71892214323157,0.0142476375436221,0.6054624743235868,0.37727910238429174,0.17440225035161744,0.44039270687237025,1.211545076956784,0.9683517034524923
28989677.txt,Human,7.824877424269206,226.73721979236558,0.02304679746931949,5.259840232433338,0.4106412005457026,0.16415868673050615,0.4815825375170532,1.3350628135126588,0.9756327223839054
28998957.txt,Human,8.081561964277478,270.8897441824725,0.018982040944904254,0.6455358593353716,0.4416365824308063,0.039806996381182146,0.529482551143201,0.8824513681603483,0.9759751816800879
29002596.txt,Human,7.555028882731646,188.05734992707514,0.027456044165762545,1.1356362700698392,0.3118279569892473,0.13907933398628794,0.37732160312805474,0.6613955895697049,0.9852912456710847
29014805.txt,Human,8.351506693251325,326.6284602881165,0.020905776814405547,2.068065315633052,0.4099099099099099,0.1588447653429603,0.4711711711711712,0.9846526308344982,0.9709558446781534
29028935.txt,Human,7.927669272618502,243.4816559378251,0.021961179774293568,0.8694260206685451,0.39323220536756126,0.07251461988304093,0.4807467911318553,1.7843212121746412,0.963733477927185
29050809.txt,Human,7.921236309028081,242.39839045885324,0.03576574893304222,1.274471437565228,0.3292999135695765,0.07705627705627706,0.4070872947277442,1.1295145422161184,0.9814270928881857
29051656.txt,Human,7.528678364657735,184.6537005166231,0.02755182502087178,1.419525849820932,0.3314977973568282,0.17218543046357615,0.3865638766519824,0.6726742143758788,0.9826929691807674
29061628.txt,Human,7.140878013775718,141.129719228527,0.01581747611089357,0.6392474130055482,0.5188679245283019,0.08227848101265822,0.5911949685534591,0.46148771687037465,0.9858460111315723
29072179.txt,Human,7.865897604518789,233.2765704184974,0.020041059626992385,1.0385841221244978,0.3902147971360382,0.12679425837320574,0.46539379474940334,1.4333218975455007,0.9851654302665505
29075857.txt,Human,7.8923196965714055,237.58825293480623,0.0309886454989605,0.8047939088739533,0.312807881773399,0.06661184210526316,0.3793103448275862,0.943727058131086,0.9437294375533022
29076405.txt,Human,7.669247159165928,203.55109315686147,0.017799703356344097,1.0275805176907857,0.32356134636264927,0.43743199129488575,0.3941368078175896,0.6564572230359894,0.9731092361436915
29087505.txt,Human,7.623236568820323,197.16184396370997,0.02142363676254976,0.4838914367964961,0.3257287705956908,0.061068702290076333,0.44289340101522845,0.48312904119566186,0.9466628924837579
29091445.txt,Human,7.755422730549967,216.08014914859334,0.021188969426339337,0.42251778774846466,0.4707692307692308,0.041666666666666664,0.5476923076923077,0.6492512954640082,0.973729348991011
29093426.txt,Human,7.465793971331153,176.77788223015096,0.020493152437020275,1.317883046566472,0.23464711274060496,0.8539944903581267,0.26672777268560954,0.7105653316742928,0.973109334772827
29134372.txt,Human,7.944220954436822,246.29114596641355,0.025832357075721745,0.7461213718594504,0.47820343461030385,0.03708609271523179,0.5587846763540291,1.2272595508430775,0.9696426045120912
29134721.txt,Human,8.172690625724062,288.55262109979117,0.021716034535717015,0.8644744608181404,0.30153846153846153,0.19173859432799015,0.3688423645320197,0.635197570990932,0.9506555006705544
29142288.txt,Human,8.080404157983764,270.67243420110236,0.018159185435446562,0.6475601794252088,0.30962343096234307,0.41131284916201116,0.36401673640167365,0.9189103874529253,0.9817007107720884
29147100.txt,Human,6.676009380365064,102.25371015425314,0.013736725565844814,3.5818478384894403,0.5043859649122807,0.11504424778761062,0.5921052631578947,1.109186737678447,0.9848692102106525
29148871.txt,Human,7.984275004325014,253.22481932156256,0.0225153552539416,0.5497480102883768,0.3408560311284047,0.0989867498051442,0.4163424124513619,0.7421160058133701,0.9659007403905767
29149998.txt,Human,7.768934632326679,218.11340552371195,0.015417568909078505,0.6625775446623318,0.40119760479041916,0.05555555555555555,0.5014970059880239,1.0258543032597256,0.9671928090854147
29161565.txt,Human,7.132353433296605,140.29827234776283,0.05027093953213945,4.56258614406956,0.4408866995073892,0.09405940594059406,0.5172413793103449,1.0357330781688872,0.9501530239612817
29165698.txt,Human,7.20865445834756,147.91806615916474,0.01484350291702431,0.21246287018566543,0.4809384164222874,0.04129793510324484,0.5865102639296188,0.3943109420412073,0.9283443421974804
29167286.txt,Human,7.487671453408349,179.4790264638864,0.024537620268459577,1.96542191695386,0.31994818652849744,0.44805194805194803,0.37694300518134716,1.0102535574680287,0.9753456139903778
29173771.txt,Human,7.376379962514329,166.15431645945463,0.021506219022913966,0.5194505153500468,0.3472022955523673,0.42589928057553955,0.41750358680057387,0.5041100921726391,0.959971669271667
29177904.txt,Human,7.494707722406196,180.35651427977885,0.01493624339578376,0.576882978587127,0.36336779911373707,0.15555555555555556,0.4460856720827179,0.6716654803331902,0.984459138493413
29184740.txt,Human,7.591495553823221,192.87141809041722,0.009752226093481647,1.865998076380421,0.5314685314685315,0.01873536299765808,0.6433566433566433,0.9673960171702549,0.989576143128431
29193505.txt,Human,8.170892235844395,288.1931502502246,0.01903617115306024,0.8174891685586703,0.45,0.16165413533834586,0.535,0.607840718431277,0.9747316243806249
29196643.txt,Human,7.752434160456153,215.63299832887262,0.031178885308405097,0.7107837737129045,0.3245967741935484,0.24545454545454545,0.3810483870967742,0.8201643241394528,0.9168104272909514
29208172.txt,Human,7.791788994340499,221.59614819823116,0.022878907350449777,0.6091367949771971,0.3648351648351648,0.046255506607929514,0.4351648351648352,0.8001674214983031,0.955042428125415
29211359.txt,Human,7.725056404909535,211.57955339126366,0.025149638496437567,0.4671275080849325,0.41568627450980394,0.10747051114023591,0.4849673202614379,0.7670615858199947,0.9708672180810812
29211919.txt,Human,7.448894736060952,174.7192473134395,0.023828598599012814,0.8868299116873055,0.4899328859060403,0.0853932584269663,0.5883668903803132,0.6929985735943059,0.968376445325553
29221006.txt,Human,8.414318805987968,341.1633369883125,0.03847056679855796,1.9951898180871184,0.31657142857142856,0.1305094447624499,0.3836477987421384,1.6225207331000897,0.981452675002658
29267293.txt,Human,6.745812275118006,107.32276175768374,0.03022348848402227,0.5918331389974468,0.352,0.46380697050938335,0.41333333333333333,0.6245969994842322,0.9858911781437737
29297393.txt,Human,8.528009831657963,369.13630667017975,0.018550685793614668,0.7671013905351725,0.3509080257762156,0.0873900293255132,0.4428822495606327,0.9001469529579503,0.9787712319173176
29297973.txt,Human,7.603974972461149,194.54700663378546,0.027639326764502304,0.7110293015011175,0.38729198184568836,0.06525037936267071,0.4659606656580938,0.8346213200536289,0.9593971833147165
29306433.txt,Human,7.686628854837588,206.01832450504358,0.018494574114782572,0.6927329056916379,0.4369885433715221,0.022988505747126436,0.5171849427168577,0.6840834429609941,0.9834510471290502
29319314.txt,Human,7.675137868733104,204.38391758054178,0.028145848865221756,1.5692161965689464,0.4504065040650406,0.09624796084828711,0.5300813008130081,0.8132391886494658,0.9713562161114772
29329075.txt,Human,7.945612748579875,246.52886216015293,0.0465309048291962,1.5223987314759662,0.4611032531824611,0.1048158640226629,0.5296610169491526,0.9033408575562997,0.9616294668934482
29332616.txt,Human,7.729653076777212,212.25475693305899,0.011163340496964724,0.46511513090158024,0.4045261669024045,0.1773049645390071,0.48656294200848654,0.5904902796629329,0.9710578542676562
29399491.txt,Human,7.767291404042023,217.86511598909223,0.01937948554265298,0.528411664285332,0.4795417348608838,0.09688013136288999,0.5613747954173486,0.9195580687019015,0.9740705873216029
29406313.txt,Human,7.787965336324422,221.00961672678554,0.019580861509996453,1.7366782554980125,0.3139312977099237,0.10516252390057361,0.383587786259542,0.9086908429357444,0.9756752272829659
29415426.txt,Human,7.140757032142665,141.11788485775568,0.01753961124351633,2.8706803540388153,0.5141955835962145,0.044444444444444446,0.5962145110410094,1.4375781167818398,0.9260553831825894
29425788.txt,Human,7.708192006028918,209.12069141830918,0.027281492402147993,1.733787936956698,0.366369710467706,0.17522321428571427,0.4153674832962138,1.7205564758231555,0.9826632099372936
29449419.txt,Human,7.818808069687493,225.78534992270312,0.01725411823649718,0.7034821288392203,0.4681818181818182,0.17933130699088146,0.5545454545454546,1.2822100062002324,0.9558620493792567
29456173.txt,Human,7.627237731740202,197.70941055409028,0.016130603256171935,0.4795042027196757,0.4042232277526395,0.05597579425113464,0.49321266968325794,0.8990579768598569,0.9782542373259243
29483501.txt,Human,7.512559619015627,182.60210914230234,0.01506702620393757,1.91268866377634,0.34946236559139787,0.09029649595687332,0.41263440860215056,1.3305257592008999,0.9468739640245367
29486525.txt,Human,6.808247839647125,112.06934086680653,0.008849885542923304,0.23094392755522022,0.23823975720789076,0.7427701674277016,0.27921092564491656,0.47465455150589614,0.9670406438284773
29494962.txt,Human,7.807339836973147,223.99765782708283,0.017928861818390412,1.543812261745224,0.43843843843843844,0.08283132530120482,0.5105105105105106,0.9214975400264688,0.9661951482254629
29510501.txt,Human,7.545642635593216,186.8378107600508,0.02223072049810164,0.7358100250001371,0.3824959481361426,0.4796747967479675,0.44246353322528365,0.7820443030449796,0.9738322013464399
29521434.txt,Human,7.101195213919069,137.30070412561358,0.0069881688699802835,1.279777483358686,0.5940959409594095,0.06691449814126393,0.6789667896678967,0.9939556874253795,0.9748076290424422
29524570.txt,Human,7.770181478323973,218.30199103245155,0.03317585324875668,2.467774381576562,0.43243243243243246,0.018072289156626505,0.4894894894894895,0.9528015290062245,0.9767099421727456
29525715.txt,Human,7.882684661658961,236.0068071515267,0.014746732952452603,0.5815490941574367,0.3705440900562852,0.05357142857142857,0.43902439024390244,1.7465576896044654,0.9779016834790794
29534737.txt,Human,7.727425701615212,211.92730990323432,0.04056955187434981,0.4485647433873726,0.41424418604651164,0.1661807580174927,0.4898255813953488,0.5738196727662115,0.969257236046171
29552167.txt,Human,7.478325882076341,178.3201446874923,0.02616414766848327,1.0574356310170032,0.36617405582922824,0.09555189456342669,0.47619047619047616,0.7335296521394851,0.9123947622065758
29564653.txt,Human,7.497118149793199,180.6581023812188,0.01458255794673452,1.4718933637128,0.3434190620272315,0.14871016691957512,0.40998487140695916,1.4057740514592059,0.9934871718118352
29573698.txt,Human,7.0156090619385,129.39239915423394,0.0117924690149216,0.5050415425454836,0.4754601226993865,0.040123456790123455,0.5644171779141104,0.5429401977920931,0.9634620238025976
29574501.txt,Human,7.627449794548868,197.73847414222985,0.020115987873262058,1.2677669649836278,0.43462246777163904,0.04621072088724584,0.5303867403314917,0.9767138484102501,0.9872983240278497
29595906.txt,Human,6.595636723070597,96.7129196092182,0.02089234888978197,0.630760293186714,0.5581395348837209,0.09411764705882353,0.6686046511627907,0.8010448574893378,0.9749471292357008
29612672.txt,Human,7.922807246860124,242.66247967204274,0.014880319934289276,1.1614806483144464,0.3867334167709637,0.21831869510664995,0.47434292866082606,0.6143416850280662,0.9799909589487328
29639533.txt,Human,7.775826941384204,219.15791015988333,0.015484285394090276,3.307351614537594,0.38751625487646296,0.1316818774445893,0.46553966189856955,1.021666322593635,0.9547321951936787
29640922.txt,Human,7.550426541919899,187.4583841464576,0.03263844600057184,1.0226184661205804,0.29012345679012347,0.4072164948453608,0.3425925925925926,0.7455652336981622,0.9698950247192569
29647215.txt,Human,7.94327042708966,246.1289291716257,0.04134928566384963,0.9852311285611797,0.32264150943396225,0.16540642722117202,0.389622641509434,1.4293971587880887,0.9856987540521129
29648950.txt,Human,7.509598826134724,182.22774545957483,0.012225289117937624,0.8478505938261873,0.3274215552523875,0.07113543091655267,0.4311050477489768,0.7871646254273296,0.9226146569267967
29723311.txt,Human,7.72962054539378,212.24997084671492,0.02704090268268397,0.6870097050107353,0.2531835205992509,0.8079519879969993,0.2943820224719101,0.6674017662569324,0.9482390613106801
29746235.txt,Human,7.926815250359232,243.33756642887926,0.04092771549566926,0.9262210885482742,0.4748427672955975,0.07255520504731862,0.5613207547169812,0.9375796528672643,0.9764416318266522
29764492.txt,Human,7.741101530325155,213.94579748782024,0.012457015283780567,0.6109444861230073,0.2291814946619217,0.8781183178902352,0.2711743772241993,1.3797349754560349,0.9701328089369772
29770086.txt,Human,8.1426192820479,282.6003186243661,0.03673845360669151,0.4660627939417882,0.44431818181818183,0.10556186152099886,0.5164212910532276,0.7139089284098985,0.9589884774898682
29772450.txt,Human,7.199045203450696,146.93611279828693,0.04127753276896243,0.6796077445512629,0.42643923240938164,0.14346895074946467,0.4925373134328358,0.7756165131371273,0.9802131614843466
29775391.txt,Human,8.050222426563549,265.06868414411457,0.06010252686478293,0.9558225886619452,0.35126050420168065,0.32491582491582494,0.4151260504201681,1.2582657114470164,0.9597319435452935
29784524.txt,Human,7.882392356854438,235.95899459688428,0.022477368936064307,0.5662311261724642,0.4415041782729805,0.13268156424581007,0.5334261838440112,0.8108686305601492,0.958021300802586
29792535.txt,Human,7.507552096067096,181.96940495373462,0.0483665984411964,0.6890231793082342,0.4107946026986507,0.0962406015037594,0.4707646176911544,0.8208442582228487,0.9868611343508913
29797594.txt,Human,7.6564781137691265,201.75744681626864,0.02134266208406414,0.5282586799442118,0.29440993788819875,0.3163138231631382,0.4049689440993789,0.9564519501154117,0.973245168124537
29805310.txt,Human,7.247550602238066,151.96029443607026,0.019193903490055522,0.3898417164031792,0.3166904422253923,0.34334763948497854,0.37089871611982883,0.6203351683966426,0.9535541194774366
29815762.txt,Human,7.766189902623973,217.6988388906593,0.026219351540968525,0.5480173413631912,0.3383947939262473,0.08804347826086957,0.4349240780911063,0.7032446653152147,0.9734800713650156
29821051.txt,Human,7.88302534283886,236.06254489877938,0.018502159885920355,0.47025647895189915,0.34249263984298334,0.25467059980334317,0.40039254170755645,1.3207074229542448,0.9852700725777693
29825044.txt,Human,7.546762030134261,186.9828354388053,0.02932314815932421,1.4743188161131788,0.39274924471299094,0.22727272727272727,0.44561933534743203,1.1505514337237979,0.9738333879105365
29839396.txt,Human,7.65169859426388,201.09014841865758,0.07464513101382346,4.014959889113862,0.38152011922503726,0.44095665171898357,0.43517138599105815,1.7644425793602794,0.9912528118282407
29865476.txt,Human,7.833452609312376,228.08892850101384,0.02531127081090594,0.5462469114342252,0.3977832512315271,0.0654320987654321,0.4876847290640394,0.6841270251523605,0.9692675532314973
29878348.txt,Human,6.949002061678008,123.55435574835344,0.011067072458230543,0.6505227160832884,0.5783132530120482,0.06072874493927125,0.6546184738955824,0.6499141086136098,0.9491333434852378
29894080.txt,Human,7.692149633817329,206.80820774290171,0.012591076696371948,3.2301764844791827,0.30087719298245613,0.19068541300527242,0.3412280701754386,1.0401804809745105,0.9924597212673861
29897742.txt,Human,7.606013637938862,194.8221144114428,0.021116869168348665,0.4839933766060883,0.3944099378881988,0.1806853582554517,0.4751552795031056,0.7542059499919629,0.9457839216750238
29908929.txt,Human,8.00067787008998,256.1203133810981,0.018548736054424846,0.7069288145192825,0.45403111739745405,0.04539007092198582,0.5388967468175389,0.8142936169038747,0.9726284751355766
29915354.txt,Human,7.696700361709251,207.46157780771944,0.017717787578352986,1.5842669126690772,0.4326923076923077,0.05787781350482315,0.5096153846153846,0.9818128801528561,0.9431216959869214
29926588.txt,Human,7.580948831525078,191.46658615014735,0.04921622813431332,0.8926440958289288,0.39968895800933124,0.1060842433697348,0.4727838258164852,0.9881149848332882,0.9288573506076873
29928796.txt,Human,7.30248050083595,157.85766463140845,0.023987446907366306,0.7717344123242654,0.39473684210526316,0.06607929515418502,0.5307017543859649,0.6368582223151644,0.9328463147136308
29930479.txt,Human,6.812247066556405,112.38043398736849,0.11843523264491665,1.7506510863333864,0.4539249146757679,0.1718213058419244,0.5221843003412969,1.0414143229315103,0.9875292564080083
29968330.txt,Human,7.608403571221942,195.14511942355665,0.04107833055895618,1.4707693598160254,0.3534591194968553,0.09962168978562422,0.4377358490566038,0.5407391946462876,0.953526501978131
29975124.txt,Human,7.365630787138053,164.9209409226687,0.02117797626491312,0.9093639013130627,0.2917737789203085,0.14175257731958762,0.3444730077120823,0.6619207907832234,0.9789130149479873
29990140.txt,Human,8.095352388113255,273.4915384779158,0.048991914118570366,1.018739381230396,0.44660194174757284,0.11557177615571776,0.5230582524271845,0.620429370994392,0.940300025274446
29992154.txt,Human,7.934467064320415,244.6316169910399,0.026526481837884704,0.47521391688816295,0.3940020682523268,0.23108808290155441,0.4581178903826267,0.7077208098882883,0.9414555932724743
29998869.txt,Human,7.338790671757929,161.88109153477635,0.05672707230128398,1.6485109790305292,0.27094668117519044,0.29880043620501634,0.33514689880304677,0.7511188300153743,0.9990082057117536
29999135.txt,Human,7.2728529226637795,154.6489172744701,0.028321025081500778,2.54132563758651,0.1567489114658926,0.9449275362318841,0.17800289435600578,1.306513993142211,0.9198348126450642
30083884.txt,Human,7.321223952341756,159.92192714699922,0.02125310673499398,0.415881186152931,0.3532608695652174,0.056363636363636366,0.4492753623188406,0.602911474077014,0.9770425618658694
30083943.txt,Human,7.911615558299116,240.787311251798,0.04119031138970288,1.0212536065639848,0.43546099290780144,0.12660028449502134,0.5177304964539007,1.971015195142431,0.9776989873330904
30097175.txt,Human,7.957440675939075,248.55833562678498,0.02342127384975445,1.093427442028306,0.5140495867768595,0.06135986733001658,0.5669421487603306,0.5772682825731535,0.9644642603886424
30127072.txt,Human,7.470041767144478,177.29914479215523,0.03040326199482752,0.387350911210893,0.4100486223662885,0.03577235772357724,0.4829821717990275,0.5565877567945189,0.9622807673645267
30128072.txt,Human,6.794471146839032,111.00425332565726,0.03553523382569246,2.1351475073918023,0.4899598393574297,0.26720647773279355,0.5461847389558233,0.7617657195620019,0.9876226723690629
30148777.txt,Human,7.870636393845241,234.04406874734588,0.02948511933917674,4.413420594967593,0.41536273115220484,0.05420827389443652,0.5035561877667141,0.7361882455081525,0.9802246813463065
30163002.txt,Human,7.630747693294086,198.19100732995994,0.01860545238978979,0.749943540293017,0.4362745098039216,0.2081967213114754,0.5049019607843137,0.872941550562221,0.9734320509133118
30223363.txt,Human,8.070269807687568,268.7777321615918,0.023036615770992603,1.4602171853395889,0.28257790368271957,0.08297872340425531,0.3590651558073654,0.9685205322064683,0.9424339276051911
30288581.txt,Human,7.207365812566496,147.78600159831723,0.04340651821768426,1.2285096475666148,0.41387024608501116,0.1707865168539326,0.47874720357941836,1.2743428573718552,0.978677955835864
30304575.txt,Human,7.953225661630824,247.833201110397,0.022323914734122763,1.148462184170686,0.34756703078450846,0.07462686567164178,0.40814299900695133,1.3757588998830017,0.9843592724531091
30311202.txt,Human,7.63205461953846,198.37062837220338,0.01811077420289739,0.13213648973007366,0.38357843137254904,0.08230958230958231,0.45955882352941174,0.3921776332153197,0.974262861458118
30311725.txt,Human,7.498869928428955,180.87759798500227,0.04673398042369018,0.32009515350197854,0.37806637806637805,0.17945007235890015,0.4660894660894661,0.8722940739069261,0.956359682072356
30337969.txt,Human,7.8537675828996605,231.32342901362253,0.03730568022219129,2.354379153583953,0.4386459802538787,0.1456859971711457,0.48801128349788436,1.0704475825124669,0.9313802781424863
30344127.txt,Human,8.05533708629207,266.01007654792323,0.018015157613671087,5.96874445616304,0.4244762954796031,0.03535911602209945,0.5005512679162073,1.2128291217160798,0.9870901142841902
30361788.txt,Human,7.120290900205992,139.1301133062149,0.01055781460690204,0.903144868908973,0.5,0.05017921146953405,0.608540925266904,0.7778467257791599,0.9672992400655345
30397268.txt,Human,8.371163385594222,331.10922264680664,0.015403851301014966,0.33638904249826873,0.40072992700729926,0.029992684711046085,0.4821037253469686,0.6952341562434976,0.9639962737786394
30430249.txt,Human,8.024728962795292,260.4258707191037,0.015815767977179145,0.5905875316802435,0.42663378545006164,0.11124845488257108,0.5006165228113441,0.6629046673551787,0.9441225554502082
30437583.txt,Human,7.870878700940676,234.08338079844174,0.03935502380327292,4.671850988112498,0.447178002894356,0.09143686502177069,0.5108538350217077,1.6889652332403111,0.9413149617668564
30504149.txt,Human,7.35909297574892,164.1752652317935,0.019226840598147592,3.6590850495755523,0.42935779816513764,0.058931860036832415,0.4990825688073395,1.3311570946000948,0.9869092123406299
30529547.txt,Human,7.297419106961582,157.30482435336916,0.0055164057917748985,0.5112097154522238,0.5368731563421829,0.04154302670623145,0.6312684365781711,0.5186800153800695,0.9849509110917833
30542184.txt,Human,7.993877929893209,254.91596678957197,0.015347875732255907,0.526278964857445,0.3351698806244261,0.6954921803127875,0.37649219467401285,0.5739435126121804,0.927111976367773
30563572.txt,Human,7.472943843403458,177.65615267158282,0.027170638650014237,2.1634073379629535,0.35736196319018404,0.13846153846153847,0.4263803680981595,1.203842867904142,0.9842020733753306
30594821.txt,Human,6.556884651607476,94.14970384367003,0.006013274084237412,0.544402341802168,0.5192307692307693,0.03896103896103896,0.7051282051282052,0.6324054094168382,0.9072154613906971
30608780.txt,Human,7.818485857432305,225.73492853687398,0.021873502815102513,1.415616326000268,0.33934252386002123,0.10201912858660998,0.41569459172852596,0.9838684059360222,0.9794641035358737
30642458.txt,Human,7.971107528302672,250.92415174527767,0.01659269530806031,1.1070528917592826,0.47167325428194995,0.095112285336856,0.5401844532279315,0.7177705799885951,0.9869657561722287
30646367.txt,Human,7.360396479155836,164.32366785229786,0.019314099472650552,4.922611862192021,0.2845528455284553,0.34225844004656575,0.3310104529616725,0.6338755240322436,0.9952865684756359
30709029.txt,Human,7.475028414259046,177.91303614944792,0.021584491932688264,0.7284520079510561,0.37537993920972645,0.0975609756097561,0.4635258358662614,0.7272652221821985,0.9507332081923084
30713796.txt,Human,7.436198345711489,173.18838235640746,0.01198935418693015,0.87317572908647,0.352773826458037,0.44079885877318115,0.4011379800853485,0.7660722401682577,0.9476971729141579
30741799.txt,Human,7.598936043309997,193.86869377126186,0.016888959887914237,1.6188959465990143,0.3864942528735632,0.1729106628242075,0.46551724137931033,1.1082561513293767,0.9734097542107426
30757456.txt,Human,7.726875668359829,211.8465271689345,0.04605654588605425,0.7849023349289829,0.2297696396928529,0.30728241563055064,0.267297457125961,1.2444014048932053,0.9753858238493683
30813919.txt,Human,7.6968594992569175,207.48446327327284,0.04959073680057356,1.184719211377779,0.38076923076923075,0.10925449871465295,0.45384615384615384,1.7664864919448193,0.9711356324774358
30826569.txt,Human,7.964166949339171,249.71989418107356,0.018843134822772625,0.5575363854168203,0.4822190611664296,0.0456490727532097,0.5490753911806543,0.7030593728343978,0.9474560942361855
30862904.txt,Human,7.824933776027305,226.74607633525156,0.013286619020632889,1.0369519858353284,0.38847117794486213,0.04271356783919598,0.4598997493734336,0.9565240090309876,0.979510055218036
30863060.txt,Human,7.671641742901079,203.88922759049674,0.01820976888007734,4.026489119738384,0.3091743119266055,0.2931985294117647,0.355045871559633,1.5031372741180453,0.9838147433041031
30864828.txt,Human,7.4734603327410305,177.71976551608958,0.03532595116536575,0.9724520554466208,0.375609756097561,0.2724306688417618,0.43577235772357725,0.8869961942993727,0.9691007402062436
30938994.txt,Human,7.696654439206008,207.45497419220715,0.019654376951369703,1.049606719297861,0.3935483870967742,0.03880983182406209,0.4774193548387097,0.6122432213209197,0.9543294706017322
30965258.txt,Human,7.992704674346633,254.7087435136418,0.015600549968253758,0.24581854229903227,0.4928977272727273,0.042735042735042736,0.5795454545454546,0.6425961551782912,0.9432402131136718
30968749.txt,Human,7.963657342933555,249.6317006399864,0.022838306285726695,1.002695814299472,0.4106699751861042,0.2848258706467662,0.4801488833746898,0.7979485365785562,0.98405697679125
30990885.txt,Human,7.324452800467543,160.28024394963606,0.14652914598564626,2.610765903014687,0.38924731182795697,0.550755939524838,0.443010752688172,1.4061276796404496,0.9664162741940043
30999638.txt,Human,7.389206675794926,167.638147729907,0.017080974916617964,0.845096351814401,0.4312617702448211,0.05103969754253308,0.4821092278719397,0.885643987581164,0.9439574989867278
31016926.txt,Human,7.704903471810824,208.64455658752078,0.023941350904146792,0.40662481290817243,0.30604982206405695,0.10427807486631016,0.38701067615658363,0.7823778840991432,0.9862645000451031
31025785.txt,Human,7.748058421104656,214.97996750739136,0.05303323453768529,5.030591828182784,0.416793893129771,0.20980091883614088,0.4870229007633588,1.3539785224135805,0.9552930742703329
31040875.txt,Human,7.0632699601118425,133.73840071447097,0.03605767256987759,0.7443934136964031,0.4181360201511335,0.07341772151898734,0.5138539042821159,0.7195859955757333,0.9300330513505892
31042953.txt,Human,7.719522610973737,210.76954505686837,0.05217444274558579,2.8491769404955862,0.40976331360946744,0.07270029673590504,0.5,1.5409435107599037,0.9561395897243067
31064969.txt,Human,7.252267124820273,152.45790272536374,0.03562606226320538,4.850905037452729,0.3108882521489971,0.27729885057471265,0.3452722063037249,0.6657367114294471,0.9925332999863036
31111279.txt,Human,7.832728099777477,227.97441288162085,0.017665415269523567,1.4819546100148777,0.31503150315031503,0.08385933273219116,0.3996399639963996,1.0942828399775661,0.9870336448283431
31114531.txt,Human,7.7757047440300715,219.13934810631915,0.021350274987994175,0.2803528718299976,0.3365200764818356,0.08237547892720307,0.42065009560229444,0.44251956903815765,0.9600522854292555
31162167.txt,Human,7.738717618255618,213.59256496062753,0.027353955258353595,1.5755175818000497,0.39652677279305354,0.11756168359941944,0.46888567293777134,0.7056558349877097,0.9916726107436293
31169070.txt,Human,7.373135858776141,165.78111474705042,0.035248294266487235,2.7610791998684663,0.2651162790697674,0.3616029822926375,0.3125581395348837,0.8068708225544899,0.9747861022721009
31199035.txt,Human,6.451648333306332,87.5265216664084,0.08100196739235259,1.9749873647467922,0.150066401062417,0.9001331557922769,0.1845949535192563,0.8156853184517788,0.9884198274747884
31201660.txt,Human,7.9873338890306105,253.7622906830775,0.01417425543034691,1.8611235646621773,0.48742138364779874,0.05993690851735016,0.5644654088050315,0.9787926917262448,0.9741632789780179
31211074.txt,Human,7.896664463251684,238.30484335996394,0.024759341071296875,0.5985762180720822,0.4645669291338583,0.10584518167456557,0.5622047244094488,0.9374028538410779,0.9683362491319408
31217840.txt,Human,8.1412553194601,282.3332669619922,0.020515802694350552,9.166995717535768,0.3485714285714286,0.060801144492131615,0.42928571428571427,1.5119178336517782,0.980452545597265
31220062.txt,Human,7.499536707484538,180.96121459509402,0.03505012456003467,0.536846149998282,0.20136260408781226,0.7952994692949203,0.24299772899318697,1.0948632499781132,0.9785548266799121
31225895.txt,Human,7.909387743751869,240.41577361243907,0.014444852399953433,0.6440242807785942,0.45809248554913296,0.028985507246376812,0.5578034682080925,1.010452497574075,0.9392469382707707
31242382.txt,Human,7.62692487598298,197.66654091127168,0.04460116236289913,0.4157466321133641,0.35714285714285715,0.30864197530864196,0.42610837438423643,0.6485559322982165,0.9613586928005485
31243710.txt,Human,7.695479650547207,207.28611206828444,0.02047243262820465,0.9934058549317603,0.3180428134556575,0.19101123595505617,0.35372069317023447,1.2193767994829603,0.9816243819474666
31273310.txt,Human,7.6553966860764024,201.60626841088884,0.02871756454516523,1.6513569747681727,0.38335607094133695,0.23392612859097128,0.46248294679399726,1.526037240110414,0.9241520351672972
31273413.txt,Human,7.8429206484801295,229.59074051146808,0.027720689634554357,1.4582818385270655,0.4801829268292683,0.07339449541284404,0.5670731707317073,0.6598633370435262,0.9726692681126092
31292364.txt,Human,8.028582695313839,261.12245124245055,0.04213430614081753,3.536050407270371,0.45489690721649484,0.08785529715762273,0.5360824742268041,1.0145310850812825,0.9276654314840866
31362807.txt,Human,7.508259983132554,182.05871377654145,0.02976790799713241,1.054894681438254,0.3179347826086957,0.1307901907356948,0.40625,0.5972501774609621,0.9556829946409741
31392754.txt,Human,7.871134418239795,234.1248756906635,0.04773268520957583,0.9500785478876985,0.4043062200956938,0.22182254196642687,0.48325358851674644,0.8864242141671653,0.9768603661366583
31395710.txt,Human,7.382393972771032,166.84839204286217,0.014571137582904205,0.34303760297253466,0.274364406779661,0.5711252653927813,0.3220338983050847,0.48649833351613225,0.9656335668701931
31395742.txt,Human,7.448629987352262,174.68718755737228,0.0464459457484416,0.5431844163423614,0.3654390934844193,0.08380681818181818,0.42492917847025496,0.8582551950800877,0.968386153411377
31454430.txt,Human,7.1330884109367645,140.36976518636936,0.021003544962238798,0.4609298133832107,0.3851508120649652,0.4755244755244755,0.46635730858468677,0.6760879816523058,0.9734075788378744
31536294.txt,Human,7.727536301120249,211.94355724129056,0.018143583332264165,0.768652419936181,0.4834983498349835,0.08278145695364239,0.5478547854785478,1.0181891358957822,0.9705119686721075
31547476.txt,Human,7.774824719021499,219.00571674571668,0.016925349220142657,1.2070096041179075,0.42024539877300615,0.05846153846153846,0.5122699386503068,1.2616024830350732,0.9920544829243506
31552617.txt,Human,7.373423739185007,165.8141985906069,0.025710412383454274,1.0746023915654206,0.5306122448979592,0.08211143695014662,0.6209912536443148,0.7665753739693406,0.9829215273971829
31556198.txt,Human,7.486340678838427,179.3135472788799,0.013892429720660918,1.7584481833332193,0.30586766541822724,0.32290362953692114,0.37952559300873906,1.071415877318459,0.9492258505320206
31602598.txt,Human,7.915346066047963,241.41074258101773,0.020537040379706262,0.8844024030474933,0.42939481268011526,0.06647398843930635,0.5144092219020173,0.7986350828488784,0.9883546621172697
31605080.txt,Human,6.476297562847129,89.03480815662171,0.07955843098483052,1.1035245715835396,0.48847926267281105,0.13488372093023257,0.5345622119815668,0.8719887707522592,0.9950513936234978
31638814.txt,Human,7.05122665875201,132.62662878676872,0.005625931792783883,2.864562024182929,0.46439628482972134,0.06230529595015576,0.5603715170278638,1.001265112660576,0.9786276884889563
31677347.txt,Human,8.05626131591757,266.1805444249014,0.02725539325346919,1.0818324117221993,0.42427745664739885,0.06488991888760139,0.4751445086705202,0.8748939117427713,0.9883225188341815
31684925.txt,Human,7.682487076109106,205.4277224490057,0.03155212478354384,0.6235647469661209,0.3765743073047859,0.07828282828282829,0.44710327455919396,0.9796425181675522,0.9732540389508899
31694970.txt,Human,8.026179316377158,260.6878107027229,0.030892873689845876,1.5274188440167897,0.3723932472691162,0.09651741293532339,0.44091360476663355,0.8540519056002487,0.9542930328494887
31710562.txt,Human,7.911438839385271,240.75781848659943,0.02635692859007981,0.8995472371625007,0.37605804111245467,0.06303030303030303,0.4534461910519952,1.1940399813944065,0.9935444154816024
31761591.txt,Human,7.594261266969753,193.2415161572247,0.013787374997229238,0.3877367494521954,0.35479951397326853,0.09013398294762484,0.43863912515188336,0.6711801296045391,0.9519570432270545
31813535.txt,Human,7.94820399781589,246.97205475939026,0.018158095807940554,1.7648849806381393,0.3889541715628672,0.05182567726737338,0.4735605170387779,0.8513469657272725,0.9569056870092073
31850269.txt,Human,7.825502289217915,226.83544625334335,0.06777027567581184,0.8796977110861587,0.4843492586490939,0.05950413223140496,0.5387149917627677,1.0858020155656483,0.9755632083015484
31909493.txt,Human,8.079230929186085,270.4524073782814,0.020428747418357648,3.1850109346226176,0.3503368623676612,0.05110896817743491,0.4196342637151107,0.9766226042619502,0.9707305423356978
31926950.txt,Human,7.592524706401492,193.00905281343174,0.0327385752833488,0.42101701192701574,0.2738432483474976,0.4266792809839167,0.33994334277620397,0.5184382558771854,0.9766278593548502
31929166.txt,Human,7.287557761191191,156.23325507246264,0.02503082618858774,0.3760681203699655,0.48095238095238096,0.07894736842105263,0.5595238095238095,0.5574807104002936,0.9611424694212803
31948488.txt,Human,7.565397990877216,189.41384686558172,0.025506907056926854,0.7385370754403644,0.39087947882736157,0.05228758169934641,0.4837133550488599,0.9921023507943716,0.9685789406110604
32025286.txt,Human,7.749919639459485,215.25749176663433,0.017025866622386403,0.39328699129061195,0.34555555555555556,0.33407572383073497,0.4122222222222222,0.6269686577044506,0.9731442469015669
32042584.txt,Human,7.512950322959737,182.65156729079058,0.012577121128356801,1.7707239588648718,0.4215885947046843,0.06748466257668712,0.5193482688391039,0.6752287743688178,0.9506139695399949
32067700.txt,Human,7.540840620009341,186.21695427595085,0.019762948160200862,0.9704018053584186,0.4822222222222222,0.07142857142857142,0.5844444444444444,0.8216208794603612,0.9718192249073838
32069695.txt,Human,7.885142592281289,236.4092364752337,0.017993773834334745,0.5310571304433941,0.34573947110675807,0.20019627085377822,0.40450538687561216,0.8062874303595176,0.973413195853709
32081266.txt,Human,8.132734845479797,280.67073715200803,0.026011995015235215,0.7186427592789889,0.33879374534623974,0.16480238627889635,0.41474311243484735,0.5966343965206813,0.9583019987269946
32109048.txt,Human,7.854032253226733,231.36587045980843,0.044613101941671014,1.1184530490267464,0.4471299093655589,0.08636363636363636,0.5362537764350453,1.225417593202956,0.91632148149145
32140087.txt,Human,7.853295526364383,231.2477512922201,0.1080320050827771,0.642964434810968,0.3546099290780142,0.21826809015421114,0.42958579881656805,1.3269786204439462,0.9724980354253853
32219038.txt,Human,7.742375208167852,214.13476212442063,0.03334004974001795,2.236412420614143,0.4407027818448023,0.033773861967694566,0.5153733528550513,1.1992094340967623,0.966073248556449
32265203.txt,Human,7.647978260386405,200.57225746267974,0.024770091081680712,0.4484865621230213,0.41531664212076586,0.310192023633678,0.48748159057437407,0.9905185647570464,0.950317065940623
32308556.txt,Human,7.353449165288354,163.53426762715674,0.05585201428008682,1.163239256339899,0.25251076040172166,0.7179856115107913,0.33715925394548063,0.7222048083158715,0.9685872278328638
32318506.txt,Human,7.185837601853323,145.59707899098925,0.02373536908340478,0.631597969865751,0.47696476964769646,0.1989100817438692,0.5636856368563685,0.860634114849488,0.9540891903019864
32385553.txt,Human,7.937416130804535,245.13218900436476,0.02292686710032195,0.622261185025037,0.3876464323748669,0.05656350053361793,0.46112886048988283,0.7949945181530312,0.9814476560519664
32433431.txt,Human,7.74917298697529,215.14611621365054,0.028788823084484813,0.8292624679689072,0.36716791979949875,0.1444723618090452,0.4398496240601504,0.9846466807299846,0.9524387796632737
32441790.txt,Human,7.529220323951052,184.72308010515897,0.014730614005614073,0.9886066572082056,0.5,0.04564315352697095,0.5557851239669421,1.226503512303689,0.9791647086555617
32517106.txt,Human,8.005387505266532,256.9577767420826,0.043823486755937426,0.5893922182470418,0.37435367114788004,0.34300518134715025,0.4415718717683557,1.0536568412284069,0.9670635706707252
32518109.txt,Human,7.036363305448189,131.26725855333305,0.006010178408652467,0.5640048906119126,0.5419847328244275,0.038461538461538464,0.6641221374045801,0.848555856219201,0.9777481633411013
32531824.txt,Human,7.292440224078077,156.76288556904936,0.004915518839827956,0.36841670350689076,0.5096952908587258,0.016713091922005572,0.6094182825484764,0.472864482863527,0.9647370941447088
32532982.txt,Human,7.3581124994071505,164.0637272611631,0.028252232325892853,1.6942293722894826,0.3337696335078534,0.31266490765171506,0.40131578947368424,0.6857403863045315,0.9936086871817157
32563518.txt,Human,8.14585548220843,283.234948730979,0.03015567633943767,2.4084087635363782,0.3713784021071115,0.08003518029903255,0.4363476733977173,1.1094993855721578,0.944745507062711
32605413.txt,Human,8.049644116238731,264.9624515497497,0.021235852003135193,0.9113714242900729,0.4649006622516556,0.01593625498007968,0.5509933774834437,0.8610571078438894,0.9247614315273078
32636041.txt,Human,7.929754642884425,243.83385549210217,0.01858788439230918,1.235947068048102,0.44416562107904645,0.07169811320754717,0.5169385194479298,0.6550723155062709,0.9717240067006084
32637306.txt,Human,7.689920503111533,206.48891187975437,0.01695517318636728,0.6664310616899553,0.3367139959432049,0.08333333333333333,0.3995943204868154,0.5235557429844918,0.9823565962567559
32651555.txt,Human,8.08628121826874,271.77731269761597,0.04121057734789486,1.8017994036703886,0.4303030303030303,0.0825242718446602,0.49515738498789347,1.2477905988359295,0.9832983824270309
32720816.txt,Human,7.847749591794125,230.3605069432335,0.07783027086115277,2.5130800639181086,0.4373219373219373,0.13714285714285715,0.5256410256410257,0.7156076636248928,0.9735822261498808
32773331.txt,Human,7.709541287975803,209.3163632361909,0.023979080704257826,1.1403648931535932,0.33567251461988307,0.22743259085580306,0.4128654970760234,1.0316849388379625,0.95530728373143
32794700.txt,Human,7.593096019968998,193.08550038115948,0.03419862596755071,0.577422463197558,0.5353319057815846,0.021505376344086023,0.6167023554603854,0.6183720375830805,0.9774724613425225
32799518.txt,Human,7.929136555392393,243.7294132001409,0.01337074617471624,0.29739934991297273,0.2503217503217503,0.8350515463917526,0.2985842985842986,0.5709964537506367,0.95610464144596
32802563.txt,Human,7.353147783169369,163.5001085325054,0.01632170402101427,0.7965140553778194,0.2620320855614973,0.7868632707774799,0.31283422459893045,1.458161593486376,0.9773551364521196
32896934.txt,Human,7.4569521257440075,175.69777676545905,0.013480287656432464,0.40821935409296023,0.3697841726618705,0.09668109668109669,0.4201438848920863,0.5970520592447656,0.9907067738105935
32947778.txt,Human,7.954630455213932,248.07464094332843,0.011774562337252978,0.6317646723845975,0.35912698412698413,0.0775347912524851,0.43253968253968256,0.8692370684496782,0.9839449062514384
32954522.txt,Human,7.365550575505541,164.91177182608598,0.010657183798793499,0.5731399374188006,0.45052631578947366,0.04439746300211417,0.5410526315789473,0.5537851507838448,0.9664362320674461
32959732.txt,Human,8.104267069619183,275.1867257047477,0.038793066926546764,0.6751241237760145,0.28152866242038216,0.09948979591836735,0.35095541401273883,1.0043953286816212,0.9561491213845397
32965335.txt,Human,7.940388152026585,245.63769361522264,0.027517790897828673,1.5748188796003324,0.34798534798534797,0.07889908256880734,0.41483516483516486,1.0832623467650162,0.9659947857405758
32977530.txt,Human,7.985791030798021,253.49105528541327,0.016462769580293406,1.7451501735160402,0.44712182061579653,0.05100671140939597,0.5448460508701473,0.8942006903203953,0.9726280069584834
32980197.txt,Human,7.733703950557535,212.85157431681338,0.02521505054000735,0.4768343025054553,0.39360222531293465,0.022315202231520222,0.49235048678720444,0.5768630064803294,0.9528322156510575
32985311.txt,Human,7.351751562595941,163.34195190186327,0.019992212461997044,0.668707422560843,0.457002457002457,0.12128712871287128,0.5344827586206896,0.5588141546902261,0.9879182689548299
33023370.txt,Human,8.058294482904559,266.555932850173,0.02629724243686621,2.2864518478902767,0.41007194244604317,0.12379807692307693,0.5071942446043165,0.8612939951562043,0.9814653633039754
33072201.txt,Human,8.538605818741933,371.85743782716065,0.05608029132145687,3.3969488933711207,0.3268112109994712,0.22657490735839067,0.38022210470650447,1.205096264253593,0.9806414117416136
33135102.txt,Human,7.435740613539327,173.1334425959661,0.03762866545979334,0.7342787838881022,0.39100346020761245,0.21875,0.47058823529411764,0.8184992047382599,0.9635280812988245
33141415.txt,Human,7.419727966011904,171.22243833545744,0.0908440995107603,2.2377546589780777,0.48654708520179374,0.04054054054054054,0.5582959641255605,1.0034561255022294,0.9889194939062135
33176873.txt,Human,7.964561405917091,249.7881810466916,0.028067474358436945,0.9888369966757268,0.36163836163836166,0.12812812812812813,0.44755244755244755,1.048542473113434,0.9947558951702148
33236701.txt,Human,7.757302992889896,216.3619496866491,0.024129317796707572,0.5919959098945275,0.4535073409461664,0.07201309328968904,0.5415986949429038,0.7161645938821195,0.9668265197944937
33241454.txt,Human,7.401192823097292,169.03671470615484,0.02134351965661362,1.3235903872256225,0.4249512670565302,0.08023483365949119,0.50682261208577,0.5723941769436877,0.9459806013934636
33286293.txt,Human,7.693990912636137,207.0723208526643,0.013189715848313686,3.0404614158874135,0.4647058823529412,0.42322834645669294,0.515686274509804,1.5234009585740682,0.9970699045459139
33344933.txt,Human,7.928772099625353,243.6678496897244,0.02228083838082508,2.0289334507247854,0.3892543859649123,0.15824175824175823,0.4725877192982456,1.0303851059956457,0.9851362926255011
33370664.txt,Human,7.8642855227730175,233.01605044623562,0.031817907474660914,0.5576810366657396,0.3792298716452742,0.14619883040935672,0.4644107351225204,0.7782140146905654,0.9589038234655372
33381211.txt,Human,7.752776016458987,215.68410002893032,0.028445168462872723,1.114928208351321,0.20598469032707029,0.883623693379791,0.2546972860125261,0.8877058012629243,0.9649975035006504
33424600.txt,Human,7.583179392699107,191.76284297880838,0.028996087017410094,1.1018997734014182,0.2131398013750955,0.6870696250956388,0.2643239113827349,0.5889696068760366,0.9801459709831474
33527446.txt,Human,7.715582996887865,210.19477496089445,0.020138922475739004,0.9742400813231109,0.35384615384615387,0.055269922879177376,0.441025641025641,1.3840835345538678,0.9910635073208645
33542483.txt,Human,7.651098288636322,201.00649218298355,0.017734921021504077,0.7573985682128158,0.39497041420118345,0.08160237388724036,0.48372781065088755,0.9288819515488328,0.986585544568865
33578873.txt,Human,6.707092787871331,104.48070943611413,0.026724881589641872,1.7145860210035584,0.42700729927007297,0.07352941176470588,0.5437956204379562,1.485827339009113,0.8397871519897293
33627938.txt,Human,7.771640289344451,218.52284326037469,0.03659717507740011,3.028703033985299,0.34438775510204084,0.11073253833049404,0.4030612244897959,1.714552787498779,0.9743428009310664
33665485.txt,Human,7.48324893741765,178.92968409855513,0.028559213417868334,0.6687074490334031,0.4,0.06467661691542288,0.47603305785123967,0.5480048568522597,0.9782847114449102
33685075.txt,Human,7.8215109671671685,226.20875658153452,0.0206205398413671,0.6597136281062698,0.36633663366336633,0.19514884233737598,0.44554455445544555,0.6962243025155406,0.9898472014184378
33685988.txt,Human,7.3603915513193074,164.32310657027568,0.01692567400446873,3.2353445191872936,0.36419753086419754,0.4024767801857585,0.4243827160493827,1.6638672477415366,0.9716670883219621
33704389.txt,Human,7.671324708074241,203.8444274891066,0.017048959705501854,0.43945241559151194,0.3629242819843342,0.17146596858638743,0.45822454308093996,0.6412002913163153,0.9622252898216221
33750209.txt,Human,7.8078574947424855,224.07804552511664,0.020799489315930206,0.992300286951267,0.4090909090909091,0.06896551724137931,0.49385749385749383,1.2592176211629185,0.9626168742793221
33803142.txt,Human,7.7019899488843375,208.2236240430875,0.03327514950160816,0.828443043218658,0.3040473840078973,0.1404549950544016,0.36031589338598224,1.0373606132149908,0.9428240609331531
33872500.txt,Human,7.819090032104178,225.82948205230093,0.04429513106857105,0.31041246327395716,0.409778812572759,0.061843640606767794,0.49243306169965073,0.5320281710848772,0.9793727172394219
33893326.txt,Human,8.166375210810651,287.2922392075174,0.02042042252913062,3.193554588013369,0.42290249433106575,0.06818181818181818,0.49206349206349204,1.2276428258267027,0.9766645151041197
33919379.txt,Human,6.819810841690005,112.97117039003207,0.006245656671704184,0.363920511021999,0.4401294498381877,0.05863192182410423,0.540453074433657,0.5541948422601967,0.9599167477023093
33964275.txt,Human,8.620889644577945,393.68273785704423,0.032496836819692045,0.5444914768513619,0.42087076710435384,0.17647058823529413,0.4948168624740843,0.6102026541652825,0.9656330187168239
34033933.txt,Human,7.72024916381771,210.87571702986332,0.013436433131255018,1.0706734746437478,0.43042071197411,0.08603896103896104,0.5145631067961165,1.0300436738708256,0.9494546093645522
34046031.txt,Human,7.891762743038058,237.49654950872684,0.017239181968882532,0.6379412524036319,0.42337662337662335,0.0625,0.4922077922077922,0.8183656575079369,0.9602764649957722
34051710.txt,Human,7.661949651771848,202.5240811464341,0.052663962141876616,1.7445843088329034,0.33549222797927464,0.35714285714285715,0.40414507772020725,1.3562523858115991,0.9944667562219298
34131484.txt,Human,7.285278335333367,155.98660493019548,0.013601619740176107,1.247373636479968,0.47164948453608246,0.031088082901554404,0.5747422680412371,1.2008441698859609,0.9778402726538752
34141299.txt,Human,7.9347308036718305,244.67634223088285,0.0689190470278464,1.6308090894364664,0.45790251107828656,0.028148148148148148,0.5598227474150664,0.8120553609754806,0.9787177088206622
34146825.txt,Human,7.599752438814658,193.978431668836,0.02418674640687409,0.535145184014569,0.3428201811125485,0.0933852140077821,0.4489003880983182,0.6601332364647102,0.9263829842683663
34151183.txt,Human,7.745231154586329,214.5590812674606,0.016200702754043252,0.5263299770908995,0.43714285714285717,0.08022922636103152,0.5071428571428571,0.7355437805197081,0.9752579838419805
34185495.txt,Human,7.8097584653033625,224.37349710463118,0.02669558367574836,4.7837109747241815,0.3812664907651715,0.19047619047619047,0.42744063324538256,1.5011576071932249,0.9926780467512571
34198885.txt,Human,7.739231254263744,213.66862286697813,0.023331562515816223,0.7368819721841597,0.41964285714285715,0.07611940298507462,0.5163690476190477,0.6356043311270696,0.9924367045989494
34250007.txt,Human,7.61788756349713,196.43219073992995,0.032428823970947096,1.1901047658797386,0.3520208604954368,0.18823529411764706,0.41199478487614083,2.3566694061280686,0.9899999870560682
34252537.txt,Human,8.207918620632844,295.68528139575034,0.027552899866774606,0.7645906868309827,0.3708040593286495,0.0836591086786552,0.4371584699453552,1.378096979923647,0.957372540392493
34303500.txt,Human,7.90454339024727,239.60984736038932,0.03050579934532406,0.9495880504312537,0.42950391644908614,0.07068062827225131,0.52088772845953,0.8002866748013175,0.9725430649425949
34304175.txt,Human,7.791203861978844,221.50629082515565,0.016647908112192505,0.8682353394501319,0.4852459016393443,0.03453947368421053,0.5426229508196722,0.812320606371406,0.939556632584664
34317538.txt,Human,8.486043612156763,358.55325692042936,0.023347489384491764,2.41082662039498,0.31079854809437385,0.1407811080835604,0.37250453720508164,1.0762102711400559,0.9822295157093205
34319869.txt,Human,7.700383261267872,207.99186051138287,0.013149043163505014,6.959897859195421,0.445,0.05351170568561873,0.5183333333333333,1.3142712034798207,0.9947679371798802
34327438.txt,Human,7.891717416073802,237.48908789820044,0.0391107348712426,3.084948450494596,0.36799184505606525,0.2676200204290092,0.4240570846075433,0.8377969486170517,0.9725045212553629
34349255.txt,Human,6.696378042136109,103.70761648830891,0.006637082636738566,0.4213851619388483,0.378125,0.06289308176100629,0.503125,0.5928266630145378,0.9718835105727796
34419403.txt,Human,7.208918998060089,147.94519163569564,0.016136974137835467,0.4744989866584225,0.48509485094850946,0.010899182561307902,0.5799457994579946,0.5707607027552669,0.9531911968364634
34452806.txt,Human,7.947036153664279,246.772214769049,0.04196483151908657,1.0086638811455308,0.42119205298013246,0.09827357237715803,0.49801324503311256,1.158941049815495,0.9731875479380429
34465087.txt,Human,7.97983836493648,252.44728735724772,0.018223678427787403,0.44595036914353214,0.41511627906976745,0.22727272727272727,0.48604651162790696,0.685374966274456,0.9745874354333274
34511655.txt,Human,7.595356388409651,193.38825767996548,0.023001102268250393,0.3418180996604803,0.3626666666666667,0.053475935828877004,0.43866666666666665,0.5188018485170338,0.9540520272182359
34544955.txt,Human,7.7032451616042605,208.40486724901163,0.05227128075096972,0.7964221090813667,0.38875305623471884,0.3272058823529412,0.4400977995110024,0.763728079559781,0.9877310570155543
34554248.txt,Human,7.8972343986371065,238.39900407299947,0.01988468185543707,2.00777721162777,0.4006928406466513,0.037037037037037035,0.46997690531177827,1.0063638416053968,0.9672794553464839
34583750.txt,Human,7.067963343576663,134.1741876853149,0.012343711350613911,0.6594913740688595,0.3958333333333333,0.06282722513089005,0.5052083333333334,0.5268603108124345,0.9475177300659682
34594746.txt,Human,7.938738300125957,245.356945318805,0.019078202859488334,0.6257654522567829,0.44429347826086957,0.05040871934604905,0.53125,0.8403964809981668,0.9717746871791915
34657584.txt,Human,7.518725092665631,183.38414384153668,0.06676978407405365,1.5794402634237985,0.3010471204188482,0.6496062992125984,0.3468586387434555,0.7955569093602358,0.9850378258631335
34689720.txt,Human,7.503440483823208,181.45153910214006,0.034624274288792195,1.2253233253192035,0.3333333333333333,0.069164265129683,0.4410919540229885,0.7707394518907582,0.989046308195965
34712719.txt,Human,7.921455398488264,242.4352041746116,0.0408275929467532,0.6807703266847344,0.45054945054945056,0.03581267217630854,0.5370879120879121,1.0788780775654208,0.9659008967146022
34740556.txt,Human,7.559890545772887,188.69214359560607,0.01974159641583463,0.6287039230136958,0.3689759036144578,0.052870090634441085,0.44879518072289154,0.6596253580203466,0.977502318347443
34745915.txt,Human,7.549839536626248,187.38212639457979,0.021815744402413413,0.538001488743354,0.27771797631862216,0.6947141316073355,0.33584499461786865,0.7226943856975262,0.9481049861526075
34758680.txt,Human,7.491873077373424,180.00249298200873,0.01611930449096771,0.6217747800554803,0.40237691001697795,0.059625212947189095,0.4702886247877759,0.7628436174173412,0.9841804272711667
34783330.txt,Human,8.003629857966091,256.64491357804025,0.025829079526363444,2.4456334271914018,0.4262295081967213,0.13262910798122066,0.4918032786885246,1.1356238794983655,0.9737429777052203
34792238.txt,Human,7.951023960930738,247.45527066338636,0.016465394559223575,0.45936376598738565,0.21325167037861914,0.7759197324414716,0.2522271714922049,0.8885315533012392,0.9620049556101917
34797369.txt,Human,7.92355169785873,242.78772924819788,0.03764438987051448,0.6682692070286164,0.41037735849056606,0.10638297872340426,0.4882075471698113,1.109429775223331,0.9679804172471358
34816637.txt,Human,7.349776758539652,163.11851751680948,0.035879046934473094,0.8728339263698087,0.31268436578171094,0.10044313146233383,0.3799705449189985,0.7755127440958914,0.9969087227307397
34875813.txt,Human,7.8668912448323125,233.4372924274905,0.02289197648133016,0.7652864498390783,0.350635593220339,0.08386411889596602,0.4247881355932203,0.959325244845872,0.9867662179806098
34953092.txt,Human,7.3493791286509245,163.07356563258264,0.010888746367689835,1.0803658728723777,0.5197889182058048,0.08488063660477453,0.5857519788918206,0.703836676120447,0.9665052390219339
34962725.txt,Human,7.426525092155263,172.03104057411,0.019059783073542367,0.6366982210497862,0.43703703703703706,0.24721189591078066,0.4962962962962963,1.1063310982351542,0.9903690211505886
34970271.txt,Human,7.488231723351523,179.5487405955703,0.012829840247270486,0.43419915924071334,0.35119047619047616,0.07761194029850746,0.4330357142857143,0.5668015432819096,0.9680793711502002
35121930.txt,Human,7.768159215886741,217.99620592691275,0.028734785935581764,0.5599500476648246,0.38451268357810414,0.12449799196787148,0.472630173564753,0.5075638649472466,0.9591627309457739
35157762.txt,Human,7.260035000817564,153.28099285305817,0.10285152914327313,1.2465714944175865,0.33482142857142855,0.2746268656716418,0.3898809523809524,1.466734084367082,0.9547244501564639
35164503.txt,Human,8.027421940894857,260.91244349269607,0.024387823200680912,4.338695121877207,0.4601542416452442,0.10051546391752578,0.5475578406169666,1.9091831834374453,0.9775857078081026
35172961.txt,Human,7.87916567542699,235.4318466566096,0.07260743961741335,2.703557822234259,0.4470426409903714,0.18344827586206897,0.48418156808803303,2.3224427646999555,0.9775623731223165
35302620.txt,Human,7.603881589158034,194.5344143300664,0.02298078628942572,0.927407575606629,0.3929577464788732,0.2796610169491525,0.4676056338028169,0.9791960048917746,0.9279587425968507
35325329.txt,Human,7.824192571199295,226.62961227584012,0.025298652087847744,0.7095944288178873,0.4058479532163743,0.06103286384976526,0.47892271662763464,0.781715310206773,0.9719777780243245
35344611.txt,Human,7.768625783763022,218.06671734633846,0.03394612702770153,1.4193678239112741,0.366751269035533,0.02544529262086514,0.4619289340101523,0.7492419469878914,0.9605006421691538
35389360.txt,Human,8.189852975200516,292.0057514908337,0.05025721184788785,1.4175141625607004,0.30641330166270786,0.13957176843774782,0.3768804433887569,1.755209180229081,0.961284649366304
35421497.txt,Human,7.479541555872545,178.470467853664,0.013137384169412873,0.9237769926373504,0.4883720930232558,0.050955414012738856,0.5898520084566596,0.6143330221623757,0.9193485441406364
35422305.txt,Human,7.732189866270169,212.62830733175858,0.020337340742818785,0.8979879624118926,0.3915737298636927,0.06459627329192547,0.4646840148698885,0.6351449307169985,0.9760164597276981
35468363.txt,Human,5.837573811604939,57.185354696286744,0.04449205370023437,0.34236587718638484,0.44360902255639095,0.22137404580152673,0.518796992481203,0.5995032522609222,0.999198420822407
35474904.txt,Human,7.955722856624756,248.2625529446783,0.020345905387430353,1.225598330107424,0.3648111332007952,0.05084745762711865,0.4527363184079602,1.3761474219991703,0.9241514171295513
35483925.txt,Human,7.6260876694986335,197.5518668481308,0.03317733528879487,0.9467351702270868,0.3996937212863706,0.059907834101382486,0.48238897396630936,0.7595158045406825,0.9934169531076049
35492909.txt,Human,7.043058781363188,131.87787920417398,0.04378808271864697,1.5751613277085559,0.2746585735963581,0.786910197869102,0.3125948406676783,0.8433235867445583,0.9818290171252984
35554162.txt,Human,7.68301902419933,205.50348137948592,0.014618462713227962,0.37326222980396245,0.4175491679273828,0.054628224582701064,0.5083207261724659,0.5219048541502834,0.9746909241591234
35564026.txt,Human,7.604332864687019,194.59527428302388,0.02640946495540258,1.1047825208109,0.39820359281437123,0.18618618618618618,0.4820359281437126,0.8391796845360807,0.9553539306706198
35571205.txt,Human,8.206586231547375,295.41232975758436,0.01660494895443364,0.30047120055605936,0.4083570750237417,0.05708848715509039,0.4919278252611586,0.5598752763913325,0.9512804424417657
35579812.txt,Human,7.48840510689836,179.57032011675918,0.029615924898551187,0.38171394651883916,0.35376044568245124,0.4594972067039106,0.4275766016713092,0.6411966807715229,0.9247448268888332
35603950.txt,Human,7.89456526953722,237.95834999262348,0.02044332630665207,4.036550724520558,0.38742857142857146,0.1111111111111111,0.44571428571428573,1.154808556740505,0.9283273447837033
35651876.txt,Human,8.120727219589956,278.34439456778085,0.03187547420663032,0.6455289011185451,0.2335649385355425,0.7677902621722846,0.2752538749331908,1.0774129829719312,0.9755687402791297
35673335.txt,Human,7.7430254764871025,214.23130119449704,0.012569174014762062,3.792073190679142,0.3679369250985545,0.07905138339920949,0.4520367936925099,1.0366061707286625,0.9755689460311621
35737840.txt,Human,7.616677521022384,196.26750476331864,0.07225212563378185,0.45192856451447294,0.40499306518723993,0.14186369958275383,0.47711511789181693,0.8429388675416876,0.9527319148311054
35971546.txt,Human,8.084770514313266,271.4928727017336,0.01961721526344128,0.7518557019960213,0.4190371991247265,0.02850877192982456,0.4989059080962801,0.8678691187400687,0.9633020439705121
35985133.txt,Human,7.6870798887627485,206.08274267905574,0.029747588109788944,0.8809604168778372,0.30847145488029465,0.2564575645756458,0.36464088397790057,0.675648516898961,0.9897624656660454
35990852.txt,Human,8.031701671185338,261.68758497029995,0.026279355388510253,1.5629933786571617,0.2591362126245847,0.1497005988023952,0.34485049833887044,0.7335691523117954,0.9823967236614718
36019469.txt,Human,8.052675517093192,265.51977781973477,0.0182843979870257,5.004193900663977,0.35082872928176795,0.043357933579335796,0.43278084714548803,1.6340356934152591,0.8466208774838424
36024962.txt,Human,6.792492247206425,110.85209664383348,0.044396978636684646,1.1250682650469226,0.5502183406113537,0.03524229074889868,0.62882096069869,0.8639926791021003,0.9852939418252625
36074301.txt,Human,7.557711892283656,188.40740944265005,0.06752765407732238,0.7913254409583254,0.3791469194312796,0.16957210776545167,0.4486571879936809,0.7344898481703055,0.9620010044831171
36094883.txt,Human,7.692092033081127,206.79995092709513,0.026003322106001193,1.86985570075773,0.43527508090614886,0.09415584415584416,0.5210355987055016,0.7344642587346882,0.9815469133058259
36102323.txt,Human,8.251920089962582,304.8424679231805,0.014494475575057354,0.4526919143541963,0.44611059044048734,0.03004694835680751,0.5248359887535146,0.8561522174297304,0.9550564244490289
36107065.txt,Human,7.877728223257107,235.1973872115107,0.09110092807563329,3.603443093120694,0.3315508021390374,0.17001338688085676,0.39438502673796794,2.543487994310047,0.9961138109542179
36136569.txt,Human,7.860419937718181,232.39253842249045,0.021240005086618996,0.8683191387256309,0.3462414578587699,0.1906392694063927,0.4271070615034169,0.8359536789391179,0.9560169291885932
36139251.txt,Human,7.938909822511887,245.38611760350352,0.016143107174484733,0.471856608942355,0.31879460745440125,0.14297061159650518,0.3980967486122125,0.5505986837509845,0.9808322344302198
36149549.txt,Human,7.928868278075311,243.68409454855978,0.010342055027638622,0.9839067458090152,0.4854838709677419,0.032362459546925564,0.5725806451612904,1.2603741206631707,0.9660119252581116
36170003.txt,Human,7.5321082730245035,185.09322426822098,0.015564929269087445,1.298251773310009,0.3891402714932127,0.21633888048411498,0.4660633484162896,0.9988264519971372,0.9865119984453683
36206485.txt,Human,7.793497122979345,221.85866999425633,0.021440460510982483,0.42098443178162925,0.4014510278113664,0.03878787878787879,0.4873035066505441,0.7021673986386356,0.938559926457082
36252245.txt,Human,8.161925325814773,286.4074729731207,0.018466809973869847,0.9307701998906399,0.39766702014846234,0.05100956429330499,0.4941675503711559,1.0270299289133997,0.9604258014619338
36269672.txt,Human,6.826054490609236,113.4611428447585,0.02352628032024661,0.5413030383395637,0.3086734693877551,0.07948717948717948,0.4413265306122449,1.0261409661069194,0.9064828198004241
36302399.txt,Human,7.931961978227016,244.2072088513633,0.04366419313126104,0.8824676286170665,0.378076062639821,0.04932735426008968,0.4519015659955257,0.8817412162538236,0.9442863028962486
36331163.txt,Human,7.100558723008718,137.2401429030867,0.024150087587630636,0.39556646254617334,0.5133689839572193,0.13978494623655913,0.5748663101604278,0.6589217638641475,0.9795411368001358
36366044.txt,Human,8.313632670714147,318.16529582272267,0.014802051076987234,1.5736551331742474,0.38389830508474576,0.10441426146010187,0.4788135593220339,1.639385012625405,0.9300006367304782
36379931.txt,Human,8.009448562009267,257.68210875189646,0.01782203019976316,0.4998716501409686,0.46808510638297873,0.02666666666666667,0.5598404255319149,0.8056117130511139,0.9602211304130202
36392131.txt,Human,7.886253159913034,236.59129125294672,0.04412592409110468,0.8423794974520062,0.354251012145749,0.2565922920892495,0.42206477732793524,1.1000307795034503,0.9600608190821228
36425270.txt,Human,7.672271785881974,203.97828801351554,0.042439958365324666,0.8545944871131421,0.42857142857142855,0.03691813804173355,0.512,0.7648502075570092,0.9878355872902899
36434348.txt,Human,7.552368090538856,187.71083152514169,0.03511224779178816,1.5805803973048196,0.33426573426573425,0.182328190743338,0.38741258741258744,1.1547845488975839,0.9781913586994972
36517781.txt,Human,7.692116057884875,206.80339473847846,0.01183592887663788,1.5764044587069803,0.3445378151260504,0.3898916967509025,0.42136854741896757,0.6500953058633322,0.9672834201702236
36569713.txt,Human,6.8939615624271475,118.92939763842242,0.09072004049250293,4.130888502043908,0.5,0.19852941176470587,0.572992700729927,1.3454487347863127,0.9935505482787398
36574147.txt,Human,7.756800864284259,216.28665822384153,0.0244893566659094,0.9502579759143592,0.37,0.23558897243107768,0.44875,0.6290094190588134,0.9907700160182618
36621169.txt,Human,7.311392197958896,158.83578789227616,0.00777105866141046,0.7254241610306478,0.48501362397820164,0.08767123287671233,0.5912806539509536,0.9346911499108844,0.9884751848600063
36625776.txt,Human,7.795666403854566,222.19251447742977,0.02213884729699053,0.46081869359137695,0.33101391650099404,0.14342629482071714,0.4025844930417495,0.6096948215331376,0.9600967042428733
36671891.txt,Human,7.996160290500448,255.31956602732797,0.012691266875791012,0.8392804276212978,0.3380952380952381,0.10890302066772654,0.403968253968254,1.145749508175269,0.9492534828678902
36694627.txt,Human,7.931764340366153,244.17375667802565,0.04158175835051644,0.6337063536144542,0.5340909090909091,0.019543973941368076,0.6152597402597403,0.9846954144942769,0.9682635183412489
36727173.txt,Human,7.789726457804451,221.2795715235408,0.04736590958427361,1.0795763485316265,0.46189024390243905,0.06584992343032159,0.549618320610687,1.2624617654747976,0.9356892869484884
36758947.txt,Human,8.240963499318744,302.53610165083353,0.02130128858209174,1.2548826473011916,0.46561443066516345,0.04745762711864407,0.5434047350620068,1.590726382258433,0.9460329686870699
36805025.txt,Human,8.328487340895876,321.4581996780122,0.022509875077346843,1.4630354754061479,0.3301258327165063,0.054114158636026685,0.4167283493708364,1.044527325194839,0.9619669683022867
36856210.txt,Human,7.629772727052747,198.05711606470595,0.01974952523466726,0.7230942096795274,0.4371859296482412,0.040336134453781515,0.5192629815745393,0.7916234437800399,0.9629261098249003
36861863.txt,Human,6.887239862888548,118.37657928633274,0.022323370408663903,1.0579480899593412,0.5180180180180181,0.04090909090909091,0.6666666666666666,0.7748707950835402,0.9727241036392821
36868767.txt,Human,7.705046426733119,208.66523195086992,0.05575512456856154,3.0576283978252357,0.44462025316455694,0.12063492063492064,0.5221518987341772,1.447694020809701,0.9738005468386819
36904300.txt,Human,8.299368465518741,315.03503419329377,0.01245970213110223,0.7922689858997204,0.3469079939668175,0.04607250755287009,0.4381598793363499,1.080140749309036,0.9503011268355388
36905896.txt,Human,7.972708027226634,251.202676777784,0.022026455023197677,0.7326225016779591,0.38293216630196936,0.05701754385964912,0.4759299781181619,0.6005499437706163,0.9483071635491434
36970996.txt,Human,8.291967233119484,313.4229978255968,0.017817319646455502,0.5166726805340573,0.3853658536585366,0.057003257328990226,0.4691056910569106,0.7987464671962566,0.9479352679088703
37001381.txt,Human,7.839016355714829,228.97025065850195,0.023507795749270657,1.0636434494785785,0.3713527851458886,0.04521276595744681,0.45490716180371354,0.8656810675494219,0.9713258408104589
37058472.txt,Human,7.434752505089665,173.01490330583277,0.014717701235473422,0.40609096657223553,0.431858407079646,0.05328596802841918,0.5185840707964602,0.5413976743328734,0.9788341796130478
37087371.txt,Human,7.757332041051473,216.3663061029175,0.028215071853673133,3.0129714947618167,0.42920353982300885,0.07941176470588235,0.5058651026392962,1.2058965173287406,0.9873377692800013
37087824.txt,Human,7.586884852112385,192.25600523188123,0.019747263529858134,2.537067760111737,0.4652014652014652,0.0625,0.5366300366300366,1.1505447274691307,0.9679350448031898
37201447.txt,Human,7.575488977616555,190.74335362914394,0.014734951636827965,0.5308925131153129,0.34025974025974026,0.375,0.4103896103896104,1.077107823348689,0.9530940438025678
37220856.txt,Human,7.913707669512202,241.13674010073308,0.03844654968343342,1.125155143563048,0.4143835616438356,0.05491990846681922,0.4874429223744292,0.7074023095494428,0.9684301972145789
37231163.txt,Human,7.462531676777591,176.37859481041326,0.013831048130173867,0.3736886942817585,0.4830508474576271,0.05106382978723404,0.5889830508474576,0.44953347027580637,0.8946455249708131
37242217.txt,Human,7.892659707411684,237.6442537522343,0.019049125789790997,0.7893778871620483,0.37843784378437845,0.030871003307607496,0.4367436743674367,1.0161642451621553,0.9505530394314806
37263609.txt,Human,7.14967245477763,141.99265117256974,0.024042122830915596,1.5988059074677234,0.3767123287671233,0.31443298969072164,0.4366438356164384,1.3528207340925589,0.942502046761712
37292350.txt,Human,8.362694634597453,329.1712749492545,0.0758596395356207,1.5747739237771667,0.28993147074327885,0.15883905013192612,0.34686346863468637,1.338916650823265,0.9810602615469796
37333719.txt,Human,6.549767600580786,93.68639166494015,0.025493666568813137,1.2424598324922271,0.4576271186440678,0.13247863247863248,0.5423728813559322,1.0865979949033628,0.9843345893236555
37335325.txt,Human,7.994743288726608,255.0689166154238,0.01897622832729506,0.8293652168471832,0.33085808580858084,0.13140495867768595,0.3952145214521452,0.8432348952848338,0.9836453616877401
37348041.txt,Human,7.655615038564673,201.6367839118052,0.020403266417920063,0.6345710836193129,0.4383116883116883,0.04560260586319218,0.5064935064935064,0.7034173145205816,0.9896112708598899
37360517.txt,Human,7.648228091599247,200.60699352808194,0.025505292987337592,0.4639856785573416,0.4475743348982786,0.1978021978021978,0.5164319248826291,0.5368350216392154,0.966231621743765
37370455.txt,Human,7.599719821126193,193.97404608744168,0.032087713102661765,1.0251532329945416,0.39914163090128757,0.04447632711621234,0.4434907010014306,0.8568184449596565,0.9690744955428787
37374340.txt,Human,7.6265543827996485,197.61578541463527,0.015063937272149849,0.5376028553138267,0.4754653130287648,0.01697792869269949,0.560067681895093,1.1710123489470143,0.972412248710527
37375999.txt,Human,7.786893065700008,220.84541426724073,0.02541598627653773,1.4085663346752613,0.38567839195979897,0.1397984886649874,0.47738693467336685,0.8402199459050852,0.9618126165498914
37391947.txt,Human,7.502778485851163,181.36829698073439,0.00901418842474237,0.7201777605707104,0.31004901960784315,0.23955773955773957,0.38357843137254904,0.5862688662793293,0.9773922818097566
37402097.txt,Human,7.12403030768572,139.49120071999675,0.020355893789836176,0.7035334498712842,0.4984709480122324,0.030959752321981424,0.5969230769230769,0.5151230360552895,0.9716824962003823
37472265.txt,Human,7.161090874384218,143.12093173033534,0.02596123803462965,0.8616014116156304,0.2860927152317881,0.5431606905710491,0.32980132450331123,1.3462073049701833,0.9757277374513745
37473139.txt,Human,8.01428253147498,258.54696000260725,0.010444868555539857,0.6008876068544073,0.46476761619190404,0.016541353383458645,0.5592203898050975,0.7148878811053366,0.9309212688213253
37521676.txt,Human,7.768316178116604,218.01992475248582,0.017339311538175795,4.8331382191024,0.25698757763975155,0.7698289269051322,0.2996894409937888,1.5502328758341524,0.9473940549842557
37540732.txt,Human,7.217114696061808,148.78803412710326,0.06584923241779923,0.706623276733607,0.37865748709122204,0.2504317789291883,0.43029259896729777,1.1966630414857093,0.9711705317833709
37560528.txt,Human,8.037711297082998,262.77993260067666,0.017095992655063973,0.5588001159566406,0.31693548387096776,0.05735056542810985,0.4161290322580645,0.5646273979156212,0.9773553862617321
37640804.txt,Human,8.192514064263051,292.54486085070573,0.021969707384274766,0.8404035545618398,0.4253490870032223,0.12917115177610333,0.5069817400644469,1.2168535672688545,0.9580512944230049
37660306.txt,Human,7.827397729068978,227.13366278291423,0.023518117314859647,1.3258782911502394,0.155893536121673,0.6461187214611872,0.2,0.8995134468305916,0.9575690234417346
37664296.txt,Human,8.34443069375294,325.0303650058939,0.02039353919799811,1.4170996233556783,0.33286810886252616,0.10412299091544375,0.41311933007676205,0.8810252169438494,0.962744286908719
37695494.txt,Human,7.120694870689254,139.1690767234191,0.03480740392038357,3.2827173803456113,0.39953271028037385,0.19483568075117372,0.4719626168224299,1.334450330702326,0.9734403992695629
37735467.txt,Human,7.830619467654129,227.64145059666842,0.0071671265828495674,0.454274520817668,0.46397694524495675,0.017366136034732273,0.5584415584415584,0.5585663808953523,0.9450494662167359
37739183.txt,Human,8.125266403011082,279.22153487239206,0.0193324859368554,0.7676934195712227,0.2869047619047619,0.18414779499404052,0.3601190476190476,0.5831696734918282,0.9811220866234623
37750854.txt,Human,7.738434019799954,213.5505820283342,0.03109427002161999,4.458481022647649,0.3761232349165597,0.0682110682110682,0.4634146341463415,1.8759009792300705,0.9920762897930402
37751611.txt,Human,7.8473185414358095,230.2916898033108,0.04290472997498821,0.3868938154841615,0.35241301907968575,0.09111361079865017,0.43546576879910215,0.7420965987138263,0.9588495480130337
37764298.txt,Human,8.028429664540475,261.09475470903544,0.02526363379493516,1.096218030501521,0.3957091775923719,0.06810035842293907,0.47079856972586415,1.3632780131105018,0.9748805307106169
37792474.txt,Human,7.622512946194205,197.0629769176257,0.0794503427394073,0.9568200189139997,0.4076809453471196,0.11851851851851852,0.4918759231905465,0.7609405960718021,0.9707426852363215
37818861.txt,Human,7.0910534068879345,136.33889704790911,0.024412893850907228,0.532504140332618,0.46564885496183206,0.08695652173913043,0.5368956743002544,0.6294330515182013,0.9757219620356428
37913536.txt,Human,7.404296792976019,169.40079006013605,0.031187575878259932,0.6643256472883324,0.3049932523616734,0.2706359945872801,0.3697705802968961,0.6136852398546093,0.9628052905181342
37931076.txt,Human,7.318114439203493,159.5776105736946,0.019165003793848612,0.672412592420966,0.4797979797979798,0.0583756345177665,0.5681818181818182,0.7210000935370374,0.9714254839228952
37997506.txt,Human,7.882996643026655,236.05784890750752,0.01473985837580112,4.081499945362989,0.3220675944333996,0.10159362549800798,0.40457256461232605,1.258170983758803,0.9852311794250642
38007664.txt,Human,7.629413894062384,198.00786061736596,0.03140453087761907,1.3657013453249818,0.37986577181208053,0.05787348586810229,0.4590604026845638,1.2756573415610832,0.9638829537534147
38047274.txt,Human,7.6977941520981386,207.61892604525897,0.026800380189159062,0.43378979444926236,0.36221294363256784,0.18723849372384938,0.42588726513569936,0.5733358152395687,0.9738539867909941
38056161.txt,Human,7.4769469447164,178.1497865540923,0.02787102252862382,0.9544833079921596,0.4030534351145038,0.04134762633996937,0.4595419847328244,1.0022869756099702,0.987855958533588
38059130.txt,Human,7.643267782821287,199.91844610795533,0.02731581673821266,0.7390231363499539,0.35,0.14916467780429593,0.41904761904761906,0.9360696239471115,0.9744831338570935
38087844.txt,Human,7.859054359689264,232.1726721377961,0.0313675985588894,0.6876104403285478,0.4009603841536615,0.09025270758122744,0.4789915966386555,0.8681130385029678,0.9603928122645954
38108845.txt,Human,7.8495470528527855,230.64769313181873,0.019433454041422587,0.4735972928981512,0.34831460674157305,0.06448311156601842,0.4473953013278856,0.46400378357585104,0.9585055394194983
38115035.txt,Human,7.879824141351596,235.53932552573332,0.025895247237011677,2.4549590992183075,0.3639751552795031,0.1357409713574097,0.4546583850931677,1.095951966161933,0.9694070476960843
38154903.txt,Human,7.102185613558312,137.39499241952353,0.02675997746049545,0.7085799819880424,0.4934640522875817,0.05263157894736842,0.6176470588235294,0.783394068665607,0.9735098119965649
38165833.txt,Human,6.667388845749521,101.6445354483523,0.020252192833191743,1.4301550446299147,0.4788732394366197,0.1943127962085308,0.568075117370892,0.7006204335539816,0.9574262713110347
38216888.txt,Human,6.460522756444304,88.06658125548216,0.03336427318701011,3.963313901341193,0.5351351351351351,0.09836065573770492,0.6108108108108108,0.8468983253336789,0.9653149783031573
38220146.txt,Human,7.805462389865598,223.70634869741815,0.015913801951179002,0.6123930428698638,0.4525316455696203,0.03333333333333333,0.5411392405063291,0.7465951922285091,0.9701406853245613
38225199.txt,Human,7.8940051716996,237.8659852965576,0.04353588186708289,1.192841897593382,0.4074534161490683,0.057285180572851806,0.4832298136645963,1.2445641870454691,0.9674365353703746
38291889.txt,Human,7.895742803557851,238.1526519259295,0.028579990297378906,0.6956352045484061,0.4013793103448276,0.22130013831258644,0.4979310344827586,0.9563701277407628,0.973745588102792
38309905.txt,Human,7.381036004053489,166.6914161819401,0.017397863054304748,0.3492990130762795,0.36363636363636365,0.4431977559607293,0.4041958041958042,0.5951899391132994,0.9501219960940278
38314236.txt,Human,7.329115960288376,160.79914890809994,0.015101893817725644,1.0696433552768467,0.4144144144144144,0.049773755656108594,0.5045045045045045,1.0583946585784345,0.8776183147432658
38355831.txt,Human,7.128740554364458,139.9473689982636,0.08238818736584996,0.48259704167679907,0.277337559429477,0.31160572337042924,0.35340729001584786,0.6100161197212343,0.9732925762274177
38399177.txt,Human,6.913870904238636,120.58201261362005,0.012411996067422718,0.38362355284541066,0.5296296296296297,0.022388059701492536,0.6185185185185185,0.5365179483636346,0.9706258442467764
38441665.txt,Human,7.5323235352788735,185.1208437971182,0.025066537351950663,0.955606083400646,0.3682539682539683,0.06687898089171974,0.45396825396825397,1.1318763081416345,0.988291339097175
38457612.txt,Human,7.971874795242333,251.0576359571249,0.013722546755065805,1.351889728087071,0.43342391304347827,0.04087193460490463,0.5135869565217391,1.0819639595191533,0.9842040146167712
38535335.txt,Human,6.6480650515559985,100.29216203150092,0.021173033294214653,1.6248273630653396,0.5618556701030928,0.0625,0.6494845360824743,1.0406848498766892,0.9820590094707315
38565119.txt,Human,7.369307135069995,165.3417366626923,0.01477271055463859,0.5146555879790132,0.2541507024265645,0.7503201024327785,0.2988505747126437,0.8244563581950821,0.980448732854404
38642923.txt,Human,7.39196754276841,167.9592618584979,0.01951860753693958,1.6346895417018492,0.3866231647634584,0.09983633387888707,0.4437194127243067,1.2341645361332452,0.9794978383902718
38650096.txt,Human,7.111249181449441,138.2608779349536,0.009951527426465646,0.6582007919323386,0.5472972972972973,0.04081632653061224,0.6317567567567568,0.611551810755933,0.9586592759544725
38663892.txt,Human,8.084339287296153,271.4117345796784,0.025344596783933734,2.0417029526371517,0.3893528183716075,0.06485355648535565,0.4801670146137787,1.052386186506188,0.9775605709471066
38688388.txt,Human,7.65823229066624,202.002913456351,0.0117996713164431,0.38692200178126157,0.3627450980392157,0.052825552825552825,0.4424019607843137,0.45643217423938454,0.9680744169826181
38698573.txt,Human,8.066951926419275,268.160312732778,0.011469911855676937,0.575078658989062,0.45034013605442175,0.07366984993178717,0.5619047619047619,0.6555107123793997,0.9609450013261299
38707449.txt,Human,7.4333261562148305,172.84393324348463,0.016006664063073668,5.353187464503825,0.4824016563146998,0.04573804573804574,0.556935817805383,1.5233321708581902,0.9937578898769553
38744475.txt,Human,7.27687229109284,155.08037204714608,0.014890781525057744,0.5860023011190185,0.43707093821510296,0.05747126436781609,0.5240274599542334,0.6478786091458927,0.9602451857693673
38750659.txt,Human,7.455980364153708,175.5794711934111,0.05602919019202038,1.2071207411605251,0.40134907251264756,0.11844331641285956,0.45699831365935917,1.2483304457679014,0.9860523564477659
38753827.txt,Human,7.983897494336434,253.1585666556322,0.019337829644370225,1.5210105748853116,0.32802547770700635,0.20574162679425836,0.3869426751592357,0.8853082378501859,0.9724448018372233
38847011.txt,Human,7.843175211169045,229.6312552364898,0.01997497582350974,0.8911461624517322,0.3737024221453287,0.06581986143187067,0.46889400921658986,0.5028387153395526,0.9864520665919915
38860712.txt,Human,7.78583535026684,220.68356024529638,0.022610370029907918,1.4406547954603308,0.4292604501607717,0.05,0.5434083601286174,0.6846901059411152,0.8767331250038652
38896303.txt,Human,7.364704990265084,164.81514287936733,0.031123032022929247,0.5084002027458712,0.3432642487046632,0.0987012987012987,0.39248704663212436,0.7056446066606437,0.9898705906074202
38897568.txt,Human,7.746323092899783,214.72153692113687,0.01991038911639845,0.733282088638825,0.42037302725968434,0.06762589928057554,0.48923959827833574,0.8610308158441563,0.9716399501826677
38907798.txt,Human,7.45570306959226,175.54572701851882,0.017538351142638058,0.6152127847565999,0.33185840707964603,0.1242603550295858,0.4056047197640118,1.2401893098734342,0.9859216052052145
38946032.txt,Human,7.594839206992022,193.31894373251865,0.015707200291891803,1.196441151430088,0.35947712418300654,0.14809960681520315,0.4366013071895425,1.0872121041178784,0.9335988726624946
38989376.txt,Human,7.999456391752533,255.90355723682333,0.01753763120090922,1.115774366112051,0.3686868686868687,0.18484848484848485,0.4415322580645161,0.7707249316771232,0.9678333321072246
39027764.txt,Human,7.428657275202752,172.28547608728493,0.02596911994732641,0.6251439002056978,0.33585858585858586,0.31645569620253167,0.3888888888888889,0.9162000085047325,0.9762961983984282
39064638.txt,Human,7.893379913727385,237.76291751361853,0.020004537763441153,0.8118182797137086,0.463448275862069,0.07596685082872928,0.5454545454545454,0.7503729296000179,0.9713430381483157
39081840.txt,Human,7.8793738022599165,235.46581309983208,0.011656228413572865,1.2555001129471304,0.35602094240837695,0.033578174186778595,0.44397905759162304,1.0169364529845428,0.9785459581078464
39082090.txt,Human,7.781966875182816,220.09260701170322,0.030370270203895152,1.0044675354940042,0.405777166437414,0.24,0.45392022008253097,1.120640962426804,0.9550259519083028
39115899.txt,Human,7.700236870509883,207.97075657706813,0.08044842176225074,0.9357645960968729,0.4320388349514563,0.1331168831168831,0.5129449838187702,0.6613263433178812,0.9930421586663217
39142536.txt,Human,7.7720143943670035,218.57951573179713,0.020101743940398174,0.5702740609266482,0.4199706314243759,0.05891016200294551,0.5139500734214391,0.7676647771458156,0.9665225846065699
39166680.txt,Human,7.853935420815815,231.35034190903096,0.02287174178192842,1.8280221105229897,0.42462600690448793,0.0726643598615917,0.4936708860759494,0.9672338026333003,0.9948499876514271
39237915.txt,Human,7.8097441788208375,224.37127522676846,0.025934874104970702,1.1961967397271518,0.4527736131934033,0.04661654135338346,0.5232383808095952,1.2657207632164766,0.9785250658830799
39247950.txt,Human,7.6017059285641055,194.24126721790986,0.0224681745035471,4.086658741933817,0.3518005540166205,0.09722222222222222,0.42382271468144045,1.324955946105255,0.9965469041887317
39252859.txt,Human,7.625246582332189,197.4367282293008,0.015215169416030511,1.016821814695927,0.3843843843843844,0.07530120481927711,0.4744744744744745,2.0007817101763252,0.995232790842081
39295103.txt,Human,7.576564554785648,190.8856121702883,0.03463594940574477,0.5258251600664179,0.41166936790923825,0.13008130081300814,0.4846029173419773,1.0176868275601347,0.9758817292506096
39308779.txt,Human,7.512250085622471,182.5629356608171,0.03482349265463624,2.121049122300132,0.3449564134495641,0.13108614232209737,0.410958904109589,1.186444942164696,0.9842015430680708
39413067.txt,Human,7.485805650736488,179.2470606015751,0.0226350587582037,0.7999746522177519,0.36253776435045315,0.08181818181818182,0.43051359516616317,1.1109492596799209,0.9630906590880524
39434376.txt,Human,6.678898363170769,102.45867736952775,0.05717612314861815,4.0095059844969,0.47345132743362833,0.5446428571428571,0.5309734513274337,1.4683800155265159,0.9966430903089506
39441617.txt,Human,8.020552659503462,259.6730818796597,0.046657567164664765,1.6947652427537412,0.3471971066907776,0.0625,0.3960216998191682,1.6569974196651154,0.9886147408366085
39470264.txt,Human,8.069754407453775,268.6817289450036,0.05335215459164499,0.7795485826793941,0.3169845594913715,0.4422202001819836,0.3851044504995459,0.9197298236104008,0.9535476780133006
39566718.txt,Human,7.905982341769279,239.848954689451,0.031582905384775845,0.868193936453268,0.3605313092979127,0.05608365019011407,0.45825426944971537,2.3265416424927428,0.9556918199811789
39569771.txt,Human,7.874825587296301,234.72465661896788,0.013570415372243412,1.8284049273137404,0.46795827123695977,0.03886397608370702,0.563338301043219,1.125219647949553,0.9947504780095762
39581020.txt,Human,7.138223436432219,140.8702774997625,0.021910632569114245,0.4929928811116373,0.528052805280528,0.026578073089700997,0.6237623762376238,0.6214733322737874,0.9806424357598068
39608848.txt,Human,7.761792603048025,217.0363082988716,0.04359395136150202,0.9103637609600164,0.4622222222222222,0.022288261515601784,0.5481481481481482,0.7714714527114338,0.9500144277212778
39650734.txt,Human,8.110556608723044,276.38904212215994,0.02278736644452772,3.9350140658043626,0.43899657924743446,0.019450800915331808,0.5342465753424658,1.4753617829849186,0.9889557375417344
39674178.txt,Human,7.48205029382505,178.7810845386986,0.03197405894442239,1.7632509717562856,0.3795620437956204,0.12152269399707175,0.454014598540146,1.3368631239056943,0.9684140929256213
39674782.txt,Human,7.706342982088124,208.8528444559382,0.045098109791657,0.6673216062083314,0.4203125,0.05329153605015674,0.503125,0.9258306948821354,0.9909160766926481
39675895.txt,Human,7.651878833615195,201.11527266253512,0.0482903150114043,2.2875982044305347,0.3676680972818312,0.07604017216642754,0.463519313304721,0.6507439157744457,0.955642871428255
39718499.txt,Human,7.02191553757565,129.95925223826876,0.009335240911224821,2.260952603153379,0.4837662337662338,0.0915032679738562,0.5681818181818182,1.8645557001448703,0.9728565902663945
39776400.txt,Human,7.331725056543766,161.09021530887253,0.00959207301289072,2.1799192666325617,0.28311057108140947,0.20097442143727162,0.34386391251518833,0.9671529978559751,0.9877583088319765
39805617.txt,Human,7.993059992495783,254.77148288857143,0.05580330826304398,2.4538751186716667,0.4537712895377129,0.09975669099756691,0.5218446601941747,0.8744723607932228,0.9499217947199919
39835894.txt,Human,7.514860523211366,182.89356725828063,0.02057512570237347,0.8031899820130036,0.2954292084726867,0.32737430167597764,0.3701226309921962,0.701077456378196,0.9501006165514854
39855211.txt,Human,8.06156671198213,267.16120421275843,0.016547562307681757,0.22665392597094736,0.45908607863974493,0.01597444089456869,0.536663124335813,0.5708774029387912,0.965726215521358
39875803.txt,Human,7.731648622442855,212.5485523102271,0.012020095823099033,0.4599690222391318,0.3956043956043956,0.08539944903581267,0.49038461538461536,0.4996571201300322,0.9280731407033318
39908485.txt,Human,8.472436886791822,355.1874721158259,0.03420858690385062,3.307199751467672,0.17884463202321288,0.8704143573502243,0.21893959377472963,1.6254768028588409,0.9674013001259825
39970711.txt,Human,7.668677055842213,203.47067267577256,0.032594958045133446,2.099767375609284,0.4540983606557377,0.06578947368421052,0.5426229508196722,0.7150273271499867,0.9780287421152887
40018190.txt,Human,7.5608239460107685,188.8142638456345,0.008631207389873361,3.1297684002202932,0.5452196382428941,0.04155844155844156,0.6330749354005168,1.0911075181994119,0.9728666592816245
40088790.txt,Human,7.63708341159171,199.06329399808442,0.03511397935624694,0.9305103111930062,0.33258173618940245,0.1751412429378531,0.41037204058624577,0.9973616439123918,0.954066891527221
40311088.txt,Human,7.319014627522513,159.67721216819444,0.028977181291896314,2.393331394611207,0.3408408408408408,0.14156626506024098,0.42342342342342343,0.8409463451380997,0.9882226843640441
40792022.txt,Human,7.565242172565061,189.3933903232771,0.01884446756488485,0.57257739102246,0.44507575757575757,0.053231939163498096,0.5359848484848485,0.6880479556108469,0.9282301776997773
40882926.txt,Human,7.462124588567477,176.32883272267253,0.01208311091629343,3.264584538094658,0.3560126582278481,0.44126984126984126,0.4272151898734177,1.7907690254930062,0.9354121451093442
40883703.txt,Human,7.225634727684589,149.66932180329425,0.015744551020748242,1.4369776583419196,0.40093240093240096,0.09133489461358314,0.4965034965034965,0.6996013339788336,0.9821576124343279
40987524.txt,Human,7.656447011125373,201.75309723290337,0.01725595832427274,0.38397260054113075,0.34347826086956523,0.23638344226579522,0.4206521739130435,0.696058187281918,0.9317506558518293
41152404.txt,Human,7.815849323967374,225.3227733824442,0.027052129261513347,2.2624542254654236,0.30577777777777776,0.08652988403211419,0.37666963490650046,1.0558611201437929,0.9523659736110821
41344156.txt,Human,7.791634049903947,221.57235020514506,0.022411373477048697,1.4143004918062285,0.3465909090909091,0.07972665148063782,0.4420454545454545,0.7453807885643275,0.9688619884661779
41506705.txt,Human,7.684924199521773,205.77504174284246,0.031299192025531164,0.5906122157726015,0.4235474006116208,0.15053763440860216,0.4946401225114854,0.6079977571240216,0.9600332184657279
41523474.txt,Human,7.56253826522973,189.03876057124936,0.01963210335392425,2.955202977470644,0.3799126637554585,0.4058394160583942,0.4497816593886463,0.9489288279060842,0.9623313072030171
41586420.txt,Human,8.167253171354881,287.4671257965141,0.02295457581058726,1.5706188261630603,0.39036381514257623,0.06403940886699508,0.47885939036381514,0.6772520290512128,0.9753706955928314
41590605.txt,Human,8.197277448208458,293.5123601983418,0.03153611552816981,1.70171194849325,0.3870967741935484,0.11426319936958235,0.43823760818253343,1.015339055544026,0.9733360752448157
41651672.txt,Human,7.290408077904626,156.54222851215636,0.011517094807205587,0.8795565241066942,0.43648960739030024,0.04640371229698376,0.5288683602771362,0.7438469400862423,0.9900628686121186
41910253.txt,Human,7.279735748903356,155.3884808798478,0.025729646468580333,0.38629329979077,0.4987714987714988,0.02962962962962963,0.5700245700245701,0.5712728854453824,0.975508897688938
41950126.txt,Human,7.872620883888791,234.36622810794907,0.011090744837618021,1.3343598022313685,0.3873659117997616,0.037037037037037035,0.464839094159714,1.1235926027549188,0.9519933090066901
42156237.txt,Human,7.238792594108159,151.04060036511885,0.01106597284793545,2.360258980828982,0.48626373626373626,0.04419889502762431,0.5521978021978022,0.9941893419072616,0.9868208577236393
42164460.txt,Human,7.437692177240411,173.3678022941793,0.026936405766869422,0.3185227552189662,0.3319327731092437,0.32162921348314605,0.4103641456582633,0.48290332728324287,0.9744190142914506
42304307.txt,Human,7.618679922679207,196.5401051606171,0.0370180677226358,0.7399426445346761,0.3411042944785276,0.5006150061500615,0.4196319018404908,1.4868073928933816,0.9724262381297747
42332765.txt,Human,7.4863011290679315,179.3086316783998,0.012511073514292655,1.4491285578235904,0.4734848484848485,0.043726235741444866,0.5473484848484849,1.9094065395649331,0.9837465847291673
42384185.txt,Human,7.645438669336971,200.21949861041736,0.045922956461983654,1.5250207092683317,0.39270687237026647,0.4542897327707454,0.4431977559607293,1.1284455953810688,0.9775563958958655
42427521.txt,Human,8.10945727019673,276.178512954499,0.032695473445534515,0.9922553373844779,0.33111480865224624,0.3516666666666667,0.3951747088186356,0.9559260519936957,0.9654165671771755
42487883.txt,Human,7.622610651704012,197.07632332145977,0.014683869905438258,1.1815079767135859,0.4117647058823529,0.06220095693779904,0.5023847376788553,2.082207146379236,0.9877826356599445
42546558.txt,Human,7.82519587081951,226.78727309731195,0.02119607489538943,1.1025180703180075,0.40460081190798375,0.05834464043419267,0.496617050067659,0.553736720961194,0.9240383815847747
42641525.txt,Human,7.923151023797275,242.72031012245068,0.02023262274271733,1.1907149104602104,0.31435257410296413,0.09375,0.38143525741029644,0.697052920404538,0.9553490168272789
43311839.txt,Human,8.244249892614938,303.2260505863059,0.036691450047264394,1.927704954391945,0.29107692307692307,0.06469500924214418,0.3569230769230769,1.0024072897731962,0.9865229461915038
43375498.txt,Human,7.761874202863971,217.0485843677334,0.03834231841324641,0.7091783959509602,0.3261480787253983,0.14741784037558686,0.408622305529522,0.6419953236655803,0.9708914897407647
43378989.txt,Human,7.0096821226381945,128.86191438642285,0.09463068205053426,1.2099019878874389,0.5085324232081911,0.12714776632302405,0.5597269624573379,1.160958786633031,0.8975026396730138
43408471.txt,Human,7.8365265659317,228.5754366948239,0.02437183586692602,0.7067533242231598,0.46153846153846156,0.015748031496062992,0.5368916797488226,0.9161436297457333,0.9677682378513104
43622023.txt,Human,7.88595557786668,236.54249503620184,0.016478170434487616,0.5107567744439502,0.4466571834992888,0.06562054208273894,0.5419630156472262,0.8018118733571122,0.9472043910963256
43685045.txt,Human,7.499350558038112,180.93786686335844,0.025340669871951573,0.3818365561608212,0.3581183611532625,0.1415525114155251,0.4264036418816389,0.7232017762059681,0.9992215425314491
43720116.txt,Human,7.452663069498498,175.1762122203644,0.01844908676444719,0.45597817434219035,0.5062344139650873,0.08020050125313283,0.5835411471321695,0.5855246624640732,0.9913785174797961
43752620.txt,Human,7.8922691126912285,237.5799227439555,0.04832908435181627,0.45432684927647665,0.40924092409240925,0.08158765159867695,0.46424642464246424,0.7152418148681533,0.984946452678424
43852883.txt,Human,8.064437038665968,267.69326625936196,0.03604994394911298,1.985173824326014,0.40574282147315854,0.12891113892365458,0.4794007490636704,1.0721765209250729,0.9750352136869712
43994605.txt,Human,7.725571376215271,211.65509038579376,0.037549065948954685,0.37086911381218207,0.39643347050754457,0.04401650618982118,0.4732510288065844,0.7204375993142068,0.9851706995073131
44115326.txt,Human,8.338956958223323,323.7995023714929,0.04490784533114689,2.0009120570844505,0.22126745435016112,0.11644571838050878,0.2688865019692087,1.654528564915714,0.9739545425343927
44145704.txt,Human,7.391793745108551,167.93902946867945,0.026384727298138008,0.8638675936071242,0.34252539912917274,0.36588921282798836,0.4069767441860465,0.9365077801701048,0.9351529408204701
44147689.txt,Human,7.140067665293918,141.05047022730813,0.03101251227865626,0.7089789658019793,0.43107769423558895,0.07052896725440806,0.5087719298245614,0.9877187576908315,0.9785565314470911
44185767.txt,Human,7.883840481654044,236.19596056094267,0.04053228130234312,1.9720102546136442,0.3202911737943585,0.10300820419325434,0.3939945404913558,1.6226498114890648,0.9517619188601788
44476983.txt,Human,7.688431167845869,206.27585747275828,0.013040097300154516,0.7623818475973172,0.43209876543209874,0.03163686382393398,0.5061728395061729,0.5980329801581798,0.9540686791935346
44624796.txt,Human,7.391443871774603,167.89830688884473,0.013225644206524313,0.3599028528880318,0.481981981981982,0.058823529411764705,0.5698198198198198,0.5170524085978411,0.9754266992798287
45077654.txt,Human,8.008178722619427,257.45540045956534,0.030429204586774516,0.998823850964328,0.3252804141501294,0.28262748487467587,0.3882657463330457,1.0578187373129895,0.9750998765143706
45167858.txt,Human,7.346171116876698,162.71135414704213,0.010509706300055046,0.4339661907948463,0.5159574468085106,0.058823529411764705,0.5877659574468085,0.44724411092460886,0.9727791919970221
45286020.txt,Human,7.503092850125103,181.40782156750666,0.13647652306396535,0.4117649679510128,0.3022988505747126,0.4827188940092166,0.35402298850574715,0.43936187514098524,0.977657589484406
45462344.txt,Human,7.412632635932995,170.38241524032435,0.028385564261369893,0.7929612852340189,0.37564102564102564,0.17737789203084833,0.4230769230769231,0.6980878968652793,0.9712139516342062
45475027.txt,Human,8.173879327525201,288.7904706503759,0.021549049025366744,0.9412850637356776,0.39342806394316165,0.11555555555555555,0.4551907719609583,1.2612500697796498,0.9780875431425898
45656814.txt,Human,7.424091884484268,171.74114253916875,0.014916658025758773,0.356649511328854,0.32463768115942027,0.08139534883720931,0.427536231884058,0.5725069318010292,0.9713756823010182
45900271.txt,Human,7.49051051101357,179.8325682580719,0.017875480704227658,0.5454960427819876,0.3684210526315789,0.09415121255349501,0.45092460881934565,0.6142632585597103,0.9696300457631598
45907524.txt,Human,7.970516472919363,250.8213720931812,0.01981358685347483,1.6987316239081331,0.3288364249578415,0.4577702702702703,0.39376053962900504,1.237251373944028,0.9843821416774584
45987048.txt,Human,7.849819973621731,230.69132986617944,0.01059279660404157,0.22597253572160364,0.45045045045045046,0.01935483870967742,0.528957528957529,0.4595686911772697,0.956201838958459
46055835.txt,Human,7.785681096164508,220.65996584473257,0.012970118880992835,1.027264873255495,0.47516556291390727,0.03986710963455149,0.5513245033112583,0.9144564703894327,0.9925014193380035
46258701.txt,Human,7.747769857327474,214.93697212304303,0.016929408055337252,0.6184114322902492,0.46511627906976744,0.04129263913824058,0.5652951699463328,0.853575619587024,0.9692919670154553
46260230.txt,Human,8.317047672129029,318.91931651836836,0.02082772753666077,0.5136432024638364,0.37566947207345064,0.055938697318007664,0.46748278500382556,1.0457458866154747,0.9639268211850913
46349752.txt,Human,7.9187655789972125,241.9836191969979,0.02359434996422052,0.2847384366024046,0.38991270611057227,0.04859086491739553,0.475266731328807,0.5625161359046325,0.9898773879383612
46514339.txt,Human,7.71358102341281,209.90329788501703,0.018403543867623443,0.4415612992709354,0.3952513966480447,0.06722689075630252,0.48044692737430167,0.7983796303013431,0.9495126288910545
46772262.txt,Human,7.607088176872984,194.9672746301305,0.04760931880254233,0.5195647390836574,0.42696629213483145,0.13687600644122383,0.5120385232744783,0.6782226903071197,0.9580473875453654
47067533.txt,Human,7.440353020985564,173.68784934915226,0.06088258784526277,0.6840354692866243,0.35294117647058826,0.09064748201438849,0.4246771879483501,0.7804185113363951,0.9625061620809438
47133747.txt,Human,8.109368199914075,276.1614625466409,0.02210612547207975,0.7783561710425934,0.39285714285714285,0.056842105263157895,0.4810924369747899,0.7797664485509197,0.9782299459046343
47276718.txt,Human,7.942112747402532,245.93150410197197,0.04905137899520657,1.7786895826175917,0.35995955510616784,0.18522267206477733,0.42424242424242425,1.2108068631583824,0.9884159069235423
47317494.txt,Human,6.0836620632704985,67.82108987194904,0.06372009511727639,2.070002082666486,0.5,0.1,0.5633802816901409,0.8714727174016803,0.9407629484131087
47410104.txt,Human,7.638969737338759,199.32373975782792,0.0255661176087003,0.8213643163362643,0.4455611390284757,0.0453781512605042,0.5142378559463987,0.6592585925360156,0.993601601991506
47470864.txt,Human,7.756257497489676,216.20521283440647,0.025052778131449287,0.5345933760477135,0.38308457711442784,0.10972568578553615,0.4577114427860697,0.7437548553071952,0.9812287172368004
47487091.txt,Human,7.988709884073831,254.00443626014666,0.013497035669552886,0.7106903031053373,0.44350961538461536,0.046987951807228916,0.5288461538461539,0.729960939665258,0.9543972958633101
47549345.txt,Human,7.586871994090372,192.25429175754238,0.034285510858839616,1.9494587847766311,0.48697394789579157,0.060362173038229376,0.533066132264529,0.9560208889792053,0.9915267341606353
47603843.txt,Human,6.988198126350406,126.95717545783194,0.021911614441439013,2.5565212739410517,0.4866666666666667,0.0436241610738255,0.57,0.9290602462577281,0.9783439382374572
47729453.txt,Human,7.428395112549174,172.2541716793841,0.024234460597269015,2.763179083697216,0.375,0.3287461773700306,0.42835365853658536,1.0557076709925908,0.9938547333016721
47919212.txt,Human,7.799423981659722,222.77198128114372,0.05820455795930107,0.5640997222052115,0.38545953360768176,0.07977991746905089,0.46227709190672156,0.6161601676456433,0.963869150712969
47996197.txt,Human,7.398069704718725,168.6711830794479,0.017223426511593656,1.2434026187419238,0.3669985775248933,0.08273894436519258,0.4423897581792319,0.5420339046767324,0.9925991265573529
48037995.txt,Human,7.785223967275978,220.5900591333079,0.015722874216991634,0.5703061810167973,0.44521497919556174,0.04728789986091794,0.5242718446601942,0.922799816630276,0.954916381357328
48285304.txt,Human,7.4881586918460075,179.53965178429698,0.015090261891321382,1.3708786809955138,0.4613821138211382,0.044897959183673466,0.5386178861788617,0.8728156668730315,0.9544305185983721
48533663.txt,Human,8.063918616227141,267.59708982531646,0.01292931138223831,0.6630683798873351,0.4013921113689095,0.03953488372093023,0.5011600928074246,0.7257350280753058,0.9790912143102688
48547319.txt,Human,7.309109543002529,158.58467410206674,0.018944557934064785,0.5991097436266835,0.302945301542777,0.5133614627285513,0.3688639551192146,0.7358044178313615,0.9642813323112488
48549972.txt,Human,7.1706163272674805,144.06901997424404,0.03571412558971072,1.152938058957169,0.40404040404040403,0.09127789046653144,0.47474747474747475,1.1449196612108323,0.9866368774773665
48580330.txt,Human,7.747721155334818,214.92971647867057,0.06702256262894465,1.3242133805924228,0.37641154328732745,0.12955974842767295,0.4629861982434128,1.7949653858324184,0.9320738822846475
49119887.txt,Human,7.632268242547287,198.40000371962077,0.01111785667432296,0.7649139891855915,0.47227191413237923,0.02872531418312388,0.5778175313059034,1.1333575245740042,0.9607721223565884
49127329.txt,Human,7.921902292008542,242.51031325919084,0.02110911531734753,1.1047039559812097,0.3330365093499555,0.06422836752899197,0.40338379341050756,1.1152025958463396,0.9666464067672212
49204385.txt,Human,8.223089193188462,298.8109471846033,0.028588155435776773,0.959872341999431,0.31806108897742363,0.0425531914893617,0.3884462151394422,0.9331017546475217,0.9821299363333645
49285644.txt,Human,7.897019917554862,238.36356465280753,0.04265658678265779,0.7910882407650708,0.42278481012658226,0.07106598984771574,0.5088607594936709,0.8302524617178297,0.9455536723488249
49325370.txt,Human,8.225555485631478,299.32220246233993,0.019354675433957393,0.4967755465238332,0.4246305418719212,0.10069101678183613,0.4916256157635468,0.7379938483320705,0.9640991260770083
49475708.txt,Human,7.7271040497357735,211.88006553266368,0.025627880435790666,0.749517455042121,0.31990794016110474,0.209919261822376,0.4085155350978136,0.578989598862854,0.97547991545607
49486820.txt,Human,8.016624755542177,258.9670534654876,0.013750200863012327,0.7166649222510133,0.3901705115346038,0.1748743718592965,0.46238716148445336,0.8961115838562785,0.9478371681446804
49646155.txt,Human,7.650278109801731,200.89225153439693,0.03417910537238527,0.7467612707759137,0.36342592592592593,0.06380510440835267,0.4409722222222222,0.6581640826029079,0.971878103707685
49685006.txt,Human,8.047687072967358,264.6032686174232,0.0134540679340641,0.9443743870796049,0.33152594887683967,0.19317300232738557,0.412858249419055,0.8924534820923435,0.9754555760296498
49777184.txt,Human,7.992892281733598,254.74186787296463,0.019784986687744654,0.46111651144874344,0.3686868686868687,0.18016194331983806,0.45151515151515154,1.083959183443279,0.97991001057491
49937469.txt,Human,7.894256351816927,237.9074025093715,0.020744929912874577,0.6236733187113809,0.4072164948453608,0.14728682170542637,0.49097938144329895,0.6984098590170974,0.9475940320379467
49997097.txt,Human,7.723713762101044,211.3827386720683,0.02684814974101959,2.0139915822065473,0.41210374639769454,0.10404624277456648,0.484149855907781,1.0440376212377958,0.9984822862010425
50219114.txt,Human,7.634988988908419,198.7745148863385,0.01463135226245247,0.33784174609432144,0.38350785340314136,0.05774278215223097,0.4594240837696335,0.5757052004214618,0.9575362845379117
50222417.txt,Human,7.624663176515597,197.35690370244097,0.024461725403817563,0.9660060879199927,0.2877569258266309,0.07788719785138765,0.35031277926720283,1.0143366519485286,0.9797323501304087
50324968.txt,Human,7.360384055491368,164.3222527969566,0.011361436135071873,2.069720297947261,0.5092838196286472,0.021333333333333333,0.6180371352785146,1.1879321524081676,0.9749808268510047
50328713.txt,Human,8.065872892153973,267.9598226939683,0.021034167713048387,2.492055490409348,0.3134953897736798,0.42233417296389586,0.37468566638725903,1.5534363863721263,0.9967720522783834
50432401.txt,Human,7.681406776096067,205.27395432980074,0.018010998098266312,0.6131786140812061,0.4511400651465798,0.28431372549019607,0.50814332247557,0.7501763737060473,0.9863217606747081
50775901.txt,Human,7.923260534395329,242.73873498315507,0.03371054899836217,1.5382703344211424,0.40456182472989194,0.1022864019253911,0.4837935174069628,0.7480562342103437,0.9571516054892748
51018476.txt,Human,7.142377777218558,141.27650787245017,0.05972291378988444,1.756696417219759,0.38852097130242824,0.2261640798226164,0.45474613686534215,0.7795910546473345,0.9635455718275687
51209395.txt,Human,6.49719873625018,90.33409695655435,0.009362432485858224,0.38837158856461884,0.5976331360946746,0.03592814371257485,0.6863905325443787,0.632582847369779,0.9481884932208586
51349448.txt,Human,7.356102190174786,163.8352734774021,0.011253105004063377,2.038851384983025,0.5859872611464968,0.02564102564102564,0.6815286624203821,1.1812977266715246,0.9289908090329029
51363762.txt,Human,7.960368437921865,249.06326461791363,0.04270363169527476,0.9369451031140483,0.3869047619047619,0.11530815109343936,0.4603174603174603,0.6860175968623138,0.9663494234815689
51415089.txt,Human,7.885311240888127,236.436873929934,0.01974849190744485,1.7926641757668027,0.38971428571428574,0.11912943871706758,0.456,0.756360175337971,0.9812960281302253
51432451.txt,Human,7.7595323524601625,216.69654670262796,0.026732408840626918,0.4061030462364613,0.3614457831325301,0.04589371980676329,0.4566265060240964,0.6039769540181119,0.9501796698007549
51508889.txt,Human,8.43210169020817,345.39459351337126,0.038412957338878,1.4151943867262067,0.26125804145818443,0.1838340486409156,0.314867762687634,0.6745076258199342,0.9726097974999066
51554903.txt,Human,7.717804869743175,210.51874216543501,0.020603199891146753,1.2120872909437812,0.3821656050955414,0.12643678160919541,0.4407643312101911,0.9587689641285249,0.9833747170656932
51588273.txt,Human,7.015234258239115,129.3587881349533,0.01968011276910016,1.0938122557164094,0.42318059299191374,0.17615176151761516,0.477088948787062,0.6507839631673306,0.9780490624859256
51638201.txt,Human,7.678451409731091,204.8538802498863,0.030592127489589862,0.8926039715937149,0.40965732087227413,0.0421875,0.5046728971962616,0.9009031828550488,0.9559398947194068
51639418.txt,Human,7.592828650853192,193.049719904618,0.051776516264099307,1.4453421335967749,0.39429530201342283,0.1734006734006734,0.46812080536912754,0.8722254433729653,0.9734798253220676
51681660.txt,Human,7.944351711559373,246.31346931271332,0.02279376266471765,1.677272358079841,0.34291010194624655,0.07706592386258125,0.4318813716404078,0.7322197235471809,0.9606492551625941
51724595.txt,Human,7.952093437723069,247.63877845827795,0.022480493090753274,3.3511520170897295,0.3722707423580786,0.03282275711159737,0.46179039301310043,1.8156869910778557,0.9615844436428957
51769822.txt,Human,7.720031102863548,210.84384592491554,0.013217960786358809,0.8159434032851041,0.4380305602716469,0.12265758091993186,0.5178268251273345,0.5159459564950093,0.9796845721526025
51777546.txt,Human,7.883107386657997,236.07596978962542,0.015005180972365901,1.387195747454092,0.47310126582278483,0.01904761904761905,0.560126582278481,0.7499107753076307,0.9826914718294317
52246737.txt,Human,8.007557667206807,257.3445941875907,0.038823108648646666,1.8251937389691395,0.39006342494714585,0.05826271186440678,0.46511627906976744,1.297186511229227,0.9549974927875007
52252936.txt,Human,7.927277641866384,243.415569925122,0.044944866681758455,1.4482816733924666,0.4155495978552279,0.11155913978494623,0.5053619302949062,0.9738046264326359,0.9798667497323409
52618188.txt,Human,7.867981696889341,233.61380124853557,0.025470281514560728,1.312027342106436,0.34036144578313254,0.1619718309859155,0.40562248995983935,1.0258257702903346,0.9544105299468224
52684666.txt,Human,7.426758019956693,172.05881778681146,0.06572560842121611,4.290324211539203,0.25113636363636366,0.6742596810933941,0.31136363636363634,0.9418969433692704,0.9689029236326967
52979663.txt,Human,7.841271737134197,229.32848237317185,0.030377681872142417,0.7861316328230826,0.4297994269340974,0.040229885057471264,0.49140401146131807,0.8581407335650313,0.9691410073968252
53129155.txt,Human,7.4924826657344745,180.07856630772585,0.014829169665039051,0.698482970470326,0.35082458770614694,0.42105263157894735,0.4107946026986507,0.7595274674465043,0.9831764783550818
53169257.txt,Human,7.889679974185549,237.15393134008312,0.05613480094321244,0.967565312900205,0.48095238095238096,0.14012738853503184,0.5666666666666667,0.6220804827223942,0.9697301415268473
53227466.txt,Human,7.686576619968506,206.01086544745252,0.019411528384117527,2.1895589149512222,0.3403755868544601,0.18235294117647058,0.4213615023474178,0.850153583801207,0.9640506040913442
53265899.txt,Human,7.94563793970825,246.53316687754577,0.03390929815827969,2.6315525059510425,0.40160183066361554,0.20642201834862386,0.477116704805492,1.1202424884222741,0.965610308945506
53640713.txt,Human,8.126762419864654,279.51122657062734,0.020330536371272172,1.5087907088080978,0.275390625,0.5436766623207301,0.3372395833333333,0.8329376497590467,0.964498599972544
53701275.txt,Human,7.724836367726929,211.54728612935665,0.05709583952971276,0.5606314772299901,0.40587449933244324,0.0642570281124498,0.48064085447263016,0.7074694001479206,0.9906344644382731
54067174.txt,Human,7.511635451685695,182.48517461382593,0.015097968632571308,0.6433426268936615,0.45401174168297453,0.03143418467583497,0.5322896281800391,0.8158351545192865,0.9610704585085114
54100393.txt,Human,7.218755335845506,148.9573328451195,0.02129827606652922,0.40115595268951176,0.3795918367346939,0.0860655737704918,0.4857142857142857,0.45306219215890314,0.9170953838633602
54101961.txt,Human,7.181953394867661,145.2056112425941,0.01240229032847574,0.2979340376573747,0.5229681978798587,0.05693950177935943,0.6007067137809188,0.42686331398783633,0.9825145475132807
54180474.txt,Human,7.678259134740024,204.82658019529293,0.04507716566637748,0.5240504999014577,0.4174454828660436,0.0484375,0.5,0.9128775736246244,0.9580956828416823
54201930.txt,Human,7.673783724646572,204.19216851556794,0.0318000324474588,1.099039659381084,0.319774011299435,0.40770101925254815,0.37966101694915255,1.1477669667662784,0.9929164961070199
54227873.txt,Human,7.982354656822055,252.88798018380365,0.02058956137433003,1.056039462219312,0.35469107551487417,0.569954128440367,0.43707093821510296,0.7973751441620283,0.9704098569436929
54232810.txt,Human,7.916369559495031,241.58206775425788,0.029955849859269246,0.8361534761190701,0.4597875569044006,0.0289193302891933,0.5553869499241275,0.9190879077920636,0.9618821009478112
54246169.txt,Human,7.776797458053224,219.30538967327092,0.03772273695908865,1.8960006207828202,0.35690968443960824,0.12322791712104689,0.4211099020674646,0.8353872664688675,0.9708603519867747
54259150.txt,Human,7.905429465635716,239.75705629574097,0.04212361288552186,0.8290876243672094,0.3862310385064177,0.11812865497076024,0.4632438739789965,0.9899565362220883,0.9423578546466498
54308684.txt,Human,8.061303062585406,267.1123855417158,0.015912254657878853,1.0592829278604092,0.39143426294820716,0.1157684630738523,0.4591633466135458,1.9591433938638911,0.9578671497017076
54421668.txt,Human,8.082279794275047,271.0245621190858,0.017302512150630795,1.6868787930805298,0.29833887043189367,0.35395874916833003,0.36345514950166113,1.2793989135114434,0.9704092816169666
54934269.txt,Human,7.326276476753801,160.48297848041955,0.05638760128369226,0.8608571442938341,0.2820919175911252,0.6550079491255962,0.33914421553090335,1.407733257820346,0.9588696480478381
55097118.txt,Human,7.847914082030578,230.38677321116523,0.0422435586384001,0.7849479533538058,0.3706030150753769,0.2380352644836272,0.457286432160804,0.9088604501284182,0.954869492016407
55104715.txt,Human,7.235346600049668,150.68025817150183,0.017884693174421876,0.7514809550614576,0.48095238095238096,0.045454545454545456,0.5547619047619048,0.7101245251160188,0.9592938271250339
55477468.txt,Human,7.653847940784265,201.38995850770038,0.017011423157581064,0.340695728314263,0.46481178396072015,0.019704433497536946,0.5499181669394435,0.4097627489600794,0.9583363067144439
55500538.txt,Human,7.304072163028339,158.03191817795803,0.023343004353121734,0.5244589107072447,0.30354609929078014,0.8122332859174964,0.3446808510638298,0.6484126348679666,0.9608329953858998
55595908.txt,Human,7.849185831931515,230.58995096139063,0.07485289655700525,0.831950833733712,0.3920653442240373,0.03859649122807018,0.46091015169194866,0.906493028774145,0.9622422069677916
55712978.txt,Human,8.023818748902775,260.26161668220084,0.047171652988233045,2.2414962879258082,0.3894849785407725,0.16559139784946236,0.43991416309012876,0.7290977464903757,0.9806394810325322
55746506.txt,Human,7.782116689809027,220.11546340394,0.023692825094164198,0.9280298343952054,0.37623762376237624,0.07092198581560284,0.48514851485148514,0.5550263569195361,0.9645323747548535
55953734.txt,Human,7.542560843832749,186.43912589674787,0.01876455853058716,1.339438746608,0.39420289855072466,0.06286549707602339,0.47230320699708456,0.7013074268767278,0.9700076152326043
56025640.txt,Human,8.004425782779082,256.78654185470367,0.022876099980001587,1.1151007643645796,0.4260355029585799,0.0937129300118624,0.49467455621301776,0.8197857877453676,0.9523778774210544
56068028.txt,Human,7.949597978574317,247.2108028390319,0.026550485225459275,6.33750632194001,0.4169570267131243,0.037296037296037296,0.5046511627906977,2.3716451657364566,0.9936800790623231
56151548.txt,Human,7.747530562010281,214.901324155767,0.0120657121245555,1.0847357701353104,0.43037974683544306,0.015873015873015872,0.5253164556962026,0.9678842456240555,0.9742087557249676
56286525.txt,Human,8.058469771086445,266.58832149928605,0.027878802879083668,1.859943550787909,0.3955928646379853,0.0683491062039958,0.4910807974816369,0.6856997343008557,0.9706176250602909
56520872.txt,Human,7.23063456074524,150.18891866929076,0.013386271039376558,0.484423815826671,0.28112449799196787,0.48456375838926175,0.3293172690763052,0.6374974495489938,0.9649609146784599
56525735.txt,Human,7.338508700683232,161.84945537905816,0.01924515724143751,0.5029300952423379,0.2960829493087558,0.3140877598152425,0.35368663594470046,0.5770556275428839,0.9736783882552342
56691064.txt,Human,8.074633517379816,269.5919330385521,0.03613873853164306,2.570011599908736,0.43034825870646765,0.0599250936329588,0.5130759651307597,1.6013071806135535,0.9779095436184362
56792999.txt,Human,7.5995881703751405,193.95634611412555,0.0216655779716276,1.1557347910112223,0.4207221350078493,0.048818897637795275,0.49921507064364207,0.5580056114329591,0.9374890319753998
56952849.txt,Human,7.693340828601664,206.97903427329857,0.023457462684862748,2.042331509846308,0.2924613987284287,0.38342440801457195,0.3490909090909091,0.8784873453816705,0.9292619186085497
57002858.txt,Human,7.258951738789731,153.16594348202946,0.03744966235935973,2.2367834587147333,0.3168469860896445,0.12093023255813953,0.39258114374034003,1.0229863170291833,0.9528550796767974
57088974.txt,Human,7.471587926159502,177.48926093724907,0.03086375680129814,0.5346926527369801,0.3621700879765396,0.16029411764705884,0.43255131964809385,0.7646256405865239,0.9902349218368921
57262959.txt,Human,7.443197102186771,174.03058954270023,0.02417266307718137,0.5690261751011813,0.38153846153846155,0.1574074074074074,0.4307692307692308,1.0800648215203419,0.9764921869257057
57364820.txt,Human,8.066248388703286,268.02957484615735,0.022186725389586895,1.8185349104624928,0.3982102908277405,0.05941704035874439,0.4742729306487696,1.1976242223523617,0.9293220463474281
57575888.txt,Human,8.024907011913282,260.4580129644566,0.029986788342648067,1.032349978053853,0.3798219584569733,0.07829534192269574,0.44609297725024727,0.5135798580266806,0.9925900407718165
57601040.txt,Human,8.034925869696195,262.27306991764885,0.026780532720806254,1.0275891014407144,0.3985728848114169,0.04290091930541369,0.47604485219164117,0.7126533052306668,0.9480034874340902
57667857.txt,Human,8.04675795907955,264.4329156200785,0.017601651410773994,0.3314692822958738,0.25808538163001293,0.44559585492227977,0.31953428201811124,0.6559333357091344,0.9825786562127881
57706851.txt,Human,8.291571061859308,313.33694212198685,0.022152774146414707,1.5558011759515065,0.3171745152354571,0.18472222222222223,0.38488210818307905,0.8726825679432996,0.9499414711047593
58048626.txt,Human,7.846404640461358,230.1458536100746,0.013420960709081489,1.2350951479671788,0.4704968944099379,0.018691588785046728,0.5496894409937888,0.829682929168569,0.9723306090499726
58105060.txt,Human,7.359158357693048,164.18270571016834,0.023614451827429047,1.0173138206475658,0.32456140350877194,0.3313782991202346,0.3845029239766082,0.9819847038425101,0.9861871977573267
58165257.txt,Human,7.859346458676219,232.219684338077,0.010259272340464457,2.2809494830408252,0.40903054448871184,0.06,0.49601063829787234,0.849680426591762,0.985136469016245
58208591.txt,Human,8.240994447061988,302.5425915255152,0.02243814244831623,0.7974457883861102,0.3158227848101266,0.0982256020278834,0.3911392405063291,1.0552110580043323,0.9686346840426159
58428843.txt,Human,7.725728393817798,211.67812739811342,0.01919398370513814,0.43544504086610997,0.44301765650080255,0.01932367149758454,0.5329052969502408,0.7493371051800667,0.9729267321063727
58665241.txt,Human,7.638603932543057,199.27320632230803,0.016637063316755654,4.295285308459901,0.3719676549865229,0.26756756756756755,0.4501347708894879,1.5947590629633128,0.9891365603128264
58708773.txt,Human,6.69883140609813,103.88412571651371,0.02941408654931422,0.6860475338512478,0.43478260869565216,0.10756972111553785,0.5454545454545454,0.7609080632937953,0.9737315237625495
58879993.txt,Human,8.089430781408495,272.3712808001549,0.02808371262700426,0.862207916851184,0.5218023255813954,0.10495626822157435,0.5930232558139535,1.4507925581495253,0.9813312498668867
58915642.txt,Human,7.610316131788672,195.4039921234526,0.017788361567437138,4.2540018097519985,0.32894736842105265,0.633245382585752,0.3881578947368421,1.1622694994146465,0.9956424781352476
59011090.txt,Human,7.38686246281128,167.3659762653908,0.009967523075086474,1.1727462180161266,0.5528455284552846,0.04632152588555858,0.6368563685636857,0.6945688962448505,0.9698215531031685
59346975.txt,Human,8.003756637547049,256.66746773076017,0.020393957488257966,1.9690525306461437,0.42206235011990406,0.07091346153846154,0.5011990407673861,0.6996000130521294,0.9662574250333126
59403481.txt,Human,7.838100283582041,228.82490692319777,0.02308296737828201,0.4122408132563242,0.40990371389270974,0.0993103448275862,0.4951856946354883,0.6430987100273914,0.9725626397982814
59422148.txt,Human,7.594708719629292,193.3014594148631,0.010983929631281775,0.9280859649774675,0.37555886736214605,0.04035874439461883,0.46348733233979134,1.2245202833051672,0.9802009991922997
59450123.txt,Human,7.675130501441338,204.38287387271308,0.020194628692259218,1.113414119120684,0.3124312431243124,0.13671444321940462,0.39713971397139713,0.6257297177060934,0.9826540148415975
59487170.txt,Human,7.401987305437689,169.1298277105178,0.0521048402438548,1.627494916845859,0.28790786948176583,0.3817307692307692,0.3435700575815739,2.6589513547399317,0.9375978431130597
59696315.txt,Human,8.145864367619716,283.2366931514479,0.018255730324768252,1.4651531715399708,0.3047550432276657,0.17243867243867245,0.3753602305475504,0.9555619097945263,0.9671194569604195
59777056.txt,Human,7.952451489613938,247.70024573594122,0.016058117946765614,0.43797944253674526,0.5200642054574639,0.00966183574879227,0.6003210272873194,0.5465206369229352,0.9381295921670525
59818742.txt,Human,7.9769838031312545,251.94828104830987,0.04637625963150265,1.6982624320052444,0.38285714285714284,0.13516609392898052,0.44,0.834674925520419,0.982462656214362
59938965.txt,Human,6.944990380391148,123.21126716561224,0.005888340282655697,0.26933310030897956,0.48253968253968255,0.06070287539936102,0.5523809523809524,0.41806167397495453,0.956137556131848
59962788.txt,Human,7.978547441989105,252.22149865805696,0.016583043533436054,1.2559293058142251,0.4604715672676838,0.025034770514603615,0.5464632454923717,0.9907184665332996,0.9829244175252068
60004873.txt,Human,6.973271162520622,125.65037463753555,0.02740702971704826,0.42634128734873905,0.4428969359331476,0.19887955182072828,0.4958217270194986,0.4671999291265022,0.9889476818029861
60182829.txt,Human,7.7940619406233695,221.94554505823305,0.028504217209675848,1.6040088221947821,0.3982521847690387,0.11639549436795996,0.46691635455680397,0.8489938581152557,0.9780348956714298
60489316.txt,Human,7.785750471612461,220.67057706305525,0.020363667814583986,2.0425134225450776,0.3569937369519833,0.06380753138075314,0.4363256784968685,0.8151331700636318,0.9597578766212902
60624892.txt,Human,7.676727367860462,204.60922305257355,0.03541967516299022,0.6070735718011114,0.37484737484737485,0.13953488372093023,0.42735042735042733,0.8287200729464876,0.918451820571693
61065616.txt,Human,7.6534699258552585,201.33719722690364,0.050021384987886386,0.6028768554895594,0.43111831442463533,0.13008130081300814,0.5089141004862237,0.870099518137966,0.9310193772497956
61315605.txt,Human,7.873073483085363,234.43976451302925,0.02851951547812006,1.1301599167954808,0.40641711229946526,0.04289544235924933,0.5133689839572193,0.9106390448986469,0.9841143866115519
61319162.txt,Human,7.742732390894893,214.18778421503475,0.032121048752095066,7.147958481344959,0.35294117647058826,0.1639871382636656,0.4128342245989305,1.4374007932865036,0.9984594201088306
61322296.txt,Human,7.710937392619286,209.51901797553643,0.019764023362641037,0.815483073959992,0.3563218390804598,0.10253456221198157,0.4413793103448276,0.485545388796624,0.9779539407030792
61579998.txt,Human,7.665910509145185,203.08086629231664,0.02948111862700489,2.4471559430379837,0.4238975817923186,0.08131241084165478,0.4864864864864865,1.573171937102805,0.994766336921667
61634281.txt,Human,7.5891115527529625,192.55296827445892,0.012861775893115426,2.2404621373127234,0.5066921606118547,0.046065259117082535,0.5736137667304015,0.7443076934129962,0.9618578635861728
61677751.txt,Human,7.634103163522744,198.65250333134873,0.023283292310733773,0.7191428798152288,0.4392220421393841,0.04065040650406504,0.5153970826580226,0.9913101943281003,0.9783543311286715
62071407.txt,Human,7.669901567970723,203.64344520599448,0.01932512781807807,0.6060856129426574,0.39173789173789175,0.12,0.45584045584045585,0.8224434663614416,0.9670462148306452
62184086.txt,Human,7.05507403935562,132.98078964379516,0.023915996064419666,0.8510275244021399,0.45132743362831856,0.26706231454005935,0.5398230088495575,0.7418747103220821,0.9634117443535635
62312955.txt,Human,7.0177558039916805,129.58507942475305,0.017269349222908365,1.0203563287458188,0.5318471337579618,0.08012820512820513,0.5859872611464968,0.8559713338768071,0.9830646745965101
62555739.txt,Human,8.088370026292516,272.17109085556933,0.018335802771179483,0.46651770536589066,0.4229957805907173,0.03276955602536998,0.5126582278481012,0.7784756233278809,0.9431858391528025
62700506.txt,Human,7.922066180009582,242.53786363324105,0.02602485322188574,1.062196379592725,0.3448275862068966,0.06436567164179105,0.4264432029795158,0.9815158059960745,0.958743008620522
62809577.txt,Human,7.340778486919706,162.10429288336337,0.021566812724707906,0.7606963475190383,0.42731277533039647,0.16592920353982302,0.5022026431718062,0.8228950510948785,0.9744693210043314
62850928.txt,Human,7.526628245805952,184.39148766197098,0.016011368210019722,1.6785910738670566,0.37771345875542695,0.05805515239477504,0.4558610709117221,1.8705532451423996,0.9865098732542367
62870550.txt,Human,7.875075849805426,234.76537754415796,0.02457081842413957,2.4536218514020502,0.4259012016021362,0.06827309236947791,0.514018691588785,0.9290960634683665,0.9251377008907496
62994611.txt,Human,7.595602082858947,193.42119497181457,0.024997951277057315,0.9658844643720822,0.247451343836886,0.787372330547818,0.283595922150139,0.7930899952202636,0.9626333638998766
63083944.txt,Human,7.787178222685128,220.8890699497525,0.02506796320230828,1.059350483961813,0.37343927355278095,0.07281001137656427,0.45629965947786605,0.7506641654410406,0.9618796867674042
63137898.txt,Human,7.4751040593154965,177.92236493627857,0.025235988493290784,0.432826350716478,0.3241469816272966,0.10657894736842105,0.4015748031496063,0.6798647185603781,0.9763485893756747
63145386.txt,Human,7.9452691986039055,246.47016305962694,0.03355600349174882,0.7838622905788797,0.46026986506746626,0.02406015037593985,0.5337331334332833,0.5772946799817039,0.9844410346878489
63158213.txt,Human,7.771754065135473,218.5400773875075,0.05173095528597572,2.41316672546505,0.44549125168236875,0.15519568151147098,0.49663526244952894,1.415547079912251,0.8931940897221187
63282405.txt,Human,7.671068144013478,203.80817970109817,0.031341707823641145,0.49790089213397065,0.434991974317817,0.18357487922705315,0.507223113964687,0.6670513988215061,0.9563958433122363
63391085.txt,Human,7.752262409585656,215.60732904346125,0.012977626626200167,0.7843444977218945,0.41530054644808745,0.0589041095890411,0.5095628415300546,0.7987351722970752,0.9559920683198092
63670997.txt,Human,7.470964902208257,177.41262922777062,0.01755319539844624,1.6104057554340077,0.3842443729903537,0.04838709677419355,0.45819935691318325,1.0266163260862022,0.9869913776641781
63989974.txt,Human,7.288913463201011,156.38013662408002,0.019457836369200666,1.1362801516339531,0.3245341614906832,0.16510903426791276,0.38664596273291924,0.9977979479954384,0.9583750796228463
64017585.txt,Human,7.535288308804059,185.50166281208286,0.024838338254999103,0.6599352604177218,0.543640897755611,0.05513784461152882,0.6209476309226932,0.8312767354179087,0.9834201671296201
64468610.txt,Human,7.929365012416023,243.768011867,0.02383886353407006,1.0348182222330036,0.39879518072289155,0.07004830917874397,0.4542168674698795,0.8001249358097964,0.9852473985403657
64471954.txt,Human,7.1529612258031285,142.31670717491187,0.009394251918329787,0.6692595420054488,0.5577557755775577,0.016611295681063124,0.6798679867986799,0.8678406826889714,0.9272754315727855
64589506.txt,Human,7.95875996295465,248.78573625962585,0.03883455291423758,4.0005695253956075,0.4804630969609262,0.10304789550072568,0.5499276410998553,0.9351479590077345,0.9904849842600418
64755882.txt,Human,7.726073863676726,211.7288222207576,0.026488716683546444,2.913316303875976,0.4630541871921182,0.07084019769357495,0.535303776683087,0.9648792755091786,0.9788986993804991
65062795.txt,Human,7.667472247764511,203.30082335148,0.02969844792010968,0.6321104258068602,0.410459587955626,0.03815580286168521,0.508716323296355,0.5475143889854245,0.9677178259302973
65219288.txt,Human,7.441137782690677,173.78235348703365,0.02440363616327696,0.44791321290557345,0.35475234270414996,0.09261744966442953,0.4364123159303882,0.5511943667681793,0.9734938623614106
65237556.txt,Human,8.019069827052343,259.4063215129564,0.04308054320328782,1.9921010734754034,0.46116504854368934,0.07177615571776155,0.5194174757281553,1.006157947745543,0.9721710591110306
65325317.txt,Human,8.026317765683944,260.71282900355,0.02149246734453808,1.4587879152398942,0.28593272171253825,0.6232771822358346,0.33409785932721714,0.8420189724904746,0.9637546931812712
65352424.txt,Human,7.602451526340643,194.3416787968954,0.02595374552817139,1.1727276564118292,0.4135702746365105,0.07455429497568881,0.5088852988691438,1.189264612444047,0.9865943201663204
65373280.txt,Human,8.014279469711708,258.54641130123684,0.014433365983381486,0.2450478879954446,0.20249869859448205,0.9010416666666666,0.24765868886576484,0.86867704035064,0.981282589141921
65456466.txt,Human,7.3075260174807015,158.41070448005274,0.022743796057799213,0.3681160228419402,0.21334586466165414,0.8258003766478342,0.25375939849624063,0.8953414252131696,0.9456024098907039
65708020.txt,Human,7.717570388323763,210.48452930628707,0.03332225398548433,0.5516370394563817,0.36562860438292966,0.10404624277456648,0.44405997693194926,0.6123013839989369,0.9505863903319879
65864767.txt,Human,7.693546472967378,207.0085395427678,0.028882333358617288,1.1363724853317045,0.3216216216216216,0.6341463414634146,0.3891891891891892,0.8311962921026295,0.9641028431266224
66226673.txt,Human,7.048248523893062,132.35313190778749,0.018946098184841265,1.5925535022963142,0.4785100286532951,0.05763688760806916,0.5530085959885387,1.3545118205364255,0.9864634629992556
66683238.txt,Human,7.711189938342907,209.5556977741322,0.019408073515396057,0.45383684766715343,0.46781789638932497,0.04094488188976378,0.5510204081632653,0.5460488350447879,0.9629367502546885
66741193.txt,Human,7.80681795365623,223.91664313170216,0.023595764485428886,0.7571198304699321,0.3525641025641026,0.05353319057815846,0.4284188034188034,0.5730893473925156,0.9843265632105305
66832845.txt,Human,7.613663070729775,195.85784024744532,0.03414523201836065,1.529325950618468,0.3727544910179641,0.15639097744360902,0.44677661169415295,1.5236373047729714,0.9402645281214672
66906212.txt,Human,7.873546427275575,234.51663113920958,0.027285110157629952,0.4088982397439521,0.35777998017839446,0.09831181727904667,0.44400396432111,0.48181750438573073,0.9794682049751448
67032711.txt,Human,7.6589636302517645,202.1053399386774,0.015058808724341734,1.041424792392848,0.3609467455621302,0.0711743772241993,0.46272189349112425,0.480744074595988,0.9383042078315761
67406885.txt,Human,8.271628043098774,309.03534538473576,0.03917678065493309,1.4707088752556852,0.41636690647482016,0.11261261261261261,0.49550359712230213,0.9573881041664378,0.9692583299429423
67501448.txt,Human,8.018122776657158,259.23609132900134,0.02370195133367758,0.8768466184304492,0.49230769230769234,0.028241335044929396,0.5685019206145967,1.114365747929341,0.9833459315726799
67582956.txt,Human,7.4644686962721245,176.61556674498505,0.020771133368358823,1.4145253425953406,0.40640809443507586,0.3108108108108108,0.4663299663299663,0.776584705615166,0.9729977423211482
67631413.txt,Human,7.631488070772537,198.29274318705123,0.055382988095756175,1.0738983202406163,0.3658872077028886,0.11724137931034483,0.4676753782668501,0.7122526946747809,0.9662865294896437
67645662.txt,Human,7.615109925263327,196.0543613007404,0.024886080468661635,0.49654736057534127,0.25118934348239774,0.8312678741658722,0.28924833491912466,0.9303457277251281,0.9675457427258336
68216398.txt,Human,7.478775338899966,178.37570715174405,0.0311774591190322,0.5537345114948546,0.4169381107491857,0.07026143790849673,0.495114006514658,0.8228497015139983,0.9886310754905693
68240723.txt,Human,7.730153184398976,212.3283474142112,0.01691881756887692,6.398019434273478,0.47644927536231885,0.08363636363636363,0.5706521739130435,1.1959430915293812,0.9677346197873581
68338341.txt,Human,7.8046825550756616,223.5854590795229,0.01375035749392196,1.719689908590068,0.4230769230769231,0.06464924346629987,0.5116598079561042,0.5972077566595311,0.9514871590463905
68460556.txt,Human,7.068618738245246,134.23515484888162,0.030234743902930544,0.5481118263433251,0.48026315789473684,0.06622516556291391,0.5822368421052632,0.5236731707190146,0.9350405398745975
68781345.txt,Human,7.703403350922403,208.42771977875165,0.016975151167174924,0.5939900909814301,0.33402489626556015,0.10706860706860707,0.3983402489626556,0.7982360011565467,0.9661398015954266
69005326.txt,Human,7.9355420553190585,244.81396653732745,0.02017551214386672,0.736005317967348,0.48480463096960924,0.020319303338171262,0.5687409551374819,1.0786376884282205,0.9561471270049561
69097572.txt,Human,8.151648528330059,284.37454631485485,0.017551524270136898,0.5396442061300315,0.4653846153846154,0.03080872913992298,0.5556978233034571,0.8906275206643732,0.9754544201536116
69155584.txt,Human,7.428216896026194,172.23289438747278,0.009449089389177018,0.46040460858368565,0.5558739255014327,0.023054755043227664,0.66189111747851,0.5605026270403678,0.9240068347468167
69181350.txt,Human,7.80317803755709,223.35241405619954,0.024009528912274338,0.6810783728595425,0.3702857142857143,0.041237113402061855,0.4582857142857143,0.7263742418137545,0.9375659829678398
69199666.txt,Human,7.9957414241265505,255.24544831407854,0.0264894071336685,0.6661115358398683,0.4558610709117221,0.02608695652173913,0.5520231213872833,0.791379465687317,0.9773816820033003
69243180.txt,Human,7.5957363225124,193.43919323303342,0.06587683150791189,1.849361677533879,0.4088669950738916,0.132013201320132,0.4967105263157895,0.7795309457323294,0.9726004482959291
69336473.txt,Human,7.569745603929279,189.9855131965464,0.02591752185756498,1.1109566852886212,0.33964497041420116,0.11743772241992882,0.41183431952662725,1.429523425628362,0.9914391618656297
69360287.txt,Human,8.118203157362155,277.8578438196863,0.03355852632161891,1.203086871269686,0.3675464320625611,0.06842619745845552,0.45365853658536587,1.1608063740096348,0.9778194452023032
69458502.txt,Human,8.052240935544933,265.4398076145229,0.026420891630523125,0.49124249880681375,0.4420485175202156,0.07972972972972973,0.5256064690026954,0.8622460867458913,0.9356817805342149
69487178.txt,Human,7.555041162932551,188.05895067553692,0.033396381885183096,0.8331600610074003,0.440536013400335,0.052100840336134456,0.5058626465661642,1.170283687381984,0.9840061694349403
69532425.txt,Human,6.974860890656114,125.78890705384602,0.017257776816238368,1.966288667623368,0.5153846153846153,0.08139534883720931,0.6307692307692307,1.4273186955887323,0.9880446596186148
69666645.txt,Human,7.636193933578657,198.94060150489918,0.03006681133105774,0.855302916090982,0.5612244897959183,0.046153846153846156,0.6632653061224489,0.7303863680738126,0.9894013178274224
69764348.txt,Human,8.392528146392506,336.04908057718643,0.039454031439782,1.6309677566285594,0.351878612716763,0.21490593342981187,0.41329479768786126,1.1425160097333444,0.931950093213569
69859102.txt,Human,7.971316142008696,250.9604380015944,0.01778113121019914,0.4043134606748976,0.494579945799458,0.05434782608695652,0.5663956639566395,0.9472800900729338,0.9662279459688057
70089206.txt,Human,7.616493502001361,196.2424719949512,0.02123295338301639,0.6172984973024822,0.3467741935483871,0.07159353348729793,0.41935483870967744,1.0930169676848536,0.9891486507746153
70196518.txt,Human,7.284272665765009,155.87790814097198,0.0061489224772917316,0.538161951526653,0.5098039215686274,0.03943661971830986,0.5882352941176471,0.5686938529760089,0.9601794688953978
70198580.txt,Human,7.704886650782322,208.6421239212444,0.03944118324706087,0.6879947427862555,0.4470404984423676,0.08125,0.5311526479750779,1.0926646527743773,0.9660428180247161
70528646.txt,Human,7.959921817853701,248.98617317939846,0.03603362562838436,0.4251409083449084,0.33735909822866345,0.23387096774193547,0.40177133655394526,0.5993809801351714,0.9666333118364023
70541112.txt,Human,7.95276009637619,247.75323693997908,0.01209688853394906,1.0063617598953194,0.36019417475728155,0.05642023346303502,0.43592233009708736,0.7544848306025221,0.9835335431407017
70603826.txt,Human,8.33833128970083,323.6591073282318,0.018657630453604836,0.9861562978853075,0.4071969696969697,0.1413662239089184,0.4990530303030303,1.0552331518189877,0.9294166002908907
70667011.txt,Human,7.853291088658942,231.24703997915893,0.01574304144686606,1.337535550455489,0.3935018050541516,0.06513872135102533,0.4813477737665463,1.1819673895025076,0.9727799861723524
70750649.txt,Human,8.130210870870764,280.1801369335031,0.01777817425397631,2.388819983384229,0.39538855678906915,0.08896492728828058,0.448334756618275,0.9589690029424227,0.9883930716644
70892619.txt,Human,7.122555478940674,139.34867544017084,0.03824618907138048,1.3977995594489077,0.23295454545454544,0.7165242165242165,0.28267045454545453,1.348503853943262,0.9638512579033482
71422121.txt,Human,8.058065546112758,266.51363727367345,0.02525990376491318,1.1059220653373758,0.2948717948717949,0.15709969788519637,0.3665158371040724,0.792581243372938,0.9823521390917792
71499299.txt,Human,7.763742164720407,217.32979491723026,0.03664915636707755,0.5315828188037597,0.4341692789968652,0.16037735849056603,0.5313479623824452,0.6503087142844478,0.9743777635513414
71576860.txt,Human,7.77121419702824,218.4583132292597,0.017891069994793844,0.5292163745171484,0.4330357142857143,0.041791044776119404,0.5223214285714286,0.7963914568095722,0.9374944167836451
71767359.txt,Human,8.16157156713024,286.3372525128352,0.0224621610127641,1.8067313150395126,0.34006462035541196,0.063915857605178,0.4135702746365105,0.8520602774404866,0.9597190419190227
71772815.txt,Human,7.794381315524604,221.9946834284463,0.022226135589423917,0.46020055241524016,0.3643867924528302,0.11938534278959811,0.4492924528301887,0.782945430737242,0.9602369124214428
71888547.txt,Human,7.870766882653171,234.0652385107789,0.023458514962015935,1.0141421440297764,0.3948051948051948,0.140625,0.4935064935064935,1.3236047791973355,0.938882125513446
72136463.txt,Human,7.97522702029005,251.64166806108665,0.014908244706251484,1.4050947058418344,0.375,0.055201698513800426,0.4353813559322034,1.5883741000586802,0.9437954886550506
72231872.txt,Human,7.94747627467918,246.84750871746965,0.03248299294021942,0.9566076172178878,0.31255411255411253,0.12315698178664354,0.3887445887445887,0.9453545285687504,0.9560501012371179
72652441.txt,Human,7.6234740928663145,197.19430718903382,0.03597759565857537,0.5244700875895394,0.29081081081081084,0.6608884073672806,0.3491891891891892,0.7106306731279595,0.9658668154484005
72807293.txt,Human,7.583374379340385,191.7887623301066,0.01185860024474457,1.5370323078514836,0.36459909228441756,0.06069802731411229,0.46142208774583965,0.7985335559695377,0.9651850793870085
72876163.txt,Human,7.861067505026888,232.4968734245836,0.01910949134344856,0.9491775478633128,0.3971631205673759,0.023696682464454975,0.46926713947990545,0.7343691469044723,0.9872760995374078
73030450.txt,Human,7.674798772436558,204.335884085415,0.11527122189309522,1.6804344937558502,0.3782542113323124,0.446676970633694,0.4268104776579353,1.4196180060018488,0.9966305781930652
73075521.txt,Human,8.311050227957127,317.59628525384795,0.05089445631930684,1.1065418831710685,0.33419689119170987,0.11932555123216602,0.3963730569948187,1.316011070299018,0.9687672288072584
73077810.txt,Human,7.726002402232867,211.7183348535806,0.02556416586152182,3.1429955577824322,0.4467408585055644,0.04784688995215311,0.5119236883942766,1.002785937990881,0.9831364345294082
73157997.txt,Human,7.717567549901209,210.48411519004588,0.026401952970468674,0.3660242268816616,0.37092731829573933,0.052763819095477386,0.4473684210526316,0.5062390243515427,0.9669910168894094
73282756.txt,Human,8.108512857286774,275.9977809262081,0.01804796402585783,1.0517973732877852,0.3574363188167625,0.08401976935749589,0.4399671052631579,1.077825294195632,0.9708297577572034
73448369.txt,Human,7.464221448208241,176.58530108660113,0.0147260404923892,0.2798905606861296,0.36801242236024845,0.5062305295950156,0.42701863354037267,0.676188973592574,0.9783496585495954
73497035.txt,Human,7.584101457853205,191.88544293715182,0.016308995926185114,0.5222222694764155,0.4307931570762053,0.1060842433697348,0.5085536547433903,0.5900056808345101,0.976410960526695
74126637.txt,Human,7.961842653645166,249.3178996113631,0.016905939879944445,0.9217024513892116,0.4550898203592814,0.042042042042042045,0.5643712574850299,0.856390723382344,0.9416920105343328
74191424.txt,Human,7.911669626531705,240.7963354654678,0.014132260127633509,0.49587866558707167,0.47150997150997154,0.04428571428571428,0.5598290598290598,0.5520999806936331,0.9808384151471518
74236636.txt,Human,7.809827913831199,224.3842982675084,0.035256544581359156,1.4241755468732074,0.44503311258278144,0.1752988047808765,0.5099337748344371,0.6976075451175653,0.9903797641835406
74512244.txt,Human,7.9534890366504465,247.8784490878057,0.012303248434172315,1.2282466725758714,0.4865269461077844,0.02702702702702703,0.5853293413173652,0.8156662782410685,0.9765946666008604
74522938.txt,Human,7.823860005014347,226.5773762473567,0.031098058553506523,1.2160697384146135,0.3297769156159069,0.3974732750242954,0.3860329776915616,0.5211777446094925,0.9582653754422273
74552449.txt,Human,6.7868883224889816,110.4223440926961,0.023371091628725693,0.7473394239577256,0.3875968992248062,0.522077922077922,0.42377260981912146,0.6164731189416679,0.9228857710335691
74816727.txt,Human,7.776608158235272,219.27661592298273,0.02412583094276347,0.43139005779794304,0.39633286318758815,0.031117397454031116,0.5063469675599436,0.5097821087512375,0.9661185303946552
74849878.txt,Human,7.076256441124612,134.94768719552752,0.04179513650544289,0.8693198410867381,0.5521235521235521,0.10894941634241245,0.640926640926641,0.8989413458846984,0.977495782517606
75057933.txt,Human,7.492625592501524,180.09640744638287,0.023904396826011882,1.142956589353579,0.3841642228739003,0.2261380323054332,0.4289897510980966,1.53833878976103,0.9961427272351152
75156649.txt,Human,7.032028330517509,130.87342188279626,0.011075507088805262,1.170859257950568,0.47249190938511326,0.07166123778501629,0.5954692556634305,0.9601887755451094,0.8956355608742445
75286906.txt,Human,7.971147621066543,250.93112507108094,0.02082992337111717,0.7000729089008408,0.4040920716112532,0.08076923076923077,0.49104859335038364,0.7754086703374219,0.9689473792807769
75297735.txt,Human,7.774333044067463,218.93109163370625,0.012540744325334469,0.9493430628873553,0.46710526315789475,0.07590759075907591,0.5296052631578947,0.8164534792526662,0.9899966689919988
75329822.txt,Human,7.539182340675704,186.0030335830875,0.016756345443641466,1.4538736219424875,0.3865546218487395,0.07724719101123595,0.47619047619047616,0.8514649069228328,0.9805487380694744
75435017.txt,Human,7.359532016066903,164.2252345789748,0.014836893730950833,0.4348230161080873,0.23010546500479387,0.8546679499518768,0.27185398655139287,0.48535656299117813,0.9756931840397376
75744306.txt,Human,7.758532479795657,216.5464152593436,0.02726588059994982,0.452093719952844,0.36971830985915494,0.15863689776733256,0.45838218053927315,0.6125837652826859,0.9573371630914257
75950464.txt,Human,8.13908921595706,281.9096818093236,0.022974750489728978,0.4523232796401026,0.29778051787916154,0.5006172839506173,0.35450061652281134,0.6554494004734627,0.9707683301464655
76010167.txt,Human,6.8399046999388435,114.55564163040853,0.03360011704047531,2.396122605802556,0.508695652173913,0.08733624454148471,0.6060606060606061,1.152077222692038,0.8613006475090793
76196367.txt,Human,7.620196129961048,196.74676850592573,0.012886296884526752,0.3664032666449901,0.3718791064388962,0.030303030303030304,0.45992115637319314,0.5586237873108701,0.9491437206536263
76454959.txt,Human,7.319832854699952,159.76779908209093,0.01621792845533939,0.9193536659579791,0.3452722063037249,0.16666666666666666,0.42120343839541546,0.6472388762489306,0.9902543974967077
76530505.txt,Human,7.472606245121424,177.6145850544612,0.030589299552562232,0.6437351893938976,0.34950071326676174,0.34763948497854075,0.42510699001426533,0.5566367351657535,0.9871339797415715
76916835.txt,Human,7.035654126675477,131.2027479852341,0.01162472301304018,0.5755840956990455,0.38074398249452956,0.07692307692307693,0.45295404814004375,0.6969253783770641,0.9500653026456733
77156708.txt,Human,7.562842513094535,189.0786308852483,0.009742821453922454,0.4797910044243988,0.28823529411764703,0.6698113207547169,0.33294117647058824,0.9701004643659081,0.9703599588980542
77266989.txt,Human,7.707345483678198,208.99802279581797,0.018859007098866298,0.9562669183385037,0.3949930458970793,0.1896792189679219,0.4728789986091794,0.677352165270074,0.9435250462544194
77439230.txt,Human,8.175399400702622,289.0949105914194,0.014716272247934908,0.47814059027181893,0.4061597690086622,0.05785920925747348,0.480269489894129,0.7783140950448426,0.9868029801640964
77576845.txt,Human,7.95210883069589,247.6414206780222,0.031197573270915456,1.0777123087644223,0.3954741379310345,0.0734341252699784,0.46012931034482757,1.3503814342530231,0.9313215208747064
77626587.txt,Human,7.00140667933856,128.12486544888688,0.01611672553862332,0.43246822698626725,0.4899328859060403,0.0472972972972973,0.5738255033557047,0.6922844004417519,0.9225231495016329
77638654.txt,Human,7.69317808644228,206.95568747148664,0.01766088033099681,0.6278460750449913,0.4197901049475262,0.06917293233082707,0.5037481259370314,0.8146495396928071,0.9790452560254109
77828437.txt,Human,7.885129283842401,236.4070556793791,0.04447114052335537,4.873796636766268,0.41140776699029125,0.09378806333739342,0.4787363304981774,1.8129724983309754,0.9560996910743592
78016758.txt,Human,7.8023416073517815,223.22295872790977,0.010984249460887033,1.112206424618316,0.42543859649122806,0.025,0.5161290322580645,0.7658838732130767,0.9451773486251098
78107631.txt,Human,7.249503865446441,152.1661726470812,0.05549319145619973,2.0332540763603086,0.2192723697148476,0.864039408866995,0.2605703048180924,1.0192289177713838,0.9569666384404792
78114950.txt,Human,7.776059435955794,219.19323095105878,0.009697974719713802,0.8688691217688311,0.2194269741439553,0.8824352694191743,0.2641509433962264,0.8553238712038606,0.9843636718640993
78149576.txt,Human,5.57033823397537,47.51589286189925,0.034663983569650766,2.133316573687399,0.43478260869565216,0.25663716814159293,0.4956521739130435,1.0394608655400588,0.9575956142120868
78229715.txt,Human,7.5649783431636655,189.35875862717208,0.020754305069860673,1.1757416151576925,0.3265822784810127,0.3604060913705584,0.40253164556962023,0.8253708143937514,0.9830807525452888
78257294.txt,Human,8.247699798103929,303.9520203519807,0.023093038973405124,2.376356543889049,0.41704857928505956,0.07162534435261708,0.4775435380384968,1.0716270318714722,0.9849649931633566
78273826.txt,Human,7.299109139922036,157.48920574052843,0.029680188668004957,0.7958383514196415,0.2490875912408759,0.2056672760511883,0.3166058394160584,0.48965327583535007,0.9845592946098592
78298706.txt,Human,7.582831711197869,191.71663476567528,0.014046658564838556,0.2802515016081423,0.3972413793103448,0.28907330567081607,0.46482758620689657,0.38307908299563326,0.954055945889759
78357954.txt,Human,7.8475152278747276,230.32308822005666,0.012459092314970284,2.9303814310575538,0.41492146596858637,0.06036745406824147,0.4986910994764398,1.30475737314566,0.9941259286807065
78403342.txt,Human,8.008248415366337,257.46783774322347,0.021915945594430192,0.469549443854743,0.4129651860744298,0.05535499398315283,0.5006002400960384,0.763615431259384,0.9667461756837519
78538268.txt,Human,7.782655589297323,220.19769995738383,0.013068319345222673,1.6897795521775534,0.44568690095846647,0.15865384615384615,0.5175718849840255,1.0637631532552279,0.9429978775706206
79041971.txt,Human,6.646991282833419,100.2175443766003,0.00974099502003007,0.47669084959139874,0.5209302325581395,0.06572769953051644,0.6046511627906976,0.6180677455348036,0.9274754615605397
79261033.txt,Human,7.199413482524619,146.97362620300547,0.02751847663847035,0.7129083651766596,0.34328358208955223,0.11980033277870217,0.4228855721393035,0.7600773907432523,0.9871695035065237
79376680.txt,Human,8.082276461761223,271.02393607405816,0.007892312210141365,2.0439950770485416,0.4093789607097592,0.04193138500635324,0.5297845373891001,0.7467850639775537,0.960107257037476
79432080.txt,Human,7.9681814460993445,250.41574172249364,0.018477529316654584,0.7294894499952068,0.3741362290227048,0.05237154150197629,0.45956607495069035,0.65753026713135,0.9758994117872176
79536879.txt,Human,8.376203839724985,332.2680674845156,0.02057986785371785,1.0036881270380271,0.3867704280155642,0.10304449648711944,0.46531566640685895,0.7121773485429794,0.9510161560266392
79541391.txt,Human,8.309404056673104,317.23410218292145,0.04111031945643294,0.8992801601965028,0.28132387706855794,0.16923076923076924,0.34929078014184395,1.0825543724227726,0.9647403606854363
79570655.txt,Human,6.232368363355248,75.18476063362644,0.026415688179217377,1.7475631397994909,0.49142857142857144,0.15606936416184972,0.5257142857142857,1.2910998317365718,0.9937400510978681
79663360.txt,Human,7.760675780821044,216.86836069359572,0.01869687944989772,0.8958734963468048,0.44281524926686217,0.04411764705882353,0.5381231671554252,0.6124493298223542,0.9322120557080138
79759716.txt,Human,7.328928103037327,160.77821217606183,0.016488466506537153,0.5688968387246872,0.36075949367088606,0.05714285714285714,0.42563291139240506,0.5376864179011067,0.9702854856517765
80000092.txt,Human,6.547435479128546,93.53506963264664,0.015428044830555756,0.5352617176419503,0.5625,0.07368421052631578,0.6510416666666666,0.624118301697594,0.9434156318417163
80053367.txt,Human,7.843480702091233,229.67988484262713,0.0254818107633224,1.3896541371025712,0.48223350253807107,0.05432937181663837,0.55668358714044,0.9503796087597398,0.942484565363412
80162314.txt,Human,7.692097330250385,206.8007102395781,0.02182995762956413,0.39875721339880427,0.4156028368794326,0.04694167852062589,0.5092198581560283,0.4303740369901387,0.9549981879853382
80275976.txt,Human,7.790201617095639,221.3524631312547,0.05942182747919967,0.9573355448899269,0.34054054054054056,0.35102925243770317,0.3978378378378378,0.7146398573810487,0.9656764039521284
80503242.txt,Human,7.736959836703018,213.33248197089853,0.032933935246070314,0.9779478314092023,0.41887905604719766,0.047337278106508875,0.4941002949852507,0.6624351905526223,0.9591151565716325
80527194.txt,Human,8.203678019437458,294.81743176799034,0.016250478727481543,0.699289130941751,0.40822784810126583,0.029535864978902954,0.5094736842105263,0.9713235299401163,0.9690016538838079
80679862.txt,Human,8.244081346420952,303.1906275689461,0.022647731328500852,0.5775959364454528,0.3793911007025761,0.027365129007036748,0.4574551131928181,0.9994352410515962,0.9647799264952243
80876647.txt,Human,7.960800220198943,249.1378175864949,0.01760732712716461,0.5786629679642622,0.4358322744599746,0.0535031847133758,0.5324015247776366,1.336238101846566,0.9566087230445689
81011612.txt,Human,6.65545125424468,100.80694703231576,0.07404185293902416,1.7252740028924995,0.43006993006993005,0.2323943661971831,0.46853146853146854,0.7747057904182226,0.9653500787907799
81042872.txt,Human,7.949416237213255,247.17966278744305,0.038453127929343654,0.9449524224271368,0.43437077131258456,0.1560379918588874,0.489851150202977,0.6407608176445916,0.9470861919024331
81125166.txt,Human,7.742812144497192,214.1996250539133,0.04662770876103348,2.014808928699961,0.3046683046683047,0.20836751435602954,0.33906633906633904,3.50859861644164,0.9513232706889827
81217013.txt,Human,7.969963881698568,250.72531912039764,0.01953131902708287,0.4083537716520299,0.32367972742759793,0.04522184300341297,0.4182282793867121,0.5552806373261333,0.96887860499483
81310245.txt,Human,7.686193448026238,205.95615734945747,0.014727566994232067,0.565582248951845,0.4312590448625181,0.06966618287373004,0.5195369030390738,0.5928354339491292,0.9464319524137074
81373857.txt,Human,7.421918427805445,171.4826049466527,0.025266018516491816,1.327862022915288,0.506426735218509,0.05167958656330749,0.6041131105398457,0.7751623702462603,0.9689122967744157
81508860.txt,Human,8.003719399421978,256.6608428435565,0.014540717452265506,0.9724905727872123,0.381151832460733,0.05876180482686254,0.4481675392670157,0.7587896474119751,0.9898586656053306
81588968.txt,Human,8.019101793000736,259.412069270256,0.0284976018160923,0.8800951055718598,0.3720472440944882,0.3875739644970414,0.43503937007874016,0.6704659749301548,0.95735063729158
81677620.txt,Human,7.950663722042574,247.3934891499459,0.02834436283172269,2.027298371143558,0.3195121951219512,0.07084690553745929,0.3878048780487805,1.4836988580243677,0.9870753771343082
81761658.txt,Human,7.690873440612218,206.625348217665,0.024550383018552183,1.026952121554676,0.3321637426900585,0.13012895662368112,0.39415204678362575,0.642260550678966,0.9904009014957349
82118447.txt,Human,8.107382451053537,275.7816109061033,0.051012094976979346,1.5139730847577315,0.3563696919233972,0.15095913261050875,0.42464612822647796,0.9620469896834245,0.9524492484284838
82125182.txt,Human,7.547165489589846,187.03513376969838,0.032058137934430894,1.0596147036237529,0.45765765765765765,0.1301989150090416,0.5261261261261261,0.7723605408546798,0.9928990389677814
82140102.txt,Human,7.139665907299641,141.01119632482963,0.010239350495760503,0.2904076879725787,0.20940649496080627,0.8574635241301908,0.25867861142217247,0.4354049220160292,0.9518718497814243
82246962.txt,Human,8.14846499693228,283.74772141702874,0.01669104419370068,1.5577927145274653,0.38438735177865613,0.02967359050445104,0.4501480750246792,1.3044640661068585,0.9885363243750116
82649935.txt,Human,7.675038579342223,204.36985192160898,0.054936405365749834,0.7738858850469609,0.43759873617693523,0.05229793977812995,0.5118483412322274,0.7340643273448149,0.9595514767451334
82738323.txt,Human,7.135842961453326,140.63803045087258,0.03271802918637343,1.5268548047348591,0.4676056338028169,0.053824362606232294,0.5492957746478874,1.157088900902468,0.9945544469221342
82929064.txt,Human,7.09134698056506,136.36664344120382,0.007878731656596161,0.6261210339466213,0.5270758122743683,0.09090909090909091,0.6389891696750902,0.4791478360460339,0.9749267655194325
83206166.txt,Human,7.840275038555708,229.17010348586822,0.020261459993544464,0.673847391507664,0.4940577249575552,0.030664395229982964,0.565365025466893,0.757707250833987,0.9760609355413036
83338413.txt,Human,7.7983426834440435,222.60507650165408,0.012162260729830296,0.9710777620705279,0.4717557251908397,0.05666156202143951,0.5404580152671755,1.12425021855427,0.9707696934579885
83566455.txt,Human,7.483093888061981,178.91045519660273,0.021236266488654114,1.0377502518432402,0.3667180277349769,0.07727975270479134,0.4622496147919877,0.7244153233289067,0.9208735503507933
83816738.txt,Human,8.32512833355157,320.7106235244059,0.022151528743222425,1.2632833142830953,0.37696768848384427,0.06804979253112033,0.4515327257663629,0.8560462027251844,0.9354032198819
84295343.txt,Human,6.876644455929846,117.51038543285654,0.016656213470572275,0.6393813072150368,0.5171102661596958,0.09195402298850575,0.6159695817490495,0.6788303295902692,0.9226806896379096
84356308.txt,Human,8.055824063513695,266.0998825775031,0.05130117756317394,1.5702061735467392,0.34894991922455576,0.07033144704931285,0.4156577885391445,1.029557120274322,0.9662099425400416
84373843.txt,Human,7.906186631579173,239.88292040314002,0.02289742250439389,0.9672783677679969,0.3385542168674699,0.06038647342995169,0.4686746987951807,0.842237591072498,0.9078080700311392
84512719.txt,Human,7.225193792056589,149.62358486617632,0.01925246779895044,0.5201351943069522,0.5524691358024691,0.012422360248447204,0.6512345679012346,0.5946256198015961,0.9653677287556022
85101052.txt,Human,7.758964132598341,216.61121540718742,0.04970307444531885,2.5987763619685107,0.36328125,0.2154046997389034,0.4348958333333333,1.0101404225151829,0.9793864892937288
85417107.txt,Human,7.915336882794808,241.40920592299582,0.017723583293785514,0.6642932886375862,0.3602661596958175,0.06380952380952382,0.4439163498098859,0.6984029777246951,0.9832633526485355
85421438.txt,Human,7.690841915401439,206.62083317027037,0.03764581065943445,0.7989817048331641,0.27899686520376177,0.16020942408376965,0.3793103448275862,0.7939442257155648,0.9549789199617089
85766635.txt,Human,7.822217585179605,226.31957857000086,0.026498951070816665,1.8575745065606282,0.42363112391930835,0.1676300578034682,0.48703170028818443,1.4278565724777077,0.9745034607308256
85918100.txt,Human,7.743695050694249,214.3307519043258,0.018447983252657233,1.5408760934284054,0.3442028985507246,0.059322033898305086,0.42995169082125606,0.7128732016225857,0.9459361606592533
85973397.txt,Human,7.504371195875004,181.56863496431302,0.037550573812541746,1.337097293135861,0.4096185737976783,0.09650582362728785,0.48756218905472637,0.7535205157209282,0.9883319906319206
86184722.txt,Human,7.9717199516043165,251.03069152987047,0.025514620227942642,1.2414219532711965,0.4121212121212121,0.054678007290400975,0.49454545454545457,1.1397835292310965,0.9747288403341842
86209934.txt,Human,8.03423283900601,262.14711146386617,0.026072680706002962,0.9984320231148545,0.38209606986899564,0.2724288840262582,0.44759825327510916,0.856986788306949,0.973322094010056
86322251.txt,Human,7.60303309829536,194.4200366276527,0.027490699806260756,2.553743590327398,0.3524390243902439,0.31295843520782396,0.4024390243902439,1.2918667264587622,0.9746099572370795
86549455.txt,Human,7.165028511717893,143.5120941628593,0.02230711066850841,1.7810507853278956,0.5135135135135135,0.17522658610271905,0.5675675675675675,0.9268803158112915,0.9832904979059834
86551046.txt,Human,7.1216426124204615,139.2605303365687,0.018005565844076633,1.265313797225189,0.4380165289256198,0.09141274238227147,0.5426997245179064,0.7306271252664553,0.967182214642513
86595128.txt,Human,7.691816262200732,206.7604249339475,0.014452892345103932,0.768071569189271,0.42746913580246915,0.05572755417956656,0.5108024691358025,0.8125982582772875,0.9649303861986497
86597425.txt,Human,8.083396547048155,271.2344364143991,0.05052624384192296,0.6662439493160878,0.3436960276338515,0.46453287197231835,0.41278065630397237,0.9548614421785779,0.9698503486455726
86828820.txt,Human,7.451972064746473,175.09232851152655,0.018561331134892417,0.6240543430456349,0.3520485584218513,0.0821917808219178,0.4218512898330804,0.8268607470118947,0.9783396682067066
87118391.txt,Human,7.676417591461951,204.56529394622788,0.020393949266525883,0.6983542736315882,0.442572741194487,0.07834101382488479,0.5191424196018377,1.311201111238114,0.9467451318190168
87520378.txt,Human,8.100971697874254,274.5588676833587,0.02941245587064379,0.8702447103827915,0.5240875912408759,0.10102489019033675,0.5956204379562043,1.4403245374512736,0.9818196625816928
87635012.txt,Human,7.633567198148273,198.57871705936967,0.026400990562022063,3.5227795665785284,0.4090909090909091,0.042735042735042736,0.48579545454545453,1.8951253980689484,0.9842410072320222
87826037.txt,Human,7.8760181604467565,234.91876697822724,0.024160821251333127,0.591420511812602,0.3997584541062802,0.17554479418886199,0.4673913043478261,1.0961819983522965,0.9661982831054475
87867370.txt,Human,7.7664885149042355,217.74390335197492,0.03414588641318532,0.8576168074900523,0.29725228975853457,0.1884904086738949,0.3597002497918401,0.9261582370059017,0.9660029469648651
87968870.txt,Human,7.45652921555733,175.64628044241553,0.01588065257038576,0.45503257875954484,0.36277173913043476,0.21798365122615804,0.42391304347826086,0.5649704631614682,0.9697258399505833
88038965.txt,Human,7.155662986889518,142.58347595886184,0.021615672263066002,0.9449571392929231,0.27712418300653596,0.21363040629095675,0.3333333333333333,0.8194305865374718,0.985915287153153
88651471.txt,Human,7.658868540174058,202.09201932787676,0.03104298220622311,2.4620514716434814,0.3825503355704698,0.08209959623149395,0.4429530201342282,1.245781735853992,0.9963733771578503
88691367.txt,Human,7.526951849325531,184.43285220908788,0.010558864390012529,0.6335379299272469,0.41225165562913907,0.03322259136212625,0.4768211920529801,0.6502730132337712,0.9696649313328594
88859947.txt,Human,7.851731432615028,230.99718054883476,0.020790153655052067,0.8790515315533306,0.4070221066319896,0.05345501955671447,0.49024707412223667,1.2508306462392844,0.951804580018552
88907739.txt,Human,7.673081396302323,204.09278850660658,0.034667240002464246,2.3345074837394253,0.3707440100882724,0.20480404551201012,0.4274905422446406,0.817418831870596,0.950928976688728
89049979.txt,Human,8.229208474148294,300.081064182273,0.05454595158350581,1.4625574705470912,0.41037735849056606,0.09829867674858223,0.46226415094339623,0.8624325317614778,0.948635965570689
89197180.txt,Human,7.636299328971109,198.95513554575825,0.023429175574763695,2.076557687539564,0.3992443324937028,0.08838383838383838,0.45717884130982367,0.8711329633608881,0.9550955104306106
89413122.txt,Human,7.579936471929739,191.3322784562882,0.016171804294066998,0.36074169174195797,0.4169435215946844,0.06333333333333334,0.5049833887043189,0.6382219604734093,0.9820000045211132
89508407.txt,Human,7.3381325856587205,161.80726622901557,0.010272871684140537,2.663512794840225,0.24864130434782608,0.8501362397820164,0.3233695652173913,1.7472804956373726,0.9758952436128469
89512321.txt,Human,7.9976503105255725,255.5833971062187,0.03763426719881824,0.7963770994103764,0.3278846153846154,0.1724470134874759,0.40384615384615385,0.8153133797023845,0.9861298573309802
89740812.txt,Human,7.811262870415592,224.60759002185145,0.019819926910791222,0.5936940777426438,0.4514285714285714,0.06446991404011461,0.5085714285714286,1.3472093743476703,0.9840972833130486
89858892.txt,Human,7.752775805141936,215.684068436859,0.016040137641750347,0.396169185326401,0.45786516853932585,0.01971830985915493,0.5294943820224719,0.7337375931203268,0.9571783086102131
90032884.txt,Human,7.448877609729413,174.71717322161132,0.03080013759809058,1.844586482397366,0.3507692307692308,0.4984567901234568,0.40923076923076923,0.9853973817704206,0.9825021953735896
90066849.txt,Human,7.67697034906004,204.64368659471646,0.01443029438401705,1.0985299907258719,0.28192999053926204,0.1033175355450237,0.3566698202459792,1.2287085119019607,0.9931845293632074
90280583.txt,Human,8.051796453755198,265.35804051580436,0.0229727432049347,2.5100351060287904,0.435630689206762,0.07301173402868318,0.4889466840052016,1.213913187524862,0.9882243548551242
90318913.txt,Human,7.0805697151559555,135.35174856521365,0.04976425051426575,0.507040205084234,0.30559345156889495,0.23803009575923392,0.38472032742155526,0.5637642484947059,0.9766437190198249
90363254.txt,Human,7.636213547459307,198.9433061816523,0.01779975192028162,2.2571210121959018,0.31874298540965207,0.08661417322834646,0.40404040404040403,0.6133871491357658,0.9597323275420312
90365216.txt,Human,7.978955381938266,252.29282750488932,0.041134283628463886,1.0065566845845595,0.43776223776223777,0.1767180925666199,0.5118881118881119,1.8543068170208479,0.9633248843887311
90468982.txt,Human,7.82259607747225,226.37896149656106,0.014422285412764028,0.48122280772241255,0.4317507418397626,0.03869047619047619,0.5326409495548962,0.5398054082512346,0.9699631275400775
90629382.txt,Human,7.751625369505759,215.51214594081557,0.026189551423777407,0.5955123127243032,0.4428341384863124,0.10662358642972536,0.5297906602254429,0.9091708506898607,0.9328997410394281
90682785.txt,Human,6.607030078107982,97.4797116310254,0.01995706386697991,0.4713734641258178,0.47641509433962265,0.07142857142857142,0.5990566037735849,0.5162598834271983,0.9762202212451988
90685127.txt,Human,7.2320124043203,150.3324248709329,0.01151009646373151,2.3216082623029624,0.4631043256997455,0.05370843989769821,0.5597964376590331,1.6067971955302234,0.988089833529671
90867631.txt,Human,8.283173801697838,311.5184502264246,0.038291307571881435,2.5462819279798885,0.3032258064516129,0.22416020671834624,0.3554838709677419,1.409595146958608,0.9644515937072945
91026230.txt,Human,7.761834997289376,217.0426861019177,0.022437881967325813,0.22408504551199138,0.37755102040816324,0.09846547314578005,0.45408163265306123,0.351730120216796,0.9743469909418788
91051945.txt,Human,8.026959727630864,260.82886527817755,0.047477869208869664,0.4858838852325265,0.22128378378378377,0.7412626832018039,0.26576576576576577,0.7092315947878891,0.9740165621251138
91072502.txt,Human,7.498478928680262,180.82858311317,0.01726860355582868,0.5313072271554687,0.3588652482269504,0.2147937411095306,0.4340425531914894,0.6376131736094678,0.9828237947569015
91116867.txt,Human,7.250982770906666,152.3222380389148,0.02312731544029272,0.5721646632778783,0.569078947368421,0.019867549668874173,0.6710526315789473,0.5197665833310235,0.9645144345947796
91121135.txt,Human,7.628415417796383,197.87086856834458,0.04697741332177948,0.9862338674797395,0.3462986198243413,0.19874213836477989,0.410288582183187,1.393321109873148,0.9849624759610519
91153752.txt,Human,7.114014157219366,138.52611385445925,0.013666144201324917,2.445076082071884,0.5150602409638554,0.11818181818181818,0.5843373493975904,1.4036403120841354,0.86016003899663
91189201.txt,Human,7.539339542047717,186.02330226382205,0.04640742640775405,1.4563594910984001,0.3673780487804878,0.28287461773700306,0.4253048780487805,0.8364111316820608,0.9759685646998231
91197243.txt,Human,8.07590578420152,269.82978244108835,0.019408021837978087,1.5282716021729412,0.42983565107458915,0.08354430379746836,0.51010101010101,1.112116174155834,0.9587092970599508
91268638.txt,Human,7.76081830849055,216.8897867524932,0.01590625975156014,0.36983207844910754,0.339041095890411,0.41762013729977115,0.408675799086758,0.4782966568266106,0.963215332499666
91318828.txt,Human,7.643568656056288,199.960143334662,0.053343446738083986,0.3571376012687587,0.4205298013245033,0.1777408637873754,0.4817880794701987,0.8236603427291517,0.9968593778713768
91431878.txt,Human,7.59710610105912,193.6229428666778,0.0156824058616641,1.1392243513224976,0.3833580980683507,0.2488822652757079,0.462109955423477,0.6363754039961316,0.978731352808911
91467795.txt,Human,7.922401637367368,242.59426541492098,0.01669776734299181,0.7934382635714822,0.40853658536585363,0.07334963325183375,0.49878048780487805,0.8073199333667906,0.974066065509013
91478356.txt,Human,7.394035635659111,168.2002028960867,0.02494567048494691,2.2137131565620285,0.274251497005988,0.8391356542617047,0.3221556886227545,1.6351006443053613,0.973165974127558
91515108.txt,Human,7.663652781617336,202.76330598095902,0.022856048355949225,0.8789744257581135,0.4514003294892916,0.171900826446281,0.5238879736408567,1.2997659403760256,0.9844402078813279
91533580.txt,Human,7.302818650527794,157.89466883213862,0.015146974262901737,1.2711011247807957,0.3430321592649311,0.09062980030721966,0.4104134762633997,0.8059310904877931,0.8644175888737087
91539554.txt,Human,7.5812258124771175,191.503349074372,0.05368403940909803,2.3392365545485787,0.4542314335060449,0.15077989601386482,0.5215889464594128,1.062723757562235,0.9829616094388774
91564103.txt,Human,7.5191363853793005,183.43643161705836,0.01917518816856631,0.8438409552917232,0.3715469613259669,0.07063711911357341,0.43784530386740333,1.1266003641305777,0.9731350604606173
91591026.txt,Human,7.922452417510965,242.60280442565397,0.03206886592101743,1.5149199303447656,0.43915343915343913,0.034482758620689655,0.4947089947089947,0.9737447436130781,0.9862878949111527
91635250.txt,Human,7.984147348472942,253.2024138934942,0.01957437633446772,0.24388249223022793,0.41455696202531644,0.019027484143763214,0.5010548523206751,0.8086097406043466,0.9367043048378574
91697974.txt,Human,7.723288561905377,211.32044779589552,0.04029634235995715,0.6251010118639174,0.4177215189873418,0.07475317348377997,0.4866385372714487,1.2331389846985696,0.9247601056429491
91930382.txt,Human,7.448257761609523,174.64212281478737,0.03387624799127802,0.7886615550578027,0.4975,0.02512562814070352,0.6075,0.6704735383480842,0.9876415702804168
92069209.txt,Human,7.570259491870984,190.0531980861139,0.022176954222460705,0.48861209771357006,0.38872832369942195,0.06376811594202898,0.45809248554913296,0.6347999206591897,0.9419928404007606
92122785.txt,Human,7.73797089795598,213.48204081608017,0.023718282407327807,1.8079393637941263,0.3638525564803805,0.2052505966587112,0.45357142857142857,0.6412577657298534,0.9521657672673592
92200491.txt,Human,7.788298959173657,221.06073105245764,0.03126735898763587,0.44510598733689705,0.39648682559598497,0.08176100628930817,0.48431618569636137,0.759506424691125,0.9816081333887448
92246939.txt,Human,8.131343696361979,280.4002249192362,0.02272170182926962,1.2938322071684512,0.2862903225806452,0.2510094212651413,0.34475806451612906,0.6466783954519558,0.9764018625107744
92283635.txt,Human,7.566757271596591,189.59239320487703,0.03579783872641729,1.2448862633380433,0.3682678311499272,0.17226277372262774,0.4512372634643377,0.7113873946486705,0.9585565137107028
92524964.txt,Human,7.811841959554917,224.69776425827575,0.05163169324025608,1.5236961507948836,0.3909985935302391,0.2566995768688293,0.45569620253164556,0.9608352236608074,0.9560053066929076
92985983.txt,Human,7.5644435270170565,189.2885751511371,0.013896896903961472,2.2029039116113713,0.434640522875817,0.1901639344262295,0.5032679738562091,0.8455461610573817,0.9791696875110455
93002334.txt,Human,7.840575934213133,229.2179053278579,0.009041537245885224,1.723258700292091,0.4115107913669065,0.05194805194805195,0.5050359712230216,0.5792074856682182,0.9576084933094353
93112113.txt,Human,7.559361761173447,188.62299577609232,0.011664811266858881,0.644854171286534,0.34328358208955223,0.0667433831990794,0.40298507462686567,0.5331853446843298,0.9738041566627187
93301686.txt,Human,7.770875189252725,218.40698542670336,0.010271684124654255,0.9847618702035922,0.4027027027027027,0.04065040650406504,0.4783783783783784,0.5775812449605183,0.969090215917518
93349646.txt,Human,7.994618755109239,255.04689998471594,0.03502572584402828,1.7124210628814973,0.32219127205199627,0.056691449814126396,0.4035250463821892,1.3626314957488008,0.9669538289066913
93436805.txt,Human,7.78961999607712,221.26324309961686,0.014797475346259607,1.2738927626470606,0.46261682242990654,0.05625,0.5404984423676013,0.7225292415979048,0.9863392302848755
93459677.txt,Human,8.184282760087656,290.8804971350009,0.0259990983225174,1.0950082813147033,0.3341250989707047,0.17129262490087233,0.41092636579572445,0.7451940493844385,0.9858185893617005
93512385.txt,Human,7.119877937572771,139.0902938613846,0.01596424972723894,1.1365030782835657,0.4807692307692308,0.15161290322580645,0.5833333333333334,0.7024826536635796,0.9865779342093557
93576192.txt,Human,7.513957583203054,182.77913541611846,0.03637413379502366,7.505894401061548,0.5441176470588235,0.06157635467980296,0.6127450980392157,1.6588629300470705,0.9718128183486426
93653247.txt,Human,7.622297556080492,197.03355819261878,0.01716861505262361,0.5676865396131693,0.3188405797101449,0.07262569832402235,0.4013377926421405,0.5504717568912171,0.9711967503954
93828034.txt,Human,7.633025704789532,198.50419758278932,0.04783770936603928,1.1712138511857875,0.4084084084084084,0.09969788519637462,0.45933734939759036,1.0750263484175349,0.9467136205652005
93988900.txt,Human,8.629900239963922,396.1492443181872,0.014134578311375953,1.6732199383349238,0.36757105943152457,0.1423948220064725,0.4376212023270847,1.3452909336414838,0.9829037767111815
94047639.txt,Human,8.27502617238655,309.7641063176877,0.015528784899031776,0.6467597379907664,0.33657858136300417,0.24442896935933148,0.40681502086230875,0.8249995167514622,0.9595185979327159
94137171.txt,Human,7.3092963852247985,158.6052135999292,0.026726935810521005,0.5054406687513594,0.47884187082405344,0.026845637583892617,0.5523385300668151,0.6083413374153415,0.9717145345127528
94230796.txt,Human,8.204395325036035,294.9640509559649,0.041394787253487664,1.6554325740495959,0.41935483870967744,0.059245960502693,0.49372759856630827,0.9827757397596341,0.9734248728639503
94417768.txt,Human,7.927458427647282,243.44607452241067,0.03814295703271839,1.1941546919283157,0.47730829420970267,0.28728414442700156,0.5367762128325508,1.212164656996245,0.984943944707448
94492380.txt,Human,7.692035610269684,206.7918632813062,0.024539437135468536,1.9764306523744672,0.40405405405405403,0.06775067750677506,0.4905405405405405,0.6366575458211833,0.9617949983759616
94503308.txt,Human,7.546751454826452,186.98146481387326,0.015470921219806439,0.728729325314899,0.4467005076142132,0.050933786078098474,0.5194585448392555,0.7732869643149354,0.9783127748514271
95011061.txt,Human,7.358931088146537,164.15684384114581,0.007977425451587807,0.38831331791464446,0.45496535796766746,0.04408352668213457,0.5450346420323325,0.5189692008257714,0.9592717715220676
95085510.txt,Human,7.740098630503582,213.79712321175535,0.026018167338431326,0.7886757267594667,0.4244712990936556,0.07575757575757576,0.5090634441087614,0.9062333944515181,0.9538312255408419
95350373.txt,Human,7.300758108442956,157.66931533023376,0.02109467363694325,1.433038855735876,0.3474025974025974,0.2671009771986971,0.413961038961039,1.9668849748240116,0.9082481974049611
95382114.txt,Human,7.771296017004277,218.47070306932312,0.008254801383173034,0.8551425533483659,0.444947209653092,0.0453857791225416,0.5294117647058824,0.9267469733696413,0.9758596183997796
95429627.txt,Human,8.018725536603057,259.34442314877083,0.04663002264262269,1.3340877698845326,0.35699797160243407,0.1402439024390244,0.4208924949290061,1.0581352890799895,0.9834101892302493
95519832.txt,Human,7.449550812098178,174.7987202278923,0.0173193774438817,1.861470797310736,0.4920212765957447,0.053475935828877004,0.6170212765957447,1.2256634500596943,0.9387306088267257
95625660.txt,Human,7.945065425560648,246.43535291125383,0.045563553585926286,1.7125416152205564,0.45072463768115945,0.2238372093023256,0.518840579710145,0.9498492493987404,0.981490757723337
95714702.txt,Human,8.02158636311062,259.85920658461254,0.02987433828456819,2.462611257295087,0.3865638766519824,0.1357615894039735,0.4669603524229075,1.205164342335826,0.9842802988179504
95769832.txt,Human,7.007488417132157,128.6661209082022,0.021779937100772896,0.3564810981582661,0.4602739726027397,0.25068870523415976,0.536986301369863,0.4633333130830666,0.9762184723535615
95792386.txt,Human,7.942890944579136,246.06419661323162,0.024317649043734457,1.1989398672651426,0.3028953229398664,0.05427509293680297,0.36302895322939865,0.8467482238835973,0.9672667497594296
95970987.txt,Human,8.518276415225628,366.6542406632668,0.034657280198380574,0.9743156629517394,0.30306230200633577,0.07188160676532769,0.3996832101372756,0.9485069755539587,0.9718755850931636
96029688.txt,Human,7.609555189339591,195.30095441847314,0.011879498154336851,0.8584428942941901,0.25985844287158744,0.7689969604863222,0.29120323559150657,1.1473475833338478,0.984752776295269
96260484.txt,Human,7.569077974797103,189.89761484263687,0.02573914988977459,1.0887026463416003,0.3686502177068215,0.11208151382823872,0.432510885341074,0.6429811152743989,0.9889412021001552
96457008.txt,Human,6.69397970237971,103.53535591646306,0.011641310648681204,1.2764405108179668,0.5023923444976076,0.06763285024154589,0.6220095693779905,1.0040724292551821,0.9854187503289993
96493528.txt,Human,7.943043279519904,246.0901800350987,0.025383938866118613,0.4838564195522567,0.3434977578475336,0.05390835579514825,0.4295964125560538,0.5112274119201722,0.967138894046852
96547039.txt,Human,7.4831235291342955,178.91413106161104,0.01592132937833239,0.7142835806629256,0.33579881656804733,0.5519287833827893,0.39497041420118345,0.6984306818850408,0.9725841444182874
96761538.txt,Human,6.952960275574947,123.89380799513522,0.008402075651294577,0.6817852543572908,0.5328185328185329,0.054474708171206226,0.637065637065637,0.7226498782586009,0.9753524380362685
97123005.txt,Human,7.89990346125107,238.84046315495044,0.017560602676390504,0.6565622746767658,0.5194174757281553,0.03571428571428571,0.6003236245954693,0.817492425954827,0.9212757548424633
97169343.txt,Human,7.818571161895632,225.74827631009984,0.022299180313126835,0.4992945860920899,0.2393048128342246,0.4919678714859438,0.2947860962566845,1.8441756987094262,0.9938928585049643
97405769.txt,Human,7.550521924608297,187.47077822505332,0.02633831784516926,0.33432734836003325,0.3063157894736842,0.25949367088607594,0.3821052631578947,0.6978124442275669,0.9356376628124269
97449528.txt,Human,8.192134625208364,292.46792958920787,0.025574854989286792,0.41339783442623546,0.46559633027522934,0.06896551724137931,0.5447247706422018,0.6321038228552437,0.9439626802233141
98086373.txt,Human,7.556752321602563,188.2821368725821,0.022899291317480665,5.953466895225676,0.36877523553162855,0.17543859649122806,0.4414535666218035,1.9054753719600424,0.9553814123238651
98108571.txt,Human,6.390858148210744,83.91507762398605,0.016748022135128035,0.6374208808623989,0.4935897435897436,0.03896103896103896,0.6410256410256411,0.6164816906619934,0.9855083125614923
98300955.txt,Human,8.215712524003576,297.2869911204289,0.025703630890617488,3.6279611144912502,0.31940509915014165,0.1397163120567376,0.3902266288951841,1.2964024590132164,0.9845489213645953
98309114.txt,Human,8.079739978371254,270.54785226811833,0.05475130872212131,2.742168006503702,0.29805194805194807,0.217815344603381,0.3512987012987013,1.5388022245001378,0.952232396098198
98348532.txt,Human,7.600654152580676,194.09971003375514,0.021448781733355616,0.4752893958439155,0.26356589147286824,0.44854368932038835,0.32558139534883723,0.5729247415451622,0.9707764271990006
98379112.txt,Human,7.685187384857755,205.812583920564,0.02044677093260502,0.36288059671050993,0.5354330708661418,0.05533596837944664,0.6082677165354331,0.6688690384558957,0.9750793724150643
98389424.txt,Human,7.815685897486039,225.29725057867446,0.03387473726539904,0.9295964465726221,0.453781512605042,0.026981450252951095,0.5327731092436975,1.246726742554451,0.9808886949459262
98509238.txt,Human,7.423914085846626,171.71997835769918,0.019774666328209026,1.0388485688226718,0.35674931129476584,0.11740331491712708,0.4393939393939394,1.1179117605035556,0.9362276458140488
98513424.txt,Human,7.669237229948281,203.54969223976258,0.018068786634439088,1.717110893882076,0.34076433121019106,0.0847457627118644,0.4080338266384778,0.576797629831567,0.9780468865912377
98559931.txt,Human,7.89286379165232,237.67787338509612,0.012824615244153974,0.8803224670588161,0.42876165113182424,0.04005340453938585,0.507323568575233,0.63023956315029,0.9526004751993863
98965485.txt,Human,7.453687159771815,175.30060437312466,0.02814371233039103,1.7131181811991685,0.3445255474452555,0.14641288433382138,0.4072992700729927,0.9161564298410614,0.9757400529377992
99033098.txt,Human,8.078203197183857,270.25981392832057,0.016256787060324056,2.018471937750245,0.4539951573849879,0.04733009708737864,0.5460048426150121,1.3280448247826644,0.9512888320216019
99124477.txt,Human,8.482316842933317,357.62823756699026,0.035570044169168515,1.4896039670770573,0.30416156670746636,0.09620098039215687,0.3849449204406365,1.1388897750334608,0.9636776014965422
99244405.txt,Human,7.788786221281904,221.13540567657648,0.009732135684706131,0.4020007366935218,0.49333333333333335,0.03863298662704309,0.56,0.6428516994130151,0.9253096034434786
99416532.txt,Human,7.6489262374935265,200.7040943272484,0.020454969308136794,1.46464938446904,0.4072524407252441,0.13566433566433567,0.4769874476987448,1.0194687389804544,0.9376202585853746
99433371.txt,Human,6.414669757198,85.31158469099337,0.023791636673672702,0.4888553013235386,0.4895833333333333,0.09473684210526316,0.546875,0.7320775232173161,0.9841873892789187
99561379.txt,Human,8.389228442262231,335.28135393396747,0.05971399967403189,1.8098129905792544,0.36590742101396034,0.22369389256806477,0.4276267450404115,0.8085455941928684,0.9798129839892963
99680385.txt,Human,8.261201000964927,306.8098522316895,0.03836526747079288,2.7222517315397017,0.3739770867430442,0.12786885245901639,0.4328968903436989,1.1229517152659119,0.966479558168383
99714410.txt,Human,7.983224207436099,253.04044842898918,0.02239177057316247,1.098704303192122,0.3630769230769231,0.10996916752312436,0.4266666666666667,0.9876260367985007,0.9555215115842088
10138632_AI.txt,AI,7.397947195986174,168.65686070711627,0.02707415923708537,0.32610188549786695,0.5389908256880734,0.02304147465437788,0.6192660550458715,0.650943799197462,0.9661621594646629
10176815_AI.txt,AI,7.607691319476579,195.04880097533567,0.01723861216822052,0.30918817744964866,0.5210084033613446,0.04852320675105485,0.5945378151260504,0.8112147542319567,0.9766145316282384
10182582_AI.txt,AI,7.304976027992112,158.1309580059125,0.012313103869191041,0.5601449684141334,0.5052631578947369,0.037037037037037035,0.5947368421052631,0.8676270388470217,0.9683148369611249
10186968_AI.txt,AI,7.771186105495396,218.45405954503627,0.01892031432208617,0.42307578093458675,0.5448979591836735,0.0430327868852459,0.6326530612244898,0.6991389884566336,0.9390474814832764
10268614_AI.txt,AI,7.81540114400415,225.25278668026846,0.013903341873543893,0.7293834630988159,0.4520367936925099,0.077733860342556,0.5164257555847569,0.6525536235080394,0.9617308135551893
10395944_AI.txt,AI,7.446964878051017,174.48568588228267,0.011218297968840642,0.5962797232212499,0.45714285714285713,0.05077262693156733,0.5582417582417583,0.7533876431234794,0.9601141741920658
10464113_AI.txt,AI,7.598610042094969,193.82489082763286,0.012733225978070814,0.8011580598440639,0.44234404536862004,0.06261859582542695,0.5425330812854442,0.5884928643686843,0.968911572057747
10466208_AI.txt,AI,7.489892438509472,179.75554175077178,0.011043083870151418,0.8362033401703024,0.5011441647597255,0.034482758620689655,0.5949656750572082,0.8205735286716057,0.951857528237658
10466583_AI.txt,AI,6.7591998497141885,108.32330484017253,0.014547592931514954,0.36117993978056134,0.4864864864864865,0.1245136186770428,0.583011583011583,0.4953885124105231,0.9540337555693377
10480456_AI.txt,AI,7.685983822291049,205.92623378749377,0.03258906130874549,1.6492813788738565,0.42196531791907516,0.12028985507246377,0.48121387283236994,0.6187426076712053,0.961266877751228
10549585_AI.txt,AI,7.621566308432148,196.93371462643157,0.01686087327247504,0.4536627404797954,0.4553415061295972,0.04569420035149385,0.5288966725043783,0.9364282648737609,0.94971285111778
10553553_AI.txt,AI,7.652356761622509,201.18190805072143,0.01583369696648104,0.6699337667240903,0.4511400651465798,0.07026143790849673,0.509771986970684,0.8815800090121064,0.9923506305561297
10554045_AI.txt,AI,7.588221900769216,192.43426520990775,0.010165866326275315,0.4955689858114605,0.5135135135135135,0.013574660633484163,0.6058558558558559,0.6560717361673878,0.9466711827373478
10554236_AI.txt,AI,7.739005560144324,213.63519932390636,0.009023014746537427,0.3845949823702272,0.42686567164179107,0.05688622754491018,0.5059701492537313,0.48755410259746107,0.9549095418718574
10562768_AI.txt,AI,7.731976060178237,212.59679834500355,0.015659469038878045,0.5468985427791655,0.4853700516351119,0.06563039723661486,0.5611015490533563,0.8117009555537124,0.9484670739655272
10567764_AI.txt,AI,7.511004476507566,182.40538059191786,0.012431399301177178,2.7019409654844395,0.4750499001996008,0.0841683366733467,0.564870259481038,0.9753684163984939,0.9550540841699058
10624813_AI.txt,AI,7.82887724628765,227.36671309986252,0.04796760537894598,1.2824100907658866,0.45335276967930027,0.10526315789473684,0.532069970845481,0.7200398915700088,0.9521433055314146
10659182_AI.txt,AI,7.757990226315522,216.4650390992248,0.006695764716416991,0.5869052062287397,0.5334645669291339,0.02766798418972332,0.6161417322834646,0.8150202330627595,0.9619396163517104
10738095_AI.txt,AI,7.7805301724648395,219.8735376707374,0.012608003428242054,0.6263499443158432,0.41812865497076024,0.20087976539589442,0.4956140350877193,0.9971948012905056,0.9574818535761853
10748989_AI.txt,AI,7.307775799750014,158.43813343049675,0.009925415014603835,0.6297327387026214,0.36476043276661513,0.31007751937984496,0.41576506955177744,1.057970257686876,0.9715794432151721
10751444_AI.txt,AI,7.678705744820923,204.88999746202143,0.011922996046182065,0.7450102003558962,0.45058139534883723,0.09766763848396501,0.5101744186046512,0.7129641045079763,0.9621742768093225
10820510_AI.txt,AI,7.258762560019014,153.1458603429119,0.017650544351048958,1.3194191243303415,0.467005076142132,0.07397959183673469,0.5558375634517766,0.9479078731494784,0.9672849665753959
10830646_AI.txt,AI,7.762739562546464,217.1788138554423,0.03925237440381356,2.2544833827825763,0.44838212634822805,0.08500772797527048,0.5161787365177196,0.7129771299178304,0.9684918628169359
10840430_AI.txt,AI,7.746849426972806,214.7998874220432,0.021349784891147718,2.2843504777433243,0.46955128205128205,0.04823151125401929,0.530448717948718,0.9340632219728877,0.9641441236354942
10926726_AI.txt,AI,7.766254916965535,217.7086496026838,0.009614538569079033,1.0475599434632372,0.45709828393135726,0.057902973395931145,0.5241809672386896,0.8081463894876884,0.9650444817582602
10945968_AI.txt,AI,7.619371220292337,196.63430404455428,0.02322004589168971,1.692160398911385,0.462406015037594,0.062146892655367235,0.551594746716698,0.6369207638495488,0.9917419901989681
10953078_AI.txt,AI,7.52943343657602,184.750369121287,0.0225510994111321,0.6712547783598962,0.45611015490533563,0.07081174438687392,0.5094664371772806,0.7304896562779312,0.9169869766998174
10969918_AI.txt,AI,7.595360178847535,193.38876577566174,0.0071471885487000945,1.0462001195355923,0.5170340681362725,0.03822937625754527,0.5951903807615231,0.9000028089212329,0.9663458752084986
10984392_AI.txt,AI,7.875833768091689,234.8887436847569,0.01279416101844929,0.6891229182472469,0.5088652482269503,0.021352313167259787,0.599290780141844,0.5705549236306978,0.9712797514508824
11121498_AI.txt,AI,7.624695761977071,197.36136135858249,0.01584138615932279,0.20775320091419383,0.46116504854368934,0.048701298701298704,0.529126213592233,0.3393854311223104,0.9658295982720312
11152490_AI.txt,AI,7.8954084170190875,238.09745951827404,0.05568858689619041,0.35752561784270215,0.3853711790393013,0.0711159737417943,0.4596069868995633,0.8968249300768847,0.9778819580147678
11174187_AI.txt,AI,7.5465895412414525,186.9604810718972,0.02068406465999515,1.4092578992025167,0.46458333333333335,0.07112970711297072,0.5479166666666667,0.8851613193890662,0.984230502933906
11188218_AI.txt,AI,7.869074356697291,233.7908013020362,0.01954288408329302,0.6573136620041499,0.48811410459587956,0.04451510333863275,0.5625990491283677,0.6202284082028764,0.9563505444957479
11232471_AI.txt,AI,6.922148251237417,121.27583069195255,0.013998496341199818,0.27667467043498606,0.49825783972125437,0.06315789473684211,0.5853658536585366,0.4626195393032304,0.9677962416938714
11262933_AI.txt,AI,7.6340035274812434,198.63878437824619,0.011671346495502699,0.2918919643736668,0.4459234608985025,0.08514190317195326,0.5141430948419301,0.6223940414379254,0.9283748228295369
11289482_AI.txt,AI,7.615111589530255,196.0545874656391,0.01891703935247822,0.4817916107973606,0.4369287020109689,0.05871559633027523,0.5319926873857403,0.49806029980727934,0.9813889543181329
11333001_AI.txt,AI,7.912405018479499,240.9191090389904,0.01226873305441212,0.30810795385148326,0.5166666666666667,0.026755852842809364,0.5966666666666667,0.69051749754399,0.9582152507844902
11336022_AI.txt,AI,7.280864754473778,155.51013037474496,0.009009780760775441,1.2024260600431775,0.5184135977337111,0.03418803418803419,0.6090651558073654,0.8502376293738622,0.9721636952593183
11393213_AI.txt,AI,7.4817874865503935,178.74852000563502,0.009499457277884867,0.3018317721083248,0.6076294277929155,0.010958904109589041,0.6948228882833788,0.6647507407722427,0.970643004852001
11441764_AI.txt,AI,7.89674805355247,238.31865123346958,0.021995315869070407,0.2731369327174617,0.4821150855365474,0.0405616224648986,0.5645412130637636,0.4527433688421718,0.9787020293834606
11480899_AI.txt,AI,7.524436400539789,184.11155965169544,0.021521803912819586,1.0087544262957597,0.417910447761194,0.048252911813643926,0.5107794361525705,0.6331002326962669,0.964534363394648
11522068_AI.txt,AI,7.009295652978496,128.8273994341973,0.006881722433621377,0.5306703482659014,0.6036036036036037,0.02727272727272727,0.7162162162162162,0.5755262751540154,0.9630039883627604
11580408_AI.txt,AI,7.5245964712315,184.13198843176636,0.06530949819680675,0.7988413933163414,0.44565217391304346,0.08363636363636363,0.519927536231884,1.4810613591897335,0.980486761173668
11584809_AI.txt,AI,7.592758320456409,193.04030909216,0.025339470290632302,0.5289351695893872,0.4475873544093178,0.048414023372287146,0.5224625623960066,0.9318761579572861,0.9504455332404826
11592605_AI.txt,AI,7.578728282273476,191.17211369174638,0.0074187884996589175,0.9904707887936375,0.4979508196721312,0.04938271604938271,0.5676229508196722,0.7413372115469699,0.9743775693379263
11698189_AI.txt,AI,7.6494458208304374,200.77639046809162,0.019335577966825432,0.3401944927348422,0.5283018867924528,0.06736842105263158,0.6121593291404612,0.4719212920275959,0.9475699054063601
11704150_AI.txt,AI,7.718707486570938,210.6504936501246,0.011123328155066755,0.5089735737040458,0.5045871559633027,0.09023941068139964,0.5853211009174312,0.8841094289548123,0.96175608183707
11722421_AI.txt,AI,7.63602964362587,198.9179480125141,0.019813071170217512,0.9215515174695336,0.4301587301587302,0.06687898089171974,0.5111111111111111,1.1213902242241203,0.949481740272721
11807040_AI.txt,AI,7.706798512284506,208.91880004332396,0.015918193001193476,1.2194422259010613,0.4717607973421927,0.07333333333333333,0.5382059800664452,1.1156969088967734,0.9511872275189035
11813872_AI.txt,AI,7.906655136013986,239.9608332392736,0.012211807090147955,1.6606622636332038,0.4103225806451613,0.062095730918499355,0.49290322580645163,0.6549483609170262,0.9568075535473288
11887930_AI.txt,AI,7.563846630333367,189.21027561479136,0.04677252084720461,1.2822596991565975,0.4662698412698413,0.10956175298804781,0.5436507936507936,0.8348616443067407,0.9826176114320541
11919526_AI.txt,AI,7.859610299810833,232.26215672903274,0.09879242926613606,1.9585315514186759,0.4389027431421446,0.1739674593241552,0.49063670411985016,2.443672847020505,0.9963507288360434
11958994_AI.txt,AI,7.751409810594992,215.47994780348546,0.008972867562753967,0.2430420473021489,0.49566724436741766,0.04173913043478261,0.5736568457538995,0.522961210011269,0.9448268301025884
11995013_AI.txt,AI,7.46998531783824,177.29220762412174,0.007993508902251204,0.4328130541187805,0.4726166328600406,0.06517311608961303,0.5415821501014199,0.8895717359398609,0.9460739963094088
12021752_AI.txt,AI,7.650200937555917,200.88150574881072,0.008802234586208766,0.7103756068737036,0.458128078817734,0.11367380560131796,0.5303776683087028,0.5049243414744583,0.9721112995331328
12022566_AI.txt,AI,7.75303622789473,215.72300536193467,0.01048112214859484,0.34674831324195615,0.47420965058236275,0.02003338898163606,0.5374376039933444,0.7469376425592548,0.9605111663335953
12059198_AI.txt,AI,7.260381761888589,153.31783935765802,0.015009248489563653,0.3410342127265911,0.4418052256532066,0.07159904534606205,0.5344418052256532,0.7423269220090449,0.9530157461271097
12059610_AI.txt,AI,7.337617230105019,161.7494762049108,0.01023903729943842,0.2695721240771857,0.4671201814058957,0.06150341685649203,0.5668934240362812,0.6831198774561176,0.9558125186109442
12065211_AI.txt,AI,7.649311135074102,200.75764745102305,0.013784253148735392,0.6622788582159492,0.5053763440860215,0.02877697841726619,0.5627240143369175,0.5676532279274239,0.9630217932001117
12071138_AI.txt,AI,7.293390750905916,156.86620361063916,0.010983231733199574,0.27725419205920876,0.3333333333333333,0.13761467889908258,0.39215686274509803,0.4694353838619175,0.992868977650001
12082377_AI.txt,AI,7.254016065222659,152.642835412888,0.015559009194839952,0.3632571774010808,0.45617977528089887,0.11286681715575621,0.5348314606741573,0.6076771812579758,0.9633390109292491
12085736_AI.txt,AI,7.681952554533875,205.35162513973012,0.012637468287624146,0.27053351979549367,0.43843843843843844,0.046686746987951805,0.512012012012012,0.43426253665969494,0.9857789737598733
12144825_AI.txt,AI,7.660269097607795,202.28830399211665,0.020554104885177008,1.88091602102333,0.508,0.03815261044176707,0.562,0.9728622473818955,0.9527939477266604
12155206_AI.txt,AI,7.650426720541076,200.91294633329153,0.03552362833620221,0.41622815853858985,0.464041095890411,0.0859106529209622,0.5325342465753424,0.7988728832589809,0.9771651907755405
12191094_AI.txt,AI,7.472010596931129,177.54126812599776,0.012844046726886585,0.5240162276937372,0.47415730337078654,0.09480812641083522,0.5573033707865168,0.7819848658824967,0.9782666374427518
12212468_AI.txt,AI,7.4916937197349975,179.98011623960943,0.011531929731744831,1.328925119859944,0.38971807628524047,0.13477537437603992,0.47761194029850745,0.7012715878436736,0.955089542617243
12254068_AI.txt,AI,7.461330522873421,176.2318072618912,0.014043520651719437,0.41030489095335904,0.43159922928709055,0.13539651837524178,0.5163776493256262,0.5314257726257977,0.9603846075022257
12351749_AI.txt,AI,7.415330725695895,170.70135803233885,0.015095009081075302,0.3934099732390596,0.5084745762711864,0.0705596107055961,0.6004842615012107,0.6556194418758552,0.9702567280105618
12545844_AI.txt,AI,7.271410712418158,154.49439757132058,0.012970361550497517,0.6510371875754454,0.5097493036211699,0.07282913165266107,0.5877437325905293,0.6067527606552373,0.9875283718569531
12547982_AI.txt,AI,7.558755499124786,188.54374760766967,0.011038858692965127,2.456309119622434,0.38814814814814813,0.1411589895988113,0.4562962962962963,0.8381027048521594,0.9596819819962545
12587973_AI.txt,AI,7.603719099596997,194.51250531210462,0.012991511923287222,0.40724180181348785,0.5123595505617977,0.033860045146726865,0.6089887640449438,0.8381363082510757,0.9553695240031113
12613221_AI.txt,AI,7.348909873392078,163.02053246731685,0.034508717555600414,0.9065967238864288,0.4627906976744186,0.11448598130841121,0.5511627906976744,1.215696594314195,0.9645976126690382
12632728_AI.txt,AI,3.521640636343318,11.484694984106929,0,2.9240773705026495,0.42857142857142855,0.0,0.8571428571428571,1.0101525445522108,1.0
12674256_AI.txt,AI,7.930302245379105,243.92642486246496,0.009846811326415076,1.4325129390263849,0.5109983079526227,0.03395585738539898,0.6040609137055838,0.8438243833288982,0.975301088286591
12674307_AI.txt,AI,7.483403164810427,178.94881311263603,0.013113117325679201,0.16092386965862168,0.49894736842105264,0.016913319238900635,0.5894736842105263,0.3725903719622757,0.962158387783799
12693146_AI.txt,AI,7.341558276285112,162.19193536382693,0.012243377247406439,0.7773233983033982,0.4484848484848485,0.08113590263691683,0.5212121212121212,0.6805946566278613,0.9621408637814842
12695537_AI.txt,AI,7.92817846941195,243.56760754700596,0.013212010792569432,0.5690679934860305,0.5423728813559322,0.027210884353741496,0.611864406779661,0.7416376947176603,0.9795825563186901
12696104_AI.txt,AI,6.51719181355276,91.59467444401481,0.013325048118160111,0.5773123558075168,0.4657534246575342,0.08755760368663594,0.5616438356164384,0.8479251299356936,0.9175578773633348
12717345_AI.txt,AI,7.511594521303392,182.47999744068986,0.010657611489630311,0.6010521300985631,0.41368078175895767,0.10947712418300654,0.48534201954397393,0.8978311460777247,0.9729127542547371
12780508_AI.txt,AI,7.546539152189511,186.95395121173473,0.015607590974604704,0.48258492574720957,0.44403669724770645,0.0570902394106814,0.5376146788990825,0.6923813260888748,0.976036128494608
12786012_AI.txt,AI,7.6124184686221765,195.68894803049065,0.016776515981632295,0.8374657968503425,0.4354561101549053,0.031088082901554404,0.5197934595524957,0.8127581135137044,0.982964965668599
12791244_AI.txt,AI,7.616433628301244,196.23432784890946,0.013484201320798101,0.4204625688945862,0.5050301810865191,0.046464646464646465,0.5774647887323944,0.8332566293634737,0.9545383974923504
12802330_AI.txt,AI,7.666862029358553,203.21485114801317,0.01238263861916326,0.2472392077025438,0.42569659442724456,0.034161490683229816,0.5139318885448917,0.5687375673469272,0.9599222844395928
12839152_AI.txt,AI,7.52286987735921,183.91175408676983,0.016715232549715422,0.33062543640087044,0.49706457925636005,0.0275049115913556,0.5694716242661448,0.8987777855121547,0.9396397733173224
12920612_AI.txt,AI,7.83141806696162,227.7674956891982,0.014499855074131342,1.3868987496044027,0.4340369393139842,0.041005291005291,0.503957783641161,0.7019942617652589,0.9583006210538105
12938200_AI.txt,AI,7.58282203542913,191.71534897793194,0.012469462651977582,0.6362582761608709,0.5250544662309368,0.0437636761487965,0.6100217864923747,0.5933782129634294,0.9559488439093775
12955994_AI.txt,AI,7.7386810457921875,213.5871504363948,0.02204877352816298,0.42091660984494145,0.4798136645962733,0.03894080996884735,0.5590062111801242,0.9823421751168023,0.954025169014247
13014900_AI.txt,AI,7.562225777811683,188.99781925276335,0.010611428073618836,0.6762263409756603,0.45330739299610895,0.068359375,0.5408560311284046,0.697676102689208,0.984895554945044
13037145_AI.txt,AI,7.285831932026874,156.04647221772282,0.016761614913739616,0.4809018469038405,0.5163043478260869,0.07103825136612021,0.6086956521739131,0.6690562850897878,0.977651722544221
13087952_AI.txt,AI,7.623368864909264,197.1799246641285,0.013596560113319616,1.9384161650548417,0.5403587443946188,0.04504504504504504,0.6188340807174888,0.7658408644214946,0.9580789075206935
13115648_AI.txt,AI,7.88476312105837,236.34706207086094,0.02152729939075444,0.3823680583647337,0.49300155520995337,0.0187207488299532,0.5769828926905132,0.9159352074107645,0.9439613694441144
13129275_AI.txt,AI,7.496985653199861,180.64151156797274,0.010579134910275038,0.5796100849492746,0.45083487940630795,0.06890130353817504,0.5213358070500927,0.9471803705667539,0.9742229922321465
13264796_AI.txt,AI,7.87999799775889,235.5677116276155,0.022729778977346005,0.34624346409846923,0.44398907103825136,0.03561643835616438,0.5204918032786885,0.7814135354784529,0.9755956981991352
13294301_AI.txt,AI,7.517049877069316,183.17132708005798,0.007853596613320192,1.1220490614476613,0.5549738219895288,0.031578947368421054,0.6492146596858639,0.7889584274192575,0.9575479922612589
13296856_AI.txt,AI,7.494184183590521,180.29107667681285,0.016976952153950026,0.8784268254985039,0.42628774422735344,0.05525846702317291,0.5026642984014209,1.378270402093921,0.9712924340474194
13313917_AI.txt,AI,7.745815092869852,214.64594274354366,0.01619525565452256,0.38397949074296456,0.4777397260273973,0.07731958762886598,0.559931506849315,0.6687931039111891,0.9581693782961158
13342150_AI.txt,AI,7.68710032990748,206.0856626287983,0.009044743088381307,0.5060557447011526,0.506398537477148,0.04220183486238532,0.583180987202925,0.9833121241705347,0.9639830643521724
13348915_AI.txt,AI,7.578638604460057,191.16023081710134,0.018690631979471486,0.5237652085229747,0.49407114624505927,0.05952380952380952,0.5711462450592886,0.8485250994961762,0.9604068544575429
13385306_AI.txt,AI,7.410966537170701,170.18576239960007,0.019786915049178722,1.2555339563266916,0.416044776119403,0.0375234521575985,0.4897196261682243,0.9054617435905055,0.9840949444878796
13386301_AI.txt,AI,7.595314865788543,193.3826917969707,0.020442680149980224,0.44432725938488526,0.3531746031746032,0.15649867374005305,0.43915343915343913,1.0521385411836928,0.9534270654093545
13393401_AI.txt,AI,7.631168297463661,198.24879647754844,0.014537525993940318,1.880427467374108,0.4547169811320755,0.043560606060606064,0.5433962264150943,0.7353882573106245,0.9577392324586798
13405229_AI.txt,AI,7.477512803848998,178.2196748208422,0.03406193501653351,0.6913234840717996,0.5664160401002506,0.037783375314861464,0.6290726817042607,0.47394814477775976,0.9288098552966663
13518263_AI.txt,AI,7.2422817177402425,151.4063305401744,0.011358974340110038,1.647763644368523,0.48746518105849584,0.05042016806722689,0.5793871866295265,0.7898247392657596,0.9565910646634177
13520837_AI.txt,AI,7.746073871985438,214.684447671917,0.0077654184246853265,0.6386555158443218,0.5307692307692308,0.019305019305019305,0.6076923076923076,0.6473622705025501,0.9362209924930393
13565152_AI.txt,AI,7.582765931697086,191.7078936688567,0.013083559278764265,1.3229610388149418,0.4805447470817121,0.0859375,0.5622568093385214,0.7856757801506048,0.965588292425066
13569152_AI.txt,AI,7.632758222103534,198.46739734948852,0.0501797483292198,0.9629405849143479,0.45359019264448336,0.07557117750439367,0.542907180385289,0.6166556677698529,0.9729573055048888
13727873_AI.txt,AI,7.722334786550355,211.18078860228744,0.009043239635399776,0.6188232719643815,0.49452554744525545,0.0347985347985348,0.5857664233576643,0.8411301859724049,0.9669447531840153
13764840_AI.txt,AI,7.252688491755126,152.5024375020345,0.013305423893351395,0.46993760078406877,0.5257142857142857,0.034482758620689655,0.6171428571428571,0.6276968705868604,0.9634094503798494
13807808_AI.txt,AI,7.11585527155219,138.7030086337274,0.04998437831960935,2.585319395923384,0.4955223880597015,0.08108108108108109,0.591044776119403,0.8083678043059169,0.9434918871865752
13809698_AI.txt,AI,7.603993234168016,194.54946923523056,0.010138930714091807,0.9766273994722489,0.47058823529411764,0.05511811023622047,0.5647058823529412,0.8452185892819799,0.9744854007025406
13812481_AI.txt,AI,7.42792354181065,172.197876516268,0.011677351030216276,0.916918777605906,0.49887640449438203,0.03611738148984198,0.5797752808988764,0.7114996820956485,0.9312461400513292
13836471_AI.txt,AI,7.37478865757454,165.9711478675311,0.0182795088370701,1.309291699942231,0.36198347107438017,0.10945273631840796,0.4297520661157025,0.9785182345958612,0.992411241886302
13888506_AI.txt,AI,7.680660365344489,205.1677786977678,0.020949247788196176,0.7089195701461278,0.5216494845360825,0.041407867494824016,0.6103092783505155,0.8744789074353753,0.958497797187888
13907230_AI.txt,AI,7.192198562264005,146.2404457043334,0.01258960493872327,0.5615901285475947,0.5821428571428572,0.03597122302158273,0.6714285714285714,0.7136040703574842,0.9753158804782793
13909762_AI.txt,AI,7.613576122672504,195.84603668184457,0.021355480754606217,0.4527749484850243,0.5110663983903421,0.08080808080808081,0.5895372233400402,0.8344543333468825,0.9643135861053318
13915715_AI.txt,AI,7.200328301698482,147.06685237037058,0.039906462309227925,0.5548342883131833,0.4875,0.135678391959799,0.54,0.8294366867888738,0.9586756584858637
13982572_AI.txt,AI,7.609353535410004,195.2736579687646,0.006863173325733963,0.33087416450028245,0.4900398406374502,0.024,0.5717131474103586,0.6674140312961316,0.9631758156245837
13998435_AI.txt,AI,7.521465229588126,183.7327796606268,0.03169713451282547,0.6635797181940991,0.405103668261563,0.1712,0.47527910685805425,0.7026454217002343,0.9662015679140707
14062078_AI.txt,AI,7.438254362182771,173.43537288777563,0.031869954775738,0.3994507145826733,0.483739837398374,0.04081632653061224,0.5528455284552846,0.8551054810373855,0.98447091034648
14070138_AI.txt,AI,7.51169398208165,182.49257822019447,0.009277863232631252,1.3524758528813476,0.4508670520231214,0.03288201160541586,0.535645472061657,0.5978930927397825,0.9695220839043351
14128006_AI.txt,AI,7.61282175096177,195.74365739435726,0.023021212125830158,2.153223818065807,0.4367816091954023,0.05271828665568369,0.5073891625615764,0.9672082492715018,0.9838065466710576
14241621_AI.txt,AI,7.615408095710684,196.0948852203963,0.011321140304382301,0.5431521331282796,0.40029761904761907,0.10597014925373134,0.4880952380952381,0.4604739601710072,0.9535903297752171
14248724_AI.txt,AI,7.037828520630711,131.40064258555083,0.03100064029137064,0.32229054467422474,0.4778761061946903,0.08902077151335312,0.584070796460177,0.5667050684580162,0.9788658660691808
14256329_AI.txt,AI,7.546591391419388,186.9607208387009,0.017213483463445516,0.5416597301418319,0.449901768172888,0.03747534516765286,0.5520628683693517,0.943486980533653,0.9902179587051321
14267489_AI.txt,AI,7.5216876166571796,183.76110369486003,0.008378169198521237,0.7281373578717572,0.5288683602771362,0.060324825986078884,0.6027713625866051,1.0423264095900069,0.9467529466251975
14278888_AI.txt,AI,7.724096793231349,211.43886759475282,0.02022857200381827,1.400041152086751,0.4974182444061962,0.04145077720207254,0.5662650602409639,0.7406451071323151,0.9863558739861782
14364597_AI.txt,AI,7.501106100632407,181.15817501174837,0.018988802849715408,0.41760797721009446,0.45590994371482174,0.10357815442561205,0.5196998123827392,0.5886119674610805,0.9771732329888205
14381464_AI.txt,AI,6.530626648779005,92.45161706242429,0.0072507801704159176,0.30011595071571345,0.5882352941176471,0.023809523809523808,0.6764705882352942,0.41686846324449606,0.8936203204185983
14391434_AI.txt,AI,7.808204242635597,224.13190855649069,0.015501983273726481,0.4640675699153716,0.5152603231597845,0.03963963963963964,0.5834829443447038,0.8296877222165832,0.9783617598330014
14408510_AI.txt,AI,7.729372356278779,212.21346028832312,0.016539336893236018,0.2965987631661493,0.45077720207253885,0.07279029462738301,0.5371329879101899,0.48939319161444644,0.9833442810443438
14445309_AI.txt,AI,7.4599313600336945,176.06097596408097,0.020093843266345036,2.0885628458172403,0.4499054820415879,0.06072106261859583,0.5160680529300568,0.900568865881678,0.990153182824725
14449423_AI.txt,AI,7.704609404788272,208.602032541124,0.015276750165046303,0.5182010522453714,0.49295774647887325,0.037102473498233215,0.5669014084507042,0.7884365537562809,0.9547317787777844
14517953_AI.txt,AI,7.574746564892332,190.64522210542444,0.03401351808912888,0.5935924501046222,0.49122807017543857,0.09197651663405088,0.5633528265107213,0.861707862209369,0.9622892715969887
14528265_AI.txt,AI,7.205120976418983,147.55622511962085,0.034694289020108245,0.8632158661114636,0.5692771084337349,0.048484848484848485,0.6355421686746988,1.4666422190016513,0.9851527977368805
14536764_AI.txt,AI,7.600228647447101,194.0424711562463,0.009177332580379779,1.3660124441752024,0.47775628626692457,0.06990291262135923,0.5705996131528046,0.5738204420416695,0.9559102621155945
14554542_AI.txt,AI,7.4646985357934454,176.64370607439776,0.02167093418262954,0.9221575097377873,0.41228070175438597,0.10915492957746478,0.4807017543859649,0.5186453735399638,0.9618775429261807
14589288_AI.txt,AI,7.2188775266875425,148.9699495050658,0.011520917078710172,0.24270888436257756,0.49066666666666664,0.03753351206434316,0.5786666666666667,0.5499353766748586,0.9751051689688306
14667957_AI.txt,AI,7.354486675422033,163.65191513961406,0.014977510660831524,0.4152646920143649,0.43042671614100186,0.08193668528864059,0.4842300556586271,0.7035375829307248,0.9800199681796236
14708590_AI.txt,AI,7.5093984440244625,182.20243682303644,0.016679907283638565,0.3834786223357995,0.433392539964476,0.1140819964349376,0.5062166962699822,0.5231249630599318,0.9666181911354857
14726000_AI.txt,AI,7.6243213535278125,197.3101487519506,0.015856980736757263,1.4038906287577844,0.4708097928436911,0.06049149338374291,0.5649717514124294,0.9982238611378652,0.9554666117127826
14743911_AI.txt,AI,7.531002839041649,184.95145489495965,0.033342318742565706,0.40290878803284,0.37791601866251945,0.22464898595943839,0.4432348367029549,0.6870295280673671,0.9856896518528869
14771530_AI.txt,AI,7.389967215416447,167.72654414172365,0.008214667258938822,0.4551475568969869,0.5273224043715847,0.04120879120879121,0.6338797814207651,0.7202367728047498,0.9537841031250152
14825300_AI.txt,AI,7.750426967256119,215.3332009840926,0.014313852613215591,2.1365227074274733,0.4056737588652482,0.11095305832147938,0.48936170212765956,1.240343570713581,0.9727279006924224
14874322_AI.txt,AI,7.081310391410734,135.4212556767611,0.004657979275478618,0.25062277751025214,0.3493282149712092,0.3930635838150289,0.40307101727447214,0.5612857171527843,0.9580386668609489
14886205_AI.txt,AI,7.776068146020594,219.1945543028098,0.010374116563611601,0.3311566083644536,0.5522388059701493,0.008565310492505354,0.6311300639658849,0.54211200983305,0.9669941524349307
14910300_AI.txt,AI,7.607435975042588,195.0142820943232,0.016466416275163327,1.076152029139185,0.4758220502901354,0.06601941747572816,0.5415860735009671,1.1746454965960378,0.9238139232171515
14937492_AI.txt,AI,7.956680734770923,248.4274417328003,0.013400277517897954,0.8569409818677063,0.4574175824175824,0.03856749311294766,0.5315934065934066,0.6363638551948204,0.9530446382967456
14945250_AI.txt,AI,7.792862171748878,221.76104822617174,0.01301279073808543,1.334206863482459,0.43434343434343436,0.059334298118668596,0.5093795093795094,0.5722299805842699,0.9621456495966285
14990354_AI.txt,AI,7.661303486078809,202.4333933657948,0.01687234914864935,1.0944604362827604,0.444253859348199,0.029259896729776247,0.5283018867924528,0.6691165240147945,0.9548176028848737
15119529_AI.txt,AI,7.7862272812090865,220.74352057154348,0.007341484477930134,0.67912611348203,0.499151103565365,0.05110732538330494,0.5840407470288624,0.5522278920664263,0.9709520193402074
15139979_AI.txt,AI,7.45417277478448,175.3596209578259,0.0683337131578701,0.3516116154368099,0.44696969696969696,0.06273764258555133,0.5170454545454546,0.833734482439133,0.9642258265623292
15180322_AI.txt,AI,7.436758644374415,173.25565649397822,0.011371896010002307,0.7023119031926185,0.5737704918032787,0.04945054945054945,0.6584699453551912,0.7051527404689601,0.9361306974649003
15224503_AI.txt,AI,7.625787420385053,197.51075725847156,0.01741636672924448,0.36610055892408655,0.4881422924901186,0.06349206349206349,0.5612648221343873,0.6385338017812516,0.9824176080295844
15297298_AI.txt,AI,7.800165152821161,222.88645771802447,0.00844293908221058,1.3089750296791427,0.49023090586145646,0.0374331550802139,0.5808170515097691,0.5688842631798834,0.9785888292118287
15306049_AI.txt,AI,7.389584222452262,167.68202360301717,0.007533947051886696,1.8959946418305174,0.5761194029850746,0.03003003003003003,0.6716417910447762,0.7359088547698351,0.9535212598376412
15313140_AI.txt,AI,7.726014333708894,211.72008582839578,0.009591785379060335,0.2807034347430036,0.48845470692717585,0.0392156862745098,0.5612788632326821,0.6444169924521608,0.9693111636718504
15353911_AI.txt,AI,7.115405979173134,138.65981967124677,0.007420399727011066,0.9734140631045387,0.5846153846153846,0.03875968992248062,0.676923076923077,0.722913238428968,0.9808256227649297
15354126_AI.txt,AI,7.383563964936868,166.98375709462934,0.011926974611217191,0.5008410988849828,0.47547974413646055,0.06852248394004283,0.5458422174840085,0.7256420130407708,0.9689086990157469
15363277_AI.txt,AI,7.71928487833597,210.73481653121198,0.020949933254894186,0.9472269730744077,0.4299835255354201,0.0628099173553719,0.5255354200988468,0.536385275912583,0.9823681310648771
15425154_AI.txt,AI,7.733367564283962,212.8019505230291,0.011361655580405533,1.2050481113415994,0.4308823529411765,0.08702064896755163,0.5058823529411764,0.8191895209198068,0.9478836473820317
15433732_AI.txt,AI,7.33645644030555,161.61938521377544,0.015069802125600506,2.1798947133160422,0.38016528925619836,0.07960199004975124,0.4462809917355372,0.7427790425427782,0.9473599837280996
15564893_AI.txt,AI,7.633973710393065,198.6346790276513,0.01995637985902237,0.9695943497202131,0.5075187969924813,0.04716981132075472,0.5695488721804511,1.1336316405596825,0.9412807347894554
15603319_AI.txt,AI,7.65635860323174,201.74073424602375,0.030228871329526952,0.5557375329242062,0.48312611012433393,0.0766488413547237,0.5470692717584369,0.7728469963105359,0.9678428553795192
15618327_AI.txt,AI,7.497982660551691,180.76639115495107,0.04438987240757394,0.5161898399726111,0.4775510204081633,0.13319672131147542,0.5387755102040817,0.8965878741919464,0.9775471740785443
15620421_AI.txt,AI,7.760965059308218,216.91184988538788,0.011998006751351865,0.3262471658751932,0.47974068071312803,0.022764227642276424,0.5640194489465153,0.8072775228078312,0.9697737549006811
15636923_AI.txt,AI,7.728449647538818,212.07777769112434,0.01799864483566943,0.4069383371952126,0.47603305785123967,0.03648424543946932,0.5586776859504132,0.7722242493579713,0.9726668541346056
15651486_AI.txt,AI,7.602879049387647,194.39927784324655,0.043574274306028865,1.6029250950087222,0.44990892531876137,0.08043875685557587,0.5373406193078324,0.6850641030116699,0.9697689281292905
15680735_AI.txt,AI,7.598604313165145,193.8241211521564,0.03524701755082532,1.1192656770849039,0.36363636363636365,0.10814094775212636,0.43272727272727274,0.6860201099710914,0.9263028812111093
15684810_AI.txt,AI,7.609146901189235,195.2456913302816,0.014667290523944552,2.0485557925415576,0.4959839357429719,0.15120967741935484,0.572289156626506,0.7032926600985189,0.9838156192796618
15699744_AI.txt,AI,7.863039752437784,232.81492742267358,0.011188154400011432,1.84617610510996,0.4688,0.0738362760834671,0.5392,0.6942236547097922,0.9638866452895378
15717923_AI.txt,AI,7.781378006073053,220.0027894919203,0.011365985441514622,1.4018550225191382,0.5028571428571429,0.02676864244741874,0.5885714285714285,0.6834329397171159,0.9659824905611267
15721849_AI.txt,AI,7.39907298494929,168.7885213341762,0.06390574934090135,0.521653176331952,0.4555084745762712,0.07659574468085106,0.5338983050847458,0.8183248091472999,0.9627012804668608
15727656_AI.txt,AI,7.6075592860117744,195.03095119428926,0.013301324582860706,0.43407601823573483,0.4793536804308797,0.05045045045045045,0.5529622980251346,0.6435672008768193,0.9529095669005105
15746146_AI.txt,AI,7.311794479065398,158.88008384117165,0.014915665095373083,0.3388023438500995,0.45588235294117646,0.06751054852320675,0.5378151260504201,0.532054492315512,0.9478212498963114
15765660_AI.txt,AI,7.87250085509623,234.3467302068621,0.03609610916567754,0.5159627156914943,0.46911764705882353,0.05014749262536873,0.5411764705882353,0.6597823009256428,0.9531000696712559
15790602_AI.txt,AI,7.8412018914067625,229.31738007747404,0.00971152530999047,0.6577809272509818,0.3979591836734694,0.0639386189258312,0.49107142857142855,0.5175327937004839,0.9509099444801908
15791766_AI.txt,AI,7.673352045406446,204.13107983664975,0.016948633512384393,0.2550136620769812,0.4904580152671756,0.022988505747126436,0.5763358778625954,0.5567715677495193,0.9579539378403655
15792052_AI.txt,AI,7.678636400774078,204.8801495317735,0.009590034747798001,0.3278313067209196,0.45691056910569106,0.10114192495921696,0.5317073170731708,0.6997762023027269,0.9714409989913648
15802627_AI.txt,AI,7.801768015001558,223.13422650928757,0.06166831224763775,0.4396069605327764,0.44753086419753085,0.10835913312693499,0.5246913580246914,0.9278609538831198,0.9825622254365898
15811992_AI.txt,AI,7.491038197392599,179.89835662695134,0.054373520651622514,1.2503912408009887,0.4166666666666667,0.0711743772241993,0.5177304964539007,0.7704227155632827,0.9535297154850334
15821633_AI.txt,AI,7.867215938054127,233.4898357816554,0.012729945150574004,0.3997373709249402,0.4619883040935672,0.04398826979472141,0.554093567251462,0.5073977413156454,0.9791061382087387
15891494_AI.txt,AI,7.588800228766031,192.51142110854192,0.013606976479475985,0.2661396857839309,0.49250936329588013,0.05827067669172932,0.5674157303370787,0.6690424002155133,0.98285761369821
15899269_AI.txt,AI,7.258634542738939,153.1322715759661,0.038742324336633646,1.1804766620860403,0.46954314720812185,0.1556122448979592,0.5482233502538071,1.3017640888152684,0.9778893958047075
15906625_AI.txt,AI,7.362080235289031,164.51556045224186,0.014931033490369639,0.6033658452405527,0.464818763326226,0.07708779443254818,0.5309168443496801,0.9836586062106222,0.9939794855843359
15917885_AI.txt,AI,7.159492147754257,142.9624197050766,0.014631905091056531,2.187932107362898,0.46236559139784944,0.05945945945945946,0.5564516129032258,0.6253831959496392,0.9886189885188023
15918496_AI.txt,AI,7.735005467926964,213.04368353683194,0.01019619935047461,0.36485529824944224,0.4866220735785953,0.07550335570469799,0.5585284280936454,0.6473668274001192,0.9376064630598031
15936656_AI.txt,AI,6.955837225475268,124.141117300605,0.03191961055947592,0.34778793453448487,0.4984126984126984,0.11182108626198083,0.5936507936507937,0.46639791037731043,0.9258703356634457
15941675_AI.txt,AI,7.364106978075248,164.7468394353535,0.05657379933120057,0.4982242371136731,0.4681724845995893,0.1134020618556701,0.5195071868583162,1.05700652586819,0.9454716943510122
15958967_AI.txt,AI,7.8502582598914605,230.76142382186057,0.013898252631008983,0.8225902372637887,0.42216687422166876,0.0773067331670823,0.4937810945273632,1.0114861442639094,0.9851194563178833
15973307_AI.txt,AI,7.276466948581497,155.03680647314664,0.01491537871808113,0.35031304653518336,0.5337423312883436,0.037037037037037035,0.6288343558282209,0.7887293860620087,0.9641664217459721
16203589_AI.txt,AI,7.87376365026526,234.55194438118426,0.01002922710170767,1.0799066473296657,0.5077720207253886,0.03466204506065858,0.6096718480138169,0.6606604447915272,0.9615235651353018
16223371_AI.txt,AI,7.37881923084561,166.43548314722574,0.005201733642043731,1.3139925640770809,0.4459770114942529,0.05542725173210162,0.5471264367816092,1.0311481186307079,0.9522869683971122
16248476_AI.txt,AI,6.969759116109351,125.34486776324508,0.021375211087955762,0.3242299347755589,0.5231316725978647,0.07885304659498207,0.6014234875444839,0.6753335191581925,0.9808873052659657
16270906_AI.txt,AI,8.006215383090128,257.105272011094,0.010965185222370515,0.2623242406371825,0.4507462686567164,0.03293413173652695,0.5537313432835821,0.635877897627981,0.9558058511877245
16276121_AI.txt,AI,7.528439306591473,184.62310548563784,0.014613521230679273,1.4714184045487013,0.5371702637889688,0.014457831325301205,0.6163069544364509,0.622010223097563,0.973736793181813
16300459_AI.txt,AI,7.883200903785572,236.09127299751538,0.01182518003424702,0.6282469821641226,0.4870967741935484,0.0744336569579288,0.5725806451612904,1.1163678719808978,0.9566623372213504
16332348_AI.txt,AI,7.89921323957109,238.7262231856849,0.018212872257723067,0.30204021453848867,0.4924698795180723,0.0513595166163142,0.5632530120481928,0.7392068385237851,0.9509636955550672
16378091_AI.txt,AI,7.459629824130078,176.02418152287285,0.006498702892495795,0.2603502922379635,0.509090909090909,0.033942558746736295,0.6181818181818182,0.4793773720855001,0.9761951498224011
16407619_AI.txt,AI,7.678502935802002,204.86119676776124,0.009778469205264826,1.0739899898991572,0.44293015332197616,0.03595890410958904,0.5358361774744027,0.7161294194928443,0.9643451883355805
16449850_AI.txt,AI,7.458286549889598,175.8603640153263,0.010083589652047023,0.31696431343291953,0.3708609271523179,0.23754152823920266,0.4552980132450331,0.631727072978321,0.9924208666622119
16605352_AI.txt,AI,7.758742720631579,216.5779744007416,0.008233890761166492,0.7112764519375123,0.538878842676311,0.025408348457350273,0.6094032549728752,0.8929563307356603,0.9659718447499562
16702198_AI.txt,AI,7.760849860596642,216.89453023895513,0.015144629394964481,0.48824206421773525,0.43681747269890797,0.028169014084507043,0.5241809672386896,1.0311181444078827,0.9686227173215127
16833515_AI.txt,AI,7.645292373446123,200.199196464781,0.012325986248382385,0.41936484076516345,0.5,0.07662835249042145,0.5916030534351145,0.8836386828731008,0.9402490472064756
16861758_AI.txt,AI,7.511890013600295,182.51737675822815,0.01517988344223965,0.40191062677574363,0.4892241379310345,0.03896103896103896,0.5883620689655172,0.6980501089588904,0.9896230139132122
16877897_AI.txt,AI,7.342688859332926,162.3190885851699,0.023573044995797904,2.030725266613283,0.48661800486618007,0.05867970660146699,0.5620437956204379,0.7338274709774658,0.9445543896869631
16887936_AI.txt,AI,8.124431175225988,279.05993031793304,0.013463833967593486,0.35201173136898123,0.4717887154861945,0.024067388688327317,0.5618247298919568,0.6129337609146889,0.9756138341640019
16893572_AI.txt,AI,7.692314272652281,206.8318098239298,0.012387406320097534,0.8286552469143729,0.42136498516320475,0.06547619047619048,0.49258160237388726,0.6853371168742092,0.9735860986226549
16985289_AI.txt,AI,7.647335253975535,200.4828827110287,0.012929214115890408,0.3997243838274144,0.4225352112676056,0.061224489795918366,0.5070422535211268,0.7193320179776249,0.9698744548571991
17021141_AI.txt,AI,7.695242016725481,207.25197170386815,0.032241550649898705,0.719892938099521,0.3740053050397878,0.07313829787234043,0.45490716180371354,0.6501542159144169,0.9657638517833621
17043822_AI.txt,AI,7.657740424404388,201.9340551878897,0.024553926385776755,0.36971336618596784,0.41192411924119243,0.15217391304347827,0.46747967479674796,0.9516368907461173,0.966118926651168
17095812_AI.txt,AI,7.573456938908347,190.47488036981406,0.01724629360886621,0.7072576710811206,0.4865424430641822,0.056133056133056136,0.5693581780538303,0.8004789648923458,0.962561293561869
17103000_AI.txt,AI,7.575282855462868,190.71610350264945,0.015149399288881576,0.413220205651873,0.42521008403361343,0.09612141652613827,0.49411764705882355,0.7378905737857787,0.9839768088965855
17108676_AI.txt,AI,7.470029478561411,177.29763460051555,0.019181192870651575,0.570014385608621,0.5717884130982368,0.035443037974683546,0.6397984886649875,0.727724330701862,0.9758128728406087
17111768_AI.txt,AI,7.930327936957,243.93076875384048,0.021183370881676575,0.5968470029153515,0.4574175824175824,0.048209366391184574,0.5343406593406593,0.8265005877582665,0.9583614845291967
17115815_AI.txt,AI,7.368813446730639,165.2851666182241,0.018148252109710272,5.612981091270943,0.4930555555555556,0.04186046511627907,0.5671296296296297,2.2796133638135583,0.9697471278839117
17131084_AI.txt,AI,7.815542559428952,225.2748674242002,0.018417973390192244,0.30206273729675326,0.48058252427184467,0.02922077922077922,0.56957928802589,0.6341800287931648,0.9874425372552721
17132168_AI.txt,AI,7.508306148544849,182.06453964397787,0.021250287260065562,0.6721171690435537,0.45528455284552843,0.02857142857142857,0.5528455284552846,0.668350046002101,0.9671964258021842
17150707_AI.txt,AI,7.2577855955040205,153.04218810507248,0.01789975617247811,0.39136295173259983,0.4254473161033797,0.05788423153692615,0.49304174950298213,0.6340712967926129,0.9564699245670696
17152392_AI.txt,AI,7.638363221959647,199.23996078738548,0.014125177938179453,1.0337701261426253,0.4233937397034596,0.024793388429752067,0.5189456342668863,0.7501116082288243,0.9223584022086523
17163375_AI.txt,AI,7.418815289143968,171.11415395464377,0.006871736605348436,0.4016377844280882,0.5666666666666667,0.012195121951219513,0.6909090909090909,0.651709848138827,0.9780489150469774
17254634_AI.txt,AI,7.462764614878822,176.40707526595702,0.01948476545997704,0.8577483412739011,0.46484375,0.03137254901960784,0.544921875,1.113067574953625,0.9575497190037391
17274759_AI.txt,AI,7.468030764826876,177.052176031661,0.019978773750579777,0.6600635217034888,0.4601941747572815,0.06237816764132553,0.5281553398058253,1.3701650128363028,0.9804527147735824
17276884_AI.txt,AI,7.740984459546331,213.92843707261414,0.028567070066325796,0.2905870145767223,0.4245562130177515,0.050445103857566766,0.5118343195266272,0.4837570686822211,0.9860806819740077
17286050_AI.txt,AI,7.17662964063958,144.67076887835532,0.016104472629149692,0.5349322005322807,0.5626911314984709,0.07384615384615385,0.6330275229357798,0.8004088896358525,0.9514392704102742
17306905_AI.txt,AI,7.730239876622646,212.34110670784153,0.013147780267962905,0.9897707130779394,0.4209770114942529,0.031654676258992806,0.5179340028694405,0.6075175523729511,0.9859581095651699
17307206_AI.txt,AI,7.792186546416927,221.6572201125464,0.008965053039758378,0.5389715360795144,0.47920133111480867,0.04340567612687813,0.5723793677204659,1.0265014747533885,0.9537915797886197
17311685_AI.txt,AI,7.059261522823629,133.3673327261927,0.014124963607972925,1.977896292010483,0.5314685314685315,0.07394366197183098,0.6083916083916084,0.997603640322674,0.965833866781195
17312146_AI.txt,AI,7.222139846262821,149.30719158118274,0.012146941822550545,0.6410142082916376,0.5013262599469496,0.064,0.5809018567639257,0.7242399438448832,0.9673562548377785
17325147_AI.txt,AI,7.787214440164312,220.89461522819573,0.019699817378339778,0.3807413322446808,0.5095057034220533,0.04580152671755725,0.5855513307984791,0.7462123705906935,0.9839220519459648
17342969_AI.txt,AI,7.665628629212108,203.0411913593533,0.02461476449485558,0.2334316735758775,0.3864306784660767,0.1301775147928994,0.4778761061946903,0.4203319111015521,0.9508038414019439
17378327_AI.txt,AI,7.316764449878389,159.42835705603665,0.00588130060099475,2.1030180774720257,0.5830388692579506,0.06761565836298933,0.6890459363957597,0.6953154804216383,0.9693525764694171
17392859_AI.txt,AI,7.727492548510163,211.93712972684958,0.023688985703959373,0.2715320889513393,0.40629095674967236,0.04730617608409987,0.49148099606815204,0.45229560394993945,0.9724493959646102
17396388_AI.txt,AI,7.670328328885957,203.703693502252,0.013053594026852057,0.28493886973051935,0.44227642276422763,0.048939641109298535,0.5349593495934959,0.5238134633365763,0.9377097097610134
17407184_AI.txt,AI,7.462334588730166,176.35450119565914,0.0581229127893023,0.8939430731765379,0.4354243542435424,0.07592592592592592,0.5129151291512916,0.9449763041531837,0.9839810018779156
17410700_AI.txt,AI,7.439647841085631,173.60297260969602,0.008231677262474106,0.3536199400682236,0.47520661157024796,0.058091286307053944,0.5475206611570248,0.6455445282200255,0.9429581425668259
17412079_AI.txt,AI,7.634288311119512,198.67799894387696,0.01025655886007358,0.40172499999269984,0.4706959706959707,0.003676470588235294,0.5421245421245421,0.8504845755596286,0.9696412488333932
17421910_AI.txt,AI,7.6223435003008495,197.03983304427112,0.013779766053902725,0.35763913291871785,0.5443037974683544,0.02754237288135593,0.6139240506329114,0.5761059268886759,0.9242272067885651
17422560_AI.txt,AI,7.641067919394751,199.61383693485283,0.011970620911730229,0.34919731407891175,0.4391080617495712,0.10327022375215146,0.5248713550600344,0.7783833153070598,0.9725698212002015
17431847_AI.txt,AI,7.774930299304858,219.02174475654815,0.03976767970616792,1.0936814024263075,0.4757785467128028,0.08680555555555555,0.5501730103806228,1.5321269199642036,0.9827370984701799
17432318_AI.txt,AI,7.668787218012713,203.48621000424578,0.015817370312168406,0.9080528589913169,0.5134615384615384,0.06563706563706563,0.5884615384615385,1.1062306729498816,0.9726921371369186
17481570_AI.txt,AI,6.967305130151597,125.1318406994203,0.02630658278911625,0.5039748332379093,0.45454545454545453,0.08849557522123894,0.533724340175953,0.7326700364857199,0.984321533187224
17483843_AI.txt,AI,7.4370664106243245,173.29262059942886,0.01604398489382099,1.0372672408375416,0.47568710359408034,0.12738853503184713,0.5560253699788583,0.6094251404361308,0.9537201122643892
17488801_AI.txt,AI,7.327943337061079,160.66850438322217,0.02188419406757862,0.49421766096170755,0.41308089500860584,0.0535405872193437,0.47160068846815834,0.5825973614618462,0.9668805004500666
17499196_AI.txt,AI,7.3329382661038744,161.22573832732067,0.01535711723951858,1.2354469684012803,0.3880070546737213,0.22831858407079647,0.4673721340388007,1.329175108057509,0.9609950123348238
17509935_AI.txt,AI,7.12095778159808,139.19444064408782,0.011501153556758162,0.5491922643394748,0.5104477611940299,0.036036036036036036,0.5940298507462687,0.6358567091806411,0.9556777808503509
17510973_AI.txt,AI,7.698687301409579,207.74749938005974,0.0076512819137337295,1.328018758749633,0.5038610038610039,0.01937984496124031,0.5791505791505791,0.9677873154591555,0.9586518656068841
17539842_AI.txt,AI,7.436189155426139,173.18727911175878,0.010654166340874979,0.3559896436341336,0.4347048300536673,0.12567324955116696,0.516994633273703,0.7194743802449451,0.9706678746127664
17545780_AI.txt,AI,7.717972739935549,210.5432392884391,0.010385210816354443,0.7298733070295381,0.4756756756756757,0.0433996383363472,0.5747747747747748,0.8107800794976917,0.969231151670122
17555081_AI.txt,AI,7.7115358315712115,209.60594580620966,0.016884193444264933,2.6354154502149254,0.47278911564625853,0.08020477815699659,0.5408163265306123,1.2376852746480353,0.9743252941086624
17556527_AI.txt,AI,7.5008746437520415,181.12911346962352,0.01479854725069747,0.7879549364489231,0.44669117647058826,0.06642066420664207,0.49816176470588236,0.9709579661132617,0.9908788798653516
17562754_AI.txt,AI,7.477862406974475,178.26286738988577,0.018987977862680316,2.446328927292335,0.43157894736842106,0.03873239436619718,0.5175438596491229,0.9807131080755672,0.9774487523335024
17570634_AI.txt,AI,7.6857322312093705,205.8903255149868,0.012616150183944706,0.4419127211595713,0.4469820554649266,0.04091653027823241,0.5089722675367048,0.8310820583240459,0.9835597568457699
17571262_AI.txt,AI,7.681369487005845,205.26864871782783,0.011978710844450596,0.26248663099533764,0.45571955719557194,0.053703703703703705,0.5553505535055351,0.42381419189005826,0.964063147897712
17576030_AI.txt,AI,7.22649356840132,149.75844692836353,0.048126455696326,0.8353311511877973,0.4538834951456311,0.15365853658536585,0.5266990291262136,1.4576955389541832,0.9808038644194449
17584743_AI.txt,AI,7.575858463313373,190.79221077812895,0.014818831775440723,0.41288769985742857,0.4684512428298279,0.036468330134357005,0.5506692160611855,0.6716361594500715,0.951126549018723
17597372_AI.txt,AI,7.726224581408877,211.75094259543755,0.008474181177862406,0.5265755259395422,0.543424317617866,0.02493765586034913,0.6699751861042184,0.8092508159864436,0.9607744576920431
17602815_AI.txt,AI,7.615149526391072,196.05974295115576,0.033490531831469966,1.328360951156598,0.4881889763779528,0.02766798418972332,0.5748031496062992,0.9971594599932236,0.9755138215956773
17624934_AI.txt,AI,7.783559243337708,220.33566734931105,0.017494878804090057,0.4497508862639636,0.4593698175787728,0.03993344425956739,0.5522388059701493,0.7374036196333682,0.9465257907491604
17640785_AI.txt,AI,8.056435722919552,266.21272486194005,0.032488221073464184,3.0585846192221617,0.5055555555555555,0.08217270194986072,0.5611111111111111,1.9400523588312915,0.998050944372015
17641670_AI.txt,AI,7.6782657721892384,204.82752254909096,0.014333586065191582,0.3393637863054225,0.4557823129251701,0.02218430034129693,0.54421768707483,0.6213945602773477,0.9406675242087809
17655479_AI.txt,AI,7.545180186643687,186.77793039703252,0.023624419560713865,0.32099357473452617,0.4491869918699187,0.08571428571428572,0.5548780487804879,0.48898010109036527,0.9541156934554225
17658471_AI.txt,AI,7.656678568691103,201.78548190472057,0.012068595439103354,0.6174280632789547,0.5069582504970179,0.059880239520958084,0.5924453280318092,1.0800691696765372,0.9970776689651558
17659053_AI.txt,AI,7.893408065155829,237.76755704648855,0.009192183709774919,0.5120748705487059,0.5279187817258884,0.03735144312393888,0.6023688663282571,0.7982969872339768,0.9430135140978488
17660419_AI.txt,AI,6.904364534427459,119.7900719762304,0.023083236777958357,3.8128291931403027,0.5607843137254902,0.04743083003952569,0.6274509803921569,1.301671359278647,0.9954840308855302
17681064_AI.txt,AI,7.435856208358038,173.14731533423722,0.021022318748455844,2.0181341820679046,0.4421906693711968,0.06109979633401222,0.5192697768762677,0.7726917696554279,0.9609051895291381
17686472_AI.txt,AI,7.659972625225429,202.24673821976222,0.008085245209096334,0.7486941806449977,0.5345622119815668,0.058004640371229696,0.6189376443418014,0.7235772585501012,0.9573463670414597
17688766_AI.txt,AI,7.503170977529398,181.41764575458828,0.02808402075300345,0.6644176457768408,0.5100222717149221,0.053691275167785234,0.5902004454342984,0.7676441688015971,0.9661765426101743
17694454_AI.txt,AI,7.567796758661082,189.72904707219422,0.021693615259125863,1.4863421221867628,0.534521158129176,0.035794183445190156,0.6146993318485523,0.9872491090059704,0.9503459817504072
17694572_AI.txt,AI,7.396956314245486,168.54106241211545,0.008265839299810694,4.1621630368204965,0.5838323353293413,0.04819277108433735,0.6856287425149701,1.7133563254758817,0.957513372253349
17704246_AI.txt,AI,7.499397523977551,180.94375726637492,0.01265650496338371,0.5493720881854519,0.49213483146067416,0.045146726862302484,0.5797752808988764,0.820422269016667,0.957588069162255
17714174_AI.txt,AI,7.698452584370478,207.713702971152,0.015873511298318797,1.0739182999304484,0.42484662576687116,0.06769230769230769,0.5138036809815951,0.5487322820075142,0.9505880136668717
17730889_AI.txt,AI,7.787230712447686,220.89710673190518,0.01940991225757268,0.4722535645705951,0.5073891625615764,0.03459637561779242,0.5878489326765188,1.0180753242263711,0.9644647866436074
17775916_AI.txt,AI,7.552890426793012,187.77880564401372,0.007648962164440208,0.2772194033610192,0.43309859154929575,0.10070671378091872,0.49295774647887325,0.6735100350953935,0.9628145788174032
17781039_AI.txt,AI,7.878461296208558,235.31692782835236,0.013315854713833921,0.5975890222081386,0.5928853754940712,0.01984126984126984,0.66600790513834,0.8261365039890787,0.9644671853490568
17812897_AI.txt,AI,7.6802155598935,205.10453201237135,0.013308423500672446,1.2600988423167023,0.44669117647058826,0.07564575645756458,0.5496323529411765,1.0010401039803252,0.9596825678616308
17818707_AI.txt,AI,7.628649278374102,197.90294599638523,0.02880944657781049,1.0149590470604564,0.48296593186372744,0.06237424547283702,0.5771543086172345,0.788996742127113,0.9447976406652746
17823436_AI.txt,AI,7.771914581911894,218.5643938919067,0.014159974764182575,1.2246908214006624,0.5685840707964602,0.008888888888888889,0.6438053097345132,0.7316085008472916,0.945526797902583
17847636_AI.txt,AI,7.517945901663294,183.28512589915363,0.011558204216417352,0.5549692831105699,0.4786150712830957,0.026584867075664622,0.5661914460285132,0.9547496490637515,0.9890322572601558
17855844_AI.txt,AI,7.871930252376199,234.25406166798567,0.013783906641616772,0.8033336361420921,0.4807073954983923,0.025806451612903226,0.572347266881029,0.7242690588423533,0.9487697919685645
17857644_AI.txt,AI,7.796601610054819,222.33659425601778,0.011578133414777174,1.562094338136344,0.5225933202357563,0.03155818540433925,0.6247544204322201,0.852387399675207,0.9586443965497096
17864043_AI.txt,AI,7.702221781378212,208.2570870269315,0.011651429689871184,0.8953685000198444,0.43962848297213625,0.055900621118012424,0.5263157894736842,0.5829417547927235,0.9784368130915039
17876954_AI.txt,AI,7.801828833483977,223.14363318962918,0.007626684269466501,0.2577246798100908,0.47153284671532847,0.04538799414348463,0.5474452554744526,0.6841724767241316,0.9598709083891284
17880988_AI.txt,AI,7.494521097062625,180.33318508093086,0.006001227814284665,0.3985781905049829,0.4534653465346535,0.03578528827037773,0.5504950495049505,1.081931344301015,0.9838350099299131
17911230_AI.txt,AI,7.719494842538605,210.7654882853758,0.012400553544940903,0.7380780173725204,0.46924428822495606,0.06878306878306878,0.5518453427065027,1.168630020224192,0.9730815576167294
17915015_AI.txt,AI,7.423749249836148,171.7003595066099,0.03512163531221992,2.9037535982280542,0.47925311203319504,0.08541666666666667,0.549792531120332,1.0474796921792595,0.9804379411676133
17926546_AI.txt,AI,7.726737369360428,211.82622020338408,0.012109826472723307,0.32230648427867975,0.4721254355400697,0.027972027972027972,0.5609756097560976,0.642019155818563,0.9737833286266244
17960690_AI.txt,AI,7.4282927395002,172.24194902760317,0.2022175196412056,1.8970008795320394,0.4398563734290844,0.16396396396396395,0.5062836624775583,1.3616575244517009,0.9850008402790035
17963031_AI.txt,AI,7.640475371986015,199.53186786202124,0.028548500985170998,0.3326994410421263,0.44711538461538464,0.04983922829581994,0.5192307692307693,0.7705519884390578,0.9637623140955582
17983430_AI.txt,AI,7.64872118952259,200.67557059790954,0.006101039713902976,0.504177490860898,0.5218295218295218,0.07933194154488518,0.5925155925155925,0.7294036595121993,0.9553286442708758
17983957_AI.txt,AI,7.5538555557972,187.90446727009513,0.01549440369168522,0.3390282018638922,0.4855371900826446,0.06016597510373444,0.5743801652892562,0.5948292924580775,0.9673537470726852
17987433_AI.txt,AI,7.625102537602684,197.41701630156632,0.01922137579253704,0.3997712171414841,0.481216457960644,0.07540394973070018,0.5402504472271914,0.8370672973354495,0.9574367192785616
18001081_AI.txt,AI,7.562867473667042,189.08190222920476,0.018169898387652303,0.6766204399798885,0.400974025974026,0.16612377850162866,0.47564935064935066,0.6983267002995162,0.9751334458047652
18024825_AI.txt,AI,7.5261560740491324,184.33114905655884,0.037498910568812896,2.542845591866282,0.4205128205128205,0.2607204116638079,0.48376068376068376,1.4513210392063665,0.9895893363399473
18029935_AI.txt,AI,7.449794382018329,174.82823395279476,0.03416428032814857,0.4543439831309492,0.44871794871794873,0.07352941176470588,0.5274725274725275,0.8199640304476353,0.9621010058191246
18036030_AI.txt,AI,7.846066235179321,230.0918758554155,0.007060451522065319,0.3318704884059888,0.563169164882227,0.008602150537634409,0.6680942184154176,0.6369480909309801,0.942700507986337
18062906_AI.txt,AI,7.606313210359455,194.86257299116528,0.01347903799418714,0.3202984469169732,0.5297619047619048,0.037848605577689244,0.5932539682539683,0.7228396618758306,0.9584121980385182
18067556_AI.txt,AI,7.9897779968552305,254.19256045392302,0.01884730536470795,0.4774628860140883,0.5036710719530103,0.036818851251840944,0.5756240822320118,0.7638731915344611,0.9281104150015534
18072085_AI.txt,AI,7.5453609795623136,186.8013381458275,0.025896232607628526,0.5820169638313658,0.475103734439834,0.08350730688935282,0.5550935550935551,0.7899922944125952,0.9808818793230335
18079050_AI.txt,AI,7.321325927911445,159.9332314805836,0.022016457991628574,2.2776807262367558,0.4195933456561922,0.07050092764378478,0.49168207024029575,0.8490974331064267,0.9764704676632389
18084150_AI.txt,AI,7.61421224407999,195.93240928498315,0.016484419606485515,0.6233004542811138,0.43833333333333335,0.09698996655518395,0.5133333333333333,0.6673290979719076,0.9776561743155235
18090899_AI.txt,AI,7.343196524589612,162.37621657101036,0.029138293495276295,2.3042143262695434,0.4279749478079332,0.09224318658280922,0.5365344467640919,0.7762267977035641,0.9816487453337983
18106533_AI.txt,AI,7.446139491638186,174.3858886827867,0.013410825742343814,1.0901711785660928,0.4435146443514644,0.11764705882352941,0.5188284518828452,0.7462915206341402,0.9914255810114039
18129173_AI.txt,AI,7.6890105339571395,206.35871160189575,0.021197851187406472,1.6480334878890386,0.4889705882352941,0.05350553505535055,0.5680147058823529,0.6238240034206856,0.9764723714174605
18132924_AI.txt,AI,7.841005566672416,229.2861762476017,0.040431234054704814,0.550286829407828,0.5032679738562091,0.054098360655737705,0.5702614379084967,0.7767952284422369,0.9778460109957706
18133495_AI.txt,AI,7.766591480693435,217.7594443861537,0.010602141242314438,1.6791887976784579,0.46880907372400754,0.08538899430740038,0.5652173913043478,0.8037059998210925,0.9742630171692105
18155310_AI.txt,AI,8.01495747819343,258.6679462427492,0.00833613933480758,0.4141384858741759,0.5147744945567652,0.0436817472698908,0.5987558320373251,0.765733093301888,0.9690433390014818
18159866_AI.txt,AI,7.718821956745,210.66720830890077,0.020520979538049457,1.079820549893329,0.38881664499349805,0.08604954367666232,0.459037711313394,0.671524932692833,0.9487497130467024
18171955_AI.txt,AI,7.506060760722294,181.78139766010793,0.013880312372982035,0.9873947966373486,0.4102112676056338,0.045936395759717315,0.5211267605633803,0.7036595438280597,0.9450337345534763
18172739_AI.txt,AI,7.33704423967757,161.68524745494173,0.01197842783298657,0.4545149135542764,0.5037220843672456,0.04987531172069826,0.5781637717121588,0.8870787366733375,0.9642125452285473
18176523_AI.txt,AI,7.638967211000339,199.3233907174787,0.0200156634329751,0.6597374424240768,0.4776386404293381,0.05045045045045045,0.5457809694793537,0.943876982423695,0.9837460055370434
18187364_AI.txt,AI,7.476403119177796,178.08264544442767,0.01941549985875861,0.9108703491171356,0.4223300970873786,0.07792207792207792,0.47896440129449835,0.6613699444772938,0.9782250159719598
18198627_AI.txt,AI,7.575804727085087,190.78510445103407,0.01735314819798295,0.3079675437838541,0.5543237250554324,0.017817371937639197,0.6385809312638581,0.7837807911213146,0.9668146619685104
18208580_AI.txt,AI,7.670491522184018,203.72673715103198,0.013956699128917692,0.4747380286632185,0.4979508196721312,0.037037037037037035,0.5860655737704918,0.820487781254201,0.9628905128271358
18227306_AI.txt,AI,7.709804668127171,209.35457977291952,0.019749693119142694,0.3470991687842756,0.46102819237147596,0.05324459234608985,0.5306799336650083,0.5551376039703197,0.9268809848486312
18236085_AI.txt,AI,7.538692568183165,185.93989916786347,0.022697771416232693,0.3280953605420685,0.39109697933227344,0.03987240829346093,0.4864864864864865,0.636879807187673,0.9646942480513809
18242317_AI.txt,AI,7.7637193505334485,217.3263581802699,0.03013176126718873,0.7014503343691569,0.4896907216494845,0.07758620689655173,0.5567010309278351,0.8195297927263226,0.9841849896394939
18264694_AI.txt,AI,7.592531121860835,193.00991109910493,0.02833182309533857,1.9706836174706863,0.4377952755905512,0.07424960505529225,0.5023622047244094,0.8845015959610107,0.98038704192481
18268860_AI.txt,AI,7.483971287772144,179.0192957488879,0.020149007437058213,1.8423391974573073,0.4409448818897638,0.04940711462450593,0.5334645669291339,0.6087871349875177,0.9935095617495857
18278509_AI.txt,AI,7.246166912306382,151.81461906976543,0.01803504676492629,0.6843377893047548,0.5317220543806647,0.09422492401215805,0.6163141993957704,1.1498265349460282,0.9752405247712845
18293620_AI.txt,AI,7.752212494251091,215.59986944494344,0.019863987759861066,0.7551441622066941,0.43032159264931086,0.08602150537634409,0.5130168453292496,0.681968180433015,0.9765693693078598
18297650_AI.txt,AI,7.673739738401875,204.18594300739332,0.011484744837528985,1.342182280138467,0.49335863377609107,0.022857142857142857,0.573055028462998,0.5692306850698602,0.9473512795741206
18301617_AI.txt,AI,7.555854662963987,188.1650223667513,0.010953773125844985,0.5579393387806271,0.5053763440860215,0.06047516198704104,0.567741935483871,1.0327619737794917,0.9571505844472464
18311419_AI.txt,AI,7.696059462573987,207.36943607777226,0.006373131138388087,0.25931081450936444,0.48616600790513836,0.04365079365079365,0.5948616600790514,0.5163336521548435,0.9534878389630539
18316239_AI.txt,AI,7.771087084467464,218.43906621478766,0.01584738567219183,0.25733866842085107,0.4697452229299363,0.02875399361022364,0.552547770700637,0.5062009351073982,0.963386289111549
18319061_AI.txt,AI,7.5553331110853605,188.09701070714675,0.018792214252620582,1.9189520303162388,0.4307692307692308,0.09262435677530018,0.5025641025641026,0.6272507140300045,0.957706277290789
18328743_AI.txt,AI,6.858602161702751,116.04995569747555,0.02221261465834483,0.45398068840125944,0.4876325088339223,0.03558718861209965,0.5936395759717314,0.6574107032751098,0.9644587193098141
18334783_AI.txt,AI,7.325180724567805,160.36113512060425,0.01215079768045668,0.9737974470641989,0.3794466403162055,0.05952380952380952,0.466403162055336,0.7186465311839961,0.9631733893664561
18354623_AI.txt,AI,7.688861060517472,206.3373324831482,0.022895804464035052,0.48571517898248995,0.45737704918032784,0.027960526315789474,0.5278688524590164,1.241040054732524,0.9634969340338285
18365443_AI.txt,AI,7.838078514334658,228.8214541433082,0.010791894520286043,0.2977709443365652,0.44976816074188564,0.046511627906976744,0.5378670788253478,0.657949091731815,0.9660265383047444
18365791_AI.txt,AI,7.163829472777235,143.39286931147976,0.005380024574562282,0.3083713700178326,0.6141732283464567,0.023809523809523808,0.7125984251968503,0.41801366771187004,0.9642729809367246
18368613_AI.txt,AI,7.237054757916838,150.85876998045177,0.016737388165913254,2.1902211673812753,0.514367816091954,0.023121387283236993,0.617816091954023,0.7674805610301219,0.9669351838991347
18369400_AI.txt,AI,7.399420788244721,168.82921758608515,0.024178349127025857,0.3683451007319431,0.42655935613682094,0.1111111111111111,0.5372233400402414,0.5437276469125513,0.9576367413563655
18422164_AI.txt,AI,7.591222053372425,192.83485775125618,0.017983241433327683,0.3610581475811454,0.44858156028368795,0.06405693950177936,0.5390070921985816,0.6710196510640197,0.9741861001808317
18436190_AI.txt,AI,7.51169412645944,182.49259648315072,0.0153803659056757,0.29278909653614665,0.48879837067209775,0.024539877300613498,0.5621181262729125,0.6798371892385174,0.9730597249618936
18442517_AI.txt,AI,7.930118374159047,243.8953384650871,0.023063527412356965,1.1961372338429737,0.4669479606188467,0.06205923836389281,0.540084388185654,0.5306549086484114,0.9698413891016495
18448085_AI.txt,AI,7.584402690495317,191.92551252375475,0.00890645365226608,1.5202651501941171,0.5091743119266054,0.03225806451612903,0.591743119266055,0.935482766008533,0.9620852592826538
18457785_AI.txt,AI,7.6144243031226715,195.96121113966316,0.008856524127571192,0.34287147666582707,0.4653130287648054,0.050933786078098474,0.5380710659898477,0.8499395925408888,0.9731449483892839
18460045_AI.txt,AI,7.010656644523363,128.94898835225763,0.02626784604061637,0.37731111979262244,0.5068493150684932,0.08275862068965517,0.5958904109589042,0.7269090522840732,0.9370009660767636
18472240_AI.txt,AI,6.9296205715057475,121.9055983863177,0.021403748472298995,0.2820595625155281,0.4451219512195122,0.09815950920245399,0.5457317073170732,0.4940576765974577,0.9368497675353948
18480859_AI.txt,AI,7.260373184806042,153.31692785812564,0.027661630051868835,0.4835119871355475,0.36717428087986465,0.15789473684210525,0.44839255499153974,0.6779465386481003,0.9632718700613504
18484846_AI.txt,AI,7.584954809157033,191.9989763766193,0.006953237487774244,2.4723118152851407,0.4646098003629764,0.07650273224043716,0.5281306715063521,0.7975239285563456,0.9452683343509918
18488289_AI.txt,AI,7.5023739458932726,181.3174474003866,0.008030646813177885,0.5188853304887471,0.4486486486486487,0.10849909584086799,0.5081081081081081,1.0977018419033933,0.9541058853432038
18501746_AI.txt,AI,7.214559990464156,148.5247953518523,0.0067590964747014206,0.3291360958684093,0.46938775510204084,0.05641025641025641,0.5612244897959183,0.5562167065266662,0.9419799986046522
18509268_AI.txt,AI,7.38409665059913,167.0454238184986,0.008803799276278721,0.15120439793704146,0.44554455445544555,0.06759443339960239,0.5207920792079208,0.3669302121790248,0.9577434791682573
18525641_AI.txt,AI,7.596237449941627,193.50639698761515,0.015935968337975424,0.35819480508433266,0.39290780141843973,0.049786628733997154,0.46808510638297873,0.6009560025580061,0.976788332666534
18557164_AI.txt,AI,7.66790012777637,203.36112802931297,0.0066064840185383125,0.3979535011238738,0.5268817204301075,0.02159827213822894,0.6064516129032258,0.6327651608543945,0.9745919322457771
18569929_AI.txt,AI,7.558084039310014,188.45601590428376,0.023831898112770335,0.5350945939482282,0.46716697936210133,0.05273069679849341,0.5309568480300187,0.843772345471554,0.9778609862829851
18586076_AI.txt,AI,7.795086103886465,222.10315922406954,0.01637812136559996,0.5967300009927916,0.42140026420079263,0.06887417218543046,0.49933949801849403,1.0676548206052539,0.9681325492574039
18589927_AI.txt,AI,7.406007381159746,169.601765901221,0.014713067475993014,0.3828718968155765,0.507537688442211,0.017676767676767676,0.6080402010050251,0.6047001353629832,0.9761264503086964
18635654_AI.txt,AI,7.1576193374193435,142.776955845665,0.012123580986433347,0.8377999035896632,0.5058479532163743,0.03529411764705882,0.5994152046783626,0.8150252253579774,0.9629945242412365
18636651_AI.txt,AI,7.472911146453202,177.65212635389437,0.021798618440984983,0.6681605333985395,0.3803009575923393,0.06721536351165981,0.4473324213406293,0.6402219474478329,0.9551665642541493
18640927_AI.txt,AI,7.707392283477876,209.0048026238268,0.00655100651876455,0.3745256450828444,0.44019138755980863,0.104,0.518341307814992,0.48950252473394795,0.9738782488510414
18645964_AI.txt,AI,7.5601625019513605,188.72771648509925,0.015820909602981,0.39325279545401787,0.44464609800362975,0.058287795992714025,0.52994555353902,0.7292043122583413,0.9737860613963208
18669563_AI.txt,AI,7.489966185587334,179.76473065375018,0.012741972630505624,1.5616576096163277,0.4745762711864407,0.036170212765957444,0.5550847457627118,0.8105898382027908,0.9856254572656558
18714571_AI.txt,AI,7.1536139410589055,142.38110976865795,0.012036829221166074,0.4933575449372829,0.37773359840954274,0.2774451097804391,0.43737574552683894,0.7731857728252302,0.968935334202012
18725071_AI.txt,AI,7.526902249772324,184.42651155527034,0.02785074331740197,0.3702917559719437,0.4592445328031809,0.10179640718562874,0.5467196819085487,0.6555161681610943,0.9468137325685712
18731098_AI.txt,AI,7.945682870534518,246.54084494606772,0.018540621160287582,1.1545846865105442,0.504601226993865,0.03230769230769231,0.5782208588957055,0.7305711916268446,0.9539500304158091
18752129_AI.txt,AI,7.5231434383340785,183.9466303756297,0.008931644596901584,2.2648690998059937,0.4775510204081633,0.03278688524590164,0.5816326530612245,0.9011150994276955,0.974853218058314
18753367_AI.txt,AI,7.610577974859093,195.43946034316176,0.016145044828076136,0.4326490385600949,0.4980694980694981,0.04263565891472868,0.5675675675675675,0.6645238769959847,0.9603055595903497
18757174_AI.txt,AI,7.180208070527106,145.03005255126308,0.01244525355481516,2.9018678123923873,0.5415384615384615,0.05572755417956656,0.6369230769230769,1.3810577004367905,0.9908797711510449
18767449_AI.txt,AI,7.475378015858295,177.95615421457603,0.029980889740293618,0.7748400625806595,0.5282051282051282,0.11855670103092783,0.6051282051282051,1.1836111016603814,0.955466618196786
18784594_AI.txt,AI,7.764050166593643,217.37619774518203,0.01542152734606964,1.1526470835340437,0.4852941176470588,0.02214022140221402,0.5698529411764706,0.6042865937131214,0.9375147491072298
18795567_AI.txt,AI,7.58716190507515,192.2929293282083,0.009419925512213467,2.7802194932680213,0.5324675324675324,0.049891540130151846,0.6004319654427646,0.9621287610988276,0.96595975241541
18805506_AI.txt,AI,7.6706609466442695,203.75066342672488,0.016391568267466426,1.9421809639963177,0.4563758389261745,0.04040404040404041,0.5486577181208053,0.9249625174001025,0.9895990320116033
18824120_AI.txt,AI,7.603181478747838,194.44003365803454,0.017543603429463452,1.0444155473076098,0.45714285714285713,0.045889101338432124,0.539047619047619,1.1142608692882354,0.9698084240183978
18825446_AI.txt,AI,7.1622058570738005,143.23158508202204,0.00749456111071977,0.6735916397325286,0.45475113122171945,0.02727272727272727,0.5135746606334841,1.214815470439414,0.9890612743657531
18827609_AI.txt,AI,7.797393765974043,222.45870849814136,0.010517036670684533,0.5834216320262038,0.474036850921273,0.03361344537815126,0.5695142378559463,0.5544703576348261,0.9762959402771603
18835363_AI.txt,AI,7.461207692989857,176.21680366771864,0.016853821939093166,0.4110158483432856,0.4268292682926829,0.06938775510204082,0.5467479674796748,0.5327007634932797,0.9714054153607882
18856440_AI.txt,AI,7.547710677483392,187.1058268524368,0.015858981089105495,0.8957681834194396,0.4811320754716981,0.054924242424242424,0.5584905660377358,0.8936504688944987,0.956931250009161
18882984_AI.txt,AI,7.570308779646759,190.05969111420347,0.023039868090947758,0.6034299798112077,0.41809672386895474,0.09389671361502347,0.48673946957878317,0.9543017884795001,0.9856071473606365
18885231_AI.txt,AI,7.213240089781647,148.38897431941194,0.019439392899106595,0.6215260715700625,0.5483870967741935,0.05194805194805195,0.632258064516129,0.8967837494200986,0.9814029255358784
18885767_AI.txt,AI,7.521163091610017,183.69430525231937,0.014892057001435149,1.7336223181768473,0.3891472868217054,0.09797822706065319,0.45891472868217054,0.8065334550840538,0.9716081740235579
18900722_AI.txt,AI,7.646393046229984,200.35199236350053,0.010432700768299268,0.9455721904262421,0.433489827856025,0.08320251177394035,0.5179968701095462,0.5531191506546009,0.9719894241059415
18905648_AI.txt,AI,7.293187786292687,156.84413654312118,0.013910536634707,1.282536603455773,0.528125,0.06289308176100629,0.6375,0.9272465606355875,0.9812512203140387
18927233_AI.txt,AI,7.361160313434897,164.41069198413655,0.017613129503207234,0.4167331789666121,0.5429362880886427,0.03064066852367688,0.6204986149584487,0.6906754829049071,0.9589148577705606
18932512_AI.txt,AI,7.259490198556374,153.2231205628873,0.010463932059047816,0.4557475724452645,0.4173728813559322,0.08085106382978724,0.5169491525423728,0.5328119552624478,0.9329313358533247
18937778_AI.txt,AI,7.954660153999503,248.0797477685349,0.008555857373995897,2.4777126820215107,0.5135566188197768,0.0448,0.5885167464114832,0.7960745540989405,0.971074626890856
18949843_AI.txt,AI,7.6075576277530175,195.03072702245274,0.010765963164531387,0.3234829622059764,0.4331723027375201,0.1050080775444265,0.5056360708534622,0.6559297335007939,0.9697024094261439
18975686_AI.txt,AI,7.291129615383183,156.62053981951027,0.017750584306361172,0.4129492142650433,0.3996101364522417,0.14481409001956946,0.48148148148148145,0.6923395467292366,0.9514244627265873
18979238_AI.txt,AI,7.564145191331237,189.24943611149405,0.010225675718362272,1.0240184468894793,0.49581589958158995,0.02100840336134454,0.5815899581589958,0.6684702563128501,0.9561393139673986
18997135_AI.txt,AI,7.688044499580124,206.220579234346,0.019790668227063345,0.5387516516489218,0.5167652859960552,0.015841584158415842,0.6153846153846154,0.8023309561905178,0.9545603279919002
19007667_AI.txt,AI,6.811822336758949,112.34735402781646,0.011410223754274133,0.3676275499220559,0.4639175257731959,0.06920415224913495,0.5498281786941581,0.49282913539059703,0.9214378155492983
19037403_AI.txt,AI,7.79228564780649,221.67244667975262,0.013285647356268745,1.0755175121444487,0.511864406779661,0.05952380952380952,0.576271186440678,0.6359462296526963,0.956570129527923
19053815_AI.txt,AI,7.814900281617754,225.174598939062,0.015532992013971519,0.5579289985831843,0.46628407460545196,0.050359712230215826,0.533715925394548,0.9675800604762914,0.9632614172373362
19063156_AI.txt,AI,7.5385032721686285,185.9155035944295,0.016539982856270258,0.3473301519311818,0.4989293361884368,0.025806451612903226,0.588865096359743,0.5948998023250105,0.9675236969300312
19070271_AI.txt,AI,7.3970303675960025,168.54971382516382,0.10261307561285217,1.7920469146455624,0.38673139158576053,0.12987012987012986,0.45792880258899676,0.8350329275920007,0.9661697738612698
19072267_AI.txt,AI,7.563527631705505,189.1684433882081,0.019444689547234682,2.408014995481237,0.4276422764227642,0.053833605220228384,0.4959349593495935,0.6529425586320361,0.9760265627264364
19090468_AI.txt,AI,7.475691257855629,177.9947967492887,0.023665850058766237,0.8635639364172598,0.41834862385321103,0.0865561694290976,0.4954128440366973,1.3325264576150884,0.997018407221552
19108760_AI.txt,AI,7.544624131777051,186.70595485003722,0.022090357947156965,0.4881264118223502,0.443859649122807,0.06514084507042253,0.5175438596491229,1.123252129675257,0.9645897412754789
19124258_AI.txt,AI,7.472518717385822,177.60380957494698,0.03812812414169272,0.44875338073670445,0.4007421150278293,0.07635009310986965,0.47309833024118736,0.8743802083270242,0.9556161290532645
19147494_AI.txt,AI,7.566610296568848,189.57307940181127,0.009856208041050406,0.17533723207514154,0.4794520547945205,0.047151277013752456,0.5714285714285714,0.32854645585770254,0.9246826335916064
19147603_AI.txt,AI,7.527550277065729,184.50937054844763,0.012026199901516607,0.5576943081787301,0.4446529080675422,0.09981167608286252,0.5178236397748592,0.75520004352556,0.978964049188476
19147947_AI.txt,AI,7.534658869390959,185.420747173737,0.03689629991582382,1.396167207252782,0.5010989010989011,0.12141280353200883,0.5846153846153846,0.9418290628651083,0.9764009757474905
19149865_AI.txt,AI,7.6491508834324495,200.735348936821,0.01940103486516691,0.40660580186964446,0.4008559201141227,0.11731044349070101,0.48359486447931527,0.6928998987967436,0.9728401244819187
19156751_AI.txt,AI,7.730257723159565,212.34373344234325,0.009622042780553626,0.221639800745275,0.5008726003490401,0.03852889667250438,0.581151832460733,0.5222620613839425,0.9304070092989724
19161572_AI.txt,AI,6.933558863457065,122.23883286214362,0.011380822053282268,0.6158501497350167,0.49122807017543857,0.05653710247349823,0.5824561403508772,0.8335542004344484,0.9667999046939383
19164410_AI.txt,AI,7.55410044652111,187.93636588029185,0.022453515040804065,1.0837902969960538,0.39228295819935693,0.05967741935483871,0.48231511254019294,0.5975236851717224,0.9793189403229812
19176318_AI.txt,AI,7.552977238140561,187.79010520570708,0.008979182391615496,0.25615417844713273,0.38769230769230767,0.07253086419753087,0.48307692307692307,0.5118407845593285,0.9775137001945843
19179079_AI.txt,AI,7.55942819629133,188.63168193576954,0.016897640842791235,0.5146170054263959,0.4151260504201681,0.06408094435075885,0.5008403361344538,0.8133331739239616,0.9667567390958457
19195747_AI.txt,AI,7.647151141456723,200.45729930476077,0.024071304320721357,0.32481970899813967,0.3984496124031008,0.1026438569206843,0.49767441860465117,0.3995067367070529,0.9801414026597564
19201175_AI.txt,AI,7.48247267930808,178.8334348886224,0.012841985221621173,0.32428001321051636,0.5128205128205128,0.03278688524590164,0.6107226107226107,0.645793527906284,0.9474461575422802
19234823_AI.txt,AI,7.60316330997446,194.43758496682665,0.02157150412754411,0.35535067430067374,0.40615835777126097,0.058823529411764705,0.49266862170087977,0.8387649454126008,0.9828814437031833
19243556_AI.txt,AI,7.516234102376979,183.06778177771687,0.020240954229183962,0.41250216950718555,0.3977272727272727,0.09446254071661238,0.474025974025974,0.9671336911361386,0.9565120180037264
19268120_AI.txt,AI,7.602023643282361,194.28404833490563,0.015247286324126481,0.530528252843291,0.4444444444444444,0.0625,0.5235690235690236,0.9013657786968182,0.9569122534332054
19284293_AI.txt,AI,7.616351149742869,196.2231094961982,0.022621197728210224,3.041887363451154,0.40875912408759124,0.10688140556368961,0.47883211678832116,0.7063065168046092,0.9756646446251962
19285236_AI.txt,AI,7.73673657076852,213.29947001114402,0.010309993471808445,0.30696879392742543,0.4397993311036789,0.025167785234899327,0.5317725752508361,0.577746794537,0.9723943024612024
19302310_AI.txt,AI,7.644883219499811,200.14242724139282,0.01750473720793908,0.3263925305159182,0.4739776951672863,0.024253731343283583,0.5687732342007435,0.678076592058819,0.9715182288942994
19336728_AI.txt,AI,7.241283051947123,151.30155995633407,0.013888404608892865,0.6786565869826451,0.6277372262773723,0.007352941176470588,0.7043795620437956,0.8090521769235488,0.9593902527005002
19362586_AI.txt,AI,7.603924375676325,194.54018379171148,0.011609751930745132,0.3950709269041202,0.4338358458961474,0.10588235294117647,0.5142378559463987,0.5521416731291187,0.9334486429940495
19364677_AI.txt,AI,7.3400026619094625,162.01714296494674,0.0576979198986894,2.3849927813946765,0.39603960396039606,0.10099337748344371,0.48514851485148514,0.8044011031101941,0.9901560144674112
19374660_AI.txt,AI,7.652524783606789,201.2053398578081,0.019551084061856506,0.27726444221580254,0.46842105263157896,0.08626760563380281,0.543859649122807,0.7240349187981299,0.9735605611405865
19396040_AI.txt,AI,7.801224083806981,223.0501153242132,0.013930299236829632,0.45150940989967475,0.4612903225806452,0.024271844660194174,0.532258064516129,0.6259659202650998,0.97351223376177
19397727_AI.txt,AI,7.5402200914452555,186.13687630461556,0.023925883414726148,1.6446474668124973,0.44502617801047123,0.10157618213660245,0.5043630017452007,0.9635838329105219,0.9456105560346258
19402977_AI.txt,AI,7.25226560992604,152.45774263784017,0.011368697256989531,1.177894664871467,0.48370927318295737,0.05037783375314862,0.5664160401002506,0.7076774892822892,0.957871820133601
19405513_AI.txt,AI,7.750553727134724,215.35212169069965,0.011775642052181897,0.993236583215462,0.5,0.03636363636363636,0.5778985507246377,0.47692152815923416,0.9620936481375033
19437318_AI.txt,AI,7.030653272528517,130.74874355118507,0.008419406660310439,0.4577826695951484,0.3746958637469586,0.3643031784841076,0.44282238442822386,0.8264348525485556,0.9769970178467344
19444529_AI.txt,AI,7.670329306983691,203.70383160641316,0.022465884570684515,2.0473475491322026,0.402315484804631,0.08853410740203194,0.4905933429811867,0.6875519694040718,0.9788718705485561
19446337_AI.txt,AI,7.82132197686997,226.17912560694933,0.020230833229069194,0.6094716720229896,0.4765625,0.050156739811912224,0.5546875,0.8150646872095106,0.9888678621968077
19464810_AI.txt,AI,7.70485363782067,208.63734965126068,0.010433405345129002,0.3986623840125387,0.49552772808586765,0.05565529622980251,0.5760286225402504,0.781975791413783,0.9540835710438934
19471144_AI.txt,AI,7.414917842057612,170.6525121491459,0.020393483469054022,0.4248251116435148,0.4979253112033195,0.05416666666666667,0.5684647302904564,0.7672069811554308,0.9359681415896254
19473948_AI.txt,AI,7.108398096872441,137.9879136595949,0.009853651461058764,0.43593815713382045,0.4596774193548387,0.062162162162162166,0.5483870967741935,0.6944735966660743,0.9449849402843168
19497420_AI.txt,AI,7.809245299137525,224.29370171572273,0.015507890405656134,1.9075179876694945,0.43784530386740333,0.05124653739612189,0.5262430939226519,0.9445601229916701,0.9569438341781613
19503224_AI.txt,AI,7.88844041388497,236.95025673212254,0.02350811305970864,1.905809420047407,0.40458015267175573,0.10459183673469388,0.4847328244274809,0.9681357534545412,0.9706179561847533
19506295_AI.txt,AI,7.683249905583813,205.53637171578987,0.026510565410515847,0.817329767979703,0.3887434554973822,0.07217847769028872,0.4607329842931937,0.9861633884235296,0.99344802524198
19508520_AI.txt,AI,7.669554305383792,203.594433296168,0.03810757125763102,0.6005039883106973,0.4514991181657848,0.16991150442477876,0.5255731922398589,0.7457237578692941,0.9822641954168205
19518606_AI.txt,AI,7.60431658776006,194.59307881197245,0.018512295604025987,0.24141565871158027,0.4483985765124555,0.04285714285714286,0.5391459074733096,0.5058976471292379,0.9641449179723405
19532392_AI.txt,AI,7.4647373991225185,176.6484645678758,0.02655956355851894,0.3356341912233297,0.4772727272727273,0.06653992395437262,0.5284090909090909,0.5449711038800232,0.9546959344447999
19540089_AI.txt,AI,7.605466802789244,194.74828356768256,0.016663201285891868,0.9142852278026833,0.44404332129963897,0.06521739130434782,0.5306859205776173,0.8565483888165545,0.9882599607473916
19545827_AI.txt,AI,7.553337013788466,187.83694166789388,0.019159044852663603,1.2678915104721427,0.4897119341563786,0.08884297520661157,0.5720164609053497,0.7826370808777171,0.9663349476493119
19553067_AI.txt,AI,7.539266385910185,186.01386963886063,0.02089075403976255,1.9453063555486023,0.4311594202898551,0.056363636363636366,0.5163043478260869,0.7564313950318676,0.9647690249115803
19556300_AI.txt,AI,7.368972603839948,165.30340176819354,0.01416293653667855,0.3862845605594316,0.43653846153846154,0.13320463320463322,0.5076923076923077,0.6007185364783706,0.9689524567957166
19557384_AI.txt,AI,7.8436010650930985,229.69904766834975,0.021945662976077362,0.4934363917651916,0.5103448275862069,0.015570934256055362,0.6,0.966557084995415,0.9619287839980869
19558834_AI.txt,AI,7.765822867422157,217.6434613009334,0.013596152093762732,2.2698210914802424,0.47130434782608693,0.034904013961605584,0.5582608695652174,0.6688350055509082,0.945912574764314
19582792_AI.txt,AI,7.919205115766618,242.0573540466938,0.012768075716142321,0.37567341501288143,0.4782608695652174,0.029069767441860465,0.5608695652173913,0.8292940276044893,0.948890179822877
19599699_AI.txt,AI,7.285022453458762,155.9589410065673,0.014652387018788989,0.6758434928135332,0.5087281795511222,0.08020050125313283,0.5885286783042394,0.8306451864591435,0.9780082604885187
19612167_AI.txt,AI,7.263418515967001,153.6409006544125,0.007454217282290875,0.49656906229897263,0.5446428571428571,0.029940119760479042,0.6279761904761905,0.6372180656492096,0.961726074568966
19616406_AI.txt,AI,7.5690131206756,189.8890784812952,0.017029346892476246,0.6432693765585444,0.46060606060606063,0.02434077079107505,0.5616161616161616,0.6590891675351425,0.9731849758261211
19671909_AI.txt,AI,7.669486306722764,203.58483748956232,0.01598206360071249,0.3695462858130221,0.4463452566096423,0.078003120124805,0.5101088646967341,0.8441143660710901,0.9734998740866438
19714635_AI.txt,AI,7.551981013076761,187.66047515468802,0.008984472525814831,1.6248007300842326,0.3854660347551343,0.06339144215530904,0.46445497630331756,0.7446491587776398,0.9481169221891009
19717385_AI.txt,AI,7.883240466389157,236.0977473481226,0.026196388480284723,1.2915338426386522,0.4876543209876543,0.08359133126934984,0.5601851851851852,0.9328497322726195,0.9684494555796332
19724031_AI.txt,AI,7.909770447805988,240.47955722104018,0.011446571848726323,0.6281122206663209,0.4824561403508772,0.07583774250440917,0.5764499121265377,0.8719605623174589,0.9613130180682296
19738730_AI.txt,AI,7.2126304755093456,148.3262854456914,0.03719542122750232,0.4669818434146293,0.6193771626297578,0.05574912891986063,0.6782006920415224,0.6657329140844395,0.9780616071714808
19774173_AI.txt,AI,7.217456322496822,148.82327091859625,0.014923070312207552,1.8932581891969267,0.5802047781569966,0.041237113402061855,0.6757679180887372,0.929565455203681,0.9606760431523466
19786924_AI.txt,AI,7.578853851227852,191.18875360971603,0.01442996462427972,1.1507694127411456,0.5218390804597701,0.057736720554272515,0.6160919540229886,0.8069900892746834,0.9696204884354521
19796840_AI.txt,AI,7.628518237595404,197.88497118003104,0.018443347361139978,1.314799790301195,0.3812754409769335,0.06258503401360545,0.45725915875169604,0.7146507734894997,0.9480411245694568
19818707_AI.txt,AI,7.3498967319883795,163.1320828956834,0.03388633801338547,0.4086157644776566,0.42727272727272725,0.072992700729927,0.4890909090909091,1.0057459917891791,0.9830162179119438
19831366_AI.txt,AI,7.013333475288256,129.18846726670307,0.01401623058748192,0.38122755744760906,0.49700598802395207,0.0783132530120482,0.5658682634730539,0.5359260529180104,0.9522495434587555
19850482_AI.txt,AI,7.84314351353467,229.6262100346956,0.02399338410923733,1.229140795924328,0.4502923976608187,0.04398826979472141,0.5248538011695907,0.9878041119984937,0.9432132620941864
19851252_AI.txt,AI,6.935278338776904,122.38461000525136,0.00730646296370533,0.5499363665605947,0.5905172413793104,0.08695652173913043,0.6767241379310345,0.7448825859722196,0.9141868429405947
19861776_AI.txt,AI,7.893418918948209,237.76934584407448,0.013712337464589788,2.0441757598653094,0.43031123139377536,0.0773405698778833,0.503382949932341,0.7924631521696172,0.9475571743837394
19867922_AI.txt,AI,7.615483338373245,196.10511266668755,0.006535099274304872,0.2606111166677103,0.4892367906066536,0.03536345776031434,0.5733855185909981,0.6403931489740009,0.9802179522536505
19911786_AI.txt,AI,7.517860117952704,183.27422795446518,0.016612216536695864,0.4555179883297255,0.4408014571948998,0.11882998171846434,0.5100182149362478,1.2975955108149348,0.9718271328683458
19918523_AI.txt,AI,7.204235728436569,147.4657113386688,0.023342629254687663,0.583485876883057,0.49586776859504134,0.0997229916897507,0.5840220385674931,0.8359514610137173,0.9668104325868965
19920687_AI.txt,AI,7.553250499715059,187.82567799035888,0.02058754676856248,0.7624635556654528,0.447098976109215,0.05136986301369863,0.5068259385665529,0.7022959851101626,0.9642363277240958
19926135_AI.txt,AI,7.763776561421636,217.33497655085856,0.015522100852487775,0.4521160181930003,0.5287128712871287,0.027833001988071572,0.6118811881188119,0.9175987464420491,0.9624224122691317
19928941_AI.txt,AI,7.013178588120084,129.1745983885178,0.012188709530845223,0.5395830068224626,0.5859375,0.015748031496062992,0.6875,0.8613259105697157,0.9511761835451775
19929506_AI.txt,AI,7.491657484973989,179.97559591173933,0.019141573691363368,0.5214286704992808,0.46055045871559636,0.11233885819521179,0.5266055045871559,0.9189912784906188,0.9810483440651737
19936735_AI.txt,AI,6.963705924477745,124.82005345972338,0.022847785014468876,1.3740211412529046,0.42105263157894735,0.08635097493036212,0.4986149584487535,0.7072155919560131,0.9873988993079972
19938081_AI.txt,AI,7.356511626474496,163.8817764636799,0.017206283471839858,0.5485551909964237,0.48008849557522126,0.04666666666666667,0.5575221238938053,0.7127806209601314,0.944516072376262
19951766_AI.txt,AI,7.508736925728077,182.11891077416743,0.01243626135476385,0.44696796214599516,0.47390396659707723,0.06485355648535565,0.575,0.9218819095437512,0.9399680145210615
19975121_AI.txt,AI,7.295976617681904,157.1476205680496,0.006970067259731387,0.7240125441341528,0.5765765765765766,0.0513595166163142,0.6516516516516516,1.4206630986638815,0.9589487200974964
20001721_AI.txt,AI,7.798829932240861,222.68027075320373,0.01371268489853124,0.5544006321031248,0.5733333333333334,0.017857142857142856,0.6755555555555556,0.8465677309447384,0.9782918171787761
20006992_AI.txt,AI,7.946618455472556,246.7007780587648,0.01336386505209815,0.4097053014640481,0.5271739130434783,0.07272727272727272,0.6086956521739131,0.7148663306024197,0.9706225126381552
20024870_AI.txt,AI,7.682900868323606,205.4866514543612,0.010460182145555408,0.866365990403107,0.5676328502415459,0.038834951456310676,0.6570048309178744,0.9291599172886866,0.959865367628225
20026169_AI.txt,AI,7.655855119155523,201.67034131997244,0.020727360249584107,0.42052610448254857,0.48674242424242425,0.04182509505703422,0.571969696969697,0.8023350651309686,0.9799707665153184
20033302_AI.txt,AI,7.942645311908824,246.02230538958636,0.012727060656468123,0.7300385666861879,0.511437908496732,0.02622950819672131,0.5964052287581699,0.8788362539415692,0.9695054136989446
20082776_AI.txt,AI,7.438111388413794,173.41818597053154,0.024883515471760664,0.47124376137243307,0.41624365482233505,0.11205432937181664,0.4906937394247039,0.8522398692498937,0.9578621463488644
20110597_AI.txt,AI,7.6013736625303086,194.19653680562894,0.014078714465770178,0.6063266223320338,0.4690265486725664,0.10657193605683836,0.5345132743362832,0.6234072036993527,0.9436237639766619
20138606_AI.txt,AI,7.840092868095946,229.14116778825888,0.009426224224002105,0.7246684493726238,0.476038338658147,0.035256410256410256,0.5527156549520766,0.9067154280001892,0.938078850268529
20141807_AI.txt,AI,7.674304556057743,204.2658978148138,0.014359623713227533,0.7202522467262724,0.5255905511811023,0.015810276679841896,0.610236220472441,0.6079479740911046,0.9709402071771693
20148147_AI.txt,AI,7.392788259341677,168.0548372658951,0.009457645095933307,0.42944114282432294,0.47674418604651164,0.028037383177570093,0.5744186046511628,0.6382916996325075,0.9311498586969312
20149476_AI.txt,AI,7.707018137054181,208.95060665158874,0.038047852663354434,2.1563840491864026,0.4513677811550152,0.09451219512195122,0.5121580547112462,1.6442750130167554,0.9912647220277855
20172393_AI.txt,AI,7.626669804266348,197.63159611307393,0.013144213992356876,1.8760749810979276,0.44153577661431065,0.08231173380035026,0.5270506108202443,0.8043758345577466,0.985433662076765
20176584_AI.txt,AI,7.69386211528974,207.05383518922724,0.04764900274475734,0.5938401407290025,0.3538647342995169,0.18280871670702178,0.4190821256038647,0.8376425376539219,0.9639754520579406
20210676_AI.txt,AI,7.298881718620703,157.46438166041176,0.01726914658775005,1.3027471388789527,0.4492099322799097,0.045351473922902494,0.5372460496613995,0.9699209589945269,0.9854132405175741
20211577_AI.txt,AI,7.452747320834786,175.18644256045906,0.011055324815850365,1.0528572377863197,0.4186851211072664,0.11979166666666667,0.5,0.6925307693017858,0.962123855564653
20230207_AI.txt,AI,7.526139426053328,184.32902197744423,0.038129270011076875,0.652431774261005,0.45685279187817257,0.059422750424448216,0.5160744500846024,0.9103782414408709,0.9804394963248114
20237244_AI.txt,AI,7.067844373906821,134.16312366956132,0.06712954432703042,0.8344790700664975,0.45549738219895286,0.13421052631578947,0.5261780104712042,1.0267137852329484,0.9820824118788644
20253563_AI.txt,AI,7.446360419541755,174.4125954071892,0.00950135807849733,0.3171558411351063,0.42395437262357416,0.07061068702290077,0.5095057034220533,0.5807341058835161,0.9574751179716822
20255404_AI.txt,AI,7.696203611593109,207.39015673831784,0.025360208379932303,0.48875831703031325,0.45394736842105265,0.04455445544554455,0.5296052631578947,1.0167463102206016,0.9577645897793051
20272792_AI.txt,AI,7.345347179761561,162.61845464671714,0.018471286581308494,0.3081341131816708,0.5263157894736842,0.027855153203342618,0.628808864265928,0.5996145734261725,0.9634453592806238
20275356_AI.txt,AI,7.473844101661172,177.7670467451071,0.03843615112798871,0.27192517662987464,0.361890694239291,0.09925925925925926,0.45937961595273263,0.4853136972289269,0.9814273168146351
20279756_AI.txt,AI,7.639486071255562,199.39508957425474,0.02546812065284732,0.6397109681846278,0.49233716475095785,0.03461538461538462,0.5708812260536399,0.9912622323375183,0.9711731438484927
20314980_AI.txt,AI,7.79981866414633,222.83293402927754,0.007380427609420511,1.1468046111381884,0.4919210053859964,0.02882882882882883,0.5673249551166966,0.5233294325755267,0.9909403681951398
20317319_AI.txt,AI,7.850844708091285,230.85524623538652,0.00865642402404108,0.40779758057958204,0.4577777777777778,0.09806835066864784,0.5333333333333333,0.609246823759769,0.9499468755252208
20321582_AI.txt,AI,7.713030934912291,209.82327863154947,0.014616881189691837,0.5722110014114095,0.43209876543209874,0.06740027510316368,0.48559670781893005,0.48939896733119115,0.961786055239243
20324037_AI.txt,AI,7.382642542259185,166.87714170323753,0.020040622824101562,0.6010704309623924,0.4296875,0.0784313725490196,0.517578125,0.5975751458810217,0.9821919166045234
20330739_AI.txt,AI,7.395274555813477,168.34470753322034,0.018045310980802587,0.6695581385868862,0.3521545319465082,0.08196721311475409,0.4294205052005943,0.43305740273529875,0.9627240974781767
20345168_AI.txt,AI,7.477889945736116,178.2662701779523,0.013928036326066777,0.4794585524661791,0.46943231441048033,0.043859649122807015,0.5567685589519651,0.5421505977558383,0.9941951741044951
20356750_AI.txt,AI,7.397024335225814,168.5490090662824,0.01157043222687906,0.6993285496577014,0.5074626865671642,0.0275,0.6019900497512438,0.5578925200905249,0.9888421411020887
20357858_AI.txt,AI,7.640354922154547,199.51520974930307,0.02219990078943583,2.4170272083303432,0.5217391304347826,0.0611353711790393,0.6108695652173913,0.8924327773116687,0.9445487731635327
20390397_AI.txt,AI,7.440446435243093,173.69909597184144,0.02846242298836118,0.4484301345899534,0.4884210526315789,0.05919661733615222,0.56,0.5908294469901463,0.965498050647792
20393721_AI.txt,AI,7.51061652829209,182.35633742870021,0.021421712621381945,0.5864629638172051,0.47195357833655704,0.09514563106796116,0.5357833655705996,0.9464982472643116,0.9566531535765864
20399718_AI.txt,AI,7.40951664057372,170.01481303015242,0.026021810387297253,0.32321936974321946,0.3935599284436494,0.12208258527827648,0.4740608228980322,0.7380242429605447,0.951046784163069
20400279_AI.txt,AI,7.443523813582251,174.0700048131629,0.008737229756441808,1.0106396700414433,0.42057761732851984,0.08152173913043478,0.5036101083032491,0.9953072754184968,0.9571372415121068
20408458_AI.txt,AI,7.547663364821724,187.0996908851839,0.017582177686351366,0.8520649426674449,0.4515539305301645,0.08256880733944955,0.5283363802559415,0.5855240673346337,0.9713029849396377
20417897_AI.txt,AI,7.63610504568569,198.92834467608589,0.015378677105247046,0.5319823515926844,0.5110663983903421,0.028282828282828285,0.5935613682092555,0.8964669755676199,0.9878115594663848
20423658_AI.txt,AI,7.427365792118073,172.13131723169187,0.015590538311071368,0.5704072537959382,0.4372549019607843,0.06299212598425197,0.5333333333333333,0.6455199424072637,0.9722827425248627
20427934_AI.txt,AI,7.732895118181728,212.73227468074424,0.013473381691238028,0.8489020787029724,0.5139442231075697,0.064,0.599601593625498,0.6485881262898823,0.9652051805456824
20457611_AI.txt,AI,7.554998952854392,188.05344856548683,0.015009439748260724,0.9201333476095727,0.4507512520868113,0.08877721943048576,0.5091819699499165,0.8605794940742857,0.9686851334602767
20470943_AI.txt,AI,7.842255044615321,229.48484062723585,0.015594035274750928,0.3821290400151547,0.5470941883767535,0.012072434607645875,0.6332665330661322,0.6773831681064344,0.9677878005911761
20478831_AI.txt,AI,7.446589307364921,174.44026867500895,0.018084251380844203,0.43959322761719755,0.4438095238095238,0.08604206500956023,0.5238095238095238,0.8477979922179141,0.9667623964087223
20488267_AI.txt,AI,7.209571349828443,148.01210399638214,0.012895630898733107,1.281166029832275,0.4513888888888889,0.1325581395348837,0.5231481481481481,0.7873931532414684,0.9436419579559434
20490741_AI.txt,AI,7.624470630174137,197.33056562475576,0.005322767515980055,0.3899682567640116,0.49506903353057197,0.04554455445544554,0.5857988165680473,0.6182396389203818,0.9794287279286276
20504094_AI.txt,AI,7.8043247621401175,223.5300160534429,0.013112560956495501,0.829238529154972,0.4494556765163297,0.062402496099843996,0.5287713841368584,0.7274335797613325,0.9791134428236908
20544228_AI.txt,AI,7.760275877311656,216.8082548519347,0.008207975082257606,0.33124332219320596,0.46935201401050786,0.0351493848857645,0.5674255691768827,0.7539172130180615,0.9760370967322742
20552814_AI.txt,AI,7.480098238761345,178.5393463229826,0.008122283301416297,0.3968905580168112,0.46292585170340683,0.07243460764587525,0.5490981963927856,0.6617853138693244,0.9725965417219914
20553895_AI.txt,AI,7.290840034012006,156.58910570636016,0.010226490089826738,0.45396911451961125,0.5531914893617021,0.03363914373088685,0.6474164133738601,0.786072289993155,0.9578567440507529
20565486_AI.txt,AI,7.6829945612248585,205.49999680121076,0.021213415653207897,0.33898444338001626,0.4483306836248013,0.07974481658692185,0.5246422893481717,0.5563239591808278,0.9333099391916643
20565849_AI.txt,AI,7.284774567863877,155.93214625600538,0.015507107800946518,0.8074531999429317,0.45368171021377673,0.162291169451074,0.5486935866983373,0.5139555611811544,0.9485045585467632
20566550_AI.txt,AI,7.93427144486118,244.59844888618414,0.015781165934351096,0.5725919666752733,0.53125,0.02613240418118467,0.6059027777777778,0.813545336678111,0.9815348069123833
20574232_AI.txt,AI,7.263656522299718,153.66624940988945,0.03441963870079676,0.6342697385035624,0.3844797178130511,0.05309734513274336,0.4479717813051146,0.6358073614011144,0.965906068857895
20604208_AI.txt,AI,7.526375766217438,184.35922095823233,0.01303600518106742,0.501724587302278,0.5118279569892473,0.0755939524838013,0.5827956989247312,0.9044443207407838,0.9771676552826252
20624984_AI.txt,AI,7.533022105292922,185.21050320603405,0.014788068754250127,0.3429246807478482,0.5166666666666667,0.03827751196172249,0.6071428571428571,0.5406518489459806,0.9751981282343835
20626794_AI.txt,AI,7.090059818591046,136.2450323766463,0.01357718007330049,0.26426055426062717,0.5934959349593496,0.01639344262295082,0.6991869918699187,0.40224156721495347,0.953553210879797
20628003_AI.txt,AI,7.267525505506242,154.07890075703676,0.012100018259059517,0.2665493760125231,0.5639344262295082,0.052805280528052806,0.6688524590163935,0.46608678199108483,0.9550194469887932
20633855_AI.txt,AI,7.654198084381925,201.43884199338467,0.014057348139023807,0.6845099930814935,0.47928994082840237,0.033663366336633666,0.5838264299802761,0.6531776188322852,0.9266259175795148
20674668_AI.txt,AI,7.740549436147523,213.86393983407743,0.024808778785026145,0.48639868765229544,0.4410029498525074,0.04437869822485207,0.5117994100294986,1.2727230430359793,0.9572337043518186
20681037_AI.txt,AI,7.012189783395189,129.0860941046056,0.015905476172452377,0.9014968894468265,0.5941422594142259,0.0379746835443038,0.6903765690376569,0.9359602645037542,0.950717141721602
20691949_AI.txt,AI,7.461730971887549,176.28073073268735,0.019111765900194526,1.7135796523628035,0.4817351598173516,0.06192660550458716,0.5776255707762558,0.9243962086328618,0.9715537937096352
20698469_AI.txt,AI,7.360566046842009,164.3429828294187,0.016791061287662005,1.4927909071498753,0.452991452991453,0.11373390557939914,0.5341880341880342,0.5693845079985211,0.9670571470326584
20705888_AI.txt,AI,7.7884390270421795,221.0821943608288,0.018146104720112844,0.5050098253174096,0.49658703071672355,0.0410958904109589,0.590443686006826,0.7130299665953216,0.9473429289780444
20736486_AI.txt,AI,7.766005488812551,217.671013116188,0.013773105695729934,0.38595277547157564,0.4657534246575342,0.04580152671755725,0.5464231354642314,0.9828578107719059,0.9424319827643186
20748468_AI.txt,AI,7.7457222010446625,214.63212262845968,0.009555722377842905,1.100954820947982,0.4413075780089153,0.05961251862891207,0.5170876671619614,0.7673068667093135,0.9494456845530113
20748926_AI.txt,AI,7.732805928084313,212.71912358138903,0.021391404262554155,0.528885202232745,0.4982394366197183,0.05123674911660778,0.579225352112676,0.6992716026818656,0.9607654400743202
20748929_AI.txt,AI,7.862489968771205,232.7262229805494,0.008758949677398334,0.4555503822193711,0.518783542039356,0.03231597845601436,0.5992844364937389,0.6805048850232996,0.9430439764998647
20765795_AI.txt,AI,7.869795434189928,233.9076821511345,0.013491043808795226,1.1009352754941393,0.49584026622296173,0.03005008347245409,0.5790349417637272,0.5652516163767284,0.9538652608420465
20806155_AI.txt,AI,7.595210902142781,193.3687567346615,0.013408352057875616,0.39890211201498227,0.436077057793345,0.09666080843585237,0.5078809106830122,0.7331959887939974,0.9750502185548844
20817322_AI.txt,AI,7.544775676397401,186.72556798264606,0.017886262077747624,1.187665248886581,0.4173354735152488,0.09967845659163987,0.5016025641025641,1.124856672128952,0.9652734297523803
20819838_AI.txt,AI,7.397748481991654,168.63363184062598,0.009810454489648221,0.7124060073697838,0.3676703645007924,0.15262321144674085,0.4469096671949287,0.640461537675281,0.9685704338403291
20824105_AI.txt,AI,7.5536989543301,187.8840717482406,0.030096106095167354,0.8029756429286858,0.482,0.05040322580645161,0.5461847389558233,0.9482524082072492,0.9742568146344263
20835760_AI.txt,AI,7.787907132529374,221.00070053965558,0.028486831934636452,0.31398899013990883,0.46236559139784944,0.04776579352850539,0.5529953917050692,0.6103846518308863,0.9330194755367415
20836112_AI.txt,AI,7.079798692023453,135.27943151644766,0.014275729146904052,1.1484196708053083,0.3406113537117904,0.31359649122807015,0.4279475982532751,0.5881746825374158,0.9807269443781217
20850529_AI.txt,AI,7.605054744320886,194.69266805768095,0.008225010146292644,1.0260149079917442,0.46260869565217394,0.07678883071553229,0.542608695652174,0.63909718931576,0.9533522106038347
20879311_AI.txt,AI,7.876211963431763,234.95032667386437,0.020166902189041033,0.6309996544320555,0.4455882352941177,0.05457227138643068,0.5029411764705882,0.9899357306739929,0.9797149504549405
20880935_AI.txt,AI,7.563660409528316,189.18585422640635,0.01764190741017439,1.2850346306140255,0.47657841140529533,0.032719836400818,0.570264765784114,0.5781553870474113,0.9827278149779757
20882041_AI.txt,AI,7.432703254313687,172.7693217891667,0.011051900012909925,0.3023453118375467,0.3888888888888889,0.05574912891986063,0.4774305555555556,0.4643381039604248,0.9654833425007454
20905088_AI.txt,AI,7.645864436305717,200.27859594340745,0.028094631291191236,0.7704124685639915,0.40789473684210525,0.07755775577557755,0.5098684210526315,0.5997283077045813,0.9723885069080642
20918464_AI.txt,AI,7.494590170300547,180.34181926545241,0.020407382643766445,2.0773237247615817,0.49572649572649574,0.08817204301075268,0.5546038543897216,1.465040587769131,0.9737471848834326
20925036_AI.txt,AI,7.488758520168615,179.61431438168378,0.020489299073547344,1.1378154049806162,0.5623409669211196,0.05370843989769821,0.6234096692111959,0.8316232477924517,0.9833601286543269
20932019_AI.txt,AI,7.434615901754572,172.99852195478408,0.02761555164738442,0.42161068474378904,0.486784140969163,0.04424778761061947,0.566079295154185,0.684749651928173,0.9723543926546017
20966771_AI.txt,AI,7.5703263530525176,190.06200623716282,0.011255240869160556,0.73579515567143,0.5136268343815513,0.04631578947368421,0.589098532494759,1.266282889144976,0.9821777132342351
20969119_AI.txt,AI,7.9429929651640245,246.08159772723877,0.03059964308463327,0.4058762928661837,0.4009433962264151,0.06382978723404255,0.4740566037735849,0.9073760720555403,0.954389830824168
20969845_AI.txt,AI,7.513080031593409,182.6679897152178,0.024757039502754694,0.6228610927470775,0.4884210526315789,0.12050739957716702,0.5557894736842105,1.5677628159822665,0.9656722878056105
20977412_AI.txt,AI,7.59755512636806,193.6832155719669,0.022569253488172836,0.4601806246153315,0.48722986247544203,0.0670611439842209,0.5736738703339882,0.8819449027529773,0.9665129678084702
20981299_AI.txt,AI,7.841336722313593,229.33881254538204,0.015296560648827822,1.4838838580986875,0.4659090909090909,0.032679738562091505,0.5537459283387622,0.7619619419055499,0.9580722451804252
20986595_AI.txt,AI,7.639306626935114,199.3702900911859,0.008879786685401228,0.7779232332590268,0.5163934426229508,0.051440329218107,0.5983606557377049,0.7438329462636303,0.9810078187693202
20992320_AI.txt,AI,7.695232022467584,207.2505359725309,0.008174253854591067,1.755221084166649,0.5429769392033543,0.042105263157894736,0.6121593291404612,0.6654014131019266,0.9852913923928523
20993320_AI.txt,AI,7.547290590863427,187.0513529617535,0.012901143710487003,0.5602406127754822,0.40536277602523657,0.08544303797468354,0.4889589905362776,1.020483452716903,0.9661781024232701
21007083_AI.txt,AI,7.013211405776472,129.1775368167232,0.015923607899436972,1.5136575732459254,0.5936254980079682,0.024096385542168676,0.6573705179282868,0.7773738712272111,0.9662295947931221
21031285_AI.txt,AI,7.615686129303901,196.13267991569404,0.020006674893769425,0.511229455441096,0.4548611111111111,0.06620209059233449,0.5399305555555556,1.061715660320208,0.9702004538034381
21038022_AI.txt,AI,7.753691036783166,215.8209397133139,0.039487821782318945,2.670184062270303,0.4954128440366973,0.06445672191528545,0.5706422018348624,0.8954602761711945,0.940094946935771
21060367_AI.txt,AI,7.517294667589697,183.20240946922092,0.020168344243026146,0.3890275952157299,0.4222222222222222,0.0634648370497427,0.49230769230769234,0.6712750310675447,0.958992589077728
21101152_AI.txt,AI,7.446627123813589,174.44484122689096,0.0056560746744361715,0.2590899964213519,0.40530973451327434,0.0994671403197158,0.49734513274336284,0.5110793186159328,0.9618493713597566
21122155_AI.txt,AI,7.806438001132736,223.8576795330042,0.019402509176931402,0.5810639138335111,0.44176706827309237,0.09785522788203753,0.49732620320855614,0.9792064211829495,0.981263528026498
21125113_AI.txt,AI,7.711064260301212,209.53744346405549,0.013869618872604744,0.362735635502357,0.5306930693069307,0.05168986083499006,0.6079207920792079,0.5801456913904968,0.9735745952775688
21134923_AI.txt,AI,7.759911832597544,216.753553103084,0.019396318943120574,2.0009450409126552,0.5074349442379182,0.061567164179104475,0.5836431226765799,1.0208059920935686,0.9738637463797725
21156767_AI.txt,AI,7.607154219027742,194.97619983835312,0.024982590649396647,0.7855451064377895,0.4429065743944637,0.03819444444444445,0.5311418685121108,0.589609376184332,0.9667920033806499
21178545_AI.txt,AI,7.945294009133878,246.47440172946105,0.07941688965402331,1.7441343147022317,0.48632218844984804,0.15091463414634146,0.5455927051671733,1.7503423372885534,0.9802647939179121
21190805_AI.txt,AI,7.576935504533816,190.9346995185053,0.015382618839387711,0.3052514391037272,0.47005444646098005,0.060109289617486336,0.5462794918330308,0.43025856167602256,0.9596418970100854
21238396_AI.txt,AI,7.777274738824275,219.3779535611552,0.0141925879271615,0.39367957893623673,0.4900900900900901,0.03074141048824593,0.6018018018018018,0.4921002194130884,0.9620581785422494
21265194_AI.txt,AI,7.477736669349011,178.24733162363628,0.01827343179494698,0.47845233928387904,0.37518248175182484,0.1595900439238653,0.44963503649635034,0.9133146183823758,0.9811405287486282
21283365_AI.txt,AI,7.449637132815855,174.8091792659861,0.009325775766394746,0.241305556204141,0.4567404426559356,0.10303030303030303,0.5331991951710262,0.3782049690035803,0.955197419550263
21283733_AI.txt,AI,7.614473685704086,195.96791888857123,0.010994490458570977,0.3735003771780733,0.4846743295019157,0.03653846153846154,0.5651340996168582,0.6668260397946438,0.9729432954767223
21287405_AI.txt,AI,7.9360769793607995,244.90475575743994,0.018383909890035757,0.38612285696683146,0.5015527950310559,0.03426791277258567,0.5854037267080745,0.7601169500660919,0.9661791202303751
21297521_AI.txt,AI,8.138756847352715,281.84474283567585,0.0067091440798961325,2.2550540297517694,0.49860335195530725,0.022408963585434174,0.5782122905027933,0.7744135648987175,0.9702666012828153
21297828_AI.txt,AI,6.803578806714783,111.7072340956465,0.012752863471415013,0.7076311559672432,0.47959183673469385,0.10273972602739725,0.5510204081632653,0.939259373569361,0.9845741400660203
21298336_AI.txt,AI,6.759467924101549,108.34343480585436,0.010026660824269631,0.47754503937363996,0.5677966101694916,0.09401709401709402,0.6271186440677966,0.616974834746698,0.9788941501768122
21321598_AI.txt,AI,7.69127009388941,206.682165415372,0.0091449478260596,1.8661278440398585,0.5295315682281059,0.0408997955010225,0.6130346232179226,0.850767585456644,0.9521913162485192
21334981_AI.txt,AI,7.641627886456178,199.69133000573757,0.009884747015865395,0.4443785736358284,0.508,0.0642570281124498,0.578,0.7391038898558173,0.9548605129391866
21338490_AI.txt,AI,7.295823111279032,157.13090055312455,0.009544437479180719,1.0496631129139384,0.4363256784968685,0.1111111111111111,0.5073068893528184,0.9836702934821254,0.9805627389263815
21363048_AI.txt,AI,7.841858829581441,229.42182463507243,0.025392941274534696,0.5433126355589065,0.43293492695883135,0.07190412782956059,0.5099601593625498,1.2052729696966278,0.9652753087542492
21366189_AI.txt,AI,7.59818547822706,193.76785941372881,0.016629038904231754,0.5861257869811963,0.46360153256704983,0.04423076923076923,0.5440613026819924,0.8776372031641874,0.9913684207811165
21386255_AI.txt,AI,7.760265084487645,216.80663291207918,0.03633558433967937,0.40112941892841353,0.4592833876221498,0.07352941176470588,0.5472312703583062,0.5484407994341771,0.9527067916839579
21478007_AI.txt,AI,7.775922261796508,219.1723906369758,0.012989278042397263,0.40609315374202737,0.4842105263157895,0.04929577464788732,0.5736842105263158,0.5744562646538028,0.964922942333893
21511817_AI.txt,AI,7.663335030368712,202.71865260846386,0.03045369103982207,0.42631022217270365,0.47985347985347987,0.07536764705882353,0.554945054945055,0.9868320212896409,0.9708995889134037
21512769_AI.txt,AI,7.589747762736262,192.63790038595872,0.008940650878532977,0.6220513290004935,0.46629213483146065,0.045112781954887216,0.5430711610486891,0.7449505606932415,0.9905426220912087
21531811_AI.txt,AI,7.187167695151497,145.73137417628328,0.010635305058350598,0.37539357241426974,0.5691823899371069,0.02531645569620253,0.6415094339622641,0.6181885268307028,0.9772510780141068
21549195_AI.txt,AI,7.550218281822785,187.4313255633881,0.024603606135079184,0.8328087992082222,0.3910171730515192,0.1576158940397351,0.4438573315719947,0.604296239575001,0.9641380012428884
21550454_AI.txt,AI,7.882511930907192,235.97855225927754,0.01239022543995799,0.6390308116468574,0.4911147011308562,0.09886547811993517,0.5767366720516963,0.6799254989114834,0.9621349420537189
21567392_AI.txt,AI,7.669070079533496,203.5261103713667,0.011989995939924596,0.5202228124052125,0.5422680412371134,0.016563146997929608,0.6082474226804123,0.7528718823189162,0.9813093481349706
21568833_AI.txt,AI,7.361792545116978,164.48275740666614,0.0307949149410214,1.304097332845133,0.4500978473581213,0.06483300589390963,0.5166340508806262,0.5922205967285772,0.9762275265230134
21570485_AI.txt,AI,7.695270986112205,207.25613337534256,0.02126925755414705,0.8752193911628914,0.44954128440366975,0.05214723926380368,0.5152905198776758,0.6051726088964213,0.9670038571305235
21586858_AI.txt,AI,7.823358511177815,226.49862959068955,0.02179097923759176,1.5080651610204963,0.45590433482810166,0.0704647676161919,0.5411061285500748,1.0317312402967935,0.9633911307465124
21595057_AI.txt,AI,7.669837139367325,203.63435099728912,0.011102244616364658,0.3665797585966265,0.44408427876823336,0.06016260162601626,0.5364667747163695,0.48567860679607716,0.9574042480827419
21611212_AI.txt,AI,7.358352574760347,164.09103097645718,0.013827836236152306,0.34411837551783214,0.4724770642201835,0.055299539170506916,0.5665137614678899,1.1066716241689243,0.9496614330915204
21611637_AI.txt,AI,7.657369437149871,201.88213477000153,0.014232125987368793,0.33100156646592,0.4242902208201893,0.05221518987341772,0.5141955835962145,0.5679934087621393,0.9639876597145615
21614256_AI.txt,AI,7.737195073531051,213.36726946686397,0.023879037034455805,1.6034698384183612,0.4576547231270358,0.06862745098039216,0.5407166123778502,0.5937907274312396,0.9734505220029496
21622444_AI.txt,AI,7.154654672846269,142.4838577526555,0.017102156943061553,0.4424272499999737,0.48186528497409326,0.046875,0.5595854922279793,0.7683252784615691,0.9684298525591836
21629057_AI.txt,AI,7.7373267824468215,213.38674943577567,0.006502460335111605,0.8336810282990414,0.4752136752136752,0.0274442538593482,0.5641025641025641,0.6460701065937374,0.9762387122993783
21645690_AI.txt,AI,7.808339077317596,224.15285696625406,0.010728711040344943,0.4528928415632604,0.4701130856219709,0.02593192868719611,0.5460420032310178,0.9406493066662297,0.973016522837553
21663616_AI.txt,AI,7.774869411472485,219.01250130765982,0.02512819641695683,2.5784556985287876,0.49489795918367346,0.04436860068259386,0.5595238095238095,1.056504416779166,0.9621675020861925
21669215_AI.txt,AI,7.590775738688416,192.77521124598488,0.012142223099243218,0.8690238679799224,0.4940944881889764,0.021739130434782608,0.5826771653543307,0.7026426752483261,0.9574241319900567
21705160_AI.txt,AI,6.671753962372232,101.95254382569068,0.011934312007377393,0.3807191239396878,0.5497382198952879,0.06878306878306878,0.643979057591623,0.5897048395082599,0.9488759292546876
21756639_AI.txt,AI,7.831444245490394,227.77162869850966,0.020558742519528658,0.779454229036971,0.5284974093264249,0.03292894280762565,0.6010362694300518,0.7549981212958307,0.9898155323292915
21763056_AI.txt,AI,7.64984912322638,200.83252493593443,0.019746746537080164,0.35335226925148205,0.4306930693069307,0.07781456953642384,0.5181518151815182,0.5674078157657652,0.9767073865930463
21773106_AI.txt,AI,7.815202267069308,225.22173750150486,0.02797389040858207,0.803265422501084,0.4559748427672956,0.09779179810725552,0.5283018867924528,0.46454007341159476,0.9548894346369602
21780877_AI.txt,AI,7.802199225031337,223.20092951617164,0.01692103923471604,0.5619979960291799,0.4657320872274143,0.0484375,0.5451713395638629,0.7366571598706815,0.9574068666168369
21782152_AI.txt,AI,7.663783716767815,202.7817090724062,0.011046759127989622,0.3691500876174092,0.5216494845360825,0.041407867494824016,0.6123711340206186,0.5893926625193638,0.9539104906859835
21794875_AI.txt,AI,7.634080336434248,198.6493601706181,0.02512669005066587,0.5340320478500306,0.47079646017699117,0.0674955595026643,0.5309734513274337,0.8400250603200468,0.980629110847034
21796843_AI.txt,AI,7.757772277014632,216.43233999155595,0.016046226735966587,2.4956652240351063,0.42684766214177977,0.0907715582450832,0.5158371040723982,0.7358359161195374,0.9708101621143105
21807211_AI.txt,AI,7.742731721071196,214.1876847705811,0.014671373054019356,0.8754436187519935,0.5423387096774194,0.04048582995951417,0.625,0.8781911012157148,0.9559174745133044
21807224_AI.txt,AI,7.164788642223348,143.48823512757758,0.014062178687301813,0.42337037529305593,0.41935483870967744,0.08564814814814815,0.4976958525345622,0.8465356694465811,0.9908669428542829
21809601_AI.txt,AI,7.49929693836647,180.93114219290106,0.01800469051396873,0.6662714814068295,0.47876447876447875,0.06782945736434108,0.5598455598455598,0.45248601085184736,0.9423749732758118
21830565_AI.txt,AI,7.576488113963626,190.87549841364708,0.012947601208177137,1.0094080399338714,0.4195121951219512,0.06525285481239804,0.510569105691057,0.661508718282355,0.9507410295150589
21847415_AI.txt,AI,7.677567286161951,204.72837856487203,0.02256828939233422,0.5239389045004627,0.4398216939078752,0.06706408345752608,0.49777117384843983,1.2690369623860789,0.9689031274832832
21853199_AI.txt,AI,7.424078551012586,171.73955530485102,0.04607678171642041,0.5705080078125279,0.38808373590982287,0.1260096930533118,0.4573268921095008,0.914153799678586,0.9815537489866464
21856577_AI.txt,AI,7.506230656133845,181.80280595710943,0.010685585012533454,0.3660078974784094,0.49764150943396224,0.023696682464454975,0.5990566037735849,0.5469293126524901,0.9630998313503283
21866029_AI.txt,AI,7.527071245352897,184.4481163227572,0.027040416604410058,0.38094311830711036,0.4190800681431005,0.08717948717948718,0.4991482112436116,0.7384524733767892,0.9642554763364997
21867728_AI.txt,AI,7.756508169281827,216.24278228276634,0.02851067139871389,1.3765505361798906,0.430327868852459,0.04246575342465753,0.5068306010928961,0.6844088687449847,0.9204976666270591
21868149_AI.txt,AI,7.704353232819017,208.56499543495974,0.013078021398540203,0.9116274185222549,0.5254582484725051,0.03067484662576687,0.6130346232179226,1.010302762293112,0.9732225586124268
21869994_AI.txt,AI,7.4669290822579075,176.91702561199486,0.00879227209274788,0.42275109522577703,0.4682080924855491,0.06382978723404255,0.5452793834296724,0.8644692854169939,0.9729896067542332
21904897_AI.txt,AI,7.226603949766652,149.76990546517814,0.007829520170074194,0.4586930007372801,0.48404255319148937,0.07754010695187166,0.5797872340425532,1.0412297729486486,0.9657595892029454
21912637_AI.txt,AI,7.556405868211859,188.23692762799575,0.035368743411145404,0.6808478724792464,0.4732824427480916,0.06896551724137931,0.5324427480916031,1.1585001693679873,0.9873810956263832
21916744_AI.txt,AI,7.794380710958193,221.99459040081598,0.02341051455007784,2.8165972924957687,0.5129151291512916,0.05,0.5922509225092251,1.2719958272458651,0.9379187211510774
22008817_AI.txt,AI,8.095156534290286,273.45441301052455,0.02239723207908721,0.3772005484516561,0.42105263157894735,0.05054945054945055,0.4934210526315789,0.8687393304698741,0.9826125628382375
22019500_AI.txt,AI,7.5855596686839535,192.0794901059765,0.02500488590050235,0.42594330751497494,0.4557823129251701,0.040955631399317405,0.5204081632653061,0.7850325726271896,0.9664967598534943
22025574_AI.txt,AI,7.659789746638059,202.22110268862548,0.009589768720696463,0.43946961461855605,0.4629294755877034,0.05989110707803993,0.5406871609403255,0.5215472517615172,0.9627086841878895
22042181_AI.txt,AI,7.463751276717666,176.52776165904442,0.029041162502600124,0.47022931911131405,0.446360153256705,0.057692307692307696,0.5344827586206896,0.6449847215285731,0.9625260334881927
22047665_AI.txt,AI,7.16912981418174,143.92065168937512,0.014385069744367408,0.2629275898442779,0.535483870967742,0.045454545454545456,0.6419354838709678,0.4765309471106448,0.9475839078268619
22056333_AI.txt,AI,7.066274459322892,134.01720919622812,0.009903113873967763,0.6619671735977797,0.5060606060606061,0.057926829268292686,0.5848484848484848,0.9270416296167863,0.9719160090028236
22093368_AI.txt,AI,7.8007506013018215,222.97692383467836,0.02276148242573371,0.8532152009548697,0.4861788617886179,0.026101141924959218,0.5707317073170731,0.831795825345657,0.9631601613688751
22168194_AI.txt,AI,7.06104906263917,133.53268102461692,0.010828944819124806,0.40051847242622546,0.442159383033419,0.15503875968992248,0.5244215938303342,0.778887913824757,0.9692082023593533
22182279_AI.txt,AI,7.233876806325639,150.52682579985878,0.006787986123989373,0.6672354868863626,0.49868073878627966,0.04774535809018567,0.5804749340369393,0.9094254136989897,0.9847209747061737
22232367_AI.txt,AI,7.548562938769355,187.2163908719707,0.022279221512884386,2.542936782659054,0.4653846153846154,0.08108108108108109,0.5423076923076923,0.8557051722755527,0.9792452854263641
22249155_AI.txt,AI,7.12866656617449,139.94019202272725,0.01811726917581535,0.4062061932111943,0.45789473684210524,0.1349206349206349,0.5421052631578948,0.6480238909687583,0.9301745223978669
22259475_AI.txt,AI,7.581782265096655,191.57722684523844,0.02811716102024566,0.4397436806052747,0.4826254826254826,0.040697674418604654,0.5733590733590733,0.7227190298313894,0.9125630079507258
22259768_AI.txt,AI,7.524921673726681,184.1734988894736,0.027689055267346403,0.18706989308218,0.36023391812865496,0.09378663540445487,0.41637426900584795,0.4158315818432575,0.9586531458850486
22319662_AI.txt,AI,7.089574668543438,136.19922354708078,0.013311796005181275,0.6140498479653387,0.5091463414634146,0.06134969325153374,0.6097560975609756,0.9532684386504265,0.9457472658333702
22323967_AI.txt,AI,7.793485978294268,221.85695616327436,0.013611735609184161,0.3597693408523971,0.45368916797488223,0.03622047244094488,0.5447409733124019,0.7794579320294346,0.9696437734973963
22349169_AI.txt,AI,7.165277846507697,143.53689888531918,0.026989691872042035,0.4292352819368967,0.41594827586206895,0.18181818181818182,0.47413793103448276,0.8242067050669803,0.9477675789873653
22351830_AI.txt,AI,7.94686677950126,246.74324510966534,0.01844775346263139,0.8076598641354789,0.5108877721943048,0.013445378151260505,0.5829145728643216,1.0646289583244102,0.9720481504050131
22380187_AI.txt,AI,7.221665017695859,149.258058776025,0.02100801254580828,0.7031795550765311,0.5562700964630225,0.12297734627831715,0.639871382636656,1.040770854965434,0.9421505774709863
22391901_AI.txt,AI,7.686785042623667,206.04062948768754,0.012068051290482617,0.8012014720879329,0.4956217162872154,0.03690685413005272,0.5779334500875657,0.5437638007784981,0.9390323382047016
22408666_AI.txt,AI,7.46429896286541,176.59478910479882,0.026488545725821388,0.4768016955874229,0.4552683896620278,0.021956087824351298,0.5546719681908548,0.9590803132116729,0.9600618047290559
22423839_AI.txt,AI,7.347816540092032,162.89703564257889,0.011007429027112126,0.3871713321328998,0.4503171247357294,0.07006369426751592,0.5369978858350951,0.5940684506721831,0.9716251647950183
22442947_AI.txt,AI,7.352812140788618,163.4620747270235,0.022452375617958722,0.18356195127048255,0.45414847161572053,0.07456140350877193,0.5524017467248908,0.34711808430120183,0.9664285476320291
22450718_AI.txt,AI,7.724942483626198,211.56284683725298,0.01844990489208692,0.6760626626392868,0.5477707006369427,0.021321961620469083,0.6263269639065817,1.1981739149388928,0.9656056988152523
22452756_AI.txt,AI,7.371099345584074,165.5472626576197,0.021238491720683816,1.6514478538170705,0.45893719806763283,0.02912621359223301,0.5579710144927537,0.8141556482949702,0.9636206752561713
22455205_AI.txt,AI,7.581217282063656,191.50221675058145,0.014237903028703102,0.8966627423467821,0.48214285714285715,0.11648745519713262,0.5446428571428571,1.2186411868262124,0.9663296401119683
22465498_AI.txt,AI,7.53703511287724,185.72640282973802,0.02207122675621187,0.7090430935276538,0.4642857142857143,0.07547169811320754,0.5639097744360902,0.7855114262031107,0.9739488247639113
22485475_AI.txt,AI,7.7096884876536205,209.3377210923317,0.02568321724672926,1.6458529187969337,0.5166340508806262,0.043222003929273084,0.5909980430528375,1.0218717128668617,0.9735433991024718
22488036_AI.txt,AI,7.854314628279295,231.41115954864986,0.027131712844441862,0.494201323258535,0.47115384615384615,0.03858520900321544,0.5448717948717948,0.5618993947085755,0.9620753710083967
22492537_AI.txt,AI,7.595525996734742,193.41099442313046,0.011025381414020428,0.3742142928501713,0.4460431654676259,0.05415162454873646,0.5287769784172662,0.6536397835326693,0.9583124427742735
22496394_AI.txt,AI,7.403019379222652,169.2508629311837,0.013636650897383184,0.5787735850518855,0.43320610687022904,0.2547892720306513,0.5057251908396947,0.9807565141928419,0.9287992257702314
22506245_AI.txt,AI,7.532469488583656,185.13957288742057,0.01396171026256616,0.6151701701318548,0.4693446088794926,0.050955414012738856,0.5623678646934461,1.2005604466999704,0.9868755024186338
22510753_AI.txt,AI,7.592545797040293,193.01187441734484,0.015602839969357312,1.404992856280924,0.47504621072088726,0.10018552875695733,0.5674676524953789,1.0225980929607794,0.9650983044536385
22546476_AI.txt,AI,7.462533259165973,176.37878826750878,0.015777199475396683,1.6201399352463395,0.47,0.08835341365461848,0.542,0.5898450994789312,0.9855863208445684
22551979_AI.txt,AI,7.714256495952823,210.0015980154595,0.009773992162716022,0.34124628682414615,0.5231910946196661,0.0446927374301676,0.5955473098330241,0.5528568171867161,0.9634845026416273
22556198_AI.txt,AI,7.726121037119476,211.73574547237104,0.020781811089685364,0.9895403280120838,0.4504792332268371,0.057692307692307696,0.5351437699680511,0.5356506050106292,0.9653302865600742
22560013_AI.txt,AI,7.58523222208471,192.03589902339053,0.0274227282290237,0.7873309745832109,0.45666666666666667,0.051839464882943144,0.525,0.6955279483846261,0.9653135929841269
22561438_AI.txt,AI,7.258487999350867,153.1167177814414,0.008057831141717027,1.000401714859192,0.5079365079365079,0.04153354632587859,0.6190476190476191,0.7884409501308349,0.9768935453605485
22567495_AI.txt,AI,7.61926312679373,196.61957182947785,0.03216968050041158,0.40134630377273106,0.4570957095709571,0.046357615894039736,0.5214521452145214,0.8521520453817464,0.9836813083659192
22571461_AI.txt,AI,7.595880748404782,193.45855909051173,0.00981864111003027,2.6782588585625726,0.5092402464065708,0.03917525773195876,0.5872689938398358,0.9471561404623989,0.9829521125804926
22593054_AI.txt,AI,7.638594913130057,199.27196051381878,0.018229992511424764,0.5152880451740778,0.5106382978723404,0.04700854700854701,0.6212765957446809,0.7200714214362467,0.9524029239676668
22605864_AI.txt,AI,7.582978196977641,191.73610193354543,0.011641509042889254,0.8889197743645461,0.42644628099173554,0.06965174129353234,0.4991735537190083,0.6309182603473048,0.9895241430688543
22615491_AI.txt,AI,7.044003762495273,131.96428896326586,0.007438594402764971,0.3809014678957739,0.5256410256410257,0.0967741935483871,0.6121794871794872,0.6085577606743037,0.9840091268968184
22622351_AI.txt,AI,7.600508497944348,194.08011469671214,0.013722229285687214,0.6211637880707621,0.4364937388193202,0.07001795332136446,0.5205724508050089,0.5765013806541975,0.9851697688792935
22632070_AI.txt,AI,7.1268905482995875,139.76802579293422,0.06804378613025729,0.4820523962381419,0.4320388349514563,0.07804878048780488,0.5218446601941747,0.9823541976847944,0.9630376244670997
22650051_AI.txt,AI,7.81648697020644,225.422384160072,0.017555073996310004,0.5355057957209963,0.49413735343383586,0.047058823529411764,0.5644891122278057,1.2135175801867293,0.9625423122640485
22675694_AI.txt,AI,7.333813075601499,161.3235307045584,0.01540623449714707,0.3895753446623619,0.4658536585365854,0.051470588235294115,0.5585365853658537,0.9433534154520475,0.9671815309116117
22706174_AI.txt,AI,7.435792864688765,173.13971321099413,0.014235596234312396,0.27649960825198333,0.41403508771929826,0.04929577464788732,0.5,0.5986405565863641,0.9460178802067878
22718826_AI.txt,AI,7.768039779768625,217.97815946376738,0.005644972065029068,0.49719041426329375,0.46656050955414013,0.07507987220447285,0.5445859872611465,0.7036283691259146,0.9619878771128841
22720697_AI.txt,AI,7.488705567562486,179.6077219479188,0.020895813633800015,0.5640455668490982,0.41742286751361163,0.10018214936247723,0.49909255898366606,1.052854301442751,0.9815146134100485
22732234_AI.txt,AI,7.700248170721752,207.97238555807178,0.01769504174216428,0.27106940368508636,0.49471830985915494,0.037102473498233215,0.5757042253521126,0.4417557833075552,0.9572017748204493
22754014_AI.txt,AI,7.655736333354183,201.6537372655848,0.01957042232030234,0.40488630302286566,0.3990228013029316,0.049019607843137254,0.498371335504886,0.871471589368203,0.9854464714717672
22765255_AI.txt,AI,7.513484502569387,182.71920931182123,0.013055637008348024,1.0210431302616993,0.5102459016393442,0.06995884773662552,0.5799180327868853,1.0314326845835344,0.9518334887727086
22776912_AI.txt,AI,7.603517615972543,194.48534201915763,0.036005448058805845,0.4650036641129662,0.41678726483357453,0.06095791001451379,0.48480463096960924,1.352137700984535,0.9499102505168349
22800977_AI.txt,AI,7.599155118506666,193.89813523039032,0.0257549099813199,0.8573937091523234,0.4784172661870504,0.0631768953068592,0.5287769784172662,0.767396517497723,0.970259329313799
22807104_AI.txt,AI,7.430185084183675,172.46802244223335,0.008677052309921657,0.5198801165108626,0.5120772946859904,0.02912621359223301,0.5942028985507246,0.6103236613268925,0.9510924794079197
22848179_AI.txt,AI,7.637224058194815,199.08270138500927,0.011677714152427986,1.3599970293809562,0.44958677685950416,0.06301824212271974,0.5223140495867769,1.0541728716178553,0.9705426700983067
22852364_AI.txt,AI,7.573760060780453,190.51490488409513,0.009661438620169448,0.4995453748332723,0.3835227272727273,0.10398860398860399,0.4602272727272727,0.5728036452506187,0.9945414308370787
22855060_AI.txt,AI,7.394756383356732,168.28425405926336,0.009523095367606487,0.28055040849471635,0.5119617224880383,0.02403846153846154,0.5956937799043063,0.6579040035658054,0.9347858405200646
22861181_AI.txt,AI,7.630980747878225,198.22302591491578,0.011947846271842406,0.4401963924859275,0.47701149425287354,0.03076923076923077,0.578544061302682,0.6642547655674534,0.947757200065905
22884757_AI.txt,AI,7.181257754560699,145.13561271604453,0.01831466883988879,0.44631865406621807,0.5537459283387622,0.08524590163934426,0.6351791530944625,0.6612169249449483,0.975512184478781
22890839_AI.txt,AI,7.8863107881241605,236.60074204109725,0.03453253044611417,2.2865540998631695,0.566,0.028112449799196786,0.636,1.3637757112062787,0.9586123256632252
22894544_AI.txt,AI,7.662412733514649,202.58909853068675,0.006739396743856804,0.35780872989124796,0.501984126984127,0.035856573705179286,0.6031746031746031,0.46203490764981187,0.9551194627022846
22925443_AI.txt,AI,7.369720748472409,165.38914610158602,0.007531481116235644,0.4071887408408277,0.526829268292683,0.029411764705882353,0.5975609756097561,0.741399227003447,0.970570455557708
22946204_AI.txt,AI,7.8807860073546445,235.69641541964717,0.03007627169229455,2.062820975837987,0.5140961857379768,0.02329450915141431,0.5655058043117744,1.0289485749159328,0.9598024607770135
22965804_AI.txt,AI,6.575952692666817,95.40233637111173,0.015927793991717506,1.725133530454569,0.4858490566037736,0.0380952380952381,0.5990566037735849,0.6871321037941354,0.9716485323032076
22968380_AI.txt,AI,7.6866302820899834,206.01852831824334,0.011801822762206376,0.6956822890613399,0.5078740157480315,0.029644268774703556,0.59251968503937,1.0159848928728434,0.9679175230675859
22983516_AI.txt,AI,7.649698431346532,200.8115487425179,0.00788689739262453,0.8001964600450605,0.5468085106382978,0.021367521367521368,0.625531914893617,0.6773417705643139,0.9462104694465074
22990761_AI.txt,AI,7.682262922823271,205.39580737294574,0.01473806724941393,0.5670178672539408,0.4911242603550296,0.03564356435643564,0.591715976331361,1.3451476711892025,0.9592823137754558
23004695_AI.txt,AI,7.458506088176925,175.8871271355427,0.05402001738084941,0.4544652902717884,0.49333333333333335,0.06696428571428571,0.5888888888888889,0.694999777955378,0.9624955860481645
23009962_AI.txt,AI,7.607284031494861,194.99374441953535,0.02333625953396659,0.347531540486005,0.4209621993127148,0.06724137931034482,0.520618556701031,0.5319816737505989,0.9410444825380535
23011221_AI.txt,AI,7.691746505617771,206.75042798265378,0.019499879862475922,1.2982850404156059,0.5392781316348195,0.057569296375266525,0.6178343949044586,0.8461583086248989,0.9720487027853685
23015611_AI.txt,AI,7.8514846035176795,230.95766287756362,0.012018061792009649,1.680941856254958,0.47840531561461797,0.021630615640599003,0.5771144278606966,0.6127129805811311,0.9510008490995122
23032182_AI.txt,AI,7.592402444540183,192.99269686466283,0.014075562928062385,0.5022968824702595,0.4925053533190578,0.03870967741935484,0.582441113490364,0.556916736320686,0.9418962209323799
23032276_AI.txt,AI,7.799172331471275,222.73312641547756,0.009882340450326493,0.39058973571008476,0.37831603229527105,0.13410404624277455,0.4417531718569781,0.8312245521249738,0.9604778488603721
23048999_AI.txt,AI,7.555097561997849,188.06630258017188,0.031639666100822354,0.9628218464509855,0.44074074074074077,0.07977736549165121,0.5378927911275416,0.6387358917635583,0.9742267273966333
23063986_AI.txt,AI,7.837256669311504,228.69114093487872,0.008850004721765895,0.5421776497653817,0.47833333333333333,0.10869565217391304,0.56,0.7975931676682737,0.9642826306448857
23085604_AI.txt,AI,7.575419139695806,190.73412035640254,0.021578367881378995,0.3202545543676141,0.34069767441860466,0.1561771561771562,0.4069767441860465,0.4774744614083217,0.963950482502072
23110214_AI.txt,AI,7.636813645152299,199.02607506119827,0.025461050511236146,0.8920343392154793,0.4421768707482993,0.04778156996587031,0.5289115646258503,0.5428671960464518,0.9444457105871557
23138078_AI.txt,AI,7.631457955488547,198.28860400324697,0.03205536114398398,1.3673888792789421,0.5,0.07386363636363637,0.5641509433962264,1.1276189692656764,0.9814914475784968
23139437_AI.txt,AI,7.048221529024493,132.35065541630948,0.004166626057284922,0.41669551420165657,0.4967948717948718,0.0967741935483871,0.5737179487179487,0.5535928512242398,0.932153644079442
23139819_AI.txt,AI,7.466773756110846,176.8979790637507,0.015842017664781813,0.3769424340546369,0.4540441176470588,0.06273062730627306,0.5165441176470589,0.821629687408063,0.9926084423718171
23143731_AI.txt,AI,7.708235222845026,209.1269558508975,0.01239906280859797,0.7117167603508633,0.43238993710691825,0.138801261829653,0.5110062893081762,0.6089381525574257,0.9458171584900902
23155093_AI.txt,AI,7.688286837261247,206.25522218596345,0.01306951104239066,0.2576498315779853,0.4507512520868113,0.06030150753768844,0.5392320534223706,0.336824312977969,0.9564833982543556
23185829_AI.txt,AI,7.479510305481371,178.4666020252174,0.007845424996651532,0.32256115306607613,0.46770601336302897,0.05592841163310962,0.5612472160356348,0.39968177692288864,0.9626681041844944
23190306_AI.txt,AI,7.4831581596572025,178.91842577678116,0.0182648740160176,0.6245014247245766,0.43703703703703706,0.027881040892193308,0.5166666666666667,0.7643894215250913,0.949593931297387
23234047_AI.txt,AI,7.693477742357061,206.99867780209777,0.03851456172897576,1.0150794844391822,0.5028901734104047,0.061895551257253385,0.5722543352601156,0.9911885656076898,0.9851021479548457
23246831_AI.txt,AI,7.512225634078312,182.5598415156733,0.014055993324310088,0.26357636274327173,0.4407766990291262,0.031189083820662766,0.5320388349514563,0.49312156895339015,0.9527152758562104
23296286_AI.txt,AI,7.205264013815679,147.5708554496865,0.007314601847458209,0.6542548152235976,0.4828571428571429,0.04885057471264368,0.58,0.9537951405139509,0.9665505801096548
23302948_AI.txt,AI,7.956873696231919,248.4606712973935,0.017355688043035455,3.625477195233168,0.4666666666666667,0.052924791086350974,0.5263888888888889,1.4366298257610997,0.9775885458506183
23323001_AI.txt,AI,7.611014649043601,195.49862481083719,0.01685437182159089,0.7785270624238569,0.43449419568822556,0.07820299500831947,0.5140961857379768,0.6554876226094823,0.9760721088344624
23354541_AI.txt,AI,6.9237770379140215,121.41282707689429,0.014385833137423558,0.44472421145080915,0.4535211267605634,0.11048158640226628,0.532394366197183,1.123975431087599,0.9684960183456773
23387174_AI.txt,AI,7.623004025898052,197.13006670298017,0.02244403422883109,0.5969007225677687,0.4228855721393035,0.06988352745424292,0.5107794361525705,1.0027903492190906,0.9549672090040732
23396633_AI.txt,AI,7.716202044643577,210.28498704370475,0.019595730262430947,0.9063875548205874,0.4263565891472868,0.06376360808709176,0.5054263565891473,0.4558417745138708,0.9608718450803186
23398733_AI.txt,AI,7.08845049432288,136.09313597248504,0.010633759608529624,0.4918354250114539,0.6309523809523809,0.02,0.7063492063492064,0.843055532207391,0.963145457769429
23398843_AI.txt,AI,7.46706727187398,176.93397255232532,0.012105039644650767,0.6645464381666656,0.45588235294117646,0.11392405063291139,0.5462184873949579,0.9161136813406003,0.9668700695427506
23408537_AI.txt,AI,7.454179690593395,175.36046157660004,0.017051094901009575,0.4016938619067113,0.5171568627450981,0.054187192118226604,0.6078431372549019,0.7147875770302787,0.946551701184876
23416654_AI.txt,AI,7.858877172984827,232.14415926198552,0.017941896512786937,1.131149821509778,0.460093896713615,0.07378335949764521,0.5383411580594679,0.9599173280369989,0.9465123740192345
23427369_AI.txt,AI,7.636663787685611,199.00540264354711,0.022918760978132193,0.40898481267013476,0.463768115942029,0.06181818181818182,0.5489130434782609,0.5743874624682029,0.9642178063307805
23438112_AI.txt,AI,7.495011999517269,180.39455707132146,0.04109721274864281,0.3800574270053974,0.44684684684684683,0.10669077757685352,0.5153153153153153,0.6997430893848774,0.9754333405097105
23438227_AI.txt,AI,7.847246967438128,230.28026501321824,0.014905138770402542,0.42992759038267947,0.4969040247678019,0.043478260869565216,0.5603715170278638,0.43836583890917785,0.9563842374134189
23464505_AI.txt,AI,7.573463585987713,190.47575796662275,0.02476449216819164,1.4383123973823695,0.51931330472103,0.03879310344827586,0.5901287553648069,1.0832570414048257,0.9605733441447211
23477199_AI.txt,AI,7.3648058343804035,164.82666382988504,0.020238430317514145,0.4424611559671353,0.4789915966386555,0.05485232067510549,0.5525210084033614,1.149290814877866,0.9566239484034532
23497307_AI.txt,AI,7.506016046283897,181.77576367169323,0.013211158872077274,0.2476981820542643,0.514161220043573,0.03938730853391685,0.6013071895424836,0.39366116475335444,0.9506889762296783
23510685_AI.txt,AI,7.640403472091425,199.52192399836628,0.02026071385519722,0.2880645260260228,0.42342342342342343,0.08283132530120482,0.4864864864864865,0.7674390332202837,0.950930555834202
23513618_AI.txt,AI,7.7255809816579255,211.6564995870065,0.025410999797681005,0.4633410276454685,0.5042881646655232,0.03442340791738382,0.5746140651801029,0.8684145160484573,0.9877100659632032
23522150_AI.txt,AI,7.7680754179513745,217.98354413704334,0.01996825579910077,0.46227461775135165,0.5393474088291746,0.028901734104046242,0.6295585412667947,0.8560810094173521,0.9535880249631536
23527321_AI.txt,AI,7.4898956593876065,179.75594306312396,0.021093502576177797,1.836624931201891,0.3629943502824859,0.13314447592067988,0.4307909604519774,0.6499078571588205,0.9860855649686852
23568641_AI.txt,AI,7.416954590576579,170.89360379032544,0.0034418078384042304,1.0488884980484177,0.5064599483204134,0.02077922077922078,0.6072351421188631,0.6831783494673609,0.9745000921677074
23568731_AI.txt,AI,7.449612201391105,174.8061583890041,0.01575031431664216,0.26359380436649776,0.45875251509054327,0.09475806451612903,0.5522088353413654,0.47833875451974556,0.9442148961182408
23573064_AI.txt,AI,7.471032628114283,177.4209578854184,0.05929635428822583,0.2775383516025975,0.4488330341113106,0.04504504504504504,0.5224416517055656,0.9638177773069656,0.9388874823470373
23577836_AI.txt,AI,7.621604990102318,196.9389949018211,0.019199288055588876,0.5850407644630947,0.5251641137855579,0.04395604395604396,0.6061269146608315,0.75589361572588,0.9526993242049436
23591247_AI.txt,AI,7.209063097939175,147.9599694982017,0.011509235171404746,0.6650827179775394,0.6007604562737643,0.038314176245210725,0.6958174904942965,0.6263543193385127,0.9787433504078409
23602130_AI.txt,AI,7.151867711901099,142.20887680956918,0.013833181081276152,0.5128018236957507,0.5093833780160858,0.05929919137466307,0.5951742627345844,0.964840210256476,0.9805304859130904
23617240_AI.txt,AI,7.923069214685221,242.7065468741542,0.020172955689255614,0.4320389771233797,0.4384105960264901,0.08897742363877822,0.5165562913907285,0.8273177316986082,0.9795912429242365
23628651_AI.txt,AI,7.656563667213534,201.76941161536388,0.0239175576467022,1.7766165612659377,0.4632352941176471,0.042435424354243544,0.5606617647058824,0.6468160329580491,0.9677804948968174
23631188_AI.txt,AI,7.510152915923875,182.2977463414955,0.020528788271500155,1.2881484414351005,0.4497153700189753,0.10285714285714286,0.5351043643263758,1.0814579422692467,0.9643533837773206
23631724_AI.txt,AI,7.61795431585898,196.44127971275955,0.02389975942759812,1.0362273997895894,0.41935483870967744,0.1,0.48533724340175954,0.6781573802365416,0.9727401472993329
23636277_AI.txt,AI,7.540566179235884,186.181533994481,0.028835626005474197,0.3566283351424048,0.4470198675496689,0.046511627906976744,0.5182119205298014,0.9549003481940029,0.9880949379884229
23666211_AI.txt,AI,7.827027681744018,227.07541109178246,0.01601203734739571,1.169309723315286,0.5014836795252225,0.025297619047619048,0.5563798219584569,1.4020775081605488,0.9855641879360963
23673025_AI.txt,AI,7.730817246561665,212.42610312351283,0.012841745739051636,0.6723120622781557,0.5406976744186046,0.023346303501945526,0.6201550387596899,0.5827218443593601,0.967836581070515
23719943_AI.txt,AI,7.91205257603781,240.86026101779353,0.011328215632486713,0.5199742221683543,0.4314789687924016,0.047619047619047616,0.5400271370420624,0.56994586232225,0.9522553188849959
23734441_AI.txt,AI,7.425235596053396,171.8773461057953,0.05870598018773661,0.2648589813111072,0.43413729128014844,0.06890130353817504,0.5083487940630798,0.7331534984847652,0.9362710411810893
23752500_AI.txt,AI,7.4892298265684305,179.6730012160142,0.02653048136933533,1.4864537040348895,0.4177215189873418,0.07441016333938294,0.5027124773960217,0.7492006751199312,0.9555900159259212
23760084_AI.txt,AI,7.370320356781728,165.45789889715846,0.01920756243577369,0.7984287929314867,0.5022026431718062,0.059734513274336286,0.5638766519823789,0.781303974434251,0.9520117071420959
23761385_AI.txt,AI,7.671285684105488,203.83891370361624,0.0246821948737506,1.4031190376102407,0.5174537987679672,0.032989690721649485,0.6036960985626283,0.8056538691580951,0.9780429525646744
23771896_AI.txt,AI,7.653794475101575,201.3824952172634,0.01268224906770009,0.36037559899141436,0.44768439108061747,0.07401032702237521,0.5420240137221269,0.6359525384096155,0.9860476996580514
23782450_AI.txt,AI,7.329325191105319,160.82247093813464,0.026719382610745135,0.6378286755862927,0.5565217391304348,0.029154518950437316,0.6463768115942029,0.7007295526284244,0.971937015554922
23804341_AI.txt,AI,7.496563032177941,180.58860245186827,0.018037573650075148,0.2603651572901713,0.45528455284552843,0.07142857142857142,0.5528455284552846,0.5501929028752882,0.9665883000112312
23807940_AI.txt,AI,7.6302003350020735,198.1158279525715,0.013272849722024423,2.3770851683377927,0.3627329192546584,0.14819427148194272,0.4322981366459627,0.9268409779006654,0.9428022904134481
23810469_AI.txt,AI,7.537644440394775,185.8048616215385,0.010202336053813927,0.6434393003232085,0.3626543209876543,0.07430340557275542,0.4521604938271605,0.6066939932214054,0.9758147038259629
23814777_AI.txt,AI,7.606120468945396,194.83654144737605,0.02047631716794197,0.5011185085740173,0.5038022813688213,0.061068702290076333,0.5817490494296578,0.7051789170491264,0.9844361606531501
23818675_AI.txt,AI,7.810054447135719,224.41953406306072,0.043647532449194025,0.8311328733015955,0.4522691705790297,0.07053291536050156,0.53125,0.8603179350709608,0.9653632682940577
23841877_AI.txt,AI,7.35133919203309,163.29526997314727,0.027058173787039858,0.31086367142284005,0.4293381037567084,0.1490125673249551,0.4937388193202147,0.7273878648999459,0.9681616431360988
23864648_AI.txt,AI,8.006805255886501,257.2104157941388,0.021454061237143527,0.3493350825417985,0.4555984555984556,0.04392764857881137,0.5412371134020618,0.522612888626977,0.9599425834270905
23864858_AI.txt,AI,7.6981980976438065,207.67706617894703,0.0192342349410848,0.37369954981931924,0.43790849673202614,0.05737704918032787,0.5179738562091504,0.6824715181791258,0.9792561759342973
23914451_AI.txt,AI,7.744751406209647,214.48774446015457,0.014474439984298437,0.7150720826651386,0.448566610455312,0.0338409475465313,0.5413153456998314,0.7183260510970089,0.941924087267911
23917826_AI.txt,AI,7.70163432108588,208.17230274448198,0.017713838218238232,0.3022518341910037,0.47635135135135137,0.030508474576271188,0.5540540540540541,0.9575169142415767,0.9333143608577179
23918545_AI.txt,AI,7.455152382948225,175.4787327910761,0.021203753744838977,0.49595370461475285,0.46306306306306305,0.05063291139240506,0.5495495495495496,1.2014319129039512,0.9658093113319103
23929500_AI.txt,AI,7.517112009737252,183.17921590478767,0.017318083246044343,0.6236447531747618,0.468,0.05622489959839357,0.548,1.3655674906164732,0.9554756153612022
23933031_AI.txt,AI,7.5996669277091415,193.9669345623109,0.01284341518494131,0.7201985616415534,0.42504409171075835,0.07079646017699115,0.5149911816578483,0.5886229300969738,0.951707209063828
23939133_AI.txt,AI,7.491194086767348,179.9177964647153,0.020972952391056537,0.29969150406753164,0.43570057581573896,0.038535645472061654,0.5374280230326296,0.5106906108263187,0.9844730734297652
23944036_AI.txt,AI,7.670096905978829,203.6710199858082,0.008584868063580293,2.05715142087169,0.44193548387096776,0.0744336569579288,0.5241935483870968,0.76004273759276,0.9779793426016463
23951429_AI.txt,AI,7.375862319785347,166.09471055303484,0.010816101163681846,0.7209483123035691,0.6018808777429467,0.04416403785488959,0.7021943573667712,0.9625628236773868,0.9705070476135917
23955183_AI.txt,AI,7.781722552358526,220.0553371156027,0.012910594523762926,0.27139122458328135,0.5,0.05102040816326531,0.5898305084745763,0.5990503939113988,0.9842535284934264
23985183_AI.txt,AI,7.810758038512555,224.52900845229183,0.028713293994371586,1.338295773901581,0.47096774193548385,0.03398058252427184,0.5532258064516129,0.9818430277607475,0.987138325424366
24001783_AI.txt,AI,7.435548617849567,173.11040331044916,0.03594885185117607,1.9052126695355442,0.4899598393574297,0.09475806451612903,0.5481927710843374,0.7082274229642803,0.9792786981687609
24020470_AI.txt,AI,7.804203938730789,223.51129655488725,0.014409563301863264,1.2983186097354384,0.46106870229007635,0.05053598774885146,0.5343511450381679,0.6506912498385065,0.9539737948967142
24025053_AI.txt,AI,7.491121928998488,179.90879792951318,0.011751420585259964,0.4913800764798578,0.5172413793103449,0.017316017316017316,0.5818965517241379,0.8553273182990073,0.9668152880266081
24038620_AI.txt,AI,7.390353842036078,167.77149905938927,0.03373559117476598,1.1287101457745805,0.4518201284796574,0.05806451612903226,0.5331905781584583,0.5997769769946392,0.9894939603164542
24061629_AI.txt,AI,7.668788974199867,203.4864577073815,0.010897146152702845,0.5326617438194511,0.5460526315789473,0.03303964757709251,0.631578947368421,0.9973550644077795,0.9565547420661061
24068423_AI.txt,AI,7.6319999731132,198.36311462875182,0.03659119704069264,2.2306910153490866,0.3907563025210084,0.10252808988764045,0.4495798319327731,1.1349361169148382,0.9873525449933718
24083609_AI.txt,AI,7.062829859487352,133.6976094346685,0.013587495319837413,1.5089717040765476,0.601593625498008,0.04819277108433735,0.6852589641434262,0.5736179148397309,0.9623088958942811
24103168_AI.txt,AI,7.698163156735675,207.6720364691241,0.015698021908119277,0.40641214780206875,0.44603174603174606,0.07643312101910828,0.526984126984127,0.5878819258406901,0.9657672635152721
24124250_AI.txt,AI,7.726643509016327,211.8124394426453,0.01661069128358331,0.31391606719731596,0.46785714285714286,0.02867383512544803,0.5625,0.6504199076445477,0.9615427124059182
24154692_AI.txt,AI,7.798081983843034,222.56485468767497,0.014806087157466593,0.8837881227355369,0.5,0.028428093645484948,0.5766666666666667,1.0901731243602737,0.971386169379656
24184357_AI.txt,AI,7.474987621223931,177.90800562676657,0.03800694251130805,0.5091249447396389,0.5212264150943396,0.045023696682464455,0.6014150943396226,0.8233652368656009,0.9669083550514317
24219583_AI.txt,AI,7.69784813219359,207.62669449167157,0.014764673268425182,0.581383652760809,0.4570957095709571,0.08278145695364239,0.5313531353135313,0.9628790137242121,0.9647352088044913
24221960_AI.txt,AI,7.577879808239595,191.05971510330048,0.020510240079215696,0.659880856648503,0.5460829493087558,0.046296296296296294,0.6267281105990783,1.1144821103204754,0.9528939504601243
24230851_AI.txt,AI,7.262047200738857,153.49493078582813,0.012011371537769678,0.40770129121622123,0.45372460496614,0.1292517006802721,0.5440180586907449,0.6673500824353005,0.9625450075490712
24240349_AI.txt,AI,7.69480450479163,207.18912996624164,0.008462229868870762,2.662360112313075,0.4970873786407767,0.07017543859649122,0.5864077669902913,0.9587953679543603,0.9786197800279457
24251588_AI.txt,AI,7.6022164484686146,194.31001465088235,0.009650817457198962,0.37767250169460675,0.44571428571428573,0.05736137667304015,0.5466666666666666,0.5650742415903406,0.9662568159312094
24285142_AI.txt,AI,7.849575991006996,230.65231960190667,0.032691762809913115,1.622074846104405,0.5362595419847328,0.032567049808429116,0.6087786259541985,1.2014038459589316,0.9353441132883211
24294778_AI.txt,AI,7.698285266310807,207.6896145550205,0.016702494520537407,0.9974389779328323,0.47237076648841353,0.05366726296958855,0.5650623885918004,0.9031762992595629,0.9733070789700157
24322804_AI.txt,AI,7.44722063825083,174.51662135272855,0.024270068964784466,1.536754497530417,0.45598194130925507,0.07482993197278912,0.5575620767494357,0.840870015861777,0.9607682305544293
24349611_AI.txt,AI,7.9424433794321745,245.98787232135513,0.01645774184610491,0.9290823877554328,0.4747191011235955,0.03380281690140845,0.5351123595505618,0.710938922916041,0.9763931723573848
24361598_AI.txt,AI,7.453070214853077,175.22565596553488,0.008783748679387861,0.4174155753002546,0.5260770975056689,0.03416856492027335,0.6167800453514739,0.7999641848133872,0.97483412946923
24397882_AI.txt,AI,7.548413570013328,187.1970085139286,0.03806600679680411,1.910633172832578,0.44101633393829404,0.09836065573770492,0.5172413793103449,1.0892561621963057,0.9496649714775514
24402267_AI.txt,AI,7.432280827598138,172.71874166560372,0.01908278281721181,0.5119376286124111,0.4911242603550296,0.039603960396039604,0.5463510848126233,0.6840749290533368,0.9884464005719853
24410405_AI.txt,AI,7.645165515176105,200.1815934326492,0.021109529280877996,1.0035356435600307,0.4826923076923077,0.09073359073359073,0.575,1.0207903418590512,0.9385238951322331
24411323_AI.txt,AI,7.1682306205238815,143.83097770267725,0.013365192149099567,0.3221924991272252,0.5266272189349113,0.08928571428571429,0.6035502958579881,0.3714610411373255,0.9115860504142097
24412546_AI.txt,AI,7.388687142871292,167.57778995874318,0.023270594335411357,3.152872116671202,0.41532976827094475,0.1037567084078712,0.48128342245989303,0.8961614869012493,0.9802151090193905
24416961_AI.txt,AI,7.495441745983111,180.44830056431607,0.021483511363944288,1.9812167694972553,0.3421686746987952,0.09782608695652174,0.40602409638554215,1.0135553258098169,0.9824799774803346
24444525_AI.txt,AI,7.459880303466736,176.05474532649308,0.020321858362234445,0.5546901838779451,0.4110535405872193,0.1663778162911612,0.4905008635578584,0.8471325065026775,0.9768152744765262
24455357_AI.txt,AI,7.456228648504122,175.60969059883683,0.012924567410711638,0.7999598811716633,0.42435424354243545,0.12407407407407407,0.5055350553505535,0.7790700925157998,0.9800174606894857
24491862_AI.txt,AI,7.499792919928548,180.993354881847,0.008804433305678653,0.4055028538620204,0.4800796812749004,0.116,0.547808764940239,0.6334104027719123,0.9849773066109592
24508725_AI.txt,AI,7.738107913584244,213.50231659449753,0.04312981661218146,0.3550640046494673,0.4934086629001883,0.06427221172022685,0.5932203389830508,0.9309611922637889,0.9482578586384811
24516163_AI.txt,AI,7.698871448247677,207.7740181422863,0.014307837928644691,0.579806935853536,0.46440129449838186,0.08116883116883117,0.5388349514563107,1.0331327787142957,0.9617438583623757
24530382_AI.txt,AI,7.5992343028073215,193.90877788816846,0.016590947292569085,0.6879890178102596,0.35145385587863465,0.08365019011406843,0.4222503160556258,0.628080244371008,0.9762519013855964
24533931_AI.txt,AI,6.783555487334106,110.16754685711636,0.018846506067712956,0.2807439026345378,0.5378151260504201,0.059322033898305086,0.6176470588235294,0.4071874442606899,0.9350592491500559
24544244_AI.txt,AI,7.717463883119449,210.46899111581436,0.01020300041514053,0.3181828718354518,0.5275590551181102,0.01383399209486166,0.610236220472441,0.6140975119893488,0.9394975218742959
24548333_AI.txt,AI,7.646320628274696,200.3419356868858,0.01834266930193023,0.46945444318273344,0.4654867256637168,0.055062166962699825,0.552212389380531,0.5660301009204649,0.970581175516401
24550866_AI.txt,AI,7.506542703670344,181.84213322440195,0.011504034689813706,0.5052871470590978,0.5279069767441861,0.04449648711943794,0.6107226107226107,0.9044459261929642,0.9752736305306519
24553863_AI.txt,AI,7.596994355152675,193.60794611911666,0.017968305224532865,1.3342364946624692,0.40381558028616854,0.08931419457735247,0.48807631160572335,0.583980320231317,0.970308314111154
24559558_AI.txt,AI,7.877105157679251,235.09583300076136,0.01284844375178848,2.5576797498829413,0.46320346320346323,0.04775687409551375,0.5454545454545454,0.9030823774524743,0.9683099932005825
24574164_AI.txt,AI,7.6779414739354666,204.78148527799647,0.015216609892232506,0.40473949411016547,0.41679160419790107,0.06015037593984962,0.4917541229385307,0.6051996710107731,0.9877374050981065
24580361_AI.txt,AI,7.376539182004955,166.17265468392813,0.011949563099939109,0.46631137167935316,0.5065616797900262,0.09762532981530343,0.5826771653543307,0.7559489334448481,0.9476927437919098
24583187_AI.txt,AI,7.8275968096647155,227.165007608826,0.013002529180876531,2.1840996225147937,0.5542168674698795,0.046370967741935484,0.6325301204819277,1.073442071956731,0.9548207410017161
24588864_AI.txt,AI,7.707568096399811,209.03027438542097,0.008841715017976702,0.44902766812649697,0.48223350253807107,0.06960950764006792,0.5549915397631133,0.849473440408089,0.9635764169133656
24589765_AI.txt,AI,7.638685979153173,199.2845393868281,0.009848102573061132,0.8726387222170504,0.4512396694214876,0.05306799336650083,0.5256198347107438,0.6704748370141784,0.9623902688608069
24590489_AI.txt,AI,7.8917097685545405,237.48782900598212,0.007230191470653684,0.3540000122469542,0.4713855421686747,0.01812688821752266,0.5617469879518072,0.6942474726818794,0.964220227454372
24592627_AI.txt,AI,7.2494290757905375,152.1582845207674,0.019307850441937127,0.6131815148813529,0.3974121996303142,0.14471243042671614,0.46395563770794823,0.9956296870992176,0.9594407143177497
24610685_AI.txt,AI,7.888050318757539,236.88619562256798,0.04004193786820009,1.8267999441799954,0.4785185185185185,0.13075780089153047,0.5377777777777778,0.8544278281869375,0.9820880096222565
24611721_AI.txt,AI,7.645194507917593,200.18561636982056,0.015624051969421933,0.35325389761214576,0.484251968503937,0.041501976284584984,0.5728346456692913,0.6272107036606865,0.9637224122741554
24643412_AI.txt,AI,7.512022500276739,182.53413860345404,0.01947781247537815,2.6317034339279943,0.39176829268292684,0.09021406727828746,0.45884146341463417,0.8110212285807422,0.9745814107534059
24647386_AI.txt,AI,7.651295599924229,201.03398486922208,0.010285821077875653,0.33835055587849766,0.37320574162679426,0.0896,0.48165869218500795,0.6377818322082409,0.9732400953867736
24647794_AI.txt,AI,7.645048971436265,200.16542302338604,0.02396222514643142,0.8015016236782408,0.4565972222222222,0.041811846689895474,0.5121527777777778,0.5882194504719988,0.9888206928267363
24655918_AI.txt,AI,7.728143941738404,212.03284335895006,0.014219238000886068,1.7571884127567785,0.5136842105263157,0.04883227176220807,0.6046511627906976,0.7348533094133919,0.9653138308845601
24658786_AI.txt,AI,7.9140787626510285,241.19877379245528,0.04776750158336397,3.054677526041097,0.46056338028169014,0.10734463276836158,0.5140845070422535,1.5152475789039077,0.980261198906685
24668861_AI.txt,AI,8.103535678179698,275.0472518724793,0.02716925986393458,2.4625991672590484,0.4674698795180723,0.07125603864734299,0.5385542168674698,0.9576458546387757,0.9709183135161737
24670867_AI.txt,AI,7.661875627512193,202.51368996178232,0.012811237577485911,1.0819694468399939,0.4067796610169492,0.046742209631728045,0.5,0.5445651071150441,0.9771557044088903
24673903_AI.txt,AI,7.110085309306077,138.1493830672391,0.00713743671931655,0.6001005565406838,0.5605536332179931,0.027874564459930314,0.6608996539792388,0.6157192897182266,0.949811106501472
24677466_AI.txt,AI,7.567478361997572,189.68717929811734,0.015063870806190576,0.30699945155700525,0.3971223021582734,0.08802308802308802,0.4618705035971223,0.5610827826422747,0.97476899469104
24679149_AI.txt,AI,7.576700518236536,190.90360259017646,0.01625757747541147,0.29308589163616705,0.4357262103505843,0.08710217755443886,0.4991652754590985,0.5166410294646533,0.9204734224045273
24695561_AI.txt,AI,7.701568258777358,208.16277056502713,0.0239706392348404,0.9790035853515232,0.4396551724137931,0.08996539792387544,0.5206896551724138,0.7172756045569136,0.938979826355304
24703009_AI.txt,AI,7.812382495172932,224.78196770910088,0.023717496579021887,0.7485671739262482,0.47217537942664417,0.05414551607445008,0.5767284991568297,0.6891545511046039,0.9593179512978135
24703983_AI.txt,AI,6.818733026159012,112.88680286496574,0.012248816620295564,0.5589513386205043,0.43119266055045874,0.11692307692307692,0.5045871559633027,0.7820681807345707,0.984924590779052
24708621_AI.txt,AI,7.452239682227747,175.12481085388265,0.01655261432729625,0.5363304445897659,0.4939759036144578,0.004842615012106538,0.5759036144578313,0.7579223038078359,0.9572325720139911
24709432_AI.txt,AI,7.724148511058244,211.44644740507147,0.014333372950856441,1.0489451762344477,0.5085470085470085,0.034334763948497854,0.6175213675213675,0.7451903394269874,0.9693041868535137
24710433_AI.txt,AI,7.561156258879098,188.85776065876513,0.012469954624891828,0.5756487385368233,0.5029585798816568,0.07326732673267326,0.5759368836291914,0.8940642558065467,0.9776369644341373
24727739_AI.txt,AI,7.496764386123555,180.6138085863764,0.013973008224880476,0.4614378984703487,0.4528301886792453,0.058712121212121215,0.530188679245283,0.6704060311985995,0.9594755359881435
24740005_AI.txt,AI,7.72004932663698,210.84650927000007,0.04499667515085785,0.44248933445739813,0.5,0.04332129963898917,0.5845323741007195,0.9534135849144295,0.9491228988183221
24754689_AI.txt,AI,7.504431797579061,181.57626207848247,0.010659651441386472,0.3648800946378967,0.45225225225225224,0.07233273056057866,0.527927927927928,0.6898497856080972,0.9654096222491979
24763208_AI.txt,AI,7.7600260261709995,216.77071046600818,0.022288723428937278,0.2610246030457322,0.4145985401459854,0.09224011713030747,0.49635036496350365,0.4161854361326109,0.9488003704048431
24767027_AI.txt,AI,7.8781087350870385,235.25942886892233,0.00952285228445499,1.1442171189526342,0.45440494590417313,0.031007751937984496,0.5471406491499228,0.6242027963172003,0.947791523569028
24770846_AI.txt,AI,7.4233145195274615,171.64862847331048,0.012174518461538815,0.42761416073999087,0.47717842323651455,0.0375,0.5560165975103735,0.7031453379538741,0.963946979296728
24773845_AI.txt,AI,7.91021386531637,240.55348083775172,0.009776352671946806,0.24585656136297024,0.43820224719101125,0.07464788732394366,0.5280898876404494,0.48835004537048354,0.9464809609524191
24791126_AI.txt,AI,7.35768391982222,164.0149962964936,0.02332303395779848,3.162472020598918,0.43992248062015504,0.13424124513618677,0.5,1.3360968390560382,0.9886765675700195
24799301_AI.txt,AI,6.829585106648119,113.7391491357034,0.018279163396137322,0.7903035128079721,0.49019607843137253,0.10276679841897234,0.592156862745098,0.7788880963698614,0.9712289002856097
24817041_AI.txt,AI,7.246920781220991,151.89396933167,0.015326108050021514,0.8050949114377725,0.5173410404624278,0.05813953488372093,0.5953757225433526,0.6632393216691438,0.9729874362997288
24828381_AI.txt,AI,7.879321559626648,235.45728660528698,0.011657758247968176,2.5046368058291395,0.4311111111111111,0.09212481426448738,0.52,0.9780951331490423,0.979712979406995
24833063_AI.txt,AI,7.586442186152052,192.1970238591147,0.031055259980582756,1.2015255369694997,0.43364197530864196,0.03715170278637771,0.5015432098765432,0.9498923753201507,0.9877587028555636
24854026_AI.txt,AI,7.3698379221330645,165.4025793207565,0.018175294293087303,0.5454410727941424,0.4474789915966387,0.0379746835443038,0.5168067226890757,0.7709521117606183,0.997795205325896
24889109_AI.txt,AI,7.747047664983547,214.82940469827906,0.01648614137961916,0.6419397716892878,0.4873524451939292,0.05414551607445008,0.5446880269814502,1.1093888785909711,0.9746199439040615
24905947_AI.txt,AI,7.580152766557875,191.36096590945024,0.013480627422593565,1.2950155492578335,0.46402877697841727,0.08303249097472924,0.5467625899280576,0.7234346817942702,0.9642336095658639
24913648_AI.txt,AI,7.535125818755017,185.48077102549743,0.013885807978416754,0.37127871112979016,0.4423728813559322,0.027210884353741496,0.5169491525423728,0.7175111850365274,0.9039652110822499
24946537_AI.txt,AI,7.619363011660313,196.633185239812,0.020179733479654034,0.6799375580015472,0.4780316344463972,0.047619047619047616,0.5588752196836555,0.7301303256186843,0.9533556149479729
24953126_AI.txt,AI,7.391938685297023,167.9559022911733,0.01665928089403555,0.9590646211123087,0.39072847682119205,0.15780730897009967,0.4602649006622517,0.7297374115196678,0.9636642788928742
24953921_AI.txt,AI,7.762346983968882,217.11972434016482,0.014292783441282122,0.3472390901862656,0.500875656742557,0.054481546572934976,0.5814360770577933,0.5709799253994206,0.9724876125410525
24964303_AI.txt,AI,7.483819827575892,179.00050253641962,0.022892642795072252,0.35044557657447367,0.36813186813186816,0.1652892561983471,0.44368131868131866,0.6653946744072035,0.9619926074839822
24967652_AI.txt,AI,7.6021417168280125,194.29994964776085,0.015314489789586357,0.36377442011392136,0.4121510673234811,0.06589785831960461,0.49589490968801314,0.8938638820639939,0.947663328553935
24977396_AI.txt,AI,7.799627205773802,222.80336409320833,0.007429175604961593,1.5617773261372965,0.48353552859618715,0.043478260869565216,0.5753899480069324,0.6316389643237598,0.9728595814990363
24983760_AI.txt,AI,7.65211060688951,201.14758502821857,0.020259257127284318,1.1430312101300995,0.44122137404580153,0.06584992343032159,0.4961832061068702,0.7512403268468328,0.9524270507079122
24989856_AI.txt,AI,7.394609571277333,168.2671299245487,0.015933612690037062,2.2393664899772228,0.4397590361445783,0.07056451612903226,0.5301204819277109,1.4450169024171533,0.9920875895052815
24994145_AI.txt,AI,7.5361036191749795,185.6065250101347,0.021066539904523122,0.854973436499862,0.5020161290322581,0.02631578947368421,0.5745967741935484,0.693622899491056,0.9690697963271678
25001005_AI.txt,AI,7.719696420149427,210.79493911913713,0.040785202297989126,1.018607448994986,0.4105263157894737,0.07390648567119155,0.5082706766917293,0.5970451293994932,0.9711934727836193
25023614_AI.txt,AI,7.5893933828686135,192.59058712298142,0.017491739931774306,0.9917272022781312,0.5191146881287726,0.030364372469635626,0.6108870967741935,0.6220392497400263,0.9571682810449623
25038571_AI.txt,AI,7.166993303092603,143.70767494111251,0.01976326891818092,0.1782765909570027,0.36585365853658536,0.16122448979591836,0.43902439024390244,0.4243611889070269,0.9842599394903865
25047127_AI.txt,AI,7.470937916255393,177.4093107135057,0.008716137601812399,0.7958915007018341,0.5945205479452055,0.0440771349862259,0.663013698630137,0.881109123233737,0.9746077592638408
25061645_AI.txt,AI,7.190776340724473,146.09635161497616,0.01849007805170361,3.4012422639376525,0.5100864553314121,0.08695652173913043,0.590778097982709,0.9764353779170118,0.9872404805629337
25067742_AI.txt,AI,7.092998277772314,136.522816971264,0.019093863350714838,0.6650106778942143,0.4463276836158192,0.23863636363636365,0.5254237288135594,0.736808408080321,0.9569221044679981
25070914_AI.txt,AI,7.513896375563503,182.7713810107834,0.006601410589039804,0.23836505970971159,0.4411764705882353,0.06076388888888889,0.5190311418685121,0.5594540761898293,0.9583213920737934
25080805_AI.txt,AI,7.796251585588097,222.28265783444803,0.05103038755886061,1.974817085544621,0.4619289340101523,0.11375212224108659,0.5380710659898477,0.7910577554059173,0.9746615331953906
25098739_AI.txt,AI,6.874452934827486,117.3320171819417,0.031361277300932175,0.46059926734743944,0.5403225806451613,0.04878048780487805,0.6370967741935484,0.4202069506488073,0.9605664143344768
25101183_AI.txt,AI,7.354015375626882,163.59846204315699,0.011460952452342294,0.3209835701949578,0.4154786150712831,0.05930470347648262,0.515274949083503,0.5161575890757513,0.9730478984954507
25127518_AI.txt,AI,7.344318846537249,162.50258374466586,0.015059351523584537,0.5319142779181106,0.4563758389261745,0.05855855855855856,0.547085201793722,0.8674842896880398,0.9765933399840993
25128608_AI.txt,AI,7.371862142960331,165.63481574660415,0.01408955282077073,1.1108606815204047,0.4021164021164021,0.06371681415929203,0.47442680776014107,0.8674758079138947,0.9646435049347776
25142074_AI.txt,AI,7.5433082939347775,186.53574371624856,0.023719652067126208,0.3660687483349491,0.5231481481481481,0.05116279069767442,0.6134259259259259,0.7316854644088268,0.9652323493411221
25150191_AI.txt,AI,7.660939594086935,202.38233988652195,0.012875826317418976,1.5293913534272114,0.5316455696202531,0.07203389830508475,0.6075949367088608,0.7379311371837257,0.9699933423457441
25157655_AI.txt,AI,7.184650984330415,145.47737454279573,0.009887237562006155,0.5338092245505578,0.5633802816901409,0.031914893617021274,0.6654929577464789,0.6396563689967607,0.9639566282606369
25162378_AI.txt,AI,7.6957681581149675,207.32756891844085,0.0075258015410736585,1.2941516920232137,0.47769516728624534,0.03731343283582089,0.5631970260223048,0.9640041010289451,0.940183169792642
25187733_AI.txt,AI,7.575463672767926,190.74000802302234,0.011591175877783523,2.5631929999141954,0.4658040665434381,0.07606679035250463,0.5545286506469501,0.7905040578582437,0.9830780115208013
25200253_AI.txt,AI,7.41380337746814,170.52073603766874,0.03809021195710518,0.6526336979693229,0.3670520231213873,0.21304347826086956,0.434971098265896,0.7709799246722163,0.9849778169281541
25207620_AI.txt,AI,7.55775063822593,188.4124695006882,0.04712795156171218,0.3332246822677022,0.423828125,0.027450980392156862,0.533203125,0.6232555203479594,0.9499403425446455
25213006_AI.txt,AI,7.51737794139938,183.2129844018647,0.017961418226389535,0.708062764340116,0.4774066797642436,0.09861932938856016,0.5618860510805501,0.740004158136917,0.9675610901339927
25224998_AI.txt,AI,7.848068013512239,230.41135613989235,0.018040070478192092,2.5011184666997566,0.5199335548172758,0.05333333333333334,0.5946843853820598,0.847001438245641,0.9691586729162912
25258040_AI.txt,AI,7.728711698207253,212.11630292997134,0.01096134697828066,0.5163942259477385,0.3994082840236686,0.06083086053412463,0.49556213017751477,0.6188630834371089,0.938370690563369
25315791_AI.txt,AI,7.318312292899546,159.59949682425537,0.008866910402654665,0.27248003517009983,0.46851385390428213,0.04050632911392405,0.5818639798488665,0.5229349520738292,0.9544121580081654
25328428_AI.txt,AI,7.643930548419907,200.0103085627087,0.01528010088695849,0.6277281097049058,0.4680073126142596,0.08256880733944955,0.5484460694698354,0.9996088924990094,0.9663559157087735
25330083_AI.txt,AI,7.5993919761826465,193.92997150251668,0.01110245124704478,0.6345639475498727,0.4657258064516129,0.05668016194331984,0.5625,0.90659839285766,0.9419031546490383
25370801_AI.txt,AI,6.717614087191315,105.24545246297521,0.004386745850452016,0.2851128818658827,0.476,0.13306451612903225,0.56,0.6119108669495167,0.9107993643724436
25397102_AI.txt,AI,7.564329463252848,189.27361002455746,0.0082122817945522,0.5332646065437517,0.5229759299781181,0.05274725274725275,0.6039387308533917,0.6401176339948297,0.9711508177728236
25413261_AI.txt,AI,7.6637649662847735,202.7790735672018,0.02441555768771962,0.42717523007033315,0.4752650176678445,0.040780141843971635,0.5530035335689046,0.870843968499162,0.9240325655543455
25422388_AI.txt,AI,7.313666438616246,159.08637146346072,0.016618381471894195,0.4208774030264506,0.42065009560229444,0.21880998080614203,0.47609942638623326,0.7305701906516144,0.9779972026738613
25425322_AI.txt,AI,7.830187843886831,227.57335528809259,0.015820867421702776,0.7206925157875784,0.4164420485175202,0.11216216216216217,0.4838274932614555,1.054349198787055,0.9728534431998156
25451319_AI.txt,AI,7.389570248648178,167.68039945908367,0.012224406584009221,0.29405931449631906,0.44,0.08032128514056225,0.516,0.5974794676687344,0.958139271600823
25452321_AI.txt,AI,7.553397303908438,187.84479152393422,0.016159362064041668,0.8794197594719582,0.4409171075837742,0.07256637168141593,0.5185185185185185,0.5509138025061018,0.9590709711695826
25462793_AI.txt,AI,7.223984987822846,149.49827087596196,0.028854846174056443,2.1405909273022226,0.4957983193277311,0.09577464788732394,0.5742296918767507,0.9379331675226138,0.9909294463588967
25482567_AI.txt,AI,7.15078271377318,142.10196692566527,0.0313595511084194,0.3750346788049721,0.39952718676122934,0.0997624703087886,0.48936170212765956,0.6990753995643485,0.9651297782116095
25497147_AI.txt,AI,7.497948304895275,180.762086520981,0.016502729863785367,0.37545086551827794,0.4184027777777778,0.12195121951219512,0.4913194444444444,0.7293751768674345,0.9836455039177434
25507648_AI.txt,AI,7.749360460072057,215.17407550391732,0.02066903293027639,0.7090042820339382,0.46440129449838186,0.0698051948051948,0.5355987055016181,0.658462629022596,0.9653093319298072
25525152_AI.txt,AI,7.124522175229287,139.53876648383834,0.013644362283314273,0.5405213038429298,0.5565749235474006,0.06769230769230769,0.6299694189602446,0.7135389541762225,0.9757010785927887
25543217_AI.txt,AI,7.800134053788794,222.88165318327674,0.021355388563252888,1.202081880322347,0.4706766917293233,0.10558069381598793,0.5293233082706766,0.6307132149820691,0.9767029651258893
25547145_AI.txt,AI,7.3606691004048255,164.35472247939575,0.014808372709767547,0.7307625638293841,0.46311475409836067,0.03292181069958848,0.5409836065573771,0.8389671541643302,0.941852903243852
25561640_AI.txt,AI,7.546414304248288,186.93777329100575,0.020838789052602814,1.610538693060631,0.4955947136563877,0.05309734513274336,0.5925110132158591,0.7491861628525457,0.9668926391360831
25588694_AI.txt,AI,7.305401934980756,158.17764772236376,0.04824973409072296,0.425023810943617,0.5105820105820106,0.05851063829787234,0.5978835978835979,0.8097781923122528,0.9678388514467924
25608963_AI.txt,AI,7.844939179927204,229.91219478535234,0.013399617222979967,0.3343796711662523,0.46875,0.034482758620689655,0.5421875,0.6198833109133817,0.9503559030363116
25624652_AI.txt,AI,7.609071133962241,195.23543771759975,0.02697049739144916,0.5470457847246902,0.4069767441860465,0.141399416909621,0.48401162790697677,0.8306479825785296,0.9737335193010045
25625173_AI.txt,AI,7.7324106277726985,212.66084625014048,0.03600784137625908,1.8434689648216445,0.44668587896253603,0.06647398843930635,0.521613832853026,0.7198034050344699,0.9806826884198205
25656981_AI.txt,AI,7.702299354293026,208.2682851964316,0.014264251794206224,0.48517195504966765,0.5018050541516246,0.025362318840579712,0.5703971119133574,1.05884322676858,0.9491970697718426
25676643_AI.txt,AI,7.555888092977411,188.16938256202874,0.008309399455270821,0.5026649232160628,0.4338358458961474,0.047058823529411764,0.507537688442211,0.8317903332023231,0.9404623067500572
25678238_AI.txt,AI,7.612453162822863,195.693654051568,0.02224608410968799,1.097657627970949,0.4383561643835616,0.10824742268041238,0.5205479452054794,0.8058588609578756,0.9773769386435881
25694422_AI.txt,AI,7.72133935994836,211.03512894188677,0.022069139925546332,1.8288140952426266,0.42130365659777425,0.05422647527910686,0.5151033386327504,0.6140018021361628,0.9722437732230869
25706337_AI.txt,AI,7.111552759856537,138.2899744746125,0.014678647546083275,0.9438210333508839,0.5152439024390244,0.05521472392638037,0.5762195121951219,0.5236082631378675,0.9690934309097226
25718772_AI.txt,AI,7.753778262008878,215.8339886243712,0.011391730858649361,1.0842374971708277,0.538899430740038,0.030476190476190476,0.6129032258064516,0.9082328171404527,0.9656117558801877
25719936_AI.txt,AI,7.87703712586239,235.08474706846025,0.017881337330351688,0.587682631281051,0.47150997150997154,0.06437768240343347,0.5349500713266762,0.8347381012520487,0.9632477788046182
25723793_AI.txt,AI,7.802504518066377,223.24816673374488,0.005147126422358704,0.6663903337114405,0.48353552859618715,0.04173913043478261,0.5684575389948007,0.8241528398585308,0.9415495409564627
25724495_AI.txt,AI,7.753651674621186,215.8150513844172,0.01304216655716029,0.2443654924081002,0.5044563279857398,0.0518783542039356,0.5846702317290553,0.48433888496599237,0.970062306032292
25729119_AI.txt,AI,7.2751706353690855,154.89756291175786,0.014685196411212686,1.7418802001957752,0.44967880085653106,0.06881720430107527,0.5310492505353319,0.65732480222535,0.982304491848371
25749150_AI.txt,AI,7.705810467344668,208.77576877985666,0.020118596216973168,0.30371881695598746,0.4444444444444444,0.042748091603053436,0.5159817351598174,0.5880416806917868,0.9620871740235478
25780596_AI.txt,AI,7.460078824166276,176.07897284165415,0.010121628796564086,0.26258048140377793,0.45472061657032753,0.048355899419729204,0.5279383429672447,0.5940420499279118,0.9568627372636651
25797445_AI.txt,AI,7.187511931305446,145.76615075190975,0.027030355278549252,0.2996519621344084,0.45964125560538116,0.06306306306306306,0.5201793721973094,0.5360877119854225,0.975871989296762
25810233_AI.txt,AI,7.291730832637615,156.68582221901818,0.010631210483438187,2.008425772501404,0.4853658536585366,0.07352941176470588,0.5634146341463414,0.7804822349707444,0.9895049410765153
25813953_AI.txt,AI,7.511481411844552,182.46569129553518,0.012431333635912256,0.30919403258666556,0.474,0.04417670682730924,0.55,0.7133578811975563,0.9459760934859945
25824789_AI.txt,AI,7.466358006847354,176.8470087571494,0.012572568238683173,0.706805236578706,0.4472271914132379,0.08797127468581688,0.5044722719141324,0.8934177057427508,0.957812378147426
25834360_AI.txt,AI,7.505788838923884,181.7471383987242,0.012302295306794135,0.47494594676441,0.38821752265861026,0.13787878787878788,0.4697885196374622,0.8441196736064338,0.9671236642998835
25838512_AI.txt,AI,7.248450180395488,152.05507731510417,0.013690075907517342,1.1752424388544904,0.4925373134328358,0.05405405405405406,0.6,0.7846231815017776,0.9628088345859619
25839123_AI.txt,AI,6.7260969192575635,105.86610293361372,0.013982394858803074,0.4880791430038063,0.4828897338403042,0.05747126436781609,0.5665399239543726,0.8753450088584084,0.9459734407733625
25846894_AI.txt,AI,7.415474919844681,170.71842010465863,0.012813602851489995,0.285206525023221,0.44621513944223107,0.068,0.5378486055776892,0.49591192368544246,0.9898065604317727
25857360_AI.txt,AI,7.4911445783634765,179.9116224016987,0.013707536239435937,1.3572682721795342,0.5058823529411764,0.028368794326241134,0.6141176470588235,0.7816779581575103,0.981552289777945
25862026_AI.txt,AI,7.523029105028759,183.93205321807469,0.01779489165692742,0.7402283737642913,0.43548387096774194,0.06115107913669065,0.5286738351254481,0.6310332746190637,0.9619400592507354
25867805_AI.txt,AI,7.603685018016569,194.50791029021636,0.03183803674961495,0.46159811650566224,0.4387755102040816,0.08703071672354949,0.5170068027210885,0.6874759600303937,0.981520587115392
25873425_AI.txt,AI,7.7312998783805496,212.49717895339717,0.010965441133514943,1.6998356435771491,0.5708154506437768,0.021551724137931036,0.6652360515021459,0.6437586159474764,0.9691632026085042
25905275_AI.txt,AI,7.406393822428638,169.64720162983423,0.016009351920815013,0.34879746696647707,0.5046728971962616,0.014084507042253521,0.572429906542056,0.8497915869153828,0.9347231435806159
25919149_AI.txt,AI,7.720520166722071,210.91533267832975,0.008949559879609666,0.3950149262520491,0.4934579439252336,0.08630393996247655,0.5906542056074766,0.6604430521626353,0.9287816216443732
25923361_AI.txt,AI,7.480308551601779,178.56537528477713,0.014547093207984104,0.40321764728489656,0.4338919925512104,0.052336448598130844,0.5102420856610801,0.6114667702299987,0.9804902859967604
25924968_AI.txt,AI,7.520834728422819,183.65250044812046,0.023303884957310176,0.4100212457145707,0.3781763826606876,0.11394302848575712,0.4588938714499253,0.680923297404914,0.9539091744713128
25926667_AI.txt,AI,7.8144884805963155,225.1103345626554,0.01363776269643822,0.8881344568854912,0.4966216216216216,0.04576271186440678,0.5777027027027027,0.9245705605224382,0.9435886068820123
25930778_AI.txt,AI,6.957477008925013,124.28229771263497,0.027116079531805008,1.8044824613243107,0.5810276679841897,0.06374501992031872,0.6442687747035574,0.8164299282886835,0.9434091762765038
25935030_AI.txt,AI,7.691389266009755,206.69923885675558,0.014770708429883496,0.7350987446823467,0.525390625,0.021568627450980392,0.60546875,0.7137512864403563,0.976338355686467
25949631_AI.txt,AI,7.883074197535982,236.07053893707436,0.017166917650134148,0.6802489928692008,0.47392638036809814,0.043076923076923075,0.5659509202453987,0.7449313572863836,0.9697347165421105
25953797_AI.txt,AI,6.831210261450815,113.86734523323284,0.004915582534516143,1.1428770648360025,0.4679245283018868,0.03802281368821293,0.5735849056603773,0.43313127985540095,0.9759795193489826
25959103_AI.txt,AI,7.4882898973509855,179.55598071121125,0.025090846346009475,0.37121067614640774,0.40932642487046633,0.11091854419410745,0.49568221070811747,1.1925664517983345,0.9604314916444081
25974844_AI.txt,AI,7.554404610016204,187.97599269440326,0.015506008038417856,1.0755134144316074,0.45610687022900764,0.08045977011494253,0.5381679389312977,0.5496538609451406,0.95805403277964
25990239_AI.txt,AI,7.463415020656154,176.486622255882,0.026156294557711283,2.557736760108363,0.4603854389721627,0.06451612903225806,0.5289079229122056,1.2552933136908744,0.9811649689333004
26013403_AI.txt,AI,7.689879888263988,206.48309887188353,0.02782123339160149,0.48962616494049593,0.425414364640884,0.0817174515235457,0.4930939226519337,0.8741475622520233,0.9650156482946725
26046064_AI.txt,AI,6.98758078450506,126.90286099201329,0.01382029177365117,0.674131348310257,0.5263157894736842,0.06713780918727916,0.6070175438596491,0.7868249263055864,0.9781280425519215
26046878_AI.txt,AI,7.552797879456298,187.76676022175235,0.009925216090988323,1.2640811473124471,0.49284253578732107,0.06570841889117043,0.5746421267893661,0.8283031245136551,0.967022604543836
26048718_AI.txt,AI,7.8938548730598574,237.8412059281998,0.01715689685918882,0.8335488038401759,0.4604715672676838,0.05146036161335188,0.5270457697642164,1.0965960777230812,0.9730446824999781
26065877_AI.txt,AI,7.401419779926013,169.06330872179046,0.012402351897837217,0.9252722790395427,0.44234800838574423,0.08,0.5136268343815513,0.6693476330517618,0.9765767352886954
26069113_AI.txt,AI,7.794255368193762,221.9753041302278,0.0228883812436816,0.32511264207787327,0.4370015948963317,0.025559105431309903,0.5334394904458599,0.41851611473123196,0.9548111084673858
26070334_AI.txt,AI,7.5912620274981295,192.8402008843637,0.022108276430693612,0.8880649102457653,0.40544871794871795,0.09646302250803858,0.48878205128205127,0.7213182735289638,0.9664301889132715
26071861_AI.txt,AI,7.661310931653391,202.43443810274528,0.018419719779442977,0.7616554922203165,0.49122807017543857,0.044921875,0.566147859922179,1.4645858695675804,0.9580480406527342
26079779_AI.txt,AI,7.515913864875484,183.02715041675992,0.02156780470411553,0.24422765453617395,0.4428822495606327,0.042328042328042326,0.5202108963093146,0.6273473578323485,0.9661925391043277
26091595_AI.txt,AI,7.200170756262621,147.0507932271315,0.018643478573188352,0.2747391156134504,0.4025735294117647,0.12177121771217712,0.4522058823529412,0.48477102954747986,0.9867303046803908
26098594_AI.txt,AI,7.623035202515106,197.13432672663842,0.015806986072221446,1.0835581453469048,0.4421768707482993,0.05802047781569966,0.5357142857142857,0.7204216680095133,0.9828808049206381
26125407_AI.txt,AI,7.774258780888181,218.9198223772116,0.04182661997724905,0.475892462506352,0.48092868988391374,0.08319467554076539,0.548922056384743,1.2232576651401752,0.979249041573392
26127853_AI.txt,AI,7.593888613934981,193.19160766255123,0.018943674127234456,0.5147283344821871,0.5239923224568138,0.028901734104046242,0.5930902111324377,0.9785353520825735,0.9801058844717219
26130673_AI.txt,AI,7.438438975910264,173.45756787595164,0.035238697196320515,0.5085827619380958,0.5329949238578681,0.05357142857142857,0.6243654822335025,0.5698741600939983,0.9649470330074141
26160200_AI.txt,AI,7.7292752235888775,212.19917302056473,0.012976806424822646,0.4882003925768063,0.4528,0.048154093097913325,0.528,0.9221489404576121,0.9751653385340143
26167298_AI.txt,AI,7.625086345517318,197.4148006044497,0.01588822327414892,0.35099160309403504,0.35633626097867,0.06792452830188679,0.4366373902132999,0.6085773308339648,0.973360955901038
26173524_AI.txt,AI,7.636864531949326,199.03309524066367,0.007300623917500267,0.3535335805801697,0.5294117647058824,0.04219409282700422,0.6092436974789915,0.7334940522851062,0.9606538080096796
26189601_AI.txt,AI,7.670596479440356,203.74155897864466,0.02505576612209123,0.35536827786977876,0.4625,0.06976744186046512,0.5525846702317291,0.5896341909662027,0.9833192618182907
26202430_AI.txt,AI,7.637602894413832,199.1349852279559,0.020099015283118894,0.491167456501871,0.40858505564387915,0.051036682615629984,0.48966613672496023,0.6518145508087346,0.9833211593213403
26231609_AI.txt,AI,7.660251249772183,202.285801463196,0.013553151268541437,0.39292909096752954,0.4055299539170507,0.07550077041602465,0.49923195084485406,0.6120832271431921,0.9815096617942277
26234972_AI.txt,AI,7.625330792126011,197.44825290426417,0.07641675540459053,0.6687858188576955,0.5159474671669794,0.06779661016949153,0.5834896810506567,1.340793576230717,0.9443544556452967
26278597_AI.txt,AI,7.8709673961210935,234.0977724095105,0.01883540832916578,1.815745983901712,0.4231292517006803,0.06412005457025921,0.5183673469387755,0.8659591721956057,0.9466885322206516
26279402_AI.txt,AI,7.490495944324156,179.83075252302783,0.016376989475158726,0.5892381751529984,0.494199535962877,0.06526806526806526,0.5870069605568445,0.6347709166759805,0.9500136527810825
26289308_AI.txt,AI,7.415401238198044,170.70970135763338,0.04736554254961372,3.5781539104245543,0.4291044776119403,0.1254681647940075,0.503731343283582,0.8868821627866033,0.9818025825316906
26291616_AI.txt,AI,7.4468730561758205,174.47458090682122,0.021889791947160966,1.7059856507737192,0.4562899786780384,0.032119914346895075,0.5373134328358209,1.0671487360135423,0.9740594410324791
26330995_AI.txt,AI,7.605236038554861,194.7171353740305,0.03450621028426224,1.0922377603566638,0.43295638126009695,0.06807131280388978,0.5153473344103393,0.9670829733656472,0.9682433503096051
26341645_AI.txt,AI,7.704706648136351,208.61609361650775,0.018407955335036055,0.588901353538256,0.3859416445623342,0.061170212765957445,0.46949602122015915,0.8187774674295484,0.9807914806111021
26341987_AI.txt,AI,7.730648124636411,212.40120263874903,0.010723235619516984,1.141935783233828,0.44029850746268656,0.09580838323353294,0.517910447761194,0.8866228005487188,0.9658433552824507
26410763_AI.txt,AI,7.387546674528714,167.4453699818194,0.00938520779653334,0.3858366189408333,0.5322997416020672,0.06233766233766234,0.5968992248062015,0.6786066957522945,0.954040541528373
26425074_AI.txt,AI,7.662083642702778,202.5428915322679,0.06669069209486927,0.4881032068740082,0.46345811051693403,0.08050089445438283,0.5365418894830659,1.0895304231307354,0.9875599510317575
26456474_AI.txt,AI,7.304656196573257,158.09590580040458,0.014713969281418082,0.6150485519473703,0.4336842105263158,0.0507399577167019,0.5073684210526316,0.7158947291033052,0.9521495512767763
26456899_AI.txt,AI,7.7426148697725266,214.17033730984633,0.020286534529306604,2.651671457360386,0.47704918032786886,0.06907894736842106,0.5491803278688525,1.804143346091295,0.966615476845039
26459032_AI.txt,AI,7.886550438199412,236.64004771118027,0.01816131593078161,0.49122703379401184,0.4918032786885246,0.03782894736842105,0.5868852459016394,0.8050221776452137,0.9798135911828457
26480367_AI.txt,AI,7.247364003510692,151.94064110458532,0.025702358981910152,0.3955130057618868,0.3680672268907563,0.17537942664418213,0.4184873949579832,0.5846732564630641,0.9520412141238761
26496059_AI.txt,AI,7.710680509532204,209.4817148039059,0.010700110318600265,0.4304791240028462,0.5587044534412956,0.02032520325203252,0.6214574898785425,0.752676477170351,0.9501722752467326
26503829_AI.txt,AI,7.534992611404871,185.46364595006517,0.017837158580910884,0.4039167817104148,0.3952380952380952,0.20382165605095542,0.4793650793650794,0.5613582072697152,0.9323428766819148
26509539_AI.txt,AI,7.635544006873394,198.8509999698457,0.00917292948753013,0.2873256960738585,0.50199203187251,0.076,0.5776892430278885,0.6870734801630599,0.951933037000722
26530575_AI.txt,AI,7.64611314717833,200.3131255957438,0.008161492178738997,0.3756665152153574,0.46243739565943237,0.03685092127303183,0.5358931552587646,0.7398708603570509,0.9848791199734056
26530696_AI.txt,AI,7.404647227582411,169.441942977361,0.014497955546934433,0.5199836606837611,0.5150812064965197,0.04195804195804196,0.5986078886310905,0.6534516378598969,0.9617661964219558
26579709_AI.txt,AI,7.794789743682519,222.05753920356022,0.01867629306801195,0.763090708059614,0.4761092150170648,0.06506849315068493,0.5597269624573379,0.5699265433199447,0.9626464113670208
26581830_AI.txt,AI,7.668378666074904,203.4285935899279,0.017369651311872777,0.35753100486971867,0.4906716417910448,0.04681647940074907,0.5597014925373134,0.5569834500233476,0.9564786482840001
26585242_AI.txt,AI,7.5599652193822395,188.70191051632176,0.010328930430110576,0.3674147000644895,0.4074675324675325,0.09446254071661238,0.48214285714285715,0.8872804547877877,0.9872052633594387
26586477_AI.txt,AI,7.688945017052807,206.34934047591472,0.012530778125196146,0.6891933775454484,0.3942701227830832,0.04103967168262654,0.4829467939972715,0.5012680714087907,0.9789461808182348
26622051_AI.txt,AI,7.448753637409374,174.70216023404961,0.03106550731862012,0.3967333288113053,0.4794520547945205,0.10216110019646366,0.5264187866927593,0.6529204491528775,0.9386629462918691
26671167_AI.txt,AI,7.817247677899134,225.54127675632893,0.01415994482451914,0.5618538495367144,0.5459558823529411,0.033210332103321034,0.625,0.792299111975369,0.9574052190818945
26673507_AI.txt,AI,7.706075652220583,208.814147829749,0.03805826858875267,0.66887207845011,0.43894899536321486,0.07596899224806201,0.5146831530139103,1.0176815080506505,0.9589483431887624
26676567_AI.txt,AI,7.7123496506591795,209.72421712205625,0.023053025592358986,2.6878812839599187,0.3864795918367347,0.08695652173913043,0.45918367346938777,1.0372543007326291,0.9622304146344439
26691587_AI.txt,AI,7.932549352113323,244.30665477531022,0.00936026713466788,0.36051630476363083,0.54510556621881,0.038535645472061654,0.6468330134357005,0.6482454757599682,0.9511153200632139
26695839_AI.txt,AI,7.626772277501941,197.6456341930495,0.01977858121012783,1.1672190082392535,0.4796905222437137,0.06407766990291262,0.5609284332688588,0.9063732923568952,0.9672474778605663
26718039_AI.txt,AI,6.790352593621085,110.68781432342759,0.011360656824297908,0.28835492757906683,0.4864864864864865,0.038910505836575876,0.5907335907335908,0.4700498011289975,0.9529245614929999
26746496_AI.txt,AI,7.5998386985829685,193.99003012473543,0.0154425797582523,1.7439016963010763,0.4539130434782609,0.04363001745200698,0.5234782608695652,0.9517911577293586,0.9665201427042497
26750846_AI.txt,AI,7.457109846182299,175.7169857073121,0.010588110435448399,0.7433178584335632,0.42293233082706766,0.20566037735849058,0.4906015037593985,0.8529620784047569,0.9752127073678246
26767199_AI.txt,AI,7.760024093389462,216.77042005803247,0.02325189003063308,0.28982169468134006,0.43714285714285717,0.07449856733524356,0.5171428571428571,0.5960192436285175,0.9753967978323452
26768723_AI.txt,AI,7.647053063430452,200.4436721781388,0.013467066252226578,0.25683145796939033,0.4648648648648649,0.05605786618444846,0.5387387387387388,0.7494221160087706,0.9734960470549892
26780935_AI.txt,AI,7.790084860221465,221.33454986809713,0.016640665579974484,0.4820174181304287,0.441747572815534,0.21266233766233766,0.5388349514563107,0.829151224015134,0.9564316479232416
26790545_AI.txt,AI,7.556361987906522,188.2312023929234,0.013075397045715623,0.6191302492781671,0.48903508771929827,0.07488986784140969,0.5964912280701754,0.7198277814489128,0.9739468471331012
26801767_AI.txt,AI,7.790976113988134,221.47132596457024,0.021618183591268634,2.0660677766136617,0.45391061452513964,0.03361344537815126,0.5293296089385475,0.8534410690961745,0.9887732954091928
26819872_AI.txt,AI,7.996328384857965,255.34931609754884,0.014700012797235726,0.8302066523221187,0.4939759036144578,0.05429864253393665,0.5744360902255639,0.9483965337607556,0.9583517700921531
26829350_AI.txt,AI,7.666524381727986,203.1672964102784,0.014177830912160908,0.25192932118174277,0.42042042042042044,0.06927710843373494,0.5,0.4919983172374132,0.9690792472821365
26829561_AI.txt,AI,7.430007606020721,172.44680699181202,0.01609067362602066,1.1382044737558765,0.46308724832214765,0.10786516853932585,0.5413870246085011,0.7046749703940584,0.9679000491132065
26834746_AI.txt,AI,7.595046942439924,193.3467819711284,0.017808643511809157,0.26789892466993354,0.4560810810810811,0.03220338983050847,0.5320945945945946,0.44181159744665605,0.9416833094521283
26835781_AI.txt,AI,7.769839664031118,218.2502753893967,0.026626738071144962,0.7711833075726887,0.48757763975155277,0.0778816199376947,0.5496894409937888,1.0458565174757033,0.9542571469605297
26888302_AI.txt,AI,7.906404151326558,239.9190910452956,0.012272219995212325,0.35144760944374126,0.4736111111111111,0.0766016713091922,0.5444444444444444,0.6286851235458821,0.9576020281098689
26896699_AI.txt,AI,7.569343258468451,189.93253654608404,0.011835277296032773,1.2049890044043265,0.4352517985611511,0.0812274368231047,0.5377697841726619,0.8846134848314691,0.950505903874482
26908066_AI.txt,AI,7.55202232937306,187.66584950380482,0.018270518464754474,0.42184862220253916,0.4644808743169399,0.03656307129798903,0.5446265938069217,0.7636058372499241,0.9699020711660302
26919036_AI.txt,AI,7.545100870016874,186.7676619842698,0.00602937500110293,1.7470535003762937,0.4461839530332681,0.023575638506876228,0.5459882583170255,0.6814299358420942,0.9795549693563992
26921245_AI.txt,AI,7.929524243001293,243.79491808363375,0.022445009933147398,0.4522342125448184,0.5305785123966942,0.06135986733001658,0.6099173553719008,0.9327954370178086,0.9895633648032253
26924514_AI.txt,AI,7.5199320368968054,183.53762537237478,0.028213624440762804,1.3059756098238202,0.4726930320150659,0.10396975425330812,0.536723163841808,0.8453865464815529,0.9573517150938663
26932091_AI.txt,AI,7.503394360955601,181.4457382008407,0.010935994143595631,0.4163678664533109,0.44337811900191937,0.08092485549132948,0.5393474088291746,0.5911032067418343,0.9607965080313585
26942552_AI.txt,AI,7.398515218831055,168.72327793953662,0.008554663288013914,1.556900948304843,0.481981981981982,0.07013574660633484,0.5675675675675675,0.7375490627694767,0.9657105443712485
26958533_AI.txt,AI,7.56539628047546,189.4136223042053,0.03159694310844671,0.416869150630519,0.5145833333333333,0.03347280334728033,0.60625,0.8550367698873992,0.976290638904732
26961846_AI.txt,AI,7.623560894031201,197.20617193523427,0.014734367548405397,0.42289201049063185,0.5285714285714286,0.00819672131147541,0.6224489795918368,0.519898821484045,0.9759071798978682
26975573_AI.txt,AI,7.743024835491338,214.2312060106069,0.012109845765548766,0.3804974994746252,0.5303643724696356,0.02032520325203252,0.6133603238866396,0.8235986559904991,0.9842772146663495
26987539_AI.txt,AI,7.855099699920726,231.53712087351033,0.014880421293766419,1.2992048187964849,0.38083832335329343,0.07683073229291716,0.4562874251497006,0.6214060762756459,0.9818642255543429
26994282_AI.txt,AI,7.759084872337702,216.62934444720088,0.008635041722767694,0.3134900504185535,0.4789473684210526,0.02992957746478873,0.5684210526315789,0.7812009552844785,0.967681829695408
27000192_AI.txt,AI,7.732831808176461,212.72293952290275,0.006742289594087275,0.49436015499235486,0.4693548387096774,0.07281553398058252,0.55,1.202717612994713,0.9710383520894552
27004930_AI.txt,AI,7.499267330942773,180.9274291074136,0.016699208362284605,0.6001347986969993,0.421875,0.11498257839721254,0.4982638888888889,0.7014402893812899,0.9752677391479562
27018361_AI.txt,AI,7.742822397434181,214.2011473320112,0.009481597160299105,2.4605260356298655,0.5050709939148073,0.016293279022403257,0.6105476673427992,0.8746703379886447,0.9492261081371983
27018550_AI.txt,AI,7.0130201018497855,129.16040878136855,0.01610308283520839,0.4416255165458715,0.471976401179941,0.02967359050445104,0.5663716814159292,0.9129571911283626,0.9688082328936781
27024099_AI.txt,AI,7.593946390470781,193.19934468598842,0.007438529918217011,0.3762504607556611,0.4576271186440678,0.06805293005671077,0.5536723163841808,0.661142307698699,0.9451781632253663
27030979_AI.txt,AI,7.669425961341883,203.57632207412323,0.017834837157905663,0.46356806460253436,0.4227129337539432,0.060126582278481014,0.5078864353312302,1.2629973227623015,0.983400985979347
27040860_AI.txt,AI,7.38105137640296,166.69319233856538,0.006397029291373694,0.33429399265109516,0.5295629820051414,0.05167958656330749,0.6066838046272494,0.5790155445959395,0.9329866168074238
27058381_AI.txt,AI,7.633800415192227,198.6108206457292,0.033228774890298574,0.5866773250558012,0.4908350305498982,0.053169734151329244,0.5784114052953157,0.679132677746559,0.937991169748708
27066370_AI.txt,AI,7.278470588336039,155.25227385162538,0.012378314072163336,0.31260497277182187,0.4603960396039604,0.03482587064676617,0.551980198019802,0.6695094632980253,0.9730661886228742
27080812_AI.txt,AI,7.6072731158345395,194.99226907140815,0.024380464405059317,0.3643887895540537,0.3516042780748663,0.07238605898123325,0.43983957219251335,0.6206895456062849,0.9733179908080566
27084878_AI.txt,AI,7.701663053015687,208.17644863212988,0.016290763013077976,0.25794772354014495,0.48807631160572335,0.04784688995215311,0.5548489666136724,0.4789246047310276,0.9697335739370799
27090089_AI.txt,AI,7.4606475412414195,176.14839767215287,0.016204138295503212,0.48172983730971214,0.4743083003952569,0.05555555555555555,0.5573122529644269,0.9709402295233298,0.9775971425000325
27091280_AI.txt,AI,7.530947455358933,184.94435492178945,0.011096239039219396,0.4555880194975738,0.48523206751054854,0.0211864406779661,0.5843881856540084,0.5954873925723275,0.9691151423349488
27096471_AI.txt,AI,7.9292050577621795,243.74098628960647,0.018552340035578433,0.6348878232581326,0.5024630541871922,0.039538714991762765,0.5944170771756979,0.7003065240142212,0.986300777074972
27096796_AI.txt,AI,6.315616036547457,79.6507497391011,0.08990319308011407,0.9469004109576933,0.5,0.08139534883720931,0.5747126436781609,1.1444576561530972,0.964235167270305
27099856_AI.txt,AI,7.791158825830201,221.49937624220334,0.018817029502635068,0.41554493041146384,0.3507795100222717,0.10491071428571429,0.4398663697104677,0.6685017722047868,0.9738960490250147
27120528_AI.txt,AI,7.820475262556876,226.04642055812005,0.014785564901944655,0.3602617504563962,0.4508426966292135,0.07464788732394366,0.5252808988764045,0.6636774513027078,0.9732659235002659
27126818_AI.txt,AI,7.605336077128505,194.73063781169694,0.021089091846273673,1.6519801840702382,0.4672566371681416,0.06571936056838366,0.5238938053097345,0.962472379698347,0.973393752922337
27139412_AI.txt,AI,7.2342707907005765,150.5679386575565,0.034174198336096605,0.48171712261647937,0.5095890410958904,0.011019283746556474,0.6054794520547945,0.5919330093504174,0.9666009940301532
27152464_AI.txt,AI,8.162052595208106,286.43273992984393,0.03205915102978216,0.4569320890401579,0.4669211195928753,0.026785714285714284,0.5432569974554707,0.9001705333692961,0.9589771370349884
27164756_AI.txt,AI,7.929090067720549,243.72155968286128,0.03972063923826341,3.5688047728471504,0.46774193548387094,0.08823529411764706,0.5410557184750733,1.286474433763306,0.9745195158325768
27165830_AI.txt,AI,7.570363260726919,190.0668685512149,0.01934889810261362,0.24315960436920345,0.39046199701937406,0.05082212257100149,0.47540983606557374,0.5668569955618834,0.9799784732541164
27176039_AI.txt,AI,7.472153674885567,177.5588764911861,0.013882552329058115,0.3052110825803838,0.4295415959252971,0.11584327086882454,0.48217317487266553,0.5818897266065702,0.9684334086440255
27182111_AI.txt,AI,7.45954495413598,176.01382678301738,0.06393198785234674,0.8957346226226891,0.43884892086330934,0.07220216606498195,0.5107913669064749,0.664315445164536,0.9665342259042138
27187994_AI.txt,AI,7.116483603252063,138.7634306050129,0.008419355992453508,0.811255618485241,0.46686746987951805,0.08484848484848485,0.5933734939759037,0.9896114017737163,0.9519070212735506
27213082_AI.txt,AI,7.670019637629013,203.66011199642114,0.02016374281652597,2.4511483079441194,0.4402730375426621,0.0821917808219178,0.5307167235494881,0.9168221830239551,0.968288194584947
27219200_AI.txt,AI,7.375555915471948,166.05943855835335,0.01625841907683406,0.37835106181056427,0.4068825910931174,0.054878048780487805,0.49190283400809715,0.5324946610762863,0.980909016280149
27233183_AI.txt,AI,7.493645555022064,180.2237777701835,0.020080583605753568,0.7758367161478541,0.5528846153846154,0.028985507246376812,0.6298076923076923,0.9443783403544141,0.9707057771196549
27243670_AI.txt,AI,7.59269355421302,193.03164321707342,0.016163844980271375,0.355284899439814,0.4644808743169399,0.056672760511883,0.5500910746812386,0.6573295796151071,0.9778849839303646
27246366_AI.txt,AI,7.3202337735523,159.81220404767012,0.008905698253939633,0.7340621586040519,0.5147783251231527,0.009900990099009901,0.5985221674876847,0.9549029514453934,0.9437932785158749
27257013_AI.txt,AI,7.721546640544677,211.06545179510607,0.025843062409331635,0.703300024604957,0.4580745341614907,0.06853582554517133,0.5341614906832298,0.9570572853949995,0.9686904906320914
27295996_AI.txt,AI,7.714098746516822,209.97863694494467,0.021098869104698534,0.4081892510478001,0.43582510578279265,0.04384724186704385,0.5007052186177715,0.9211789076694079,0.9964563198591633
27298953_AI.txt,AI,7.645285479690393,200.19823983775905,0.039835031478406474,0.29446488348871425,0.4748700173310225,0.07130434782608695,0.5493934142114385,0.6780589529411614,0.9889332131745531
27330027_AI.txt,AI,7.397922509543935,168.65397478728542,0.009527902859120812,0.6506126015983648,0.426497277676951,0.052823315118397086,0.5117967332123412,0.7367078287963914,0.9825050709643247
27372171_AI.txt,AI,7.860629602124454,232.42631408741002,0.016922253509737358,0.4970382862456932,0.4406779661016949,0.05620915032679739,0.5071707953063885,1.201251857429778,0.9636276130255164
27375577_AI.txt,AI,7.850544208225004,230.80716625701703,0.01481464842187415,0.6736184503041742,0.46957878315132606,0.03755868544600939,0.5647425897035881,0.5423613711190277,0.9874427535078014
27397245_AI.txt,AI,7.398400412066147,168.70985181520624,0.009042456814205247,0.6304839221582555,0.47453703703703703,0.07441860465116279,0.5578703703703703,0.7038182748095156,0.9566276330040544
27409087_AI.txt,AI,7.6224373484410135,197.05265101536702,0.032196366037209975,0.5075553663194944,0.4425956738768719,0.05676126878130217,0.5108153078202995,1.0055706494507952,0.9905820016079845
27419236_AI.txt,AI,7.663082401671921,202.68315788231013,0.020793112179460158,1.3042746649306536,0.4805914972273567,0.055658627087198514,0.55637707948244,0.7391764992301605,0.9704042523007456
27485716_AI.txt,AI,7.408583250332131,169.9048529626737,0.0136970641097773,0.8597231940460451,0.48185483870967744,0.05465587044534413,0.5544354838709677,0.988627292531846,0.9922142477716914
27490876_AI.txt,AI,7.650917142291018,200.98125517546234,0.012203994262346569,0.3760876993938883,0.45438898450946646,0.039723661485319514,0.5301204819277109,0.6336798999016703,0.9850477429934608
27496514_AI.txt,AI,7.542123726712066,186.38264591533905,0.009273113922759505,0.5938868202502698,0.4780114722753346,0.061420345489443376,0.5602294455066922,0.6512459895638975,0.9547810111154007
27497542_AI.txt,AI,7.447615909884387,174.5644422148881,0.021918077759837864,0.4613947039510759,0.4581497797356828,0.05309734513274336,0.5440528634361234,0.7086286530054279,0.9529557646453549
27502951_AI.txt,AI,7.694424775444679,207.1346032383924,0.023549980704813362,0.5885301780864781,0.4682274247491639,0.053691275167785234,0.5434782608695652,0.6387336870580667,0.9906988056579829
27512470_AI.txt,AI,7.577063190243418,190.9515989399326,0.0068403557529385615,0.41720373075692924,0.49390243902439024,0.0326530612244898,0.5914634146341463,0.7672206064912495,0.9701623636118702
27523575_AI.txt,AI,7.790529549443126,221.40278345628363,0.010850181173817976,0.7336561544929701,0.5324675324675324,0.06890130353817504,0.6029684601113172,0.6190535443920275,0.9592366324597336
27524018_AI.txt,AI,7.524243341637985,184.0869238164207,0.010004795325295175,1.2304775679007773,0.4894067796610169,0.09574468085106383,0.5826271186440678,0.6640764278791863,0.9651086563048115
27529455_AI.txt,AI,7.374269824208746,165.91147074612707,0.023365409931794572,0.5479040305111599,0.4431818181818182,0.14638783269961977,0.49242424242424243,0.6454972243679028,0.9875226392808406
27531694_AI.txt,AI,7.466269160796332,176.83611825421997,0.015286386782549016,1.1409586243041943,0.4680451127819549,0.06415094339622641,0.5338345864661654,0.897046674822331,0.9834357515462212
27536013_AI.txt,AI,7.497644185498023,180.7239859789535,0.012970020229217965,0.3237452155673942,0.40384615384615385,0.08771929824561403,0.479020979020979,0.5755342469579786,0.9251236800858791
27549075_AI.txt,AI,7.628988787637094,197.9495239549619,0.035092296215321846,0.5625310098019036,0.49168207024029575,0.0575139146567718,0.5582255083179297,1.0179775477301232,0.9556140476995341
27558837_AI.txt,AI,7.487672105450973,179.47910758151596,0.014535374166523894,0.32120279790866374,0.4072790294627383,0.08362369337979095,0.4791666666666667,0.5838547824654914,0.9686906509310923
27573855_AI.txt,AI,7.841644058321625,229.38767358756277,0.017725777062095514,0.47071670323082226,0.40970350404312667,0.07432432432432433,0.49326145552560646,0.8111334451316332,0.9830050462384553
27606527_AI.txt,AI,7.690661835134622,206.59504392750074,0.027467709388912402,0.8944407281909118,0.4002828854314003,0.10638297872340426,0.48797736916548795,0.8565664893550754,0.9476865380379025
27607632_AI.txt,AI,7.410119920287804,170.08592156838242,0.01227403614088255,1.2389190506968994,0.5194805194805194,0.04699738903394256,0.6025974025974026,0.7374475982437605,0.9719111711190387
27624540_AI.txt,AI,7.785022152616799,220.5592035521118,0.014985607252447611,1.044548659248436,0.46889226100151743,0.0821917808219178,0.5402124430955993,0.6604695260084011,0.976056139783322
27637576_AI.txt,AI,7.32938084456818,160.82867495200887,0.015912165726738307,0.26104135743786067,0.4187866927592955,0.10805500982318271,0.4911937377690802,0.3944748388216018,0.9800508805016273
27662298_AI.txt,AI,7.391701243040409,167.92826197513844,0.019351752667687714,0.41527806704096276,0.4340770791075051,0.12016293279022404,0.5233265720081136,0.6890968056098749,0.96900777395013
27689009_AI.txt,AI,7.663273861672999,202.71005774097276,0.018039137740630068,3.3576894850073047,0.3993993993993994,0.13704819277108435,0.4774774774774775,1.160735053499713,0.9653587991271837
27694040_AI.txt,AI,6.954191388477741,123.99957696139917,0.018133584615047074,0.3909220134197654,0.46742209631728043,0.10256410256410256,0.5410764872521246,1.0861392719246405,0.979759986770805
27710853_AI.txt,AI,7.811382885848143,224.626275535814,0.014710027157748403,0.31332573749751097,0.39487179487179486,0.05784061696658098,0.4756410256410256,0.47227139396696505,0.9532778372904296
27715131_AI.txt,AI,7.4382473529179665,173.43453026236458,0.039514572522587575,0.49393653451189207,0.424812030075188,0.09056603773584905,0.5093984962406015,0.7334385101462335,0.9615473717750097
27726066_AI.txt,AI,7.67302759108222,204.08517702093167,0.02612675254138178,1.176810593361153,0.5128712871287129,0.031746031746031744,0.5928853754940712,0.6954069666055249,0.9663004808544634
27756469_AI.txt,AI,7.737695892176958,213.44135085866466,0.038343456385223185,1.3687169807249255,0.4565868263473054,0.057057057057057055,0.5179640718562875,0.723636468731341,0.955480161732547
27770859_AI.txt,AI,7.97163124757423,251.01525739525363,0.025507757823377875,0.6578865507135574,0.4784546805349183,0.08507462686567165,0.5535714285714286,1.0231690964840563,0.9866911470041045
27788376_AI.txt,AI,7.383971769834743,167.03096486716998,0.010288357840150582,1.038523354473018,0.5813953488372093,0.023391812865497075,0.6656976744186046,0.6205046200414948,0.9657506205339051
27789372_AI.txt,AI,7.109506560035847,138.09397439289668,0.013712610381868523,0.3176023587612853,0.4789915966386555,0.022535211267605635,0.5574229691876751,0.5724348529742525,0.9883536103965517
27796199_AI.txt,AI,7.422369083738222,171.53617948757133,0.015684972262588835,1.1376800726333374,0.42424242424242425,0.11764705882352941,0.5131313131313131,0.9244896114165202,0.9801174765776242
27798860_AI.txt,AI,7.773848221392582,218.85753144140682,0.02225098221862459,0.4727564539365981,0.4438202247191011,0.06056338028169014,0.5112359550561798,0.7958430024477882,0.9695332297400759
27820360_AI.txt,AI,7.610509998717765,195.4302519470539,0.016995522980060105,1.40191397116197,0.453448275862069,0.04498269896193772,0.5362068965517242,0.5191535535924696,0.9745733639728403
27831220_AI.txt,AI,7.403909907636652,169.35536819801325,0.017337718071300447,0.4341241550732838,0.4144620811287478,0.14513274336283186,0.47971781305114636,0.6233902766564975,0.9705269071480593
27835351_AI.txt,AI,7.636273246984123,198.9515387368673,0.012050249755441294,0.615412742431589,0.4781783681214421,0.03428571428571429,0.5768500948766604,0.9442030871257544,0.9274017799758112
27847081_AI.txt,AI,7.641441441963373,199.66552486880926,0.021393330552473454,0.3802149046384405,0.5400410677618069,0.03711340206185567,0.6139630390143738,0.8935253063875493,0.9516848873681311
27850777_AI.txt,AI,7.8203715090140555,226.03016468075336,0.011061710157306833,0.4727758617768703,0.48951048951048953,0.02456140350877193,0.5821678321678322,0.6248187039262151,0.9598965632419625
27884470_AI.txt,AI,7.692044848130012,206.7931874145511,0.02019572999904185,0.41685627186249447,0.3858695652173913,0.21525885558583105,0.46467391304347827,0.8790632869042923,0.9767157112182857
27888251_AI.txt,AI,7.524438889606371,184.11187729770714,0.013484771814136282,0.6254207786441077,0.4180887372013652,0.06164383561643835,0.5068259385665529,0.81553349707232,0.9470812734429291
27902692_AI.txt,AI,7.213286673757512,148.39376581020187,0.014487919522921307,0.6228277342424815,0.5082417582417582,0.027624309392265192,0.5851648351648352,1.0358430172327644,0.9652513742847693
27903191_AI.txt,AI,7.385519902378007,167.21029927742453,0.013200152623019396,0.30085059750649334,0.39676840215439857,0.09009009009009009,0.4757630161579892,0.5627719566520802,0.9530311252709577
27909372_AI.txt,AI,7.668158176805531,203.39750566535972,0.011087821311371421,1.0836949270322505,0.49898580121703856,0.05702647657841141,0.5943204868154158,0.7316717496147981,0.9545130043725655
27914096_AI.txt,AI,7.662319069594447,202.57594628945148,0.015453900505634725,0.7458067795773012,0.44427001569858715,0.031496062992125984,0.533751962323391,0.477003965844066,0.9926059236922958
27917969_AI.txt,AI,7.590645452967383,192.7578030462991,0.043595993850909724,0.38755853505646576,0.4823008849557522,0.05333333333333334,0.577433628318584,0.7039320996879612,0.959818092877696
27921561_AI.txt,AI,7.968821681875843,250.52689528711872,0.013795973180094682,0.5282706993730705,0.46787709497206703,0.03081232492997199,0.5600558659217877,1.208651492396305,0.9664560981091109
27936502_AI.txt,AI,7.81855978785094,225.74649654321237,0.011865289020910469,1.016647259651262,0.4841549295774648,0.02120141342756184,0.5827464788732394,0.7839086978152916,0.9784967889345336
27937592_AI.txt,AI,7.556496727397584,188.24878293494498,0.015383201411235033,0.526800654116525,0.42857142857142855,0.057692307692307696,0.5278745644599303,0.9862876762574208,0.97360256924766
27974588_AI.txt,AI,7.252579993258477,152.4909689223515,0.08186552961740799,0.38499465760781393,0.3664259927797834,0.16485507246376813,0.4548736462093863,0.7887956370056873,0.9339533970750844
27980446_AI.txt,AI,7.561281437157195,188.87414798544765,0.009969222956006428,0.7016163777329639,0.47876447876447875,0.04263565891472868,0.5637065637065637,0.5454644690259607,0.9688350821357943
27981289_AI.txt,AI,7.358773145855474,164.1388733843952,0.025460404043346842,3.5995549658973665,0.42462845010615713,0.07249466950959488,0.5159235668789809,1.0806374424047807,0.986633570106608
28005884_AI.txt,AI,7.4796109390251715,178.47905119326572,0.018505759115427855,0.3405087811220847,0.41929499072356213,0.07635009310986965,0.5027829313543599,0.7440966478699617,0.9503569480733635
28013287_AI.txt,AI,7.346791757654799,162.78136688251467,0.007887199430352692,0.8717732436892324,0.5203252032520326,0.10899182561307902,0.5934959349593496,1.017861688135127,0.9665000598332856
28020046_AI.txt,AI,7.6723317796100705,203.98677052163313,0.014717253945586737,0.5470797978192695,0.47377326565143824,0.04074702886247878,0.5465313028764806,1.1497631345863772,0.984840424518384
28035460_AI.txt,AI,7.293055471117266,156.8297524167337,0.03333915269080835,0.530820684960735,0.45454545454545453,0.07468879668049792,0.5165289256198347,1.0034585338768158,0.9801759652969835
28051330_AI.txt,AI,7.4719127298848,177.52922479758027,0.011960968252690071,0.6748870352608126,0.5170731707317073,0.058823529411764705,0.6048780487804878,0.6726727273025958,0.9787961240671904
28063132_AI.txt,AI,7.3886317847187355,167.57135989651982,0.012424874373694718,1.9762289171829175,0.5626822157434402,0.05278592375366569,0.6647230320699709,0.8767194562626165,0.9532245812805714
28078163_AI.txt,AI,7.698876728902648,207.77477865291306,0.012885160061074362,2.0258762558432726,0.45819397993311034,0.06711409395973154,0.5384615384615384,0.813510799506277,0.9791868940364806
28086303_AI.txt,AI,7.593802936051094,193.18013485910174,0.018611236657839127,0.2899263696545658,0.4635514018691589,0.06378986866791744,0.5439252336448598,0.8824418123869925,0.9768055983247194
28092317_AI.txt,AI,7.160370703127271,143.049505783214,0.009436358883206243,0.4273038898580811,0.5250737463126843,0.04154302670623145,0.6106194690265486,0.6666335996532982,0.9580013888461197
28109594_AI.txt,AI,7.8292886011454215,227.43155129116192,0.007703843923640732,2.3529798441321903,0.46646795827123694,0.08071748878923767,0.5424739195230999,0.6545729778367292,0.9742629801786459
28111403_AI.txt,AI,7.887263067021572,236.75696651253463,0.025309938447646712,1.8806870356838863,0.46869983948635635,0.06763285024154589,0.5441412520064205,0.8997918562784027,0.9877764066663323
28126340_AI.txt,AI,7.731565753849334,212.5363438439666,0.011401907368537984,0.7572058848689689,0.46928327645051193,0.04794520547945205,0.5494880546075085,0.422177006543899,0.9527662935798764
28139742_AI.txt,AI,7.510149735404088,182.29734445410153,0.020056512788661163,1.295211394920586,0.4593128390596745,0.07259528130671507,0.5316455696202531,0.7479264069922413,0.9773247509997022
28165687_AI.txt,AI,7.673055777188448,204.08916429648795,0.020301331002178694,1.4232642628761796,0.4538216560509554,0.05750798722044728,0.5270700636942676,0.7632620424290419,0.9683035052794903
28172023_AI.txt,AI,7.552759932619928,187.76182150593286,0.012514842856697803,0.7051143579352921,0.5586034912718204,0.03508771929824561,0.6209476309226932,0.894889578684889,0.9573601960446824
28175164_AI.txt,AI,7.793362300562778,221.83793787584025,0.00790682368914033,0.3390309874382432,0.45331325301204817,0.054380664652567974,0.5286144578313253,0.6324566622273105,0.9566042807369836
28176889_AI.txt,AI,7.378056551732266,166.3475204686868,0.014768297875445204,0.8286498490992164,0.5579514824797843,0.02710027100271003,0.6415094339622641,0.7404921491900092,0.9794310930038288
28186635_AI.txt,AI,7.6754771965490125,204.43199517359233,0.013699789813844596,1.282811133324024,0.5019607843137255,0.03346456692913386,0.5784313725490197,0.9220825325210875,0.9569371728481941
28198029_AI.txt,AI,6.9802408200778,126.25886001962722,0.01291258584598023,0.39565243526707294,0.5507246376811594,0.058394160583941604,0.6340579710144928,0.5698282142863949,0.8975541385530706
28206098_AI.txt,AI,7.6859544210839905,205.92203718462628,0.01650419118979863,1.1448583091296525,0.514,0.0321285140562249,0.606,0.9847800092744909,0.9539418116300948
28230807_AI.txt,AI,7.202968517171998,147.3362396490523,0.016459811868920097,0.4100583070293955,0.347682119205298,0.17940199335548174,0.40894039735099336,0.5658163184374598,0.9794005979562077
28243590_AI.txt,AI,7.270703924949418,154.4187281070181,0.018867978263075402,0.35386059618728355,0.49624060150375937,0.030226700251889168,0.5839598997493735,0.47542576870451886,0.9492321821101418
28247753_AI.txt,AI,8.072549303014261,269.2027435778715,0.007676014294475181,2.0588197382735762,0.5176151761517616,0.051630434782608696,0.5718157181571816,0.8654909733166434,0.9618651484727315
28290448_AI.txt,AI,7.425004947567596,171.8498696955226,0.022625042353136674,0.4466352848774912,0.43252595155709345,0.08333333333333333,0.4982698961937716,0.6565383121519313,0.979548560110403
28298773_AI.txt,AI,7.669079135083907,203.52738787401586,0.011551219035977698,0.47086571488813755,0.4169381107491857,0.06209150326797386,0.509771986970684,0.8157575432909023,0.9756043381532138
28320387_AI.txt,AI,7.779576082660471,219.72817794893814,0.016433570379394236,0.34881964040299046,0.5026548672566372,0.07104795737122557,0.584070796460177,0.7395887579107797,0.9624600838553986
28321954_AI.txt,AI,7.787071579240623,220.87274252088633,0.011146398880055785,0.26190211613796893,0.516728624535316,0.018656716417910446,0.604089219330855,0.501070012188936,0.9690062030466219
28325193_AI.txt,AI,7.504385196167422,181.570396962688,0.05017249291921997,2.7673920958462768,0.3975720789074355,0.1248097412480974,0.4537177541729894,1.3857018030720731,0.985458450547004
28326441_AI.txt,AI,7.90519499159127,239.71809294104065,0.010085618363350172,0.4444450080764548,0.49013657056145676,0.03951367781155015,0.5757575757575758,0.8646669317264982,0.9545362357106905
28337049_AI.txt,AI,7.671649680229409,203.8903493384396,0.01813215194879066,0.295652097693494,0.4600326264274062,0.058919803600654665,0.5415986949429038,0.45991355553454866,0.9802620734897421
28359817_AI.txt,AI,7.6033976607234735,194.46917188817244,0.02245101375831613,0.5890487521278573,0.45121951219512196,0.08391608391608392,0.5296167247386759,0.583892173573527,0.9664906482174536
28377361_AI.txt,AI,7.5357650802602665,185.56297619490536,0.012947037548893656,0.3163723016597337,0.45940959409594095,0.03333333333333333,0.5479704797047971,0.5510539922189068,0.9570602607852485
28383893_AI.txt,AI,8.07759817332769,270.14649867558524,0.045244679547256285,3.0539246887752283,0.43255295429208473,0.08928571428571429,0.48775055679287305,1.1447182887740426,0.9768643752296303
28396458_AI.txt,AI,7.703977630796941,208.51070313117575,0.015387903868210227,1.9328757796125235,0.438953488372093,0.055312954876273655,0.5152394775036284,2.326890878890678,0.9570102742746582
28396528_AI.txt,AI,7.487888348598763,179.50601142113467,0.006895172100352276,0.655107242898356,0.4685466377440347,0.09586056644880174,0.5531453362255966,0.9343300023549576,0.9674932792308947
28398216_AI.txt,AI,7.447669544906493,174.57093211156996,0.01562460012608697,0.42920065152095926,0.4291044776119403,0.10674157303370786,0.498134328358209,0.7006275492812665,0.9850206742762898
28419173_AI.txt,AI,7.743196663739213,214.25672295212806,0.01298301168145631,0.4500650803205774,0.4429223744292237,0.03969465648854962,0.5205479452054794,0.9538307337556814,0.9772707871827648
28419927_AI.txt,AI,7.896215031681529,238.2306176668405,0.01830491647039545,1.013266423202936,0.4741100323624595,0.030844155844155844,0.5679611650485437,0.5529692665298689,0.9455028082169549
28423028_AI.txt,AI,7.693244599707473,206.9652290692969,0.024580391497067755,1.1856415557443278,0.48,0.04013961605584642,0.5443478260869565,1.1035509346679142,0.9725889932661249
28424982_AI.txt,AI,7.309838791576761,158.66485520598704,0.016526543371260263,0.3247162134767408,0.37389770723104054,0.13982300884955753,0.4514991181657848,0.5393422091389324,0.9787658277472886
28471099_AI.txt,AI,7.5101025807801705,182.29138614552377,0.049103611292142677,2.2301986819003567,0.4221824686940966,0.08797127468581688,0.4919499105545617,0.9804966351385468,0.9595831977577772
28505854_AI.txt,AI,7.822889113836802,226.4249476568987,0.017752929301765395,2.4096090700550126,0.48440366972477067,0.06077348066298342,0.5651376146788991,0.9891017653529544,0.9811789972713518
28522529_AI.txt,AI,7.514773879922295,182.882583631156,0.02106665650277611,2.22277234262105,0.4394409937888199,0.06230529595015576,0.4922360248447205,0.6949194459587725,0.9798413070188138
28531493_AI.txt,AI,7.654765082284729,201.5180256356132,0.018840281468965724,0.39647473954902346,0.42215088282504015,0.07568438003220612,0.5040128410914928,0.5141866496524068,0.988846514597248
28609364_AI.txt,AI,7.561397913773144,188.88939743807927,0.030616044950515113,0.8524850547719512,0.43079584775086505,0.08854166666666667,0.5224913494809689,0.9996719262639818,0.9289226966025753
28614791_AI.txt,AI,7.539884979015453,186.09364503592857,0.011467307765916908,0.8180488244976281,0.5077951002227171,0.10961968680089486,0.5879732739420935,1.0209320272127824,0.9611588012971434
28623782_AI.txt,AI,8.035525964659156,262.38218617680633,0.015303657437928735,0.606972872016235,0.3979381443298969,0.045454545454545456,0.4587628865979381,0.5540910776506386,0.9859925072515547
28628090_AI.txt,AI,7.899514264473431,238.7760396983424,0.019237962489060564,1.475605189136924,0.5168918918918919,0.023728813559322035,0.5945945945945946,0.758166195646697,0.9617805894832242
28629430_AI.txt,AI,7.732221744428974,212.63300567315594,0.010510714980756085,0.7020627890987772,0.4712121212121212,0.0486322188449848,0.5333333333333333,0.6713302115935963,0.9449482858977905
28630325_AI.txt,AI,7.383570452635872,166.9845080106301,0.023387385530700185,0.32016159273341704,0.5066666666666667,0.06702412868632708,0.6106666666666667,0.4760460933995107,0.9723386739068393
28631840_AI.txt,AI,7.877955142838448,235.23438400477886,0.00900147583738998,0.3942116905473177,0.4640625,0.04075235109717868,0.55625,0.5708882317597419,0.9564449181132859
28635795_AI.txt,AI,7.578499901834595,191.14185330097948,0.007231580315645205,2.514553928096932,0.44972577696526506,0.10825688073394496,0.5484460694698354,0.8709098768874777,0.980928163467674
28640735_AI.txt,AI,7.608114118869472,195.1059707841928,0.011375763554008558,1.2016358649266767,0.38672438672438675,0.06367583212735166,0.4704184704184704,0.8064328991339914,0.9774795169137493
28642819_AI.txt,AI,7.488279214609512,179.5546511557848,0.0175289602392078,1.317063947115429,0.4472168905950096,0.0789980732177264,0.527831094049904,0.9088329294453963,0.9402674788864287
28663949_AI.txt,AI,6.799841888905768,111.41826063102937,0.014827513079642033,0.6823252661002855,0.47368421052631576,0.10927152317880795,0.5526315789473685,0.814138985993675,0.9641649217111032
28669770_AI.txt,AI,7.634118755549724,198.65465029369452,0.010308456868762719,0.6041742769560572,0.4381107491856677,0.032679738562091505,0.5374592833876222,0.7025942153010951,0.9693293713294879
28670024_AI.txt,AI,7.730427221634958,212.36868261901603,0.02176338702706467,0.3654785139550851,0.4748201438848921,0.07581227436823104,0.5701438848920863,0.7140080879400024,0.9382883734578042
28672970_AI.txt,AI,7.676314066802415,204.55061531214432,0.013148356815487688,0.630731077087977,0.4174454828660436,0.0484375,0.4984423676012461,0.895954163570601,0.9709910485804898
28679359_AI.txt,AI,7.480401442451506,178.57687294920382,0.01796639716027909,0.37890075510081045,0.38791732909379967,0.09888357256778309,0.465818759936407,0.8834697393412759,0.9705320236540298
28697203_AI.txt,AI,7.542907109283494,186.48387906638067,0.014870578759801271,0.33271709637869673,0.4517304189435337,0.06764168190127971,0.5336976320582878,0.6119327903171272,0.9618007410441508
28711616_AI.txt,AI,7.5281935471675,184.59165808863875,0.020743029211943025,0.4367384920079345,0.4288135593220339,0.10714285714285714,0.5050847457627119,0.904114295300328,0.9789582896623917
28724469_AI.txt,AI,7.6692704709372705,203.55438226144912,0.012435619538852846,0.42335855433731656,0.44873949579831934,0.07082630691399663,0.5310924369747899,0.9432518030138936,0.9895359141128085
28733974_AI.txt,AI,7.75589192265985,216.15043398763507,0.018285030364172374,0.9923634846786403,0.4751203852327448,0.04669887278582931,0.5489566613162119,0.9506658535242436,0.9478977926101256
28745844_AI.txt,AI,7.317353435171535,159.4934575279038,0.014032132400061091,1.6899727662549258,0.5054054054054054,0.057065217391304345,0.5837837837837838,0.7965996118489946,0.9457824884849146
28756444_AI.txt,AI,7.640015871647054,199.46832680935566,0.021049448982078795,0.32432013713332786,0.5028790786948176,0.04046242774566474,0.5873320537428023,0.7530888336984434,0.966911265485928
28758002_AI.txt,AI,7.594802029349892,193.3139620491418,0.011868177054580481,0.9536535456298618,0.4571984435797665,0.05859375,0.556420233463035,0.9875642036548937,0.9822458904106105
28762662_AI.txt,AI,7.772350754805311,218.63048289461958,0.014220872855256082,1.924835377387347,0.4234620886981402,0.08034433285509325,0.5007153075822603,0.7964659517722671,0.9531379186137184
28772892_AI.txt,AI,7.766299823737892,217.71542632586542,0.017161797743312217,0.3424975160086727,0.42406876790830944,0.05459770114942529,0.498567335243553,0.5875221009815284,0.9410350352331036
28790806_AI.txt,AI,7.6665917073401095,203.17677774997435,0.02003492059932716,2.0305578874574546,0.38114209827357237,0.11451398135818908,0.4448871181938911,0.6694948818376079,0.9696558533622522
28803888_AI.txt,AI,7.407820934363293,169.8150994349771,0.025950672862211456,0.5283629164419658,0.4288461538461538,0.06177606177606178,0.5076923076923077,0.7308742935850095,0.962681184269002
28808263_AI.txt,AI,7.796104329226478,222.2599705276628,0.01567533378323076,1.055253175041798,0.49391304347826087,0.041884816753926704,0.5808695652173913,0.7951214104971088,0.9476017112201705
28815362_AI.txt,AI,7.6779098095653495,204.7769907691772,0.04102283951750513,0.5530359017172629,0.4972170686456401,0.1042830540037244,0.575139146567718,0.6985689626847718,0.9587020020494283
28828844_AI.txt,AI,7.3102207087988065,158.7068632953416,0.009208583930251067,0.5417729727602639,0.4175627240143369,0.09352517985611511,0.46953405017921146,1.1629808670187496,0.98068452014372
28831378_AI.txt,AI,7.626842910662088,197.65531099728418,0.013408354635629196,0.9769713676221186,0.4540540540540541,0.0650994575045208,0.5315315315315315,0.6849871901677704,0.9631110803413777
28831442_AI.txt,AI,7.649131671871518,200.73267587453063,0.01784653868205097,3.1088448810292446,0.49894736842105264,0.0507399577167019,0.5873684210526315,0.7853613402807187,0.9368337203192146
28862054_AI.txt,AI,7.721928544795787,211.12133156242197,0.01817368751070627,1.0387685269618356,0.4627831715210356,0.04707792207792208,0.5436893203883495,1.2248332549771332,0.9529533839374825
28867567_AI.txt,AI,7.635553853938889,198.85235722515435,0.014176823021034728,0.24029081636455166,0.4444444444444444,0.02748091603053435,0.5251141552511416,0.677209496526448,0.9323069569428245
28871170_AI.txt,AI,7.597692185660999,193.7016167897136,0.011002354264564002,0.5421746722331068,0.37681159420289856,0.125,0.4608695652173913,0.7335977779129488,0.9752579256484013
28895997_AI.txt,AI,6.856247698433507,115.86071783849609,0.009308196386991523,0.3458808506708006,0.47096774193548385,0.1038961038961039,0.5516129032258065,0.5715997959612793,0.9490348087792373
28897981_AI.txt,AI,7.691481840111276,206.712502651054,0.02041377455594513,1.273128915684229,0.43636363636363634,0.08966565349544073,0.509090909090909,0.7347111190989976,0.9550900430386259
28916894_AI.txt,AI,7.625383239153823,197.45543097166654,0.017345721445864496,0.3262789757933634,0.4737704918032787,0.03125,0.5377049180327869,0.5977075090094288,0.9699598376013413
28923650_AI.txt,AI,7.835766622793479,228.45506573062096,0.03776430080037078,1.8068969206493484,0.49429037520391517,0.07692307692307693,0.5595432300163132,0.7097213562400501,0.9800101752411486
28933005_AI.txt,AI,7.58295046195313,191.73241594709617,0.06386951725494079,0.48364934805953746,0.45996275605214154,0.08598130841121496,0.5363128491620112,1.1576742668657998,0.9737987753710001
28939941_AI.txt,AI,7.734540858568908,212.9750854272358,0.011431997973191037,0.5485020936876904,0.5008944543828264,0.0466786355475763,0.5670840787119857,0.5587021407258653,0.9338882217264295
28942221_AI.txt,AI,7.647669236488381,200.5292996778728,0.013333286182206435,0.42390374336035547,0.49510763209393344,0.047151277013752456,0.5831702544031311,0.7432129328838717,0.9611785508586947
28949406_AI.txt,AI,7.7780037140310005,219.48883042310658,0.022857629814583592,2.9103578365321683,0.4755244755244755,0.13859649122807016,0.5629370629370629,0.871671473900894,0.9739076285450347
28951817_AI.txt,AI,7.6503069113270055,200.89626212627624,0.01365301123475963,1.0233545128461594,0.5233265720081136,0.06517311608961303,0.592292089249493,1.0424974145626353,0.9873998117054335
28969385_AI.txt,AI,7.562572959305905,189.04330664913428,0.029925643351442245,0.2850401896534801,0.48405253283302063,0.04519774011299435,0.5534709193245778,0.660973332523331,0.9776366776352627
28973180_AI.txt,AI,7.588512400651424,192.47301751609365,0.028196162885963577,1.3032241715280315,0.4883268482490272,0.06640625,0.5797665369649806,0.7519485411667591,0.9683787365452818
28974459_AI.txt,AI,7.440104643226843,173.65794941592304,0.01452511080945943,7.458526797717786,0.47770700636942676,0.08102345415778252,0.5626326963906582,2.040639409813531,0.9600535941449193
28975482_AI.txt,AI,7.519909090107175,183.53470613742513,0.010114356992842601,0.41583784799134976,0.4483985765124555,0.05357142857142857,0.5213523131672598,0.6459625443132524,0.9688172171056905
28989677_AI.txt,AI,7.577353909601802,190.9900817227868,0.0095613741645825,0.4921139409526142,0.48405253283302063,0.05084745762711865,0.5534709193245778,1.2093367624909033,0.9733857535918902
28998957_AI.txt,AI,7.937033450786716,245.0671754377055,0.016921002694586344,0.5876490724725361,0.48099415204678364,0.051319648093841645,0.543859649122807,0.9159771343045742,0.9895956015031201
29002596_AI.txt,AI,7.507568939124432,181.97152940756942,0.03337797261272925,1.3062891923607165,0.34864864864864864,0.12466124661246612,0.4283783783783784,0.693521609052106,0.9723674164128107
29014805_AI.txt,AI,8.047255308482677,264.5240909694927,0.011775827379460412,1.5554165511238627,0.5036284470246735,0.03056768558951965,0.5747460087082729,0.8221048697130939,0.9865482780293399
29028935_AI.txt,AI,7.661530494008267,202.46524874742144,0.010024994488031224,0.27969514064938056,0.4642857142857143,0.07526881720430108,0.5571428571428572,0.6582513618992192,0.9577740071270526
29050809_AI.txt,AI,7.550347698401281,187.4481397952069,0.025922220802535943,0.6070477810192992,0.447098976109215,0.07876712328767123,0.515358361774744,1.0141497873398966,0.9856657993674517
29051656_AI.txt,AI,7.541413973115686,186.29097496968961,0.021321884355767092,1.1635366260861755,0.39609483960948394,0.09090909090909091,0.4560669456066946,0.7120898014150628,0.9750636518969579
29061628_AI.txt,AI,7.376697163765624,166.19085235234837,0.0069019854789974695,0.7964875719623034,0.5046296296296297,0.06976744186046512,0.5625,0.5764418761900582,0.971922922521548
29072179_AI.txt,AI,7.625255842239363,197.43799547677273,0.01285608564697363,0.3309852863395352,0.466893039049236,0.06132879045996593,0.5365025466893039,0.632596271294252,0.9557677676414454
29075857_AI.txt,AI,7.762583551468213,217.15532970388162,0.01963321499375,0.826816278415449,0.3871794871794872,0.03984575835475578,0.47435897435897434,0.7469401039523649,0.9780860014791289
29076405_AI.txt,AI,7.563617715866501,189.18025573390386,0.00486383324098373,0.30281024436981385,0.46421267893660534,0.06776180698151951,0.5705521472392638,0.6721485624642612,0.9558193171083988
29087505_AI.txt,AI,7.362626960841943,164.57791729354497,0.020295138695015435,0.3928143296757618,0.4742729306487696,0.038202247191011236,0.5592841163310962,0.7830510262058543,0.9543938302550524
29091445_AI.txt,AI,7.654617876819838,201.49746478217844,0.01255861373830542,0.9014864524342879,0.5,0.05892857142857143,0.5676156583629893,1.122434614695144,0.960089126343334
29093426_AI.txt,AI,7.661672852889062,202.48522812455388,0.011414609268863127,1.9009507383176696,0.47739602169981915,0.11433756805807622,0.5479204339963833,0.6546117111084784,0.9809046711521212
29134372_AI.txt,AI,7.842648232862736,229.54739233530756,0.018259571107989838,0.4004327492177488,0.514003294892916,0.03801652892561983,0.5897858319604613,0.7742777521475005,0.9728396840711424
29134721_AI.txt,AI,7.547618708615003,187.09389961750216,0.011883755040525369,0.44946925506656504,0.43508771929824563,0.06866197183098592,0.5140350877192983,0.504903850294987,0.9453870336942809
29142288_AI.txt,AI,7.76620957707972,217.70180773386988,0.013348862358998454,1.5044895746336238,0.4765886287625418,0.09228187919463088,0.560200668896321,0.8065931546350227,0.9777264140024307
29147100_AI.txt,AI,7.016044013089877,129.43141492398905,0.016272202624968146,4.262366009450373,0.5421245421245421,0.11070110701107011,0.6190476190476191,1.3046930998898676,0.9726215626834911
29148871_AI.txt,AI,7.952484225882032,247.70586637884963,0.015931048060870607,0.6462536232636691,0.35883905013192613,0.10572687224669604,0.43535620052770446,0.6197630960117831,0.9669949348554021
29149998_AI.txt,AI,7.601939464143707,194.27271247649244,0.008321825872645522,0.4167701566901555,0.4787430683918669,0.05380333951762523,0.5711645101663586,0.7284150893714061,0.970465424601688
29161565_AI.txt,AI,7.242677717305839,151.44789515974549,0.047522074850547734,1.3438874054543828,0.4973821989528796,0.10526315789473684,0.5680628272251309,0.7758958627683687,0.9731445080269249
29165698_AI.txt,AI,7.3085044945684,158.51817959808665,0.009779011240971957,0.37507683317103885,0.5325443786982249,0.02976190476190476,0.636094674556213,0.5642565280364442,0.934765414231145
29167286_AI.txt,AI,7.180751325267726,145.08467469751452,0.02927034536236495,1.8177043936520179,0.4619289340101523,0.0663265306122449,0.5355329949238579,0.8782439844611978,0.9738166074075592
29173771_AI.txt,AI,7.538875404297632,185.96346525913393,0.009024971823244484,0.24304209438250846,0.39375,0.1833855799373041,0.4796875,0.4951211273545504,0.9510124450373106
29177904_AI.txt,AI,7.420711179983392,171.33916825242193,0.018637915171813676,0.5236764140721609,0.416195856873823,0.11153119092627599,0.5084745762711864,0.8046409384883327,0.9701472297596836
29184740_AI.txt,AI,7.633725665617923,198.60053039777267,0.008907401556638788,1.5371596732499238,0.5396825396825397,0.025056947608200455,0.6394557823129252,0.5956879189334165,0.9550834079579169
29193505_AI.txt,AI,7.7513687039107335,215.47380822461548,0.016581085394384725,0.7708285707678086,0.4604200323101777,0.11021069692058347,0.5363489499192245,0.675679456967981,0.9761443666423174
29196643_AI.txt,AI,7.46161268867711,176.2662784780961,0.02845717691523211,0.8498443636739085,0.48484848484848486,0.043478260869565216,0.5692640692640693,0.6113357097998068,0.9573443243077437
29208172_AI.txt,AI,7.718799417968558,210.6639171462589,0.024251835556757043,0.3642272426113713,0.4307931570762053,0.057722308892355696,0.5116640746500778,0.7693071067115338,0.978519753174417
29211359_AI.txt,AI,7.7500679109189,215.27961576491555,0.017145745635005493,0.37560311314194234,0.46899841017488075,0.06220095693779904,0.5405405405405406,0.5778588049453467,0.9749184931550279
29211919_AI.txt,AI,7.405486024352814,169.54048679682714,0.005683090764562345,0.5154623744347043,0.5646437994722955,0.026525198938992044,0.6358839050131926,0.9506056942511613,0.9663682957546792
29221006_AI.txt,AI,7.499673006911454,180.9783118154328,0.012489191062171768,1.0474366120838945,0.4621676891615542,0.08829568788501027,0.556237218813906,0.9494944636527272,0.986182487590537
29267293_AI.txt,AI,7.051667403320433,132.66715252495533,0.019939976082863974,2.7288241887891482,0.4827586206896552,0.08832807570977919,0.567398119122257,1.0446528362513463,0.9897529589447688
29297393_AI.txt,AI,7.947029037682636,246.77099758719848,0.011344875437834261,0.9818026379066038,0.4889240506329114,0.0380952380952381,0.5822784810126582,0.7678313910576372,0.972347963466147
29297973_AI.txt,AI,7.680390575559798,205.12941508379885,0.018953808750953434,0.5924636099686174,0.44426229508196724,0.06907894736842106,0.5229508196721312,0.775142149676562,0.9627455605075088
29306433_AI.txt,AI,7.581226166398082,191.50339605384892,0.015138801232521822,0.4026229269204996,0.49290060851926976,0.024439918533604887,0.5679513184584178,0.6947929373755111,0.9759341197460156
29319314_AI.txt,AI,7.749380246385142,215.1770265994022,0.008955551128373207,0.9934378387365282,0.4512,0.08507223113964688,0.5408,0.7700784837346848,0.9601973543677045
29329075_AI.txt,AI,7.824406238773129,226.66317930424574,0.017746801460707205,1.7929829892548221,0.5380333951762524,0.05204460966542751,0.6055555555555555,0.7908654958082962,0.9699529292358859
29332616_AI.txt,AI,7.447964932743029,174.6066786885449,0.009796827701502317,0.35398432564334065,0.513317191283293,0.029197080291970802,0.612590799031477,0.7143114012669358,0.9436730866836028
29399491_AI.txt,AI,7.6739531128062195,204.21614431449103,0.013876076869318703,0.4127068001262709,0.4868651488616462,0.10017574692442882,0.5656742556917689,0.8914502270489022,0.9559236747278005
29406313_AI.txt,AI,7.707585117941907,209.03274062984792,0.0142913933078887,0.8109386420887515,0.3776595744680851,0.10933333333333334,0.45345744680851063,0.702571285544797,0.9637840504026636
29415426_AI.txt,AI,7.272705134706422,154.6330760354337,0.025645318377800166,0.531951507328572,0.5225988700564972,0.0625,0.5932203389830508,0.5746237668485147,0.974085252475995
29425788_AI.txt,AI,7.621228021684139,196.88754252907435,0.017423802772412737,0.5380442656978444,0.4602076124567474,0.020833333333333332,0.5294117647058824,0.5211625488649859,0.9739774638913357
29449419_AI.txt,AI,7.750052584324128,215.27732873556164,0.018966754475791634,0.7278489751807903,0.4950166112956811,0.041666666666666664,0.579734219269103,0.78032107360634,0.9719486332659546
29456173_AI.txt,AI,7.580371111012486,191.38992959650918,0.02168512938790344,0.41757023745521266,0.4500875656742557,0.06678383128295255,0.5394045534150613,1.1540111592919267,0.9886595344352086
29483501_AI.txt,AI,7.534248875759062,185.36806069299368,0.018148689696634447,1.1009406723517021,0.4033232628398791,0.0803030303030303,0.4697885196374622,1.0145065426024853,0.9804385508796559
29486525_AI.txt,AI,7.157362216644371,142.75151204130412,0.011380726719950471,0.2922007879572599,0.3531468531468531,0.2736842105263158,0.40734265734265734,0.7140996078458072,0.967534514089816
29494962_AI.txt,AI,7.7395736535454365,213.71933952104965,0.03138535210547806,0.9857183992823471,0.46029173419773095,0.07804878048780488,0.5348460291734197,1.1981879290435786,0.9732555029475474
29510501_AI.txt,AI,7.585667641828349,192.09386611894854,0.012276753269671337,0.6297218386870939,0.5042735042735043,0.06437768240343347,0.5876068376068376,0.8679477710861024,0.9635533655655302
29521434_AI.txt,AI,7.30723028479125,158.37823578697817,0.01496647101829419,0.730828138445724,0.5791139240506329,0.05732484076433121,0.6740506329113924,0.7682229535987155,0.9526627804277374
29524570_AI.txt,AI,7.717303322019276,210.44556880450313,0.011738073264729322,1.142535299619325,0.5414847161572053,0.02631578947368421,0.6157205240174672,0.7277148128226539,0.9883927148513878
29525715_AI.txt,AI,7.91531053544392,241.40479720542453,0.014719782519614196,0.6931218457307325,0.42597087378640774,0.0413625304136253,0.5024271844660194,1.4396393326042518,0.9788111517969782
29534737_AI.txt,AI,7.657409992915946,201.8878099816583,0.01460806680771151,0.3621367280276292,0.4878048780487805,0.06779661016949153,0.575984990619137,0.5764412343470245,0.9575958770734427
29552167_AI.txt,AI,7.365749317416603,164.9344912070745,0.016901528097608674,0.318439949056706,0.42355371900826444,0.04979253112033195,0.5330578512396694,0.7151008351331366,0.9430759120686575
29564653_AI.txt,AI,7.422271852109611,171.52461905407813,0.011000846485471347,0.5821782374791495,0.40325497287522605,0.09800362976406533,0.4810126582278481,0.8897144011640233,0.9775471720211996
29573698_AI.txt,AI,7.104387156623553,137.60481632105197,0.008783750229070892,0.4823076016063099,0.5271565495207667,0.03215434083601286,0.610223642172524,0.5776941819273255,0.9525348297815937
29574501_AI.txt,AI,7.602112449006043,194.29600794248634,0.019385109154131493,0.6705720807522643,0.47953216374269003,0.04892367906066536,0.5341130604288499,0.8412127532671312,0.9813311679167621
29595906_AI.txt,AI,6.915710949837315,120.73590373304528,0.03632488077819632,0.7216161458648102,0.5681818181818182,0.09174311926605505,0.6772727272727272,0.8745630550109482,0.9704757244528714
29612672_AI.txt,AI,7.83615694470903,228.51688273287516,0.008202309958028035,0.7713873996766404,0.4700996677740864,0.07833333333333334,0.5564784053156147,0.6946902073120839,0.9701715902232568
29639533_AI.txt,AI,7.743918556690277,214.36395914337407,0.018064452275121955,3.2264596675494057,0.4144542772861357,0.11686390532544379,0.4896755162241888,1.2222648931806344,0.9790888206452442
29640922_AI.txt,AI,7.343934600293808,162.4593086996439,0.014754821029263933,1.2055737040063772,0.4474708171206226,0.138671875,0.5214007782101168,0.8689407997216175,0.9822452075718524
29647215_AI.txt,AI,7.476829791014268,178.1353205310924,0.012205435393797731,1.043690925372055,0.42213883677298314,0.08851224105461393,0.5159474671669794,0.8573191133624052,0.9897922113892418
29648950_AI.txt,AI,7.429498045794898,172.38590949439325,0.03644011815047143,0.3504984696899723,0.3908450704225352,0.1166077738515901,0.4665492957746479,0.5725286740830473,0.9299955617266364
29723311_AI.txt,AI,7.484390247151992,179.07129059349361,0.032440329176906126,1.9032813518150205,0.5165562913907285,0.06651884700665188,0.58719646799117,0.8126065844679071,0.971941161473889
29746235_AI.txt,AI,7.9634822470528945,249.60140537391578,0.04498919692945491,0.9646668527370154,0.5089141004862237,0.055284552845528454,0.5980551053484603,1.3100580172324416,0.9669356431677026
29764492_AI.txt,AI,7.80598012249304,223.78664346295773,0.017839476620195114,0.2512233587781603,0.42653352353780316,0.1072961373390558,0.514978601997147,0.44839777315029916,0.9667075638809418
29770086_AI.txt,AI,7.956446695830912,248.3871442494324,0.011507040781785438,0.5861779669969515,0.49240121580547114,0.056402439024390245,0.5699088145896657,0.693177851486843,0.9657927775863194
29772450_AI.txt,AI,7.327149556223262,160.58012777045286,0.038148337845479094,0.7810328151808448,0.44061302681992337,0.11538461538461539,0.5095785440613027,0.8612352290163073,0.9839967314292578
29775391_AI.txt,AI,7.4630342235314995,176.4400450321695,0.011840974133169216,0.7358362813856913,0.4956140350877193,0.05506607929515418,0.5679824561403509,0.8076838855918453,0.9531706603147378
29784524_AI.txt,AI,7.5711868087198395,190.17539728995678,0.011613228132241811,0.9948434145243386,0.5540229885057472,0.023094688221709007,0.639080459770115,0.8542018781225265,0.955911636491327
29792535_AI.txt,AI,7.504985411035397,181.64595272605158,0.010497775029319496,0.6101784004064449,0.48523206751054854,0.06991525423728813,0.5611814345991561,0.9366084781047166,0.986650824584099
29797594_AI.txt,AI,7.385061196451347,167.1571430933875,0.01332117917848746,0.450745603316219,0.4233128834355828,0.12320328542094455,0.5071574642126789,1.073322836722963,0.977871829771788
29805310_AI.txt,AI,7.433958918197346,172.91975873310957,0.010671716477074687,0.24283684361581287,0.37264150943396224,0.24921135646687698,0.4371069182389937,0.6524160289047101,0.9327424530568151
29815762_AI.txt,AI,7.5473894668349635,187.06417307793924,0.015314038724126613,0.7775869006749057,0.4756554307116105,0.07894736842105263,0.548689138576779,0.5781588798218696,0.9781930005810956
29821051_AI.txt,AI,7.4879620321080615,179.5151796585361,0.02212699135676607,0.4443421328089085,0.46750524109014674,0.08421052631578947,0.5429769392033543,0.6539968022993977,0.986974407232855
29825044_AI.txt,AI,7.407855167006882,169.81912889968004,0.015260577106207998,0.8072535395703538,0.546875,0.028795811518324606,0.6328125,1.1323720849361705,0.9791182008238416
29839396_AI.txt,AI,7.727503644897586,211.9387598326433,0.009077088050330672,0.3149133010990943,0.5404255319148936,0.06196581196581197,0.6191489361702127,0.6496499736590756,0.9637131165406353
29865476_AI.txt,AI,7.65572782254983,201.65254766529227,0.025335366668279725,0.33579157364827245,0.4658273381294964,0.06678700361010831,0.5503597122302158,0.6386808030534897,0.9299478113424372
29878348_AI.txt,AI,7.268737511982656,154.2083966548162,0.013284879287624547,0.4592225636687113,0.5192307692307693,0.055248618784530384,0.5961538461538461,0.7160852892395178,0.9495707454080528
29894080_AI.txt,AI,7.289083011129214,156.3985157585934,0.01223713002588136,3.032348984979203,0.4550898203592814,0.1062124248496994,0.5069860279441117,0.8028184634910335,0.9692058576740882
29897742_AI.txt,AI,7.454744814099913,175.4291661386562,0.010260262668742257,0.5583012935385822,0.47844827586206895,0.04329004329004329,0.5581896551724138,0.8429653068177161,0.9701819481780872
29908929_AI.txt,AI,7.805707788923806,223.74440386150195,0.012628295963422714,0.5612826775337852,0.46254071661237783,0.06209150326797386,0.5423452768729642,0.8919444068865937,0.9470715220417563
29915354_AI.txt,AI,7.65981151209463,202.22415355364217,0.012636325013592983,2.5927378735520965,0.46875,0.050522648083623695,0.5503472222222222,0.9834702229621712,0.9462798601556847
29926588_AI.txt,AI,7.446575410540761,174.43858837945362,0.016601119356246873,0.7124204594547816,0.49130434782608695,0.06550218340611354,0.5717391304347826,1.0379817428370575,0.9172629046993938
29928796_AI.txt,AI,7.218052040753386,148.88473577678434,0.008483495549162131,0.41689997006705365,0.48509485094850946,0.05449591280653951,0.5826558265582655,0.4917321583607597,0.9476892386862482
29930479_AI.txt,AI,7.187030507676305,145.7175170767663,0.04103768247487406,0.7015377554313449,0.45202020202020204,0.07614213197969544,0.5378787878787878,1.0445310581544103,0.9807524426277064
29968330_AI.txt,AI,7.400734652346787,168.98304058956117,0.015146118523370458,2.045481161970678,0.48314606741573035,0.04966139954853273,0.5640449438202247,0.757529530145932,0.9774093162944024
29975124_AI.txt,AI,7.398624532793988,168.73606269889004,0.027256629148830636,0.9336821408518563,0.37031484257871067,0.12180451127819548,0.42278860569715143,0.8504952258591295,0.988340718525495
29990140_AI.txt,AI,7.813356393596852,224.93375911633586,0.01630474539836272,0.6313643342785034,0.5295238095238095,0.06500956022944551,0.5961904761904762,1.166310149608313,0.9424467402388521
29992154_AI.txt,AI,7.423999125162294,171.73010064926072,0.007683695717349341,0.5037950549591742,0.48672566371681414,0.02666666666666667,0.588495575221239,0.90511851738907,0.9429968614751312
29998869_AI.txt,AI,7.406298881926342,169.63603789797938,0.04038553589044271,0.5448690458615839,0.3314447592067989,0.16619318181818182,0.40368271954674223,0.7342176951697621,0.9525705648353213
29999135_AI.txt,AI,7.314199120849147,159.14512132237974,0.01509473969592673,1.067861285644387,0.4719626168224299,0.08685446009389672,0.5373831775700935,0.7713429175680888,0.9889441540662773
30083884_AI.txt,AI,7.271136144099643,154.4649975737625,0.015375879146695645,0.32652218464428007,0.41541755888650966,0.06666666666666667,0.49464668094218417,0.6485302660644228,0.9861223730980715
30083943_AI.txt,AI,7.539460497442273,186.03889909096242,0.021324777734667063,0.3700004245501796,0.49547511312217196,0.06818181818181818,0.5882352941176471,0.7208222909195477,0.9755661117212217
30097175_AI.txt,AI,7.919033033379328,242.02848354942063,0.021668144155780267,0.3854987449680354,0.5111876075731497,0.07426597582037997,0.5800344234079173,0.6949749240662202,0.9548884802960833
30127072_AI.txt,AI,7.384152814779222,167.05192703062843,0.025659675706428128,0.3909357632256661,0.4573804573804574,0.07306889352818371,0.5467775467775468,0.746078718877809,0.9860731954598984
30128072_AI.txt,AI,7.220571091090154,149.14492643001736,0.021601388985138744,0.9716348427003366,0.576271186440678,0.006825938566552901,0.6508474576271186,1.3463493089120342,0.9780580933777225
30148777_AI.txt,AI,7.4723396604910395,177.58176803993263,0.012692298286339668,1.3317540576094138,0.4967032967032967,0.09271523178807947,0.5824175824175825,0.9818626486212609,0.9716875353386744
30163002_AI.txt,AI,7.475569793657329,177.97981154134106,0.021117416617296977,0.5318791215800818,0.5458937198067633,0.02912621359223301,0.6280193236714976,0.8182439791466772,0.9590994157194923
30223363_AI.txt,AI,7.674949502398733,204.35723381505304,0.015438981826842847,0.7766242433995639,0.45590994371482174,0.026365348399246705,0.5553470919324578,1.0925835589800588,0.9781316897722839
30288581_AI.txt,AI,7.383881150808757,167.0204735938535,0.019769810978715607,2.1265764420420803,0.4964871194379391,0.06588235294117648,0.5644028103044496,0.7372661421405893,0.9715523981648196
30304575_AI.txt,AI,7.680059330542013,205.08232245859057,0.024478225500047256,1.5230584018499536,0.45854483925549916,0.08488964346349745,0.5313028764805414,0.8938359127592624,0.9777053607094859
30311202_AI.txt,AI,7.51935240606838,183.46390036829985,0.01121427866946535,0.1946364820774239,0.45166959578207383,0.014109347442680775,0.539543057996485,0.5403169885584834,0.9842597981852693
30311725_AI.txt,AI,7.727250959261924,211.90164236216668,0.008666105820713938,0.3391239650137767,0.45705024311183146,0.07642276422764227,0.5364667747163695,0.7232186417059843,0.9568176889096711
30337969_AI.txt,AI,7.856384877142601,231.7434699654649,0.018840498299215566,1.037713823203388,0.48534201954397393,0.06862745098039216,0.5456026058631922,0.7154149965226088,0.9884003346148389
30344127_AI.txt,AI,7.666447469370949,203.1564655287138,0.014377441795388798,0.3420921677512951,0.47602131438721135,0.030303030303030304,0.5506216696269982,0.5799794976145718,0.9572996173294499
30361788_AI.txt,AI,7.40187834999429,169.11705514319158,0.014031951439542598,0.44089426653172764,0.5211267605633803,0.028328611898016998,0.6197183098591549,0.6377438999508989,0.972675019162755
30397268_AI.txt,AI,7.7127690566507034,209.78519492910803,0.015839163332682805,0.9181789688675253,0.5028790786948176,0.03468208092485549,0.5988483685220729,0.6943418149516354,0.9621025092448802
30430249_AI.txt,AI,7.51453085595228,182.85177940221436,0.009950824889957466,0.5073242713490124,0.47514910536779326,0.06187624750499002,0.5526838966202783,0.707846547517811,0.9584303814514813
30437583_AI.txt,AI,7.880219269395598,235.6038443161583,0.01720198780025755,1.1903649817437214,0.5109489051094891,0.04395604395604396,0.6003649635036497,1.0333044303174534,0.9654257083345044
30504149_AI.txt,AI,7.473481501744734,177.72237325914645,0.012982226654952416,0.5602773102791484,0.4517304189435337,0.029304029304029304,0.5291970802919708,0.5700232060868198,0.9740106903896556
30529547_AI.txt,AI,7.293764782639665,156.9068778646168,0.00820398489930755,0.40568409402923095,0.5247252747252747,0.03314917127071823,0.6236263736263736,0.7145713714514171,0.9638307742431436
30542184_AI.txt,AI,7.614660784645274,195.99333504840303,0.009272094410196996,1.154867273067256,0.5265306122448979,0.07172131147540983,0.5918367346938775,0.8470795063800758,0.9646056661234544
30563572_AI.txt,AI,7.424095113404043,171.7415269163075,0.03571689630904957,1.5890385693006766,0.43023255813953487,0.12062256809338522,0.5058139534883721,1.1055262352708346,0.9813365528826401
30594821_AI.txt,AI,7.0687680550090946,134.24904870421727,0.005183991769453733,0.19143836395506372,0.5793991416309013,0.04329004329004329,0.6866952789699571,0.3479899492941869,0.9263875578002834
30608780_AI.txt,AI,7.59717641352285,193.63237967592826,0.023192792596180737,0.6218507985543589,0.46863468634686345,0.07037037037037037,0.544280442804428,1.1207569599873817,0.9449886039426345
30642458_AI.txt,AI,7.881631560190916,235.83459582549708,0.007815336891547373,1.1536093519158483,0.5166402535657686,0.04451510333863275,0.5847860538827259,0.8632157393401916,0.9650239118677371
30646367_AI.txt,AI,6.937108692940399,122.53997848835195,0.022747559261341477,1.4645223981302824,0.36767676767676766,0.23732251521298176,0.4161616161616162,0.5473905037871626,0.9806649996324133
30709029_AI.txt,AI,7.611947104664495,195.62502208121532,0.018199568122645355,0.4580841417136976,0.41318327974276525,0.06612903225806452,0.5048231511254019,0.7549653895777173,0.9770652322368489
30713796_AI.txt,AI,7.274372165505242,154.81185746971994,0.0054581130942730986,0.27631446710386637,0.3706896551724138,0.29930795847750863,0.42758620689655175,0.49559786564127145,0.948659493087967
30741799_AI.txt,AI,7.601228332093787,194.17697532853072,0.014345681460774244,0.6809736855433772,0.4119496855345912,0.167192429022082,0.49842767295597484,0.9434699263664911,0.9544623125221526
30757456_AI.txt,AI,7.613350305464169,195.81538436585737,0.0261850335909354,0.6258984473207588,0.38342696629213485,0.09295774647887324,0.45786516853932585,0.924996767664867,0.9670683059794772
30813919_AI.txt,AI,7.5432338001497845,186.52611216249426,0.03168966416327782,0.5320620584327538,0.4448462929475588,0.11070780399274047,0.5171790235081374,1.1781398190458507,0.9820228259062097
30826569_AI.txt,AI,8.068442486062878,268.43751303156324,0.024957517376955188,0.591322393488648,0.5078909612625538,0.025899280575539568,0.5710186513629842,0.7377674640663668,0.9738555408462607
30862904_AI.txt,AI,7.678144401869239,204.8102916474955,0.012177100252401209,0.9565821089539432,0.4241960183767228,0.030721966205837174,0.5038284839203675,0.8839640741545658,0.9809295744054307
30863060_AI.txt,AI,7.563269838132462,189.13464410922128,0.012842247570747627,0.3153524964139052,0.46254681647940077,0.09962406015037593,0.5355805243445693,0.4723035154883159,0.9951878282799509
30864828_AI.txt,AI,7.4492353714140265,174.76050522137223,0.016488108142892335,0.7533182617815954,0.45155038759689925,0.08560311284046693,0.5271317829457365,0.9213794985660261,0.941294706828723
30938994_AI.txt,AI,7.608269372274525,195.12696794254072,0.010176011818453545,0.44269187086866857,0.4288052373158756,0.029556650246305417,0.5253682487725041,0.5730390376632383,0.9626241954518692
30965258_AI.txt,AI,7.7926792342635816,221.73293013096225,0.01324543240209691,0.8995992520784489,0.4958813838550247,0.06446280991735537,0.5683690280065898,0.7853075980061357,0.9532782633009783
30968749_AI.txt,AI,7.652459917188121,201.19629347167802,0.012947012656765363,1.0600453511325503,0.5093555093555093,0.04592901878914405,0.604989604989605,0.7585924576020435,0.9843239665741101
30990885_AI.txt,AI,7.423633146410648,171.68654217363047,0.031209712781207793,1.5053118171166084,0.5050251256281407,0.045454545454545456,0.5904522613065326,0.8561068074050164,0.9721868324203877
30999638_AI.txt,AI,7.467224380480641,176.95324160278298,0.010685012458442538,0.4225627666974001,0.5117370892018779,0.0330188679245283,0.5938967136150235,0.7366725723211527,0.946941240752601
31016926_AI.txt,AI,7.6911636255618925,206.6669132020441,0.027234698544665065,0.2496251939766731,0.39154929577464787,0.0748587570621469,0.47746478873239434,0.5142146168449874,0.9730933053691321
31025785_AI.txt,AI,7.786824520266017,220.83492169277073,0.014282853363428384,1.8626619645470828,0.49161073825503354,0.058922558922558925,0.5570469798657718,0.8326273603760512,0.972717032630846
31040875_AI.txt,AI,7.433119474624211,172.81917326354275,0.012207561000755845,0.5790615190271511,0.4889975550122249,0.044226044226044224,0.6014669926650367,0.5569727456155127,0.938967923858182
31042953_AI.txt,AI,7.622439095694804,197.05288966677298,0.057980262454905306,0.7571452500912419,0.4467713787085515,0.07705779334500876,0.5235602094240838,0.7468859166052567,0.951589292095545
31064969_AI.txt,AI,7.324461975124079,160.28126323702656,0.025668275718192524,0.22950733893855835,0.35590551181102364,0.21484992101105846,0.4125984251968504,0.7051890431530917,0.9746897478139125
31111279_AI.txt,AI,7.547982980148243,187.14114562900704,0.027843190550880147,1.1405178644039105,0.4009508716323296,0.04769475357710652,0.49445324881141045,0.9900838367135076,0.9663658960906284
31114531_AI.txt,AI,7.5362488416747215,185.62520920840714,0.008016554434954531,1.0142282219510748,0.4906054279749478,0.07337526205450734,0.5720250521920668,0.6631612339982843,0.9860433619176888
31162167_AI.txt,AI,7.7586037584746474,216.55711434909415,0.019214337913658782,0.43411423379780417,0.5205992509363296,0.06015037593984962,0.6048689138576779,0.7059929233019845,0.9497636004473433
31169070_AI.txt,AI,7.504264835296317,181.55524957606988,0.010609464449425855,0.2595113389154689,0.35907859078590787,0.1671195652173913,0.42140921409214094,0.3622051589495574,0.9516315163728603
31199035_AI.txt,AI,7.087013973095773,135.95769267129052,0.009150077902951415,0.5430621146961568,0.5335689045936396,0.03558718861209965,0.6431095406360424,0.7581348592564058,0.9556870319418935
31201660_AI.txt,AI,7.921680322184484,242.47300403640023,0.01735988868294426,1.0127598775912707,0.5100334448160535,0.0738255033557047,0.5936454849498328,1.3034199598296858,0.9567116266559176
31211074_AI.txt,AI,7.702016425087994,208.22744537850977,0.018445256597322195,0.4966929886389115,0.5048169556840078,0.10058027079303675,0.5992292870905588,0.72004042850529,0.9479698674624694
31217840_AI.txt,AI,7.7977391104682665,222.5119658281316,0.016104053589818753,1.532552618255185,0.4315068493150685,0.061813186813186816,0.5082191780821917,0.7623701979455113,0.9815411848741713
31220062_AI.txt,AI,7.502170907906328,181.2919314472156,0.01633316580747657,0.27812969672637267,0.43993231810490696,0.0730050933786078,0.5194585448392555,0.6658693273068689,0.9736016997786391
31225895_AI.txt,AI,7.714427620008842,210.0265086553156,0.008763891875010444,0.5209488237312684,0.5091575091575091,0.022058823529411766,0.6007326007326007,0.8734888874859438,0.9624451727180647
31242382_AI.txt,AI,7.617680325311922,196.40397595724093,0.04044814544591894,0.3735579179257257,0.43305785123966944,0.1044776119402985,0.5223140495867769,0.7364024559998547,0.9775093285025905
31243710_AI.txt,AI,7.466127010742268,176.81869528907492,0.03487408472724909,1.778225464718614,0.42727272727272725,0.1678832116788321,0.48363636363636364,0.9753033687817472,0.9782874080196157
31273310_AI.txt,AI,7.816663762714085,225.450009839375,0.02889902246612482,0.42659705634268674,0.43731778425655976,0.07163742690058479,0.5262390670553936,0.8120879769799144,0.9390797022323429
31273413_AI.txt,AI,7.796329215988661,222.29461902898257,0.039114281318274796,0.8224543335643019,0.5066006600660066,0.033112582781456956,0.5759075907590759,0.7625687036207226,0.9622899235859204
31292364_AI.txt,AI,7.922372668119327,242.58939418247712,0.02540498322602382,1.1583702494764068,0.4960254372019078,0.05741626794258373,0.5707472178060413,1.4954731917257666,0.963387558451666
31362807_AI.txt,AI,7.436192179097343,173.18764208655435,0.010192827142855595,0.8636472913814265,0.400352733686067,0.06371681415929203,0.48677248677248675,0.6142994429466351,0.9433112299791403
31392754_AI.txt,AI,7.614313544891766,195.94616743095207,0.019029364182526494,0.4093603899885733,0.5122950819672131,0.03292181069958848,0.5942622950819673,0.6381656086828302,0.9864093035173516
31395710_AI.txt,AI,7.328057908953071,160.6812644087088,0.020918250448686986,1.289181949328935,0.4123505976095618,0.132,0.5079681274900398,0.6175275600064928,0.9625465934185231
31395742_AI.txt,AI,7.469381477033548,177.21801740014584,0.023125236755904246,1.09191920108378,0.4473684210526316,0.03962264150943396,0.5244360902255639,0.8196783427658295,0.9715904405679455
31454430_AI.txt,AI,7.188560302216278,145.8721139149631,0.011530009070845528,0.5105987335489203,0.45202020202020204,0.11928934010152284,0.5505050505050505,0.821451358959172,0.9636555172748653
31536294_AI.txt,AI,7.780446826828845,219.86083576909704,0.014501031203374867,0.597200591120463,0.4966216216216216,0.0576271186440678,0.5625,1.0559280096838801,0.9760985434894521
31547476_AI.txt,AI,7.443524761720126,174.07011921185008,0.012596015405796983,0.8578321929598611,0.4666666666666667,0.07707910750507099,0.5333333333333333,0.8020863520031922,0.9661142220817066
31552617_AI.txt,AI,7.595510051809104,193.40885682177026,0.019005791204222473,2.0501435442538685,0.5294117647058824,0.08226221079691516,0.6445012787723785,0.8124857196625963,0.9700127635330215
31556198_AI.txt,AI,7.3619732533943285,164.50336138499713,0.016114876916958596,1.7702809831827402,0.4197292069632495,0.0912621359223301,0.5029013539651838,1.0111714393162465,0.9525762222713459
31602598_AI.txt,AI,7.656925517974085,201.82002492575103,0.017896991363415733,0.7330150460795878,0.5103305785123967,0.024896265560165973,0.5929752066115702,0.7188057491042882,0.9864192975096159
31605080_AI.txt,AI,6.759263534485235,108.32808665263842,0.0345350747986502,1.8703152049685208,0.5,0.11068702290076336,0.5757575757575758,1.0260476753400434,0.9915758303953919
31638814_AI.txt,AI,7.121550515934236,139.25164072664063,0.0077795322824713055,0.3862568845625994,0.4661016949152542,0.0625,0.5621468926553672,0.6169620579993951,0.9698007943207514
31677347_AI.txt,AI,7.553586135389799,187.86937976379795,0.014241713521244748,3.2499155332147796,0.4654205607476635,0.0975609756097561,0.5327102803738317,1.0085819600787114,0.9532358064578655
31684925_AI.txt,AI,7.629265847617958,197.9875424940875,0.030906607324175665,0.8117591078436855,0.4657762938230384,0.04690117252931323,0.5409015025041736,0.6585455805945474,0.9575908904780052
31694970_AI.txt,AI,7.8705009457920685,234.02209644932432,0.022820216112604676,1.061574431735308,0.47085201793721976,0.0734632683658171,0.5351270553064275,0.8111263518688893,0.971556774125378
31710562_AI.txt,AI,7.563853863243797,189.2112242174883,0.040633266218484655,0.33867452123870606,0.4028436018957346,0.1109350237717908,0.4786729857819905,0.8838462593675067,0.9919548916343146
31761591_AI.txt,AI,7.69954897088987,207.8716164965606,0.014486532927318876,0.4295719079336895,0.3988919667590028,0.05555555555555555,0.4916897506925208,0.7680191862269137,0.9229280943891779
31813535_AI.txt,AI,7.819718009396001,225.927802661888,0.019098823581959842,1.7480289821979165,0.4416403785488959,0.04746835443037975,0.5394321766561514,1.1022068992017,0.9449998808755148
31850269_AI.txt,AI,7.713435966224438,209.88219401295916,0.047861083468788056,0.7760572874548233,0.5334728033472803,0.023109243697478993,0.604602510460251,1.1099029368218374,0.9627604640872818
31909493_AI.txt,AI,7.805238506919464,223.67163578229713,0.012052507121901106,0.2689310998607722,0.38219895287958117,0.05249343832020997,0.4725130890052356,0.44261832657109856,0.9712719518192441
31926950_AI.txt,AI,7.678353495083476,204.83997744002235,0.009360944312102782,0.42543244089083027,0.45233968804159447,0.08,0.5424610051993067,0.6001957231750251,0.967889247507732
31929166_AI.txt,AI,7.478545979798136,178.34735130459754,0.013064856386862174,0.38443594365081246,0.4852941176470588,0.06540084388185655,0.5672268907563025,0.7955791558249599,0.9581647238931422
31948488_AI.txt,AI,7.573041116975195,190.41998850593492,0.028528049130343902,0.5184760458705274,0.4612546125461255,0.04259259259259259,0.5498154981549815,0.7430897004907663,0.9782638140831421
32025286_AI.txt,AI,7.565297235215346,189.40061894799288,0.018092455674271805,0.44197321612060453,0.4446308724832215,0.04713804713804714,0.5134228187919463,0.7221306316984236,0.9712901721804506
32042584_AI.txt,AI,7.617791024239546,196.419046740083,0.009478355700233023,1.1943837151377326,0.4988662131519274,0.06150341685649203,0.5895691609977324,0.5069903222320484,0.9568948812882224
32067700_AI.txt,AI,7.522208142449414,183.8274168443377,0.032889809179333124,0.34773057856315487,0.4931506849315068,0.05963302752293578,0.589041095890411,0.7660175555179793,0.9545959388421807
32069695_AI.txt,AI,7.706462132143522,208.87009401659418,0.012267866779246983,0.39444767151509463,0.44345238095238093,0.08208955223880597,0.5089285714285714,0.6572488760033345,0.9741434024461186
32081266_AI.txt,AI,7.6747596337321005,204.33034075638784,0.02174982129448016,0.38462858961436286,0.4118476727785614,0.12164073550212164,0.48660084626234135,0.576911718483847,0.9701078942175656
32109048_AI.txt,AI,7.548471723012709,187.2045543130169,0.01716578416090435,0.4166046880620501,0.5227765726681128,0.08278867102396514,0.6008676789587852,0.7120341187603784,0.8942778689361386
32140087_AI.txt,AI,7.7156355692513605,210.20243467909157,0.058845247983933396,1.1984943242671693,0.4090909090909091,0.06231003039513678,0.4984848484848485,1.5354783935347571,0.9665524846164862
32219038_AI.txt,AI,7.611342794562776,195.54309664463298,0.00837767606174686,1.956710705629944,0.5317796610169492,0.0425531914893617,0.6101694915254238,1.0295271139230002,0.9595034511501593
32265203_AI.txt,AI,7.341904294391653,162.23084038216504,0.013871807953763705,0.41284104954357254,0.5,0.0273972602739726,0.5704545454545454,1.1055237515094443,0.9656104632966949
32308556_AI.txt,AI,7.074787155332437,134.8103222067223,0.030810978573231985,0.5710247203819112,0.4807121661721068,0.05373134328358209,0.5637982195845698,1.1044662924923154,0.9568952107526889
32318506_AI.txt,AI,7.1644281032482935,143.45238095460502,0.01698291094451095,0.4631091739814565,0.4720812182741117,0.14285714285714285,0.5583756345177665,0.7591218695571899,0.9611197547151801
32385553_AI.txt,AI,7.454469623003096,175.39570657912182,0.025573471504587057,0.8131221346555887,0.48466257668711654,0.03490759753593429,0.556237218813906,0.8786574738280345,0.9619684000791424
32433431_AI.txt,AI,7.596284133636729,193.51265869888485,0.012811155286184669,0.3926975005510789,0.4430604982206406,0.06607142857142857,0.5195729537366548,0.5271336303766092,0.954038256496125
32441790_AI.txt,AI,7.6250794705232305,197.41385984960223,0.0073802537533624165,0.6047624069270121,0.5296523517382413,0.024640657084188913,0.5950920245398773,0.8797361398602234,0.9573315430393783
32517106_AI.txt,AI,7.676445432628696,204.5692416907284,0.01658721301298031,1.2071088257324312,0.5107632093933464,0.060903732809430254,0.5909980430528375,1.0157010929421426,0.9618544524288276
32518109_AI.txt,AI,7.243881611700512,151.5743275393752,0.013606826833461648,0.2662229007721785,0.5590277777777778,0.04895104895104895,0.6840277777777778,0.43425314661684217,0.973139371864482
32531824_AI.txt,AI,7.353476577193947,163.5373748870878,0.0056030336623365245,0.2927608595431021,0.5013477088948787,0.02710027100271003,0.6091644204851752,0.42608426663373533,0.9760751715289167
32532982_AI.txt,AI,7.5719348517916805,190.27402955231761,0.034968996097759386,0.30910226757874865,0.38333333333333336,0.20891364902506965,0.4486111111111111,0.368315259347477,0.983061423721345
32563518_AI.txt,AI,7.845620543608335,230.02080458396426,0.013417240661608916,0.5050661937921904,0.4812398042414356,0.04582651391162029,0.5628058727569332,0.6573086714057763,0.9256458598274143
32605413_AI.txt,AI,7.817675617675578,225.60818791709661,0.00983743383497025,0.6873568684192776,0.48392282958199356,0.0064516129032258064,0.5707395498392283,0.9464973976772934,0.9590167038626326
32636041_AI.txt,AI,7.840258226356432,229.16743290692426,0.01480660001183176,1.8132908294774002,0.4821150855365474,0.0748829953198128,0.5489891135303266,0.7334210911020971,0.9611112716197842
32637306_AI.txt,AI,7.636036222912661,198.91885516279532,0.009805281616847027,0.5497768863757481,0.40493468795355586,0.08005822416302766,0.46879535558780844,0.5373349369472629,0.9612658852940291
32651555_AI.txt,AI,7.686039163078218,205.93413312736115,0.021619033432462558,1.9016228337017276,0.5027726432532348,0.03710575139146568,0.5637707948243993,1.003506277798131,0.9664647572061367
32720816_AI.txt,AI,7.505498908342354,181.71061733393222,0.026597672285060502,0.9199732039034517,0.5098468271334792,0.04395604395604396,0.5908096280087527,0.6486176399094221,0.9355089951084452
32773331_AI.txt,AI,7.519763443525959,183.51617841503517,0.013106878029917467,1.0656720602209098,0.4362068965517241,0.08304498269896193,0.503448275862069,1.0377552983352538,0.9580666134678006
32794700_AI.txt,AI,7.603702664203432,194.51028940972893,0.010436822885446652,0.4092870770629008,0.5771971496437055,0.02386634844868735,0.667458432304038,0.5259772385097092,0.9539824966798854
32799518_AI.txt,AI,7.7345857783442815,212.98171672606458,0.018443094613162358,0.35683271385106713,0.556745182012848,0.008602150537634409,0.6466809421841542,0.5827281276285999,0.950789288526003
32802563_AI.txt,AI,7.421943700735068,171.48560898121568,0.010156953263836017,1.386558872907553,0.473568281938326,0.05088495575221239,0.5770925110132159,0.8893062751234045,0.9556769444965969
32896934_AI.txt,AI,7.425273514242201,171.881863597797,0.012968715553108367,0.3062391007585893,0.421455938697318,0.07692307692307693,0.4942528735632184,0.5919455320274278,0.9901852444741227
32947778_AI.txt,AI,7.6743780963008446,204.2763103734105,0.013698257656705516,1.2927309287657807,0.4178885630498534,0.06470588235294118,0.5043988269794721,0.7622567676398124,0.9667372350468469
32954522_AI.txt,AI,7.3921023276154205,167.9749543092985,0.009384126016528258,0.32054894117287325,0.4964705882352941,0.03309692671394799,0.5929411764705882,0.6608263029835694,0.939105614129438
32959732_AI.txt,AI,8.002808351693924,256.49881521061496,0.010640603033619451,0.5182686998739859,0.38852097130242824,0.07190265486725664,0.4757174392935982,0.8889998578736548,0.9282487613621664
32965335_AI.txt,AI,7.608287169659711,195.12937508412685,0.010938060268694764,1.418764060519962,0.41910631741140214,0.04945904173106646,0.4946070878274268,1.020896294669532,0.9796088090507363
32977530_AI.txt,AI,7.664898291298886,202.9384314912496,0.016564961422172834,0.31845424490492813,0.4762773722627737,0.04395604395604396,0.5638686131386861,0.5763356680787076,0.9432930145552723
32980197_AI.txt,AI,7.723636865436895,211.3714721231319,0.025800682509889223,0.27000745321527125,0.4599659284497445,0.023931623931623933,0.5587734241908007,0.5346744659662497,0.9426497937248318
32985311_AI.txt,AI,7.49100850499336,179.89465414048817,0.010284390920954699,1.964240720553508,0.5792682926829268,0.03987730061349693,0.6707317073170732,0.8064627454841472,0.981380384205228
33023370_AI.txt,AI,7.538361001903951,185.89717058363246,0.020061886155395423,0.3153523259052484,0.460431654676259,0.07942238267148015,0.5287769784172662,0.47499407999523735,0.9625085174425713
33072201_AI.txt,AI,7.648521222535024,200.64775757624804,0.03137358733578665,0.6146093681414135,0.4554794520547945,0.07388316151202749,0.541095890410959,0.8894625575380319,0.9510871333468558
33135102_AI.txt,AI,7.444191482070782,174.15058175491785,0.03928267925153423,0.8790398927420002,0.4155844155844156,0.1527001862197393,0.5064935064935064,0.8780330031262302,0.9617364094250085
33141415_AI.txt,AI,7.640477489761052,199.53216076101032,0.00847050671564507,0.8718256665239598,0.5339366515837104,0.05454545454545454,0.6131221719457014,0.8006973504512864,0.9501706804928388
33176873_AI.txt,AI,7.6353401870093975,198.82290884886095,0.014121326638249936,0.39373396617138656,0.46153846153846156,0.06208053691275168,0.5250836120401338,0.4589630391709495,0.9599077298499975
33236701_AI.txt,AI,7.554201101640781,187.94947843476615,0.009832289399034985,0.4443465636813397,0.5,0.044897959183673466,0.5772357723577236,0.7503238683416841,0.9401320213428124
33241454_AI.txt,AI,7.56204378981867,188.9739797277524,0.01515629692972004,1.439588882360278,0.4621359223300971,0.04678362573099415,0.545631067961165,0.6479495979186805,0.9398940709878889
33286293_AI.txt,AI,7.782963394173579,220.24468504759957,0.018965690713217468,1.5197025596399065,0.586046511627907,0.053738317757009345,0.6767441860465117,0.8136603100929118,0.9860878848616418
33344933_AI.txt,AI,7.977538279487904,252.04513187957198,0.016289510555919973,1.8146204681246116,0.42752740560292324,0.09401709401709402,0.5115712545676004,1.0731685129230615,0.9810948081788315
33370664_AI.txt,AI,7.64117196282063,199.6282330863349,0.019152755489001777,0.47129751113574264,0.49454545454545457,0.021897810218978103,0.5818181818181818,0.8740544977851998,0.9643021032418658
33381211_AI.txt,AI,7.698144448237404,207.66934344902353,0.038970952312647966,1.3391728720963307,0.3838526912181303,0.09943181818181818,0.471671388101983,0.9049266055030988,0.9508796555263026
33424600_AI.txt,AI,7.304194097496382,158.0452753682652,0.04131455115883239,0.7209416169990568,0.40974729241877256,0.1431159420289855,0.47833935018050544,0.44511426892998546,0.9656827398909654
33527446_AI.txt,AI,7.52757105635882,184.5120280760544,0.014138618125955007,0.5556823689589079,0.43103448275862066,0.058823529411764705,0.5206896551724138,0.8001810222594626,0.988486247472757
33542483_AI.txt,AI,7.693797963675868,207.04462843243323,0.017276134361120934,0.8115204368280106,0.4122137404580153,0.07350689127105667,0.49923664122137407,0.7130058676380501,0.9692849286266074
33578873_AI.txt,AI,7.240446057310978,151.21380622995008,0.009403143873788796,0.3063171941363388,0.4903581267217631,0.0443213296398892,0.5840220385674931,0.4859897662145176,0.8950304707032685
33627938_AI.txt,AI,7.452129169590918,175.11139654050527,0.012386435115237088,1.404592248633399,0.42320261437908496,0.06721311475409836,0.49836601307189543,0.6812611910904623,0.9902534433130554
33665485_AI.txt,AI,7.664423994308685,202.8717249009512,0.009709219189897367,0.7493991748024732,0.4578096947935368,0.06666666666666667,0.533213644524237,0.6422238068263512,0.9853085476073024
33685075_AI.txt,AI,7.886783238305331,236.67823615130618,0.01229713755533592,1.485288924172189,0.4482758620689655,0.09510086455331412,0.5316091954022989,0.7226146580583258,0.968985666907618
33685988_AI.txt,AI,7.538657284605165,185.93535174479442,0.006619178903465726,0.328171274253174,0.49137931034482757,0.03896103896103896,0.5775862068965517,0.544821321722234,0.9839527089518857
33704389_AI.txt,AI,7.390858355872422,167.8301794054643,0.024270844324045738,1.132323099696758,0.4161616161616162,0.0486815415821501,0.5232323232323233,0.8288810923321172,0.9694077764141742
33750209_AI.txt,AI,7.631901490600542,198.34957425421584,0.01425227424577263,0.335107571570647,0.4670138888888889,0.05574912891986063,0.5399305555555556,0.8110829186342206,0.9527655119324088
33803142_AI.txt,AI,7.497588675267317,180.71703243931137,0.017903831248518617,0.43851984596204496,0.40625,0.09075907590759076,0.4753289473684211,0.8505417738834201,0.9370393173001444
33872500_AI.txt,AI,7.850907505703334,230.86529511841607,0.015663225642346512,0.3935934931327471,0.48205928237129486,0.026604068857589983,0.5850234009360374,0.6270148083550784,0.9827886046116064
33893326_AI.txt,AI,7.765425491310271,217.58352181256535,0.00873925042799951,2.4708651259920464,0.4927797833935018,0.03260869565217391,0.5703971119133574,0.8603951829543209,0.9850409224756841
33919379_AI.txt,AI,7.046886377953097,132.2282273412284,0.015030549363934406,0.4000535112156762,0.47752808988764045,0.1016949152542373,0.550561797752809,0.8424189892932799,0.9694724712413454
33964275_AI.txt,AI,7.896084522205646,238.20906775787495,0.014729605533292865,0.5678732686216457,0.5067796610169492,0.061224489795918366,0.5949152542372881,0.6631304365818499,0.9647726864346164
34033933_AI.txt,AI,7.645833419299281,200.27429012994975,0.015644856540914628,1.65062375560033,0.49387755102040815,0.0389344262295082,0.5775510204081633,0.8217354081447745,0.9555833083871317
34046031_AI.txt,AI,7.749439506069771,215.18586532433193,0.012763172824518599,0.4556545094400219,0.46869983948635635,0.0322061191626409,0.536115569823435,0.6960786634391772,0.98081348659196
34051710_AI.txt,AI,7.489457592623627,179.70136940202877,0.06917062345700353,0.5004813049829744,0.4342857142857143,0.1491395793499044,0.5142857142857142,1.1908568475669838,0.985157283252748
34131484_AI.txt,AI,7.292214977367417,156.73841222784708,0.00999477898094387,0.44089422630031955,0.4960835509138381,0.026246719160104987,0.5848563968668408,0.8193238945782686,0.9565771668178707
34141299_AI.txt,AI,7.589274706723662,192.5747452660763,0.00721366032391347,0.9987448051998932,0.5612009237875288,0.02320185614849188,0.6397228637413395,0.6814895025541062,0.968813097166936
34146825_AI.txt,AI,7.548949617726868,187.26657635067588,0.00853986069868062,0.44809047531058316,0.48590021691973967,0.015250544662309368,0.5921908893709328,0.6297654887673751,0.9608761053189285
34151183_AI.txt,AI,7.886291580595519,236.5975920439401,0.018233339140042083,0.45471664645858234,0.4670571010248902,0.06461086637298091,0.5387994143484627,0.771255373519846,0.969639374598002
34185495_AI.txt,AI,7.747971617333684,214.96703302716668,0.015385353197871944,2.6101360411796652,0.4943609022556391,0.06037735849056604,0.5639097744360902,0.836594890594356,0.9855506134314618
34198885_AI.txt,AI,7.542333373189601,186.40973223870589,0.017109353864892797,0.4514358136576989,0.45489443378119004,0.08092485549132948,0.5335892514395394,0.6343819983486518,0.9855031569429682
34250007_AI.txt,AI,7.683843199326471,205.62091385200858,0.010856365334893007,0.2128037126788365,0.4686971235194585,0.057724957555178265,0.5414551607445008,0.41016948184782787,0.9845990510273116
34252537_AI.txt,AI,7.340170152843642,162.0359535778152,0.015060324804155045,0.44989863458118945,0.41916167664670656,0.11623246492985972,0.5109780439121756,0.9157562341408764,0.9606021463453736
34303500_AI.txt,AI,7.927151655535852,243.39431408477597,0.008872216488348229,1.1495997958436677,0.5215146299483648,0.025906735751295335,0.6144578313253012,0.9990227189520863,0.9414554900032304
34304175_AI.txt,AI,7.714807216102628,210.0817772529256,0.01853640053578044,0.4018733759971192,0.5063063063063064,0.059674502712477394,0.554954954954955,0.5267103022297936,0.9316277847375192
34317538_AI.txt,AI,8.051520608235066,265.3073084987736,0.040855174808082435,2.825185093365448,0.42338251986379116,0.17861205915813425,0.4858115777525539,1.382503836909001,0.9930609903207824
34319869_AI.txt,AI,7.644639948710309,200.10868157780794,0.015446093200132556,0.28240877873682874,0.4510433386837881,0.05475040257648953,0.5088282504012841,0.3797951467129008,0.9878768922779635
34327438_AI.txt,AI,7.834816152938919,228.30460556047632,0.02446288086754739,2.0778452636930065,0.4742765273311897,0.056451612903225805,0.5514469453376206,0.7116732332363854,0.9759253218799943
34349255_AI.txt,AI,7.039278651124677,131.53278685062406,0.010284443047592615,0.2532816784395667,0.3877551020408163,0.11389521640091116,0.4897959183673469,0.5687516784692547,0.9541509981319424
34419403_AI.txt,AI,7.328149048310619,160.6914154450455,0.011096703302474387,0.4045642920597325,0.5096618357487923,0.014563106796116505,0.5917874396135265,0.757659755621952,0.9628611030291868
34452806_AI.txt,AI,7.713707204110402,209.92165720703755,0.009918715617513053,0.6964871433690721,0.48091603053435117,0.007662835249042145,0.5992366412213741,0.790517587074837,0.9607821913977231
34465087_AI.txt,AI,7.707121483999828,208.9655752900388,0.01536038462420227,0.8889980250961291,0.5271028037383177,0.0225140712945591,0.6149532710280374,0.784920113172324,0.9571354839951058
34511655_AI.txt,AI,7.591039869050205,192.81050799697977,0.019435743463797006,0.33105368721765077,0.40279937791601866,0.0686427457098284,0.49611197511664074,0.6140054278124542,0.9644523024471995
34544955_AI.txt,AI,7.52712729848116,184.45528283714899,0.020687756773835705,1.2721712473185456,0.4473229706390328,0.1369150779896014,0.5112262521588946,1.104987067485619,0.9879432155427773
34554248_AI.txt,AI,7.62663080571905,197.62625386072006,0.012077763683707892,0.3601160797131081,0.48028673835125446,0.0539568345323741,0.5609318996415771,0.5158911350491726,0.9564978959093174
34583750_AI.txt,AI,7.287695036411867,156.24812167583414,0.016074991914602058,0.35499061895527023,0.4113785557986871,0.05714285714285714,0.5229759299781181,0.4443286597751256,0.9289978843581548
34594746_AI.txt,AI,7.6830162776513165,205.50309015013713,0.013086028987765425,0.34702147786985527,0.47232472324723246,0.04814814814814815,0.577490774907749,0.716100247559932,0.9339112483867777
34657584_AI.txt,AI,7.449492767531219,174.7916876176529,0.012521090206932197,0.6670731155520558,0.4866666666666667,0.10491071428571429,0.5533333333333333,0.7806078778771269,0.9846806643685861
34689720_AI.txt,AI,7.5752155667707335,190.70720852655123,0.02396130679778624,1.0043969666096317,0.3939393939393939,0.0929054054054054,0.5,0.6270010610966313,0.9909651016458179
34712719_AI.txt,AI,7.807748688050556,224.06114640867375,0.050561210374411004,0.5697238864847401,0.5149384885764499,0.04409171075837742,0.6186291739894552,1.0838234084192206,0.9826873648025165
34740556_AI.txt,AI,7.555359476501067,188.10044823278847,0.020297650165363963,0.2765070712511332,0.4268707482993197,0.034129692832764506,0.5051020408163265,0.5351949952448553,0.9316665039316063
34745915_AI.txt,AI,7.563507861586921,189.16585111691904,0.012317188293655579,0.4011478854413975,0.42908438061041293,0.12972972972972974,0.5152603231597845,0.7144058483356994,0.9608576787066576
34758680_AI.txt,AI,7.495203268295659,180.4184749007294,0.022284703199553314,0.4088258925186721,0.4119601328903654,0.08833333333333333,0.49169435215946844,0.6636981634770573,0.9871496659404777
34783330_AI.txt,AI,7.716528175190436,210.33252869871689,0.021387569179773375,0.3053421415151121,0.4915254237288136,0.1054421768707483,0.5542372881355933,0.6648944404827085,0.9725387822078152
34792238_AI.txt,AI,7.658227308606035,202.0022158806955,0.008502496599345101,0.41666518128319047,0.45940959409594095,0.040740740740740744,0.5571955719557196,0.951515730498378,0.9539816438181159
34797369_AI.txt,AI,7.740239771649657,213.81804034687565,0.015070706801849038,0.5597840474575829,0.4554794520547945,0.07216494845360824,0.5496575342465754,0.7306926253558109,0.9511224376861098
34816637_AI.txt,AI,7.3805244225875635,166.63231767609685,0.011537697762130292,0.3452232104814303,0.4264705882352941,0.04430379746835443,0.5084033613445378,0.669582203200482,0.9865223532331784
34875813_AI.txt,AI,7.891340035323848,237.4269735312255,0.010049650496647456,0.18378732946603046,0.4175977653631285,0.04341736694677871,0.5111731843575419,0.4129736386938824,0.943008838565684
34953092_AI.txt,AI,7.427608541956481,172.16028271909119,0.013360387315422604,1.7282110458873543,0.5194174757281553,0.07073170731707316,0.5898058252427184,0.7393122250882884,0.9521597319078008
34962725_AI.txt,AI,7.3430906106493,162.3642963292719,0.02240447902382339,0.6445318021447628,0.454,0.22289156626506024,0.506,1.294476617898413,0.976236395376361
34970271_AI.txt,AI,7.564694686857474,189.32153140696678,0.013629947155988125,0.3779634189555544,0.4117647058823529,0.0920138888888889,0.5017301038062284,0.6029144093254387,0.9694072956602144
35121930_AI.txt,AI,7.629166169720443,197.97386371952518,0.011004223891695622,0.6208472774538181,0.4795539033457249,0.06529850746268656,0.5483271375464684,0.6421157516820444,0.9602183786439248
35157762_AI.txt,AI,7.305792993011913,158.22052928911887,0.038245098251949404,0.8169209748187121,0.4393939393939394,0.08478260869565217,0.512987012987013,0.721366509883681,0.9615538593314052
35164503_AI.txt,AI,7.844928601799361,229.91050902945517,0.012792327470848344,1.0608030894766138,0.5060034305317325,0.03098106712564544,0.5969125214408233,0.6020382197794099,0.9601810039958151
35172961_AI.txt,AI,7.888945045870085,237.03315269405235,0.034356574716487315,2.993947748790844,0.49282296650717705,0.1776,0.5311004784688995,1.32637478067231,0.9741539509785433
35302620_AI.txt,AI,7.46446079126747,176.61459901236478,0.009127708163428177,0.3761051681104297,0.4397905759162304,0.06654991243432574,0.5165794066317626,0.5754682976082897,0.9369082652720769
35325329_AI.txt,AI,7.655576517641724,201.63140014662795,0.01646484158753855,0.42500987441905275,0.46519524617996605,0.054514480408858604,0.533106960950764,0.8427733329508289,0.9237484540125526
35344611_AI.txt,AI,7.436768640247883,173.25685691927285,0.018095856507001958,0.9763497105458696,0.4064272211720227,0.056925996204933584,0.5066162570888468,0.6814420233212761,0.9707606175065274
35389360_AI.txt,AI,7.52087203440241,183.65724949405384,0.017281691173518063,0.46496392118783886,0.4612476370510397,0.06072106261859583,0.5425330812854442,0.9031593273981063,0.9760498321043367
35421497_AI.txt,AI,7.62180548057516,196.96636529873672,0.012860971366984601,0.4473445750968565,0.5083333333333333,0.02510460251046025,0.6104166666666667,0.8634714428933405,0.962525642360429
35422305_AI.txt,AI,7.871836686649857,234.23886965576284,0.012992547125234058,1.210509261783803,0.43413978494623656,0.04851752021563342,0.5161290322580645,0.6901013079335172,0.9713846108217536
35468363_AI.txt,AI,6.904641029707952,119.81303217412695,0.011280362852076203,0.1688141131380598,0.46402877697841727,0.12681159420289856,0.5575539568345323,0.3355943536601612,0.9880033139871542
35474904_AI.txt,AI,7.656183674970855,201.7162744569527,0.008656358048264466,1.4774796727295678,0.5029940119760479,0.028056112224448898,0.592814371257485,0.7478407360778435,0.9498150537901494
35483925_AI.txt,AI,7.609876675842047,195.3444796369759,0.01853527125163821,1.3183534723920987,0.4699248120300752,0.026415094339622643,0.5601503759398496,0.70324104632328,0.9744081323326125
35492909_AI.txt,AI,7.226315424383447,149.7399558934444,0.018494908762779105,0.6015670332545187,0.5153061224489796,0.046153846153846156,0.5841836734693877,0.8750911031289886,0.9803511563378049
35554162_AI.txt,AI,7.619609485314806,196.66678141818338,0.011072303952181138,0.3121244764171696,0.45569620253164556,0.036297640653357534,0.5424954792043399,0.5903005302110644,0.9726422447397387
35564026_AI.txt,AI,7.740406541863589,213.84275835060765,0.016508832689200992,0.5272105037779542,0.4572784810126582,0.08571428571428572,0.5363924050632911,0.8490861998324729,0.9607619541194894
35571205_AI.txt,AI,7.629615838811138,198.03557918939617,0.01036124581779391,0.31950879585060843,0.45797598627787306,0.05679862306368331,0.5351629502572899,0.6049334738846265,0.9497990774356188
35579812_AI.txt,AI,7.433595806154508,172.87624202028488,0.009590992713857653,0.29183827394463585,0.4777777777777778,0.029017857142857144,0.5711111111111111,0.6718548123582124,0.9696041667519253
35603950_AI.txt,AI,7.575915538968634,190.79975901635618,0.012062740099220518,0.6468598766295026,0.47843137254901963,0.07283464566929133,0.5568627450980392,1.0360347172800042,0.9486303378704719
35651876_AI.txt,AI,7.495031239342221,180.39696283466375,0.014401224439409041,0.2824200720829263,0.45663716814159294,0.019538188277087035,0.5327433628318584,0.5621876623367703,0.9451223705340089
35673335_AI.txt,AI,7.621743053097239,196.95784246678605,0.015182274846863571,2.323767177296039,0.4146341463414634,0.052202283849918436,0.4943089430894309,0.6623482436914426,0.9679160553521796
35737840_AI.txt,AI,7.590178038203332,192.69536209600972,0.00916650902846312,0.39855486979871696,0.48747591522157996,0.04448742746615087,0.5722543352601156,0.7563990217490436,0.9478358975279614
35971546_AI.txt,AI,7.887255036603284,236.75564866494486,0.017331019460245307,0.3596717145625444,0.4643377001455604,0.030656934306569343,0.5473071324599709,0.6858522315320801,0.973344446834477
35985133_AI.txt,AI,7.4958129237912425,180.4947324294403,0.015457068948856659,0.4576953853300585,0.4582560296846011,0.09683426443202979,0.5269016697588126,0.760938843617021,0.9712474031688784
35990852_AI.txt,AI,7.56042124981672,188.76156790327892,0.009435845620552635,2.263282184305797,0.4708249496981891,0.09494949494949495,0.5513078470824949,0.6675183400907166,0.9756016438076337
36019469_AI.txt,AI,7.945728676098692,246.5486727415837,0.0139794326357939,0.5556076817580301,0.3911525029103609,0.050175029171528586,0.4831199068684517,0.962522035053232,0.9572453975851755
36024962_AI.txt,AI,6.938155148237119,122.62889480383357,0.024034380524198637,0.4705259039033176,0.5285714285714286,0.05755395683453238,0.6107142857142858,0.9620839059961822,0.9862369888660433
36074301_AI.txt,AI,7.479776397097675,178.49952155769952,0.029877030808218935,0.8778810077089402,0.4594059405940594,0.061630218687872766,0.5188118811881188,1.0344920100120933,0.9583151166721892
36094883_AI.txt,AI,7.662843548550576,202.64960436182236,0.015439842272655413,2.212439780499475,0.46286701208981,0.07105719237435008,0.5371329879101899,0.8443089518902765,0.9824796506135964
36102323_AI.txt,AI,7.729639331344445,212.2527346625793,0.016110356142587344,0.6732038998773142,0.562,0.04216867469879518,0.626,1.0348107717516926,0.9538672273364477
36107065_AI.txt,AI,7.659497053922397,202.18008040853965,0.016844279339897163,1.3369990633921418,0.479933110367893,0.047058823529411764,0.5544388609715243,0.9375122188436061,0.9829853674301672
36136569_AI.txt,AI,7.691842290675353,206.7641552489952,0.017270342089562223,0.7862654445213411,0.4303599374021909,0.06436420722135008,0.5195618153364632,0.6031971555586415,0.959133265153259
36139251_AI.txt,AI,7.558660850460514,188.5313785151057,0.012084596786706429,0.29954712353236207,0.38953488372093026,0.06268221574344024,0.4752906976744186,0.4257696312277017,0.9682683941900944
36149549_AI.txt,AI,7.745996578026127,214.67294602674266,0.01202037975356039,0.6818457490040145,0.5497076023391813,0.05283757338551859,0.621832358674464,0.8924480779552185,0.9576127586286837
36170003_AI.txt,AI,7.420379554663567,171.29978787414066,0.006317425709519716,0.34055990580669954,0.4296875,0.09411764705882353,0.521484375,0.4787597697749342,0.9492548168755526
36206485_AI.txt,AI,7.567708361159832,189.71742225933158,0.010447256358486428,0.3234135778434351,0.4709090909090909,0.04562043795620438,0.5472727272727272,0.6112691714784902,0.9723567526792792
36252245_AI.txt,AI,7.599389718848113,193.92966806730212,0.007720761198024148,1.1900164709581171,0.4543795620437956,0.06227106227106227,0.541970802919708,0.6715123715923199,0.9508979836421698
36269672_AI.txt,AI,7.03517230645818,131.15893721462226,0.010898830408222109,0.2809157254143199,0.46774193548387094,0.07467532467532467,0.5709677419354838,0.44172804897898743,0.9493461110605994
36302399_AI.txt,AI,7.887841387855321,236.85189227946972,0.04152509574006969,0.5321862825214756,0.44,0.04871060171919771,0.5214285714285715,1.4233591323036485,0.9449003997404073
36331163_AI.txt,AI,7.319819763387001,159.76634932264187,0.011130631889084313,0.331518116122967,0.5010660980810234,0.057815845824411134,0.55863539445629,0.7271458821861295,0.97825725125331
36366044_AI.txt,AI,8.134953214737687,281.1026442835955,0.008751119762192214,0.3590876412081237,0.46143790849673205,0.07601572739187418,0.5555555555555556,0.5439112703615556,0.9542421498896698
36379931_AI.txt,AI,7.9279445716478865,243.5281222092886,0.013920369138098602,0.44395614259246696,0.5160771704180064,0.041935483870967745,0.6093247588424437,0.7023492314843779,0.9620377709427648
36392131_AI.txt,AI,7.651864518415084,201.11327709797823,0.020355510077677483,0.3958028194095662,0.44251968503937006,0.07424960505529225,0.5149606299212598,0.6046617370328905,0.9749847366897201
36425270_AI.txt,AI,7.631131651541855,198.2437608203794,0.027732473773990064,0.4621810423736873,0.5119047619047619,0.03187250996015936,0.5932539682539683,0.7616214638351502,0.9847159138057096
36434348_AI.txt,AI,7.384210831834883,167.05864505179903,0.018286000093321004,0.5251143504271447,0.425,0.07915057915057915,0.48653846153846153,0.8594660499552271,0.9736857116388467
36517781_AI.txt,AI,7.69268671266906,206.88521153709672,0.01015938341034592,0.2663729928710398,0.4590443686006826,0.053082191780821915,0.5324232081911263,0.45750360739673135,0.9702661155164388
36569713_AI.txt,AI,6.974363608746366,125.74555640330246,0.08308121319376346,3.0004343520393695,0.5514705882352942,0.13333333333333333,0.6286764705882353,1.4551440864339644,0.9715090140675818
36574147_AI.txt,AI,7.569894844962214,190.00516745473266,0.010916397062411907,0.34064831116722427,0.4387755102040816,0.10580204778156997,0.5136054421768708,0.3710767534351074,0.9784488727203887
36621169_AI.txt,AI,7.288137133096491,156.29600938569095,0.010274210917814526,0.5870886332573483,0.5449101796407185,0.08433734939759036,0.6197604790419161,0.6238771332559734,0.9606330194879595
36625776_AI.txt,AI,7.48902263090469,179.64719895526886,0.02140939287199999,0.30857696985689476,0.42402826855123676,0.09219858156028368,0.5053003533568905,0.5324772425338451,0.943921506152869
36671891_AI.txt,AI,7.909642021498921,240.4581510846026,0.01199735749547927,0.5910992123029224,0.4306930693069307,0.07816377171215881,0.5086633663366337,1.217517494988422,0.9572710968659872
36694627_AI.txt,AI,7.53811583270555,185.86558221142093,0.025636349648552607,0.4088442116647242,0.5406593406593406,0.026490066225165563,0.6021978021978022,0.6533474345658403,0.9649908656385187
36727173_AI.txt,AI,7.600488584978648,194.07743590189693,0.020422779775548256,0.6068527602117667,0.4878048780487805,0.06326530612244897,0.5772357723577236,1.3115814444348026,0.9630891447954825
36758947_AI.txt,AI,7.615145357987822,196.0591764732336,0.01203414094468944,1.0051588101146711,0.5154867256637168,0.06444444444444444,0.6039823008849557,0.8608010084306541,0.9638912040841342
36805025_AI.txt,AI,7.573127886713873,190.43144150816727,0.00920289824720984,1.603741471085024,0.43144424131627057,0.05504587155963303,0.5319926873857403,0.7530181407725258,0.9449763404117084
36856210_AI.txt,AI,7.707447565422759,209.01281153286448,0.007155559055415199,0.5154560608607449,0.4969574036511156,0.028513238289205704,0.5963488843813387,0.7926909174413933,0.963278922264677
36861863_AI.txt,AI,7.029112864717973,130.60921378599866,0.0160970029291513,0.310055976924815,0.5128205128205128,0.04428044280442804,0.6263736263736264,0.5244111404592903,0.9799777842353947
36868767_AI.txt,AI,7.6719866672557355,203.93797993652652,0.03826091275947735,0.47996564760377525,0.512014787430684,0.055658627087198514,0.5822550831792976,1.1449297773546385,0.977478310328966
36904300_AI.txt,AI,7.720833700050224,210.9611747798076,0.014478256661521261,0.43318595036969587,0.4308176100628931,0.083596214511041,0.5157232704402516,0.8111997004604233,0.962420147268457
36905896_AI.txt,AI,7.638478062084468,199.25582114041094,0.021071181571149306,0.3610617420880231,0.47593582887700536,0.07155635062611806,0.5490196078431373,0.46410981876645585,0.9500013445791764
36970996_AI.txt,AI,7.379177498180278,166.47681953480821,0.027788541379437773,1.0748963077903766,0.4696969696969697,0.07391304347826087,0.5584415584415584,0.7403473277972329,0.943034549057822
37001381_AI.txt,AI,7.393842019227592,168.1776311557232,0.022336702749121633,0.8122451567796745,0.4555984555984556,0.07945736434108527,0.5154440154440154,1.2469978557723944,0.9954402675608397
37058472_AI.txt,AI,7.45326216019479,175.2489706543508,0.0180945449415439,0.3974997809296383,0.4709418837675351,0.028169014084507043,0.5430861723446894,0.8219707055728424,0.9669314048556883
37087371_AI.txt,AI,7.529081274295413,184.7052770059786,0.03229875588475866,0.2957981237553906,0.466,0.082,0.5358565737051793,0.48587691208086536,0.9637599361264587
37087824_AI.txt,AI,7.462687790425466,176.39768172407108,0.017696029183869637,1.1300354637581647,0.4613821138211382,0.053061224489795916,0.5447154471544715,0.9873731270402143,0.9705957687851657
37201447_AI.txt,AI,7.62791438615027,197.80216218816327,0.013919824677785787,0.297990300927612,0.43902439024390244,0.06118881118881119,0.5156794425087108,0.7263755902040863,0.970358734012353
37220856_AI.txt,AI,7.67536677930192,204.41634948708403,0.025277097515530433,1.0802859456403517,0.4466338259441708,0.03459637561779242,0.5238095238095238,0.8823210521016576,0.9670856357298803
37231163_AI.txt,AI,7.424302633388272,171.76623231926365,0.011096501612942334,0.22809395347456793,0.49782608695652175,0.043668122270742356,0.5782608695652174,0.37881383453490014,0.9783950018700912
37242217_AI.txt,AI,7.846392425296272,230.14390499472984,0.015818208073840805,0.4483944584049045,0.45022288261515603,0.02384500745156483,0.5260029717682021,0.8791521391754762,0.9577385093408195
37263609_AI.txt,AI,7.232832260152638,150.41788017439094,0.0183447356925368,0.572135741792133,0.4312977099236641,0.19157088122605365,0.49809160305343514,1.3908370611440173,0.9855336355370897
37292350_AI.txt,AI,7.857629108644363,231.94341998377004,0.02149342562775176,0.4303918542331001,0.4725609756097561,0.06880733944954129,0.5457317073170732,0.5614063797505716,0.9419414211532936
37333719_AI.txt,AI,6.92095655777966,121.17569591867476,0.012130794446774971,0.524211116211918,0.4692556634304207,0.1237785016286645,0.5598705501618123,0.9324180053975354,0.9803860005136331
37335325_AI.txt,AI,7.9857624069972015,253.48602594429082,0.01847865931074919,0.44421429727538736,0.36100746268656714,0.1261682242990654,0.4300373134328358,0.5281637522880739,0.9764599556976247
37348041_AI.txt,AI,7.559522551652211,188.64401925721174,0.023105915237572966,0.42984029227867104,0.46706586826347307,0.04809619238476954,0.5568862275449101,0.9350029204410123,0.9862431028914047
37360517_AI.txt,AI,7.476351705226618,178.076299148756,0.013226591253005607,0.36486534696169864,0.5461346633416458,0.02506265664160401,0.6209476309226932,0.7347420611893288,0.9773256616363379
37370455_AI.txt,AI,7.578501844313892,191.1421106591405,0.020182879924425415,0.5408689715675812,0.4149443561208267,0.03827751196172249,0.48012718600953896,0.8727698275348965,0.9690288679249642
37374340_AI.txt,AI,7.491121209913217,179.90870825724656,0.009565820237840233,0.3553729718563705,0.5107296137339056,0.017241379310344827,0.5987124463519313,0.8500694060199889,0.9588886566286444
37375999_AI.txt,AI,7.514584303977411,182.85855370118892,0.012357076596230098,0.2607981824729135,0.4431818181818182,0.049429657794676805,0.5303030303030303,0.42174116783664994,0.959235505503052
37391947_AI.txt,AI,7.289603101954785,156.45490750765174,0.013414251433181461,0.32028301932139164,0.37702265372168287,0.15422077922077923,0.4546925566343042,0.5696552676768846,0.9712972350752404
37402097_AI.txt,AI,7.225352658714845,149.64006201974058,0.013652805119429805,0.7506441720048255,0.46601941747572817,0.051470588235294115,0.551219512195122,1.4073961173219658,0.9323223732979897
37472265_AI.txt,AI,7.449304008838888,174.76881979655911,0.017754207658049945,0.4370818674429455,0.40597539543058,0.10405643738977072,0.4797891036906854,0.7278654002046996,0.9705264902677058
37473139_AI.txt,AI,7.504992553228316,181.6468519830753,0.011523048426526902,0.6163060700270119,0.5,0.021834061135371178,0.5782608695652174,0.6708203932499369,0.9443570405348977
37521676_AI.txt,AI,7.789933610251515,221.3113467043666,0.011293189729797351,1.4088307600782908,0.45975232198142413,0.08074534161490683,0.5464396284829721,0.768615900322584,0.9651164860330066
37540732_AI.txt,AI,7.3562690256242975,163.85422073321723,0.013769107860329893,1.4760956889828203,0.47692307692307695,0.09050772626931568,0.5648351648351648,0.7908528118831941,0.9657138363397755
37560528_AI.txt,AI,7.613557394498376,195.84349434630823,0.015410251249305002,0.3070870041769856,0.46702317290552586,0.06797853309481217,0.5597147950089126,0.5146135142559061,0.9499835060859377
37640804_AI.txt,AI,7.944250638312861,246.296213531527,0.028177792473095382,1.3174068143544049,0.4483695652173913,0.13896457765667575,0.5163043478260869,0.8453185398530264,0.9642220874409846
37660306_AI.txt,AI,7.5340926550900695,185.34798940015145,0.004361777994169443,1.1252653588866435,0.4518664047151277,0.05128205128205128,0.5343811394891945,0.5662731307373401,0.942181836096703
37664296_AI.txt,AI,7.715073753252042,210.12059333620766,0.02346077393855894,2.146038475957324,0.42153846153846153,0.14506172839506173,0.5030769230769231,0.9056525847772977,0.9359855523696383
37695494_AI.txt,AI,7.176898110830994,144.69769307367847,0.0368375458705922,2.3614137538595146,0.43792325056433407,0.15873015873015872,0.4966139954853273,1.2147101548435766,0.968437301020302
37735467_AI.txt,AI,7.795116639463198,222.1078602313113,0.00959515635071892,0.5994491999928974,0.4774774774774775,0.016566265060240965,0.5570570570570571,0.6023976025934608,0.944851573391292
37739183_AI.txt,AI,7.743471139408979,214.29748960787816,0.01796929998252316,1.4324309597908182,0.41420118343195267,0.09347181008902077,0.5,0.7325516298369896,0.96871261554931
37750854_AI.txt,AI,7.720090532593371,210.85253151024864,0.01979067020613994,0.283885406875792,0.41317365269461076,0.06156156156156156,0.49550898203592814,0.5746031079546264,0.9595106617800059
37751611_AI.txt,AI,7.779333836191488,219.69128594811176,0.024397776558061295,0.349386750478878,0.4322396576319544,0.06294706723891273,0.4978601997146933,0.7958973878856317,0.9572211622236895
37764298_AI.txt,AI,7.588632863411517,192.48908938041242,0.015168074697649508,1.065804165667364,0.4884210526315789,0.03805496828752643,0.5789473684210527,0.8399087142061606,0.9655217666878094
37792474_AI.txt,AI,7.494330878471467,180.30940981163675,0.020578122831961143,0.42706544101013577,0.44935543278084716,0.07208872458410351,0.5322283609576427,0.6632796199598356,0.9374137902415765
37818861_AI.txt,AI,7.243148340587138,151.49730721838978,0.013046805692492506,0.24043925929585594,0.5336927223719676,0.08943089430894309,0.6064690026954178,0.5241073375235219,0.9829443037323902
37913536_AI.txt,AI,7.323699391452213,160.19656371792726,0.014142835122301925,0.4531032233364185,0.4025735294117647,0.15867158671586715,0.4577205882352941,0.6506695158955902,0.9808330508408892
37931076_AI.txt,AI,7.271035363298504,154.45420765486242,0.018886938900096333,0.43369630402633924,0.5083333333333333,0.05307262569832402,0.5916666666666667,0.6778767647681697,0.9815724870117726
37997506_AI.txt,AI,7.586224359058986,192.16800694465798,0.016633391044244307,1.3467131940622552,0.44482758620689655,0.06055363321799308,0.5258620689655172,0.9580266233199384,0.9965837888305895
38007664_AI.txt,AI,7.462586861412269,176.38534161011964,0.016479269981566413,1.2978105218604552,0.4137353433835846,0.07563025210084033,0.48743718592964824,1.2679640321087422,0.9729950588115037
38047274_AI.txt,AI,7.492070529403362,180.0271304063604,0.02463227501843017,0.49131471081460437,0.4692737430167598,0.06542056074766354,0.5437616387337058,0.9971331368824391,0.9693828980760412
38056161_AI.txt,AI,7.445994467798357,174.36835979456202,0.028012577252807796,1.1616440448408292,0.46421663442940037,0.04466019417475728,0.5357833655705996,0.8920228980960585,0.9789657402777672
38059130_AI.txt,AI,7.528968466052275,184.69083496340863,0.022119582350280696,0.39303419513215787,0.41379310344827586,0.08401976935749589,0.48932676518883417,0.6849991832368976,0.9679594337768438
38087844_AI.txt,AI,7.661209267053274,202.42017334789583,0.012696065949454004,0.4370945653702104,0.45714285714285713,0.04384485666104553,0.5378151260504201,0.9408535552793189,0.9680098564893305
38108845_AI.txt,AI,7.482536411436195,178.84133516332318,0.021373300686501197,0.29715317912564587,0.39344262295081966,0.07174887892376682,0.46050670640834573,0.44593175267935736,0.9662145887099416
38115035_AI.txt,AI,7.513900024663153,182.77184330656112,0.011941647956690954,0.4192272415428405,0.4613899613899614,0.07364341085271318,0.5366795366795367,0.8402093950756854,0.9653512958083116
38154903_AI.txt,AI,7.225792752658121,149.68571666521672,0.028819407818209745,0.7029687190471166,0.5393939393939394,0.036585365853658534,0.6333333333333333,0.9683829480784812,0.9634919338570371
38165833_AI.txt,AI,6.9407098902601865,122.84623993245673,0.016616534730024096,1.3631774880877663,0.5542168674698795,0.04048582995951417,0.6184738955823293,1.1277755755778964,0.9764911936310153
38216888_AI.txt,AI,7.049444455109154,132.4628923640296,0.016715686967148518,1.9368372083984002,0.5068493150684932,0.09655172413793103,0.613013698630137,0.8939809747362019,0.9617246332687348
38220146_AI.txt,AI,7.830716552473138,227.6567700315023,0.012013392738514938,0.5517475703450432,0.4867109634551495,0.03,0.5631229235880398,0.9074730041041407,0.9610201482301641
38225199_AI.txt,AI,7.689810502783334,206.47316844019872,0.01630632460113826,0.6359424242100563,0.49714285714285716,0.05162523900573614,0.5828571428571429,1.114479022711281,0.960327422888053
38291889_AI.txt,AI,7.580909670913915,191.46138903879876,0.018090491482995075,0.45323787359658374,0.508298755186722,0.020833333333333332,0.5975103734439834,0.7794012426650909,0.9613980019912423
38309905_AI.txt,AI,7.655481084756248,201.6180628651107,0.010243610529280524,0.4013324775359283,0.4892086330935252,0.07581227436823104,0.5611510791366906,0.7147176288660831,0.9694337157238198
38314236_AI.txt,AI,7.3673851731319075,165.1216146441061,0.01992640641192065,0.5906507276918276,0.4593406593406593,0.03532008830022075,0.5384615384615384,0.876842879234969,0.9719676453719419
38355831_AI.txt,AI,7.033149049540672,130.97512689554287,0.07859666051675465,0.7662789822740983,0.39300411522633744,0.19421487603305784,0.45267489711934156,0.8824008761347207,0.9815812360603234
38399177_AI.txt,AI,7.192968150012402,146.3184766639676,0.009255499925163,0.34240085180389296,0.5297805642633229,0.031545741324921134,0.6269592476489029,0.5884823321669467,0.9294509393417754
38441665_AI.txt,AI,7.50131501526263,181.18441017057253,0.02142836350066979,0.5393928753046755,0.40852575488454707,0.0748663101604278,0.4849023090586146,0.9469696547757386,0.9850305753531006
38457612_AI.txt,AI,7.549820162518875,187.37961003668195,0.015611231569347992,1.8202981583278077,0.5145413870246085,0.038202247191011236,0.5928411633109619,1.0609212276584954,0.9624594941681438
38535335_AI.txt,AI,7.218868182437559,148.96898463868675,0.011856234640737592,0.407849348406584,0.509493670886076,0.050955414012738856,0.6265822784810127,0.7308544132518133,0.9441853572639118
38565119_AI.txt,AI,7.4543334975823035,175.37915790644925,0.014911155983313296,0.37843410587887044,0.546916890080429,0.0215633423180593,0.6380697050938338,0.6017803421121827,0.9635624739555401
38642923_AI.txt,AI,7.448828141532694,174.71118249240376,0.019643333967499666,0.5511707664214724,0.4172077922077922,0.07166123778501629,0.4805194805194805,1.3781480912971713,0.9700015601267442
38650096_AI.txt,AI,7.2048767939454095,147.53125269369616,0.009637174718711995,0.5492695310840231,0.5522875816993464,0.06578947368421052,0.630718954248366,0.7795757067012588,0.9489266047049939
38663892_AI.txt,AI,7.720417117422113,210.9002678860143,0.015179891411634455,0.5232744481625109,0.4489112227805695,0.0453781512605042,0.5360134003350083,0.8331103689489483,0.9503405724301827
38688388_AI.txt,AI,7.5444889934548724,186.68846678284928,0.011212663946925296,0.25049434987502306,0.4197324414715719,0.04530201342281879,0.5066889632107023,0.5092975137462773,0.9456553165906888
38698573_AI.txt,AI,7.708103895966214,209.1079201298066,0.008485830191079093,0.3843728949429509,0.5222222222222223,0.05018587360594796,0.5962962962962963,0.6804273175799986,0.9484306463897753
38707449_AI.txt,AI,7.548455336184051,187.20242796514256,0.011544756734399498,1.8834548413957064,0.48484848484848486,0.07302231237322515,0.5595959595959596,0.815902194155386,0.9934505473615084
38744475_AI.txt,AI,7.518246561273896,183.32332674933116,0.012831456105147862,1.6262382846949843,0.4628099173553719,0.058091286307053944,0.5578512396694215,0.6067621120090091,0.9768397035322359
38750659_AI.txt,AI,7.435516900279937,173.10659752976798,0.039638806995975356,0.4469703665804992,0.43033509700176364,0.09557522123893805,0.48853615520282184,0.8757247209774426,0.9589366632105719
38753827_AI.txt,AI,7.768245248762795,218.00920617939306,0.009721350204167428,2.5025388234411357,0.4283625730994152,0.093841642228739,0.5102339181286549,0.8866414546404446,0.9799884366430286
38847011_AI.txt,AI,7.676715115243391,204.6074853410389,0.011166949891645383,1.6796312424162292,0.44353518821603927,0.06732348111658457,0.5253682487725041,0.6642395355160324,0.9655547177217052
38860712_AI.txt,AI,7.619175964147692,196.6076931136283,0.022399260794026734,0.1655922213748124,0.45904761904761904,0.08030592734225621,0.5638095238095238,0.30066801606916915,0.9544189855840436
38896303_AI.txt,AI,7.513132370194572,182.67461672938998,0.03304980088644437,0.35165047681924133,0.42078364565587734,0.06153846153846154,0.49744463373083475,0.9009060120616147,0.9749199174381858
38897568_AI.txt,AI,7.70585695310996,208.78249595189857,0.01728352326278526,0.9723683660493788,0.4972677595628415,0.056672760511883,0.5719489981785064,0.9346391186374631,0.9807968120474182
38907798_AI.txt,AI,7.4605571570775,176.13736240379316,0.018295123637767245,0.4568922467240498,0.39728353140916806,0.05110732538330494,0.47368421052631576,0.9834843472636043,0.9909268649914931
38946032_AI.txt,AI,7.673422525459021,204.14105250603967,0.017683341573007695,0.3949521800933621,0.4623287671232877,0.05670103092783505,0.5547945205479452,0.6949598687198917,0.9710237325716775
38989376_AI.txt,AI,7.656691337689333,201.787267874583,0.013641528655673373,0.3239429604396242,0.4279411764705882,0.07658321060382917,0.5007342143906021,0.8596273193523168,0.9843878326338255
39027764_AI.txt,AI,7.612950702341954,195.7611541917878,0.019612184537915633,0.3638711142379758,0.3804945054945055,0.1584022038567493,0.46153846153846156,0.62866650524998,0.9613223956648475
39064638_AI.txt,AI,7.558603562507772,188.52389227445218,0.013092163364772461,0.9535507421167574,0.5058139534883721,0.04271844660194175,0.5802707930367504,0.8053497951549489,0.9622290654638496
39081840_AI.txt,AI,7.774941262923349,219.0234091969925,0.01642479247577462,0.8385072977164895,0.42587601078167114,0.04054054054054054,0.5040431266846361,0.6068894966722539,0.9641548068924285
39082090_AI.txt,AI,7.64418054251122,200.044969891932,0.007643253249162825,0.36528756048808575,0.48939929328621906,0.06205673758865248,0.5512367491166078,0.7496066587372686,0.9569652868905664
39115899_AI.txt,AI,7.634782764707099,198.7461033476763,0.04527638226606161,0.8842676998501265,0.4838709677419355,0.11510791366906475,0.5501792114695341,1.1176445027796604,0.9809722013348061
39142536_AI.txt,AI,7.7053486132643405,208.70894349428806,0.01291960923829367,0.5012776483989922,0.4694589877835951,0.0647985989492119,0.5584642233856894,0.6155586121892199,0.9627514583644645
39166680_AI.txt,AI,7.882758328162758,236.01885837492765,0.01549123772656461,1.3361341965693365,0.4333764553686934,0.09857328145265888,0.49935316946959896,0.742766513192515,0.9807832170259221
39237915_AI.txt,AI,7.793485180100593,221.8568334174651,0.01973216191719887,0.4364859929862618,0.48987108655616945,0.053604436229205174,0.578268876611418,1.1983905434115547,0.9568322866936717
39247950_AI.txt,AI,7.646079565880322,200.30846300504606,0.0148388773840853,2.227143491179965,0.43042671614100186,0.07262569832402235,0.5157699443413729,0.8737203706382848,0.9918459449793522
39252859_AI.txt,AI,7.524845891797703,184.16382487240432,0.016550761294670698,0.4266892901702149,0.42105263157894735,0.0880281690140845,0.5017543859649123,0.46758854362345703,0.9857656893004224
39295103_AI.txt,AI,7.5082549748202805,182.05808176126297,0.024768977750659525,0.27349397530512554,0.4688715953307393,0.09375,0.5583657587548638,0.6322948884227465,0.9693802061388815
39308779_AI.txt,AI,7.481970260690732,178.77116697935546,0.0251120917750168,2.0830981183105273,0.3864942528735632,0.1440922190201729,0.4511494252873563,1.0821224955816542,0.9738241317761559
39413067_AI.txt,AI,7.564050328572288,189.23699264082788,0.013334017348112917,0.7594846303469608,0.4113597246127367,0.05699481865284974,0.4991394148020654,0.8695688834823532,0.9696499043417672
39434376_AI.txt,AI,7.027943510880573,130.50339342761768,0.017589628711484794,1.1700446711506165,0.5660377358490566,0.06844106463878327,0.6641509433962264,0.7431881015746594,0.9822904529868209
39441617_AI.txt,AI,7.466416421834483,176.8541694699768,0.017450522748648827,1.4288703091157635,0.4713114754098361,0.047325102880658436,0.5389344262295082,0.8615057278126581,0.9691037267838088
39470264_AI.txt,AI,7.753673960681581,215.81838521747406,0.048989679011296944,0.6594415056993105,0.4293193717277487,0.11208406304728546,0.5270506108202443,0.6902760385483713,0.9468197488837462
39566718_AI.txt,AI,7.671667634270184,203.892886727368,0.013727010129203302,0.3923157279797338,0.460093896713615,0.04395604395604396,0.5305164319248826,1.0001163815827172,0.9756832085612108
39569771_AI.txt,AI,7.848758722583395,230.5216949933953,0.015583521349973666,1.3267244474931108,0.5087108013937283,0.038461538461538464,0.5853658536585366,0.824152037811511,0.9654842220119633
39581020_AI.txt,AI,7.0424483328302685,131.82208943155385,0.017258141343079028,0.9697634987527093,0.49393939393939396,0.04878048780487805,0.5666666666666667,0.7162002983867506,0.9588618621148788
39608848_AI.txt,AI,7.781916899795273,220.08498307004322,0.025889186203387128,0.3985340749202118,0.47327044025157233,0.01892744479495268,0.5644654088050315,0.7345765066067383,0.944894821065875
39650734_AI.txt,AI,7.597382637816964,193.66006020009644,0.010086700882031861,0.492451616323129,0.5224489795918368,0.030737704918032786,0.5918367346938775,0.8675970027676672,0.9630553509274534
39674178_AI.txt,AI,7.400773262065959,168.98756301104416,0.04287928783153237,2.188354285448656,0.42142857142857143,0.04659498207885305,0.49464285714285716,0.9629090702402904,0.9830566597439454
39674782_AI.txt,AI,7.52879431679843,184.66854208167965,0.044777368258359145,1.847047226015799,0.4742647058823529,0.04981549815498155,0.5404411764705882,1.0745843186090662,0.9873545346859767
39675895_AI.txt,AI,7.52096393065959,183.66894839845938,0.021310678517685828,0.30687207443547343,0.4306569343065693,0.029304029304029304,0.5127737226277372,0.505941420884664,0.9587960251279469
39718499_AI.txt,AI,7.1266631176466735,139.74599409042355,0.019092632237129387,1.1258306249912098,0.4928774928774929,0.022922636103151862,0.5669515669515669,1.4264777794805203,0.962637280869933
39776400_AI.txt,AI,7.334364853026095,161.38524278116196,0.013751775925929306,0.8063043799184487,0.39488117001828155,0.11192660550458716,0.473491773308958,0.47744904585988523,0.9746095668038802
39805617_AI.txt,AI,7.895227965595525,238.0676802943969,0.028175535333279284,1.7493331072874703,0.508500772797527,0.07286821705426356,0.5795981452859351,1.0131411301526123,0.9322810200012689
39835894_AI.txt,AI,7.490527852539682,179.83472989988314,0.013208156137074665,0.5571556507233004,0.46215139442231074,0.082,0.5338645418326693,0.6158206328344109,0.9569708302233613
39855211_AI.txt,AI,7.856280031836985,231.72662903138865,0.016621567803001686,0.2801379092916749,0.52994555353902,0.018214936247723135,0.6388384754990926,0.6631650981156497,0.9627996404231156
39875803_AI.txt,AI,7.646686285823309,200.39271968724313,0.020821354452136218,0.45875387063042605,0.4169278996865204,0.08018867924528301,0.5094043887147336,0.7289380001749585,0.9531036234757518
39908485_AI.txt,AI,7.84129532152665,229.3322313408914,0.03642761426305907,1.207159885254617,0.4181360201511335,0.10353535353535354,0.49622166246851385,0.9505454675122084,0.9504365730955376
39970711_AI.txt,AI,7.596151403836164,193.49485610416986,0.02163163324541347,0.41604447524990024,0.5094339622641509,0.04842105263157895,0.5849056603773585,0.5385481723867523,0.973213303885632
40018190_AI.txt,AI,7.643873120036166,200.0023470463683,0.00919486494856791,1.8759571739784968,0.5495283018867925,0.035545023696682464,0.6344339622641509,1.0864354034066241,0.9887584665353658
40088790_AI.txt,AI,7.462035199557994,176.31790777251794,0.03183859630613527,0.6836610127595082,0.42829827915869984,0.07293666026871401,0.5181644359464627,1.2150438581686434,0.9505510890997226
40311088_AI.txt,AI,7.304115744219055,158.03669210660985,0.015385418032464578,2.2137424112479223,0.43380855397148677,0.049079754601226995,0.5173116089613035,0.8051450985458004,0.98828840440913
40792022_AI.txt,AI,7.4646404405813795,176.63659303480483,0.012532808817270966,0.4954193346729646,0.4988962472406181,0.03547671840354767,0.58719646799117,0.6421254426464241,0.9439336302729029
40882926_AI.txt,AI,7.4327619766156054,172.77635419620148,0.011729993212922233,1.2453366561838737,0.4686192468619247,0.03571428571428571,0.5502092050209205,0.5955421429702068,0.9311977957603481
40883703_AI.txt,AI,7.12614310456184,139.69563233811337,0.021116526849980184,0.5196698811703713,0.38,0.07589285714285714,0.4622222222222222,0.5435797339885522,0.9341501011437631
40987524_AI.txt,AI,7.5251811397618935,184.20662513142503,0.01912839061988538,0.3353558376428665,0.45,0.06272401433691756,0.5303571428571429,0.6874420198185771,0.9272082460217064
41152404_AI.txt,AI,7.647869468414629,200.55713310996478,0.12462547142248534,3.7069409504426933,0.41112828438948995,0.10232558139534884,0.47449768160741884,1.171309966854865,0.9797460134099052
41344156_AI.txt,AI,7.7682274455899405,218.00651591462903,0.02168595386331844,1.0989394627154725,0.4046242774566474,0.08115942028985507,0.5072254335260116,0.5548494077138576,0.9622968666368024
41506705_AI.txt,AI,7.686107408466414,205.94387488627228,0.020887245277272395,0.5300191160967377,0.467005076142132,0.07142857142857142,0.5338983050847458,0.6084845126952383,0.948031689939584
41523474_AI.txt,AI,7.494039162694906,180.27295457989933,0.010276936143687472,2.7022613470396126,0.5139186295503212,0.06236559139784946,0.5952890792291221,0.9095902027786258,0.9728323911121839
41586420_AI.txt,AI,7.792582405004233,221.71804859723736,0.023979426922984885,0.8870416707603729,0.4593437945791726,0.058655221745350504,0.514978601997147,0.90812600740855,0.9682815502726512
41590605_AI.txt,AI,7.840609883215806,229.22329926810113,0.021588479825350726,2.3587666543542705,0.4289405684754522,0.11010362694300518,0.4909560723514212,1.3900031835961404,0.9852335014380194
41651672_AI.txt,AI,7.389420352614157,167.66297836838135,0.015615595632430377,0.6086499258796361,0.4604651162790698,0.05841121495327103,0.586046511627907,0.47795978508288856,0.9698473919714234
41910253_AI.txt,AI,7.245676977249577,151.76307201800358,0.0237272508688414,0.4166986398930767,0.5672514619883041,0.0058823529411764705,0.6461988304093568,0.7834304111997262,0.9760410019987752
41950126_AI.txt,AI,7.750580443357281,215.3561096772941,0.008161846769392828,0.3117018717956371,0.4495548961424332,0.041666666666666664,0.5192878338278932,0.6254142962941415,0.9612328739721314
42156237_AI.txt,AI,7.405708430645643,169.56662522295653,0.012969570176557204,0.47960594744568946,0.5357142857142857,0.028205128205128206,0.6045918367346939,0.728604373335606,0.9777259052175883
42164460_AI.txt,AI,7.540581782189848,186.1835475853859,0.018115004583562848,0.7794688888053203,0.43270868824531517,0.07179487179487179,0.514480408858603,0.7788405380940155,0.9665350378702958
42304307_AI.txt,AI,7.428086546461978,172.21733360164862,0.021218048223062027,0.3651329391950832,0.4498977505112474,0.08418891170431211,0.5357873210633947,0.7835338060833767,0.9400622659809064
42332765_AI.txt,AI,7.599732660169002,193.97577233733685,0.014412631531237747,0.9128995519219906,0.49502982107355864,0.041916167664670656,0.5765407554671969,0.5273262310245339,0.9843821556472748
42384185_AI.txt,AI,7.443293097264416,174.04216970017993,0.010476339707567091,0.24656833449587745,0.47671840354767187,0.10690423162583519,0.5609756097560976,0.4508564617761466,0.9590527089191933
42427521_AI.txt,AI,7.64225498745285,199.77814936035028,0.00857647233210438,1.535145770326236,0.4700374531835206,0.07518796992481203,0.552434456928839,1.1054088319209654,0.9521360869495259
42487883_AI.txt,AI,7.622000459724001,196.99298695365547,0.019246307803145988,0.41767101820583874,0.4297253634894992,0.04700162074554295,0.518578352180937,0.94143669707845,0.9812970556190923
42546558_AI.txt,AI,7.829386336159722,227.44695910654966,0.027239600728923858,0.5234115232747715,0.4757929883138564,0.05695142378559464,0.5642737896494157,0.6539711888576476,0.9154951863278487
42641525_AI.txt,AI,7.559369961767682,188.62406795351313,0.007596585576445127,0.33738579158603754,0.42857142857142855,0.07692307692307693,0.4965156794425087,0.7531907143816996,0.9628460604839402
43311839_AI.txt,AI,7.873220164098796,234.46360157454654,0.020824867577183794,0.9085169146042936,0.5104529616724739,0.045454545454545456,0.5958188153310104,0.6574740191912538,0.9753327907914634
43375498_AI.txt,AI,7.6677515000876735,203.3401786694559,0.01651095272855489,0.3014371819776398,0.4880952380952381,0.06374501992031872,0.5773809523809523,0.48077660208913997,0.9416734865914655
43378989_AI.txt,AI,7.345721477374352,162.66065039438874,0.07309096992836508,1.918323954423969,0.5214899713467048,0.0893371757925072,0.6045845272206304,1.4141582162219286,0.9732965542433709
43408471_AI.txt,AI,7.768319043809388,218.0203578161119,0.01868030941367465,0.5062044283021809,0.4964788732394366,0.02120141342756184,0.5651408450704225,0.8740721422074449,0.976091582348267
43622023_AI.txt,AI,7.820753515355237,226.090022368111,0.010815987516620724,0.5269954795978216,0.5330812854442344,0.026565464895635674,0.6124763705103969,0.6824544438513486,0.9599943773954904
43685045_AI.txt,AI,7.684290912294008,205.6847342941669,0.012920981006917524,0.3999859922588596,0.4518900343642612,0.05862068965517241,0.5463917525773195,0.6855118543457551,0.9673551008195748
43720116_AI.txt,AI,7.58799291007174,192.40372364817725,0.014831567821929126,0.6402646936931428,0.5093023255813953,0.0630841121495327,0.6139534883720931,0.5686167782984127,0.9724021134737163
43752620_AI.txt,AI,7.764749568425307,217.48160475394158,0.012940786361912942,1.62052707979712,0.5,0.06405693950177936,0.5762411347517731,0.7088605541022149,0.9729481583792172
43852883_AI.txt,AI,7.783701671048074,220.35742070177827,0.02013106316107165,0.70605716511124,0.45454545454545453,0.11808669656203288,0.5245901639344263,1.082436854003068,0.9905977101602148
43994605_AI.txt,AI,7.598214366308702,193.77173940057722,0.022369762141449933,0.5019281051038259,0.4614065180102916,0.043029259896729774,0.5403087478559176,1.0233424985268065,0.9912177399725203
44115326_AI.txt,AI,7.629019065032046,197.95367830403686,0.01882818610535686,1.331773216570659,0.41543026706231456,0.046130952380952384,0.4807121661721068,0.7951970795336036,0.951009256980189
44145704_AI.txt,AI,7.398287036872401,168.6965941550358,0.014278963383675696,1.0663104569428055,0.4418604651162791,0.09922178988326848,0.5058139534883721,0.9528701718390469,0.9512050423810468
44147689_AI.txt,AI,7.206336849071939,147.68063478094098,0.021509107805688876,1.0165346662658454,0.4510250569476082,0.07551487414187644,0.5216400911161732,0.9619108546842691,0.9707971651321304
44185767_AI.txt,AI,7.69593606152999,207.3516994738424,0.025443442285723157,0.41608237906190876,0.4176829268292683,0.035168195718654434,0.5015243902439024,0.8188806738930589,0.979421275218493
44476983_AI.txt,AI,7.606743284233157,194.92067105890655,0.01459576865168657,0.24188649476181542,0.463743676222597,0.02707275803722504,0.5413153456998314,0.4710239758987285,0.9720415025944121
44624796_AI.txt,AI,7.4880013922363124,179.52007732344796,0.010333708783171632,0.36628825113432434,0.5097613882863341,0.034858387799564274,0.5900216919739696,0.64657697705915,0.961997642458874
45077654_AI.txt,AI,7.467638335230045,177.00402235871022,0.020976505245111146,0.49738035419042165,0.4153846153846154,0.12864493996569468,0.48547008547008547,0.8076038534139257,0.9736378869350868
45167858_AI.txt,AI,7.3615567954579175,164.4558816049103,0.013401823302270738,0.3574815228629611,0.5143603133159269,0.04199475065616798,0.6005221932114883,0.46876040028956134,0.9729952786551723
45286020_AI.txt,AI,7.466048227413953,176.80903975926617,0.05193955914891169,1.0364070571490265,0.42077464788732394,0.16431095406360424,0.4964788732394366,1.710150587445367,0.9803309550750001
45462344_AI.txt,AI,7.3605527710903385,164.3414705440579,0.012407535876070994,0.5871886877834842,0.47105788423153694,0.10020040080160321,0.530938123752495,0.6583572790007697,0.9734482140511915
45475027_AI.txt,AI,7.8699039012831875,233.9252688478596,0.019590064892228923,1.2574472487755708,0.4850863422291994,0.2062992125984252,0.5463108320251178,1.2578266026553668,0.9412184808000104
45656814_AI.txt,AI,7.334139716567573,161.3600601430097,0.010506732512514544,0.3917248896622685,0.46956521739130436,0.043668122270742356,0.55,0.6877968321035128,0.9700126968658482
45900271_AI.txt,AI,7.529474034979712,184.7555681934345,0.011419592187548646,0.8941696133345797,0.42470389170896783,0.05602716468590832,0.5160744500846024,0.6498399108872315,0.9786086140229305
45907524_AI.txt,AI,7.695445976629153,207.28127386347143,0.012002643876981663,0.6775703532620745,0.496551724137931,0.039792387543252594,0.5758620689655173,0.8544448577574744,0.9578288036106679
45987048_AI.txt,AI,7.682051426643309,205.36569896928137,0.01238797439312673,0.24806167884360095,0.5270541082164328,0.04225352112676056,0.6112224448897795,0.5688929111650619,0.9649365482445073
46055835_AI.txt,AI,7.791269468107923,221.51636398706708,0.01158636454226961,0.593799378855361,0.47987117552334946,0.051696284329563816,0.5571658615136876,0.7776511809234137,0.9855106378724786
46258701_AI.txt,AI,7.7631520383807295,217.2409155588558,0.009442062420900357,0.5646421106634084,0.49572649572649574,0.0634648370497427,0.576068376068376,0.9180826611127698,0.9629567968017042
46260230_AI.txt,AI,7.886409252220746,236.6168906190536,0.0072296728369316094,1.2599713375876052,0.47634069400630913,0.0189873417721519,0.5630914826498423,1.2048613767564498,0.9693333348585825
46349752_AI.txt,AI,7.8041949510594675,223.50990413323478,0.009708561304930105,0.3644733811653776,0.4126149802890933,0.04479578392621871,0.507227332457293,0.8823035472178187,0.9833858971075682
46514339_AI.txt,AI,7.573134809389471,190.4323552828865,0.011053610294814043,0.2745168861681542,0.45880149812734083,0.041353383458646614,0.5468164794007491,0.47864371841201114,0.9309767099797409
46772262_AI.txt,AI,7.658164869639499,201.9934735364671,0.04479749658978669,0.3815680804457154,0.4828828828828829,0.04701627486437613,0.5585585585585585,0.6054647150595283,0.9696235105075709
47067533_AI.txt,AI,7.48362929291431,178.97686375819256,0.04194822477178306,0.2464779991999325,0.41638225255972694,0.07534246575342465,0.5017064846416383,0.45772017095079287,0.9481975764128759
47133747_AI.txt,AI,7.810230001788567,224.44684426337744,0.019250330458516964,0.7034222913550143,0.4819078947368421,0.056105610561056105,0.5740131578947368,0.4880798045636199,0.9548915393335282
47276718_AI.txt,AI,7.6387219744380355,199.28951160413553,0.0456796938334737,1.6832806364348643,0.43562610229276894,0.09010600706713781,0.5299295774647887,1.1244619744085627,0.9552233759510008
47317494_AI.txt,AI,6.864435418519851,116.52013101418628,0.0072074444975400885,0.2235003059443822,0.5230769230769231,0.023255813953488372,0.6115384615384616,0.450462725057986,0.955570693650789
47410104_AI.txt,AI,7.525001772956003,184.18372458820826,0.018139928010441217,0.5446210739335575,0.5,0.03648068669527897,0.5683760683760684,0.7110254010524071,0.9864692620994027
47470864_AI.txt,AI,7.559253406090997,188.60882958560785,0.011416108392638165,0.7853443883045315,0.4729981378026071,0.08971962616822429,0.5344506517690876,0.6641928605119636,0.9790449462992534
47487091_AI.txt,AI,7.675223824269127,204.3960951038919,0.008798824932964489,0.4054226698728174,0.48846153846153845,0.03474903474903475,0.5807692307692308,0.6979006629211065,0.9451855804544955
47549345_AI.txt,AI,7.688827107990913,206.33247657727256,0.029318627629642185,2.524699474565911,0.5163934426229508,0.053497942386831275,0.5758196721311475,0.8717289224081413,0.9506636456594626
47603843_AI.txt,AI,7.210183310043794,148.0749008659235,0.028669492792019594,1.8217364046746136,0.5440251572327044,0.07278481012658228,0.6352201257861635,1.070622314459043,0.9471484049330443
47729453_AI.txt,AI,7.295360679000032,157.08054288621807,0.023442300480003942,0.293320907053006,0.4107142857142857,0.1057347670250896,0.4642857142857143,0.5046071974693942,0.9462688286260533
47919212_AI.txt,AI,7.829663843796044,227.4907135640924,0.03452870537892554,0.18999048435926444,0.4070422535211268,0.07062146892655367,0.4971830985915493,0.4163066597713998,0.9723442689318491
47996197_AI.txt,AI,7.494792030561077,180.36705425448397,0.008958455898850559,1.9650392067720168,0.4211382113821138,0.048939641109298535,0.4926829268292683,0.6711649477641405,0.9853495391333419
48037995_AI.txt,AI,7.666119869032569,203.11033896063137,0.032704077850503964,0.5852245655645312,0.5066413662239089,0.05523809523809524,0.5844402277039848,0.9758619239347679,0.9609004658323992
48285304_AI.txt,AI,7.494425534416165,180.3212403904848,0.006229320903661475,0.8281780481908818,0.47276688453159044,0.0437636761487965,0.5577342047930284,0.5573330922097474,0.9800863714592225
48533663_AI.txt,AI,7.904461135960918,239.596186555712,0.015120025192894106,0.5054044378367489,0.46957878315132606,0.03599374021909233,0.5647425897035881,0.6748164838341938,0.9659044194829928
48547319_AI.txt,AI,7.515499206349496,182.97455242436956,0.012422167431792561,0.5751173345623131,0.43320610687022904,0.10919540229885058,0.517175572519084,0.7229567838229106,0.9709322410189144
48549972_AI.txt,AI,7.151071050503571,142.13037023342343,0.0219535582720968,0.48676947815300425,0.42217484008528783,0.10920770877944326,0.4946695095948827,1.0944574085636636,0.971871393108339
48580330_AI.txt,AI,7.606499567464249,194.88774558093723,0.053049775198434006,0.9134616971052405,0.4542190305206463,0.08108108108108109,0.5296229802513465,1.4160357156400556,0.9075276603388114
49119887_AI.txt,AI,7.60490202550152,194.67205964087213,0.011291682218830519,0.4053355142643385,0.4631956912028725,0.02702702702702703,0.5727109515260324,0.6648293013951428,0.9618952006033539
49127329_AI.txt,AI,7.517658794390826,183.24865439596059,0.011736333869878867,0.8401273886267971,0.42439862542955326,0.05172413793103448,0.5103092783505154,0.5584076789709114,0.9427798683370947
49204385_AI.txt,AI,7.594138110410953,193.2250206791818,0.021363036739205945,0.3316798401196347,0.4061990212071778,0.060556464811783964,0.4893964110929853,0.7019567166779269,0.9890060989186064
49285644_AI.txt,AI,7.610532203633836,195.43325989094694,0.012056865928509363,0.4583832261149893,0.4724264705882353,0.06826568265682657,0.5625,0.7731581098606659,0.9660711125441351
49325370_AI.txt,AI,7.723381092789989,211.33400180037486,0.01608943602379415,0.2905998877120168,0.4668769716088328,0.0759493670886076,0.5394321766561514,0.7032950091684473,0.9710278897988118
49475708_AI.txt,AI,7.446772909215115,174.46246989787224,0.010938112239152213,1.3271028126954534,0.5,0.03773584905660377,0.596244131455399,0.6905612295292919,0.9807475819005672
49486820_AI.txt,AI,7.670344011953317,203.70590791071695,0.008822446677140832,0.23582506955417978,0.47322970639032813,0.04852686308492201,0.5595854922279793,0.5680018580674489,0.9618181896017264
49646155_AI.txt,AI,7.721982764629739,211.1292661420254,0.012644816637943918,0.8406281160708677,0.47309833024118736,0.037243947858473,0.5695732838589982,0.7018598485313325,0.9769948689201442
49685006_AI.txt,AI,7.693511141402564,207.00346997098293,0.02029171853716619,1.3395036285298294,0.48841354723707664,0.05366726296958855,0.5561497326203209,0.9688027235332433,0.9686396485030896
49777184_AI.txt,AI,7.956892244222975,248.46386564949339,0.012834115684091537,1.031968071828263,0.488135593220339,0.027210884353741496,0.5864406779661017,1.2680086567781903,0.9772406908472657
49937469_AI.txt,AI,7.874437181920322,234.66147206176026,0.017848008507025656,0.3269224987831438,0.42937062937062936,0.12622720897615708,0.5216783216783217,0.6680197549202266,0.957675327562206
49997097_AI.txt,AI,7.630007303781459,198.0893220170027,0.022754269738930438,0.44017532204924803,0.483065953654189,0.046511627906976744,0.5525846702317291,0.7201084806279962,0.9951412850489457
50219114_AI.txt,AI,7.71472785909556,210.0702217944938,0.015847409471087807,0.31768357493584215,0.4156804733727811,0.057863501483679525,0.5044378698224852,0.606808370892846,0.9830004623944203
50222417_AI.txt,AI,7.490648319687548,179.84974699005446,0.016120161914403002,0.3257382262409936,0.3588709677419355,0.06064690026954178,0.42876344086021506,0.6554427538226403,0.9899920007996288
50324968_AI.txt,AI,7.551776664709796,187.63389615163965,0.010217675576040808,0.5138760844556142,0.5605263157894737,0.026455026455026454,0.6684210526315789,0.6991842388447445,0.9597959016082465
50328713_AI.txt,AI,8.060402445677632,266.94568998122054,0.022138554950946115,3.4846528749358074,0.46016483516483514,0.08953168044077135,0.5357142857142857,1.3029121036401854,0.9814643345457447
50432401_AI.txt,AI,7.70856335700569,209.17452619710173,0.01192209227514123,0.33383648005188726,0.511070110701107,0.037037037037037035,0.584870848708487,0.6363669859234679,0.9717914456795157
50775901_AI.txt,AI,7.630190173853503,198.11443259373561,0.011933860703361164,1.995216069544566,0.46045694200351495,0.1128747795414462,0.5342706502636204,0.7049763903590999,0.971473475478325
51018476_AI.txt,AI,7.218080942117819,148.88771839957437,0.02039785217806236,1.153891402380923,0.4470046082949309,0.1712962962962963,0.511520737327189,0.7121396331779725,0.9637911692524637
51209395_AI.txt,AI,6.880214970647223,117.80157114830047,0.009509265284877891,0.3483949540836848,0.5826086956521739,0.03508771929824561,0.6652173913043479,0.6189569859631523,0.9544446986791587
51349448_AI.txt,AI,7.341530096630711,162.18876735678535,0.010848144404278285,0.8934935606139482,0.5917721518987342,0.03821656050955414,0.680379746835443,1.0219823898323215,0.9460511809917761
51363762_AI.txt,AI,7.850338357292241,230.7742358873536,0.01358122988772403,0.5469974028149236,0.4857142857142857,0.03821656050955414,0.5619047619047619,0.6391715336536089,0.9481064274101408
51415089_AI.txt,AI,7.605006985061809,194.68622302016118,0.007595866314789537,0.45994038132924575,0.47484909456740443,0.07676767676767676,0.5694164989939637,0.5427828264878354,0.9658731515964557
51432451_AI.txt,AI,7.668361257035362,203.42613882647348,0.0214705381956307,0.3801139405482205,0.4551971326164875,0.03237410071942446,0.5483870967741935,0.6901720427253416,0.9810473566872407
51508889_AI.txt,AI,7.456477000211835,175.63992340576542,0.019252301944388973,1.1408865785569813,0.3978819969742814,0.0622154779969651,0.4659606656580938,0.5910405089784407,0.9527681040423615
51554903_AI.txt,AI,7.6197885792295565,196.6911968414495,0.019494262012446462,0.4140424699985245,0.4172876304023845,0.12705530642750373,0.4828614008941878,0.5934508887461819,0.9852641798335281
51588273_AI.txt,AI,7.224984068768586,149.6018358003005,0.017841747847403406,0.5956937293621328,0.46582278481012657,0.13486005089058525,0.5240506329113924,0.7450322068978898,0.9665814216225342
51638201_AI.txt,AI,7.589839532510785,192.6501544649242,0.01198170052034162,0.3331638396098422,0.44919786096256686,0.03935599284436494,0.5525846702317291,0.7356333476053438,0.9539249015510423
51639418_AI.txt,AI,7.525914305412041,184.30026120052813,0.024169589244803953,1.3222567126113376,0.4564796905222437,0.08737864077669903,0.5319148936170213,0.7522049906328802,0.9737415489320342
51681660_AI.txt,AI,7.674263019380933,204.26001687379548,0.010000282703467835,0.889128142269265,0.43375394321766564,0.0680379746835443,0.5205047318611987,0.48141010094012465,0.92910840651723
51724595_AI.txt,AI,7.778848410977961,219.61737861002524,0.01076399473339542,1.0206545469139647,0.4644628099173554,0.01990049751243781,0.5537190082644629,0.6630122507874083,0.9710080954788102
51769822_AI.txt,AI,7.599720648185054,193.97415728765722,0.014578638070470001,0.566949806468194,0.484375,0.03137254901960784,0.56640625,0.9529322294813913,0.9903585940174857
51777546_AI.txt,AI,7.681197705444301,205.24420885436902,0.011369585373443632,1.4411831366642271,0.4751286449399657,0.04130808950086059,0.5626072041166381,0.9467846470482881,0.988568191250121
52246737_AI.txt,AI,7.637168574522986,199.0750451398862,0.02847669357501749,0.22577375884780673,0.4979508196721312,0.04526748971193416,0.5819672131147541,0.5024062658953699,0.975110062839704
52252936_AI.txt,AI,7.580882073876016,191.45772664548355,0.044341581538517444,0.6564920788483167,0.4891518737672584,0.09504950495049505,0.5621301775147929,0.9371649115796515,0.9609068126914353
52618188_AI.txt,AI,7.578432823713103,191.13296636504862,0.02188580539216832,0.516982532171262,0.4527272727272727,0.05291970802919708,0.5272727272727272,0.8423780235849676,0.9520477279419816
52684666_AI.txt,AI,7.55779869728519,188.41874600168168,0.020119539358066076,0.4944662382056641,0.4157303370786517,0.10902255639097744,0.5093632958801498,0.9814760049461048,0.9715753728262064
52979663_AI.txt,AI,7.643291483376211,199.9217303897318,0.02893832160587815,0.4655523377985183,0.42563291139240506,0.06984126984126984,0.495253164556962,0.7392554882073289,0.9635986681428332
53129155_AI.txt,AI,7.587902386765618,192.39165146780059,0.01390632391577452,0.6041672903761949,0.5128205128205128,0.017167381974248927,0.5961538461538461,0.6579547139893565,0.9316898497988879
53169257_AI.txt,AI,7.821775546424773,226.2502453449591,0.010695436164626195,0.5980957267267966,0.5368217054263565,0.03501945525291829,0.6317829457364341,0.6444741321139253,0.9742303589544364
53227466_AI.txt,AI,7.729548568051673,212.23938177054782,0.010162936012212378,2.3579580347706837,0.4115853658536585,0.0856269113149847,0.4969512195121951,1.0085763251273105,0.9651449708521701
53265899_AI.txt,AI,7.555661951040202,188.13988938947227,0.015824549634219438,0.9857969679101461,0.45348837209302323,0.05,0.526578073089701,0.8303383473786673,0.9723294360874762
53640713_AI.txt,AI,7.465118598231248,176.69514604415437,0.017448341547096128,1.6802462018513569,0.4966292134831461,0.05869074492099323,0.5707865168539326,0.7818211889568578,0.9926105846370382
53701275_AI.txt,AI,7.680908498053214,205.2030690491228,0.041194762777978934,0.38104224289616634,0.4510433386837881,0.043478260869565216,0.5232744783306581,0.7991468521967484,0.9948672601232785
54067174_AI.txt,AI,7.567156911179668,189.6449192884177,0.013449231811983826,0.42724699249795023,0.541860465116279,0.037383177570093455,0.6255813953488372,0.7223450576897775,0.963599491362983
54100393_AI.txt,AI,7.2895312951793585,156.44712052391097,0.029776154967735866,0.25950857864320315,0.43884892086330934,0.07951807228915662,0.5419664268585132,0.604182710428189,0.9536766655684905
54101961_AI.txt,AI,7.382091818877785,166.81345145534536,0.012647588435685204,1.931094274554737,0.5705705705705706,0.054380664652567974,0.6456456456456456,0.9351031822772545,0.9698744723813693
54180474_AI.txt,AI,7.652349267380366,201.18086299131866,0.05296406538083677,0.4061220193996516,0.45818815331010454,0.06118881118881119,0.5296167247386759,0.8910387704508982,0.9711755216322338
54201930_AI.txt,AI,7.674983305827659,204.36202211470277,0.019411055561108524,0.6791462112549344,0.4659090909090909,0.030418250950570342,0.5738636363636364,0.7516516205863982,0.9836332337417243
54227873_AI.txt,AI,8.053462964637326,265.6647425987928,0.010542640327986007,0.35126037859941894,0.6054158607350096,0.03495145631067961,0.6808510638297872,0.5983176871130547,0.9641740181069768
54232810_AI.txt,AI,7.658628464937169,202.05839250346634,0.023194603131441147,0.5164394450427047,0.4931237721021611,0.04142011834319527,0.5736738703339882,0.665021816717265,0.9581784228452029
54246169_AI.txt,AI,7.517110377975286,183.1790087198318,0.015984624732841464,1.4826881461482593,0.4444444444444444,0.048561151079136694,0.503584229390681,0.6881536665893224,0.9384928867402968
54259150_AI.txt,AI,7.622978497217023,197.12657849103897,0.018581537693368115,0.6901893265898342,0.4194053208137715,0.08634222919937205,0.5007824726134585,0.8483476926716795,0.9695246654865133
54308684_AI.txt,AI,7.73488257171076,213.0255361482902,0.012557895442768778,0.3272058136415343,0.44728915662650603,0.08006042296072508,0.5271084337349398,0.7420980483761317,0.9626799148629521
54421668_AI.txt,AI,7.588324741168452,192.44798309308317,0.012070153283855526,0.478893064435194,0.44745762711864406,0.047619047619047616,0.5288135593220339,0.7091577545692155,0.9624025174151856
54934269_AI.txt,AI,7.420488768323174,171.31275595424776,0.00868840661965459,1.8368972248095539,0.473551637279597,0.10632911392405063,0.5944584382871536,1.133925516417421,0.9693134347713726
55097118_AI.txt,AI,7.487870144281471,179.50374637989015,0.0258785486421828,1.3729190140177783,0.5034168564920274,0.032036613272311214,0.592255125284738,0.8478523634773029,0.9532913258646383
55104715_AI.txt,AI,7.27101920495484,154.45247776037968,0.015334398989354814,0.9575228399221852,0.5024038461538461,0.06280193236714976,0.5745192307692307,0.7859212746572704,0.9740600575801722
55477468_AI.txt,AI,7.643762700726,199.98704008580918,0.017458213811231995,0.6951379133550469,0.5150300601202404,0.02414486921529175,0.6212424849699398,0.5744612796767712,0.9571591136424162
55500538_AI.txt,AI,7.611574805862519,195.5745460188456,0.015865986785802616,0.5196524451044384,0.5313807531380753,0.029411764705882353,0.602510460251046,0.669059954538985,0.9759002840366591
55595908_AI.txt,AI,7.413037566871172,170.43024433280974,0.06676913119169439,0.5018736986694864,0.4760820045558087,0.036613272311212815,0.5558086560364465,1.1868466920487593,0.9461222073503553
55712978_AI.txt,AI,8.037596342088943,262.75899493798744,0.014511585095129828,1.9380833410293217,0.45953360768175583,0.061898211829436035,0.5294924554183813,1.772509069962605,0.9749064630564422
55746506_AI.txt,AI,7.560310709786294,188.7471054496642,0.0244592588832226,1.3506800145459854,0.4224137931034483,0.06055363321799308,0.5258620689655172,0.6740857924567779,0.9679134076488682
55953734_AI.txt,AI,7.659915876352316,202.2387829357754,0.012663680153712668,0.47388564858741433,0.42746913580246915,0.062111801242236024,0.5061919504643962,0.5950073225266392,0.9535368639242423
56025640_AI.txt,AI,7.588462115227249,192.46630894749035,0.02498418332245225,0.5467922061177094,0.4533551554828151,0.11001642036124795,0.513911620294599,0.7323496581654192,0.9451711353445048
56068028_AI.txt,AI,8.028271855020055,261.0661963627276,0.02834284004930097,2.726453539479619,0.4282380396732789,0.03742690058479532,0.514585764294049,0.8036778246908238,0.9614097152736306
56151548_AI.txt,AI,7.558434972662107,188.50186311650853,0.009056542388873243,1.437304716594375,0.49696969696969695,0.032454361054766734,0.5717171717171717,0.8140162137272899,0.9751645134927698
56286525_AI.txt,AI,7.727412312067351,211.925343030395,0.027341208802633247,3.3050163332864777,0.5323590814196242,0.08176100628930817,0.605427974947808,1.1818170171052538,0.9242159495485502
56520872_AI.txt,AI,7.471661952356242,177.49836833116592,0.008715241014442331,0.43260645863283,0.37110016420361247,0.19934102141680396,0.458128078817734,0.6879726619012698,0.9722148087249258
56525735_AI.txt,AI,7.426453975532833,172.02256063574654,0.012711866933092293,0.3902150956356001,0.44612476370510395,0.07210626185958255,0.5217391304347826,0.6801681986721559,0.989622868094874
56691064_AI.txt,AI,7.940343846670253,245.63015016485573,0.023177162522423692,0.41341852376370986,0.47412587412587415,0.03932584269662921,0.5504201680672269,0.9046712111510297,0.9654930300923874
56792999_AI.txt,AI,7.693492272673614,207.0007626304059,0.015921039546786808,0.33965220679793856,0.4671280276816609,0.017361111111111112,0.5432525951557093,0.5219852054043842,0.9208383683992213
56952849_AI.txt,AI,7.427505291638675,172.14796205024822,0.016641727229571995,0.7785320452401455,0.41621621621621624,0.09041591320072333,0.5099099099099099,0.6466565694190595,0.9752513555044092
57002858_AI.txt,AI,7.439971341205602,173.641904523842,0.034532562603856946,1.0168523550233368,0.3709150326797386,0.09836065573770492,0.44281045751633985,0.9826707141977382,0.9669749039644434
57088974_AI.txt,AI,7.4785691247068335,178.35021252346678,0.019410305564669314,0.34937542858274,0.3848439821693908,0.09687034277198212,0.4576523031203566,0.9162837047323071,0.9715730499193889
57262959_AI.txt,AI,7.48871688070815,179.60913037882767,0.008458820637477556,0.4127037534089995,0.5161987041036717,0.05639913232104121,0.572354211663067,0.7822463622314801,0.964412601426662
57364820_AI.txt,AI,7.923763251213571,242.82333367131326,0.012963550705045714,0.6714496788494934,0.5025466893039049,0.06473594548551959,0.5806451612903226,0.9751873066700503,0.9420934940415643
57575888_AI.txt,AI,7.808310901594265,224.14847932092297,0.0418766308680404,0.7801758763271607,0.40981432360742703,0.07712765957446809,0.4907161803713528,1.0809446345195586,0.9505238273991065
57601040_AI.txt,AI,7.8519455495553965,231.03146643645115,0.017071262332773746,0.7323503480585304,0.4764079147640791,0.03969465648854962,0.5418569254185692,0.8671012158623411,0.9171180035940867
57667857_AI.txt,AI,7.492567319846121,180.0891332244251,0.007838493383502187,0.31706352249844305,0.47096774193548385,0.056155507559395246,0.556989247311828,0.5583394810208188,0.9854874938245102
57706851_AI.txt,AI,7.856418515880025,231.74887349732614,0.013790137276260725,0.8670509925271068,0.5037453183520599,0.015037593984962405,0.599250936329588,0.7138950032775507,0.9477301041361181
58048626_AI.txt,AI,7.6758833997822205,204.4895628691899,0.02648256053613026,0.8765376781767688,0.4903536977491961,0.016129032258064516,0.5594855305466238,1.06581970093851,0.9693112770261826
58105060_AI.txt,AI,7.339464558846698,161.9567243306251,0.01179481601285264,0.3659462895197984,0.42738589211618255,0.11041666666666666,0.5186721991701245,0.6734579289554644,0.9876421414959092
58165257_AI.txt,AI,7.812023388336674,224.72602331783241,0.014849232645063055,1.1879853645016278,0.4395924308588064,0.05555555555555555,0.5349854227405247,0.6599691339121037,0.9766213336437694
58208591_AI.txt,AI,7.763927060847475,217.3576497384552,0.009064160853707804,0.43514781071031583,0.46677471636953,0.06991869918699187,0.5429497568881686,0.7288008760793352,0.9612038036152584
58428843_AI.txt,AI,7.619771628822829,196.68888590524614,0.007692004312495163,0.2977433097077554,0.4882882882882883,0.0108499095840868,0.5747747747747748,0.5506406440907012,0.9607435389383652
58665241_AI.txt,AI,7.5545005275241195,187.98849068437175,0.017066665782054475,1.4502823812982601,0.44366197183098594,0.1413427561837456,0.5052816901408451,0.8418982054121127,0.9806580567366846
58708773_AI.txt,AI,7.049919383560492,132.50650570613388,0.03221346288266213,0.5146257338230246,0.49698795180722893,0.08787878787878788,0.5783132530120482,1.04512338595587,0.9630771525989591
58879993_AI.txt,AI,7.803120876114188,223.34356472007573,0.017376028144457142,0.7185929554786299,0.49667774086378735,0.07166666666666667,0.5681063122923588,1.2855175748975471,0.9531737947672958
58915642_AI.txt,AI,7.622236891442079,197.02527319965807,0.01307686056350406,0.6990157179229929,0.49440715883668906,0.02696629213483146,0.5928411633109619,0.7647906736721313,0.9763067344710817
59011090_AI.txt,AI,7.452945202268353,175.21047294868544,0.010464343805367551,0.7485683636629828,0.5685785536159601,0.045112781954887216,0.6334164588528678,1.1945604465605288,0.9714105771548358
59346975_AI.txt,AI,7.88534049944786,236.4416690337859,0.019158088841985884,1.904449162360643,0.4270967741935484,0.0685640362225097,0.5045161290322581,0.6764479088385414,0.963493216199873
59403481_AI.txt,AI,7.680861286106046,205.19635392384527,0.012686253531030365,0.3705483780986021,0.46245733788395904,0.05136986301369863,0.5341296928327645,0.7637968815603674,0.9779608679777706
59422148_AI.txt,AI,7.498243557683373,180.79908392522927,0.015138632329891641,0.4307273264806848,0.4588910133843212,0.023032629558541268,0.5315487571701721,0.6770238871485739,0.9591189322924873
59450123_AI.txt,AI,7.574273834134038,190.58276323924875,0.013076009853939094,0.4701232308604136,0.3706896551724138,0.11815561959654179,0.45689655172413796,0.5245598853976744,0.9731714610337426
59487170_AI.txt,AI,7.4785814609995525,178.35173757884755,0.018184050917125733,0.28519548048607124,0.4667931688804554,0.06476190476190476,0.5483870967741935,0.5881029850392054,0.945718841735697
59696315_AI.txt,AI,7.558368425705082,188.49316832258444,0.009209953194162753,1.687321942988063,0.48676171079429736,0.032719836400818,0.5641547861507128,0.8660298164864729,0.9803422202525877
59777056_AI.txt,AI,7.858571234707113,232.0949359318036,0.014963184810499458,0.5352006608672811,0.5246478873239436,0.04240282685512368,0.6073943661971831,0.8604101523087863,0.9309729098381527
59818742_AI.txt,AI,7.539902634180628,186.0959223946575,0.01568543906238804,1.8855018618239756,0.5467625899280576,0.033734939759036145,0.6163069544364509,0.7633221070034877,0.9883789104641214
59938965_AI.txt,AI,7.132057980069399,140.26954324565594,0.005006053477745793,0.3931578978448292,0.515527950310559,0.04375,0.5993788819875776,0.4823749981526911,0.9533742681311544
59962788_AI.txt,AI,7.758160816156912,216.49063627597099,0.011629078129916509,0.5363651694675978,0.5373737373737374,0.02231237322515213,0.6161616161616161,0.8258393036839419,0.9668767312833567
60004873_AI.txt,AI,7.046243564672471,132.1693242986829,0.03116666223201529,0.3793488279343971,0.4691689008042895,0.15902964959568733,0.5201072386058981,0.47553198137014857,0.9759384300324719
60182829_AI.txt,AI,7.598700646137782,193.83706378842015,0.0294165164384167,1.8278734572526318,0.4628252788104089,0.06716417910447761,0.550185873605948,0.791796654174241,0.9948217872504893
60489316_AI.txt,AI,7.696789098949529,207.47433874023523,0.015067269770647526,0.5738720404723583,0.475,0.06093189964157706,0.5517857142857143,0.6082163379116217,0.9346043358805753
60624892_AI.txt,AI,7.5897616828061505,192.63975909198962,0.015610613514290578,0.3479342317467601,0.4743083003952569,0.027777777777777776,0.5454545454545454,0.5961373266521465,0.965791302428974
61065616_AI.txt,AI,7.55570522791444,188.14553315216853,0.028545763062640655,0.4532734051615939,0.4803921568627451,0.10039370078740158,0.5549019607843138,0.9262475491061661,0.9738267695054393
61315605_AI.txt,AI,7.645156319039,200.18031742388797,0.021085761044842756,0.4109057198665874,0.4450084602368866,0.03225806451612903,0.5549915397631133,0.6794838644282762,0.9846793562309222
61319162_AI.txt,AI,7.360412750317582,164.325521155997,0.015135025071164977,0.350020986140621,0.45491803278688525,0.1419753086419753,0.5225409836065574,0.5496333251499916,0.9749700371681835
61322296_AI.txt,AI,7.620978450778537,196.85348602300817,0.014062607304525437,0.19311458716026347,0.42467948717948717,0.06270096463022508,0.5096153846153846,0.3703268419745748,0.9482727431193689
61579998_AI.txt,AI,7.662031839519107,202.53561890850457,0.023956633503707657,0.56485041245024,0.46598639455782315,0.04948805460750853,0.5391156462585034,0.8463554598634916,0.9871967846691805
61634281_AI.txt,AI,7.697182365763767,207.53090224928582,0.013037947945221935,0.47115633806728274,0.5141776937618148,0.03415559772296015,0.5954631379962193,0.7232648566851309,0.9830418343390868
61677751_AI.txt,AI,7.604600531669272,194.63138140236924,0.016237809688519605,2.004879421823236,0.46654275092936803,0.05223880597014925,0.5539033457249071,0.6835604851170508,0.959326710318712
62071407_AI.txt,AI,7.663538129845781,202.74719290933277,0.022123581784230118,0.5999731994429738,0.41935483870967744,0.1,0.4736070381231672,0.7524059948366061,0.9793633444318046
62184086_AI.txt,AI,7.1340147490643755,140.45992396286528,0.019983590882958136,0.36944519242127793,0.5358361774744027,0.08247422680412371,0.6416382252559727,0.7019705123935797,0.9621912254340983
62312955_AI.txt,AI,7.312028210185942,158.90582609942996,0.011234934146539378,1.418657415226091,0.5546218487394958,0.059154929577464786,0.6302521008403361,0.9528078902446057,0.966638973510827
62555739_AI.txt,AI,7.672573541191093,204.0209567460905,0.012305481660973661,0.40525726992444605,0.4954128440366973,0.040515653775322284,0.581651376146789,0.9190029709079215,0.932178722184601
62700506_AI.txt,AI,7.81353107619107,224.9609959129596,0.01923248329441571,0.31156633308139037,0.38524590163934425,0.0528169014084507,0.4707259953161593,0.5228862472893782,0.9654634325223955
62809577_AI.txt,AI,7.363466529938596,164.673720455142,0.00852579549303029,0.4851296067609949,0.46172248803827753,0.12980769230769232,0.5502392344497608,0.7489747627837958,0.993731737413744
62850928_AI.txt,AI,7.518253400631704,183.32419582890975,0.019058638766262598,0.8080810851373477,0.4192982456140351,0.04929577464788732,0.5035087719298246,0.6292241529005341,0.9900899243413156
62870550_AI.txt,AI,7.773051634916219,218.7367222454626,0.014494738015948489,0.2429904018507931,0.4817880794701987,0.023255813953488372,0.5629139072847682,0.508973430838801,0.9646679887338404
62994611_AI.txt,AI,7.704009928113108,208.51537106950857,0.02276675176401948,0.5997165471210762,0.49355432780847147,0.059149722735674676,0.565377532228361,0.8187009070011507,0.96367539795656
63083944_AI.txt,AI,7.733327094344616,212.7959811663764,0.01650561201175316,0.5459144694778024,0.4533106960950764,0.05110732538330494,0.5517826825127334,0.8519165292757183,0.9736381490085046
63137898_AI.txt,AI,7.197906202940656,146.8201532538237,0.016048256181047653,1.153599648065485,0.42920353982300885,0.08,0.504424778761062,0.4948868282999761,0.9523450968468782
63145386_AI.txt,AI,7.858486034044306,232.08122959892316,0.016525993990508032,0.36902932574268904,0.5025553662691652,0.02564102564102564,0.5741056218057922,0.6393351520033229,0.9611641047726496
63158213_AI.txt,AI,7.898357907422726,238.58473126238297,0.0310666598896714,1.5622761801599314,0.5148514851485149,0.041390728476821195,0.5742574257425742,1.763528413465056,0.9750629926319653
63282405_AI.txt,AI,7.481693463679379,178.73687104246278,0.006099199755980909,0.4901865476364203,0.5125284738041003,0.09153318077803203,0.6013667425968109,0.7991422235154059,0.9612088087836435
63391085_AI.txt,AI,7.7596092538909325,216.70809780536015,0.017676611470920915,0.3415444756695863,0.47877758913412566,0.06473594548551959,0.5636672325976231,0.7118393055994237,0.9652684699973426
63670997_AI.txt,AI,7.444253564714922,174.1580760353569,0.01773241272778656,0.9138350573546535,0.4251824817518248,0.04212454212454213,0.49452554744525545,0.7818936205061642,0.9713200054729753
63989974_AI.txt,AI,7.461163290782599,176.21138027995383,0.012515755617935331,0.5617094750384942,0.41697416974169743,0.07962962962962963,0.5055350553505535,0.7982539365300512,0.9887658567155637
64017585_AI.txt,AI,7.466348199664857,176.84580658694375,0.01579816659539151,0.4850373482160077,0.5425,0.04020100502512563,0.6375,0.6777240558172134,0.9651377937886154
64468610_AI.txt,AI,7.67009878404788,203.67128512048836,0.00756362992562574,2.292823789898517,0.45729537366548045,0.08035714285714286,0.5498220640569395,0.8488834541435262,0.9812075197623775
64471954_AI.txt,AI,7.2126505312064735,148.32834742528507,0.014107760501368288,0.5611050564220842,0.564179104477612,0.036036036036036036,0.6626865671641791,0.9039053267721403,0.9669458438968592
64589506_AI.txt,AI,7.932808575533426,244.35055573477683,0.03545577474767128,3.743002317403162,0.5007849293563579,0.07559055118110236,0.5714285714285714,0.9289538618844912,0.9888604697636336
64755882_AI.txt,AI,7.831661376639436,227.80591178393394,0.017192649421502358,3.3986494317364984,0.49830508474576274,0.0782312925170068,0.5644067796610169,0.8370011402278366,0.988262052079041
65062795_AI.txt,AI,7.794551874900862,222.0209298020065,0.021431669447044135,0.440838826180546,0.46677740863787376,0.03166666666666667,0.5448504983388704,0.5895132655352466,0.9751802043564775
65219288_AI.txt,AI,7.406029805765417,169.60440213561,0.01980151704115239,0.3865120569948162,0.4568627450980392,0.03937007874015748,0.5313725490196078,0.6513778041885707,0.968346548750987
65237556_AI.txt,AI,7.838070679458948,228.82021148097544,0.03996987131819347,1.4317237602926398,0.49079754601226994,0.06,0.5552147239263804,1.404469268795862,0.9635880561293146
65325317_AI.txt,AI,7.7277680285421235,211.9776026058527,0.011607281323617078,1.2469620929246694,0.5195530726256983,0.03177570093457944,0.5865921787709497,0.8063685637066006,0.949646829971057
65352424_AI.txt,AI,7.442736823982906,173.97507558563325,0.011783491996797556,0.47752903049021156,0.4745762711864407,0.08085106382978724,0.5550847457627118,0.6034047367820776,0.9856472609987333
65373280_AI.txt,AI,7.884742999600743,236.3437657302648,0.012744889184397774,0.29541817388831604,0.4262734584450402,0.05779569892473118,0.514745308310992,0.7291637982309089,0.984254102144789
65456466_AI.txt,AI,7.317573819300152,159.5178233921492,0.028131144918233358,0.45205885348878344,0.4709976798143852,0.07226107226107226,0.5614849187935035,0.5552959906216582,0.9308842156457661
65708020_AI.txt,AI,7.613792994192984,195.8754792314455,0.03577781697260682,0.7856675051185642,0.40353460972017674,0.07090103397341212,0.48306332842415317,0.625659348329123,0.945795665171516
65864767_AI.txt,AI,7.571783736849609,190.25410036263222,0.012033813093713156,1.2059971808665686,0.48758465011286684,0.024943310657596373,0.5869074492099323,1.1084827255784349,0.957324843445234
66226673_AI.txt,AI,7.275434632212179,154.9259100039082,0.013590035166551152,0.26014594824254766,0.49122807017543857,0.05289672544080604,0.568922305764411,0.4707511531578505,0.9581816771212294
66683238_AI.txt,AI,7.831412344192394,227.7665922008013,0.014351740340609738,0.3207497272561079,0.5219047619047619,0.0248565965583174,0.6247619047619047,0.6257437516961475,0.9426521081010637
66741193_AI.txt,AI,7.897940149301305,238.51565479300925,0.01571362082494136,0.8411350023054405,0.3858267716535433,0.048478015783540024,0.4645669291338583,0.43637027280094526,0.9742952265262528
66832845_AI.txt,AI,7.4725686008667935,177.60995061596515,0.011441294779331682,0.3229110884063451,0.48775055679287305,0.058165548098434,0.5657015590200446,0.8147635241975016,0.9758637601692342
66906212_AI.txt,AI,7.711211391550483,209.55881393879736,0.017548715941363417,0.988858810971304,0.4574829931972789,0.07337883959044368,0.5408163265306123,0.7286710929595581,0.9782291439951848
67032711_AI.txt,AI,7.686847482859208,206.04954717540454,0.01740555884488261,2.25663105923237,0.45826235093696766,0.06837606837606838,0.555366269165247,0.5556422335764806,0.9578717096580021
67406885_AI.txt,AI,7.776866964291914,219.31595563456264,0.01078877379347653,0.8631017461755692,0.4745762711864407,0.03709428129829984,0.5362095531587057,0.8657699478388975,0.9399868262118668
67501448_AI.txt,AI,7.729922585870268,212.29441183511963,0.011933548032644615,0.4921088741292641,0.5233463035019456,0.029296875,0.6050583657587548,1.086032355775373,0.9707672137890397
67582956_AI.txt,AI,7.559379923165595,188.62537035341788,0.010669600113173675,0.8196531808689727,0.4566787003610108,0.1410488245931284,0.5315315315315315,0.6905005091346982,0.975295092712826
67631413_AI.txt,AI,7.644157122742243,200.04172251891086,0.050209779412888934,0.4027855024452108,0.43127147766323026,0.07931034482758621,0.5292096219931272,0.6660478818397614,0.9640042849597494
67645662_AI.txt,AI,7.690851181777867,206.62216029243586,0.011048818056588965,0.34057566551163015,0.491362763915547,0.05009633911368015,0.5796545105566219,0.592028888870821,0.9235699533608339
68216398_AI.txt,AI,7.49196793221325,180.01432824065026,0.014384217485499465,0.8332879246709075,0.5,0.0423728813559322,0.5738396624472574,0.5801681150215137,0.9672494345496716
68240723_AI.txt,AI,7.682465531923693,205.42465475987504,0.01200460705779851,1.0756884119840646,0.472636815920398,0.059900166389351084,0.5572139303482587,1.4243968392827986,0.968831658511253
68338341_AI.txt,AI,7.717793147817024,210.51703170338013,0.0072844953452304495,2.4858193126473513,0.44741235392320533,0.06365159128978225,0.5425709515859767,0.843136436612254,0.9809399636190703
68460556_AI.txt,AI,7.147964181846813,141.8246193674505,0.008387450581763121,0.427207657377962,0.5169230769230769,0.08359133126934984,0.5969230769230769,0.5885575587824864,0.938809661892359
68781345_AI.txt,AI,7.480411563269312,178.5781257089928,0.031140221712127866,0.4845120276281964,0.42162162162162165,0.07233273056057866,0.5081081081081081,0.8726265826964614,0.9625746824268505
69005326_AI.txt,AI,7.381377828323555,166.73091581335723,0.01192663491384686,0.47872800875094446,0.4784394250513347,0.030927835051546393,0.5605749486652978,1.028182661027505,0.9673042021025268
69097572_AI.txt,AI,7.986646644545762,253.64143686544037,0.009934995931587635,0.35018476767815865,0.4662668665667166,0.03003003003003003,0.5748502994011976,0.7736484545788133,0.9601900807919712
69155584_AI.txt,AI,7.575679756403714,190.76857877429995,0.017000687576264353,0.37233176316653555,0.5578406169665809,0.025839793281653745,0.6683804627249358,0.5184240773868964,0.9552319534698206
69181350_AI.txt,AI,7.778824613993793,219.61375609242376,0.01304597559292036,0.21838633211198116,0.42715700141442714,0.019858156028368795,0.5134370579915134,0.4596534277162494,0.9452623880949261
69199666_AI.txt,AI,7.774446456292918,218.94830278199768,0.01358178971680769,0.8336906680228813,0.5036363636363637,0.03467153284671533,0.5854545454545454,0.7064814716528645,0.9826745761830421
69243180_AI.txt,AI,7.633870059307753,198.62040854089298,0.09152015215656949,1.531681108956794,0.42207792207792205,0.10603588907014681,0.5073170731707317,1.032039530206851,0.9664893969945303
69336473_AI.txt,AI,7.499263416077902,180.92693814747028,0.016822141341914697,0.4381713077984602,0.3812233285917496,0.07417974322396577,0.4566145092460882,0.7505194450024866,0.9548504280521102
69360287_AI.txt,AI,7.592063651525764,192.94738105013676,0.009701327372221508,0.5397033516615153,0.4785046728971963,0.07129455909943715,0.5457943925233645,0.8310302535605006,0.9734170770091397
69458502_AI.txt,AI,7.8633978497569705,232.87272255381785,0.010660716442397522,0.39615698788804826,0.49333333333333335,0.03511705685618729,0.5683333333333334,0.6756151043536321,0.9531952281480816
69487178_AI.txt,AI,7.658682790778568,202.06600131790714,0.02107198445862883,0.5978840108096086,0.48184818481848185,0.056291390728476824,0.5528052805280528,0.7542269265492944,0.9761364988415876
69532425_AI.txt,AI,7.279254146384099,155.33661753223777,0.011722191933929628,0.33050187268435427,0.5438066465256798,0.06990881458966565,0.6314199395770392,0.6059682411597737,0.9628108967328181
69666645_AI.txt,AI,7.504786099038445,181.62085960809333,0.025159482031414986,0.7955514161864188,0.547911547911548,0.04938271604938271,0.6265356265356266,1.0243883356168573,0.9744401771013583
69764348_AI.txt,AI,7.947201418245354,246.80048480638328,0.061283440486057175,1.5964033084883653,0.428380187416332,0.11946308724832215,0.4979919678714859,0.8509649530457534,0.9449760400098021
69859102_AI.txt,AI,7.816470396005084,225.41979444123461,0.012754285195563349,0.5055014867756137,0.527336860670194,0.033628318584070796,0.5961199294532628,1.0734993524681224,0.9568714502149501
70089206_AI.txt,AI,7.744968694547579,214.52005149252244,0.019161616858760038,0.30169157933386626,0.40207522697795073,0.04811443433029909,0.47341115434500647,1.2615996454490164,0.9720279784158491
70196518_AI.txt,AI,7.276823140162107,155.0750887304591,0.0069044222613774565,0.7447739949521811,0.5079365079365079,0.0425531914893617,0.5925925925925926,0.6086756787895561,0.9623251432818472
70198580_AI.txt,AI,7.722529516651835,211.20929499531823,0.04572427504072254,0.39697205448945766,0.5076045627376425,0.07251908396946564,0.5931558935361216,0.8152785310035267,0.9437844076910283
70528646_AI.txt,AI,7.716865612721399,210.3817299422251,0.017406057877233632,0.41011035617237074,0.47959183673469385,0.07508532423208192,0.5561224489795918,0.7308046093124966,0.9412242225838906
70541112_AI.txt,AI,7.956214701090327,248.34720519335198,0.011490034268824476,0.7619119966673746,0.37379162191192267,0.05597416576964478,0.45435016111707843,0.5286181412770488,0.9854353116205002
70603826_AI.txt,AI,7.908368663329325,240.24601043320314,0.027351331423895668,1.5873217774398254,0.48241912798874825,0.036671368124118475,0.5625879043600562,1.6060534385330436,0.9669002709275588
70667011_AI.txt,AI,7.804276159015456,223.52248565101797,0.009780012050195186,0.34087691695679523,0.4293785310734463,0.06373937677053824,0.5127118644067796,0.6945561689947513,0.9792517126829036
70750649_AI.txt,AI,7.7812873085147665,219.98895906479734,0.015572584435051955,1.5301357809421112,0.4007537688442211,0.08060453400503778,0.46608040201005024,0.8574835329342564,0.983002122798559
70892619_AI.txt,AI,7.314677324512954,159.19788118653628,0.04490192060417357,0.5096806679876646,0.5243553008595988,0.11239193083573487,0.6103151862464183,0.6609935429131478,0.947067264718271
71422121_AI.txt,AI,7.799719111663467,222.81755807950873,0.013689059409585673,0.3345234087554509,0.3819530284301607,0.12763320941759604,0.44870210135970334,0.6871240519058853,0.9703627430030851
71499299_AI.txt,AI,7.585739731383391,192.1034650341249,0.019154332691232685,0.5779638710955725,0.4969574036511156,0.04480651731160896,0.5760649087221096,0.6703385965320446,0.9679874981070623
71576860_AI.txt,AI,7.402733254079784,169.21729927143434,0.010281362455575833,0.47526084135371044,0.46120689655172414,0.03463203463203463,0.5517241379310345,0.7568138343583405,0.9386244463421479
71767359_AI.txt,AI,7.68450368328812,205.71507124791074,0.018709987202731652,0.22500091245863754,0.4620811287477954,0.07964601769911504,0.5520282186948854,0.3959507638635004,0.9794054890235618
71772815_AI.txt,AI,7.169488360241502,143.95642404172352,0.01190527174649194,0.9950268350693541,0.4580335731414868,0.060240963855421686,0.5347721822541966,0.8327300802263023,0.9510085659812938
71888547_AI.txt,AI,7.675819760663371,204.48054277262864,0.005864914801902392,0.3789188115865404,0.49809160305343514,0.05747126436781609,0.5858778625954199,0.5788811738203362,0.9675073234648911
72136463_AI.txt,AI,7.584144994614665,191.89123362511657,0.008387203299489833,0.4206434115855776,0.4504950495049505,0.08609271523178808,0.5066006600660066,0.7467991290907836,0.9841165445698753
72231872_AI.txt,AI,7.551999733564996,187.6629102628785,0.019789381942233286,0.7249583815069932,0.4355108877721943,0.06050420168067227,0.509212730318258,0.7344420163847853,0.954588826130632
72652441_AI.txt,AI,7.609686608323209,195.31874571964303,0.006300283756689872,0.3634476894562179,0.48520710059171596,0.04950495049504951,0.5680473372781065,0.5455623276465184,0.9561652244093425
72807293_AI.txt,AI,7.61213898106284,195.65104166249594,0.01063665698389366,1.6854675730787112,0.4370629370629371,0.06842105263157895,0.5209790209790209,0.688369332263932,0.9430213716168139
72876163_AI.txt,AI,7.707892809083193,209.07732689365474,0.014515730249797264,0.7681306256680499,0.40476190476190477,0.03580901856763926,0.4748677248677249,1.071901733531568,0.9886072534775232
73030450_AI.txt,AI,7.611899422335172,195.61855661046997,0.055464275839261445,1.628911681937338,0.5371549893842887,0.09850107066381156,0.5970149253731343,0.9882580853282974,0.9678771214100133
73075521_AI.txt,AI,7.592090376108846,192.95095525392114,0.011387525970094096,0.46794737734931896,0.49407114624505927,0.047619047619047616,0.5533596837944664,0.7232798014389709,0.9734963225335124
73077810_AI.txt,AI,7.525236210498398,184.21365682408805,0.024890875782026294,0.39330783410060394,0.44947735191637633,0.05244755244755245,0.5174216027874564,0.621252397838439,0.9601435440839545
73157997_AI.txt,AI,7.587718057677044,192.36707169776759,0.012456766072651584,0.27966620757319455,0.43738977072310403,0.06548672566371681,0.5167548500881834,0.5414619104705578,0.9808236729508323
73282756_AI.txt,AI,8.063647105593661,267.54673363985626,0.015914351564566203,0.2867719158780238,0.38904899135446686,0.05101058710298364,0.47262247838616717,0.5051872004657014,0.9762403705215694
73448369_AI.txt,AI,7.533619102896971,185.2871605064742,0.01784789511737885,0.347494516298416,0.41086587436332767,0.4395229982964225,0.47198641765704585,0.7663001352764599,0.9422537636582103
73497035_AI.txt,AI,7.754162393223679,215.89146411882527,0.01775495753168086,0.32852237023018654,0.4603421461897356,0.06708268330733229,0.536547433903577,0.5602588544704478,0.986079823643701
74126637_AI.txt,AI,7.76545624314018,217.58815977317158,0.008892733192535593,0.39204024047366015,0.5027422303473492,0.05504587155963303,0.5886654478976234,0.5126506201969637,0.9117873386280232
74191424_AI.txt,AI,7.839711975720105,229.08067918810553,0.011447833619178505,0.32396522277564715,0.4991394148020654,0.039723661485319514,0.6041308089500861,0.45096062986455654,0.9624492402097224
74236636_AI.txt,AI,7.8146872777080665,225.1413559264751,0.03158965803256959,1.6461895291706554,0.4813753581661891,0.14942528735632185,0.5429799426934098,0.6617983715209231,0.9767865951411423
74512244_AI.txt,AI,7.772113940419598,218.59459825308303,0.024447971059283674,0.34279442704387453,0.476038338658147,0.05448717948717949,0.5543130990415336,0.7634276158297356,0.9708809022254233
74522938_AI.txt,AI,7.530059910924309,184.83061234466533,0.01450843088880838,2.129037952295378,0.47843137254901963,0.07677165354330709,0.5568627450980392,0.950097093915489,0.9642827849187489
74552449_AI.txt,AI,7.008128054376544,128.72317932157813,0.0146843669943706,0.4658740838870931,0.41959798994974873,0.45454545454545453,0.46984924623115576,0.6062210381622554,0.9672376224104257
74816727_AI.txt,AI,7.563486334442227,189.16302850357988,0.014889460368647526,1.395045606883157,0.5259593679458239,0.04081632653061224,0.6117381489841986,0.8541726974727659,0.9581394334091853
74849878_AI.txt,AI,7.21537006710657,148.60821579029226,0.018645634996631345,0.6023312720146257,0.5865724381625441,0.03558718861209965,0.6643109540636042,0.730693762332931,0.9547735030462632
75057933_AI.txt,AI,7.577290568217084,190.98169650599917,0.01385409031047386,0.9620718144269618,0.4224,0.1797752808988764,0.4816,0.7991332595078326,0.9756206412744454
75156649_AI.txt,AI,7.182801892056718,145.29103663571746,0.009860570778001012,0.38420190784751557,0.5127478753541076,0.06267806267806268,0.5977337110481586,0.62155582644423,0.9520399336428541
75286906_AI.txt,AI,7.790597174339485,221.4131617349723,0.010251699828816416,0.4770082069214639,0.4463452566096423,0.054602184087363496,0.5381026438569206,0.8214793438310186,0.9770341327570095
75297735_AI.txt,AI,7.740216597674384,213.81460582049027,0.01076428715034325,1.8051401707808008,0.45893719806763283,0.05977382875605816,0.5201288244766505,0.9109968247776723,0.9880860249474532
75329822_AI.txt,AI,7.406255464943406,169.63093288691928,0.012238549250124934,1.323959436015109,0.41952983725135623,0.08892921960072596,0.5063291139240507,0.6271505171619489,0.9771463994387213
75435017_AI.txt,AI,7.4691317239486335,177.18734084383908,0.007850852710618996,0.27922073112911333,0.461839530332681,0.12401574803149606,0.5372549019607843,0.4474851768135979,0.978324307498005
75744306_AI.txt,AI,7.617447276705661,196.37225201361193,0.01852373081415034,0.48034308552129884,0.4483870967741935,0.0744336569579288,0.5290322580645161,0.9491207266596822,0.9537052661823691
75950464_AI.txt,AI,7.478913640738926,178.392807696298,0.011821696066786628,0.7397701690493446,0.501010101010101,0.09533468559837728,0.5676767676767677,0.9505161926804293,0.9571606475289186
76010167_AI.txt,AI,6.832507261430255,113.96975935807991,0.018488682188712212,0.623109178819101,0.579185520361991,0.01818181818181818,0.6666666666666666,0.6896924500642846,0.9620112886403093
76196367_AI.txt,AI,7.516626973818657,183.1176411693653,0.007997349792746326,0.21700724676213135,0.46520874751491054,0.013972055888223553,0.558648111332008,0.5313641883563148,0.9537269495890563
76454959_AI.txt,AI,7.370422126441391,165.46957093283103,0.011883543361838552,0.6142749748156758,0.37388724035608306,0.17708333333333334,0.44807121661721067,0.7247782673195352,0.9896723044301693
76530505_AI.txt,AI,7.385984302747784,167.2641325700079,0.015410972758214193,1.158832185124426,0.4064272211720227,0.09867172675521822,0.4877126654064272,0.7375595542858476,0.981027442998252
76916835_AI.txt,AI,6.944248485855871,123.14792303268209,0.016141055976029283,0.3694720587460936,0.4053333333333333,0.09115281501340483,0.48533333333333334,0.7250763218548927,0.9677221272072949
77156708_AI.txt,AI,7.638295481615239,199.23060588816796,0.020751147100636667,0.4473657458125675,0.5072164948453608,0.037267080745341616,0.6041237113402061,0.6689659445231413,0.9708439075716019
77266989_AI.txt,AI,7.557250892471823,188.34721522118372,0.01612319039163533,1.6226815842273963,0.47619047619047616,0.03187250996015936,0.5595238095238095,0.697948077778266,0.978319856843605
77439230_AI.txt,AI,7.809974937611812,224.4071662388715,0.006945784217158782,0.4200598125315068,0.4700460829493088,0.04930662557781202,0.5483870967741935,0.821152978008866,0.9882164901199089
77576845_AI.txt,AI,7.769272666863294,218.16451715873356,0.01711330890691735,0.7218082541971091,0.46808510638297873,0.090311986863711,0.5433715220949263,0.9572802502561326,0.9347103746231935
77626587_AI.txt,AI,7.124745232449738,139.56034244742733,0.014052790293108831,0.4291085017885787,0.5426621160409556,0.01718213058419244,0.6279863481228669,0.640361980162617,0.924788506521912
77638654_AI.txt,AI,7.657913333087502,201.9582586702773,0.017459533855984706,0.47031441851345496,0.4911242603550296,0.047524752475247525,0.5818540433925049,0.8138511624746917,0.991054590505653
77828437_AI.txt,AI,7.901609326270079,239.1230388554067,0.011113400863115878,0.36745629562841337,0.4992,0.048154093097913325,0.5744,0.6326284217453402,0.952617237641172
78016758_AI.txt,AI,7.739526011968075,213.7122820639685,0.01443953686151726,0.3567464425392923,0.4590443686006826,0.04639175257731959,0.5513698630136986,0.4626327288742659,0.9296653249003053
78107631_AI.txt,AI,7.294464633237893,156.98301177251352,0.034956175541182445,3.8948231494936265,0.44933920704845814,0.06858407079646017,0.5308370044052864,0.8344318432107876,0.9822942878448749
78114950_AI.txt,AI,7.862075625904746,232.65939346927436,0.006793171145558216,0.6846405414691751,0.45494186046511625,0.10349854227405247,0.5290697674418605,0.7661215188105868,0.9867590067100692
78149576_AI.txt,AI,6.572555132364574,95.1779273239086,0.005226113208711061,0.6359935401733207,0.5049019607843137,0.0594059405940594,0.6127450980392157,0.8411327631590125,0.950014983327491
78229715_AI.txt,AI,7.416291842105332,170.8151163340464,0.022177600188477673,0.45589911398694416,0.42829457364341084,0.09533073929961089,0.5038759689922481,0.7918390680269993,0.9672213699242125
78257294_AI.txt,AI,7.8421361900910815,229.46593560067757,0.015169616348419946,1.5104469651210124,0.4975369458128079,0.032948929159802305,0.5714285714285714,0.763436839501475,0.9858082035560221
78273826_AI.txt,AI,7.477709379010992,178.24395988963494,0.01784263822622955,0.2309468995818404,0.28615384615384615,0.1551901336073998,0.3682051282051282,0.4999590471115178,0.9853071216030318
78298706_AI.txt,AI,7.326416765143575,160.4985846845486,0.016295162218988232,0.2779177627246588,0.4482758620689655,0.06493506493506493,0.5431034482758621,0.6095905421276124,0.9649737756563908
78357954_AI.txt,AI,7.427955397446527,172.20167879828838,0.012097024076863166,0.2558198962444607,0.45018450184501846,0.08518518518518518,0.5202952029520295,0.4330525181348283,0.9632366577666172
78403342_AI.txt,AI,7.890804904046532,237.3389223249199,0.01370564481680974,0.39337183013997457,0.4502923976608187,0.05571847507331378,0.533625730994152,0.7438669328863182,0.9664527919926382
78538268_AI.txt,AI,7.55866315987101,188.53168030909572,0.012524099142987397,0.5886198917581746,0.5243362831858407,0.044444444444444446,0.5973451327433629,0.8304375116684609,0.9684243142616583
79041971_AI.txt,AI,6.86890356990056,116.8815633473425,0.008621259895054011,0.2821675438034074,0.575107296137339,0.05194805194805195,0.6609442060085837,0.4956260886183832,0.9646869703615417
79261033_AI.txt,AI,7.4639961869477345,176.55773135002835,0.014529979370302148,0.5572155944438512,0.4048964218455744,0.07372400756143667,0.5103578154425612,0.6564883485670558,0.9840737986254574
79376680_AI.txt,AI,7.799733506909658,222.81978136961206,0.009195848483409068,1.0422978364982496,0.5717488789237668,0.024774774774774775,0.6614349775784754,0.6094122844548325,0.973170111013975
79432080_AI.txt,AI,8.036290878255722,262.521337494776,0.019138546299128242,0.34267799136587035,0.42717391304347824,0.05984766050054407,0.512486427795874,0.6924427735863883,0.9601360159347195
79536879_AI.txt,AI,7.607714343989119,195.05191385731885,0.018047037783897695,0.5082406510152493,0.477112676056338,0.09187279151943463,0.5440140845070423,0.8690413139099882,0.9774597594641925
79541391_AI.txt,AI,7.700663721477671,208.03229810184095,0.014604902804868319,0.4090373596140271,0.45210084033613446,0.050590219224283306,0.5361344537815126,0.6697083874631103,0.9580355766137172
79570655_AI.txt,AI,6.812184710439571,112.37557678897672,0.011144001511654657,2.0642056174351904,0.5073529411764706,0.08148148148148149,0.5808823529411765,1.183722669555601,0.9435779214661911
79663360_AI.txt,AI,7.837401608368871,228.71411733842692,0.013602772127976441,0.29083575825666924,0.4807692307692308,0.03536977491961415,0.5721153846153846,0.49670605343768187,0.9363644827897795
79759716_AI.txt,AI,7.325969087305346,160.44878863581746,0.0060840861409530685,1.0405998255240687,0.41025641025641024,0.034926470588235295,0.48717948717948717,0.6688546169748325,0.9639626366278486
80000092_AI.txt,AI,6.8472533675992056,115.14064329857015,0.013270645710813829,0.25889100413476146,0.5677966101694916,0.06837606837606838,0.652542372881356,0.5102316447388902,0.964121371933301
80053367_AI.txt,AI,7.708905200842008,209.22409557429287,0.021832428724825687,0.5810457525659622,0.5378151260504201,0.05063291139240506,0.6113445378151261,0.7416427604864138,0.9644598873944817
80162314_AI.txt,AI,7.56306626683045,189.10795817189126,0.008717721064473102,0.31001986496664385,0.4876660341555977,0.03428571428571429,0.5673624288425048,0.5221727299099329,0.9736670047481834
80275976_AI.txt,AI,7.531927146791179,185.06998780232578,0.020325324996730825,0.785110015637071,0.43826086956521737,0.15881326352530542,0.5078260869565218,0.4256491953102019,0.9546541746613125
80503242_AI.txt,AI,7.7181981206003,210.5761333378601,0.026150643860698666,1.5046360666775924,0.44,0.05518394648829431,0.5216666666666666,0.7455751826215626,0.9884156917044925
80527194_AI.txt,AI,7.6350823783529895,198.7873824999762,0.024100843838635665,0.9887669790563145,0.47540983606557374,0.056363636363636366,0.5597826086956522,0.6962287515968905,0.9389758000863309
80679862_AI.txt,AI,7.667407509270856,203.2917007764405,0.011686065641714661,0.561163853240126,0.5059523809523809,0.0697211155378486,0.5833333333333334,0.9877724659274748,0.9659570017487056
80876647_AI.txt,AI,7.493404966784285,180.19372560761835,0.012999417996868191,0.562546957333074,0.5227272727272727,0.0228310502283105,0.6090909090909091,0.9004301254258493,0.9722690812842466
81011612_AI.txt,AI,7.10505861271962,137.66887497153945,0.01967090400048382,0.8672829593770571,0.5134328358208955,0.03003003003003003,0.573134328358209,1.092832518636439,0.9364030225621554
81042872_AI.txt,AI,7.642427131364935,199.80198852458662,0.017627209526053338,0.25732721412433535,0.5214592274678111,0.0625,0.5965665236051502,0.5448831414764953,0.942806420355972
81125166_AI.txt,AI,7.681507678513327,205.28831173864012,0.01998317941344191,0.3886995178641206,0.4065155807365439,0.08806818181818182,0.48158640226628896,0.5811984686243699,0.9451857183287288
81217013_AI.txt,AI,7.704870920663593,208.63984904859555,0.016902085849600942,0.31091067796759597,0.3926218708827404,0.05812417437252312,0.47167325428194995,0.49574431958315557,0.9754747562306668
81310245_AI.txt,AI,7.6474265786355335,200.49557396599695,0.008704224216185396,0.7193670923413894,0.47758620689655173,0.0657439446366782,0.5637931034482758,0.7066421956179973,0.9570242757672768
81373857_AI.txt,AI,7.488570064144431,179.59085329817265,0.008095424538443674,0.657947108065282,0.5679347826086957,0.02185792349726776,0.657608695652174,0.8538054240960999,0.9459357602443287
81508860_AI.txt,AI,7.695216909377794,207.2483649111044,0.010202118907759327,0.4843318984695651,0.4423076923076923,0.03697749196141479,0.5224358974358975,0.4074980417565504,0.9838850413628197
81588968_AI.txt,AI,7.70154802685627,208.15985137344634,0.014605098187630002,1.3393708449579456,0.45950413223140496,0.05638474295190713,0.5322314049586777,0.6865041236149149,0.9744863193105128
81677620_AI.txt,AI,7.644266171004655,200.05684354316244,0.012718129834833237,1.1038841723656492,0.4943820224719101,0.04331450094161959,0.5722326454033771,0.8244373573140494,0.9782902182154855
81761658_AI.txt,AI,7.787808289226695,220.9855596469374,0.019500523952375445,0.4881229380917943,0.371007371007371,0.0665024630541872,0.4606879606879607,0.7155706501000432,0.97322255028738
82118447_AI.txt,AI,7.467400659410468,176.97486435253526,0.06498434683165377,2.558863786375704,0.4400749063670412,0.14285714285714285,0.5056179775280899,1.018035840004776,0.9762178935172972
82125182_AI.txt,AI,7.5691660224126265,189.90920463946048,0.026522473201024323,0.9428024766468913,0.5093945720250522,0.04612159329140461,0.5824634655532359,0.7991115679707954,0.9933896534284694
82140102_AI.txt,AI,7.394339251298681,168.2356044083734,0.00944390604385995,0.42241428306936235,0.4093567251461988,0.1643835616438356,0.5126705653021443,0.5900295723159815,0.9662189789196208
82246962_AI.txt,AI,7.763946177486104,217.36052988641075,0.02304389463623269,1.15562623312387,0.4859504132231405,0.03316749585406302,0.5603305785123966,0.4839647280002742,0.9739689241756152
82649935_AI.txt,AI,7.52380708688423,184.03126641667316,0.021272548335473537,0.25359215043927186,0.5403587443946188,0.013513513513513514,0.6143497757847534,0.3271556530726052,0.9681969185403946
82738323_AI.txt,AI,7.086920039719806,135.94884080103955,0.012047050172638511,1.7086646692782739,0.46236559139784944,0.08648648648648649,0.5510752688172043,1.03579505512296,0.9799373011463958
82929064_AI.txt,AI,7.125584875976365,139.64158972481755,0.012764346540460315,0.24310976479292987,0.526984126984127,0.054313099041533544,0.6253968253968254,0.573409265656776,0.9628471309190086
83206166_AI.txt,AI,7.623281914559931,197.16804110856043,0.01031513630742653,0.48808285393241685,0.5178197064989518,0.029473684210526315,0.5932914046121593,0.8302387303880585,0.969552263243682
83338413_AI.txt,AI,7.751413018810146,215.48042698084657,0.014675238572551963,0.6025001376389723,0.4722662440570523,0.058823529411764705,0.5356576862123613,0.8843613549420495,0.9588458790014812
83566455_AI.txt,AI,7.701471297741034,208.14878077567727,0.021677752495017917,0.3894225453585232,0.3988439306358382,0.1,0.4869942196531792,0.9156980522128716,0.9698288468565354
83816738_AI.txt,AI,8.136554536306416,281.4148278160997,0.049418392396020756,1.979074057105471,0.4280973451327434,0.07095343680709534,0.4856194690265487,1.0009729942840513,0.9290468899271509
84295343_AI.txt,AI,7.02098941150168,129.8758527496111,0.01594121665822805,0.8533352841807765,0.5151515151515151,0.13559322033898305,0.6094276094276094,0.9662026687936445,0.9234843725006142
84356308_AI.txt,AI,7.5548050954873505,188.0281812039295,0.040116588003923676,0.886083292319732,0.43926788685524126,0.10684474123539232,0.49916805324459235,0.8738860158016017,0.9757479739512781
84373843_AI.txt,AI,7.719008358710236,210.69442911265875,0.011583659333827793,0.38369530008361186,0.49471458773784355,0.05307855626326964,0.6067653276955602,0.6299292147292264,0.9510677171468653
84512719_AI.txt,AI,7.352837588214381,163.46495802916291,0.01052379325626752,0.5328998576324311,0.5461956521739131,0.01912568306010929,0.6331521739130435,0.832634370347132,0.9535284033445709
85101052_AI.txt,AI,7.451376437770124,175.02005531043912,0.011286538905097971,1.8807288256588965,0.4581497797356828,0.12831858407079647,0.5352422907488987,0.9506003397152158,0.9806830488179011
85417107_AI.txt,AI,7.511347564923776,182.44876371391524,0.013695829469810962,0.9573856212219308,0.41680395387149916,0.08925619834710743,0.48599670510708404,0.7047654145439183,0.9571957930940984
85421438_AI.txt,AI,7.6305838127782755,198.16849543456678,0.012084785114327565,0.37046586599392983,0.4417808219178082,0.05326460481099656,0.5273972602739726,0.4273633886924477,0.9584707989979786
85766635_AI.txt,AI,7.744923321223353,214.5133048589554,0.01503436753123094,0.5457097001263318,0.4805194805194805,0.06188925081433225,0.5584415584415584,1.1209384585087732,0.9755006753938876
85918100_AI.txt,AI,7.601115068096785,194.16173136052606,0.012446679617716205,1.1776368570498807,0.4496268656716418,0.06179775280898876,0.5410447761194029,0.9494733502342325,0.9880431671321797
85973397_AI.txt,AI,7.522533171655542,183.86883655447943,0.0410001397070766,1.2234876722032655,0.4359925788497217,0.08007448789571694,0.5157699443413729,0.786381662284981,0.9876889142510955
86184722_AI.txt,AI,7.581907719534499,191.59388681677424,0.02056548958292954,0.5441345170834929,0.44646098003629764,0.03825136612021858,0.5408348457350273,0.4104922501072267,0.9540955615766759
86209934_AI.txt,AI,8.002647207693236,256.47016678819756,0.01681741847910879,0.5516787521305444,0.513677811550152,0.057926829268292686,0.5835866261398176,0.9270193521143303,0.9753929478403048
86322251_AI.txt,AI,7.568726626057344,189.85137349431446,0.026609544723542076,0.3015824372064965,0.45045045045045046,0.08318264014466546,0.527927927927928,0.6517783265629113,0.9773461169228325
86549455_AI.txt,AI,7.224829537361402,149.58581235566155,0.02303817382330313,0.7060206896370553,0.5159420289855072,0.09912536443148688,0.5768115942028985,0.6898033106874835,0.9758697596798832
86551046_AI.txt,AI,7.299863509558968,157.57157667682895,0.02246180279535997,1.3589568756378345,0.4295942720763723,0.09592326139088729,0.548926014319809,1.0831129574266585,0.9747495852628333
86595128_AI.txt,AI,7.697738719396592,207.61094885220254,0.01720413494848359,0.5559487315915368,0.4444444444444444,0.05067567567567568,0.5252525252525253,0.6947056498406118,0.9734431403326907
86597425_AI.txt,AI,7.754700646098953,215.97202576070686,0.015346192057796911,1.1186501185256883,0.4957410562180579,0.07008547008547009,0.575809199318569,0.9627392844030148,0.9736969200649832
86828820_AI.txt,AI,7.441197551232822,173.7895531604085,0.012031355860343313,0.8883776483512785,0.42934782608695654,0.056363636363636366,0.4963768115942029,0.7043554542311161,0.9830083847968971
87118391_AI.txt,AI,7.588314161876212,192.44657187592952,0.011374481516282153,0.3983777031259172,0.47713717693836977,0.031936127744510975,0.5725646123260437,0.5618302339111355,0.9349627322501938
87520378_AI.txt,AI,7.870126185940237,233.96131389044615,0.01655974743910794,2.904903319428666,0.5207296849087893,0.06821963394342762,0.5903814262023217,1.5275962778588605,0.9726285856635606
87635012_AI.txt,AI,7.736376385341402,213.24622398969575,0.011700663424476855,0.6164878086849765,0.40700808625336926,0.043243243243243246,0.49056603773584906,0.565325145673901,0.9927258451245704
87826037_AI.txt,AI,7.908199576966099,240.21785483370212,0.011246276956813746,0.39851838754511965,0.5077452667814114,0.04835924006908463,0.5920826161790017,0.5193179661841786,0.9551661877701197
87867370_AI.txt,AI,7.6547373141052315,201.51414696777474,0.03013199722362147,1.75749361812458,0.39196675900277006,0.09166666666666666,0.4709141274238227,0.8673497182339903,0.9746932383591388
87968870_AI.txt,AI,7.5381483185279485,185.86976747864873,0.01460352794514332,0.2828038797927724,0.432520325203252,0.06851549755301795,0.5024390243902439,0.5738207357252598,0.9569026989743517
88038965_AI.txt,AI,7.236079998386602,150.75687640410175,0.023245314393252895,0.7180218199869149,0.31746031746031744,0.16353111432706222,0.38816738816738816,0.6312370071989613,0.9864790202419257
88651471_AI.txt,AI,7.749912249858975,215.25638920320137,0.045161243429398715,1.5514985699645192,0.4722689075630252,0.06913996627318718,0.5546218487394958,1.4745868236001771,0.9809890570139516
88691367_AI.txt,AI,7.57488641865843,190.66370400485917,0.013211738294090669,0.571295755927735,0.42908438061041293,0.04144144144144144,0.5170556552962298,0.655237553894391,0.9675369380338098
88859947_AI.txt,AI,7.788943532210587,221.15951951331698,0.015528517748127812,0.6630661372981979,0.5161290322580645,0.0539568345323741,0.5985663082437276,0.8860047136355538,0.9499612226093365
88907739_AI.txt,AI,7.7626841944270515,217.1704790712942,0.006859092912310746,1.5238270165995298,0.48117839607201307,0.024630541871921183,0.5450081833060556,0.6420647866913163,0.9555077399824121
89049979_AI.txt,AI,8.035143854412606,262.3127011900556,0.030746317091854464,0.7068713597303189,0.4958217270194986,0.07402234636871509,0.5766016713091922,1.31479721534787,0.9769620647752897
89197180_AI.txt,AI,7.587536517694222,192.3428669165851,0.025338517097961314,1.2999112129196715,0.4098798397863818,0.10040160642570281,0.472630173564753,0.7705712753481223,0.9602511837721104
89413122_AI.txt,AI,7.520560080006957,183.61754152331054,0.01149053156106181,0.42154402058775814,0.45596868884540115,0.07072691552062868,0.538160469667319,0.5768571060914386,0.9850480101029758
89508407_AI.txt,AI,7.444441296078554,174.18073991059663,0.010212883930629807,1.0379383655091041,0.4891566265060241,0.03389830508474576,0.6144578313253012,0.5369376464582895,0.9581788347279364
89512321_AI.txt,AI,7.432893877417241,172.79215128483398,0.04956945882329112,0.7337173430816964,0.48498845265588914,0.030162412993039442,0.5866050808314087,0.9524095606137779,0.9611432136582103
89740812_AI.txt,AI,7.778607451237621,219.58070105448215,0.02587337564604942,0.5794536389335195,0.4922813036020583,0.06368330464716007,0.5660377358490566,1.165656291902977,0.9706415004970902
89858892_AI.txt,AI,7.722161717185223,211.15545633745512,0.012649951510035198,0.24794397365444934,0.4912,0.02247191011235955,0.5648,0.8064680526840478,0.9541634108457325
90032884_AI.txt,AI,7.630958259925927,198.219936145364,0.01836729062036658,0.8695686515753168,0.5271966527196653,0.06302521008403361,0.5920502092050209,1.1266304938674674,0.978521340665913
90066849_AI.txt,AI,7.187280060276159,145.74272498936006,0.02338240841777024,0.5703671533256001,0.3715953307392996,0.11328125,0.4591439688715953,1.476685224436959,0.9320388349514562
90280583_AI.txt,AI,7.695349601551373,207.26742749878935,0.007664628657769798,2.0002583906707736,0.4860335195530726,0.03551401869158879,0.5512104283054003,0.9125954773937095,0.9738950263710215
90318913_AI.txt,AI,7.201163867687642,147.15205378075464,0.01990294319010733,0.46967654320232055,0.42283298097251587,0.10191082802547771,0.5031712473572939,0.6766634240762635,0.9726953892075654
90363254_AI.txt,AI,7.51997518220066,183.54311433906702,0.010199369309864249,0.8488647202131481,0.43912175648702595,0.04208416833667335,0.5269461077844312,0.48946232095700104,0.9794792111460363
90365216_AI.txt,AI,7.690529674720211,206.5761193209235,0.04781262924856191,0.6170004401147645,0.5762331838565022,0.009009009009009009,0.647982062780269,1.2389657324004766,0.9520701134056262
90468982_AI.txt,AI,7.6729838697693955,204.07899225117043,0.012500174777139248,0.881123695269915,0.47735849056603774,0.056818181818181816,0.5735849056603773,0.5700198849147389,0.9591853787416773
90629382_AI.txt,AI,7.708357210243072,209.14463937447718,0.01634774435916363,0.5055020573529216,0.4826388888888889,0.029616724738675958,0.5590277777777778,0.7229688648568963,0.9439135611782196
90682785_AI.txt,AI,6.911365779751968,120.37281327982082,0.010373118014179264,2.1070715605146924,0.5590551181102362,0.05952380952380952,0.65748031496063,0.7077859859604482,0.9563036981851668
90685127_AI.txt,AI,7.362235927892244,164.53331558225636,0.017010438434776644,0.25050185000220304,0.42436974789915966,0.04852320675105485,0.5210084033613446,0.44481152657971385,0.9619979696809458
90867631_AI.txt,AI,7.583273695316348,191.77537808048257,0.019605160826108976,1.1082145682915217,0.4567669172932331,0.04150943396226415,0.5300751879699248,0.5166605270999414,0.9661083231031846
91026230_AI.txt,AI,7.577600169708129,191.02268546154315,0.014925301414554826,0.41820516508930966,0.44991212653778556,0.07760141093474426,0.523725834797891,1.079016984226253,0.9731575163293444
91051945_AI.txt,AI,7.67765625233518,204.74100386785207,0.013771822545270592,0.23904290333071418,0.4583333333333333,0.06856187290969899,0.5416666666666666,0.46260487240609155,0.9772060347750999
91072502_AI.txt,AI,7.388872971171266,167.5993764344604,0.019247237937956206,0.3850674300979531,0.37416107382550334,0.11784511784511785,0.44966442953020136,0.5800921870947138,0.9894740251835574
91116867_AI.txt,AI,7.269565769135631,154.29695374725125,0.033624847103570416,0.7599382548166299,0.5934426229508196,0.026402640264026403,0.6885245901639344,0.7702806605855298,0.9692392244173764
91121135_AI.txt,AI,7.403946809460812,169.35970009198095,0.023424249914234474,0.45112203744617957,0.4708333333333333,0.09832635983263599,0.5333333333333333,0.7425743509350877,0.9917658564421061
91153752_AI.txt,AI,7.482037293932258,178.7794735783812,0.015357578243706997,0.4796624738725325,0.5231958762886598,0.10880829015544041,0.6314432989690721,0.7418273429608745,0.9750767421510027
91189201_AI.txt,AI,7.533397888299454,185.25875181220025,0.014654799451314397,2.35653856357476,0.4759825327510917,0.11842105263157894,0.5611353711790393,0.7513674872824809,0.9536194307935042
91197243_AI.txt,AI,7.8070053566677595,223.94573131569996,0.008184217507674688,1.2259604865393519,0.4626865671641791,0.04326123128119801,0.5456053067993366,0.8221080881450878,0.9471622033114901
91268638_AI.txt,AI,7.654987972644736,201.5491617342948,0.0057864672931577064,0.2952214152483133,0.4744094488188976,0.06126482213438735,0.5708661417322834,0.5280170815165998,0.9722949562500184
91318828_AI.txt,AI,7.685135501098255,205.80518239890273,0.019169193889211796,1.2058425388781226,0.526,0.05421686746987952,0.604,1.0339891384640065,0.9745449851634044
91431878_AI.txt,AI,7.54698271952331,187.01144043353742,0.015242884005927982,1.5273454519561604,0.4379432624113475,0.16725978647686832,0.5,0.6145571840778681,0.9684606080638034
91467795_AI.txt,AI,7.766935545223551,217.81138345409775,0.015270959246256616,1.045313771356255,0.48007246376811596,0.03272727272727273,0.5760869565217391,0.6703812445858608,0.9667171566651637
91478356_AI.txt,AI,7.413152841195031,170.44386260661807,0.01814113100048159,0.38733803226659397,0.5216346153846154,0.04106280193236715,0.6081730769230769,0.7916573978784422,0.954220303538906
91515108_AI.txt,AI,7.711814975046295,209.64650586312194,0.01981587062491882,0.6545258143801768,0.4794520547945205,0.08762886597938144,0.5582191780821918,0.8378967546526318,0.9470971332385002
91533580_AI.txt,AI,7.260653383983835,153.34670785177627,0.011112038891808632,2.1948623310883097,0.34201954397394135,0.07679738562091504,0.42671009771986973,1.4601992240142865,0.9607527088030879
91539554_AI.txt,AI,7.515475997713272,182.97160893628111,0.05755507523670903,2.864846318320977,0.46075085324232085,0.16095890410958905,0.515358361774744,0.9230922239685635,0.986913985329386
91564103_AI.txt,AI,7.470432685049675,177.34719292382837,0.011541670226011378,0.48505539578857537,0.43856332703213613,0.04743833017077799,0.5330812854442344,0.5814885327164627,0.9417716551837262
91591026_AI.txt,AI,7.714876698133689,210.09189530259462,0.02559153735742508,2.8251226471177207,0.4462809917355372,0.04145936981757877,0.5305785123966942,0.8632780404153376,0.986313870196472
91635250_AI.txt,AI,7.905163654171205,239.71288597437336,0.016453415446152243,0.24276867447310185,0.42782152230971127,0.014473684210526316,0.5275590551181102,0.6527523722113575,0.9625192375565627
91697974_AI.txt,AI,7.640478587307485,199.53231255739726,0.029965807628656218,0.7141955315139696,0.46179401993355484,0.05,0.5282392026578073,1.337936118651477,0.9416874005712855
91930382_AI.txt,AI,7.489308552821302,179.68280603801185,0.01053999638841752,0.769874946786182,0.5286783042394015,0.02506265664160401,0.628428927680798,0.4469206019842007,0.9657973313211479
92069209_AI.txt,AI,7.55961131878458,188.6556266332163,0.014940588106288823,0.7469198364257107,0.4288135593220339,0.05782312925170068,0.5016949152542373,0.7142816103628975,0.9404164303608213
92122785_AI.txt,AI,7.69297049612338,206.92591062663976,0.014910910633091013,0.6303076821879777,0.44773519163763065,0.033216783216783216,0.554006968641115,0.8172178595450651,0.9559468742266892
92200491_AI.txt,AI,7.382582597812474,166.87020804794238,0.008955249706704556,0.7568923737459952,0.4978540772532189,0.034482758620689655,0.572961373390558,0.6873101065855409,0.9592112424511257
92246939_AI.txt,AI,7.8389526495989506,228.96014007875186,0.03274094023920353,2.2138254638179027,0.4781144781144781,0.0929054054054054,0.5454545454545454,1.015606729677962,0.976450720926387
92283635_AI.txt,AI,7.183376722216967,145.34893820755653,0.03452658534106421,0.22357762288480956,0.43555555555555553,0.171875,0.5088888888888888,0.48801344942920744,0.9578801832496002
92524964_AI.txt,AI,7.447530697007493,174.5541318591919,0.019552059491566607,1.3245593326604075,0.5142857142857142,0.009569377990430622,0.5928571428571429,0.5837187639488561,0.9683500046428258
92985983_AI.txt,AI,7.6378048873767055,199.1628682389583,0.011793585073308384,0.6790373510810138,0.44350758853288363,0.10321489001692047,0.524451939291737,0.9326335080614738,0.975411196102273
93002334_AI.txt,AI,7.718333039155493,210.59582700517223,0.010386441896717334,1.9510062392591694,0.43894899536321486,0.05581395348837209,0.5285935085007728,0.5687547394682879,0.952928348270803
93112113_AI.txt,AI,7.663662181413367,202.76462707784634,0.012485766921152459,0.7338912970277555,0.3500545256270447,0.06229508196721312,0.4187568157033806,0.5097040839525471,0.9532115686749175
93301686_AI.txt,AI,7.853517530534061,231.28333879598645,0.009955341641353104,1.1528430174858366,0.4324712643678161,0.03025936599423631,0.5258620689655172,0.5231000023248802,0.9739945837688049
93349646_AI.txt,AI,7.657019354470721,201.83315223225506,0.028345349227877195,0.5140094161745776,0.4676524953789279,0.05380333951762523,0.5489833641404805,0.9145894380099999,0.9780121229328994
93436805_AI.txt,AI,7.52946314126455,184.7541731190226,0.010555655124529295,0.8923635572083578,0.4791666666666667,0.06844106463878327,0.5473484848484849,0.7913638438313281,0.9770279185059247
93459677_AI.txt,AI,7.839763602870484,229.08887703585063,0.014115934234025742,0.3098082082482329,0.48148148148148145,0.05654281098546042,0.5571658615136876,0.48924122074654364,0.963507257789187
93512385_AI.txt,AI,7.280662128307382,155.48829054862188,0.006148042626485133,0.3018731595982371,0.4943820224719101,0.059322033898305086,0.5898876404494382,0.3317711272036387,0.9571145470433547
93576192_AI.txt,AI,7.52586628079918,184.29412629250575,0.025143848261394732,3.467800807615541,0.5220417633410673,0.05128205128205128,0.5986078886310905,1.8619414777091434,0.9559630402614423
93653247_AI.txt,AI,7.544052582527469,186.632002621536,0.01333618233658505,0.4931534361450498,0.3709449929478138,0.055162659123055166,0.4541607898448519,0.5028068735873475,0.9613850935850303
93828034_AI.txt,AI,7.631067340488613,198.2349239002142,0.016832990264535264,0.3654354102339138,0.45733788395904434,0.0859106529209622,0.5273972602739726,0.6983865003483161,0.9687195057775038
93988900_AI.txt,AI,7.724576821153397,211.5092313547455,0.020362573513969875,1.7275923873364443,0.4720720720720721,0.04701627486437613,0.5423423423423424,0.7209871302489413,0.9794843172142544
94047639_AI.txt,AI,7.191353153268956,146.15477495078835,0.021854337168759817,0.3737164787623588,0.4168466522678186,0.1019522776572668,0.47516198704103674,0.7028779821507299,0.9574023799738253
94137171_AI.txt,AI,7.414520333125229,170.60549836496986,0.026617426359818362,0.33672681354380923,0.49445676274944567,0.031180400890868598,0.5764966740576497,0.536797308050991,0.982226514031751
94230796_AI.txt,AI,7.846818178465264,230.21183269504334,0.018546403030093382,1.3879956171272465,0.4772370486656201,0.047244094488188976,0.5729984301412873,0.9795811615284888,0.9679558156813126
94417768_AI.txt,AI,7.868989061449327,233.77697949331684,0.026053702838498418,0.6880940872181102,0.5814393939393939,0.024714828897338403,0.6477272727272727,1.1371304231149362,0.9796193744647641
94492380_AI.txt,AI,7.681415414344626,205.27518342721802,0.026902208614289415,0.8272364049213212,0.40942562592047127,0.04874446085672083,0.5007363770250368,0.5316914090550152,0.9311203149064031
94503308_AI.txt,AI,7.616007602732621,196.17638871669317,0.012698697457284676,0.4748658539096891,0.4804964539007092,0.042704626334519574,0.5656028368794326,0.676576874402316,0.9826632376814978
95011061_AI.txt,AI,7.468530749593647,177.11354640424122,0.011322511909280089,0.5116631312773791,0.49892008639308855,0.04338394793926247,0.5766738660907127,0.816823361361152,0.9857027197445555
95085510_AI.txt,AI,7.7578370150781195,216.44205217919213,0.01363571464871577,1.3567497404634101,0.4696223316912972,0.042833607907743,0.548440065681445,0.9773097946538096,0.9624909311119031
95350373_AI.txt,AI,7.44944581254278,174.7859988144899,0.007965873034309031,0.4180773854264194,0.4280701754385965,0.12147887323943662,0.49122807017543857,0.6211384007199393,0.8928290256135062
95382114_AI.txt,AI,7.7977356956805215,222.51143915394667,0.013537736854233932,0.9624676091116362,0.4496951219512195,0.053516819571865444,0.538109756097561,0.7855666555715907,0.9781475022706803
95429627_AI.txt,AI,7.854969151367134,231.51617017512018,0.01578722544410286,0.9904076593364797,0.4607250755287009,0.08333333333333333,0.540785498489426,0.7716046601175237,0.9883858466540522
95519832_AI.txt,AI,7.500121081086904,181.03452903364752,0.016594187158598922,0.4867156290145653,0.5294117647058824,0.06451612903225806,0.6363636363636364,0.8723121635669687,0.9020913789695614
95625660_AI.txt,AI,7.825988903306882,226.9119696616402,0.01721176778622223,2.681458141657549,0.5811965811965812,0.008583690987124463,0.6538461538461539,0.9586571386186833,0.9654099320171646
95714702_AI.txt,AI,7.679580155666037,205.01421799037934,0.012806758452364743,1.1302008080344867,0.45425867507886436,0.11550632911392406,0.5157728706624606,1.1327143325354287,0.9603278868164704
95769832_AI.txt,AI,7.415229876128675,170.68942581110915,0.009566538844911624,0.276422845405348,0.5086848635235732,0.08478802992518704,0.6004962779156328,0.5346396518512192,0.9752889569285577
95792386_AI.txt,AI,7.751639142311618,215.51420335491238,0.024270949174153705,0.7265849502553613,0.4263005780346821,0.059420289855072465,0.5043352601156069,0.6966010604727744,0.9521307041183266
95970987_AI.txt,AI,7.4072601268506775,169.7491013733517,0.010827858751682323,0.8986969014636539,0.4494163424124514,0.044921875,0.5291828793774319,0.5589305015066547,0.9823545875807509
96029688_AI.txt,AI,7.615646929228467,196.1273507843266,0.015172778426107411,0.7473737663861297,0.4654205607476635,0.075046904315197,0.5383177570093458,0.6313986938707482,0.968846263749296
96260484_AI.txt,AI,7.5385396517415915,185.92019177295154,0.021926021969331102,1.1258119482580944,0.41166936790923825,0.0975609756097561,0.4846029173419773,0.5533542105445,0.9521102125891214
96457008_AI.txt,AI,6.854728107418152,115.73874596576982,0.025231288021625015,0.3996846482198058,0.5239852398523985,0.10780669144981413,0.5940959409594095,0.6569277743029459,0.9561345635232582
96493528_AI.txt,AI,7.787541041394926,220.94462761325957,0.017927280064267703,0.9793673384678515,0.46296296296296297,0.060810810810810814,0.5589225589225589,0.7054915292408064,0.9688868864211276
96547039_AI.txt,AI,7.499748930876553,180.98783631798275,0.004474955860909334,1.3692765777915847,0.47950819672131145,0.05761316872427984,0.5512295081967213,0.7214383335694361,0.96552308433773
96761538_AI.txt,AI,7.174870995917315,144.49452270833132,0.009829818758047153,0.631336981944519,0.5407166123778502,0.06557377049180328,0.6384364820846905,0.7606553954930407,0.9617924565645732
97123005_AI.txt,AI,7.803488882900049,223.40054310347324,0.009294137489230234,0.46743873596585117,0.5259391771019678,0.05745062836624776,0.6028622540250447,0.8964389541090263,0.9622531322541523
97169343_AI.txt,AI,7.696751190539709,207.46888719385362,0.01616579343090004,0.5005230736682963,0.45098039215686275,0.06721311475409836,0.5326797385620915,0.7844542709129693,0.9777385833670873
97405769_AI.txt,AI,7.494544028317076,180.33605145178572,0.009214415074993737,0.6564174142211705,0.4263959390862944,0.0967741935483871,0.5042301184433164,0.6704157420074668,0.9554891873973301
97449528_AI.txt,AI,7.910304894558667,240.5686594384351,0.008666698459306729,0.33089817563039353,0.5077160493827161,0.032507739938080496,0.5787037037037037,0.5185221928147301,0.948964043967945
98086373_AI.txt,AI,7.552746776239609,187.76010925587343,0.02290786376241592,0.6666393636928868,0.4218009478672986,0.10618066561014262,0.5039494470774092,0.9183030100296956,0.9676416006859974
98108571_AI.txt,AI,7.0204121054160415,129.8238922739073,0.03245750330448525,0.6106314977441816,0.5285714285714286,0.03597122302158273,0.625,0.5685630034471897,0.9350897499468003
98300955_AI.txt,AI,7.970630087887881,250.84112552936452,0.010488610088272695,0.577171152455524,0.4306864064602961,0.07422402159244265,0.5141318977119784,0.5112600170360548,0.9748842442840908
98309114_AI.txt,AI,7.84733293182302,230.2939868952268,0.03870332297620638,1.3868672275812062,0.4672489082969432,0.072992700729927,0.5283842794759825,0.9824180277630205,0.9580639128131638
98348532_AI.txt,AI,7.559017366841822,188.57797383052608,0.017376396046702394,0.47932544030524665,0.31492361927144535,0.36984687868080096,0.3654524089306698,0.7641752190349769,0.9623015776412494
98379112_AI.txt,AI,7.720249004888949,210.87569379957986,0.015359464397096359,0.37754656265550185,0.5193798449612403,0.04085603112840467,0.5968992248062015,0.647136426694033,0.9743720280120116
98389424_AI.txt,AI,7.671130614896998,203.81700509548634,0.027763644406590262,0.559264664353545,0.4759259259259259,0.0037174721189591076,0.55,0.7935024592821964,0.9655789446711922
98509238_AI.txt,AI,7.627107345669861,197.69154303009856,0.016842693859042315,0.4495254374949519,0.39305555555555555,0.10584958217270195,0.4736111111111111,0.87639821451744,0.9632493010000148
98513424_AI.txt,AI,7.719094356908746,210.7069888573578,0.011576828193354212,1.5821839886456963,0.38413098236775817,0.09595959595959595,0.4609571788413098,0.5711799365359053,0.9831350965233419
98559931_AI.txt,AI,7.614626147063893,195.98862951230154,0.023197860790315633,0.9025543565391942,0.48,0.029197080291970802,0.5509090909090909,0.7877687568855908,0.9584658160569337
98965485_AI.txt,AI,7.508961729442272,182.14729112921717,0.014280170693354537,2.198317342148226,0.4618556701030928,0.049689440993788817,0.5505154639175258,0.7167234919111413,0.9591207209834474
99033098_AI.txt,AI,7.424158253569418,171.74904342215171,0.009431129158996502,0.5865371644030452,0.5375,0.02512562814070352,0.6225,0.8919489428586519,0.9610773720054732
99124477_AI.txt,AI,7.899407670307101,238.7583982759198,0.014393934769224551,0.44368320231600983,0.513986013986014,0.03859649122807018,0.5769230769230769,0.642181200452704,0.9751390580532785
99244405_AI.txt,AI,7.615666368368751,196.12999345839341,0.028005753456610095,0.4067166728494149,0.5257731958762887,0.049689440993788817,0.6144329896907217,0.7966111817659826,0.915117852487903
99416532_AI.txt,AI,7.627648423244191,197.76570043602047,0.021588415384831236,1.5650345742547764,0.4414976599063963,0.10485133020344288,0.5039001560062403,0.8555776062240064,0.9577136965942369
99433371_AI.txt,AI,6.718771352760075,105.32990953674953,0.020731420336400005,0.40154588405531993,0.5286885245901639,0.09917355371900827,0.5942622950819673,0.793872664925615,0.979224061403042
99561379_AI.txt,AI,7.985758122015491,253.48527306073518,0.020559624648010293,1.7455487994468568,0.5316666666666666,0.03511705685618729,0.6133333333333333,0.8339767630931394,0.9749960425096431
99680385_AI.txt,AI,7.774980934470268,219.02943203388807,0.009280911572134282,0.4249187352376708,0.5333333333333333,0.01968503937007874,0.6254901960784314,0.6892844611626361,0.9646245907580439
99714410_AI.txt,AI,7.63717139832852,199.07543479241042,0.02558035225959611,1.9657923814375242,0.5,0.06995884773662552,0.5881147540983607,0.9991857551921424,0.9747784716345177
