file,group,entropy,perplexity,rolling_entropy,sentence_entropy_variance,lexical_density,pattern_regularity,repetition,sentence_evenness,tonal_stability
99714410.txt,AI,7.397947195986170,168.65686070711600,0.02707415923708540,0.32610188549786700,0.5389908256880730,0.02304147465437790,0.6192660550458720,0.650943799197462,0.9661621594646630
10176815_AI.txt,AI,7.607691319476580,195.04880097533600,0.01723861216822050,0.30918817744964900,0.5210084033613450,0.04852320675105490,0.5945378151260500,0.8112147542319570,0.9766145316282380
10182582_AI.txt,AI,7.304976027992110,158.1309580059130,0.012313103869191000,0.5601449684141330,0.5052631578947370,0.037037037037037000,0.5947368421052630,0.8676270388470220,0.9683148369611250
10186968_AI.txt,AI,7.771186105495400,218.45405954503600,0.01892031432208620,0.42307578093458700,0.5448979591836740,0.0430327868852459,0.6326530612244900,0.6991389884566340,0.9390474814832760
10268614_AI.txt,AI,7.81540114400415,225.25278668026800,0.013903341873543900,0.7293834630988160,0.4520367936925100,0.077733860342556,0.5164257555847570,0.6525536235080390,0.9617308135551890
10395944_AI.txt,AI,7.446964878051020,174.48568588228300,0.011218297968840600,0.5962797232212500,0.45714285714285700,0.05077262693156730,0.5582417582417580,0.7533876431234790,0.9601141741920660
10464113_AI.txt,AI,7.598610042094970,193.82489082763300,0.012733225978070800,0.8011580598440640,0.44234404536862000,0.06261859582542700,0.5425330812854440,0.5884928643686840,0.968911572057747
10466208_AI.txt,AI,7.489892438509470,179.75554175077200,0.011043083870151400,0.8362033401703020,0.5011441647597260,0.034482758620689700,0.5949656750572080,0.8205735286716060,0.951857528237658
10466583_AI.txt,AI,6.7591998497141900,108.32330484017300,0.014547592931515000,0.36117993978056100,0.4864864864864870,0.1245136186770430,0.583011583011583,0.4953885124105230,0.9540337555693380
10480456_AI.txt,AI,7.685983822291050,205.92623378749400,0.03258906130874550,1.6492813788738600,0.42196531791907500,0.12028985507246400,0.48121387283237000,0.6187426076712050,0.961266877751228
10549585_AI.txt,AI,7.621566308432150,196.93371462643200,0.01686087327247500,0.4536627404797950,0.4553415061295970,0.04569420035149390,0.5288966725043780,0.9364282648737610,0.94971285111778
10553553_AI.txt,AI,7.652356761622510,201.18190805072100,0.01583369696648100,0.6699337667240900,0.4511400651465800,0.07026143790849670,0.509771986970684,0.8815800090121060,0.9923506305561300
10554045_AI.txt,AI,7.588221900769220,192.43426520990800,0.010165866326275300,0.4955689858114610,0.5135135135135140,0.013574660633484200,0.6058558558558560,0.6560717361673880,0.9466711827373480
10554236_AI.txt,AI,7.739005560144320,213.63519932390600,0.009023014746537430,0.3845949823702270,0.42686567164179100,0.05688622754491020,0.5059701492537310,0.48755410259746100,0.9549095418718570
10562768_AI.txt,AI,7.731976060178240,212.59679834500400,0.015659469038878000,0.5468985427791660,0.4853700516351120,0.06563039723661490,0.5611015490533560,0.8117009555537120,0.9484670739655270
10567764_AI.txt,AI,7.511004476507570,182.40538059191800,0.012431399301177200,2.7019409654844400,0.4750499001996010,0.0841683366733467,0.564870259481038,0.9753684163984940,0.9550540841699060
10624813_AI.txt,AI,7.82887724628765,227.36671309986300,0.04796760537894600,1.2824100907658900,0.45335276967930000,0.10526315789473700,0.532069970845481,0.7200398915700090,0.9521433055314150
10659182_AI.txt,AI,7.757990226315520,216.4650390992250,0.006695764716416990,0.5869052062287400,0.5334645669291340,0.02766798418972330,0.6161417322834650,0.8150202330627600,0.9619396163517100
10738095_AI.txt,AI,7.7805301724648400,219.8735376707370,0.012608003428242100,0.6263499443158430,0.41812865497076000,0.20087976539589400,0.4956140350877190,0.9971948012905060,0.9574818535761850
10748989_AI.txt,AI,7.307775799750010,158.43813343049700,0.009925415014603840,0.6297327387026210,0.36476043276661500,0.31007751937984500,0.41576506955177700,1.057970257686880,0.9715794432151720
10751444_AI.txt,AI,7.678705744820920,204.88999746202100,0.011922996046182100,0.7450102003558960,0.45058139534883700,0.09766763848396500,0.5101744186046510,0.7129641045079760,0.9621742768093230
10820510_AI.txt,AI,7.258762560019010,153.1458603429120,0.017650544351049000,1.3194191243303400,0.467005076142132,0.07397959183673470,0.5558375634517770,0.9479078731494780,0.9672849665753960
10830646_AI.txt,AI,7.762739562546460,217.1788138554420,0.03925237440381360,2.2544833827825800,0.44838212634822800,0.08500772797527050,0.5161787365177200,0.7129771299178300,0.9684918628169360
10840430_AI.txt,AI,7.746849426972810,214.7998874220430,0.021349784891147700,2.2843504777433200,0.46955128205128200,0.04823151125401930,0.530448717948718,0.9340632219728880,0.9641441236354940
10926726_AI.txt,AI,7.766254916965540,217.7086496026840,0.009614538569079030,1.0475599434632400,0.45709828393135700,0.057902973395931100,0.5241809672386900,0.8081463894876880,0.9650444817582600
10945968_AI.txt,AI,7.619371220292340,196.63430404455400,0.02322004589168970,1.692160398911390,0.462406015037594,0.062146892655367200,0.551594746716698,0.6369207638495490,0.9917419901989680
10953078_AI.txt,AI,7.52943343657602,184.750369121287,0.0225510994111321,0.6712547783598960,0.45611015490533600,0.07081174438687390,0.5094664371772810,0.7304896562779310,0.9169869766998170
10969918_AI.txt,AI,7.595360178847540,193.38876577566200,0.0071471885487000900,1.0462001195355900,0.5170340681362730,0.03822937625754530,0.5951903807615230,0.9000028089212330,0.9663458752084990
10984392_AI.txt,AI,7.875833768091690,234.8887436847570,0.01279416101844930,0.6891229182472470,0.5088652482269500,0.021352313167259800,0.599290780141844,0.5705549236306980,0.9712797514508820
11121498_AI.txt,AI,7.624695761977070,197.36136135858200,0.01584138615932280,0.20775320091419400,0.46116504854368900,0.048701298701298700,0.529126213592233,0.3393854311223100,0.9658295982720310
11152490_AI.txt,AI,7.8954084170190900,238.09745951827400,0.05568858689619040,0.35752561784270200,0.3853711790393010,0.0711159737417943,0.4596069868995630,0.8968249300768850,0.9778819580147680
11174187_AI.txt,AI,7.5465895412414500,186.9604810718970,0.02068406465999520,1.4092578992025200,0.46458333333333300,0.07112970711297070,0.5479166666666670,0.8851613193890660,0.984230502933906
11188218_AI.txt,AI,7.869074356697290,233.7908013020360,0.01954288408329300,0.6573136620041500,0.48811410459588000,0.04451510333863280,0.5625990491283680,0.6202284082028760,0.9563505444957480
11232471_AI.txt,AI,6.922148251237420,121.27583069195300,0.013998496341199800,0.27667467043498600,0.49825783972125400,0.06315789473684210,0.5853658536585370,0.4626195393032300,0.9677962416938710
11262933_AI.txt,AI,7.6340035274812400,198.63878437824600,0.011671346495502700,0.2918919643736670,0.4459234608985030,0.08514190317195330,0.5141430948419300,0.6223940414379250,0.9283748228295370
11289482_AI.txt,AI,7.615111589530260,196.0545874656390,0.01891703935247820,0.4817916107973610,0.4369287020109690,0.05871559633027520,0.5319926873857400,0.49806029980727900,0.9813889543181330
11333001_AI.txt,AI,7.912405018479500,240.9191090389900,0.01226873305441210,0.30810795385148300,0.5166666666666670,0.026755852842809400,0.5966666666666670,0.69051749754399,0.9582152507844900
11336022_AI.txt,AI,7.280864754473780,155.51013037474500,0.009009780760775440,1.2024260600431800,0.5184135977337110,0.03418803418803420,0.6090651558073650,0.8502376293738620,0.9721636952593180
11393213_AI.txt,AI,7.4817874865503900,178.74852000563500,0.009499457277884870,0.3018317721083250,0.6076294277929160,0.010958904109589000,0.6948228882833790,0.6647507407722430,0.970643004852001
11441764_AI.txt,AI,7.89674805355247,238.31865123347000,0.021995315869070400,0.2731369327174620,0.4821150855365470,0.0405616224648986,0.5645412130637640,0.4527433688421720,0.9787020293834610
11480899_AI.txt,AI,7.524436400539790,184.11155965169500,0.021521803912819600,1.0087544262957600,0.417910447761194,0.048252911813643900,0.5107794361525710,0.6331002326962670,0.964534363394648
11522068_AI.txt,AI,7.009295652978500,128.8273994341970,0.006881722433621380,0.5306703482659010,0.6036036036036040,0.02727272727272730,0.7162162162162160,0.5755262751540150,0.9630039883627600
11580408_AI.txt,AI,7.5245964712315,184.13198843176600,0.06530949819680680,0.7988413933163410,0.44565217391304300,0.08363636363636360,0.519927536231884,1.4810613591897300,0.980486761173668
11584809_AI.txt,AI,7.592758320456410,193.04030909216,0.025339470290632300,0.5289351695893870,0.4475873544093180,0.048414023372287100,0.5224625623960070,0.9318761579572860,0.9504455332404830
11592605_AI.txt,AI,7.578728282273480,191.17211369174600,0.0074187884996589200,0.9904707887936380,0.4979508196721310,0.04938271604938270,0.5676229508196720,0.7413372115469700,0.9743775693379260
11698189_AI.txt,AI,7.6494458208304400,200.77639046809200,0.019335577966825400,0.3401944927348420,0.5283018867924530,0.06736842105263160,0.6121593291404610,0.4719212920275960,0.9475699054063600
11704150_AI.txt,AI,7.718707486570940,210.6504936501250,0.011123328155066800,0.5089735737040460,0.5045871559633030,0.09023941068139960,0.5853211009174310,0.8841094289548120,0.96175608183707
11722421_AI.txt,AI,7.63602964362587,198.9179480125140,0.019813071170217500,0.9215515174695340,0.4301587301587300,0.06687898089171970,0.5111111111111110,1.1213902242241200,0.949481740272721
11807040_AI.txt,AI,7.706798512284510,208.91880004332400,0.015918193001193500,1.2194422259010600,0.4717607973421930,0.07333333333333330,0.5382059800664450,1.1156969088967700,0.9511872275189040
11813872_AI.txt,AI,7.906655136013990,239.9608332392740,0.012211807090148000,1.6606622636332000,0.4103225806451610,0.062095730918499400,0.49290322580645200,0.6549483609170260,0.9568075535473290
11887930_AI.txt,AI,7.563846630333370,189.21027561479100,0.04677252084720460,1.2822596991566000,0.4662698412698410,0.10956175298804800,0.5436507936507940,0.8348616443067410,0.9826176114320540
11919526_AI.txt,AI,7.859610299810830,232.26215672903300,0.09879242926613610,1.9585315514186800,0.4389027431421450,0.1739674593241550,0.49063670411985000,2.443672847020510,0.9963507288360430
11958994_AI.txt,AI,7.751409810594990,215.47994780348500,0.008972867562753970,0.2430420473021490,0.49566724436741800,0.04173913043478260,0.5736568457539000,0.522961210011269,0.9448268301025880
11995013_AI.txt,AI,7.46998531783824,177.29220762412200,0.007993508902251200,0.4328130541187810,0.4726166328600410,0.06517311608961300,0.5415821501014200,0.8895717359398610,0.9460739963094090
12021752_AI.txt,AI,7.650200937555920,200.88150574881100,0.008802234586208770,0.7103756068737040,0.458128078817734,0.11367380560131800,0.5303776683087030,0.5049243414744580,0.9721112995331330
12022566_AI.txt,AI,7.75303622789473,215.72300536193500,0.01048112214859480,0.34674831324195600,0.47420965058236300,0.02003338898163610,0.5374376039933440,0.7469376425592550,0.9605111663335950
12059198_AI.txt,AI,7.260381761888590,153.31783935765800,0.015009248489563700,0.3410342127265910,0.4418052256532070,0.07159904534606210,0.5344418052256530,0.7423269220090450,0.9530157461271100
12059610_AI.txt,AI,7.337617230105020,161.7494762049110,0.01023903729943840,0.2695721240771860,0.4671201814058960,0.06150341685649200,0.5668934240362810,0.6831198774561180,0.9558125186109440
12065211_AI.txt,AI,7.649311135074100,200.75764745102300,0.013784253148735400,0.6622788582159490,0.5053763440860220,0.02877697841726620,0.5627240143369180,0.5676532279274240,0.9630217932001120
12071138_AI.txt,AI,7.293390750905920,156.86620361063900,0.010983231733199600,0.27725419205920900,0.3333333333333330,0.13761467889908300,0.39215686274509800,0.4694353838619180,0.992868977650001
12082377_AI.txt,AI,7.254016065222660,152.642835412888,0.015559009194840000,0.3632571774010810,0.45617977528089900,0.11286681715575600,0.5348314606741570,0.6076771812579760,0.9633390109292490
12085736_AI.txt,AI,7.681952554533880,205.35162513973000,0.012637468287624100,0.27053351979549400,0.43843843843843800,0.046686746987951800,0.512012012012012,0.43426253665969500,0.9857789737598730
12144825_AI.txt,AI,7.660269097607800,202.28830399211700,0.020554104885177000,1.88091602102333,0.508,0.03815261044176710,0.562,0.9728622473818960,0.9527939477266600
12155206_AI.txt,AI,7.650426720541080,200.91294633329200,0.03552362833620220,0.41622815853859000,0.464041095890411,0.0859106529209622,0.5325342465753420,0.7988728832589810,0.9771651907755410
12191094_AI.txt,AI,7.472010596931130,177.54126812599800,0.012844046726886600,0.5240162276937370,0.47415730337078700,0.09480812641083520,0.5573033707865170,0.7819848658824970,0.9782666374427520
12212468_AI.txt,AI,7.4916937197350000,179.98011623960900,0.011531929731744800,1.328925119859940,0.38971807628524000,0.13477537437604000,0.47761194029850700,0.7012715878436740,0.955089542617243
12254068_AI.txt,AI,7.461330522873420,176.2318072618910,0.014043520651719400,0.41030489095335900,0.43159922928709100,0.13539651837524200,0.5163776493256260,0.5314257726257980,0.9603846075022260
12351749_AI.txt,AI,7.415330725695900,170.70135803233900,0.015095009081075300,0.3934099732390600,0.5084745762711860,0.0705596107055961,0.6004842615012110,0.6556194418758550,0.9702567280105620
12545844_AI.txt,AI,7.271410712418160,154.49439757132100,0.012970361550497500,0.6510371875754450,0.5097493036211700,0.07282913165266110,0.5877437325905290,0.6067527606552370,0.9875283718569530
12547982_AI.txt,AI,7.558755499124790,188.54374760767000,0.011038858692965100,2.456309119622430,0.38814814814814800,0.1411589895988110,0.4562962962962960,0.8381027048521590,0.9596819819962550
12587973_AI.txt,AI,7.603719099597000,194.51250531210500,0.012991511923287200,0.40724180181348800,0.5123595505617980,0.033860045146726900,0.6089887640449440,0.8381363082510760,0.9553695240031110
12613221_AI.txt,AI,7.348909873392080,163.02053246731700,0.034508717555600400,0.9065967238864290,0.4627906976744190,0.11448598130841100,0.5511627906976740,1.215696594314200,0.9645976126690380
12632728_AI.txt,AI,3.521640636343320,11.484694984106900,0,2.9240773705026500,0.42857142857142900,0.0,0.8571428571428570,1.0101525445522100,1.0
12674256_AI.txt,AI,7.930302245379110,243.92642486246500,0.009846811326415080,1.4325129390263800,0.5109983079526230,0.03395585738539900,0.6040609137055840,0.8438243833288980,0.975301088286591
12674307_AI.txt,AI,7.483403164810430,178.94881311263600,0.013113117325679200,0.16092386965862200,0.49894736842105300,0.016913319238900600,0.5894736842105260,0.3725903719622760,0.962158387783799
12693146_AI.txt,AI,7.341558276285110,162.19193536382700,0.012243377247406400,0.7773233983033980,0.4484848484848490,0.08113590263691680,0.5212121212121210,0.6805946566278610,0.9621408637814840
12695537_AI.txt,AI,7.92817846941195,243.56760754700600,0.013212010792569400,0.5690679934860310,0.5423728813559320,0.027210884353741500,0.611864406779661,0.7416376947176600,0.9795825563186900
12696104_AI.txt,AI,6.51719181355276,91.59467444401480,0.013325048118160100,0.5773123558075170,0.4657534246575340,0.08755760368663590,0.5616438356164380,0.8479251299356940,0.9175578773633350
12717345_AI.txt,AI,7.511594521303390,182.47999744069000,0.010657611489630300,0.6010521300985630,0.41368078175895800,0.10947712418300700,0.48534201954397400,0.8978311460777250,0.9729127542547370
12780508_AI.txt,AI,7.546539152189510,186.95395121173500,0.015607590974604700,0.48258492574721000,0.44403669724770600,0.0570902394106814,0.5376146788990830,0.6923813260888750,0.976036128494608
12786012_AI.txt,AI,7.6124184686221800,195.68894803049100,0.016776515981632300,0.8374657968503430,0.4354561101549050,0.031088082901554400,0.5197934595524960,0.8127581135137040,0.982964965668599
12791244_AI.txt,AI,7.616433628301240,196.23432784890900,0.013484201320798100,0.4204625688945860,0.5050301810865190,0.046464646464646500,0.5774647887323940,0.8332566293634740,0.9545383974923500
12802330_AI.txt,AI,7.666862029358550,203.21485114801300,0.01238263861916330,0.2472392077025440,0.42569659442724500,0.034161490683229800,0.5139318885448920,0.5687375673469270,0.9599222844395930
12839152_AI.txt,AI,7.52286987735921,183.91175408677000,0.016715232549715400,0.33062543640087000,0.49706457925636000,0.0275049115913556,0.5694716242661450,0.8987777855121550,0.9396397733173220
12920612_AI.txt,AI,7.83141806696162,227.7674956891980,0.014499855074131300,1.3868987496044000,0.4340369393139840,0.041005291005291,0.503957783641161,0.7019942617652590,0.9583006210538110
12938200_AI.txt,AI,7.58282203542913,191.71534897793200,0.012469462651977600,0.6362582761608710,0.5250544662309370,0.0437636761487965,0.6100217864923750,0.5933782129634290,0.9559488439093780
12955994_AI.txt,AI,7.7386810457921900,213.5871504363950,0.02204877352816300,0.42091660984494100,0.4798136645962730,0.03894080996884740,0.5590062111801240,0.9823421751168020,0.954025169014247
13014900_AI.txt,AI,7.562225777811680,188.99781925276300,0.010611428073618800,0.6762263409756600,0.45330739299610900,0.068359375,0.5408560311284050,0.697676102689208,0.984895554945044
13037145_AI.txt,AI,7.285831932026870,156.04647221772300,0.016761614913739600,0.4809018469038410,0.5163043478260870,0.07103825136612020,0.6086956521739130,0.6690562850897880,0.977651722544221
13087952_AI.txt,AI,7.623368864909260,197.1799246641290,0.013596560113319600,1.9384161650548400,0.5403587443946190,0.04504504504504500,0.6188340807174890,0.7658408644214950,0.9580789075206940
13115648_AI.txt,AI,7.88476312105837,236.34706207086100,0.02152729939075440,0.3823680583647340,0.49300155520995300,0.0187207488299532,0.5769828926905130,0.9159352074107650,0.9439613694441140
13129275_AI.txt,AI,7.496985653199860,180.64151156797300,0.010579134910275000,0.5796100849492750,0.45083487940630800,0.06890130353817500,0.5213358070500930,0.9471803705667540,0.9742229922321470
13264796_AI.txt,AI,7.87999799775889,235.5677116276160,0.022729778977346000,0.34624346409846900,0.44398907103825100,0.03561643835616440,0.5204918032786890,0.7814135354784530,0.9755956981991350
13294301_AI.txt,AI,7.517049877069320,183.17132708005800,0.007853596613320190,1.1220490614476600,0.5549738219895290,0.031578947368421100,0.6492146596858640,0.7889584274192580,0.9575479922612590
13296856_AI.txt,AI,7.494184183590520,180.29107667681300,0.016976952153950000,0.8784268254985040,0.42628774422735300,0.05525846702317290,0.5026642984014210,1.378270402093920,0.9712924340474190
13313917_AI.txt,AI,7.745815092869850,214.64594274354400,0.01619525565452260,0.38397949074296500,0.4777397260273970,0.07731958762886600,0.559931506849315,0.6687931039111890,0.9581693782961160
13342150_AI.txt,AI,7.68710032990748,206.0856626287980,0.009044743088381310,0.5060557447011530,0.506398537477148,0.04220183486238530,0.583180987202925,0.9833121241705350,0.9639830643521720
13348915_AI.txt,AI,7.578638604460060,191.16023081710100,0.018690631979471500,0.5237652085229750,0.49407114624505900,0.05952380952380950,0.5711462450592890,0.8485250994961760,0.9604068544575430
13385306_AI.txt,AI,7.410966537170700,170.18576239960000,0.019786915049178700,1.2555339563266900,0.416044776119403,0.0375234521575985,0.4897196261682240,0.9054617435905060,0.9840949444878800
13386301_AI.txt,AI,7.595314865788540,193.3826917969710,0.020442680149980200,0.44432725938488500,0.3531746031746030,0.15649867374005300,0.43915343915343900,1.0521385411836900,0.9534270654093550
13393401_AI.txt,AI,7.631168297463660,198.24879647754800,0.014537525993940300,1.880427467374110,0.4547169811320760,0.043560606060606100,0.5433962264150940,0.7353882573106250,0.9577392324586800
13405229_AI.txt,AI,7.477512803849000,178.2196748208420,0.03406193501653350,0.6913234840718000,0.5664160401002510,0.037783375314861500,0.6290726817042610,0.47394814477776000,0.9288098552966660
13518263_AI.txt,AI,7.2422817177402400,151.4063305401740,0.011358974340110000,1.647763644368520,0.48746518105849600,0.05042016806722690,0.5793871866295270,0.7898247392657600,0.9565910646634180
13520837_AI.txt,AI,7.746073871985440,214.684447671917,0.0077654184246853300,0.6386555158443220,0.5307692307692310,0.019305019305019300,0.6076923076923080,0.6473622705025500,0.9362209924930390
13565152_AI.txt,AI,7.582765931697090,191.7078936688570,0.013083559278764300,1.3229610388149400,0.4805447470817120,0.0859375,0.5622568093385210,0.7856757801506050,0.965588292425066
13569152_AI.txt,AI,7.632758222103530,198.46739734948900,0.0501797483292198,0.9629405849143480,0.45359019264448300,0.07557117750439370,0.542907180385289,0.6166556677698530,0.9729573055048890
13727873_AI.txt,AI,7.722334786550360,211.18078860228700,0.009043239635399780,0.6188232719643820,0.49452554744525500,0.0347985347985348,0.5857664233576640,0.8411301859724050,0.9669447531840150
13764840_AI.txt,AI,7.252688491755130,152.5024375020350,0.013305423893351400,0.46993760078406900,0.5257142857142860,0.034482758620689700,0.6171428571428570,0.6276968705868600,0.9634094503798490
13807808_AI.txt,AI,7.11585527155219,138.7030086337270,0.04998437831960940,2.585319395923380,0.4955223880597020,0.08108108108108110,0.591044776119403,0.8083678043059170,0.9434918871865750
13809698_AI.txt,AI,7.603993234168020,194.54946923523100,0.010138930714091800,0.9766273994722490,0.47058823529411800,0.05511811023622050,0.5647058823529410,0.8452185892819800,0.9744854007025410
13812481_AI.txt,AI,7.42792354181065,172.197876516268,0.011677351030216300,0.916918777605906,0.49887640449438200,0.03611738148984200,0.5797752808988760,0.7114996820956490,0.9312461400513290
13836471_AI.txt,AI,7.37478865757454,165.9711478675310,0.0182795088370701,1.309291699942230,0.36198347107438000,0.10945273631840800,0.4297520661157030,0.9785182345958610,0.992411241886302
13888506_AI.txt,AI,7.680660365344490,205.1677786977680,0.020949247788196200,0.7089195701461280,0.5216494845360830,0.041407867494824000,0.6103092783505160,0.8744789074353750,0.958497797187888
13907230_AI.txt,AI,7.192198562264010,146.2404457043330,0.01258960493872330,0.5615901285475950,0.5821428571428570,0.03597122302158270,0.6714285714285710,0.7136040703574840,0.9753158804782790
13909762_AI.txt,AI,7.613576122672500,195.84603668184500,0.021355480754606200,0.4527749484850240,0.5110663983903420,0.08080808080808080,0.5895372233400400,0.8344543333468830,0.9643135861053320
13915715_AI.txt,AI,7.200328301698480,147.06685237037100,0.039906462309227900,0.5548342883131830,0.4875,0.135678391959799,0.54,0.8294366867888740,0.9586756584858640
13982572_AI.txt,AI,7.609353535410000,195.2736579687650,0.006863173325733960,0.33087416450028200,0.4900398406374500,0.024,0.5717131474103590,0.6674140312961320,0.9631758156245840
13998435_AI.txt,AI,7.521465229588130,183.7327796606270,0.03169713451282550,0.6635797181940990,0.405103668261563,0.1712,0.47527910685805400,0.7026454217002340,0.9662015679140710
14062078_AI.txt,AI,7.438254362182770,173.43537288777600,0.031869954775738,0.3994507145826730,0.483739837398374,0.04081632653061220,0.5528455284552850,0.8551054810373860,0.98447091034648
14070138_AI.txt,AI,7.51169398208165,182.49257822019400,0.009277863232631250,1.3524758528813500,0.4508670520231210,0.03288201160541590,0.535645472061657,0.5978930927397830,0.9695220839043350
14128006_AI.txt,AI,7.61282175096177,195.74365739435700,0.023021212125830200,2.153223818065810,0.4367816091954020,0.05271828665568370,0.5073891625615760,0.9672082492715020,0.9838065466710580
14241621_AI.txt,AI,7.615408095710680,196.0948852203960,0.011321140304382300,0.5431521331282800,0.40029761904761900,0.10597014925373100,0.4880952380952380,0.4604739601710070,0.9535903297752170
14248724_AI.txt,AI,7.037828520630710,131.40064258555100,0.03100064029137060,0.32229054467422500,0.4778761061946900,0.08902077151335310,0.584070796460177,0.5667050684580160,0.9788658660691810
14256329_AI.txt,AI,7.546591391419390,186.9607208387010,0.017213483463445500,0.5416597301418320,0.449901768172888,0.03747534516765290,0.5520628683693520,0.943486980533653,0.9902179587051320
14267489_AI.txt,AI,7.5216876166571800,183.76110369486000,0.008378169198521240,0.7281373578717570,0.5288683602771360,0.060324825986078900,0.6027713625866050,1.0423264095900100,0.9467529466251980
14278888_AI.txt,AI,7.724096793231350,211.43886759475300,0.02022857200381830,1.400041152086750,0.4974182444061960,0.04145077720207250,0.5662650602409640,0.7406451071323150,0.9863558739861780
14364597_AI.txt,AI,7.501106100632410,181.15817501174800,0.018988802849715400,0.41760797721009400,0.45590994371482200,0.10357815442561200,0.5196998123827390,0.5886119674610810,0.9771732329888210
14381464_AI.txt,AI,6.530626648779010,92.45161706242430,0.0072507801704159200,0.30011595071571300,0.5882352941176470,0.023809523809523800,0.6764705882352940,0.41686846324449600,0.8936203204185980
14391434_AI.txt,AI,7.808204242635600,224.13190855649100,0.015501983273726500,0.4640675699153720,0.5152603231597850,0.03963963963963960,0.5834829443447040,0.8296877222165830,0.9783617598330010
14408510_AI.txt,AI,7.729372356278780,212.21346028832300,0.016539336893236000,0.2965987631661490,0.45077720207253900,0.07279029462738300,0.5371329879101900,0.48939319161444600,0.9833442810443440
14445309_AI.txt,AI,7.4599313600336900,176.06097596408100,0.020093843266345000,2.0885628458172400,0.4499054820415880,0.06072106261859580,0.5160680529300570,0.900568865881678,0.990153182824725
14449423_AI.txt,AI,7.704609404788270,208.602032541124,0.015276750165046300,0.5182010522453710,0.49295774647887300,0.037102473498233200,0.5669014084507040,0.7884365537562810,0.9547317787777840
14517953_AI.txt,AI,7.574746564892330,190.64522210542400,0.03401351808912890,0.5935924501046220,0.49122807017543900,0.09197651663405090,0.5633528265107210,0.861707862209369,0.9622892715969890
14528265_AI.txt,AI,7.205120976418980,147.55622511962100,0.034694289020108200,0.8632158661114640,0.5692771084337350,0.048484848484848500,0.6355421686746990,1.4666422190016500,0.9851527977368810
14536764_AI.txt,AI,7.600228647447100,194.0424711562460,0.009177332580379780,1.3660124441752000,0.47775628626692500,0.06990291262135920,0.5705996131528050,0.5738204420416700,0.9559102621155950
14554542_AI.txt,AI,7.4646985357934500,176.64370607439800,0.02167093418262950,0.9221575097377870,0.41228070175438600,0.10915492957746500,0.4807017543859650,0.5186453735399640,0.9618775429261810
14589288_AI.txt,AI,7.2188775266875400,148.9699495050660,0.011520917078710200,0.24270888436257800,0.49066666666666700,0.03753351206434320,0.5786666666666670,0.5499353766748590,0.9751051689688310
14667957_AI.txt,AI,7.354486675422030,163.65191513961400,0.014977510660831500,0.4152646920143650,0.43042671614100200,0.08193668528864060,0.4842300556586270,0.7035375829307250,0.9800199681796240
14708590_AI.txt,AI,7.5093984440244600,182.20243682303600,0.016679907283638600,0.3834786223358000,0.433392539964476,0.1140819964349380,0.5062166962699820,0.5231249630599320,0.9666181911354860
14726000_AI.txt,AI,7.6243213535278100,197.3101487519510,0.015856980736757300,1.4038906287577800,0.4708097928436910,0.06049149338374290,0.5649717514124290,0.9982238611378650,0.9554666117127830
14743911_AI.txt,AI,7.531002839041650,184.95145489496000,0.033342318742565700,0.40290878803284,0.37791601866251900,0.22464898595943800,0.4432348367029550,0.6870295280673670,0.9856896518528870
14771530_AI.txt,AI,7.389967215416450,167.72654414172400,0.008214667258938820,0.4551475568969870,0.5273224043715850,0.04120879120879120,0.6338797814207650,0.7202367728047500,0.9537841031250150
14825300_AI.txt,AI,7.750426967256120,215.3332009840930,0.014313852613215600,2.1365227074274700,0.4056737588652480,0.11095305832147900,0.48936170212766000,1.240343570713580,0.9727279006924220
14874322_AI.txt,AI,7.081310391410730,135.4212556767610,0.004657979275478620,0.25062277751025200,0.3493282149712090,0.3930635838150290,0.40307101727447200,0.5612857171527840,0.9580386668609490
14886205_AI.txt,AI,7.776068146020590,219.1945543028100,0.010374116563611600,0.3311566083644540,0.5522388059701490,0.008565310492505350,0.6311300639658850,0.54211200983305,0.9669941524349310
14910300_AI.txt,AI,7.607435975042590,195.0142820943230,0.016466416275163300,1.076152029139190,0.4758220502901350,0.06601941747572820,0.5415860735009670,1.1746454965960400,0.9238139232171520
14937492_AI.txt,AI,7.956680734770920,248.4274417328000,0.013400277517898000,0.8569409818677060,0.4574175824175820,0.03856749311294770,0.5315934065934070,0.6363638551948200,0.9530446382967460
14945250_AI.txt,AI,7.792862171748880,221.76104822617200,0.01301279073808540,1.334206863482460,0.43434343434343400,0.059334298118668600,0.5093795093795090,0.5722299805842700,0.9621456495966290
14990354_AI.txt,AI,7.661303486078810,202.4333933657950,0.01687234914864940,1.0944604362827600,0.444253859348199,0.029259896729776200,0.5283018867924530,0.6691165240147950,0.9548176028848740
15119529_AI.txt,AI,7.7862272812090900,220.74352057154300,0.007341484477930130,0.67912611348203,0.499151103565365,0.05110732538330490,0.5840407470288620,0.5522278920664260,0.9709520193402070
15139979_AI.txt,AI,7.45417277478448,175.3596209578260,0.0683337131578701,0.3516116154368100,0.44696969696969700,0.06273764258555130,0.5170454545454550,0.833734482439133,0.9642258265623290
15180322_AI.txt,AI,7.436758644374420,173.25565649397800,0.011371896010002300,0.7023119031926190,0.5737704918032790,0.04945054945054950,0.6584699453551910,0.7051527404689600,0.9361306974649000
15224503_AI.txt,AI,7.625787420385050,197.51075725847200,0.01741636672924450,0.36610055892408700,0.4881422924901190,0.06349206349206350,0.5612648221343870,0.6385338017812520,0.9824176080295840
15297298_AI.txt,AI,7.800165152821160,222.88645771802400,0.00844293908221058,1.3089750296791400,0.49023090586145600,0.0374331550802139,0.5808170515097690,0.5688842631798830,0.9785888292118290
15306049_AI.txt,AI,7.389584222452260,167.68202360301700,0.007533947051886700,1.8959946418305200,0.5761194029850750,0.03003003003003000,0.6716417910447760,0.7359088547698350,0.9535212598376410
15313140_AI.txt,AI,7.726014333708890,211.72008582839600,0.009591785379060340,0.2807034347430040,0.48845470692717600,0.0392156862745098,0.5612788632326820,0.6444169924521610,0.9693111636718500
15353911_AI.txt,AI,7.115405979173130,138.65981967124700,0.007420399727011070,0.9734140631045390,0.5846153846153850,0.03875968992248060,0.676923076923077,0.722913238428968,0.9808256227649300
15354126_AI.txt,AI,7.383563964936870,166.98375709462900,0.011926974611217200,0.5008410988849830,0.47547974413646100,0.06852248394004280,0.5458422174840090,0.7256420130407710,0.9689086990157470
15363277_AI.txt,AI,7.71928487833597,210.73481653121200,0.020949933254894200,0.9472269730744080,0.4299835255354200,0.0628099173553719,0.5255354200988470,0.536385275912583,0.9823681310648770
15425154_AI.txt,AI,7.733367564283960,212.8019505230290,0.011361655580405500,1.2050481113416000,0.4308823529411770,0.08702064896755160,0.5058823529411760,0.8191895209198070,0.9478836473820320
15433732_AI.txt,AI,7.33645644030555,161.61938521377500,0.015069802125600500,2.1798947133160400,0.38016528925619800,0.07960199004975120,0.4462809917355370,0.7427790425427780,0.9473599837281000
15564893_AI.txt,AI,7.633973710393070,198.6346790276510,0.01995637985902240,0.9695943497202130,0.5075187969924810,0.04716981132075470,0.5695488721804510,1.1336316405596800,0.9412807347894550
15603319_AI.txt,AI,7.65635860323174,201.74073424602400,0.030228871329527000,0.5557375329242060,0.48312611012433400,0.0766488413547237,0.5470692717584370,0.7728469963105360,0.9678428553795190
15618327_AI.txt,AI,7.497982660551690,180.76639115495100,0.04438987240757390,0.5161898399726110,0.4775510204081630,0.13319672131147500,0.5387755102040820,0.8965878741919460,0.9775471740785440
15620421_AI.txt,AI,7.760965059308220,216.91184988538800,0.011998006751351900,0.3262471658751930,0.47974068071312800,0.022764227642276400,0.5640194489465150,0.8072775228078310,0.9697737549006810
15636923_AI.txt,AI,7.728449647538820,212.07777769112400,0.01799864483566940,0.4069383371952130,0.47603305785124000,0.03648424543946930,0.5586776859504130,0.7722242493579710,0.9726668541346060
15651486_AI.txt,AI,7.602879049387650,194.39927784324700,0.043574274306028900,1.6029250950087200,0.44990892531876100,0.08043875685557590,0.5373406193078320,0.6850641030116700,0.9697689281292910
15680735_AI.txt,AI,7.598604313165150,193.8241211521560,0.03524701755082530,1.1192656770849000,0.36363636363636400,0.10814094775212600,0.43272727272727300,0.6860201099710910,0.9263028812111090
15684810_AI.txt,AI,7.609146901189240,195.2456913302820,0.014667290523944600,2.0485557925415600,0.4959839357429720,0.15120967741935500,0.572289156626506,0.7032926600985190,0.9838156192796620
15699744_AI.txt,AI,7.863039752437780,232.81492742267400,0.011188154400011400,1.84617610510996,0.4688,0.0738362760834671,0.5392,0.6942236547097920,0.9638866452895380
15717923_AI.txt,AI,7.781378006073050,220.0027894919200,0.011365985441514600,1.4018550225191400,0.5028571428571430,0.02676864244741870,0.5885714285714290,0.6834329397171160,0.9659824905611270
15721849_AI.txt,AI,7.39907298494929,168.7885213341760,0.06390574934090140,0.521653176331952,0.4555084745762710,0.07659574468085110,0.5338983050847460,0.8183248091473000,0.9627012804668610
15727656_AI.txt,AI,7.6075592860117700,195.03095119428900,0.013301324582860700,0.43407601823573500,0.4793536804308800,0.05045045045045050,0.5529622980251350,0.6435672008768190,0.9529095669005110
15746146_AI.txt,AI,7.311794479065400,158.88008384117200,0.014915665095373100,0.3388023438501000,0.45588235294117600,0.06751054852320680,0.5378151260504200,0.532054492315512,0.9478212498963110
15765660_AI.txt,AI,7.87250085509623,234.3467302068620,0.03609610916567750,0.5159627156914940,0.46911764705882400,0.05014749262536870,0.5411764705882350,0.6597823009256430,0.9531000696712560
15790602_AI.txt,AI,7.8412018914067600,229.31738007747400,0.00971152530999047,0.6577809272509820,0.3979591836734690,0.0639386189258312,0.49107142857142900,0.5175327937004840,0.9509099444801910
15791766_AI.txt,AI,7.673352045406450,204.13107983665000,0.016948633512384400,0.2550136620769810,0.4904580152671760,0.022988505747126400,0.5763358778625950,0.5567715677495190,0.9579539378403660
15792052_AI.txt,AI,7.678636400774080,204.8801495317740,0.009590034747798000,0.3278313067209200,0.45691056910569100,0.10114192495921700,0.5317073170731710,0.6997762023027270,0.9714409989913650
15802627_AI.txt,AI,7.801768015001560,223.13422650928800,0.06166831224763780,0.4396069605327760,0.44753086419753100,0.10835913312693500,0.5246913580246910,0.9278609538831200,0.9825622254365900
15811992_AI.txt,AI,7.491038197392600,179.89835662695100,0.054373520651622500,1.2503912408009900,0.4166666666666670,0.0711743772241993,0.5177304964539010,0.7704227155632830,0.9535297154850330
15821633_AI.txt,AI,7.867215938054130,233.4898357816550,0.012729945150574000,0.3997373709249400,0.4619883040935670,0.04398826979472140,0.554093567251462,0.5073977413156450,0.9791061382087390
15891494_AI.txt,AI,7.588800228766030,192.51142110854200,0.013606976479476000,0.2661396857839310,0.49250936329588000,0.05827067669172930,0.5674157303370790,0.6690424002155130,0.98285761369821
15899269_AI.txt,AI,7.258634542738940,153.1322715759660,0.038742324336633600,1.1804766620860400,0.46954314720812200,0.1556122448979590,0.5482233502538070,1.3017640888152700,0.9778893958047080
15906625_AI.txt,AI,7.362080235289030,164.51556045224200,0.014931033490369600,0.6033658452405530,0.464818763326226,0.07708779443254820,0.5309168443496800,0.9836586062106220,0.9939794855843360
15917885_AI.txt,AI,7.159492147754260,142.9624197050770,0.014631905091056500,2.187932107362900,0.46236559139784900,0.05945945945945950,0.5564516129032260,0.6253831959496390,0.9886189885188020
15918496_AI.txt,AI,7.735005467926960,213.04368353683200,0.01019619935047460,0.36485529824944200,0.4866220735785950,0.07550335570469800,0.5585284280936450,0.6473668274001190,0.9376064630598030
15936656_AI.txt,AI,6.955837225475270,124.141117300605,0.03191961055947590,0.34778793453448500,0.4984126984126980,0.11182108626198100,0.5936507936507940,0.46639791037731000,0.9258703356634460
15941675_AI.txt,AI,7.364106978075250,164.7468394353540,0.05657379933120060,0.4982242371136730,0.4681724845995890,0.1134020618556700,0.5195071868583160,1.05700652586819,0.9454716943510120
15958967_AI.txt,AI,7.8502582598914600,230.76142382186100,0.013898252631009000,0.8225902372637890,0.42216687422166900,0.0773067331670823,0.4937810945273630,1.0114861442639100,0.9851194563178830
15973307_AI.txt,AI,7.276466948581500,155.03680647314700,0.01491537871808110,0.35031304653518300,0.5337423312883440,0.037037037037037000,0.6288343558282210,0.7887293860620090,0.9641664217459720
16203589_AI.txt,AI,7.87376365026526,234.55194438118400,0.01002922710170770,1.0799066473296700,0.5077720207253890,0.03466204506065860,0.6096718480138170,0.6606604447915270,0.9615235651353020
16223371_AI.txt,AI,7.37881923084561,166.43548314722600,0.005201733642043730,1.3139925640770800,0.4459770114942530,0.05542725173210160,0.5471264367816090,1.0311481186307100,0.9522869683971120
16248476_AI.txt,AI,6.969759116109350,125.34486776324500,0.021375211087955800,0.3242299347755590,0.5231316725978650,0.07885304659498210,0.6014234875444840,0.6753335191581930,0.9808873052659660
16270906_AI.txt,AI,8.006215383090130,257.105272011094,0.010965185222370500,0.2623242406371830,0.4507462686567160,0.03293413173652700,0.5537313432835820,0.635877897627981,0.9558058511877250
16276121_AI.txt,AI,7.528439306591470,184.62310548563800,0.014613521230679300,1.4714184045487000,0.5371702637889690,0.014457831325301200,0.6163069544364510,0.622010223097563,0.973736793181813
16300459_AI.txt,AI,7.883200903785570,236.09127299751500,0.01182518003424700,0.6282469821641230,0.4870967741935480,0.0744336569579288,0.5725806451612900,1.1163678719809000,0.9566623372213500
16332348_AI.txt,AI,7.89921323957109,238.7262231856850,0.018212872257723100,0.30204021453848900,0.4924698795180720,0.0513595166163142,0.5632530120481930,0.7392068385237850,0.9509636955550670
16378091_AI.txt,AI,7.459629824130080,176.02418152287300,0.006498702892495800,0.2603502922379640,0.509090909090909,0.033942558746736300,0.6181818181818180,0.4793773720855000,0.9761951498224010
16407619_AI.txt,AI,7.678502935802000,204.86119676776100,0.009778469205264830,1.0739899898991600,0.44293015332197600,0.03595890410958900,0.5358361774744030,0.7161294194928440,0.9643451883355810
16449850_AI.txt,AI,7.458286549889600,175.8603640153260,0.010083589652047000,0.31696431343292000,0.3708609271523180,0.23754152823920300,0.4552980132450330,0.631727072978321,0.9924208666622120
16605352_AI.txt,AI,7.758742720631580,216.5779744007420,0.008233890761166490,0.7112764519375120,0.538878842676311,0.025408348457350300,0.6094032549728750,0.8929563307356600,0.9659718447499560
16702198_AI.txt,AI,7.760849860596640,216.89453023895500,0.015144629394964500,0.48824206421773500,0.43681747269890800,0.028169014084507000,0.5241809672386900,1.0311181444078800,0.9686227173215130
16833515_AI.txt,AI,7.645292373446120,200.199196464781,0.012325986248382400,0.41936484076516300,0.5,0.07662835249042150,0.5916030534351150,0.8836386828731010,0.9402490472064760
16861758_AI.txt,AI,7.511890013600300,182.51737675822800,0.01517988344223970,0.40191062677574400,0.4892241379310350,0.03896103896103900,0.5883620689655170,0.6980501089588900,0.9896230139132120
16877897_AI.txt,AI,7.342688859332930,162.3190885851700,0.023573044995797900,2.030725266613280,0.48661800486618000,0.05867970660146700,0.5620437956204380,0.7338274709774660,0.9445543896869630
16887936_AI.txt,AI,8.124431175225990,279.05993031793300,0.013463833967593500,0.35201173136898100,0.4717887154861950,0.024067388688327300,0.5618247298919570,0.6129337609146890,0.9756138341640020
16893572_AI.txt,AI,7.692314272652280,206.8318098239300,0.012387406320097500,0.8286552469143730,0.42136498516320500,0.06547619047619050,0.49258160237388700,0.6853371168742090,0.9735860986226550
16985289_AI.txt,AI,7.647335253975540,200.4828827110290,0.012929214115890400,0.3997243838274140,0.4225352112676060,0.061224489795918400,0.5070422535211270,0.7193320179776250,0.9698744548571990
17021141_AI.txt,AI,7.695242016725480,207.25197170386800,0.032241550649898700,0.719892938099521,0.3740053050397880,0.07313829787234040,0.45490716180371400,0.6501542159144170,0.9657638517833620
17043822_AI.txt,AI,7.657740424404390,201.9340551878900,0.024553926385776800,0.36971336618596800,0.41192411924119200,0.15217391304347800,0.46747967479674800,0.9516368907461170,0.966118926651168
17095812_AI.txt,AI,7.573456938908350,190.47488036981400,0.01724629360886620,0.7072576710811210,0.4865424430641820,0.056133056133056100,0.5693581780538300,0.8004789648923460,0.962561293561869
17103000_AI.txt,AI,7.575282855462870,190.71610350264900,0.015149399288881600,0.413220205651873,0.42521008403361300,0.09612141652613830,0.49411764705882400,0.7378905737857790,0.9839768088965860
17108676_AI.txt,AI,7.470029478561410,177.29763460051600,0.019181192870651600,0.570014385608621,0.5717884130982370,0.035443037974683500,0.6397984886649880,0.727724330701862,0.9758128728406090
17111768_AI.txt,AI,7.930327936957,243.93076875384000,0.021183370881676600,0.5968470029153520,0.4574175824175820,0.048209366391184600,0.5343406593406590,0.8265005877582670,0.9583614845291970
17115815_AI.txt,AI,7.368813446730640,165.2851666182240,0.018148252109710300,5.612981091270940,0.4930555555555560,0.04186046511627910,0.5671296296296300,2.2796133638135600,0.9697471278839120
17131084_AI.txt,AI,7.815542559428950,225.2748674242000,0.018417973390192200,0.30206273729675300,0.48058252427184500,0.02922077922077920,0.56957928802589,0.6341800287931650,0.9874425372552720
17132168_AI.txt,AI,7.508306148544850,182.06453964397800,0.021250287260065600,0.6721171690435540,0.45528455284552800,0.02857142857142860,0.5528455284552850,0.668350046002101,0.9671964258021840
17150707_AI.txt,AI,7.2577855955040200,153.04218810507200,0.01789975617247810,0.39136295173260000,0.4254473161033800,0.05788423153692620,0.49304174950298200,0.6340712967926130,0.9564699245670700
17152392_AI.txt,AI,7.638363221959650,199.23996078738500,0.014125177938179500,1.0337701261426300,0.4233937397034600,0.024793388429752100,0.5189456342668860,0.7501116082288240,0.9223584022086520
17163375_AI.txt,AI,7.418815289143970,171.11415395464400,0.006871736605348440,0.4016377844280880,0.5666666666666670,0.012195121951219500,0.6909090909090910,0.651709848138827,0.9780489150469770
17254634_AI.txt,AI,7.462764614878820,176.40707526595700,0.01948476545997700,0.8577483412739010,0.46484375,0.03137254901960780,0.544921875,1.113067574953630,0.9575497190037390
17274759_AI.txt,AI,7.468030764826880,177.052176031661,0.019978773750579800,0.6600635217034890,0.4601941747572820,0.06237816764132550,0.5281553398058250,1.3701650128363000,0.9804527147735820
17276884_AI.txt,AI,7.740984459546330,213.92843707261400,0.028567070066325800,0.2905870145767220,0.4245562130177520,0.050445103857566800,0.5118343195266270,0.4837570686822210,0.9860806819740080
17286050_AI.txt,AI,7.17662964063958,144.67076887835500,0.016104472629149700,0.5349322005322810,0.5626911314984710,0.07384615384615390,0.6330275229357800,0.8004088896358530,0.9514392704102740
17306905_AI.txt,AI,7.730239876622650,212.34110670784200,0.013147780267962900,0.9897707130779390,0.4209770114942530,0.031654676258992800,0.5179340028694410,0.6075175523729510,0.9859581095651700
17307206_AI.txt,AI,7.792186546416930,221.6572201125460,0.008965053039758380,0.5389715360795140,0.47920133111480900,0.04340567612687810,0.5723793677204660,1.0265014747533900,0.9537915797886200
17311685_AI.txt,AI,7.059261522823630,133.3673327261930,0.014124963607972900,1.977896292010480,0.5314685314685320,0.07394366197183100,0.6083916083916080,0.997603640322674,0.965833866781195
17312146_AI.txt,AI,7.222139846262820,149.30719158118300,0.012146941822550500,0.6410142082916380,0.5013262599469500,0.064,0.5809018567639260,0.7242399438448830,0.9673562548377790
17325147_AI.txt,AI,7.787214440164310,220.89461522819600,0.019699817378339800,0.3807413322446810,0.5095057034220530,0.04580152671755730,0.5855513307984790,0.7462123705906940,0.9839220519459650
17342969_AI.txt,AI,7.665628629212110,203.0411913593530,0.02461476449485560,0.2334316735758780,0.3864306784660770,0.1301775147928990,0.4778761061946900,0.4203319111015520,0.9508038414019440
17378327_AI.txt,AI,7.316764449878390,159.42835705603700,0.00588130060099475,2.1030180774720300,0.5830388692579510,0.06761565836298930,0.6890459363957600,0.6953154804216380,0.9693525764694170
17392859_AI.txt,AI,7.727492548510160,211.93712972685000,0.023688985703959400,0.2715320889513390,0.40629095674967200,0.04730617608409990,0.49148099606815200,0.45229560394993900,0.9724493959646100
17396388_AI.txt,AI,7.670328328885960,203.703693502252,0.013053594026852100,0.28493886973051900,0.44227642276422800,0.048939641109298500,0.5349593495934960,0.5238134633365760,0.9377097097610130
17407184_AI.txt,AI,7.462334588730170,176.35450119565900,0.0581229127893023,0.8939430731765380,0.4354243542435420,0.07592592592592590,0.5129151291512920,0.9449763041531840,0.9839810018779160
17410700_AI.txt,AI,7.439647841085630,173.60297260969600,0.008231677262474110,0.3536199400682240,0.47520661157024800,0.058091286307053900,0.5475206611570250,0.6455445282200260,0.9429581425668260
17412079_AI.txt,AI,7.634288311119510,198.67799894387700,0.01025655886007360,0.40172499999270000,0.4706959706959710,0.003676470588235290,0.5421245421245420,0.8504845755596290,0.9696412488333930
17421910_AI.txt,AI,7.6223435003008500,197.03983304427100,0.013779766053902700,0.35763913291871800,0.5443037974683540,0.02754237288135590,0.6139240506329110,0.5761059268886760,0.9242272067885650
17422560_AI.txt,AI,7.641067919394750,199.61383693485300,0.011970620911730200,0.34919731407891200,0.4391080617495710,0.10327022375215100,0.5248713550600340,0.7783833153070600,0.9725698212002020
17431847_AI.txt,AI,7.774930299304860,219.02174475654800,0.03976767970616790,1.0936814024263100,0.4757785467128030,0.08680555555555560,0.5501730103806230,1.5321269199642000,0.9827370984701800
17432318_AI.txt,AI,7.668787218012710,203.48621000424600,0.015817370312168400,0.9080528589913170,0.5134615384615380,0.06563706563706560,0.5884615384615390,1.1062306729498800,0.9726921371369190
17481570_AI.txt,AI,6.967305130151600,125.1318406994200,0.02630658278911630,0.5039748332379090,0.45454545454545500,0.08849557522123890,0.533724340175953,0.7326700364857200,0.984321533187224
17483843_AI.txt,AI,7.4370664106243200,173.29262059942900,0.01604398489382100,1.0372672408375400,0.47568710359408000,0.12738853503184700,0.5560253699788580,0.6094251404361310,0.9537201122643890
17488801_AI.txt,AI,7.327943337061080,160.66850438322200,0.02188419406757860,0.49421766096170800,0.41308089500860600,0.0535405872193437,0.47160068846815800,0.5825973614618460,0.9668805004500670
17499196_AI.txt,AI,7.3329382661038700,161.22573832732100,0.01535711723951860,1.2354469684012800,0.3880070546737210,0.22831858407079600,0.4673721340388010,1.329175108057510,0.9609950123348240
17509935_AI.txt,AI,7.12095778159808,139.19444064408800,0.011501153556758200,0.5491922643394750,0.5104477611940300,0.036036036036036000,0.5940298507462690,0.6358567091806410,0.9556777808503510
17510973_AI.txt,AI,7.698687301409580,207.74749938006000,0.0076512819137337300,1.328018758749630,0.5038610038610040,0.01937984496124030,0.5791505791505790,0.9677873154591560,0.9586518656068840
17539842_AI.txt,AI,7.436189155426140,173.18727911175900,0.010654166340875000,0.3559896436341340,0.4347048300536670,0.12567324955116700,0.516994633273703,0.7194743802449450,0.9706678746127660
17545780_AI.txt,AI,7.717972739935550,210.5432392884390,0.010385210816354400,0.7298733070295380,0.4756756756756760,0.0433996383363472,0.5747747747747750,0.8107800794976920,0.969231151670122
17555081_AI.txt,AI,7.7115358315712100,209.60594580621000,0.016884193444264900,2.6354154502149300,0.47278911564625900,0.08020477815699660,0.5408163265306120,1.2376852746480400,0.9743252941086620
17556527_AI.txt,AI,7.5008746437520400,181.12911346962400,0.01479854725069750,0.7879549364489230,0.44669117647058800,0.06642066420664210,0.49816176470588200,0.9709579661132620,0.9908788798653520
17562754_AI.txt,AI,7.477862406974480,178.26286738988600,0.018987977862680300,2.446328927292340,0.43157894736842100,0.03873239436619720,0.5175438596491230,0.9807131080755670,0.9774487523335020
17570634_AI.txt,AI,7.6857322312093700,205.8903255149870,0.012616150183944700,0.4419127211595710,0.4469820554649270,0.04091653027823240,0.5089722675367050,0.8310820583240460,0.9835597568457700
17571262_AI.txt,AI,7.681369487005850,205.26864871782800,0.011978710844450600,0.26248663099533800,0.45571955719557200,0.053703703703703700,0.5553505535055350,0.42381419189005800,0.964063147897712
17576030_AI.txt,AI,7.22649356840132,149.75844692836400,0.048126455696326,0.8353311511877970,0.4538834951456310,0.15365853658536600,0.5266990291262140,1.4576955389541800,0.9808038644194450
17584743_AI.txt,AI,7.575858463313370,190.79221077812900,0.014818831775440700,0.41288769985742900,0.4684512428298280,0.036468330134357000,0.5506692160611860,0.6716361594500720,0.951126549018723
17597372_AI.txt,AI,7.726224581408880,211.75094259543800,0.008474181177862410,0.5265755259395420,0.543424317617866,0.02493765586034910,0.6699751861042180,0.8092508159864440,0.9607744576920430
17602815_AI.txt,AI,7.615149526391070,196.05974295115600,0.033490531831470000,1.328360951156600,0.4881889763779530,0.02766798418972330,0.5748031496062990,0.9971594599932240,0.9755138215956770
17624934_AI.txt,AI,7.783559243337710,220.33566734931100,0.017494878804090100,0.4497508862639640,0.4593698175787730,0.03993344425956740,0.5522388059701490,0.7374036196333680,0.9465257907491600
17640785_AI.txt,AI,8.056435722919550,266.21272486194000,0.032488221073464200,3.0585846192221600,0.5055555555555560,0.08217270194986070,0.5611111111111110,1.9400523588312900,0.998050944372015
17641670_AI.txt,AI,7.6782657721892400,204.82752254909100,0.014333586065191600,0.3393637863054230,0.4557823129251700,0.02218430034129690,0.54421768707483,0.6213945602773480,0.9406675242087810
17655479_AI.txt,AI,7.545180186643690,186.77793039703300,0.023624419560713900,0.32099357473452600,0.4491869918699190,0.08571428571428570,0.5548780487804880,0.48898010109036500,0.9541156934554230
17658471_AI.txt,AI,7.656678568691100,201.78548190472100,0.012068595439103400,0.6174280632789550,0.5069582504970180,0.059880239520958100,0.5924453280318090,1.0800691696765400,0.9970776689651560
17659053_AI.txt,AI,7.893408065155830,237.76755704648900,0.009192183709774920,0.5120748705487060,0.5279187817258880,0.03735144312393890,0.6023688663282570,0.7982969872339770,0.9430135140978490
17660419_AI.txt,AI,6.904364534427460,119.7900719762300,0.023083236777958400,3.8128291931403000,0.5607843137254900,0.04743083003952570,0.6274509803921570,1.301671359278650,0.9954840308855300
17681064_AI.txt,AI,7.435856208358040,173.14731533423700,0.021022318748455800,2.0181341820679000,0.4421906693711970,0.06109979633401220,0.5192697768762680,0.7726917696554280,0.9609051895291380
17686472_AI.txt,AI,7.659972625225430,202.24673821976200,0.008085245209096330,0.7486941806449980,0.5345622119815670,0.058004640371229700,0.6189376443418010,0.7235772585501010,0.9573463670414600
17688766_AI.txt,AI,7.503170977529400,181.41764575458800,0.02808402075300350,0.6644176457768410,0.5100222717149220,0.053691275167785200,0.5902004454342980,0.7676441688015970,0.9661765426101740
17694454_AI.txt,AI,7.567796758661080,189.72904707219400,0.021693615259125900,1.4863421221867600,0.534521158129176,0.035794183445190200,0.6146993318485520,0.9872491090059700,0.9503459817504070
17694572_AI.txt,AI,7.396956314245490,168.54106241211500,0.008265839299810690,4.1621630368205000,0.5838323353293410,0.04819277108433740,0.6856287425149700,1.7133563254758800,0.957513372253349
17704246_AI.txt,AI,7.499397523977550,180.94375726637500,0.01265650496338370,0.5493720881854520,0.49213483146067400,0.045146726862302500,0.5797752808988760,0.820422269016667,0.957588069162255
17714174_AI.txt,AI,7.698452584370480,207.713702971152,0.015873511298318800,1.0739182999304500,0.42484662576687100,0.06769230769230770,0.5138036809815950,0.5487322820075140,0.9505880136668720
17730889_AI.txt,AI,7.787230712447690,220.89710673190500,0.01940991225757270,0.4722535645705950,0.5073891625615760,0.03459637561779240,0.5878489326765190,1.0180753242263700,0.9644647866436070
17775916_AI.txt,AI,7.552890426793010,187.77880564401400,0.007648962164440210,0.2772194033610190,0.43309859154929600,0.10070671378091900,0.49295774647887300,0.6735100350953940,0.9628145788174030
17781039_AI.txt,AI,7.878461296208560,235.31692782835200,0.013315854713833900,0.5975890222081390,0.5928853754940710,0.01984126984126980,0.66600790513834,0.8261365039890790,0.9644671853490570
17812897_AI.txt,AI,7.6802155598935,205.10453201237100,0.013308423500672400,1.2600988423167000,0.44669117647058800,0.07564575645756460,0.5496323529411770,1.0010401039803300,0.9596825678616310
17818707_AI.txt,AI,7.628649278374100,197.90294599638500,0.02880944657781050,1.0149590470604600,0.48296593186372700,0.06237424547283700,0.5771543086172350,0.788996742127113,0.9447976406652750
17823436_AI.txt,AI,7.771914581911890,218.5643938919070,0.014159974764182600,1.2246908214006600,0.5685840707964600,0.008888888888888890,0.6438053097345130,0.7316085008472920,0.945526797902583
17847636_AI.txt,AI,7.517945901663290,183.28512589915400,0.011558204216417400,0.5549692831105700,0.4786150712830960,0.026584867075664600,0.5661914460285130,0.9547496490637520,0.9890322572601560
17855844_AI.txt,AI,7.871930252376200,234.25406166798600,0.013783906641616800,0.8033336361420920,0.4807073954983920,0.025806451612903200,0.572347266881029,0.7242690588423530,0.9487697919685650
17857644_AI.txt,AI,7.796601610054820,222.33659425601800,0.011578133414777200,1.562094338136340,0.5225933202357560,0.03155818540433930,0.6247544204322200,0.852387399675207,0.9586443965497100
17864043_AI.txt,AI,7.702221781378210,208.2570870269320,0.011651429689871200,0.8953685000198440,0.43962848297213600,0.055900621118012400,0.5263157894736840,0.5829417547927240,0.9784368130915040
17876954_AI.txt,AI,7.801828833483980,223.14363318962900,0.007626684269466500,0.2577246798100910,0.47153284671532800,0.04538799414348460,0.5474452554744530,0.6841724767241320,0.9598709083891280
17880988_AI.txt,AI,7.494521097062630,180.33318508093100,0.006001227814284670,0.3985781905049830,0.4534653465346540,0.03578528827037770,0.5504950495049510,1.081931344301020,0.9838350099299130
17911230_AI.txt,AI,7.719494842538610,210.7654882853760,0.012400553544940900,0.7380780173725200,0.46924428822495600,0.06878306878306880,0.5518453427065030,1.168630020224190,0.9730815576167290
17915015_AI.txt,AI,7.423749249836150,171.7003595066100,0.03512163531221990,2.9037535982280500,0.47925311203319500,0.08541666666666670,0.549792531120332,1.0474796921792600,0.9804379411676130
17926546_AI.txt,AI,7.726737369360430,211.82622020338400,0.012109826472723300,0.32230648427868000,0.4721254355400700,0.027972027972028000,0.5609756097560980,0.642019155818563,0.9737833286266240
17960690_AI.txt,AI,7.4282927395002,172.24194902760300,0.2022175196412060,1.8970008795320400,0.4398563734290840,0.16396396396396400,0.5062836624775580,1.3616575244517000,0.9850008402790040
17963031_AI.txt,AI,7.640475371986020,199.53186786202100,0.028548500985171000,0.3326994410421260,0.44711538461538500,0.04983922829581990,0.5192307692307690,0.7705519884390580,0.9637623140955580
17983430_AI.txt,AI,7.64872118952259,200.67557059791000,0.006101039713902980,0.504177490860898,0.5218295218295220,0.07933194154488520,0.5925155925155930,0.7294036595121990,0.9553286442708760
17983957_AI.txt,AI,7.5538555557972,187.90446727009500,0.01549440369168520,0.3390282018638920,0.4855371900826450,0.06016597510373440,0.5743801652892560,0.5948292924580780,0.9673537470726850
17987433_AI.txt,AI,7.625102537602680,197.41701630156600,0.01922137579253700,0.3997712171414840,0.481216457960644,0.07540394973070020,0.5402504472271910,0.8370672973354500,0.9574367192785620
18001081_AI.txt,AI,7.562867473667040,189.08190222920500,0.018169898387652300,0.6766204399798890,0.400974025974026,0.16612377850162900,0.47564935064935100,0.6983267002995160,0.9751334458047650
18024825_AI.txt,AI,7.5261560740491300,184.33114905655900,0.037498910568812900,2.542845591866280,0.4205128205128210,0.2607204116638080,0.48376068376068400,1.4513210392063700,0.9895893363399470
18029935_AI.txt,AI,7.449794382018330,174.82823395279500,0.03416428032814860,0.4543439831309490,0.44871794871794900,0.07352941176470590,0.5274725274725280,0.8199640304476350,0.9621010058191250
18036030_AI.txt,AI,7.846066235179320,230.0918758554160,0.007060451522065320,0.3318704884059890,0.563169164882227,0.008602150537634410,0.6680942184154180,0.6369480909309800,0.942700507986337
18062906_AI.txt,AI,7.606313210359460,194.86257299116500,0.01347903799418710,0.3202984469169730,0.5297619047619050,0.037848605577689200,0.5932539682539680,0.7228396618758310,0.9584121980385180
18067556_AI.txt,AI,7.9897779968552300,254.19256045392300,0.01884730536470800,0.4774628860140880,0.5036710719530100,0.036818851251840900,0.5756240822320120,0.7638731915344610,0.9281104150015530
18072085_AI.txt,AI,7.5453609795623100,186.8013381458280,0.025896232607628500,0.5820169638313660,0.475103734439834,0.08350730688935280,0.5550935550935550,0.7899922944125950,0.9808818793230340
18079050_AI.txt,AI,7.321325927911450,159.9332314805840,0.022016457991628600,2.2776807262367600,0.4195933456561920,0.07050092764378480,0.49168207024029600,0.8490974331064270,0.9764704676632390
18084150_AI.txt,AI,7.61421224407999,195.93240928498300,0.016484419606485500,0.6233004542811140,0.43833333333333300,0.09698996655518400,0.5133333333333330,0.6673290979719080,0.9776561743155240
18090899_AI.txt,AI,7.343196524589610,162.37621657101000,0.029138293495276300,2.3042143262695400,0.4279749478079330,0.09224318658280920,0.5365344467640920,0.7762267977035640,0.9816487453337980
18106533_AI.txt,AI,7.446139491638190,174.3858886827870,0.013410825742343800,1.0901711785660900,0.4435146443514640,0.11764705882352900,0.5188284518828450,0.7462915206341400,0.9914255810114040
18129173_AI.txt,AI,7.6890105339571400,206.35871160189600,0.021197851187406500,1.6480334878890400,0.4889705882352940,0.05350553505535060,0.5680147058823530,0.6238240034206860,0.9764723714174610
18132924_AI.txt,AI,7.841005566672420,229.2861762476020,0.040431234054704800,0.550286829407828,0.5032679738562090,0.054098360655737700,0.5702614379084970,0.7767952284422370,0.9778460109957710
18133495_AI.txt,AI,7.766591480693440,217.7594443861540,0.010602141242314400,1.6791887976784600,0.46880907372400800,0.08538899430740040,0.5652173913043480,0.8037059998210930,0.9742630171692110
18155310_AI.txt,AI,8.01495747819343,258.6679462427490,0.00833613933480758,0.4141384858741760,0.5147744945567650,0.0436817472698908,0.5987558320373250,0.765733093301888,0.9690433390014820
18159866_AI.txt,AI,7.718821956745,210.66720830890100,0.020520979538049500,1.079820549893330,0.38881664499349800,0.08604954367666230,0.459037711313394,0.671524932692833,0.9487497130467020
18171955_AI.txt,AI,7.506060760722290,181.78139766010800,0.013880312372982000,0.9873947966373490,0.4102112676056340,0.045936395759717300,0.5211267605633800,0.7036595438280600,0.9450337345534760
18172739_AI.txt,AI,7.33704423967757,161.68524745494200,0.01197842783298660,0.4545149135542760,0.5037220843672460,0.04987531172069830,0.5781637717121590,0.8870787366733380,0.9642125452285470
18176523_AI.txt,AI,7.638967211000340,199.3233907174790,0.0200156634329751,0.6597374424240770,0.4776386404293380,0.05045045045045050,0.5457809694793540,0.943876982423695,0.9837460055370430
18187364_AI.txt,AI,7.476403119177800,178.08264544442800,0.01941549985875860,0.9108703491171360,0.4223300970873790,0.07792207792207790,0.47896440129449800,0.6613699444772940,0.9782250159719600
18198627_AI.txt,AI,7.575804727085090,190.78510445103400,0.01735314819798300,0.3079675437838540,0.5543237250554320,0.017817371937639200,0.6385809312638580,0.7837807911213150,0.9668146619685100
18208580_AI.txt,AI,7.670491522184020,203.72673715103200,0.013956699128917700,0.4747380286632190,0.4979508196721310,0.037037037037037000,0.5860655737704920,0.820487781254201,0.9628905128271360
18227306_AI.txt,AI,7.709804668127170,209.35457977292000,0.019749693119142700,0.3470991687842760,0.46102819237147600,0.05324459234608990,0.5306799336650080,0.5551376039703200,0.9268809848486310
18236085_AI.txt,AI,7.538692568183170,185.93989916786300,0.022697771416232700,0.3280953605420690,0.39109697933227300,0.03987240829346090,0.4864864864864870,0.636879807187673,0.9646942480513810
18242317_AI.txt,AI,7.7637193505334500,217.3263581802700,0.03013176126718870,0.7014503343691570,0.4896907216494850,0.07758620689655170,0.5567010309278350,0.8195297927263230,0.9841849896394940
18264694_AI.txt,AI,7.592531121860840,193.00991109910500,0.02833182309533860,1.9706836174706900,0.4377952755905510,0.07424960505529230,0.5023622047244090,0.8845015959610110,0.98038704192481
18268860_AI.txt,AI,7.483971287772140,179.0192957488880,0.020149007437058200,1.8423391974573100,0.4409448818897640,0.04940711462450590,0.5334645669291340,0.6087871349875180,0.9935095617495860
18278509_AI.txt,AI,7.246166912306380,151.81461906976500,0.01803504676492630,0.6843377893047550,0.5317220543806650,0.09422492401215810,0.6163141993957700,1.1498265349460300,0.9752405247712850
18293620_AI.txt,AI,7.752212494251090,215.59986944494300,0.019863987759861100,0.7551441622066940,0.43032159264931100,0.08602150537634410,0.5130168453292500,0.681968180433015,0.9765693693078600
18297650_AI.txt,AI,7.673739738401880,204.18594300739300,0.011484744837529000,1.342182280138470,0.49335863377609100,0.022857142857142900,0.573055028462998,0.5692306850698600,0.9473512795741210
18301617_AI.txt,AI,7.555854662963990,188.1650223667510,0.010953773125845000,0.5579393387806270,0.5053763440860220,0.06047516198704100,0.567741935483871,1.0327619737794900,0.9571505844472460
18311419_AI.txt,AI,7.696059462573990,207.36943607777200,0.006373131138388090,0.25931081450936400,0.48616600790513800,0.04365079365079370,0.5948616600790510,0.5163336521548440,0.9534878389630540
18316239_AI.txt,AI,7.771087084467460,218.43906621478800,0.01584738567219180,0.25733866842085100,0.4697452229299360,0.02875399361022360,0.552547770700637,0.5062009351073980,0.963386289111549
18319061_AI.txt,AI,7.5553331110853600,188.09701070714700,0.018792214252620600,1.9189520303162400,0.4307692307692310,0.09262435677530020,0.5025641025641030,0.6272507140300050,0.957706277290789
18328743_AI.txt,AI,6.858602161702750,116.04995569747600,0.02221261465834480,0.45398068840125900,0.4876325088339220,0.03558718861209970,0.5936395759717310,0.6574107032751100,0.9644587193098140
18334783_AI.txt,AI,7.325180724567810,160.36113512060400,0.01215079768045670,0.9737974470641990,0.3794466403162060,0.05952380952380950,0.466403162055336,0.7186465311839960,0.9631733893664560
18354623_AI.txt,AI,7.688861060517470,206.3373324831480,0.022895804464035100,0.48571517898249000,0.45737704918032800,0.027960526315789500,0.5278688524590160,1.241040054732520,0.9634969340338290
18365443_AI.txt,AI,7.838078514334660,228.8214541433080,0.010791894520286000,0.2977709443365650,0.44976816074188600,0.046511627906976700,0.5378670788253480,0.657949091731815,0.9660265383047440
18365791_AI.txt,AI,7.163829472777240,143.39286931148000,0.005380024574562280,0.3083713700178330,0.6141732283464570,0.023809523809523800,0.7125984251968500,0.41801366771187000,0.9642729809367250
18368613_AI.txt,AI,7.237054757916840,150.85876998045200,0.016737388165913300,2.1902211673812800,0.514367816091954,0.023121387283237000,0.617816091954023,0.7674805610301220,0.9669351838991350
18369400_AI.txt,AI,7.399420788244720,168.82921758608500,0.024178349127025900,0.3683451007319430,0.42655935613682100,0.1111111111111110,0.5372233400402410,0.5437276469125510,0.9576367413563660
18422164_AI.txt,AI,7.591222053372430,192.83485775125600,0.017983241433327700,0.3610581475811450,0.44858156028368800,0.06405693950177940,0.5390070921985820,0.6710196510640200,0.9741861001808320
18436190_AI.txt,AI,7.51169412645944,182.49259648315100,0.0153803659056757,0.29278909653614700,0.48879837067209800,0.024539877300613500,0.5621181262729130,0.6798371892385170,0.9730597249618940
18442517_AI.txt,AI,7.930118374159050,243.8953384650870,0.023063527412357000,1.1961372338429700,0.4669479606188470,0.06205923836389280,0.540084388185654,0.5306549086484110,0.9698413891016500
18448085_AI.txt,AI,7.584402690495320,191.92551252375500,0.00890645365226608,1.5202651501941200,0.5091743119266050,0.03225806451612900,0.591743119266055,0.935482766008533,0.9620852592826540
18457785_AI.txt,AI,7.6144243031226700,195.96121113966300,0.008856524127571190,0.34287147666582700,0.4653130287648050,0.050933786078098500,0.5380710659898480,0.8499395925408890,0.9731449483892840
18460045_AI.txt,AI,7.010656644523360,128.94898835225800,0.02626784604061640,0.37731111979262200,0.5068493150684930,0.08275862068965520,0.5958904109589040,0.7269090522840730,0.9370009660767640
18472240_AI.txt,AI,6.9296205715057500,121.9055983863180,0.021403748472299000,0.2820595625155280,0.4451219512195120,0.09815950920245400,0.5457317073170730,0.4940576765974580,0.9368497675353950
18480859_AI.txt,AI,7.260373184806040,153.31692785812600,0.027661630051868800,0.4835119871355480,0.36717428087986500,0.15789473684210500,0.44839255499154000,0.6779465386481000,0.9632718700613500
18484846_AI.txt,AI,7.584954809157030,191.9989763766190,0.006953237487774240,2.4723118152851400,0.4646098003629760,0.07650273224043720,0.5281306715063520,0.7975239285563460,0.9452683343509920
18488289_AI.txt,AI,7.5023739458932700,181.3174474003870,0.008030646813177890,0.5188853304887470,0.4486486486486490,0.10849909584086800,0.5081081081081080,1.0977018419033900,0.9541058853432040
18501746_AI.txt,AI,7.214559990464160,148.5247953518520,0.0067590964747014200,0.3291360958684090,0.46938775510204100,0.05641025641025640,0.5612244897959180,0.5562167065266660,0.9419799986046520
18509268_AI.txt,AI,7.38409665059913,167.0454238184990,0.008803799276278720,0.15120439793704100,0.44554455445544600,0.06759443339960240,0.5207920792079210,0.3669302121790250,0.9577434791682570
18525641_AI.txt,AI,7.596237449941630,193.50639698761500,0.015935968337975400,0.35819480508433300,0.39290780141844000,0.049786628733997200,0.46808510638297900,0.6009560025580060,0.976788332666534
18557164_AI.txt,AI,7.66790012777637,203.36112802931300,0.0066064840185383100,0.3979535011238740,0.5268817204301080,0.02159827213822890,0.6064516129032260,0.6327651608543950,0.9745919322457770
18569929_AI.txt,AI,7.558084039310010,188.45601590428400,0.023831898112770300,0.5350945939482280,0.46716697936210100,0.05273069679849340,0.5309568480300190,0.843772345471554,0.9778609862829850
18586076_AI.txt,AI,7.795086103886470,222.10315922407000,0.01637812136560000,0.5967300009927920,0.42140026420079300,0.06887417218543050,0.49933949801849400,1.0676548206052500,0.9681325492574040
18589927_AI.txt,AI,7.406007381159750,169.601765901221,0.014713067475993000,0.3828718968155770,0.507537688442211,0.017676767676767700,0.6080402010050250,0.6047001353629830,0.9761264503086960
18635654_AI.txt,AI,7.1576193374193400,142.776955845665,0.012123580986433300,0.8377999035896630,0.5058479532163740,0.03529411764705880,0.5994152046783630,0.8150252253579770,0.9629945242412370
18636651_AI.txt,AI,7.472911146453200,177.65212635389400,0.021798618440985000,0.6681605333985400,0.3803009575923390,0.06721536351165980,0.4473324213406290,0.6402219474478330,0.9551665642541490
18640927_AI.txt,AI,7.707392283477880,209.0048026238270,0.00655100651876455,0.3745256450828440,0.44019138755980900,0.104,0.518341307814992,0.48950252473394800,0.9738782488510410
18645964_AI.txt,AI,7.5601625019513600,188.72771648509900,0.015820909602981,0.39325279545401800,0.44464609800363000,0.058287795992714000,0.52994555353902,0.7292043122583410,0.9737860613963210
18669563_AI.txt,AI,7.489966185587330,179.76473065375000,0.012741972630505600,1.5616576096163300,0.4745762711864410,0.036170212765957400,0.5550847457627120,0.8105898382027910,0.9856254572656560
18714571_AI.txt,AI,7.1536139410589100,142.38110976865800,0.012036829221166100,0.4933575449372830,0.37773359840954300,0.2774451097804390,0.43737574552683900,0.7731857728252300,0.968935334202012
18725071_AI.txt,AI,7.526902249772320,184.42651155527000,0.02785074331740200,0.3702917559719440,0.4592445328031810,0.10179640718562900,0.5467196819085490,0.6555161681610940,0.9468137325685710
18731098_AI.txt,AI,7.945682870534520,246.54084494606800,0.018540621160287600,1.1545846865105400,0.504601226993865,0.03230769230769230,0.5782208588957060,0.7305711916268450,0.9539500304158090
18752129_AI.txt,AI,7.5231434383340800,183.9466303756300,0.008931644596901580,2.2648690998059900,0.4775510204081630,0.03278688524590160,0.5816326530612250,0.9011150994276960,0.974853218058314
18753367_AI.txt,AI,7.610577974859090,195.43946034316200,0.016145044828076100,0.4326490385600950,0.4980694980694980,0.04263565891472870,0.5675675675675680,0.6645238769959850,0.9603055595903500
18757174_AI.txt,AI,7.180208070527110,145.03005255126300,0.01244525355481520,2.9018678123923900,0.5415384615384620,0.05572755417956660,0.6369230769230770,1.3810577004367900,0.9908797711510450
18767449_AI.txt,AI,7.475378015858300,177.95615421457600,0.029980889740293600,0.7748400625806600,0.5282051282051280,0.11855670103092800,0.6051282051282050,1.1836111016603800,0.955466618196786
18784594_AI.txt,AI,7.764050166593640,217.37619774518200,0.01542152734606960,1.1526470835340400,0.4852941176470590,0.02214022140221400,0.5698529411764710,0.6042865937131210,0.9375147491072300
18795567_AI.txt,AI,7.58716190507515,192.2929293282080,0.009419925512213470,2.7802194932680200,0.5324675324675320,0.049891540130151800,0.6004319654427650,0.9621287610988280,0.96595975241541
18805506_AI.txt,AI,7.6706609466442700,203.75066342672500,0.016391568267466400,1.9421809639963200,0.4563758389261750,0.04040404040404040,0.5486577181208050,0.9249625174001030,0.9895990320116030
18824120_AI.txt,AI,7.603181478747840,194.44003365803500,0.017543603429463500,1.0444155473076100,0.45714285714285700,0.045889101338432100,0.539047619047619,1.1142608692882400,0.9698084240183980
18825446_AI.txt,AI,7.1622058570738000,143.23158508202200,0.00749456111071977,0.6735916397325290,0.45475113122171900,0.02727272727272730,0.5135746606334840,1.214815470439410,0.9890612743657530
18827609_AI.txt,AI,7.797393765974040,222.45870849814100,0.010517036670684500,0.5834216320262040,0.474036850921273,0.03361344537815130,0.5695142378559460,0.5544703576348260,0.9762959402771600
18835363_AI.txt,AI,7.461207692989860,176.21680366771900,0.016853821939093200,0.4110158483432860,0.4268292682926830,0.06938775510204080,0.5467479674796750,0.5327007634932800,0.9714054153607880
18856440_AI.txt,AI,7.547710677483390,187.1058268524370,0.015858981089105500,0.8957681834194400,0.4811320754716980,0.054924242424242400,0.5584905660377360,0.8936504688944990,0.956931250009161
18882984_AI.txt,AI,7.570308779646760,190.05969111420300,0.023039868090947800,0.6034299798112080,0.41809672386895500,0.09389671361502350,0.48673946957878300,0.9543017884795000,0.9856071473606370
18885231_AI.txt,AI,7.213240089781650,148.38897431941200,0.019439392899106600,0.6215260715700630,0.5483870967741940,0.05194805194805200,0.632258064516129,0.8967837494200990,0.9814029255358780
18885767_AI.txt,AI,7.521163091610020,183.69430525231900,0.014892057001435100,1.7336223181768500,0.3891472868217050,0.09797822706065320,0.45891472868217100,0.8065334550840540,0.9716081740235580
18900722_AI.txt,AI,7.646393046229980,200.35199236350100,0.010432700768299300,0.9455721904262420,0.433489827856025,0.08320251177394040,0.5179968701095460,0.5531191506546010,0.9719894241059420
18905648_AI.txt,AI,7.293187786292690,156.84413654312100,0.013910536634707,1.282536603455770,0.528125,0.06289308176100630,0.6375,0.9272465606355880,0.9812512203140390
18927233_AI.txt,AI,7.361160313434900,164.41069198413700,0.017613129503207200,0.4167331789666120,0.5429362880886430,0.03064066852367690,0.6204986149584490,0.6906754829049070,0.9589148577705610
18932512_AI.txt,AI,7.259490198556370,153.2231205628870,0.010463932059047800,0.4557475724452650,0.4173728813559320,0.08085106382978720,0.5169491525423730,0.5328119552624480,0.9329313358533250
18937778_AI.txt,AI,7.954660153999500,248.0797477685350,0.008555857373995900,2.4777126820215100,0.5135566188197770,0.0448,0.5885167464114830,0.7960745540989410,0.971074626890856
18949843_AI.txt,AI,7.6075576277530200,195.03072702245300,0.010765963164531400,0.3234829622059760,0.4331723027375200,0.1050080775444270,0.5056360708534620,0.6559297335007940,0.9697024094261440
18975686_AI.txt,AI,7.291129615383180,156.62053981951000,0.017750584306361200,0.4129492142650430,0.3996101364522420,0.14481409001956900,0.48148148148148100,0.6923395467292370,0.9514244627265870
18979238_AI.txt,AI,7.564145191331240,189.24943611149400,0.010225675718362300,1.0240184468894800,0.49581589958159000,0.02100840336134450,0.5815899581589960,0.6684702563128500,0.9561393139673990
18997135_AI.txt,AI,7.688044499580120,206.220579234346,0.019790668227063300,0.5387516516489220,0.5167652859960550,0.015841584158415800,0.6153846153846150,0.8023309561905180,0.9545603279919000
19007667_AI.txt,AI,6.811822336758950,112.34735402781600,0.011410223754274100,0.3676275499220560,0.4639175257731960,0.06920415224913500,0.5498281786941580,0.49282913539059700,0.9214378155492980
19037403_AI.txt,AI,7.79228564780649,221.67244667975300,0.013285647356268700,1.0755175121444500,0.511864406779661,0.05952380952380950,0.576271186440678,0.6359462296526960,0.956570129527923
19053815_AI.txt,AI,7.814900281617750,225.174598939062,0.015532992013971500,0.5579289985831840,0.46628407460545200,0.050359712230215800,0.533715925394548,0.9675800604762910,0.9632614172373360
19063156_AI.txt,AI,7.5385032721686300,185.9155035944300,0.016539982856270300,0.3473301519311820,0.4989293361884370,0.025806451612903200,0.588865096359743,0.5948998023250110,0.9675236969300310
19070271_AI.txt,AI,7.3970303675960000,168.54971382516400,0.10261307561285200,1.7920469146455600,0.38673139158576100,0.12987012987013000,0.45792880258899700,0.8350329275920010,0.9661697738612700
19072267_AI.txt,AI,7.563527631705510,189.1684433882080,0.019444689547234700,2.408014995481240,0.4276422764227640,0.053833605220228400,0.4959349593495940,0.6529425586320360,0.9760265627264360
19090468_AI.txt,AI,7.475691257855630,177.9947967492890,0.023665850058766200,0.8635639364172600,0.41834862385321100,0.0865561694290976,0.4954128440366970,1.3325264576150900,0.997018407221552
19108760_AI.txt,AI,7.544624131777050,186.70595485003700,0.022090357947157000,0.4881264118223500,0.443859649122807,0.06514084507042250,0.5175438596491230,1.123252129675260,0.9645897412754790
19124258_AI.txt,AI,7.472518717385820,177.60380957494700,0.03812812414169270,0.44875338073670400,0.4007421150278290,0.07635009310986970,0.47309833024118700,0.8743802083270240,0.9556161290532650
19147494_AI.txt,AI,7.566610296568850,189.57307940181100,0.009856208041050410,0.17533723207514200,0.4794520547945210,0.047151277013752500,0.5714285714285710,0.32854645585770300,0.9246826335916060
19147603_AI.txt,AI,7.527550277065730,184.50937054844800,0.012026199901516600,0.5576943081787300,0.4446529080675420,0.09981167608286250,0.5178236397748590,0.75520004352556,0.978964049188476
19147947_AI.txt,AI,7.534658869390960,185.420747173737,0.03689629991582380,1.396167207252780,0.5010989010989010,0.12141280353200900,0.5846153846153850,0.9418290628651080,0.9764009757474910
19149865_AI.txt,AI,7.6491508834324500,200.735348936821,0.01940103486516690,0.40660580186964400,0.4008559201141230,0.11731044349070100,0.48359486447931500,0.6928998987967440,0.9728401244819190
19156751_AI.txt,AI,7.730257723159570,212.34373344234300,0.009622042780553630,0.221639800745275,0.5008726003490400,0.03852889667250440,0.581151832460733,0.5222620613839430,0.9304070092989720
19161572_AI.txt,AI,6.933558863457070,122.23883286214400,0.011380822053282300,0.6158501497350170,0.49122807017543900,0.05653710247349820,0.5824561403508770,0.8335542004344480,0.9667999046939380
19164410_AI.txt,AI,7.55410044652111,187.93636588029200,0.022453515040804100,1.0837902969960500,0.39228295819935700,0.05967741935483870,0.48231511254019300,0.5975236851717220,0.9793189403229810
19176318_AI.txt,AI,7.552977238140560,187.79010520570700,0.008979182391615500,0.25615417844713300,0.38769230769230800,0.07253086419753090,0.48307692307692300,0.5118407845593290,0.9775137001945840
19179079_AI.txt,AI,7.55942819629133,188.63168193577000,0.016897640842791200,0.5146170054263960,0.4151260504201680,0.06408094435075890,0.5008403361344540,0.8133331739239620,0.9667567390958460
19195747_AI.txt,AI,7.647151141456720,200.45729930476100,0.024071304320721400,0.32481970899814000,0.3984496124031010,0.1026438569206840,0.49767441860465100,0.3995067367070530,0.9801414026597560
19201175_AI.txt,AI,7.48247267930808,178.8334348886220,0.012841985221621200,0.32428001321051600,0.5128205128205130,0.03278688524590160,0.6107226107226110,0.645793527906284,0.9474461575422800
19234823_AI.txt,AI,7.60316330997446,194.43758496682700,0.02157150412754410,0.35535067430067400,0.40615835777126100,0.058823529411764700,0.49266862170088000,0.8387649454126010,0.9828814437031830
19243556_AI.txt,AI,7.516234102376980,183.06778177771700,0.020240954229184000,0.41250216950718600,0.3977272727272730,0.09446254071661240,0.474025974025974,0.9671336911361390,0.9565120180037260
19268120_AI.txt,AI,7.602023643282360,194.28404833490600,0.015247286324126500,0.530528252843291,0.4444444444444440,0.0625,0.5235690235690240,0.9013657786968180,0.9569122534332050
19284293_AI.txt,AI,7.616351149742870,196.2231094961980,0.022621197728210200,3.041887363451150,0.40875912408759100,0.10688140556369000,0.47883211678832100,0.7063065168046090,0.9756646446251960
19285236_AI.txt,AI,7.73673657076852,213.29947001114400,0.010309993471808400,0.30696879392742500,0.4397993311036790,0.025167785234899300,0.5317725752508360,0.577746794537,0.9723943024612020
19302310_AI.txt,AI,7.644883219499810,200.14242724139300,0.01750473720793910,0.3263925305159180,0.4739776951672860,0.024253731343283600,0.5687732342007440,0.678076592058819,0.9715182288942990
19336728_AI.txt,AI,7.241283051947120,151.30155995633400,0.013888404608892900,0.6786565869826450,0.6277372262773720,0.007352941176470590,0.7043795620437960,0.8090521769235490,0.9593902527005000
19362586_AI.txt,AI,7.603924375676330,194.54018379171100,0.011609751930745100,0.3950709269041200,0.4338358458961470,0.10588235294117600,0.5142378559463990,0.5521416731291190,0.9334486429940500
19364677_AI.txt,AI,7.3400026619094600,162.01714296494700,0.0576979198986894,2.3849927813946800,0.39603960396039600,0.10099337748344400,0.48514851485148500,0.8044011031101940,0.9901560144674110
19374660_AI.txt,AI,7.652524783606790,201.2053398578080,0.019551084061856500,0.27726444221580300,0.46842105263157900,0.08626760563380280,0.543859649122807,0.7240349187981300,0.9735605611405870
19396040_AI.txt,AI,7.801224083806980,223.0501153242130,0.013930299236829600,0.45150940989967500,0.4612903225806450,0.024271844660194200,0.532258064516129,0.6259659202651000,0.97351223376177
19397727_AI.txt,AI,7.5402200914452600,186.13687630461600,0.023925883414726100,1.6446474668125000,0.44502617801047100,0.10157618213660200,0.5043630017452010,0.9635838329105220,0.9456105560346260
19402977_AI.txt,AI,7.25226560992604,152.45774263784000,0.011368697256989500,1.177894664871470,0.48370927318295700,0.05037783375314860,0.5664160401002510,0.7076774892822890,0.957871820133601
19405513_AI.txt,AI,7.750553727134720,215.35212169070000,0.011775642052181900,0.993236583215462,0.5,0.03636363636363640,0.5778985507246380,0.47692152815923400,0.9620936481375030
19437318_AI.txt,AI,7.030653272528520,130.74874355118500,0.008419406660310440,0.4577826695951480,0.3746958637469590,0.3643031784841080,0.44282238442822400,0.8264348525485560,0.9769970178467340
19444529_AI.txt,AI,7.670329306983690,203.70383160641300,0.022465884570684500,2.0473475491322000,0.402315484804631,0.08853410740203190,0.4905933429811870,0.6875519694040720,0.9788718705485560
19446337_AI.txt,AI,7.82132197686997,226.17912560694900,0.020230833229069200,0.6094716720229900,0.4765625,0.050156739811912200,0.5546875,0.8150646872095110,0.9888678621968080
19464810_AI.txt,AI,7.70485363782067,208.63734965126100,0.010433405345129000,0.3986623840125390,0.49552772808586800,0.05565529622980250,0.5760286225402500,0.781975791413783,0.9540835710438930
19471144_AI.txt,AI,7.414917842057610,170.6525121491460,0.020393483469054000,0.4248251116435150,0.4979253112033200,0.05416666666666670,0.5684647302904560,0.7672069811554310,0.9359681415896250
19473948_AI.txt,AI,7.108398096872440,137.9879136595950,0.009853651461058760,0.43593815713382000,0.4596774193548390,0.062162162162162200,0.5483870967741940,0.6944735966660740,0.9449849402843170
19497420_AI.txt,AI,7.809245299137530,224.29370171572300,0.015507890405656100,1.9075179876694900,0.43784530386740300,0.05124653739612190,0.5262430939226520,0.9445601229916700,0.9569438341781610
19503224_AI.txt,AI,7.88844041388497,236.95025673212300,0.02350811305970860,1.905809420047410,0.40458015267175600,0.10459183673469400,0.4847328244274810,0.9681357534545410,0.9706179561847530
19506295_AI.txt,AI,7.683249905583810,205.53637171579000,0.026510565410515800,0.817329767979703,0.3887434554973820,0.07217847769028870,0.4607329842931940,0.9861633884235300,0.99344802524198
19508520_AI.txt,AI,7.669554305383790,203.594433296168,0.03810757125763100,0.6005039883106970,0.4514991181657850,0.16991150442477900,0.5255731922398590,0.7457237578692940,0.9822641954168210
19518606_AI.txt,AI,7.60431658776006,194.59307881197200,0.018512295604026000,0.24141565871158000,0.4483985765124560,0.04285714285714290,0.5391459074733100,0.5058976471292380,0.9641449179723410
19532392_AI.txt,AI,7.4647373991225200,176.6484645678760,0.02655956355851890,0.3356341912233300,0.4772727272727270,0.06653992395437260,0.5284090909090910,0.5449711038800230,0.9546959344448000
19540089_AI.txt,AI,7.605466802789240,194.74828356768300,0.016663201285891900,0.9142852278026830,0.44404332129963900,0.06521739130434780,0.5306859205776170,0.8565483888165550,0.9882599607473920
19545827_AI.txt,AI,7.553337013788470,187.83694166789400,0.019159044852663600,1.2678915104721400,0.4897119341563790,0.08884297520661160,0.5720164609053500,0.7826370808777170,0.9663349476493120
19553067_AI.txt,AI,7.539266385910190,186.01386963886100,0.02089075403976260,1.9453063555486000,0.4311594202898550,0.056363636363636400,0.5163043478260870,0.7564313950318680,0.9647690249115800
19556300_AI.txt,AI,7.368972603839950,165.30340176819400,0.01416293653667860,0.3862845605594320,0.43653846153846200,0.13320463320463300,0.5076923076923080,0.6007185364783710,0.9689524567957170
19557384_AI.txt,AI,7.8436010650931000,229.69904766835000,0.021945662976077400,0.4934363917651920,0.5103448275862070,0.015570934256055400,0.6,0.966557084995415,0.9619287839980870
19558834_AI.txt,AI,7.765822867422160,217.6434613009330,0.013596152093762700,2.2698210914802400,0.47130434782608700,0.034904013961605600,0.5582608695652170,0.6688350055509080,0.945912574764314
19582792_AI.txt,AI,7.919205115766620,242.0573540466940,0.012768075716142300,0.37567341501288100,0.4782608695652170,0.029069767441860500,0.5608695652173910,0.8292940276044890,0.948890179822877
19599699_AI.txt,AI,7.285022453458760,155.9589410065670,0.014652387018789000,0.6758434928135330,0.5087281795511220,0.08020050125313280,0.5885286783042390,0.8306451864591440,0.9780082604885190
19612167_AI.txt,AI,7.263418515967000,153.6409006544130,0.007454217282290880,0.49656906229897300,0.5446428571428570,0.029940119760479000,0.6279761904761910,0.6372180656492100,0.961726074568966
19616406_AI.txt,AI,7.5690131206756,189.8890784812950,0.017029346892476200,0.6432693765585440,0.46060606060606100,0.02434077079107510,0.5616161616161620,0.6590891675351430,0.9731849758261210
19671909_AI.txt,AI,7.669486306722760,203.58483748956200,0.01598206360071250,0.3695462858130220,0.4463452566096420,0.078003120124805,0.5101088646967340,0.8441143660710900,0.9734998740866440
19714635_AI.txt,AI,7.551981013076760,187.66047515468800,0.008984472525814830,1.6248007300842300,0.3854660347551340,0.06339144215530900,0.46445497630331800,0.7446491587776400,0.9481169221891010
19717385_AI.txt,AI,7.883240466389160,236.0977473481230,0.026196388480284700,1.2915338426386500,0.4876543209876540,0.08359133126934980,0.5601851851851850,0.9328497322726200,0.9684494555796330
19724031_AI.txt,AI,7.909770447805990,240.47955722104000,0.011446571848726300,0.6281122206663210,0.4824561403508770,0.07583774250440920,0.5764499121265380,0.8719605623174590,0.9613130180682300
19738730_AI.txt,AI,7.2126304755093500,148.3262854456910,0.03719542122750230,0.4669818434146290,0.6193771626297580,0.05574912891986060,0.6782006920415220,0.6657329140844400,0.9780616071714810
19774173_AI.txt,AI,7.217456322496820,148.82327091859600,0.014923070312207600,1.8932581891969300,0.5802047781569970,0.041237113402061900,0.6757679180887370,0.929565455203681,0.9606760431523470
19786924_AI.txt,AI,7.578853851227850,191.18875360971600,0.01442996462427970,1.1507694127411500,0.5218390804597700,0.057736720554272500,0.6160919540229890,0.8069900892746830,0.9696204884354520
19796840_AI.txt,AI,7.628518237595400,197.88497118003100,0.018443347361140000,1.314799790301200,0.3812754409769340,0.06258503401360550,0.45725915875169600,0.7146507734895000,0.9480411245694570
19818707_AI.txt,AI,7.3498967319883800,163.1320828956830,0.03388633801338550,0.4086157644776570,0.42727272727272700,0.072992700729927,0.4890909090909090,1.0057459917891800,0.9830162179119440
19831366_AI.txt,AI,7.013333475288260,129.18846726670300,0.01401623058748190,0.38122755744760900,0.49700598802395200,0.0783132530120482,0.5658682634730540,0.5359260529180100,0.9522495434587560
19850482_AI.txt,AI,7.84314351353467,229.6262100346960,0.02399338410923730,1.229140795924330,0.4502923976608190,0.04398826979472140,0.5248538011695910,0.9878041119984940,0.9432132620941860
19851252_AI.txt,AI,6.935278338776900,122.38461000525100,0.00730646296370533,0.5499363665605950,0.5905172413793100,0.08695652173913040,0.6767241379310350,0.7448825859722200,0.9141868429405950
19861776_AI.txt,AI,7.893418918948210,237.76934584407400,0.013712337464589800,2.0441757598653100,0.43031123139377500,0.0773405698778833,0.503382949932341,0.7924631521696170,0.9475571743837390
19867922_AI.txt,AI,7.615483338373250,196.10511266668800,0.006535099274304870,0.2606111166677100,0.4892367906066540,0.03536345776031430,0.5733855185909980,0.6403931489740010,0.9802179522536510
19911786_AI.txt,AI,7.517860117952700,183.27422795446500,0.016612216536695900,0.4555179883297260,0.4408014571949000,0.11882998171846400,0.5100182149362480,1.2975955108149300,0.9718271328683460
19918523_AI.txt,AI,7.204235728436570,147.4657113386690,0.023342629254687700,0.583485876883057,0.49586776859504100,0.0997229916897507,0.5840220385674930,0.8359514610137170,0.9668104325868970
19920687_AI.txt,AI,7.553250499715060,187.82567799035900,0.02058754676856250,0.7624635556654530,0.447098976109215,0.05136986301369860,0.5068259385665530,0.7022959851101630,0.9642363277240960
19926135_AI.txt,AI,7.763776561421640,217.33497655085900,0.015522100852487800,0.4521160181930000,0.5287128712871290,0.027833001988071600,0.6118811881188120,0.9175987464420490,0.9624224122691320
19928941_AI.txt,AI,7.013178588120080,129.1745983885180,0.012188709530845200,0.5395830068224630,0.5859375,0.015748031496063000,0.6875,0.8613259105697160,0.9511761835451780
19929506_AI.txt,AI,7.491657484973990,179.97559591173900,0.019141573691363400,0.5214286704992810,0.46055045871559600,0.11233885819521200,0.5266055045871560,0.9189912784906190,0.9810483440651740
19936735_AI.txt,AI,6.963705924477750,124.82005345972300,0.022847785014468900,1.3740211412529000,0.42105263157894700,0.08635097493036210,0.4986149584487540,0.7072155919560130,0.9873988993079970
19938081_AI.txt,AI,7.356511626474500,163.8817764636800,0.017206283471839900,0.5485551909964240,0.48008849557522100,0.04666666666666670,0.5575221238938050,0.7127806209601310,0.944516072376262
19951766_AI.txt,AI,7.508736925728080,182.11891077416700,0.01243626135476390,0.44696796214599500,0.47390396659707700,0.06485355648535570,0.575,0.9218819095437510,0.9399680145210620
19975121_AI.txt,AI,7.295976617681900,157.1476205680500,0.006970067259731390,0.7240125441341530,0.5765765765765770,0.0513595166163142,0.6516516516516520,1.4206630986638800,0.9589487200974960
20001721_AI.txt,AI,7.798829932240860,222.68027075320400,0.01371268489853120,0.5544006321031250,0.5733333333333330,0.017857142857142900,0.6755555555555560,0.8465677309447380,0.9782918171787760
20006992_AI.txt,AI,7.946618455472560,246.7007780587650,0.01336386505209820,0.4097053014640480,0.5271739130434780,0.07272727272727270,0.6086956521739130,0.7148663306024200,0.9706225126381550
20024870_AI.txt,AI,7.682900868323610,205.4866514543610,0.010460182145555400,0.866365990403107,0.5676328502415460,0.038834951456310700,0.6570048309178740,0.9291599172886870,0.959865367628225
20026169_AI.txt,AI,7.655855119155520,201.67034131997200,0.020727360249584100,0.42052610448254900,0.48674242424242400,0.04182509505703420,0.571969696969697,0.8023350651309690,0.9799707665153180
20033302_AI.txt,AI,7.942645311908820,246.02230538958600,0.012727060656468100,0.7300385666861880,0.511437908496732,0.02622950819672130,0.5964052287581700,0.8788362539415690,0.9695054136989450
20082776_AI.txt,AI,7.438111388413790,173.41818597053200,0.024883515471760700,0.47124376137243300,0.41624365482233500,0.11205432937181700,0.4906937394247040,0.8522398692498940,0.9578621463488640
20110597_AI.txt,AI,7.6013736625303100,194.19653680562900,0.014078714465770200,0.6063266223320340,0.4690265486725660,0.10657193605683800,0.5345132743362830,0.6234072036993530,0.9436237639766620
20138606_AI.txt,AI,7.840092868095950,229.14116778825900,0.009426224224002110,0.7246684493726240,0.476038338658147,0.035256410256410300,0.5527156549520770,0.9067154280001890,0.938078850268529
20141807_AI.txt,AI,7.674304556057740,204.2658978148140,0.014359623713227500,0.7202522467262720,0.5255905511811020,0.015810276679841900,0.610236220472441,0.6079479740911050,0.9709402071771690
20148147_AI.txt,AI,7.392788259341680,168.0548372658950,0.009457645095933310,0.42944114282432300,0.47674418604651200,0.028037383177570100,0.5744186046511630,0.6382916996325080,0.9311498586969310
20149476_AI.txt,AI,7.707018137054180,208.95060665158900,0.038047852663354400,2.1563840491864000,0.4513677811550150,0.09451219512195120,0.5121580547112460,1.6442750130167600,0.9912647220277860
20172393_AI.txt,AI,7.626669804266350,197.63159611307400,0.013144213992356900,1.8760749810979300,0.44153577661431100,0.08231173380035030,0.5270506108202440,0.8043758345577470,0.985433662076765
20176584_AI.txt,AI,7.69386211528974,207.05383518922700,0.04764900274475730,0.5938401407290030,0.3538647342995170,0.18280871670702200,0.4190821256038650,0.8376425376539220,0.9639754520579410
20210676_AI.txt,AI,7.298881718620700,157.46438166041200,0.01726914658775010,1.3027471388789500,0.4492099322799100,0.045351473922902500,0.5372460496614000,0.9699209589945270,0.9854132405175740
20211577_AI.txt,AI,7.452747320834790,175.18644256045900,0.011055324815850400,1.0528572377863200,0.4186851211072660,0.11979166666666700,0.5,0.6925307693017860,0.962123855564653
20230207_AI.txt,AI,7.526139426053330,184.32902197744400,0.038129270011076900,0.652431774261005,0.45685279187817300,0.059422750424448200,0.5160744500846020,0.9103782414408710,0.9804394963248110
20237244_AI.txt,AI,7.067844373906820,134.16312366956100,0.06712954432703040,0.8344790700664980,0.45549738219895300,0.13421052631578900,0.5261780104712040,1.0267137852329500,0.9820824118788640
20253563_AI.txt,AI,7.446360419541760,174.4125954071890,0.00950135807849733,0.3171558411351060,0.42395437262357400,0.07061068702290080,0.5095057034220530,0.5807341058835160,0.9574751179716820
20255404_AI.txt,AI,7.696203611593110,207.39015673831800,0.025360208379932300,0.48875831703031300,0.45394736842105300,0.04455445544554460,0.5296052631578950,1.0167463102206000,0.9577645897793050
20272792_AI.txt,AI,7.345347179761560,162.61845464671700,0.018471286581308500,0.3081341131816710,0.5263157894736840,0.027855153203342600,0.628808864265928,0.5996145734261730,0.9634453592806240
20275356_AI.txt,AI,7.473844101661170,177.7670467451070,0.03843615112798870,0.27192517662987500,0.361890694239291,0.09925925925925930,0.45937961595273300,0.4853136972289270,0.9814273168146350
20279756_AI.txt,AI,7.639486071255560,199.39508957425500,0.02546812065284730,0.6397109681846280,0.49233716475095800,0.03461538461538460,0.5708812260536400,0.9912622323375180,0.9711731438484930
20314980_AI.txt,AI,7.79981866414633,222.83293402927800,0.007380427609420510,1.1468046111381900,0.4919210053859960,0.02882882882882880,0.5673249551166970,0.5233294325755270,0.9909403681951400
20317319_AI.txt,AI,7.850844708091290,230.85524623538700,0.00865642402404108,0.40779758057958200,0.4577777777777780,0.09806835066864780,0.5333333333333330,0.609246823759769,0.9499468755252210
20321582_AI.txt,AI,7.713030934912290,209.82327863154900,0.014616881189691800,0.5722110014114100,0.43209876543209900,0.06740027510316370,0.48559670781893000,0.48939896733119100,0.961786055239243
20324037_AI.txt,AI,7.382642542259190,166.87714170323800,0.020040622824101600,0.6010704309623920,0.4296875,0.0784313725490196,0.517578125,0.5975751458810220,0.9821919166045230
20330739_AI.txt,AI,7.395274555813480,168.34470753322000,0.018045310980802600,0.6695581385868860,0.3521545319465080,0.08196721311475410,0.4294205052005940,0.43305740273529900,0.9627240974781770
20345168_AI.txt,AI,7.477889945736120,178.2662701779520,0.013928036326066800,0.4794585524661790,0.46943231441048000,0.043859649122807000,0.5567685589519650,0.5421505977558380,0.9941951741044950
20356750_AI.txt,AI,7.397024335225810,168.5490090662820,0.01157043222687910,0.6993285496577010,0.5074626865671640,0.0275,0.6019900497512440,0.5578925200905250,0.9888421411020890
20357858_AI.txt,AI,7.640354922154550,199.51520974930300,0.02219990078943580,2.4170272083303400,0.5217391304347830,0.0611353711790393,0.6108695652173910,0.8924327773116690,0.9445487731635330
20390397_AI.txt,AI,7.440446435243090,173.69909597184100,0.02846242298836120,0.4484301345899530,0.4884210526315790,0.05919661733615220,0.56,0.5908294469901460,0.965498050647792
20393721_AI.txt,AI,7.51061652829209,182.35633742870000,0.021421712621381900,0.5864629638172050,0.47195357833655700,0.09514563106796120,0.5357833655706000,0.9464982472643120,0.9566531535765860
20399718_AI.txt,AI,7.40951664057372,170.01481303015200,0.026021810387297300,0.32321936974321900,0.3935599284436490,0.12208258527827600,0.4740608228980320,0.7380242429605450,0.951046784163069
20400279_AI.txt,AI,7.443523813582250,174.0700048131630,0.008737229756441810,1.0106396700414400,0.42057761732852000,0.08152173913043480,0.5036101083032490,0.9953072754184970,0.9571372415121070
20408458_AI.txt,AI,7.547663364821720,187.0996908851840,0.017582177686351400,0.8520649426674450,0.4515539305301650,0.08256880733944960,0.5283363802559420,0.5855240673346340,0.9713029849396380
20417897_AI.txt,AI,7.63610504568569,198.92834467608600,0.015378677105247000,0.5319823515926840,0.5110663983903420,0.028282828282828300,0.5935613682092560,0.8964669755676200,0.9878115594663850
20423658_AI.txt,AI,7.427365792118070,172.13131723169200,0.015590538311071400,0.5704072537959380,0.4372549019607840,0.06299212598425200,0.5333333333333330,0.6455199424072640,0.9722827425248630
20427934_AI.txt,AI,7.732895118181730,212.73227468074400,0.013473381691238000,0.8489020787029720,0.5139442231075700,0.064,0.599601593625498,0.6485881262898820,0.9652051805456820
20457611_AI.txt,AI,7.554998952854390,188.05344856548700,0.015009439748260700,0.9201333476095730,0.4507512520868110,0.08877721943048580,0.5091819699499170,0.8605794940742860,0.9686851334602770
20470943_AI.txt,AI,7.842255044615320,229.48484062723600,0.015594035274750900,0.3821290400151550,0.5470941883767540,0.012072434607645900,0.6332665330661320,0.6773831681064340,0.9677878005911760
20478831_AI.txt,AI,7.446589307364920,174.44026867500900,0.018084251380844200,0.43959322761719800,0.4438095238095240,0.08604206500956020,0.5238095238095240,0.8477979922179140,0.9667623964087220
20488267_AI.txt,AI,7.209571349828440,148.01210399638200,0.012895630898733100,1.281166029832280,0.4513888888888890,0.1325581395348840,0.5231481481481480,0.7873931532414680,0.9436419579559430
20490741_AI.txt,AI,7.624470630174140,197.33056562475600,0.005322767515980060,0.3899682567640120,0.49506903353057200,0.04554455445544550,0.5857988165680470,0.6182396389203820,0.9794287279286280
20504094_AI.txt,AI,7.8043247621401200,223.5300160534430,0.013112560956495500,0.829238529154972,0.4494556765163300,0.062402496099844000,0.5287713841368580,0.7274335797613330,0.9791134428236910
20544228_AI.txt,AI,7.760275877311660,216.8082548519350,0.008207975082257610,0.33124332219320600,0.46935201401050800,0.0351493848857645,0.5674255691768830,0.7539172130180620,0.9760370967322740
20552814_AI.txt,AI,7.480098238761350,178.5393463229830,0.008122283301416300,0.3968905580168110,0.46292585170340700,0.07243460764587530,0.5490981963927860,0.6617853138693240,0.9725965417219910
20553895_AI.txt,AI,7.290840034012010,156.58910570636000,0.010226490089826700,0.45396911451961100,0.5531914893617020,0.03363914373088690,0.6474164133738600,0.786072289993155,0.9578567440507530
20565486_AI.txt,AI,7.6829945612248600,205.49999680121100,0.021213415653207900,0.33898444338001600,0.4483306836248010,0.07974481658692190,0.5246422893481720,0.5563239591808280,0.9333099391916640
20565849_AI.txt,AI,7.284774567863880,155.93214625600500,0.015507107800946500,0.8074531999429320,0.45368171021377700,0.162291169451074,0.5486935866983370,0.5139555611811540,0.9485045585467630
20566550_AI.txt,AI,7.93427144486118,244.59844888618400,0.015781165934351100,0.5725919666752730,0.53125,0.02613240418118470,0.6059027777777780,0.813545336678111,0.9815348069123830
20574232_AI.txt,AI,7.263656522299720,153.66624940988900,0.03441963870079680,0.6342697385035620,0.3844797178130510,0.05309734513274340,0.4479717813051150,0.6358073614011140,0.965906068857895
20604208_AI.txt,AI,7.526375766217440,184.35922095823200,0.01303600518106740,0.501724587302278,0.5118279569892470,0.0755939524838013,0.5827956989247310,0.9044443207407840,0.9771676552826250
20624984_AI.txt,AI,7.533022105292920,185.21050320603400,0.014788068754250100,0.3429246807478480,0.5166666666666670,0.03827751196172250,0.6071428571428570,0.5406518489459810,0.9751981282343840
20626794_AI.txt,AI,7.090059818591050,136.2450323766460,0.01357718007330050,0.26426055426062700,0.5934959349593500,0.01639344262295080,0.6991869918699190,0.40224156721495300,0.953553210879797
20628003_AI.txt,AI,7.267525505506240,154.07890075703700,0.012100018259059500,0.2665493760125230,0.5639344262295080,0.052805280528052800,0.6688524590163940,0.46608678199108500,0.9550194469887930
20633855_AI.txt,AI,7.654198084381930,201.43884199338500,0.014057348139023800,0.6845099930814940,0.47928994082840200,0.033663366336633700,0.5838264299802760,0.6531776188322850,0.9266259175795150
20674668_AI.txt,AI,7.740549436147520,213.86393983407700,0.024808778785026100,0.48639868765229500,0.4410029498525070,0.04437869822485210,0.5117994100294990,1.2727230430359800,0.9572337043518190
20681037_AI.txt,AI,7.012189783395190,129.0860941046060,0.015905476172452400,0.9014968894468270,0.5941422594142260,0.0379746835443038,0.6903765690376570,0.9359602645037540,0.950717141721602
20691949_AI.txt,AI,7.461730971887550,176.28073073268700,0.019111765900194500,1.7135796523628000,0.4817351598173520,0.06192660550458720,0.5776255707762560,0.9243962086328620,0.9715537937096350
20698469_AI.txt,AI,7.360566046842010,164.3429828294190,0.016791061287662000,1.4927909071498800,0.452991452991453,0.11373390557939900,0.5341880341880340,0.5693845079985210,0.9670571470326580
20705888_AI.txt,AI,7.7884390270421800,221.0821943608290,0.018146104720112800,0.5050098253174100,0.49658703071672400,0.0410958904109589,0.590443686006826,0.7130299665953220,0.9473429289780440
20736486_AI.txt,AI,7.766005488812550,217.671013116188,0.013773105695729900,0.38595277547157600,0.4657534246575340,0.04580152671755730,0.5464231354642310,0.9828578107719060,0.9424319827643190
20748468_AI.txt,AI,7.7457222010446600,214.63212262846000,0.009555722377842910,1.100954820947980,0.4413075780089150,0.05961251862891210,0.5170876671619610,0.7673068667093140,0.9494456845530110
20748926_AI.txt,AI,7.732805928084310,212.71912358138900,0.021391404262554200,0.528885202232745,0.4982394366197180,0.05123674911660780,0.579225352112676,0.6992716026818660,0.9607654400743200
20748929_AI.txt,AI,7.862489968771210,232.7262229805490,0.008758949677398330,0.4555503822193710,0.518783542039356,0.03231597845601440,0.5992844364937390,0.6805048850233000,0.9430439764998650
20765795_AI.txt,AI,7.869795434189930,233.9076821511350,0.013491043808795200,1.1009352754941400,0.49584026622296200,0.03005008347245410,0.5790349417637270,0.5652516163767280,0.9538652608420470
20806155_AI.txt,AI,7.595210902142780,193.3687567346620,0.013408352057875600,0.39890211201498200,0.436077057793345,0.09666080843585240,0.5078809106830120,0.7331959887939970,0.9750502185548840
20817322_AI.txt,AI,7.544775676397400,186.72556798264600,0.017886262077747600,1.187665248886580,0.4173354735152490,0.09967845659163990,0.5016025641025640,1.124856672128950,0.9652734297523800
20819838_AI.txt,AI,7.397748481991650,168.63363184062600,0.009810454489648220,0.7124060073697840,0.3676703645007920,0.15262321144674100,0.4469096671949290,0.640461537675281,0.9685704338403290
20824105_AI.txt,AI,7.5536989543301,187.8840717482410,0.030096106095167400,0.8029756429286860,0.482,0.05040322580645160,0.5461847389558230,0.9482524082072490,0.9742568146344260
20835760_AI.txt,AI,7.787907132529370,221.00070053965600,0.028486831934636500,0.31398899013990900,0.46236559139784900,0.04776579352850540,0.5529953917050690,0.6103846518308860,0.9330194755367420
20836112_AI.txt,AI,7.079798692023450,135.27943151644800,0.014275729146904100,1.1484196708053100,0.3406113537117900,0.31359649122807000,0.4279475982532750,0.5881746825374160,0.9807269443781220
20850529_AI.txt,AI,7.605054744320890,194.69266805768100,0.008225010146292640,1.0260149079917400,0.46260869565217400,0.07678883071553230,0.542608695652174,0.63909718931576,0.9533522106038350
20879311_AI.txt,AI,7.876211963431760,234.95032667386400,0.020166902189041000,0.6309996544320560,0.4455882352941180,0.05457227138643070,0.5029411764705880,0.9899357306739930,0.9797149504549410
20880935_AI.txt,AI,7.563660409528320,189.18585422640600,0.01764190741017440,1.2850346306140300,0.47657841140529500,0.032719836400818,0.570264765784114,0.5781553870474110,0.9827278149779760
20882041_AI.txt,AI,7.432703254313690,172.7693217891670,0.011051900012909900,0.3023453118375470,0.3888888888888890,0.05574912891986060,0.4774305555555560,0.4643381039604250,0.9654833425007450
20905088_AI.txt,AI,7.645864436305720,200.27859594340700,0.028094631291191200,0.7704124685639920,0.40789473684210500,0.07755775577557760,0.5098684210526320,0.5997283077045810,0.9723885069080640
20918464_AI.txt,AI,7.494590170300550,180.34181926545200,0.020407382643766400,2.0773237247615800,0.49572649572649600,0.08817204301075270,0.5546038543897220,1.465040587769130,0.9737471848834330
20925036_AI.txt,AI,7.488758520168620,179.61431438168400,0.020489299073547300,1.1378154049806200,0.5623409669211200,0.05370843989769820,0.6234096692111960,0.8316232477924520,0.9833601286543270
20932019_AI.txt,AI,7.434615901754570,172.99852195478400,0.02761555164738440,0.42161068474378900,0.486784140969163,0.04424778761061950,0.566079295154185,0.684749651928173,0.9723543926546020
20966771_AI.txt,AI,7.5703263530525200,190.06200623716300,0.011255240869160600,0.73579515567143,0.5136268343815510,0.04631578947368420,0.589098532494759,1.266282889144980,0.9821777132342350
20969119_AI.txt,AI,7.9429929651640200,246.08159772723900,0.03059964308463330,0.4058762928661840,0.4009433962264150,0.06382978723404260,0.4740566037735850,0.9073760720555400,0.954389830824168
20969845_AI.txt,AI,7.513080031593410,182.6679897152180,0.024757039502754700,0.6228610927470780,0.4884210526315790,0.12050739957716700,0.5557894736842110,1.5677628159822700,0.9656722878056110
20977412_AI.txt,AI,7.59755512636806,193.6832155719670,0.022569253488172800,0.4601806246153320,0.48722986247544200,0.0670611439842209,0.5736738703339880,0.8819449027529770,0.9665129678084700
20981299_AI.txt,AI,7.841336722313590,229.33881254538200,0.015296560648827800,1.4838838580986900,0.4659090909090910,0.032679738562091500,0.5537459283387620,0.7619619419055500,0.9580722451804250
20986595_AI.txt,AI,7.639306626935110,199.3702900911860,0.008879786685401230,0.7779232332590270,0.5163934426229510,0.051440329218107,0.5983606557377050,0.7438329462636300,0.9810078187693200
20992320_AI.txt,AI,7.695232022467580,207.2505359725310,0.008174253854591070,1.755221084166650,0.5429769392033540,0.042105263157894700,0.6121593291404610,0.6654014131019270,0.9852913923928520
20993320_AI.txt,AI,7.547290590863430,187.0513529617540,0.012901143710487000,0.5602406127754820,0.40536277602523700,0.08544303797468350,0.4889589905362780,1.020483452716900,0.9661781024232700
21007083_AI.txt,AI,7.013211405776470,129.1775368167230,0.015923607899437000,1.5136575732459300,0.5936254980079680,0.024096385542168700,0.6573705179282870,0.7773738712272110,0.9662295947931220
21031285_AI.txt,AI,7.615686129303900,196.13267991569400,0.020006674893769400,0.511229455441096,0.4548611111111110,0.06620209059233450,0.5399305555555560,1.061715660320210,0.9702004538034380
21038022_AI.txt,AI,7.753691036783170,215.8209397133140,0.039487821782318900,2.670184062270300,0.4954128440366970,0.06445672191528550,0.5706422018348620,0.8954602761711950,0.940094946935771
21060367_AI.txt,AI,7.517294667589700,183.20240946922100,0.020168344243026100,0.3890275952157300,0.4222222222222220,0.0634648370497427,0.49230769230769200,0.6712750310675450,0.958992589077728
21101152_AI.txt,AI,7.446627123813590,174.44484122689100,0.0056560746744361700,0.2590899964213520,0.40530973451327400,0.0994671403197158,0.49734513274336300,0.5110793186159330,0.9618493713597570
21122155_AI.txt,AI,7.806438001132740,223.8576795330040,0.019402509176931400,0.5810639138335110,0.44176706827309200,0.09785522788203750,0.49732620320855600,0.9792064211829500,0.981263528026498
21125113_AI.txt,AI,7.711064260301210,209.53744346405500,0.013869618872604700,0.362735635502357,0.5306930693069310,0.05168986083499010,0.6079207920792080,0.5801456913904970,0.9735745952775690
21134923_AI.txt,AI,7.759911832597540,216.753553103084,0.019396318943120600,2.0009450409126600,0.5074349442379180,0.061567164179104500,0.5836431226765800,1.0208059920935700,0.9738637463797730
21156767_AI.txt,AI,7.607154219027740,194.97619983835300,0.024982590649396600,0.7855451064377900,0.4429065743944640,0.03819444444444450,0.5311418685121110,0.589609376184332,0.9667920033806500
21178545_AI.txt,AI,7.945294009133880,246.47440172946100,0.07941688965402330,1.7441343147022300,0.48632218844984800,0.15091463414634100,0.5455927051671730,1.7503423372885500,0.9802647939179120
21190805_AI.txt,AI,7.576935504533820,190.9346995185050,0.015382618839387700,0.3052514391037270,0.47005444646098000,0.060109289617486300,0.5462794918330310,0.43025856167602300,0.9596418970100850
21238396_AI.txt,AI,7.777274738824280,219.3779535611550,0.0141925879271615,0.39367957893623700,0.4900900900900900,0.03074141048824590,0.6018018018018020,0.4921002194130880,0.9620581785422490
21265194_AI.txt,AI,7.477736669349010,178.24733162363600,0.01827343179494700,0.47845233928387900,0.37518248175182500,0.1595900439238650,0.44963503649635000,0.9133146183823760,0.9811405287486280
21283365_AI.txt,AI,7.449637132815860,174.8091792659860,0.009325775766394750,0.241305556204141,0.4567404426559360,0.10303030303030300,0.5331991951710260,0.3782049690035800,0.955197419550263
21283733_AI.txt,AI,7.614473685704090,195.96791888857100,0.010994490458571000,0.3735003771780730,0.4846743295019160,0.03653846153846150,0.5651340996168580,0.6668260397946440,0.9729432954767220
21287405_AI.txt,AI,7.9360769793608000,244.90475575744000,0.018383909890035800,0.38612285696683100,0.5015527950310560,0.03426791277258570,0.5854037267080750,0.7601169500660920,0.9661791202303750
21297521_AI.txt,AI,8.138756847352720,281.84474283567600,0.0067091440798961300,2.2550540297517700,0.49860335195530700,0.022408963585434200,0.5782122905027930,0.7744135648987180,0.9702666012828150
21297828_AI.txt,AI,6.803578806714780,111.7072340956470,0.012752863471415000,0.7076311559672430,0.47959183673469400,0.10273972602739700,0.5510204081632650,0.939259373569361,0.9845741400660200
21298336_AI.txt,AI,6.759467924101550,108.34343480585400,0.010026660824269600,0.47754503937364000,0.5677966101694920,0.09401709401709400,0.6271186440677970,0.616974834746698,0.9788941501768120
21321598_AI.txt,AI,7.69127009388941,206.682165415372,0.0091449478260596,1.8661278440398600,0.5295315682281060,0.0408997955010225,0.6130346232179230,0.850767585456644,0.9521913162485190
21334981_AI.txt,AI,7.641627886456180,199.69133000573800,0.009884747015865400,0.4443785736358280,0.508,0.0642570281124498,0.578,0.7391038898558170,0.9548605129391870
21338490_AI.txt,AI,7.295823111279030,157.13090055312500,0.009544437479180720,1.0496631129139400,0.4363256784968690,0.1111111111111110,0.5073068893528180,0.9836702934821250,0.9805627389263820
21363048_AI.txt,AI,7.841858829581440,229.42182463507200,0.025392941274534700,0.5433126355589070,0.43293492695883100,0.07190412782956060,0.5099601593625500,1.2052729696966300,0.9652753087542490
21366189_AI.txt,AI,7.59818547822706,193.76785941372900,0.016629038904231800,0.5861257869811960,0.46360153256705000,0.04423076923076920,0.5440613026819920,0.8776372031641870,0.9913684207811170
21386255_AI.txt,AI,7.760265084487650,216.80663291207900,0.03633558433967940,0.40112941892841400,0.4592833876221500,0.07352941176470590,0.5472312703583060,0.5484407994341770,0.9527067916839580
21478007_AI.txt,AI,7.775922261796510,219.1723906369760,0.012989278042397300,0.40609315374202700,0.4842105263157900,0.04929577464788730,0.5736842105263160,0.5744562646538030,0.964922942333893
21511817_AI.txt,AI,7.663335030368710,202.71865260846400,0.03045369103982210,0.42631022217270400,0.47985347985348000,0.07536764705882350,0.554945054945055,0.9868320212896410,0.9708995889134040
21512769_AI.txt,AI,7.589747762736260,192.63790038595900,0.008940650878532980,0.6220513290004940,0.46629213483146100,0.045112781954887200,0.5430711610486890,0.7449505606932420,0.9905426220912090
21531811_AI.txt,AI,7.187167695151500,145.73137417628300,0.010635305058350600,0.37539357241427000,0.5691823899371070,0.02531645569620250,0.6415094339622640,0.6181885268307030,0.9772510780141070
21549195_AI.txt,AI,7.550218281822790,187.4313255633880,0.024603606135079200,0.8328087992082220,0.3910171730515190,0.1576158940397350,0.4438573315719950,0.604296239575001,0.9641380012428880
21550454_AI.txt,AI,7.882511930907190,235.97855225927800,0.01239022543995800,0.6390308116468570,0.4911147011308560,0.09886547811993520,0.5767366720516960,0.6799254989114830,0.9621349420537190
21567392_AI.txt,AI,7.669070079533500,203.5261103713670,0.011989995939924600,0.5202228124052130,0.5422680412371130,0.016563146997929600,0.6082474226804120,0.7528718823189160,0.9813093481349710
21568833_AI.txt,AI,7.361792545116980,164.48275740666600,0.0307949149410214,1.304097332845130,0.4500978473581210,0.06483300589390960,0.5166340508806260,0.5922205967285770,0.9762275265230130
21570485_AI.txt,AI,7.695270986112210,207.25613337534300,0.02126925755414710,0.8752193911628910,0.44954128440367000,0.05214723926380370,0.5152905198776760,0.6051726088964210,0.9670038571305240
21586858_AI.txt,AI,7.823358511177820,226.49862959069000,0.02179097923759180,1.5080651610205000,0.45590433482810200,0.0704647676161919,0.5411061285500750,1.0317312402967900,0.9633911307465120
21595057_AI.txt,AI,7.669837139367330,203.63435099728900,0.011102244616364700,0.3665797585966270,0.44408427876823300,0.06016260162601630,0.5364667747163700,0.48567860679607700,0.9574042480827420
21611212_AI.txt,AI,7.358352574760350,164.09103097645700,0.013827836236152300,0.34411837551783200,0.4724770642201840,0.055299539170506900,0.5665137614678900,1.1066716241689200,0.9496614330915200
21611637_AI.txt,AI,7.657369437149870,201.88213477000200,0.014232125987368800,0.33100156646592,0.4242902208201890,0.05221518987341770,0.5141955835962150,0.5679934087621390,0.9639876597145620
21614256_AI.txt,AI,7.737195073531050,213.36726946686400,0.023879037034455800,1.6034698384183600,0.4576547231270360,0.06862745098039220,0.5407166123778500,0.5937907274312400,0.9734505220029500
21622444_AI.txt,AI,7.154654672846270,142.4838577526560,0.017102156943061600,0.4424272499999740,0.48186528497409300,0.046875,0.5595854922279790,0.7683252784615690,0.9684298525591840
21629057_AI.txt,AI,7.7373267824468200,213.38674943577600,0.006502460335111610,0.8336810282990410,0.4752136752136750,0.0274442538593482,0.5641025641025640,0.6460701065937370,0.9762387122993780
21645690_AI.txt,AI,7.808339077317600,224.15285696625400,0.010728711040344900,0.4528928415632600,0.4701130856219710,0.02593192868719610,0.5460420032310180,0.9406493066662300,0.973016522837553
21663616_AI.txt,AI,7.774869411472490,219.01250130766000,0.02512819641695680,2.5784556985287900,0.49489795918367300,0.04436860068259390,0.5595238095238100,1.056504416779170,0.9621675020861930
21669215_AI.txt,AI,7.590775738688420,192.77521124598500,0.012142223099243200,0.8690238679799220,0.4940944881889760,0.021739130434782600,0.5826771653543310,0.7026426752483260,0.9574241319900570
21705160_AI.txt,AI,6.671753962372230,101.95254382569100,0.011934312007377400,0.3807191239396880,0.5497382198952880,0.06878306878306880,0.643979057591623,0.5897048395082600,0.9488759292546880
21756639_AI.txt,AI,7.831444245490390,227.77162869851000,0.020558742519528700,0.779454229036971,0.5284974093264250,0.03292894280762570,0.6010362694300520,0.7549981212958310,0.9898155323292920
21763056_AI.txt,AI,7.64984912322638,200.83252493593400,0.019746746537080200,0.35335226925148200,0.4306930693069310,0.07781456953642380,0.5181518151815180,0.5674078157657650,0.9767073865930460
21773106_AI.txt,AI,7.815202267069310,225.22173750150500,0.02797389040858210,0.803265422501084,0.4559748427672960,0.09779179810725550,0.5283018867924530,0.46454007341159500,0.9548894346369600
21780877_AI.txt,AI,7.802199225031340,223.20092951617200,0.01692103923471600,0.5619979960291800,0.4657320872274140,0.0484375,0.5451713395638630,0.7366571598706820,0.9574068666168370
21782152_AI.txt,AI,7.663783716767820,202.7817090724060,0.011046759127989600,0.3691500876174090,0.5216494845360830,0.041407867494824000,0.6123711340206190,0.5893926625193640,0.9539104906859840
21794875_AI.txt,AI,7.634080336434250,198.6493601706180,0.02512669005066590,0.5340320478500310,0.47079646017699100,0.0674955595026643,0.5309734513274340,0.8400250603200470,0.980629110847034
21796843_AI.txt,AI,7.757772277014630,216.43233999155600,0.016046226735966600,2.4956652240351100,0.42684766214178000,0.0907715582450832,0.5158371040723980,0.7358359161195370,0.9708101621143110
21807211_AI.txt,AI,7.742731721071200,214.1876847705810,0.014671373054019400,0.8754436187519940,0.5423387096774190,0.04048582995951420,0.625,0.8781911012157150,0.9559174745133040
21807224_AI.txt,AI,7.164788642223350,143.48823512757800,0.014062178687301800,0.42337037529305600,0.41935483870967700,0.08564814814814820,0.4976958525345620,0.8465356694465810,0.9908669428542830
21809601_AI.txt,AI,7.49929693836647,180.93114219290100,0.01800469051396870,0.6662714814068300,0.47876447876447900,0.06782945736434110,0.5598455598455600,0.45248601085184700,0.9423749732758120
21830565_AI.txt,AI,7.576488113963630,190.87549841364700,0.012947601208177100,1.0094080399338700,0.4195121951219510,0.06525285481239800,0.510569105691057,0.661508718282355,0.9507410295150590
21847415_AI.txt,AI,7.677567286161950,204.72837856487200,0.02256828939233420,0.5239389045004630,0.4398216939078750,0.06706408345752610,0.49777117384844000,1.2690369623860800,0.9689031274832830
21853199_AI.txt,AI,7.424078551012590,171.73955530485100,0.04607678171642040,0.5705080078125280,0.38808373590982300,0.1260096930533120,0.4573268921095010,0.914153799678586,0.9815537489866460
21856577_AI.txt,AI,7.506230656133850,181.80280595710900,0.010685585012533500,0.3660078974784090,0.49764150943396200,0.023696682464455000,0.5990566037735850,0.5469293126524900,0.9630998313503280
21866029_AI.txt,AI,7.527071245352900,184.4481163227570,0.027040416604410100,0.38094311830711000,0.4190800681431010,0.08717948717948720,0.4991482112436120,0.7384524733767890,0.9642554763365000
21867728_AI.txt,AI,7.756508169281830,216.24278228276600,0.02851067139871390,1.3765505361798900,0.430327868852459,0.04246575342465750,0.5068306010928960,0.6844088687449850,0.9204976666270590
21868149_AI.txt,AI,7.704353232819020,208.56499543496000,0.013078021398540200,0.9116274185222550,0.5254582484725050,0.03067484662576690,0.6130346232179230,1.010302762293110,0.9732225586124270
21869994_AI.txt,AI,7.4669290822579100,176.91702561199500,0.00879227209274788,0.42275109522577700,0.4682080924855490,0.06382978723404260,0.5452793834296720,0.8644692854169940,0.9729896067542330
21904897_AI.txt,AI,7.226603949766650,149.76990546517800,0.007829520170074190,0.4586930007372800,0.48404255319148900,0.07754010695187170,0.5797872340425530,1.0412297729486500,0.9657595892029450
21912637_AI.txt,AI,7.556405868211860,188.23692762799600,0.035368743411145400,0.6808478724792460,0.4732824427480920,0.06896551724137930,0.5324427480916030,1.1585001693679900,0.9873810956263830
21916744_AI.txt,AI,7.794380710958190,221.99459040081600,0.02341051455007780,2.8165972924957700,0.5129151291512920,0.05,0.5922509225092250,1.2719958272458700,0.9379187211510770
22008817_AI.txt,AI,8.095156534290290,273.45441301052500,0.02239723207908720,0.3772005484516560,0.42105263157894700,0.05054945054945060,0.4934210526315790,0.8687393304698740,0.9826125628382380
22019500_AI.txt,AI,7.5855596686839500,192.0794901059770,0.02500488590050240,0.42594330751497500,0.4557823129251700,0.040955631399317400,0.5204081632653060,0.7850325726271900,0.9664967598534940
22025574_AI.txt,AI,7.659789746638060,202.22110268862500,0.009589768720696460,0.43946961461855600,0.4629294755877030,0.05989110707803990,0.5406871609403260,0.5215472517615170,0.9627086841878900
22042181_AI.txt,AI,7.463751276717670,176.52776165904400,0.029041162502600100,0.47022931911131400,0.446360153256705,0.057692307692307700,0.5344827586206900,0.6449847215285730,0.9625260334881930
22047665_AI.txt,AI,7.16912981418174,143.92065168937500,0.014385069744367400,0.2629275898442780,0.535483870967742,0.045454545454545500,0.6419354838709680,0.4765309471106450,0.9475839078268620
22056333_AI.txt,AI,7.066274459322890,134.01720919622800,0.009903113873967760,0.6619671735977800,0.5060606060606060,0.057926829268292700,0.5848484848484850,0.9270416296167860,0.9719160090028240
22093368_AI.txt,AI,7.8007506013018200,222.97692383467800,0.02276148242573370,0.8532152009548700,0.4861788617886180,0.026101141924959200,0.5707317073170730,0.831795825345657,0.9631601613688750
22168194_AI.txt,AI,7.06104906263917,133.53268102461700,0.010828944819124800,0.40051847242622500,0.442159383033419,0.15503875968992200,0.5244215938303340,0.778887913824757,0.9692082023593530
22182279_AI.txt,AI,7.233876806325640,150.52682579985900,0.006787986123989370,0.6672354868863630,0.49868073878628000,0.04774535809018570,0.5804749340369390,0.9094254136989900,0.9847209747061740
22232367_AI.txt,AI,7.548562938769360,187.2163908719710,0.022279221512884400,2.542936782659050,0.4653846153846150,0.08108108108108110,0.5423076923076920,0.8557051722755530,0.9792452854263640
22249155_AI.txt,AI,7.12866656617449,139.94019202272700,0.01811726917581540,0.4062061932111940,0.45789473684210500,0.1349206349206350,0.5421052631578950,0.6480238909687580,0.9301745223978670
22259475_AI.txt,AI,7.581782265096660,191.57722684523800,0.02811716102024570,0.4397436806052750,0.4826254826254830,0.040697674418604700,0.5733590733590730,0.7227190298313890,0.9125630079507260
22259768_AI.txt,AI,7.524921673726680,184.1734988894740,0.027689055267346400,0.18706989308218,0.36023391812865500,0.09378663540445490,0.41637426900584800,0.4158315818432580,0.9586531458850490
22319662_AI.txt,AI,7.089574668543440,136.19922354708100,0.013311796005181300,0.6140498479653390,0.5091463414634150,0.06134969325153370,0.6097560975609760,0.9532684386504270,0.9457472658333700
22323967_AI.txt,AI,7.793485978294270,221.85695616327400,0.013611735609184200,0.3597693408523970,0.45368916797488200,0.03622047244094490,0.5447409733124020,0.7794579320294350,0.9696437734973960
22349169_AI.txt,AI,7.165277846507700,143.53689888531900,0.026989691872042000,0.4292352819368970,0.41594827586206900,0.18181818181818200,0.47413793103448300,0.8242067050669800,0.9477675789873650
22351830_AI.txt,AI,7.94686677950126,246.74324510966500,0.01844775346263140,0.8076598641354790,0.5108877721943050,0.013445378151260500,0.5829145728643220,1.0646289583244100,0.9720481504050130
22380187_AI.txt,AI,7.221665017695860,149.258058776025,0.02100801254580830,0.7031795550765310,0.5562700964630230,0.12297734627831700,0.639871382636656,1.040770854965430,0.9421505774709860
22391901_AI.txt,AI,7.686785042623670,206.04062948768800,0.012068051290482600,0.8012014720879330,0.4956217162872150,0.03690685413005270,0.5779334500875660,0.5437638007784980,0.9390323382047020
22408666_AI.txt,AI,7.46429896286541,176.59478910479900,0.026488545725821400,0.4768016955874230,0.4552683896620280,0.021956087824351300,0.5546719681908550,0.9590803132116730,0.9600618047290560
22423839_AI.txt,AI,7.347816540092030,162.89703564257900,0.011007429027112100,0.3871713321329000,0.4503171247357290,0.07006369426751590,0.5369978858350950,0.5940684506721830,0.9716251647950180
22442947_AI.txt,AI,7.352812140788620,163.4620747270240,0.022452375617958700,0.18356195127048300,0.45414847161572100,0.07456140350877190,0.5524017467248910,0.34711808430120200,0.9664285476320290
22450718_AI.txt,AI,7.724942483626200,211.56284683725300,0.01844990489208690,0.6760626626392870,0.5477707006369430,0.021321961620469100,0.6263269639065820,1.1981739149388900,0.9656056988152520
22452756_AI.txt,AI,7.371099345584070,165.5472626576200,0.021238491720683800,1.6514478538170700,0.45893719806763300,0.02912621359223300,0.5579710144927540,0.8141556482949700,0.9636206752561710
22455205_AI.txt,AI,7.581217282063660,191.50221675058100,0.014237903028703100,0.8966627423467820,0.48214285714285700,0.11648745519713300,0.5446428571428570,1.2186411868262100,0.9663296401119680
22465498_AI.txt,AI,7.53703511287724,185.72640282973800,0.02207122675621190,0.7090430935276540,0.4642857142857140,0.07547169811320750,0.5639097744360900,0.7855114262031110,0.9739488247639110
22485475_AI.txt,AI,7.7096884876536200,209.3377210923320,0.02568321724672930,1.6458529187969300,0.5166340508806260,0.043222003929273100,0.5909980430528380,1.0218717128668600,0.9735433991024720
22488036_AI.txt,AI,7.854314628279300,231.41115954865000,0.027131712844441900,0.494201323258535,0.47115384615384600,0.03858520900321540,0.5448717948717950,0.5618993947085760,0.9620753710083970
22492537_AI.txt,AI,7.595525996734740,193.41099442313000,0.011025381414020400,0.3742142928501710,0.4460431654676260,0.05415162454873650,0.5287769784172660,0.6536397835326690,0.9583124427742740
22496394_AI.txt,AI,7.403019379222650,169.2508629311840,0.013636650897383200,0.5787735850518860,0.43320610687022900,0.2547892720306510,0.5057251908396950,0.9807565141928420,0.9287992257702310
22506245_AI.txt,AI,7.532469488583660,185.13957288742100,0.01396171026256620,0.6151701701318550,0.4693446088794930,0.050955414012738900,0.5623678646934460,1.2005604466999700,0.9868755024186340
22510753_AI.txt,AI,7.592545797040290,193.01187441734500,0.015602839969357300,1.404992856280920,0.47504621072088700,0.10018552875695700,0.5674676524953790,1.0225980929607800,0.9650983044536390
22546476_AI.txt,AI,7.462533259165970,176.37878826750900,0.015777199475396700,1.6201399352463400,0.47,0.08835341365461850,0.542,0.5898450994789310,0.9855863208445680
22551979_AI.txt,AI,7.714256495952820,210.0015980154600,0.009773992162716020,0.34124628682414600,0.5231910946196660,0.0446927374301676,0.5955473098330240,0.5528568171867160,0.9634845026416270
22556198_AI.txt,AI,7.726121037119480,211.73574547237100,0.020781811089685400,0.9895403280120840,0.4504792332268370,0.057692307692307700,0.5351437699680510,0.5356506050106290,0.9653302865600740
22560013_AI.txt,AI,7.58523222208471,192.03589902339100,0.0274227282290237,0.7873309745832110,0.45666666666666700,0.051839464882943100,0.525,0.6955279483846260,0.9653135929841270
22561438_AI.txt,AI,7.258487999350870,153.1167177814410,0.008057831141717030,1.000401714859190,0.5079365079365080,0.04153354632587860,0.6190476190476190,0.7884409501308350,0.9768935453605490
22567495_AI.txt,AI,7.61926312679373,196.61957182947800,0.03216968050041160,0.40134630377273100,0.4570957095709570,0.046357615894039700,0.5214521452145210,0.8521520453817460,0.9836813083659190
22571461_AI.txt,AI,7.595880748404780,193.45855909051200,0.00981864111003027,2.6782588585625700,0.5092402464065710,0.03917525773195880,0.5872689938398360,0.9471561404623990,0.9829521125804930
22593054_AI.txt,AI,7.638594913130060,199.27196051381900,0.018229992511424800,0.5152880451740780,0.5106382978723400,0.04700854700854700,0.6212765957446810,0.7200714214362470,0.9524029239676670
22605864_AI.txt,AI,7.582978196977640,191.73610193354500,0.011641509042889300,0.8889197743645460,0.42644628099173600,0.06965174129353230,0.4991735537190080,0.6309182603473050,0.9895241430688540
22615491_AI.txt,AI,7.044003762495270,131.96428896326600,0.007438594402764970,0.3809014678957740,0.5256410256410260,0.0967741935483871,0.6121794871794870,0.6085577606743040,0.9840091268968180
22622351_AI.txt,AI,7.600508497944350,194.08011469671200,0.013722229285687200,0.6211637880707620,0.4364937388193200,0.07001795332136450,0.5205724508050090,0.5765013806541980,0.9851697688792940
22632070_AI.txt,AI,7.1268905482995900,139.76802579293400,0.06804378613025730,0.4820523962381420,0.4320388349514560,0.07804878048780490,0.5218446601941750,0.9823541976847940,0.9630376244671000
22650051_AI.txt,AI,7.81648697020644,225.422384160072,0.017555073996310000,0.5355057957209960,0.49413735343383600,0.047058823529411800,0.5644891122278060,1.2135175801867300,0.9625423122640490
22675694_AI.txt,AI,7.333813075601500,161.3235307045580,0.01540623449714710,0.3895753446623620,0.4658536585365850,0.051470588235294100,0.5585365853658540,0.9433534154520480,0.9671815309116120
22706174_AI.txt,AI,7.435792864688770,173.13971321099400,0.014235596234312400,0.27649960825198300,0.41403508771929800,0.04929577464788730,0.5,0.5986405565863640,0.9460178802067880
22718826_AI.txt,AI,7.768039779768630,217.97815946376700,0.005644972065029070,0.49719041426329400,0.46656050955414000,0.07507987220447290,0.5445859872611470,0.7036283691259150,0.9619878771128840
22720697_AI.txt,AI,7.488705567562490,179.6077219479190,0.020895813633800000,0.5640455668490980,0.41742286751361200,0.10018214936247700,0.49909255898366600,1.052854301442750,0.9815146134100490
22732234_AI.txt,AI,7.700248170721750,207.97238555807200,0.01769504174216430,0.27106940368508600,0.49471830985915500,0.037102473498233200,0.5757042253521130,0.4417557833075550,0.9572017748204490
22754014_AI.txt,AI,7.655736333354180,201.6537372655850,0.01957042232030230,0.40488630302286600,0.3990228013029320,0.049019607843137300,0.498371335504886,0.871471589368203,0.9854464714717670
22765255_AI.txt,AI,7.513484502569390,182.71920931182100,0.013055637008348000,1.0210431302617000,0.5102459016393440,0.06995884773662550,0.5799180327868850,1.0314326845835300,0.9518334887727090
22776912_AI.txt,AI,7.603517615972540,194.48534201915800,0.036005448058805800,0.4650036641129660,0.41678726483357500,0.06095791001451380,0.48480463096960900,1.352137700984540,0.9499102505168350
22800977_AI.txt,AI,7.599155118506670,193.89813523039000,0.0257549099813199,0.8573937091523230,0.4784172661870500,0.0631768953068592,0.5287769784172660,0.767396517497723,0.970259329313799
22807104_AI.txt,AI,7.430185084183680,172.46802244223300,0.008677052309921660,0.5198801165108630,0.5120772946859900,0.02912621359223300,0.5942028985507250,0.6103236613268930,0.9510924794079200
22848179_AI.txt,AI,7.637224058194820,199.08270138500900,0.011677714152428000,1.3599970293809600,0.44958677685950400,0.06301824212271970,0.5223140495867770,1.0541728716178600,0.9705426700983070
22852364_AI.txt,AI,7.573760060780450,190.51490488409500,0.009661438620169450,0.4995453748332720,0.3835227272727270,0.10398860398860400,0.4602272727272730,0.5728036452506190,0.9945414308370790
22855060_AI.txt,AI,7.394756383356730,168.28425405926300,0.009523095367606490,0.28055040849471600,0.5119617224880380,0.02403846153846150,0.5956937799043060,0.6579040035658050,0.9347858405200650
22861181_AI.txt,AI,7.630980747878230,198.22302591491600,0.011947846271842400,0.4401963924859280,0.47701149425287400,0.03076923076923080,0.578544061302682,0.6642547655674530,0.947757200065905
22884757_AI.txt,AI,7.181257754560700,145.13561271604500,0.01831466883988880,0.44631865406621800,0.5537459283387620,0.08524590163934430,0.6351791530944630,0.6612169249449480,0.975512184478781
22890839_AI.txt,AI,7.8863107881241600,236.60074204109700,0.03453253044611420,2.2865540998631700,0.566,0.028112449799196800,0.636,1.3637757112062800,0.9586123256632250
22894544_AI.txt,AI,7.662412733514650,202.58909853068700,0.006739396743856800,0.35780872989124800,0.501984126984127,0.035856573705179300,0.6031746031746030,0.46203490764981200,0.9551194627022850
22925443_AI.txt,AI,7.369720748472410,165.38914610158600,0.007531481116235640,0.4071887408408280,0.526829268292683,0.029411764705882400,0.5975609756097560,0.741399227003447,0.970570455557708
22946204_AI.txt,AI,7.8807860073546400,235.69641541964700,0.03007627169229460,2.062820975837990,0.5140961857379770,0.02329450915141430,0.5655058043117740,1.0289485749159300,0.9598024607770140
22965804_AI.txt,AI,6.575952692666820,95.40233637111170,0.015927793991717500,1.725133530454570,0.4858490566037740,0.0380952380952381,0.5990566037735850,0.6871321037941350,0.9716485323032080
22968380_AI.txt,AI,7.6866302820899800,206.01852831824300,0.011801822762206400,0.6956822890613400,0.5078740157480320,0.029644268774703600,0.59251968503937,1.0159848928728400,0.9679175230675860
22983516_AI.txt,AI,7.649698431346530,200.8115487425180,0.00788689739262453,0.8001964600450610,0.5468085106382980,0.021367521367521400,0.625531914893617,0.6773417705643140,0.9462104694465070
22990761_AI.txt,AI,7.682262922823270,205.39580737294600,0.01473806724941390,0.5670178672539410,0.4911242603550300,0.03564356435643560,0.591715976331361,1.3451476711892000,0.9592823137754560
23004695_AI.txt,AI,7.458506088176930,175.8871271355430,0.05402001738084940,0.4544652902717880,0.49333333333333300,0.06696428571428570,0.5888888888888890,0.694999777955378,0.9624955860481650
23009962_AI.txt,AI,7.607284031494860,194.99374441953500,0.02333625953396660,0.347531540486005,0.4209621993127150,0.06724137931034480,0.520618556701031,0.5319816737505990,0.9410444825380540
23011221_AI.txt,AI,7.691746505617770,206.75042798265400,0.019499879862475900,1.2982850404156100,0.5392781316348200,0.057569296375266500,0.6178343949044590,0.8461583086248990,0.9720487027853690
23015611_AI.txt,AI,7.8514846035176800,230.95766287756400,0.012018061792009600,1.680941856254960,0.47840531561461800,0.021630615640599000,0.5771144278606970,0.6127129805811310,0.9510008490995120
23032182_AI.txt,AI,7.592402444540180,192.99269686466300,0.014075562928062400,0.5022968824702600,0.4925053533190580,0.03870967741935480,0.582441113490364,0.556916736320686,0.9418962209323800
23032276_AI.txt,AI,7.799172331471280,222.73312641547800,0.009882340450326490,0.39058973571008500,0.37831603229527100,0.13410404624277500,0.4417531718569780,0.8312245521249740,0.9604778488603720
23048999_AI.txt,AI,7.555097561997850,188.06630258017200,0.031639666100822400,0.9628218464509860,0.44074074074074100,0.07977736549165120,0.5378927911275420,0.6387358917635580,0.9742267273966330
23063986_AI.txt,AI,7.837256669311500,228.69114093487900,0.008850004721765900,0.5421776497653820,0.47833333333333300,0.10869565217391300,0.56,0.7975931676682740,0.9642826306448860
23085604_AI.txt,AI,7.575419139695810,190.73412035640300,0.021578367881379000,0.3202545543676140,0.34069767441860500,0.1561771561771560,0.4069767441860470,0.4774744614083220,0.963950482502072
23110214_AI.txt,AI,7.636813645152300,199.02607506119800,0.025461050511236100,0.8920343392154790,0.4421768707482990,0.04778156996587030,0.5289115646258500,0.5428671960464520,0.9444457105871560
23138078_AI.txt,AI,7.631457955488550,198.28860400324700,0.03205536114398400,1.3673888792789400,0.5,0.07386363636363640,0.5641509433962260,1.1276189692656800,0.9814914475784970
23139437_AI.txt,AI,7.048221529024490,132.35065541630900,0.004166626057284920,0.41669551420165700,0.4967948717948720,0.0967741935483871,0.5737179487179490,0.5535928512242400,0.932153644079442
23139819_AI.txt,AI,7.466773756110850,176.8979790637510,0.015842017664781800,0.3769424340546370,0.4540441176470590,0.06273062730627310,0.5165441176470590,0.821629687408063,0.9926084423718170
23143731_AI.txt,AI,7.708235222845030,209.1269558508980,0.01239906280859800,0.7117167603508630,0.43238993710691800,0.138801261829653,0.5110062893081760,0.6089381525574260,0.9458171584900900
23155093_AI.txt,AI,7.688286837261250,206.25522218596300,0.01306951104239070,0.2576498315779850,0.4507512520868110,0.06030150753768840,0.5392320534223710,0.336824312977969,0.9564833982543560
23185829_AI.txt,AI,7.479510305481370,178.4666020252170,0.007845424996651530,0.32256115306607600,0.46770601336302900,0.05592841163310960,0.5612472160356350,0.39968177692288900,0.9626681041844940
23190306_AI.txt,AI,7.4831581596572000,178.91842577678100,0.0182648740160176,0.6245014247245770,0.43703703703703700,0.027881040892193300,0.5166666666666670,0.7643894215250910,0.949593931297387
23234047_AI.txt,AI,7.693477742357060,206.99867780209800,0.03851456172897580,1.0150794844391800,0.5028901734104050,0.061895551257253400,0.5722543352601160,0.9911885656076900,0.9851021479548460
23246831_AI.txt,AI,7.512225634078310,182.5598415156730,0.014055993324310100,0.26357636274327200,0.4407766990291260,0.031189083820662800,0.5320388349514560,0.49312156895339000,0.9527152758562100
23296286_AI.txt,AI,7.205264013815680,147.5708554496870,0.007314601847458210,0.6542548152235980,0.4828571428571430,0.04885057471264370,0.58,0.9537951405139510,0.9665505801096550
23302948_AI.txt,AI,7.956873696231920,248.4606712973940,0.017355688043035500,3.625477195233170,0.4666666666666670,0.052924791086351000,0.5263888888888890,1.4366298257611000,0.9775885458506180
23323001_AI.txt,AI,7.611014649043600,195.49862481083700,0.01685437182159090,0.7785270624238570,0.43449419568822600,0.07820299500831950,0.5140961857379770,0.6554876226094820,0.9760721088344620
23354541_AI.txt,AI,6.9237770379140200,121.41282707689400,0.014385833137423600,0.44472421145080900,0.4535211267605630,0.11048158640226600,0.532394366197183,1.123975431087600,0.9684960183456770
23387174_AI.txt,AI,7.623004025898050,197.13006670298000,0.02244403422883110,0.5969007225677690,0.4228855721393040,0.06988352745424290,0.5107794361525710,1.0027903492190900,0.9549672090040730
23396633_AI.txt,AI,7.716202044643580,210.28498704370500,0.019595730262430900,0.9063875548205870,0.4263565891472870,0.06376360808709180,0.5054263565891470,0.4558417745138710,0.9608718450803190
23398733_AI.txt,AI,7.08845049432288,136.09313597248500,0.010633759608529600,0.4918354250114540,0.6309523809523810,0.02,0.7063492063492060,0.843055532207391,0.963145457769429
23398843_AI.txt,AI,7.46706727187398,176.93397255232500,0.012105039644650800,0.6645464381666660,0.45588235294117600,0.11392405063291100,0.5462184873949580,0.9161136813406000,0.9668700695427510
23408537_AI.txt,AI,7.454179690593400,175.36046157660000,0.017051094901009600,0.4016938619067110,0.5171568627450980,0.054187192118226600,0.6078431372549020,0.7147875770302790,0.946551701184876
23416654_AI.txt,AI,7.858877172984830,232.14415926198600,0.017941896512786900,1.131149821509780,0.460093896713615,0.07378335949764520,0.5383411580594680,0.9599173280369990,0.9465123740192350
23427369_AI.txt,AI,7.636663787685610,199.00540264354700,0.022918760978132200,0.40898481267013500,0.463768115942029,0.06181818181818180,0.5489130434782610,0.5743874624682030,0.9642178063307810
23438112_AI.txt,AI,7.495011999517270,180.39455707132100,0.04109721274864280,0.3800574270053970,0.44684684684684700,0.10669077757685400,0.5153153153153150,0.6997430893848770,0.9754333405097110
23438227_AI.txt,AI,7.847246967438130,230.28026501321800,0.014905138770402500,0.42992759038267900,0.4969040247678020,0.043478260869565200,0.5603715170278640,0.43836583890917800,0.9563842374134190
23464505_AI.txt,AI,7.573463585987710,190.47575796662300,0.02476449216819160,1.4383123973823700,0.51931330472103,0.03879310344827590,0.5901287553648070,1.0832570414048300,0.9605733441447210
23477199_AI.txt,AI,7.3648058343804000,164.82666382988500,0.020238430317514100,0.4424611559671350,0.4789915966386560,0.05485232067510550,0.5525210084033610,1.149290814877870,0.9566239484034530
23497307_AI.txt,AI,7.506016046283900,181.77576367169300,0.013211158872077300,0.2476981820542640,0.514161220043573,0.03938730853391690,0.6013071895424840,0.39366116475335400,0.9506889762296780
23510685_AI.txt,AI,7.640403472091430,199.52192399836600,0.02026071385519720,0.2880645260260230,0.42342342342342300,0.08283132530120480,0.4864864864864870,0.7674390332202840,0.950930555834202
23513618_AI.txt,AI,7.7255809816579300,211.6564995870070,0.025410999797681000,0.4633410276454690,0.5042881646655230,0.03442340791738380,0.5746140651801030,0.8684145160484570,0.9877100659632030
23522150_AI.txt,AI,7.7680754179513700,217.98354413704300,0.01996825579910080,0.46227461775135200,0.5393474088291750,0.028901734104046200,0.6295585412667950,0.8560810094173520,0.9535880249631540
23527321_AI.txt,AI,7.4898956593876100,179.75594306312400,0.021093502576177800,1.836624931201890,0.3629943502824860,0.13314447592068000,0.4307909604519770,0.6499078571588210,0.9860855649686850
23568641_AI.txt,AI,7.416954590576580,170.89360379032500,0.0034418078384042300,1.0488884980484200,0.5064599483204130,0.02077922077922080,0.6072351421188630,0.6831783494673610,0.9745000921677070
23568731_AI.txt,AI,7.449612201391110,174.8061583890040,0.01575031431664220,0.26359380436649800,0.45875251509054300,0.09475806451612900,0.5522088353413650,0.47833875451974600,0.9442148961182410
23573064_AI.txt,AI,7.471032628114280,177.4209578854180,0.05929635428822580,0.2775383516025980,0.4488330341113110,0.04504504504504500,0.5224416517055660,0.9638177773069660,0.9388874823470370
23577836_AI.txt,AI,7.621604990102320,196.9389949018210,0.019199288055588900,0.5850407644630950,0.5251641137855580,0.04395604395604400,0.6061269146608320,0.75589361572588,0.9526993242049440
23591247_AI.txt,AI,7.209063097939180,147.9599694982020,0.011509235171404700,0.6650827179775390,0.6007604562737640,0.038314176245210700,0.6958174904942970,0.6263543193385130,0.9787433504078410
23602130_AI.txt,AI,7.151867711901100,142.20887680956900,0.013833181081276200,0.5128018236957510,0.5093833780160860,0.05929919137466310,0.5951742627345840,0.964840210256476,0.9805304859130900
23617240_AI.txt,AI,7.923069214685220,242.7065468741540,0.020172955689255600,0.4320389771233800,0.4384105960264900,0.08897742363877820,0.5165562913907290,0.8273177316986080,0.9795912429242370
23628651_AI.txt,AI,7.656563667213530,201.76941161536400,0.0239175576467022,1.7766165612659400,0.4632352941176470,0.042435424354243500,0.5606617647058820,0.6468160329580490,0.9677804948968170
23631188_AI.txt,AI,7.510152915923880,182.2977463414960,0.020528788271500200,1.2881484414351000,0.4497153700189750,0.10285714285714300,0.5351043643263760,1.0814579422692500,0.9643533837773210
23631724_AI.txt,AI,7.61795431585898,196.44127971276000,0.02389975942759810,1.0362273997895900,0.41935483870967700,0.1,0.48533724340176000,0.6781573802365420,0.9727401472993330
23636277_AI.txt,AI,7.540566179235880,186.181533994481,0.028835626005474200,0.3566283351424050,0.4470198675496690,0.046511627906976700,0.5182119205298010,0.9549003481940030,0.9880949379884230
23666211_AI.txt,AI,7.827027681744020,227.07541109178200,0.01601203734739570,1.169309723315290,0.5014836795252230,0.025297619047619000,0.5563798219584570,1.4020775081605500,0.9855641879360960
23673025_AI.txt,AI,7.730817246561670,212.42610312351300,0.012841745739051600,0.6723120622781560,0.5406976744186050,0.023346303501945500,0.6201550387596900,0.5827218443593600,0.967836581070515
23719943_AI.txt,AI,7.91205257603781,240.86026101779400,0.011328215632486700,0.5199742221683540,0.4314789687924020,0.047619047619047600,0.5400271370420620,0.56994586232225,0.9522553188849960
23734441_AI.txt,AI,7.425235596053400,171.8773461057950,0.05870598018773660,0.2648589813111070,0.43413729128014800,0.06890130353817500,0.5083487940630800,0.7331534984847650,0.9362710411810890
23752500_AI.txt,AI,7.4892298265684300,179.6730012160140,0.02653048136933530,1.4864537040348900,0.4177215189873420,0.07441016333938290,0.5027124773960220,0.7492006751199310,0.9555900159259210
23760084_AI.txt,AI,7.370320356781730,165.45789889715800,0.01920756243577370,0.7984287929314870,0.5022026431718060,0.059734513274336300,0.5638766519823790,0.781303974434251,0.9520117071420960
23761385_AI.txt,AI,7.671285684105490,203.83891370361600,0.0246821948737506,1.4031190376102400,0.5174537987679670,0.032989690721649500,0.6036960985626280,0.8056538691580950,0.9780429525646740
23771896_AI.txt,AI,7.653794475101580,201.3824952172630,0.01268224906770010,0.36037559899141400,0.44768439108061700,0.07401032702237520,0.5420240137221270,0.6359525384096160,0.9860476996580510
23782450_AI.txt,AI,7.329325191105320,160.82247093813500,0.026719382610745100,0.6378286755862930,0.5565217391304350,0.029154518950437300,0.6463768115942030,0.7007295526284240,0.971937015554922
23804341_AI.txt,AI,7.496563032177940,180.58860245186800,0.018037573650075100,0.2603651572901710,0.45528455284552800,0.07142857142857140,0.5528455284552850,0.5501929028752880,0.9665883000112310
23807940_AI.txt,AI,7.6302003350020700,198.1158279525720,0.013272849722024400,2.3770851683377900,0.3627329192546580,0.14819427148194300,0.4322981366459630,0.9268409779006650,0.9428022904134480
23810469_AI.txt,AI,7.537644440394780,185.8048616215390,0.010202336053813900,0.6434393003232090,0.3626543209876540,0.07430340557275540,0.4521604938271610,0.6066939932214050,0.9758147038259630
23814777_AI.txt,AI,7.606120468945400,194.83654144737600,0.02047631716794200,0.5011185085740170,0.5038022813688210,0.061068702290076300,0.5817490494296580,0.7051789170491260,0.9844361606531500
23818675_AI.txt,AI,7.810054447135720,224.41953406306100,0.043647532449194000,0.8311328733015960,0.4522691705790300,0.07053291536050160,0.53125,0.8603179350709610,0.9653632682940580
23841877_AI.txt,AI,7.35133919203309,163.29526997314700,0.027058173787039900,0.31086367142284000,0.4293381037567080,0.1490125673249550,0.4937388193202150,0.7273878648999460,0.9681616431360990
23864648_AI.txt,AI,8.006805255886500,257.2104157941390,0.021454061237143500,0.3493350825417990,0.4555984555984560,0.04392764857881140,0.5412371134020620,0.522612888626977,0.9599425834270910
23864858_AI.txt,AI,7.6981980976438100,207.67706617894700,0.0192342349410848,0.37369954981931900,0.43790849673202600,0.05737704918032790,0.5179738562091500,0.6824715181791260,0.9792561759342970
23914451_AI.txt,AI,7.744751406209650,214.48774446015500,0.014474439984298400,0.7150720826651390,0.448566610455312,0.0338409475465313,0.5413153456998310,0.7183260510970090,0.941924087267911
23917826_AI.txt,AI,7.70163432108588,208.17230274448200,0.017713838218238200,0.3022518341910040,0.47635135135135100,0.030508474576271200,0.5540540540540540,0.9575169142415770,0.9333143608577180
23918545_AI.txt,AI,7.455152382948230,175.4787327910760,0.021203753744839000,0.49595370461475300,0.46306306306306300,0.05063291139240510,0.5495495495495500,1.2014319129039500,0.9658093113319100
23929500_AI.txt,AI,7.517112009737250,183.17921590478800,0.017318083246044300,0.6236447531747620,0.468,0.05622489959839360,0.548,1.3655674906164700,0.9554756153612020
23933031_AI.txt,AI,7.5996669277091400,193.9669345623110,0.01284341518494130,0.7201985616415530,0.42504409171075800,0.07079646017699120,0.5149911816578480,0.5886229300969740,0.951707209063828
23939133_AI.txt,AI,7.491194086767350,179.9177964647150,0.020972952391056500,0.29969150406753200,0.43570057581573900,0.038535645472061700,0.5374280230326300,0.5106906108263190,0.9844730734297650
23944036_AI.txt,AI,7.670096905978830,203.6710199858080,0.008584868063580290,2.05715142087169,0.44193548387096800,0.0744336569579288,0.5241935483870970,0.76004273759276,0.9779793426016460
23951429_AI.txt,AI,7.375862319785350,166.09471055303500,0.010816101163681800,0.7209483123035690,0.6018808777429470,0.04416403785488960,0.7021943573667710,0.9625628236773870,0.9705070476135920
23955183_AI.txt,AI,7.781722552358530,220.0553371156030,0.012910594523762900,0.27139122458328100,0.5,0.05102040816326530,0.5898305084745760,0.5990503939113990,0.9842535284934260
23985183_AI.txt,AI,7.810758038512560,224.52900845229200,0.028713293994371600,1.338295773901580,0.47096774193548400,0.03398058252427180,0.5532258064516130,0.9818430277607480,0.987138325424366
24001783_AI.txt,AI,7.435548617849570,173.11040331044900,0.03594885185117610,1.9052126695355400,0.4899598393574300,0.09475806451612900,0.5481927710843370,0.7082274229642800,0.9792786981687610
24020470_AI.txt,AI,7.804203938730790,223.51129655488700,0.014409563301863300,1.2983186097354400,0.46106870229007600,0.05053598774885150,0.5343511450381680,0.6506912498385070,0.9539737948967140
24025053_AI.txt,AI,7.491121928998490,179.90879792951300,0.011751420585260000,0.4913800764798580,0.5172413793103450,0.017316017316017300,0.5818965517241380,0.8553273182990070,0.9668152880266080
24038620_AI.txt,AI,7.390353842036080,167.77149905938900,0.03373559117476600,1.1287101457745800,0.4518201284796570,0.05806451612903230,0.5331905781584580,0.5997769769946390,0.9894939603164540
24061629_AI.txt,AI,7.668788974199870,203.4864577073820,0.010897146152702800,0.5326617438194510,0.5460526315789470,0.03303964757709250,0.631578947368421,0.9973550644077800,0.9565547420661060
24068423_AI.txt,AI,7.6319999731132,198.36311462875200,0.03659119704069260,2.2306910153490900,0.3907563025210080,0.10252808988764000,0.4495798319327730,1.1349361169148400,0.9873525449933720
24083609_AI.txt,AI,7.062829859487350,133.6976094346690,0.013587495319837400,1.5089717040765500,0.601593625498008,0.04819277108433740,0.6852589641434260,0.5736179148397310,0.9623088958942810
24103168_AI.txt,AI,7.698163156735680,207.6720364691240,0.015698021908119300,0.40641214780206900,0.44603174603174600,0.07643312101910830,0.526984126984127,0.5878819258406900,0.9657672635152720
24124250_AI.txt,AI,7.726643509016330,211.8124394426450,0.01661069128358330,0.31391606719731600,0.46785714285714300,0.02867383512544800,0.5625,0.6504199076445480,0.9615427124059180
24154692_AI.txt,AI,7.798081983843030,222.56485468767500,0.014806087157466600,0.8837881227355370,0.5,0.028428093645484900,0.5766666666666670,1.0901731243602700,0.971386169379656
24184357_AI.txt,AI,7.474987621223930,177.90800562676700,0.03800694251130810,0.5091249447396390,0.5212264150943400,0.045023696682464500,0.6014150943396230,0.8233652368656010,0.9669083550514320
24219583_AI.txt,AI,7.69784813219359,207.62669449167200,0.014764673268425200,0.581383652760809,0.4570957095709570,0.08278145695364240,0.5313531353135310,0.9628790137242120,0.9647352088044910
24221960_AI.txt,AI,7.577879808239600,191.05971510330000,0.020510240079215700,0.659880856648503,0.5460829493087560,0.046296296296296300,0.6267281105990780,1.1144821103204800,0.9528939504601240
24230851_AI.txt,AI,7.262047200738860,153.49493078582800,0.012011371537769700,0.40770129121622100,0.45372460496614,0.1292517006802720,0.5440180586907450,0.6673500824353010,0.9625450075490710
24240349_AI.txt,AI,7.69480450479163,207.18912996624200,0.008462229868870760,2.662360112313080,0.4970873786407770,0.07017543859649120,0.5864077669902910,0.9587953679543600,0.9786197800279460
24251588_AI.txt,AI,7.6022164484686100,194.31001465088200,0.009650817457198960,0.37767250169460700,0.44571428571428600,0.05736137667304020,0.5466666666666670,0.5650742415903410,0.9662568159312090
24285142_AI.txt,AI,7.849575991007000,230.65231960190700,0.032691762809913100,1.622074846104410,0.5362595419847330,0.032567049808429100,0.6087786259541990,1.2014038459589300,0.9353441132883210
24294778_AI.txt,AI,7.698285266310810,207.6896145550210,0.016702494520537400,0.9974389779328320,0.47237076648841400,0.05366726296958860,0.5650623885918000,0.9031762992595630,0.9733070789700160
24322804_AI.txt,AI,7.44722063825083,174.51662135272900,0.024270068964784500,1.536754497530420,0.45598194130925500,0.07482993197278910,0.5575620767494360,0.840870015861777,0.9607682305544290
24349611_AI.txt,AI,7.9424433794321700,245.98787232135500,0.01645774184610490,0.9290823877554330,0.4747191011235960,0.03380281690140850,0.5351123595505620,0.710938922916041,0.9763931723573850
24361598_AI.txt,AI,7.453070214853080,175.22565596553500,0.008783748679387860,0.4174155753002550,0.5260770975056690,0.03416856492027340,0.6167800453514740,0.7999641848133870,0.97483412946923
24397882_AI.txt,AI,7.548413570013330,187.1970085139290,0.03806600679680410,1.910633172832580,0.44101633393829400,0.09836065573770490,0.5172413793103450,1.0892561621963100,0.9496649714775510
24402267_AI.txt,AI,7.432280827598140,172.71874166560400,0.01908278281721180,0.5119376286124110,0.4911242603550300,0.039603960396039600,0.5463510848126230,0.6840749290533370,0.9884464005719850
24410405_AI.txt,AI,7.645165515176110,200.1815934326490,0.021109529280878000,1.0035356435600300,0.4826923076923080,0.09073359073359070,0.575,1.0207903418590500,0.9385238951322330
24411323_AI.txt,AI,7.1682306205238800,143.83097770267700,0.013365192149099600,0.3221924991272250,0.5266272189349110,0.08928571428571430,0.6035502958579880,0.3714610411373260,0.9115860504142100
24412546_AI.txt,AI,7.388687142871290,167.57778995874300,0.023270594335411400,3.152872116671200,0.41532976827094500,0.1037567084078710,0.48128342245989300,0.8961614869012490,0.9802151090193910
24416961_AI.txt,AI,7.495441745983110,180.44830056431600,0.021483511363944300,1.9812167694972600,0.3421686746987950,0.09782608695652170,0.40602409638554200,1.0135553258098200,0.9824799774803350
24444525_AI.txt,AI,7.459880303466740,176.05474532649300,0.020321858362234400,0.5546901838779450,0.4110535405872190,0.1663778162911610,0.4905008635578580,0.8471325065026780,0.9768152744765260
24455357_AI.txt,AI,7.456228648504120,175.60969059883700,0.012924567410711600,0.7999598811716630,0.42435424354243500,0.12407407407407400,0.5055350553505540,0.7790700925158000,0.9800174606894860
24491862_AI.txt,AI,7.499792919928550,180.993354881847,0.008804433305678650,0.4055028538620200,0.4800796812749000,0.116,0.547808764940239,0.6334104027719120,0.9849773066109590
24508725_AI.txt,AI,7.738107913584240,213.50231659449800,0.04312981661218150,0.3550640046494670,0.4934086629001880,0.06427221172022690,0.5932203389830510,0.9309611922637890,0.9482578586384810
24516163_AI.txt,AI,7.698871448247680,207.7740181422860,0.014307837928644700,0.579806935853536,0.46440129449838200,0.08116883116883120,0.5388349514563110,1.0331327787143000,0.9617438583623760
24530382_AI.txt,AI,7.5992343028073200,193.90877788816800,0.016590947292569100,0.6879890178102600,0.35145385587863500,0.08365019011406840,0.4222503160556260,0.628080244371008,0.9762519013855960
24533931_AI.txt,AI,6.783555487334110,110.16754685711600,0.018846506067713000,0.2807439026345380,0.5378151260504200,0.059322033898305100,0.6176470588235290,0.4071874442606900,0.9350592491500560
24544244_AI.txt,AI,7.717463883119450,210.46899111581400,0.01020300041514050,0.3181828718354520,0.5275590551181100,0.01383399209486170,0.610236220472441,0.6140975119893490,0.9394975218742960
24548333_AI.txt,AI,7.646320628274700,200.3419356868860,0.01834266930193020,0.46945444318273300,0.4654867256637170,0.055062166962699800,0.552212389380531,0.5660301009204650,0.970581175516401
24550866_AI.txt,AI,7.506542703670340,181.84213322440200,0.011504034689813700,0.5052871470590980,0.5279069767441860,0.04449648711943790,0.6107226107226110,0.9044459261929640,0.9752736305306520
24553863_AI.txt,AI,7.596994355152680,193.60794611911700,0.017968305224532900,1.3342364946624700,0.40381558028616900,0.08931419457735250,0.48807631160572300,0.583980320231317,0.970308314111154
24559558_AI.txt,AI,7.877105157679250,235.09583300076100,0.01284844375178850,2.5576797498829400,0.46320346320346300,0.04775687409551380,0.5454545454545450,0.9030823774524740,0.9683099932005830
24574164_AI.txt,AI,7.6779414739354700,204.78148527799600,0.015216609892232500,0.40473949411016500,0.41679160419790100,0.06015037593984960,0.4917541229385310,0.6051996710107730,0.9877374050981070
24580361_AI.txt,AI,7.376539182004960,166.17265468392800,0.011949563099939100,0.46631137167935300,0.5065616797900260,0.09762532981530340,0.5826771653543310,0.7559489334448480,0.9476927437919100
24583187_AI.txt,AI,7.8275968096647200,227.165007608826,0.013002529180876500,2.1840996225147900,0.5542168674698800,0.046370967741935500,0.6325301204819280,1.073442071956730,0.9548207410017160
24588864_AI.txt,AI,7.707568096399810,209.03027438542100,0.008841715017976700,0.44902766812649700,0.48223350253807100,0.06960950764006790,0.5549915397631130,0.849473440408089,0.9635764169133660
24589765_AI.txt,AI,7.638685979153170,199.2845393868280,0.009848102573061130,0.8726387222170500,0.4512396694214880,0.05306799336650080,0.5256198347107440,0.6704748370141780,0.9623902688608070
24590489_AI.txt,AI,7.8917097685545400,237.48782900598200,0.007230191470653680,0.3540000122469540,0.4713855421686750,0.01812688821752270,0.5617469879518070,0.6942474726818790,0.964220227454372
24592627_AI.txt,AI,7.2494290757905400,152.1582845207670,0.019307850441937100,0.6131815148813530,0.3974121996303140,0.14471243042671600,0.46395563770794800,0.9956296870992180,0.9594407143177500
24610685_AI.txt,AI,7.888050318757540,236.88619562256800,0.04004193786820010,1.8267999441800000,0.4785185185185190,0.13075780089153000,0.5377777777777780,0.8544278281869380,0.9820880096222570
24611721_AI.txt,AI,7.645194507917590,200.18561636982100,0.015624051969421900,0.35325389761214600,0.484251968503937,0.041501976284585000,0.5728346456692910,0.6272107036606870,0.9637224122741550
24643412_AI.txt,AI,7.512022500276740,182.53413860345400,0.01947781247537820,2.6317034339279900,0.39176829268292700,0.09021406727828750,0.45884146341463400,0.8110212285807420,0.9745814107534060
24647386_AI.txt,AI,7.651295599924230,201.03398486922200,0.010285821077875700,0.33835055587849800,0.37320574162679400,0.0896,0.48165869218500800,0.6377818322082410,0.9732400953867740
24647794_AI.txt,AI,7.645048971436270,200.16542302338600,0.02396222514643140,0.8015016236782410,0.4565972222222220,0.041811846689895500,0.5121527777777780,0.5882194504719990,0.9888206928267360
24655918_AI.txt,AI,7.728143941738400,212.03284335895000,0.014219238000886100,1.7571884127567800,0.5136842105263160,0.04883227176220810,0.6046511627906980,0.7348533094133920,0.9653138308845600
24658786_AI.txt,AI,7.9140787626510300,241.19877379245500,0.04776750158336400,3.054677526041100,0.46056338028169000,0.10734463276836200,0.5140845070422540,1.5152475789039100,0.980261198906685
24668861_AI.txt,AI,8.103535678179700,275.0472518724790,0.02716925986393460,2.4625991672590500,0.4674698795180720,0.07125603864734300,0.5385542168674700,0.9576458546387760,0.9709183135161740
24670867_AI.txt,AI,7.661875627512190,202.51368996178200,0.012811237577485900,1.0819694468399900,0.4067796610169490,0.046742209631728000,0.5,0.5445651071150440,0.9771557044088900
24673903_AI.txt,AI,7.110085309306080,138.1493830672390,0.00713743671931655,0.6001005565406840,0.5605536332179930,0.027874564459930300,0.6608996539792390,0.6157192897182270,0.949811106501472
24677466_AI.txt,AI,7.567478361997570,189.68717929811700,0.015063870806190600,0.30699945155700500,0.3971223021582730,0.08802308802308800,0.4618705035971220,0.5610827826422750,0.97476899469104
24679149_AI.txt,AI,7.576700518236540,190.90360259017600,0.01625757747541150,0.29308589163616700,0.4357262103505840,0.08710217755443890,0.4991652754590990,0.5166410294646530,0.9204734224045270
24695561_AI.txt,AI,7.701568258777360,208.16277056502700,0.0239706392348404,0.9790035853515230,0.4396551724137930,0.08996539792387540,0.5206896551724140,0.7172756045569140,0.938979826355304
24703009_AI.txt,AI,7.812382495172930,224.78196770910100,0.023717496579021900,0.7485671739262480,0.47217537942664400,0.05414551607445010,0.5767284991568300,0.6891545511046040,0.9593179512978140
24703983_AI.txt,AI,6.818733026159010,112.88680286496600,0.012248816620295600,0.5589513386205040,0.43119266055045900,0.11692307692307700,0.5045871559633030,0.7820681807345710,0.984924590779052
24708621_AI.txt,AI,7.452239682227750,175.12481085388300,0.01655261432729630,0.5363304445897660,0.4939759036144580,0.004842615012106540,0.5759036144578310,0.7579223038078360,0.9572325720139910
24709432_AI.txt,AI,7.724148511058240,211.44644740507100,0.014333372950856400,1.0489451762344500,0.5085470085470090,0.034334763948497900,0.6175213675213680,0.7451903394269870,0.9693041868535140
24710433_AI.txt,AI,7.561156258879100,188.85776065876500,0.012469954624891800,0.5756487385368230,0.5029585798816570,0.07326732673267330,0.5759368836291910,0.8940642558065470,0.9776369644341370
24727739_AI.txt,AI,7.496764386123560,180.6138085863760,0.013973008224880500,0.4614378984703490,0.4528301886792450,0.058712121212121200,0.530188679245283,0.6704060311986000,0.9594755359881440
24740005_AI.txt,AI,7.72004932663698,210.84650927000000,0.04499667515085790,0.44248933445739800,0.5,0.04332129963898920,0.5845323741007200,0.9534135849144300,0.9491228988183220
24754689_AI.txt,AI,7.504431797579060,181.57626207848200,0.010659651441386500,0.3648800946378970,0.45225225225225200,0.07233273056057870,0.527927927927928,0.6898497856080970,0.9654096222491980
24763208_AI.txt,AI,7.7600260261710000,216.77071046600800,0.022288723428937300,0.2610246030457320,0.4145985401459850,0.09224011713030750,0.49635036496350400,0.4161854361326110,0.9488003704048430
24767027_AI.txt,AI,7.8781087350870400,235.25942886892200,0.00952285228445499,1.1442171189526300,0.45440494590417300,0.031007751937984500,0.5471406491499230,0.6242027963172000,0.947791523569028
24770846_AI.txt,AI,7.4233145195274600,171.64862847331000,0.012174518461538800,0.42761416073999100,0.47717842323651500,0.0375,0.5560165975103740,0.7031453379538740,0.963946979296728
24773845_AI.txt,AI,7.91021386531637,240.55348083775200,0.009776352671946810,0.24585656136297000,0.43820224719101100,0.07464788732394370,0.5280898876404490,0.48835004537048400,0.9464809609524190
24791126_AI.txt,AI,7.35768391982222,164.0149962964940,0.02332303395779850,3.162472020598920,0.43992248062015500,0.13424124513618700,0.5,1.3360968390560400,0.9886765675700200
24799301_AI.txt,AI,6.829585106648120,113.7391491357030,0.018279163396137300,0.7903035128079720,0.49019607843137300,0.10276679841897200,0.592156862745098,0.7788880963698610,0.9712289002856100
24817041_AI.txt,AI,7.246920781220990,151.89396933167,0.015326108050021500,0.8050949114377730,0.5173410404624280,0.05813953488372090,0.5953757225433530,0.6632393216691440,0.9729874362997290
24828381_AI.txt,AI,7.879321559626650,235.45728660528700,0.011657758247968200,2.5046368058291400,0.4311111111111110,0.09212481426448740,0.52,0.9780951331490420,0.979712979406995
24833063_AI.txt,AI,7.586442186152050,192.1970238591150,0.031055259980582800,1.2015255369695000,0.43364197530864200,0.03715170278637770,0.5015432098765430,0.9498923753201510,0.9877587028555640
24854026_AI.txt,AI,7.3698379221330600,165.4025793207570,0.018175294293087300,0.5454410727941420,0.4474789915966390,0.0379746835443038,0.5168067226890760,0.7709521117606180,0.997795205325896
24889109_AI.txt,AI,7.747047664983550,214.82940469827900,0.01648614137961920,0.6419397716892880,0.4873524451939290,0.05414551607445010,0.5446880269814500,1.1093888785909700,0.9746199439040620
24905947_AI.txt,AI,7.580152766557880,191.36096590945000,0.013480627422593600,1.2950155492578300,0.46402877697841700,0.08303249097472920,0.5467625899280580,0.7234346817942700,0.9642336095658640
24913648_AI.txt,AI,7.535125818755020,185.48077102549700,0.013885807978416800,0.37127871112979000,0.4423728813559320,0.027210884353741500,0.5169491525423730,0.7175111850365270,0.9039652110822500
24946537_AI.txt,AI,7.619363011660310,196.633185239812,0.020179733479654000,0.6799375580015470,0.4780316344463970,0.047619047619047600,0.5588752196836560,0.7301303256186840,0.9533556149479730
24953126_AI.txt,AI,7.391938685297020,167.9559022911730,0.01665928089403560,0.9590646211123090,0.39072847682119200,0.15780730897010000,0.4602649006622520,0.7297374115196680,0.9636642788928740
24953921_AI.txt,AI,7.762346983968880,217.11972434016500,0.014292783441282100,0.3472390901862660,0.500875656742557,0.054481546572935000,0.5814360770577930,0.5709799253994210,0.9724876125410530
24964303_AI.txt,AI,7.483819827575890,179.00050253642000,0.022892642795072300,0.35044557657447400,0.36813186813186800,0.1652892561983470,0.44368131868131900,0.6653946744072040,0.9619926074839820
24967652_AI.txt,AI,7.6021417168280100,194.29994964776100,0.015314489789586400,0.36377442011392100,0.4121510673234810,0.06589785831960460,0.49589490968801300,0.8938638820639940,0.947663328553935
24977396_AI.txt,AI,7.799627205773800,222.80336409320800,0.007429175604961590,1.5617773261373000,0.48353552859618700,0.043478260869565200,0.5753899480069320,0.6316389643237600,0.9728595814990360
24983760_AI.txt,AI,7.65211060688951,201.14758502821900,0.020259257127284300,1.1430312101301000,0.44122137404580200,0.06584992343032160,0.4961832061068700,0.7512403268468330,0.9524270507079120
24989856_AI.txt,AI,7.394609571277330,168.2671299245490,0.015933612690037100,2.2393664899772200,0.4397590361445780,0.07056451612903230,0.5301204819277110,1.4450169024171500,0.9920875895052820
24994145_AI.txt,AI,7.5361036191749800,185.6065250101350,0.021066539904523100,0.854973436499862,0.5020161290322580,0.02631578947368420,0.5745967741935480,0.693622899491056,0.9690697963271680
25001005_AI.txt,AI,7.719696420149430,210.79493911913700,0.040785202297989100,1.018607448994990,0.4105263157894740,0.07390648567119160,0.5082706766917290,0.5970451293994930,0.9711934727836190
25023614_AI.txt,AI,7.5893933828686100,192.59058712298100,0.017491739931774300,0.9917272022781310,0.5191146881287730,0.030364372469635600,0.6108870967741940,0.6220392497400260,0.9571682810449620
25038571_AI.txt,AI,7.166993303092600,143.70767494111300,0.01976326891818090,0.1782765909570030,0.36585365853658500,0.16122448979591800,0.43902439024390200,0.4243611889070270,0.9842599394903870
25047127_AI.txt,AI,7.470937916255390,177.4093107135060,0.008716137601812400,0.7958915007018340,0.5945205479452060,0.0440771349862259,0.663013698630137,0.881109123233737,0.9746077592638410
25061645_AI.txt,AI,7.190776340724470,146.09635161497600,0.01849007805170360,3.4012422639376500,0.5100864553314120,0.08695652173913040,0.590778097982709,0.9764353779170120,0.9872404805629340
25067742_AI.txt,AI,7.092998277772310,136.522816971264,0.019093863350714800,0.6650106778942140,0.4463276836158190,0.23863636363636400,0.5254237288135590,0.736808408080321,0.9569221044679980
25070914_AI.txt,AI,7.513896375563500,182.7713810107830,0.006601410589039800,0.23836505970971200,0.4411764705882350,0.06076388888888890,0.5190311418685120,0.5594540761898290,0.9583213920737930
25080805_AI.txt,AI,7.796251585588100,222.28265783444800,0.05103038755886060,1.974817085544620,0.4619289340101520,0.11375212224108700,0.5380710659898480,0.7910577554059170,0.9746615331953910
25098739_AI.txt,AI,6.874452934827490,117.3320171819420,0.031361277300932200,0.46059926734743900,0.5403225806451610,0.04878048780487810,0.6370967741935480,0.4202069506488070,0.9605664143344770
25101183_AI.txt,AI,7.354015375626880,163.59846204315700,0.011460952452342300,0.3209835701949580,0.4154786150712830,0.05930470347648260,0.515274949083503,0.5161575890757510,0.9730478984954510
25127518_AI.txt,AI,7.344318846537250,162.50258374466600,0.015059351523584500,0.5319142779181110,0.4563758389261750,0.05855855855855860,0.547085201793722,0.8674842896880400,0.9765933399840990
25128608_AI.txt,AI,7.371862142960330,165.63481574660400,0.01408955282077070,1.1108606815204000,0.4021164021164020,0.06371681415929200,0.47442680776014100,0.8674758079138950,0.9646435049347780
25142074_AI.txt,AI,7.5433082939347800,186.53574371624900,0.023719652067126200,0.3660687483349490,0.5231481481481480,0.05116279069767440,0.6134259259259260,0.7316854644088270,0.9652323493411220
25150191_AI.txt,AI,7.660939594086940,202.38233988652200,0.012875826317419000,1.5293913534272100,0.5316455696202530,0.07203389830508480,0.6075949367088610,0.7379311371837260,0.9699933423457440
25157655_AI.txt,AI,7.184650984330420,145.47737454279600,0.009887237562006160,0.5338092245505580,0.5633802816901410,0.031914893617021300,0.6654929577464790,0.6396563689967610,0.9639566282606370
25162378_AI.txt,AI,7.6957681581149700,207.32756891844100,0.0075258015410736600,1.2941516920232100,0.47769516728624500,0.03731343283582090,0.5631970260223050,0.9640041010289450,0.940183169792642
25187733_AI.txt,AI,7.575463672767930,190.74000802302200,0.011591175877783500,2.5631929999142000,0.4658040665434380,0.07606679035250460,0.5545286506469500,0.7905040578582440,0.9830780115208010
25200253_AI.txt,AI,7.41380337746814,170.52073603766900,0.03809021195710520,0.6526336979693230,0.3670520231213870,0.21304347826087000,0.434971098265896,0.7709799246722160,0.9849778169281540
25207620_AI.txt,AI,7.55775063822593,188.4124695006880,0.04712795156171220,0.3332246822677020,0.423828125,0.027450980392156900,0.533203125,0.6232555203479590,0.9499403425446460
25213006_AI.txt,AI,7.51737794139938,183.2129844018650,0.017961418226389500,0.708062764340116,0.4774066797642440,0.09861932938856020,0.5618860510805500,0.740004158136917,0.9675610901339930
25224998_AI.txt,AI,7.848068013512240,230.41135613989200,0.018040070478192100,2.5011184666997600,0.5199335548172760,0.05333333333333330,0.5946843853820600,0.847001438245641,0.9691586729162910
25258040_AI.txt,AI,7.728711698207250,212.11630292997100,0.01096134697828070,0.5163942259477390,0.3994082840236690,0.06083086053412460,0.49556213017751500,0.6188630834371090,0.938370690563369
25315791_AI.txt,AI,7.318312292899550,159.59949682425500,0.008866910402654670,0.27248003517010000,0.46851385390428200,0.04050632911392410,0.5818639798488670,0.5229349520738290,0.9544121580081650
25328428_AI.txt,AI,7.643930548419910,200.0103085627090,0.01528010088695850,0.6277281097049060,0.4680073126142600,0.08256880733944960,0.5484460694698350,0.9996088924990090,0.9663559157087740
25330083_AI.txt,AI,7.5993919761826500,193.92997150251700,0.01110245124704480,0.6345639475498730,0.4657258064516130,0.05668016194331980,0.5625,0.90659839285766,0.9419031546490380
25370801_AI.txt,AI,6.717614087191320,105.24545246297500,0.004386745850452020,0.2851128818658830,0.476,0.13306451612903200,0.56,0.6119108669495170,0.9107993643724440
25397102_AI.txt,AI,7.564329463252850,189.27361002455700,0.0082122817945522,0.5332646065437520,0.5229759299781180,0.05274725274725280,0.6039387308533920,0.6401176339948300,0.9711508177728240
25413261_AI.txt,AI,7.6637649662847700,202.7790735672020,0.02441555768771960,0.42717523007033300,0.4752650176678450,0.040780141843971600,0.5530035335689050,0.870843968499162,0.9240325655543460
25422388_AI.txt,AI,7.313666438616250,159.08637146346100,0.016618381471894200,0.4208774030264510,0.42065009560229400,0.21880998080614200,0.47609942638623300,0.7305701906516140,0.9779972026738610
25425322_AI.txt,AI,7.830187843886830,227.57335528809300,0.015820867421702800,0.7206925157875780,0.4164420485175200,0.11216216216216200,0.4838274932614560,1.054349198787060,0.9728534431998160
25451319_AI.txt,AI,7.389570248648180,167.68039945908400,0.012224406584009200,0.29405931449631900,0.44,0.08032128514056230,0.516,0.5974794676687340,0.958139271600823
25452321_AI.txt,AI,7.553397303908440,187.84479152393400,0.016159362064041700,0.8794197594719580,0.4409171075837740,0.07256637168141590,0.5185185185185190,0.5509138025061020,0.9590709711695830
25462793_AI.txt,AI,7.223984987822850,149.49827087596200,0.028854846174056400,2.1405909273022200,0.4957983193277310,0.09577464788732390,0.5742296918767510,0.9379331675226140,0.9909294463588970
25482567_AI.txt,AI,7.15078271377318,142.10196692566500,0.0313595511084194,0.3750346788049720,0.39952718676122900,0.0997624703087886,0.48936170212766000,0.6990753995643490,0.9651297782116100
25497147_AI.txt,AI,7.497948304895280,180.762086520981,0.016502729863785400,0.37545086551827800,0.4184027777777780,0.12195121951219500,0.4913194444444440,0.7293751768674350,0.9836455039177430
25507648_AI.txt,AI,7.749360460072060,215.17407550391700,0.02066903293027640,0.7090042820339380,0.46440129449838200,0.0698051948051948,0.5355987055016180,0.658462629022596,0.9653093319298070
25525152_AI.txt,AI,7.124522175229290,139.53876648383800,0.013644362283314300,0.5405213038429300,0.5565749235474010,0.06769230769230770,0.6299694189602450,0.7135389541762230,0.9757010785927890
25543217_AI.txt,AI,7.800134053788790,222.88165318327700,0.021355388563252900,1.202081880322350,0.4706766917293230,0.10558069381598800,0.5293233082706770,0.6307132149820690,0.9767029651258890
25547145_AI.txt,AI,7.3606691004048300,164.35472247939600,0.014808372709767500,0.7307625638293840,0.46311475409836100,0.03292181069958850,0.5409836065573770,0.8389671541643300,0.941852903243852
25561640_AI.txt,AI,7.546414304248290,186.93777329100600,0.020838789052602800,1.610538693060630,0.4955947136563880,0.05309734513274340,0.5925110132158590,0.7491861628525460,0.9668926391360830
25588694_AI.txt,AI,7.305401934980760,158.17764772236400,0.04824973409072300,0.425023810943617,0.5105820105820110,0.05851063829787230,0.5978835978835980,0.8097781923122530,0.9678388514467920
25608963_AI.txt,AI,7.844939179927200,229.91219478535200,0.013399617222980000,0.3343796711662520,0.46875,0.034482758620689700,0.5421875,0.6198833109133820,0.9503559030363120
25624652_AI.txt,AI,7.609071133962240,195.23543771760000,0.02697049739144920,0.5470457847246900,0.4069767441860470,0.141399416909621,0.48401162790697700,0.8306479825785300,0.9737335193010050
25625173_AI.txt,AI,7.7324106277727000,212.66084625014000,0.03600784137625910,1.8434689648216400,0.44668587896253600,0.06647398843930640,0.521613832853026,0.7198034050344700,0.9806826884198210
25656981_AI.txt,AI,7.702299354293030,208.2682851964320,0.014264251794206200,0.48517195504966800,0.5018050541516250,0.025362318840579700,0.5703971119133570,1.05884322676858,0.9491970697718430
25676643_AI.txt,AI,7.555888092977410,188.16938256202900,0.008309399455270820,0.5026649232160630,0.4338358458961470,0.047058823529411800,0.507537688442211,0.8317903332023230,0.9404623067500570
25678238_AI.txt,AI,7.612453162822860,195.693654051568,0.02224608410968800,1.097657627970950,0.4383561643835620,0.10824742268041200,0.5205479452054790,0.8058588609578760,0.9773769386435880
25694422_AI.txt,AI,7.72133935994836,211.03512894188700,0.022069139925546300,1.8288140952426300,0.42130365659777400,0.05422647527910690,0.5151033386327500,0.6140018021361630,0.9722437732230870
25706337_AI.txt,AI,7.111552759856540,138.2899744746130,0.014678647546083300,0.9438210333508840,0.5152439024390240,0.05521472392638040,0.5762195121951220,0.5236082631378680,0.9690934309097230
25718772_AI.txt,AI,7.753778262008880,215.8339886243710,0.011391730858649400,1.0842374971708300,0.538899430740038,0.030476190476190500,0.6129032258064520,0.9082328171404530,0.9656117558801880
25719936_AI.txt,AI,7.87703712586239,235.08474706846000,0.017881337330351700,0.587682631281051,0.47150997150997200,0.06437768240343350,0.5349500713266760,0.8347381012520490,0.9632477788046180
25723793_AI.txt,AI,7.802504518066380,223.24816673374500,0.005147126422358700,0.6663903337114410,0.48353552859618700,0.04173913043478260,0.5684575389948010,0.8241528398585310,0.9415495409564630
25724495_AI.txt,AI,7.753651674621190,215.8150513844170,0.01304216655716030,0.2443654924081000,0.5044563279857400,0.0518783542039356,0.5846702317290550,0.48433888496599200,0.970062306032292
25729119_AI.txt,AI,7.2751706353690900,154.89756291175800,0.014685196411212700,1.7418802001957800,0.44967880085653100,0.06881720430107530,0.5310492505353320,0.65732480222535,0.982304491848371
25749150_AI.txt,AI,7.705810467344670,208.77576877985700,0.020118596216973200,0.30371881695598700,0.4444444444444440,0.042748091603053400,0.5159817351598170,0.5880416806917870,0.9620871740235480
25780596_AI.txt,AI,7.460078824166280,176.07897284165400,0.010121628796564100,0.26258048140377800,0.45472061657032800,0.048355899419729200,0.5279383429672450,0.5940420499279120,0.9568627372636650
25797445_AI.txt,AI,7.187511931305450,145.76615075191000,0.027030355278549300,0.2996519621344080,0.45964125560538100,0.06306306306306310,0.5201793721973090,0.5360877119854230,0.975871989296762
25810233_AI.txt,AI,7.291730832637620,156.68582221901800,0.010631210483438200,2.008425772501400,0.4853658536585370,0.07352941176470590,0.5634146341463410,0.7804822349707440,0.9895049410765150
25813953_AI.txt,AI,7.511481411844550,182.46569129553500,0.012431333635912300,0.30919403258666600,0.474,0.04417670682730920,0.55,0.7133578811975560,0.9459760934859950
25824789_AI.txt,AI,7.466358006847350,176.8470087571490,0.012572568238683200,0.706805236578706,0.4472271914132380,0.08797127468581690,0.5044722719141320,0.8934177057427510,0.957812378147426
25834360_AI.txt,AI,7.505788838923880,181.7471383987240,0.012302295306794100,0.47494594676441,0.38821752265861000,0.13787878787878800,0.4697885196374620,0.8441196736064340,0.9671236642998840
25838512_AI.txt,AI,7.248450180395490,152.05507731510400,0.013690075907517300,1.1752424388544900,0.4925373134328360,0.05405405405405410,0.6,0.7846231815017780,0.9628088345859620
25839123_AI.txt,AI,6.7260969192575600,105.86610293361400,0.013982394858803100,0.4880791430038060,0.4828897338403040,0.05747126436781610,0.5665399239543730,0.8753450088584080,0.9459734407733630
25846894_AI.txt,AI,7.415474919844680,170.71842010465900,0.012813602851490000,0.285206525023221,0.44621513944223100,0.068,0.5378486055776890,0.49591192368544200,0.9898065604317730
25857360_AI.txt,AI,7.4911445783634800,179.9116224016990,0.013707536239435900,1.3572682721795300,0.5058823529411760,0.028368794326241100,0.6141176470588240,0.7816779581575100,0.981552289777945
25862026_AI.txt,AI,7.523029105028760,183.93205321807500,0.01779489165692740,0.7402283737642910,0.43548387096774200,0.06115107913669070,0.5286738351254480,0.6310332746190640,0.9619400592507350
25867805_AI.txt,AI,7.603685018016570,194.50791029021600,0.03183803674961500,0.46159811650566200,0.4387755102040820,0.08703071672354950,0.5170068027210890,0.6874759600303940,0.981520587115392
25873425_AI.txt,AI,7.7312998783805500,212.49717895339700,0.010965441133514900,1.6998356435771500,0.5708154506437770,0.021551724137931000,0.6652360515021460,0.6437586159474760,0.9691632026085040
25905275_AI.txt,AI,7.406393822428640,169.64720162983400,0.016009351920815000,0.34879746696647700,0.5046728971962620,0.014084507042253500,0.572429906542056,0.8497915869153830,0.9347231435806160
25919149_AI.txt,AI,7.720520166722070,210.91533267833000,0.008949559879609670,0.3950149262520490,0.4934579439252340,0.08630393996247660,0.5906542056074770,0.6604430521626350,0.9287816216443730
25923361_AI.txt,AI,7.480308551601780,178.56537528477700,0.014547093207984100,0.40321764728489700,0.4338919925512100,0.052336448598130800,0.5102420856610800,0.6114667702299990,0.9804902859967600
25924968_AI.txt,AI,7.520834728422820,183.65250044812000,0.023303884957310200,0.4100212457145710,0.3781763826606880,0.11394302848575700,0.4588938714499250,0.680923297404914,0.9539091744713130
25926667_AI.txt,AI,7.8144884805963200,225.1103345626550,0.01363776269643820,0.8881344568854910,0.4966216216216220,0.04576271186440680,0.5777027027027030,0.9245705605224380,0.9435886068820120
25930778_AI.txt,AI,6.957477008925010,124.28229771263500,0.027116079531805000,1.8044824613243100,0.5810276679841900,0.06374501992031870,0.6442687747035570,0.8164299282886840,0.9434091762765040
25935030_AI.txt,AI,7.691389266009760,206.69923885675600,0.014770708429883500,0.7350987446823470,0.525390625,0.021568627450980400,0.60546875,0.7137512864403560,0.976338355686467
25949631_AI.txt,AI,7.883074197535980,236.07053893707400,0.017166917650134100,0.6802489928692010,0.47392638036809800,0.043076923076923100,0.5659509202453990,0.7449313572863840,0.9697347165421110
25953797_AI.txt,AI,6.831210261450820,113.86734523323300,0.004915582534516140,1.1428770648360000,0.4679245283018870,0.03802281368821290,0.5735849056603770,0.43313127985540100,0.9759795193489830
25959103_AI.txt,AI,7.4882898973509900,179.55598071121100,0.025090846346009500,0.37121067614640800,0.40932642487046600,0.11091854419410700,0.49568221070811700,1.1925664517983300,0.9604314916444080
25974844_AI.txt,AI,7.554404610016200,187.97599269440300,0.015506008038417900,1.0755134144316100,0.45610687022900800,0.08045977011494250,0.5381679389312980,0.5496538609451410,0.95805403277964
25990239_AI.txt,AI,7.463415020656150,176.486622255882,0.026156294557711300,2.557736760108360,0.4603854389721630,0.06451612903225810,0.5289079229122060,1.2552933136908700,0.9811649689333000
26013403_AI.txt,AI,7.689879888263990,206.48309887188400,0.02782123339160150,0.48962616494049600,0.425414364640884,0.0817174515235457,0.4930939226519340,0.8741475622520230,0.9650156482946730
26046064_AI.txt,AI,6.98758078450506,126.90286099201300,0.01382029177365120,0.674131348310257,0.5263157894736840,0.06713780918727920,0.6070175438596490,0.7868249263055860,0.9781280425519220
26046878_AI.txt,AI,7.552797879456300,187.76676022175200,0.009925216090988320,1.2640811473124500,0.49284253578732100,0.06570841889117040,0.5746421267893660,0.8283031245136550,0.967022604543836
26048718_AI.txt,AI,7.8938548730598600,237.8412059282000,0.01715689685918880,0.8335488038401760,0.4604715672676840,0.05146036161335190,0.5270457697642160,1.0965960777230800,0.9730446824999780
26065877_AI.txt,AI,7.401419779926010,169.06330872179000,0.012402351897837200,0.9252722790395430,0.44234800838574400,0.08,0.5136268343815510,0.6693476330517620,0.9765767352886950
26069113_AI.txt,AI,7.794255368193760,221.9753041302280,0.0228883812436816,0.32511264207787300,0.4370015948963320,0.025559105431309900,0.5334394904458600,0.41851611473123200,0.9548111084673860
26070334_AI.txt,AI,7.5912620274981300,192.8402008843640,0.022108276430693600,0.8880649102457650,0.40544871794871800,0.09646302250803860,0.48878205128205100,0.7213182735289640,0.9664301889132720
26071861_AI.txt,AI,7.661310931653390,202.43443810274500,0.018419719779443000,0.7616554922203170,0.49122807017543900,0.044921875,0.566147859922179,1.4645858695675800,0.9580480406527340
26079779_AI.txt,AI,7.515913864875480,183.02715041676000,0.02156780470411550,0.24422765453617400,0.4428822495606330,0.042328042328042300,0.5202108963093150,0.6273473578323490,0.9661925391043280
26091595_AI.txt,AI,7.200170756262620,147.0507932271320,0.018643478573188400,0.2747391156134500,0.4025735294117650,0.12177121771217700,0.4522058823529410,0.48477102954748000,0.9867303046803910
26098594_AI.txt,AI,7.623035202515110,197.13432672663800,0.015806986072221400,1.0835581453469000,0.4421768707482990,0.05802047781569970,0.5357142857142860,0.7204216680095130,0.9828808049206380
26125407_AI.txt,AI,7.774258780888180,218.9198223772120,0.04182661997724910,0.475892462506352,0.48092868988391400,0.08319467554076540,0.548922056384743,1.2232576651401800,0.979249041573392
26127853_AI.txt,AI,7.593888613934980,193.19160766255100,0.018943674127234500,0.5147283344821870,0.5239923224568140,0.028901734104046200,0.5930902111324380,0.9785353520825740,0.9801058844717220
26130673_AI.txt,AI,7.438438975910260,173.45756787595200,0.035238697196320500,0.5085827619380960,0.5329949238578680,0.05357142857142860,0.6243654822335030,0.5698741600939980,0.9649470330074140
26160200_AI.txt,AI,7.7292752235888800,212.19917302056500,0.012976806424822600,0.4882003925768060,0.4528,0.048154093097913300,0.528,0.9221489404576120,0.9751653385340140
26167298_AI.txt,AI,7.625086345517320,197.4148006044500,0.01588822327414890,0.35099160309403500,0.35633626097867,0.06792452830188680,0.4366373902133000,0.6085773308339650,0.973360955901038
26173524_AI.txt,AI,7.636864531949330,199.03309524066400,0.007300623917500270,0.3535335805801700,0.5294117647058820,0.04219409282700420,0.6092436974789920,0.7334940522851060,0.9606538080096800
26189601_AI.txt,AI,7.670596479440360,203.74155897864500,0.02505576612209120,0.35536827786977900,0.4625,0.06976744186046510,0.5525846702317290,0.5896341909662030,0.9833192618182910
26202430_AI.txt,AI,7.637602894413830,199.1349852279560,0.020099015283118900,0.491167456501871,0.40858505564387900,0.051036682615630000,0.48966613672496000,0.6518145508087350,0.9833211593213400
26231609_AI.txt,AI,7.660251249772180,202.285801463196,0.013553151268541400,0.39292909096753000,0.4055299539170510,0.07550077041602470,0.49923195084485400,0.6120832271431920,0.9815096617942280
26234972_AI.txt,AI,7.625330792126010,197.44825290426400,0.07641675540459050,0.6687858188576960,0.5159474671669790,0.06779661016949150,0.5834896810506570,1.340793576230720,0.9443544556452970
26278597_AI.txt,AI,7.8709673961210900,234.0977724095110,0.01883540832916580,1.815745983901710,0.4231292517006800,0.06412005457025920,0.5183673469387760,0.8659591721956060,0.9466885322206520
26279402_AI.txt,AI,7.490495944324160,179.83075252302800,0.016376989475158700,0.5892381751529980,0.494199535962877,0.06526806526806530,0.5870069605568450,0.6347709166759810,0.9500136527810830
26289308_AI.txt,AI,7.415401238198040,170.70970135763300,0.04736554254961370,3.5781539104245500,0.4291044776119400,0.1254681647940080,0.503731343283582,0.8868821627866030,0.9818025825316910
26291616_AI.txt,AI,7.4468730561758200,174.47458090682100,0.021889791947161000,1.7059856507737200,0.4562899786780380,0.032119914346895100,0.5373134328358210,1.0671487360135400,0.9740594410324790
26330995_AI.txt,AI,7.605236038554860,194.7171353740310,0.03450621028426220,1.0922377603566600,0.43295638126009700,0.06807131280388980,0.5153473344103390,0.9670829733656470,0.9682433503096050
26341645_AI.txt,AI,7.704706648136350,208.61609361650800,0.018407955335036100,0.588901353538256,0.3859416445623340,0.061170212765957400,0.46949602122015900,0.8187774674295480,0.9807914806111020
26341987_AI.txt,AI,7.730648124636410,212.40120263874900,0.010723235619517000,1.141935783233830,0.44029850746268700,0.09580838323353290,0.517910447761194,0.8866228005487190,0.9658433552824510
26410763_AI.txt,AI,7.387546674528710,167.4453699818190,0.00938520779653334,0.3858366189408330,0.5322997416020670,0.06233766233766230,0.5968992248062020,0.6786066957522950,0.954040541528373
26425074_AI.txt,AI,7.662083642702780,202.5428915322680,0.06669069209486930,0.4881032068740080,0.46345811051693400,0.08050089445438280,0.5365418894830660,1.0895304231307400,0.9875599510317580
26456474_AI.txt,AI,7.304656196573260,158.09590580040500,0.014713969281418100,0.6150485519473700,0.4336842105263160,0.0507399577167019,0.5073684210526320,0.7158947291033050,0.9521495512767760
26456899_AI.txt,AI,7.7426148697725300,214.17033730984600,0.020286534529306600,2.651671457360390,0.47704918032786900,0.06907894736842110,0.5491803278688530,1.804143346091300,0.966615476845039
26459032_AI.txt,AI,7.886550438199410,236.64004771118000,0.01816131593078160,0.49122703379401200,0.4918032786885250,0.03782894736842110,0.5868852459016390,0.8050221776452140,0.9798135911828460
26480367_AI.txt,AI,7.247364003510690,151.94064110458500,0.025702358981910200,0.3955130057618870,0.3680672268907560,0.17537942664418200,0.4184873949579830,0.5846732564630640,0.9520412141238760
26496059_AI.txt,AI,7.710680509532200,209.4817148039060,0.010700110318600300,0.4304791240028460,0.5587044534412960,0.02032520325203250,0.6214574898785430,0.752676477170351,0.9501722752467330
26503829_AI.txt,AI,7.534992611404870,185.46364595006500,0.017837158580910900,0.4039167817104150,0.3952380952380950,0.20382165605095500,0.4793650793650790,0.5613582072697150,0.9323428766819150
26509539_AI.txt,AI,7.635544006873390,198.8509999698460,0.00917292948753013,0.2873256960738590,0.50199203187251,0.076,0.5776892430278890,0.6870734801630600,0.951933037000722
26530575_AI.txt,AI,7.64611314717833,200.3131255957440,0.008161492178739000,0.3756665152153570,0.46243739565943200,0.03685092127303180,0.5358931552587650,0.7398708603570510,0.9848791199734060
26530696_AI.txt,AI,7.404647227582410,169.441942977361,0.014497955546934400,0.5199836606837610,0.5150812064965200,0.04195804195804200,0.5986078886310910,0.6534516378598970,0.9617661964219560
26579709_AI.txt,AI,7.794789743682520,222.05753920356000,0.01867629306801200,0.763090708059614,0.4761092150170650,0.06506849315068490,0.5597269624573380,0.5699265433199450,0.9626464113670210
26581830_AI.txt,AI,7.668378666074900,203.4285935899280,0.017369651311872800,0.35753100486971900,0.4906716417910450,0.04681647940074910,0.5597014925373130,0.5569834500233480,0.9564786482840000
26585242_AI.txt,AI,7.5599652193822400,188.70191051632200,0.010328930430110600,0.3674147000644900,0.4074675324675330,0.09446254071661240,0.48214285714285700,0.8872804547877880,0.9872052633594390
26586477_AI.txt,AI,7.688945017052810,206.34934047591500,0.012530778125196100,0.6891933775454480,0.3942701227830830,0.04103967168262650,0.4829467939972720,0.5012680714087910,0.9789461808182350
26622051_AI.txt,AI,7.448753637409370,174.70216023405000,0.03106550731862010,0.3967333288113050,0.4794520547945210,0.10216110019646400,0.5264187866927590,0.6529204491528780,0.9386629462918690
26671167_AI.txt,AI,7.817247677899130,225.54127675632900,0.01415994482451910,0.5618538495367140,0.5459558823529410,0.033210332103321000,0.625,0.792299111975369,0.9574052190818950
26673507_AI.txt,AI,7.706075652220580,208.814147829749,0.03805826858875270,0.66887207845011,0.43894899536321500,0.07596899224806200,0.5146831530139100,1.0176815080506500,0.9589483431887620
26676567_AI.txt,AI,7.7123496506591800,209.72421712205600,0.023053025592359000,2.6878812839599200,0.3864795918367350,0.08695652173913040,0.45918367346938800,1.0372543007326300,0.9622304146344440
26691587_AI.txt,AI,7.932549352113320,244.30665477531000,0.00936026713466788,0.36051630476363100,0.54510556621881,0.038535645472061700,0.6468330134357010,0.6482454757599680,0.9511153200632140
26695839_AI.txt,AI,7.626772277501940,197.6456341930500,0.01977858121012780,1.1672190082392500,0.4796905222437140,0.06407766990291260,0.5609284332688590,0.9063732923568950,0.9672474778605660
26718039_AI.txt,AI,6.790352593621090,110.68781432342800,0.011360656824297900,0.28835492757906700,0.4864864864864870,0.038910505836575900,0.5907335907335910,0.4700498011289980,0.9529245614930000
26746496_AI.txt,AI,7.5998386985829700,193.99003012473500,0.0154425797582523,1.7439016963010800,0.4539130434782610,0.04363001745200700,0.5234782608695650,0.9517911577293590,0.9665201427042500
26750846_AI.txt,AI,7.457109846182300,175.7169857073120,0.010588110435448400,0.7433178584335630,0.42293233082706800,0.20566037735849100,0.4906015037593990,0.8529620784047570,0.9752127073678250
26767199_AI.txt,AI,7.760024093389460,216.77042005803200,0.02325189003063310,0.28982169468134000,0.43714285714285700,0.07449856733524360,0.5171428571428570,0.5960192436285180,0.9753967978323450
26768723_AI.txt,AI,7.647053063430450,200.4436721781390,0.013467066252226600,0.25683145796939000,0.4648648648648650,0.05605786618444850,0.5387387387387390,0.7494221160087710,0.9734960470549890
26780935_AI.txt,AI,7.790084860221470,221.33454986809700,0.016640665579974500,0.4820174181304290,0.441747572815534,0.21266233766233800,0.5388349514563110,0.829151224015134,0.9564316479232420
26790545_AI.txt,AI,7.556361987906520,188.2312023929230,0.013075397045715600,0.6191302492781670,0.48903508771929800,0.07488986784140970,0.5964912280701750,0.7198277814489130,0.9739468471331010
26801767_AI.txt,AI,7.790976113988130,221.47132596457000,0.021618183591268600,2.0660677766136600,0.45391061452514000,0.03361344537815130,0.5293296089385480,0.8534410690961750,0.9887732954091930
26819872_AI.txt,AI,7.996328384857970,255.34931609754900,0.014700012797235700,0.8302066523221190,0.4939759036144580,0.05429864253393670,0.5744360902255640,0.9483965337607560,0.9583517700921530
26829350_AI.txt,AI,7.666524381727990,203.1672964102780,0.014177830912160900,0.25192932118174300,0.42042042042042000,0.06927710843373490,0.5,0.4919983172374130,0.9690792472821370
26829561_AI.txt,AI,7.430007606020720,172.44680699181200,0.01609067362602070,1.1382044737558800,0.46308724832214800,0.10786516853932600,0.5413870246085010,0.7046749703940580,0.9679000491132070
26834746_AI.txt,AI,7.595046942439920,193.3467819711280,0.017808643511809200,0.26789892466993400,0.4560810810810810,0.03220338983050850,0.5320945945945950,0.44181159744665600,0.9416833094521280
26835781_AI.txt,AI,7.769839664031120,218.2502753893970,0.026626738071145000,0.7711833075726890,0.48757763975155300,0.0778816199376947,0.5496894409937890,1.0458565174757000,0.9542571469605300
26888302_AI.txt,AI,7.906404151326560,239.9190910452960,0.012272219995212300,0.35144760944374100,0.4736111111111110,0.0766016713091922,0.5444444444444440,0.6286851235458820,0.9576020281098690
26896699_AI.txt,AI,7.569343258468450,189.93253654608400,0.011835277296032800,1.2049890044043300,0.4352517985611510,0.0812274368231047,0.5377697841726620,0.8846134848314690,0.950505903874482
26908066_AI.txt,AI,7.55202232937306,187.66584950380500,0.018270518464754500,0.42184862220253900,0.4644808743169400,0.03656307129798900,0.5446265938069220,0.7636058372499240,0.9699020711660300
26919036_AI.txt,AI,7.545100870016870,186.7676619842700,0.00602937500110293,1.7470535003762900,0.4461839530332680,0.023575638506876200,0.5459882583170260,0.6814299358420940,0.9795549693563990
26921245_AI.txt,AI,7.929524243001290,243.79491808363400,0.022445009933147400,0.4522342125448180,0.5305785123966940,0.06135986733001660,0.6099173553719010,0.9327954370178090,0.9895633648032250
26924514_AI.txt,AI,7.5199320368968100,183.53762537237500,0.028213624440762800,1.3059756098238200,0.4726930320150660,0.10396975425330800,0.536723163841808,0.8453865464815530,0.9573517150938660
26932091_AI.txt,AI,7.503394360955600,181.4457382008410,0.010935994143595600,0.4163678664533110,0.44337811900191900,0.08092485549132950,0.5393474088291750,0.5911032067418340,0.9607965080313590
26942552_AI.txt,AI,7.398515218831060,168.72327793953700,0.008554663288013910,1.556900948304840,0.481981981981982,0.07013574660633480,0.5675675675675680,0.7375490627694770,0.9657105443712490
26958533_AI.txt,AI,7.56539628047546,189.4136223042050,0.03159694310844670,0.416869150630519,0.5145833333333330,0.03347280334728030,0.60625,0.8550367698873990,0.976290638904732
26961846_AI.txt,AI,7.623560894031200,197.20617193523400,0.014734367548405400,0.42289201049063200,0.5285714285714290,0.00819672131147541,0.6224489795918370,0.519898821484045,0.9759071798978680
26975573_AI.txt,AI,7.743024835491340,214.2312060106070,0.012109845765548800,0.3804974994746250,0.5303643724696360,0.02032520325203250,0.6133603238866400,0.8235986559904990,0.9842772146663500
26987539_AI.txt,AI,7.855099699920730,231.53712087351000,0.014880421293766400,1.2992048187964800,0.38083832335329300,0.07683073229291720,0.4562874251497010,0.6214060762756460,0.9818642255543430
26994282_AI.txt,AI,7.759084872337700,216.62934444720100,0.008635041722767690,0.3134900504185540,0.4789473684210530,0.02992957746478870,0.5684210526315790,0.7812009552844790,0.967681829695408
27000192_AI.txt,AI,7.732831808176460,212.72293952290300,0.006742289594087280,0.49436015499235500,0.4693548387096770,0.07281553398058250,0.55,1.202717612994710,0.9710383520894550
27004930_AI.txt,AI,7.499267330942770,180.9274291074140,0.016699208362284600,0.6001347986969990,0.421875,0.11498257839721300,0.4982638888888890,0.7014402893812900,0.9752677391479560
27018361_AI.txt,AI,7.742822397434180,214.2011473320110,0.009481597160299110,2.4605260356298700,0.5050709939148070,0.016293279022403300,0.6105476673427990,0.8746703379886450,0.9492261081371980
27018550_AI.txt,AI,7.0130201018497900,129.16040878136900,0.01610308283520840,0.4416255165458720,0.471976401179941,0.02967359050445100,0.5663716814159290,0.9129571911283630,0.9688082328936780
27024099_AI.txt,AI,7.593946390470780,193.19934468598800,0.007438529918217010,0.3762504607556610,0.4576271186440680,0.06805293005671080,0.5536723163841810,0.661142307698699,0.9451781632253660
27030979_AI.txt,AI,7.669425961341880,203.57632207412300,0.017834837157905700,0.46356806460253400,0.4227129337539430,0.060126582278481000,0.5078864353312300,1.2629973227623000,0.983400985979347
27040860_AI.txt,AI,7.38105137640296,166.69319233856500,0.006397029291373690,0.33429399265109500,0.5295629820051410,0.05167958656330750,0.6066838046272490,0.5790155445959400,0.9329866168074240
27058381_AI.txt,AI,7.633800415192230,198.6108206457290,0.033228774890298600,0.5866773250558010,0.4908350305498980,0.053169734151329200,0.5784114052953160,0.679132677746559,0.937991169748708
27066370_AI.txt,AI,7.278470588336040,155.25227385162500,0.012378314072163300,0.31260497277182200,0.4603960396039600,0.03482587064676620,0.551980198019802,0.6695094632980250,0.9730661886228740
27080812_AI.txt,AI,7.6072731158345400,194.99226907140800,0.024380464405059300,0.3643887895540540,0.3516042780748660,0.07238605898123330,0.43983957219251300,0.6206895456062850,0.9733179908080570
27084878_AI.txt,AI,7.701663053015690,208.17644863213000,0.016290763013078000,0.25794772354014500,0.48807631160572300,0.04784688995215310,0.5548489666136720,0.4789246047310280,0.9697335739370800
27090089_AI.txt,AI,7.4606475412414200,176.14839767215300,0.016204138295503200,0.48172983730971200,0.4743083003952570,0.05555555555555560,0.5573122529644270,0.9709402295233300,0.9775971425000330
27091280_AI.txt,AI,7.530947455358930,184.94435492178900,0.011096239039219400,0.4555880194975740,0.48523206751054900,0.0211864406779661,0.5843881856540080,0.5954873925723280,0.9691151423349490
27096471_AI.txt,AI,7.9292050577621800,243.74098628960600,0.018552340035578400,0.6348878232581330,0.5024630541871920,0.039538714991762800,0.5944170771756980,0.7003065240142210,0.986300777074972
27096796_AI.txt,AI,6.315616036547460,79.6507497391011,0.08990319308011410,0.9469004109576930,0.5,0.08139534883720930,0.5747126436781610,1.1444576561531000,0.964235167270305
27099856_AI.txt,AI,7.791158825830200,221.49937624220300,0.018817029502635100,0.41554493041146400,0.3507795100222720,0.10491071428571400,0.4398663697104680,0.6685017722047870,0.9738960490250150
27120528_AI.txt,AI,7.820475262556880,226.04642055812000,0.014785564901944700,0.3602617504563960,0.4508426966292140,0.07464788732394370,0.5252808988764050,0.6636774513027080,0.9732659235002660
27126818_AI.txt,AI,7.605336077128510,194.73063781169700,0.021089091846273700,1.6519801840702400,0.4672566371681420,0.06571936056838370,0.5238938053097350,0.962472379698347,0.973393752922337
27139412_AI.txt,AI,7.2342707907005800,150.5679386575570,0.034174198336096600,0.48171712261647900,0.5095890410958900,0.011019283746556500,0.6054794520547950,0.5919330093504170,0.9666009940301530
27152464_AI.txt,AI,8.162052595208110,286.43273992984400,0.03205915102978220,0.4569320890401580,0.4669211195928750,0.026785714285714300,0.5432569974554710,0.9001705333692960,0.9589771370349880
27164756_AI.txt,AI,7.929090067720550,243.72155968286100,0.03972063923826340,3.5688047728471500,0.46774193548387100,0.08823529411764710,0.5410557184750730,1.286474433763310,0.9745195158325770
27165830_AI.txt,AI,7.570363260726920,190.0668685512150,0.01934889810261360,0.24315960436920300,0.39046199701937400,0.05082212257100150,0.47540983606557400,0.5668569955618830,0.9799784732541160
27176039_AI.txt,AI,7.472153674885570,177.5588764911860,0.013882552329058100,0.3052110825803840,0.4295415959252970,0.11584327086882500,0.48217317487266600,0.5818897266065700,0.9684334086440260
27182111_AI.txt,AI,7.45954495413598,176.01382678301700,0.06393198785234670,0.8957346226226890,0.43884892086330900,0.07220216606498200,0.5107913669064750,0.664315445164536,0.9665342259042140
27187994_AI.txt,AI,7.116483603252060,138.7634306050130,0.008419355992453510,0.811255618485241,0.46686746987951800,0.08484848484848490,0.5933734939759040,0.9896114017737160,0.9519070212735510
27213082_AI.txt,AI,7.670019637629010,203.66011199642100,0.02016374281652600,2.4511483079441200,0.4402730375426620,0.0821917808219178,0.5307167235494880,0.9168221830239550,0.968288194584947
27219200_AI.txt,AI,7.375555915471950,166.05943855835300,0.01625841907683410,0.37835106181056400,0.4068825910931170,0.054878048780487800,0.49190283400809700,0.5324946610762860,0.980909016280149
27233183_AI.txt,AI,7.493645555022060,180.2237777701840,0.020080583605753600,0.7758367161478540,0.5528846153846150,0.028985507246376800,0.6298076923076920,0.9443783403544140,0.9707057771196550
27243670_AI.txt,AI,7.59269355421302,193.03164321707300,0.016163844980271400,0.355284899439814,0.4644808743169400,0.056672760511883,0.5500910746812390,0.6573295796151070,0.9778849839303650
27246366_AI.txt,AI,7.3202337735523,159.81220404767000,0.008905698253939630,0.7340621586040520,0.5147783251231530,0.009900990099009900,0.5985221674876850,0.9549029514453930,0.9437932785158750
27257013_AI.txt,AI,7.721546640544680,211.06545179510600,0.025843062409331600,0.703300024604957,0.4580745341614910,0.06853582554517130,0.5341614906832300,0.9570572853950000,0.9686904906320910
27295996_AI.txt,AI,7.714098746516820,209.97863694494500,0.021098869104698500,0.4081892510478000,0.43582510578279300,0.04384724186704390,0.5007052186177720,0.9211789076694080,0.9964563198591630
27298953_AI.txt,AI,7.645285479690390,200.19823983775900,0.039835031478406500,0.29446488348871400,0.4748700173310230,0.07130434782608700,0.5493934142114390,0.6780589529411610,0.9889332131745530
27330027_AI.txt,AI,7.397922509543940,168.65397478728500,0.009527902859120810,0.6506126015983650,0.426497277676951,0.052823315118397100,0.5117967332123410,0.7367078287963910,0.9825050709643250
27372171_AI.txt,AI,7.860629602124450,232.42631408741000,0.016922253509737400,0.4970382862456930,0.4406779661016950,0.05620915032679740,0.5071707953063890,1.201251857429780,0.9636276130255160
27375577_AI.txt,AI,7.850544208225000,230.80716625701700,0.01481464842187420,0.6736184503041740,0.46957878315132600,0.03755868544600940,0.5647425897035880,0.5423613711190280,0.9874427535078010
27397245_AI.txt,AI,7.398400412066150,168.70985181520600,0.009042456814205250,0.6304839221582560,0.47453703703703700,0.07441860465116280,0.5578703703703700,0.7038182748095160,0.9566276330040540
27409087_AI.txt,AI,7.6224373484410100,197.05265101536700,0.032196366037210000,0.5075553663194940,0.4425956738768720,0.05676126878130220,0.5108153078203000,1.0055706494508000,0.9905820016079850
27419236_AI.txt,AI,7.663082401671920,202.68315788231000,0.020793112179460200,1.3042746649306500,0.4805914972273570,0.055658627087198500,0.55637707948244,0.7391764992301610,0.9704042523007460
27485716_AI.txt,AI,7.408583250332130,169.9048529626740,0.0136970641097773,0.8597231940460450,0.48185483870967700,0.05465587044534410,0.5544354838709680,0.988627292531846,0.9922142477716910
27490876_AI.txt,AI,7.650917142291020,200.98125517546200,0.012203994262346600,0.3760876993938880,0.45438898450946600,0.039723661485319500,0.5301204819277110,0.6336798999016700,0.9850477429934610
27496514_AI.txt,AI,7.542123726712070,186.38264591533900,0.009273113922759510,0.5938868202502700,0.4780114722753350,0.061420345489443400,0.5602294455066920,0.6512459895638980,0.9547810111154010
27497542_AI.txt,AI,7.447615909884390,174.5644422148880,0.021918077759837900,0.4613947039510760,0.4581497797356830,0.05309734513274340,0.5440528634361230,0.7086286530054280,0.9529557646453550
27502951_AI.txt,AI,7.694424775444680,207.1346032383920,0.023549980704813400,0.5885301780864780,0.4682274247491640,0.053691275167785200,0.5434782608695650,0.6387336870580670,0.9906988056579830
27512470_AI.txt,AI,7.577063190243420,190.9515989399330,0.0068403557529385600,0.41720373075692900,0.49390243902439000,0.0326530612244898,0.5914634146341460,0.7672206064912500,0.9701623636118700
27523575_AI.txt,AI,7.790529549443130,221.40278345628400,0.010850181173818000,0.7336561544929700,0.5324675324675320,0.06890130353817500,0.6029684601113170,0.6190535443920280,0.9592366324597340
27524018_AI.txt,AI,7.524243341637990,184.0869238164210,0.010004795325295200,1.2304775679007800,0.4894067796610170,0.09574468085106380,0.5826271186440680,0.6640764278791860,0.9651086563048120
27529455_AI.txt,AI,7.374269824208750,165.91147074612700,0.023365409931794600,0.5479040305111600,0.4431818181818180,0.14638783269962000,0.49242424242424200,0.6454972243679030,0.9875226392808410
27531694_AI.txt,AI,7.466269160796330,176.83611825422000,0.015286386782549000,1.1409586243041900,0.4680451127819550,0.06415094339622640,0.5338345864661650,0.897046674822331,0.9834357515462210
27536013_AI.txt,AI,7.497644185498020,180.7239859789540,0.012970020229218000,0.3237452155673940,0.40384615384615400,0.08771929824561400,0.479020979020979,0.5755342469579790,0.9251236800858790
27549075_AI.txt,AI,7.628988787637090,197.9495239549620,0.035092296215321800,0.5625310098019040,0.49168207024029600,0.0575139146567718,0.5582255083179300,1.0179775477301200,0.9556140476995340
27558837_AI.txt,AI,7.487672105450970,179.47910758151600,0.014535374166523900,0.32120279790866400,0.4072790294627380,0.08362369337979100,0.4791666666666670,0.5838547824654910,0.9686906509310920
27573855_AI.txt,AI,7.841644058321630,229.38767358756300,0.017725777062095500,0.47071670323082200,0.40970350404312700,0.07432432432432430,0.49326145552560600,0.8111334451316330,0.9830050462384550
27606527_AI.txt,AI,7.690661835134620,206.59504392750100,0.027467709388912400,0.8944407281909120,0.4002828854314000,0.10638297872340400,0.48797736916548800,0.8565664893550750,0.9476865380379030
27607632_AI.txt,AI,7.410119920287800,170.08592156838200,0.01227403614088260,1.2389190506969000,0.5194805194805190,0.04699738903394260,0.6025974025974030,0.7374475982437610,0.9719111711190390
27624540_AI.txt,AI,7.785022152616800,220.5592035521120,0.014985607252447600,1.044548659248440,0.46889226100151700,0.0821917808219178,0.5402124430955990,0.6604695260084010,0.976056139783322
27637576_AI.txt,AI,7.32938084456818,160.82867495200900,0.015912165726738300,0.26104135743786100,0.4187866927592960,0.10805500982318300,0.4911937377690800,0.3944748388216020,0.9800508805016270
27662298_AI.txt,AI,7.391701243040410,167.92826197513800,0.019351752667687700,0.41527806704096300,0.4340770791075050,0.12016293279022400,0.5233265720081140,0.6890968056098750,0.96900777395013
27689009_AI.txt,AI,7.663273861673000,202.71005774097300,0.018039137740630100,3.3576894850073000,0.3993993993993990,0.13704819277108400,0.4774774774774780,1.160735053499710,0.9653587991271840
27694040_AI.txt,AI,6.954191388477740,123.99957696139900,0.018133584615047100,0.3909220134197650,0.46742209631728000,0.10256410256410300,0.5410764872521250,1.0861392719246400,0.979759986770805
27710853_AI.txt,AI,7.811382885848140,224.626275535814,0.014710027157748400,0.31332573749751100,0.39487179487179500,0.05784061696658100,0.4756410256410260,0.47227139396696500,0.9532778372904300
27715131_AI.txt,AI,7.4382473529179700,173.43453026236500,0.039514572522587600,0.49393653451189200,0.424812030075188,0.09056603773584910,0.5093984962406020,0.7334385101462340,0.9615473717750100
27726066_AI.txt,AI,7.67302759108222,204.08517702093200,0.02612675254138180,1.176810593361150,0.5128712871287130,0.031746031746031700,0.5928853754940710,0.6954069666055250,0.9663004808544630
27756469_AI.txt,AI,7.737695892176960,213.44135085866500,0.038343456385223200,1.3687169807249300,0.4565868263473050,0.057057057057057100,0.5179640718562880,0.723636468731341,0.955480161732547
27770859_AI.txt,AI,7.97163124757423,251.01525739525400,0.025507757823377900,0.6578865507135570,0.4784546805349180,0.08507462686567170,0.5535714285714290,1.0231690964840600,0.9866911470041050
27788376_AI.txt,AI,7.383971769834740,167.03096486717000,0.010288357840150600,1.038523354473020,0.5813953488372090,0.023391812865497100,0.6656976744186050,0.6205046200414950,0.9657506205339050
27789372_AI.txt,AI,7.109506560035850,138.09397439289700,0.013712610381868500,0.3176023587612850,0.4789915966386560,0.022535211267605600,0.5574229691876750,0.5724348529742530,0.9883536103965520
27796199_AI.txt,AI,7.422369083738220,171.53617948757100,0.015684972262588800,1.1376800726333400,0.42424242424242400,0.11764705882352900,0.5131313131313130,0.9244896114165200,0.9801174765776240
27798860_AI.txt,AI,7.773848221392580,218.85753144140700,0.02225098221862460,0.4727564539365980,0.4438202247191010,0.06056338028169010,0.5112359550561800,0.7958430024477880,0.9695332297400760
27820360_AI.txt,AI,7.610509998717770,195.4302519470540,0.016995522980060100,1.40191397116197,0.453448275862069,0.04498269896193770,0.5362068965517240,0.5191535535924700,0.9745733639728400
27831220_AI.txt,AI,7.403909907636650,169.35536819801300,0.017337718071300400,0.4341241550732840,0.4144620811287480,0.14513274336283200,0.47971781305114600,0.6233902766564980,0.9705269071480590
27835351_AI.txt,AI,7.636273246984120,198.9515387368670,0.012050249755441300,0.615412742431589,0.4781783681214420,0.03428571428571430,0.5768500948766600,0.9442030871257540,0.9274017799758110
27847081_AI.txt,AI,7.641441441963370,199.66552486880900,0.021393330552473500,0.3802149046384410,0.5400410677618070,0.03711340206185570,0.6139630390143740,0.8935253063875490,0.9516848873681310
27850777_AI.txt,AI,7.8203715090140600,226.03016468075300,0.011061710157306800,0.4727758617768700,0.48951048951049000,0.02456140350877190,0.5821678321678320,0.6248187039262150,0.9598965632419630
27884470_AI.txt,AI,7.692044848130010,206.7931874145510,0.02019572999904190,0.41685627186249400,0.3858695652173910,0.21525885558583100,0.46467391304347800,0.8790632869042920,0.9767157112182860
27888251_AI.txt,AI,7.524438889606370,184.11187729770700,0.013484771814136300,0.6254207786441080,0.4180887372013650,0.06164383561643840,0.5068259385665530,0.81553349707232,0.9470812734429290
27902692_AI.txt,AI,7.213286673757510,148.39376581020200,0.014487919522921300,0.6228277342424820,0.5082417582417580,0.027624309392265200,0.5851648351648350,1.0358430172327600,0.9652513742847690
27903191_AI.txt,AI,7.385519902378010,167.21029927742500,0.013200152623019400,0.30085059750649300,0.39676840215439900,0.09009009009009010,0.4757630161579890,0.5627719566520800,0.9530311252709580
27909372_AI.txt,AI,7.668158176805530,203.39750566536000,0.011087821311371400,1.0836949270322500,0.49898580121703900,0.05702647657841140,0.5943204868154160,0.7316717496147980,0.9545130043725660
27914096_AI.txt,AI,7.662319069594450,202.57594628945100,0.015453900505634700,0.7458067795773010,0.44427001569858700,0.031496062992126000,0.533751962323391,0.477003965844066,0.9926059236922960
27917969_AI.txt,AI,7.590645452967380,192.7578030462990,0.043595993850909700,0.38755853505646600,0.4823008849557520,0.05333333333333330,0.577433628318584,0.7039320996879610,0.959818092877696
27921561_AI.txt,AI,7.968821681875840,250.52689528711900,0.013795973180094700,0.5282706993730710,0.46787709497206700,0.03081232492997200,0.5600558659217880,1.208651492396310,0.9664560981091110
27936502_AI.txt,AI,7.81855978785094,225.74649654321200,0.011865289020910500,1.016647259651260,0.4841549295774650,0.02120141342756180,0.5827464788732390,0.7839086978152920,0.9784967889345340
27937592_AI.txt,AI,7.556496727397580,188.24878293494500,0.015383201411235000,0.526800654116525,0.42857142857142900,0.057692307692307700,0.5278745644599300,0.9862876762574210,0.97360256924766
27974588_AI.txt,AI,7.252579993258480,152.4909689223520,0.08186552961740800,0.38499465760781400,0.3664259927797830,0.16485507246376800,0.4548736462093860,0.7887956370056870,0.9339533970750840
27980446_AI.txt,AI,7.561281437157200,188.87414798544800,0.009969222956006430,0.7016163777329640,0.47876447876447900,0.04263565891472870,0.5637065637065640,0.5454644690259610,0.9688350821357940
27981289_AI.txt,AI,7.358773145855470,164.1388733843950,0.025460404043346800,3.5995549658973700,0.42462845010615700,0.07249466950959490,0.5159235668789810,1.0806374424047800,0.986633570106608
28005884_AI.txt,AI,7.4796109390251700,178.47905119326600,0.018505759115427900,0.3405087811220850,0.41929499072356200,0.07635009310986970,0.5027829313543600,0.7440966478699620,0.9503569480733640
28013287_AI.txt,AI,7.346791757654800,162.78136688251500,0.007887199430352690,0.8717732436892320,0.5203252032520330,0.10899182561307900,0.5934959349593500,1.017861688135130,0.9665000598332860
28020046_AI.txt,AI,7.6723317796100700,203.98677052163300,0.014717253945586700,0.5470797978192700,0.47377326565143800,0.04074702886247880,0.5465313028764810,1.1497631345863800,0.984840424518384
28035460_AI.txt,AI,7.293055471117270,156.8297524167340,0.03333915269080840,0.530820684960735,0.45454545454545500,0.07468879668049790,0.5165289256198350,1.0034585338768200,0.9801759652969840
28051330_AI.txt,AI,7.4719127298848,177.52922479758000,0.011960968252690100,0.6748870352608130,0.5170731707317070,0.058823529411764700,0.6048780487804880,0.6726727273025960,0.9787961240671900
28063132_AI.txt,AI,7.3886317847187400,167.57135989652000,0.012424874373694700,1.9762289171829200,0.5626822157434400,0.05278592375366570,0.6647230320699710,0.8767194562626170,0.9532245812805710
28078163_AI.txt,AI,7.698876728902650,207.77477865291300,0.012885160061074400,2.0258762558432700,0.45819397993311000,0.06711409395973150,0.5384615384615380,0.813510799506277,0.9791868940364810
28086303_AI.txt,AI,7.593802936051090,193.18013485910200,0.018611236657839100,0.2899263696545660,0.4635514018691590,0.06378986866791740,0.5439252336448600,0.8824418123869930,0.9768055983247190
28092317_AI.txt,AI,7.160370703127270,143.049505783214,0.009436358883206240,0.4273038898580810,0.5250737463126840,0.04154302670623150,0.6106194690265490,0.6666335996532980,0.9580013888461200
28109594_AI.txt,AI,7.8292886011454200,227.43155129116200,0.007703843923640730,2.3529798441321900,0.46646795827123700,0.08071748878923770,0.5424739195231000,0.6545729778367290,0.9742629801786460
28111403_AI.txt,AI,7.887263067021570,236.75696651253500,0.025309938447646700,1.8806870356838900,0.46869983948635600,0.06763285024154590,0.5441412520064210,0.8997918562784030,0.9877764066663320
28126340_AI.txt,AI,7.731565753849330,212.5363438439670,0.011401907368538000,0.7572058848689690,0.46928327645051200,0.04794520547945210,0.5494880546075090,0.422177006543899,0.9527662935798760
28139742_AI.txt,AI,7.510149735404090,182.29734445410200,0.020056512788661200,1.295211394920590,0.4593128390596750,0.07259528130671510,0.5316455696202530,0.7479264069922410,0.9773247509997020
28165687_AI.txt,AI,7.673055777188450,204.08916429648800,0.020301331002178700,1.4232642628761800,0.4538216560509550,0.05750798722044730,0.5270700636942680,0.7632620424290420,0.9683035052794900
28172023_AI.txt,AI,7.552759932619930,187.76182150593300,0.012514842856697800,0.7051143579352920,0.5586034912718200,0.03508771929824560,0.6209476309226930,0.894889578684889,0.9573601960446820
28175164_AI.txt,AI,7.793362300562780,221.83793787584000,0.00790682368914033,0.3390309874382430,0.45331325301204800,0.054380664652568000,0.5286144578313250,0.6324566622273110,0.9566042807369840
28176889_AI.txt,AI,7.378056551732270,166.3475204686870,0.014768297875445200,0.8286498490992160,0.5579514824797840,0.02710027100271000,0.6415094339622640,0.7404921491900090,0.9794310930038290
28186635_AI.txt,AI,7.6754771965490100,204.43199517359200,0.013699789813844600,1.282811133324020,0.5019607843137260,0.03346456692913390,0.5784313725490200,0.9220825325210880,0.9569371728481940
28198029_AI.txt,AI,6.9802408200778,126.25886001962700,0.01291258584598020,0.39565243526707300,0.5507246376811590,0.058394160583941600,0.6340579710144930,0.5698282142863950,0.8975541385530710
28206098_AI.txt,AI,7.6859544210839900,205.92203718462600,0.01650419118979860,1.1448583091296500,0.514,0.0321285140562249,0.606,0.9847800092744910,0.9539418116300950
28230807_AI.txt,AI,7.202968517172000,147.3362396490520,0.016459811868920100,0.4100583070293960,0.347682119205298,0.17940199335548200,0.40894039735099300,0.5658163184374600,0.9794005979562080
28243590_AI.txt,AI,7.270703924949420,154.4187281070180,0.018867978263075400,0.35386059618728400,0.49624060150375900,0.030226700251889200,0.5839598997493740,0.47542576870451900,0.9492321821101420
28247753_AI.txt,AI,8.072549303014260,269.2027435778720,0.007676014294475180,2.0588197382735800,0.5176151761517620,0.051630434782608700,0.5718157181571820,0.8654909733166430,0.9618651484727320
28290448_AI.txt,AI,7.425004947567600,171.8498696955230,0.022625042353136700,0.4466352848774910,0.43252595155709300,0.08333333333333330,0.4982698961937720,0.6565383121519310,0.979548560110403
28298773_AI.txt,AI,7.669079135083910,203.52738787401600,0.011551219035977700,0.47086571488813800,0.4169381107491860,0.06209150326797390,0.509771986970684,0.8157575432909020,0.9756043381532140
28320387_AI.txt,AI,7.779576082660470,219.72817794893800,0.016433570379394200,0.34881964040299000,0.5026548672566370,0.07104795737122560,0.584070796460177,0.7395887579107800,0.9624600838553990
28321954_AI.txt,AI,7.787071579240620,220.87274252088600,0.011146398880055800,0.26190211613796900,0.516728624535316,0.018656716417910400,0.604089219330855,0.501070012188936,0.9690062030466220
28325193_AI.txt,AI,7.504385196167420,181.570396962688,0.05017249291922000,2.7673920958462800,0.3975720789074360,0.1248097412480970,0.4537177541729890,1.3857018030720700,0.985458450547004
28326441_AI.txt,AI,7.90519499159127,239.71809294104100,0.010085618363350200,0.4444450080764550,0.49013657056145700,0.03951367781155020,0.5757575757575760,0.8646669317264980,0.9545362357106910
28337049_AI.txt,AI,7.671649680229410,203.8903493384400,0.01813215194879070,0.295652097693494,0.4600326264274060,0.058919803600654700,0.5415986949429040,0.45991355553454900,0.9802620734897420
28359817_AI.txt,AI,7.6033976607234700,194.46917188817200,0.02245101375831610,0.5890487521278570,0.45121951219512200,0.08391608391608390,0.5296167247386760,0.583892173573527,0.9664906482174540
28377361_AI.txt,AI,7.5357650802602700,185.56297619490500,0.012947037548893700,0.3163723016597340,0.45940959409594100,0.03333333333333330,0.5479704797047970,0.5510539922189070,0.9570602607852490
28383893_AI.txt,AI,8.07759817332769,270.14649867558500,0.045244679547256300,3.0539246887752300,0.43255295429208500,0.08928571428571430,0.48775055679287300,1.1447182887740400,0.9768643752296300
28396458_AI.txt,AI,7.703977630796940,208.51070313117600,0.015387903868210200,1.9328757796125200,0.438953488372093,0.055312954876273700,0.5152394775036280,2.326890878890680,0.9570102742746580
28396528_AI.txt,AI,7.487888348598760,179.50601142113500,0.006895172100352280,0.655107242898356,0.4685466377440350,0.09586056644880170,0.5531453362255970,0.9343300023549580,0.9674932792308950
28398216_AI.txt,AI,7.447669544906490,174.57093211157000,0.01562460012608700,0.42920065152095900,0.4291044776119400,0.10674157303370800,0.498134328358209,0.7006275492812670,0.9850206742762900
28419173_AI.txt,AI,7.743196663739210,214.25672295212800,0.01298301168145630,0.4500650803205770,0.4429223744292240,0.03969465648854960,0.5205479452054790,0.9538307337556810,0.9772707871827650
28419927_AI.txt,AI,7.896215031681530,238.2306176668410,0.01830491647039550,1.013266423202940,0.4741100323624600,0.030844155844155800,0.5679611650485440,0.5529692665298690,0.9455028082169550
28423028_AI.txt,AI,7.693244599707470,206.9652290692970,0.024580391497067800,1.1856415557443300,0.48,0.04013961605584640,0.5443478260869570,1.1035509346679100,0.9725889932661250
28424982_AI.txt,AI,7.309838791576760,158.66485520598700,0.016526543371260300,0.3247162134767410,0.37389770723104100,0.13982300884955800,0.4514991181657850,0.5393422091389320,0.9787658277472890
28471099_AI.txt,AI,7.5101025807801700,182.29138614552400,0.049103611292142700,2.2301986819003600,0.4221824686940970,0.08797127468581690,0.4919499105545620,0.9804966351385470,0.9595831977577770
28505854_AI.txt,AI,7.822889113836800,226.4249476568990,0.017752929301765400,2.4096090700550100,0.48440366972477100,0.06077348066298340,0.5651376146788990,0.9891017653529540,0.9811789972713520
28522529_AI.txt,AI,7.514773879922300,182.882583631156,0.02106665650277610,2.22277234262105,0.4394409937888200,0.06230529595015580,0.4922360248447210,0.6949194459587730,0.9798413070188140
28531493_AI.txt,AI,7.654765082284730,201.5180256356130,0.018840281468965700,0.39647473954902300,0.42215088282504000,0.07568438003220610,0.5040128410914930,0.5141866496524070,0.988846514597248
28609364_AI.txt,AI,7.561397913773140,188.88939743807900,0.030616044950515100,0.8524850547719510,0.43079584775086500,0.08854166666666670,0.5224913494809690,0.9996719262639820,0.9289226966025750
28614791_AI.txt,AI,7.539884979015450,186.09364503592900,0.011467307765916900,0.8180488244976280,0.5077951002227170,0.10961968680089500,0.5879732739420940,1.0209320272127800,0.9611588012971430
28623782_AI.txt,AI,8.035525964659160,262.38218617680600,0.015303657437928700,0.606972872016235,0.3979381443298970,0.045454545454545500,0.4587628865979380,0.5540910776506390,0.9859925072515550
28628090_AI.txt,AI,7.899514264473430,238.7760396983420,0.019237962489060600,1.475605189136920,0.5168918918918920,0.023728813559322000,0.5945945945945950,0.758166195646697,0.9617805894832240
28629430_AI.txt,AI,7.732221744428970,212.63300567315600,0.010510714980756100,0.7020627890987770,0.4712121212121210,0.0486322188449848,0.5333333333333330,0.6713302115935960,0.9449482858977910
28630325_AI.txt,AI,7.383570452635870,166.9845080106300,0.023387385530700200,0.32016159273341700,0.5066666666666670,0.06702412868632710,0.6106666666666670,0.4760460933995110,0.9723386739068390
28631840_AI.txt,AI,7.877955142838450,235.23438400477900,0.00900147583738998,0.3942116905473180,0.4640625,0.04075235109717870,0.55625,0.5708882317597420,0.9564449181132860
28635795_AI.txt,AI,7.578499901834600,191.14185330097900,0.007231580315645210,2.514553928096930,0.44972577696526500,0.10825688073394500,0.5484460694698350,0.8709098768874780,0.980928163467674
28640735_AI.txt,AI,7.608114118869470,195.1059707841930,0.011375763554008600,1.2016358649266800,0.38672438672438700,0.06367583212735170,0.4704184704184700,0.8064328991339910,0.9774795169137490
28642819_AI.txt,AI,7.488279214609510,179.5546511557850,0.0175289602392078,1.317063947115430,0.4472168905950100,0.0789980732177264,0.527831094049904,0.9088329294453960,0.9402674788864290
28663949_AI.txt,AI,6.799841888905770,111.41826063102900,0.014827513079642000,0.6823252661002860,0.47368421052631600,0.10927152317880800,0.5526315789473690,0.814138985993675,0.9641649217111030
28669770_AI.txt,AI,7.634118755549720,198.65465029369500,0.010308456868762700,0.6041742769560570,0.4381107491856680,0.032679738562091500,0.5374592833876220,0.7025942153010950,0.9693293713294880
28670024_AI.txt,AI,7.730427221634960,212.36868261901600,0.02176338702706470,0.3654785139550850,0.4748201438848920,0.07581227436823100,0.5701438848920860,0.7140080879400020,0.9382883734578040
28672970_AI.txt,AI,7.676314066802420,204.55061531214400,0.013148356815487700,0.630731077087977,0.4174454828660440,0.0484375,0.4984423676012460,0.895954163570601,0.9709910485804900
28679359_AI.txt,AI,7.480401442451510,178.57687294920400,0.01796639716027910,0.37890075510081000,0.38791732909380000,0.09888357256778310,0.465818759936407,0.8834697393412760,0.9705320236540300
28697203_AI.txt,AI,7.542907109283490,186.48387906638100,0.014870578759801300,0.33271709637869700,0.4517304189435340,0.06764168190127970,0.5336976320582880,0.6119327903171270,0.9618007410441510
28711616_AI.txt,AI,7.5281935471675,184.59165808863900,0.020743029211943000,0.4367384920079350,0.4288135593220340,0.10714285714285700,0.5050847457627120,0.904114295300328,0.9789582896623920
28724469_AI.txt,AI,7.6692704709372700,203.55438226144900,0.012435619538852800,0.42335855433731700,0.44873949579831900,0.07082630691399660,0.5310924369747900,0.9432518030138940,0.9895359141128090
28733974_AI.txt,AI,7.75589192265985,216.15043398763500,0.018285030364172400,0.9923634846786400,0.4751203852327450,0.04669887278582930,0.5489566613162120,0.9506658535242440,0.9478977926101260
28745844_AI.txt,AI,7.317353435171540,159.4934575279040,0.014032132400061100,1.6899727662549300,0.5054054054054050,0.057065217391304300,0.5837837837837840,0.7965996118489950,0.9457824884849150
28756444_AI.txt,AI,7.640015871647050,199.46832680935600,0.021049448982078800,0.32432013713332800,0.5028790786948180,0.04046242774566470,0.5873320537428020,0.7530888336984430,0.966911265485928
28758002_AI.txt,AI,7.594802029349890,193.3139620491420,0.011868177054580500,0.9536535456298620,0.4571984435797670,0.05859375,0.556420233463035,0.9875642036548940,0.9822458904106110
28762662_AI.txt,AI,7.772350754805310,218.63048289462000,0.014220872855256100,1.924835377387350,0.4234620886981400,0.08034433285509330,0.5007153075822600,0.7964659517722670,0.9531379186137180
28772892_AI.txt,AI,7.766299823737890,217.71542632586500,0.017161797743312200,0.3424975160086730,0.42406876790830900,0.05459770114942530,0.498567335243553,0.5875221009815280,0.9410350352331040
28790806_AI.txt,AI,7.6665917073401100,203.17677774997400,0.02003492059932720,2.0305578874574500,0.38114209827357200,0.11451398135818900,0.4448871181938910,0.6694948818376080,0.9696558533622520
28803888_AI.txt,AI,7.407820934363290,169.8150994349770,0.025950672862211500,0.5283629164419660,0.4288461538461540,0.06177606177606180,0.5076923076923080,0.7308742935850100,0.962681184269002
28808263_AI.txt,AI,7.796104329226480,222.2599705276630,0.01567533378323080,1.055253175041800,0.49391304347826100,0.041884816753926700,0.5808695652173910,0.7951214104971090,0.9476017112201710
28815362_AI.txt,AI,7.6779098095653500,204.7769907691770,0.04102283951750510,0.5530359017172630,0.4972170686456400,0.1042830540037240,0.575139146567718,0.6985689626847720,0.9587020020494280
28828844_AI.txt,AI,7.3102207087988100,158.7068632953420,0.009208583930251070,0.5417729727602640,0.4175627240143370,0.09352517985611510,0.46953405017921100,1.1629808670187500,0.98068452014372
28831378_AI.txt,AI,7.626842910662090,197.65531099728400,0.013408354635629200,0.9769713676221190,0.4540540540540540,0.0650994575045208,0.5315315315315320,0.6849871901677700,0.9631110803413780
28831442_AI.txt,AI,7.649131671871520,200.73267587453100,0.01784653868205100,3.1088448810292400,0.49894736842105300,0.0507399577167019,0.5873684210526320,0.7853613402807190,0.9368337203192150
28862054_AI.txt,AI,7.721928544795790,211.12133156242200,0.01817368751070630,1.0387685269618400,0.4627831715210360,0.04707792207792210,0.5436893203883500,1.2248332549771300,0.9529533839374830
28867567_AI.txt,AI,7.635553853938890,198.85235722515400,0.014176823021034700,0.24029081636455200,0.4444444444444440,0.02748091603053440,0.5251141552511420,0.677209496526448,0.9323069569428250
28871170_AI.txt,AI,7.597692185661000,193.7016167897140,0.011002354264564000,0.5421746722331070,0.37681159420289900,0.125,0.4608695652173910,0.7335977779129490,0.9752579256484010
28895997_AI.txt,AI,6.856247698433510,115.86071783849600,0.009308196386991520,0.3458808506708010,0.47096774193548400,0.1038961038961040,0.5516129032258070,0.5715997959612790,0.9490348087792370
28897981_AI.txt,AI,7.691481840111280,206.712502651054,0.02041377455594510,1.273128915684230,0.43636363636363600,0.08966565349544070,0.509090909090909,0.7347111190989980,0.9550900430386260
28916894_AI.txt,AI,7.625383239153820,197.45543097166700,0.017345721445864500,0.3262789757933630,0.4737704918032790,0.03125,0.5377049180327870,0.5977075090094290,0.9699598376013410
28923650_AI.txt,AI,7.835766622793480,228.45506573062100,0.03776430080037080,1.8068969206493500,0.49429037520391500,0.07692307692307690,0.5595432300163130,0.7097213562400500,0.9800101752411490
28933005_AI.txt,AI,7.58295046195313,191.73241594709600,0.06386951725494080,0.48364934805953700,0.45996275605214200,0.08598130841121500,0.5363128491620110,1.1576742668658000,0.9737987753710000
28939941_AI.txt,AI,7.734540858568910,212.9750854272360,0.011431997973191000,0.5485020936876900,0.5008944543828260,0.0466786355475763,0.5670840787119860,0.5587021407258650,0.9338882217264300
28942221_AI.txt,AI,7.647669236488380,200.5292996778730,0.013333286182206400,0.42390374336035500,0.49510763209393300,0.047151277013752500,0.5831702544031310,0.7432129328838720,0.9611785508586950
28949406_AI.txt,AI,7.7780037140310000,219.48883042310700,0.022857629814583600,2.9103578365321700,0.4755244755244760,0.13859649122807000,0.5629370629370630,0.871671473900894,0.9739076285450350
28951817_AI.txt,AI,7.6503069113270100,200.89626212627600,0.01365301123475960,1.0233545128461600,0.5233265720081140,0.06517311608961300,0.592292089249493,1.0424974145626400,0.9873998117054340
28969385_AI.txt,AI,7.562572959305910,189.04330664913400,0.029925643351442200,0.2850401896534800,0.48405253283302100,0.04519774011299440,0.5534709193245780,0.660973332523331,0.9776366776352630
28973180_AI.txt,AI,7.588512400651420,192.47301751609400,0.028196162885963600,1.3032241715280300,0.4883268482490270,0.06640625,0.5797665369649810,0.7519485411667590,0.9683787365452820
28974459_AI.txt,AI,7.440104643226840,173.65794941592300,0.01452511080945940,7.458526797717790,0.47770700636942700,0.08102345415778250,0.5626326963906580,2.040639409813530,0.9600535941449190
28975482_AI.txt,AI,7.519909090107180,183.53470613742500,0.010114356992842600,0.41583784799135000,0.4483985765124560,0.05357142857142860,0.5213523131672600,0.6459625443132520,0.9688172171056910
28989677_AI.txt,AI,7.577353909601800,190.9900817227870,0.0095613741645825,0.4921139409526140,0.48405253283302100,0.05084745762711870,0.5534709193245780,1.2093367624909000,0.9733857535918900
28998957_AI.txt,AI,7.937033450786720,245.0671754377060,0.016921002694586300,0.5876490724725360,0.48099415204678400,0.051319648093841600,0.543859649122807,0.9159771343045740,0.9895956015031200
29002596_AI.txt,AI,7.507568939124430,181.97152940756900,0.03337797261272930,1.3062891923607200,0.34864864864864900,0.12466124661246600,0.4283783783783780,0.693521609052106,0.9723674164128110
29014805_AI.txt,AI,8.047255308482680,264.5240909694930,0.011775827379460400,1.5554165511238600,0.5036284470246740,0.03056768558951970,0.5747460087082730,0.8221048697130940,0.9865482780293400
29028935_AI.txt,AI,7.661530494008270,202.46524874742100,0.010024994488031200,0.27969514064938100,0.4642857142857140,0.07526881720430110,0.5571428571428570,0.6582513618992190,0.9577740071270530
29050809_AI.txt,AI,7.550347698401280,187.4481397952070,0.025922220802535900,0.6070477810192990,0.447098976109215,0.07876712328767120,0.515358361774744,1.0141497873399000,0.9856657993674520
29051656_AI.txt,AI,7.541413973115690,186.29097496969000,0.021321884355767100,1.1635366260861800,0.39609483960948400,0.09090909090909090,0.4560669456066950,0.7120898014150630,0.9750636518969580
29061628_AI.txt,AI,7.376697163765620,166.19085235234800,0.0069019854789974700,0.7964875719623030,0.5046296296296300,0.06976744186046510,0.5625,0.5764418761900580,0.971922922521548
29072179_AI.txt,AI,7.625255842239360,197.43799547677300,0.01285608564697360,0.3309852863395350,0.466893039049236,0.06132879045996590,0.5365025466893040,0.632596271294252,0.9557677676414450
29075857_AI.txt,AI,7.762583551468210,217.15532970388200,0.01963321499375,0.826816278415449,0.3871794871794870,0.03984575835475580,0.47435897435897400,0.7469401039523650,0.9780860014791290
29076405_AI.txt,AI,7.563617715866500,189.18025573390400,0.00486383324098373,0.30281024436981400,0.46421267893660500,0.06776180698151950,0.5705521472392640,0.6721485624642610,0.9558193171083990
29087505_AI.txt,AI,7.362626960841940,164.57791729354500,0.020295138695015400,0.3928143296757620,0.4742729306487700,0.038202247191011200,0.5592841163310960,0.7830510262058540,0.9543938302550520
29091445_AI.txt,AI,7.654617876819840,201.49746478217800,0.01255861373830540,0.9014864524342880,0.5,0.05892857142857140,0.5676156583629890,1.122434614695140,0.960089126343334
29093426_AI.txt,AI,7.661672852889060,202.48522812455400,0.011414609268863100,1.9009507383176700,0.47739602169981900,0.11433756805807600,0.5479204339963830,0.6546117111084780,0.9809046711521210
29134372_AI.txt,AI,7.842648232862740,229.54739233530800,0.018259571107989800,0.4004327492177490,0.514003294892916,0.03801652892561980,0.5897858319604610,0.7742777521475010,0.9728396840711420
29134721_AI.txt,AI,7.547618708615000,187.09389961750200,0.011883755040525400,0.44946925506656500,0.43508771929824600,0.06866197183098590,0.5140350877192980,0.504903850294987,0.9453870336942810
29142288_AI.txt,AI,7.76620957707972,217.70180773387000,0.013348862358998500,1.5044895746336200,0.4765886287625420,0.09228187919463090,0.560200668896321,0.8065931546350230,0.9777264140024310
29147100_AI.txt,AI,7.016044013089880,129.43141492398900,0.016272202624968100,4.262366009450370,0.5421245421245420,0.11070110701107000,0.6190476190476190,1.3046930998898700,0.9726215626834910
29148871_AI.txt,AI,7.952484225882030,247.70586637885000,0.015931048060870600,0.6462536232636690,0.35883905013192600,0.10572687224669600,0.43535620052770400,0.6197630960117830,0.9669949348554020
29149998_AI.txt,AI,7.601939464143710,194.27271247649200,0.008321825872645520,0.4167701566901560,0.4787430683918670,0.05380333951762520,0.5711645101663590,0.7284150893714060,0.970465424601688
29161565_AI.txt,AI,7.242677717305840,151.44789515974500,0.047522074850547700,1.3438874054543800,0.4973821989528800,0.10526315789473700,0.5680628272251310,0.7758958627683690,0.9731445080269250
29165698_AI.txt,AI,7.3085044945684,158.51817959808700,0.009779011240971960,0.37507683317103900,0.5325443786982250,0.02976190476190480,0.636094674556213,0.5642565280364440,0.934765414231145
29167286_AI.txt,AI,7.180751325267730,145.08467469751500,0.02927034536236500,1.8177043936520200,0.4619289340101520,0.0663265306122449,0.5355329949238580,0.8782439844611980,0.9738166074075590
29173771_AI.txt,AI,7.538875404297630,185.96346525913400,0.009024971823244480,0.24304209438250800,0.39375,0.1833855799373040,0.4796875,0.4951211273545500,0.9510124450373110
29177904_AI.txt,AI,7.420711179983390,171.33916825242200,0.018637915171813700,0.5236764140721610,0.416195856873823,0.11153119092627600,0.5084745762711860,0.8046409384883330,0.9701472297596840
29184740_AI.txt,AI,7.633725665617920,198.60053039777300,0.008907401556638790,1.5371596732499200,0.5396825396825400,0.025056947608200500,0.6394557823129250,0.5956879189334170,0.9550834079579170
29193505_AI.txt,AI,7.7513687039107300,215.47380822461500,0.016581085394384700,0.7708285707678090,0.4604200323101780,0.11021069692058300,0.5363489499192250,0.675679456967981,0.9761443666423170
29196643_AI.txt,AI,7.46161268867711,176.2662784780960,0.02845717691523210,0.8498443636739090,0.48484848484848500,0.043478260869565200,0.5692640692640690,0.6113357097998070,0.9573443243077440
29208172_AI.txt,AI,7.718799417968560,210.6639171462590,0.024251835556757000,0.3642272426113710,0.4307931570762050,0.057722308892355700,0.5116640746500780,0.7693071067115340,0.978519753174417
29211359_AI.txt,AI,7.7500679109189,215.27961576491600,0.017145745635005500,0.37560311314194200,0.46899841017488100,0.06220095693779900,0.5405405405405410,0.5778588049453470,0.9749184931550280
29211919_AI.txt,AI,7.405486024352810,169.54048679682700,0.005683090764562350,0.5154623744347040,0.5646437994722960,0.026525198938992000,0.6358839050131930,0.9506056942511610,0.9663682957546790
29221006_AI.txt,AI,7.499673006911450,180.9783118154330,0.012489191062171800,1.0474366120838900,0.4621676891615540,0.08829568788501030,0.556237218813906,0.9494944636527270,0.986182487590537
29267293_AI.txt,AI,7.051667403320430,132.66715252495500,0.019939976082864000,2.7288241887891500,0.4827586206896550,0.08832807570977920,0.567398119122257,1.0446528362513500,0.9897529589447690
29297393_AI.txt,AI,7.947029037682640,246.77099758719800,0.011344875437834300,0.9818026379066040,0.4889240506329110,0.0380952380952381,0.5822784810126580,0.7678313910576370,0.972347963466147
29297973_AI.txt,AI,7.680390575559800,205.12941508379900,0.018953808750953400,0.5924636099686170,0.44426229508196700,0.06907894736842110,0.5229508196721310,0.775142149676562,0.9627455605075090
29306433_AI.txt,AI,7.581226166398080,191.50339605384900,0.015138801232521800,0.4026229269205000,0.49290060851927000,0.024439918533604900,0.5679513184584180,0.6947929373755110,0.9759341197460160
29319314_AI.txt,AI,7.749380246385140,215.1770265994020,0.008955551128373210,0.9934378387365280,0.4512,0.08507223113964690,0.5408,0.7700784837346850,0.9601973543677050
29329075_AI.txt,AI,7.824406238773130,226.66317930424600,0.017746801460707200,1.7929829892548200,0.5380333951762520,0.05204460966542750,0.6055555555555560,0.7908654958082960,0.9699529292358860
29332616_AI.txt,AI,7.447964932743030,174.6066786885450,0.009796827701502320,0.35398432564334100,0.513317191283293,0.029197080291970800,0.612590799031477,0.7143114012669360,0.9436730866836030
29399491_AI.txt,AI,7.6739531128062200,204.21614431449100,0.013876076869318700,0.4127068001262710,0.4868651488616460,0.10017574692442900,0.5656742556917690,0.8914502270489020,0.9559236747278010
29406313_AI.txt,AI,7.707585117941910,209.03274062984800,0.0142913933078887,0.8109386420887520,0.3776595744680850,0.10933333333333300,0.45345744680851100,0.702571285544797,0.9637840504026640
29415426_AI.txt,AI,7.272705134706420,154.6330760354340,0.025645318377800200,0.531951507328572,0.5225988700564970,0.0625,0.5932203389830510,0.5746237668485150,0.974085252475995
29425788_AI.txt,AI,7.621228021684140,196.88754252907400,0.017423802772412700,0.5380442656978440,0.4602076124567470,0.020833333333333300,0.5294117647058820,0.5211625488649860,0.9739774638913360
29449419_AI.txt,AI,7.750052584324130,215.27732873556200,0.018966754475791600,0.7278489751807900,0.4950166112956810,0.041666666666666700,0.579734219269103,0.78032107360634,0.9719486332659550
29456173_AI.txt,AI,7.580371111012490,191.38992959650900,0.02168512938790340,0.41757023745521300,0.4500875656742560,0.06678383128295260,0.5394045534150610,1.1540111592919300,0.9886595344352090
29483501_AI.txt,AI,7.534248875759060,185.36806069299400,0.018148689696634400,1.1009406723517000,0.4033232628398790,0.0803030303030303,0.4697885196374620,1.0145065426024900,0.9804385508796560
29486525_AI.txt,AI,7.157362216644370,142.75151204130400,0.011380726719950500,0.2922007879572600,0.3531468531468530,0.2736842105263160,0.40734265734265700,0.7140996078458070,0.967534514089816
29494962_AI.txt,AI,7.7395736535454400,213.71933952105000,0.03138535210547810,0.9857183992823470,0.46029173419773100,0.07804878048780490,0.5348460291734200,1.1981879290435800,0.9732555029475470
29510501_AI.txt,AI,7.585667641828350,192.09386611894900,0.012276753269671300,0.6297218386870940,0.5042735042735040,0.06437768240343350,0.5876068376068380,0.8679477710861020,0.9635533655655300
29521434_AI.txt,AI,7.30723028479125,158.37823578697800,0.01496647101829420,0.730828138445724,0.5791139240506330,0.05732484076433120,0.6740506329113920,0.7682229535987160,0.9526627804277370
29524570_AI.txt,AI,7.717303322019280,210.44556880450300,0.011738073264729300,1.142535299619330,0.5414847161572050,0.02631578947368420,0.6157205240174670,0.7277148128226540,0.9883927148513880
29525715_AI.txt,AI,7.91531053544392,241.40479720542500,0.014719782519614200,0.6931218457307330,0.42597087378640800,0.0413625304136253,0.5024271844660190,1.4396393326042500,0.9788111517969780
29534737_AI.txt,AI,7.657409992915950,201.8878099816580,0.01460806680771150,0.3621367280276290,0.4878048780487810,0.06779661016949150,0.575984990619137,0.5764412343470250,0.9575958770734430
29552167_AI.txt,AI,7.365749317416600,164.9344912070750,0.016901528097608700,0.318439949056706,0.42355371900826400,0.04979253112033200,0.5330578512396690,0.7151008351331370,0.9430759120686580
29564653_AI.txt,AI,7.422271852109610,171.52461905407800,0.011000846485471300,0.5821782374791500,0.40325497287522600,0.09800362976406530,0.4810126582278480,0.8897144011640230,0.9775471720212000
29573698_AI.txt,AI,7.104387156623550,137.60481632105200,0.008783750229070890,0.4823076016063100,0.5271565495207670,0.03215434083601290,0.610223642172524,0.5776941819273260,0.9525348297815940
29574501_AI.txt,AI,7.602112449006040,194.29600794248600,0.019385109154131500,0.6705720807522640,0.47953216374269000,0.04892367906066540,0.5341130604288500,0.8412127532671310,0.9813311679167620
29595906_AI.txt,AI,6.915710949837320,120.73590373304500,0.03632488077819630,0.7216161458648100,0.5681818181818180,0.09174311926605510,0.6772727272727270,0.8745630550109480,0.9704757244528710
29612672_AI.txt,AI,7.83615694470903,228.51688273287500,0.008202309958028040,0.7713873996766400,0.4700996677740860,0.07833333333333330,0.5564784053156150,0.6946902073120840,0.9701715902232570
29639533_AI.txt,AI,7.743918556690280,214.36395914337400,0.018064452275122000,3.2264596675494100,0.4144542772861360,0.11686390532544400,0.4896755162241890,1.2222648931806300,0.9790888206452440
29640922_AI.txt,AI,7.343934600293810,162.4593086996440,0.014754821029263900,1.2055737040063800,0.4474708171206230,0.138671875,0.5214007782101170,0.8689407997216180,0.9822452075718520
29647215_AI.txt,AI,7.476829791014270,178.1353205310920,0.012205435393797700,1.043690925372060,0.42213883677298300,0.08851224105461390,0.5159474671669790,0.8573191133624050,0.9897922113892420
29648950_AI.txt,AI,7.429498045794900,172.38590949439300,0.03644011815047140,0.3504984696899720,0.3908450704225350,0.1166077738515900,0.4665492957746480,0.5725286740830470,0.9299955617266360
29723311_AI.txt,AI,7.484390247151990,179.07129059349400,0.032440329176906100,1.9032813518150200,0.5165562913907290,0.06651884700665190,0.58719646799117,0.8126065844679070,0.971941161473889
29746235_AI.txt,AI,7.9634822470528900,249.60140537391600,0.04498919692945490,0.9646668527370150,0.5089141004862240,0.055284552845528500,0.5980551053484600,1.3100580172324400,0.9669356431677030
29764492_AI.txt,AI,7.80598012249304,223.78664346295800,0.017839476620195100,0.2512233587781600,0.42653352353780300,0.1072961373390560,0.514978601997147,0.44839777315029900,0.9667075638809420
29770086_AI.txt,AI,7.956446695830910,248.3871442494320,0.011507040781785400,0.5861779669969520,0.49240121580547100,0.056402439024390200,0.5699088145896660,0.693177851486843,0.9657927775863190
29772450_AI.txt,AI,7.327149556223260,160.58012777045300,0.038148337845479100,0.7810328151808450,0.44061302681992300,0.11538461538461500,0.5095785440613030,0.8612352290163070,0.9839967314292580
29775391_AI.txt,AI,7.4630342235315000,176.4400450321700,0.011840974133169200,0.7358362813856910,0.4956140350877190,0.05506607929515420,0.5679824561403510,0.8076838855918450,0.9531706603147380
29784524_AI.txt,AI,7.5711868087198400,190.17539728995700,0.011613228132241800,0.9948434145243390,0.5540229885057470,0.023094688221709000,0.639080459770115,0.8542018781225270,0.955911636491327
29792535_AI.txt,AI,7.504985411035400,181.64595272605200,0.010497775029319500,0.6101784004064450,0.48523206751054900,0.06991525423728810,0.5611814345991560,0.9366084781047170,0.986650824584099
29797594_AI.txt,AI,7.385061196451350,167.1571430933880,0.01332117917848750,0.450745603316219,0.4233128834355830,0.12320328542094500,0.5071574642126790,1.073322836722960,0.977871829771788
29805310_AI.txt,AI,7.433958918197350,172.91975873311000,0.010671716477074700,0.24283684361581300,0.37264150943396200,0.24921135646687700,0.4371069182389940,0.6524160289047100,0.9327424530568150
29815762_AI.txt,AI,7.5473894668349600,187.06417307793900,0.015314038724126600,0.7775869006749060,0.4756554307116110,0.07894736842105260,0.548689138576779,0.5781588798218700,0.9781930005810960
29821051_AI.txt,AI,7.4879620321080600,179.5151796585360,0.02212699135676610,0.4443421328089090,0.46750524109014700,0.08421052631578950,0.5429769392033540,0.6539968022993980,0.986974407232855
29825044_AI.txt,AI,7.407855167006880,169.81912889968000,0.015260577106208000,0.8072535395703540,0.546875,0.028795811518324600,0.6328125,1.1323720849361700,0.9791182008238420
29839396_AI.txt,AI,7.727503644897590,211.9387598326430,0.009077088050330670,0.3149133010990940,0.5404255319148940,0.06196581196581200,0.6191489361702130,0.6496499736590760,0.9637131165406350
29865476_AI.txt,AI,7.65572782254983,201.65254766529200,0.025335366668279700,0.33579157364827200,0.4658273381294960,0.06678700361010830,0.5503597122302160,0.6386808030534900,0.9299478113424370
29878348_AI.txt,AI,7.268737511982660,154.2083966548160,0.013284879287624500,0.4592225636687110,0.5192307692307690,0.055248618784530400,0.5961538461538460,0.7160852892395180,0.9495707454080530
29894080_AI.txt,AI,7.289083011129210,156.3985157585930,0.01223713002588140,3.032348984979200,0.4550898203592810,0.1062124248496990,0.5069860279441120,0.8028184634910340,0.9692058576740880
29897742_AI.txt,AI,7.454744814099910,175.4291661386560,0.010260262668742300,0.5583012935385820,0.47844827586206900,0.04329004329004330,0.5581896551724140,0.8429653068177160,0.9701819481780870
29908929_AI.txt,AI,7.805707788923810,223.74440386150200,0.012628295963422700,0.5612826775337850,0.46254071661237800,0.06209150326797390,0.5423452768729640,0.8919444068865940,0.9470715220417560
29915354_AI.txt,AI,7.65981151209463,202.22415355364200,0.012636325013593000,2.5927378735521000,0.46875,0.050522648083623700,0.5503472222222220,0.9834702229621710,0.9462798601556850
29926588_AI.txt,AI,7.446575410540760,174.43858837945400,0.016601119356246900,0.7124204594547820,0.49130434782608700,0.06550218340611350,0.5717391304347830,1.0379817428370600,0.9172629046993940
29928796_AI.txt,AI,7.218052040753390,148.88473577678400,0.008483495549162130,0.41689997006705400,0.48509485094850900,0.05449591280653950,0.5826558265582660,0.4917321583607600,0.9476892386862480
29930479_AI.txt,AI,7.187030507676310,145.7175170767660,0.04103768247487410,0.7015377554313450,0.45202020202020200,0.07614213197969540,0.5378787878787880,1.0445310581544100,0.9807524426277060
29968330_AI.txt,AI,7.400734652346790,168.98304058956100,0.015146118523370500,2.045481161970680,0.48314606741573000,0.04966139954853270,0.5640449438202250,0.757529530145932,0.9774093162944020
29975124_AI.txt,AI,7.398624532793990,168.73606269889000,0.027256629148830600,0.9336821408518560,0.37031484257871100,0.12180451127819500,0.42278860569715100,0.8504952258591300,0.988340718525495
29990140_AI.txt,AI,7.813356393596850,224.93375911633600,0.01630474539836270,0.6313643342785030,0.5295238095238100,0.06500956022944550,0.5961904761904760,1.166310149608310,0.9424467402388520
29992154_AI.txt,AI,7.423999125162290,171.73010064926100,0.007683695717349340,0.5037950549591740,0.48672566371681400,0.02666666666666670,0.588495575221239,0.90511851738907,0.9429968614751310
29998869_AI.txt,AI,7.406298881926340,169.63603789797900,0.04038553589044270,0.5448690458615840,0.3314447592067990,0.16619318181818200,0.40368271954674200,0.7342176951697620,0.9525705648353210
29999135_AI.txt,AI,7.314199120849150,159.14512132238000,0.01509473969592670,1.067861285644390,0.4719626168224300,0.08685446009389670,0.5373831775700940,0.7713429175680890,0.9889441540662770
30083884_AI.txt,AI,7.271136144099640,154.4649975737630,0.015375879146695600,0.32652218464428000,0.41541755888651000,0.06666666666666670,0.49464668094218400,0.6485302660644230,0.9861223730980720
30083943_AI.txt,AI,7.539460497442270,186.03889909096200,0.021324777734667100,0.3700004245501800,0.49547511312217200,0.06818181818181820,0.5882352941176470,0.7208222909195480,0.9755661117212220
30097175_AI.txt,AI,7.919033033379330,242.02848354942100,0.021668144155780300,0.3854987449680350,0.5111876075731500,0.07426597582038000,0.5800344234079170,0.6949749240662200,0.9548884802960830
30127072_AI.txt,AI,7.384152814779220,167.05192703062800,0.025659675706428100,0.3909357632256660,0.4573804573804570,0.07306889352818370,0.5467775467775470,0.746078718877809,0.9860731954598980
30128072_AI.txt,AI,7.220571091090150,149.14492643001700,0.021601388985138700,0.9716348427003370,0.576271186440678,0.006825938566552900,0.6508474576271190,1.3463493089120300,0.9780580933777230
30148777_AI.txt,AI,7.4723396604910400,177.58176803993300,0.012692298286339700,1.3317540576094100,0.4967032967032970,0.09271523178807950,0.5824175824175830,0.9818626486212610,0.9716875353386740
30163002_AI.txt,AI,7.475569793657330,177.97981154134100,0.021117416617297000,0.5318791215800820,0.5458937198067630,0.02912621359223300,0.6280193236714980,0.8182439791466770,0.9590994157194920
30223363_AI.txt,AI,7.674949502398730,204.35723381505300,0.015438981826842800,0.7766242433995640,0.45590994371482200,0.026365348399246700,0.5553470919324580,1.0925835589800600,0.9781316897722840
30288581_AI.txt,AI,7.383881150808760,167.0204735938540,0.019769810978715600,2.1265764420420800,0.4964871194379390,0.06588235294117650,0.5644028103044500,0.7372661421405890,0.9715523981648200
30304575_AI.txt,AI,7.680059330542010,205.08232245859100,0.024478225500047300,1.5230584018499500,0.45854483925549900,0.08488964346349750,0.5313028764805410,0.8938359127592620,0.9777053607094860
30311202_AI.txt,AI,7.51935240606838,183.46390036830000,0.01121427866946540,0.1946364820774240,0.45166959578207400,0.014109347442680800,0.539543057996485,0.5403169885584830,0.9842597981852690
30311725_AI.txt,AI,7.727250959261920,211.90164236216700,0.008666105820713940,0.3391239650137770,0.45705024311183100,0.07642276422764230,0.5364667747163700,0.7232186417059840,0.9568176889096710
30337969_AI.txt,AI,7.856384877142600,231.7434699654650,0.018840498299215600,1.037713823203390,0.48534201954397400,0.06862745098039220,0.5456026058631920,0.7154149965226090,0.9884003346148390
30344127_AI.txt,AI,7.666447469370950,203.1564655287140,0.014377441795388800,0.3420921677512950,0.47602131438721100,0.030303030303030300,0.5506216696269980,0.5799794976145720,0.9572996173294500
30361788_AI.txt,AI,7.40187834999429,169.11705514319200,0.014031951439542600,0.44089426653172800,0.5211267605633800,0.028328611898017000,0.6197183098591550,0.6377438999508990,0.972675019162755
30397268_AI.txt,AI,7.7127690566507000,209.78519492910800,0.015839163332682800,0.9181789688675250,0.5028790786948180,0.03468208092485550,0.5988483685220730,0.6943418149516350,0.9621025092448800
30430249_AI.txt,AI,7.51453085595228,182.85177940221400,0.009950824889957470,0.5073242713490120,0.47514910536779300,0.06187624750499000,0.5526838966202780,0.707846547517811,0.9584303814514810
30437583_AI.txt,AI,7.880219269395600,235.6038443161580,0.01720198780025760,1.1903649817437200,0.5109489051094890,0.04395604395604400,0.6003649635036500,1.0333044303174500,0.9654257083345040
30504149_AI.txt,AI,7.473481501744730,177.72237325914600,0.012982226654952400,0.5602773102791480,0.4517304189435340,0.029304029304029300,0.5291970802919710,0.5700232060868200,0.9740106903896560
30529547_AI.txt,AI,7.293764782639670,156.9068778646170,0.00820398489930755,0.40568409402923100,0.5247252747252750,0.03314917127071820,0.6236263736263740,0.7145713714514170,0.9638307742431440
30542184_AI.txt,AI,7.614660784645270,195.99333504840300,0.009272094410197000,1.154867273067260,0.5265306122448980,0.07172131147540980,0.5918367346938780,0.8470795063800760,0.9646056661234540
30563572_AI.txt,AI,7.424095113404040,171.7415269163080,0.03571689630904960,1.5890385693006800,0.43023255813953500,0.12062256809338500,0.5058139534883720,1.1055262352708300,0.9813365528826400
30594821_AI.txt,AI,7.0687680550090900,134.24904870421700,0.005183991769453730,0.19143836395506400,0.5793991416309010,0.04329004329004330,0.6866952789699570,0.3479899492941870,0.9263875578002830
30608780_AI.txt,AI,7.59717641352285,193.63237967592800,0.023192792596180700,0.6218507985543590,0.46863468634686300,0.07037037037037040,0.544280442804428,1.1207569599873800,0.9449886039426350
30642458_AI.txt,AI,7.881631560190920,235.83459582549700,0.007815336891547370,1.1536093519158500,0.5166402535657690,0.04451510333863280,0.5847860538827260,0.8632157393401920,0.9650239118677370
30646367_AI.txt,AI,6.937108692940400,122.53997848835200,0.022747559261341500,1.4645223981302800,0.36767676767676800,0.23732251521298200,0.4161616161616160,0.5473905037871630,0.9806649996324130
30709029_AI.txt,AI,7.611947104664500,195.62502208121500,0.018199568122645400,0.4580841417136980,0.41318327974276500,0.06612903225806450,0.5048231511254020,0.7549653895777170,0.9770652322368490
30713796_AI.txt,AI,7.274372165505240,154.81185746972000,0.0054581130942731000,0.27631446710386600,0.3706896551724140,0.29930795847750900,0.42758620689655200,0.49559786564127100,0.948659493087967
30741799_AI.txt,AI,7.601228332093790,194.17697532853100,0.014345681460774200,0.6809736855433770,0.4119496855345910,0.167192429022082,0.49842767295597500,0.9434699263664910,0.9544623125221530
30757456_AI.txt,AI,7.613350305464170,195.81538436585700,0.0261850335909354,0.6258984473207590,0.38342696629213500,0.09295774647887320,0.45786516853932600,0.924996767664867,0.9670683059794770
30813919_AI.txt,AI,7.5432338001497800,186.52611216249400,0.03168966416327780,0.5320620584327540,0.4448462929475590,0.11070780399274000,0.5171790235081370,1.1781398190458500,0.9820228259062100
30826569_AI.txt,AI,8.068442486062880,268.43751303156300,0.024957517376955200,0.591322393488648,0.5078909612625540,0.025899280575539600,0.5710186513629840,0.7377674640663670,0.9738555408462610
30862904_AI.txt,AI,7.678144401869240,204.8102916474960,0.012177100252401200,0.9565821089539430,0.4241960183767230,0.030721966205837200,0.5038284839203680,0.8839640741545660,0.9809295744054310
30863060_AI.txt,AI,7.563269838132460,189.13464410922100,0.012842247570747600,0.3153524964139050,0.46254681647940100,0.09962406015037590,0.5355805243445690,0.4723035154883160,0.9951878282799510
30864828_AI.txt,AI,7.4492353714140300,174.76050522137200,0.016488108142892300,0.7533182617815950,0.45155038759689900,0.08560311284046690,0.5271317829457370,0.9213794985660260,0.941294706828723
30938994_AI.txt,AI,7.608269372274530,195.12696794254100,0.010176011818453500,0.44269187086866900,0.4288052373158760,0.029556650246305400,0.5253682487725040,0.5730390376632380,0.9626241954518690
30965258_AI.txt,AI,7.7926792342635800,221.73293013096200,0.01324543240209690,0.8995992520784490,0.4958813838550250,0.06446280991735540,0.5683690280065900,0.7853075980061360,0.9532782633009780
30968749_AI.txt,AI,7.652459917188120,201.19629347167800,0.012947012656765400,1.0600453511325500,0.5093555093555090,0.04592901878914410,0.604989604989605,0.7585924576020440,0.9843239665741100
30990885_AI.txt,AI,7.423633146410650,171.68654217363000,0.031209712781207800,1.5053118171166100,0.5050251256281410,0.045454545454545500,0.5904522613065330,0.8561068074050160,0.9721868324203880
30999638_AI.txt,AI,7.467224380480640,176.95324160278300,0.010685012458442500,0.4225627666974000,0.5117370892018780,0.0330188679245283,0.5938967136150240,0.7366725723211530,0.946941240752601
31016926_AI.txt,AI,7.6911636255618900,206.6669132020440,0.027234698544665100,0.2496251939766730,0.39154929577464800,0.0748587570621469,0.47746478873239400,0.5142146168449870,0.9730933053691320
31025785_AI.txt,AI,7.786824520266020,220.83492169277100,0.014282853363428400,1.8626619645470800,0.49161073825503400,0.058922558922558900,0.5570469798657720,0.8326273603760510,0.972717032630846
31040875_AI.txt,AI,7.433119474624210,172.81917326354300,0.012207561000755800,0.5790615190271510,0.4889975550122250,0.044226044226044200,0.6014669926650370,0.5569727456155130,0.938967923858182
31042953_AI.txt,AI,7.622439095694800,197.05288966677300,0.057980262454905300,0.7571452500912420,0.4467713787085520,0.07705779334500880,0.5235602094240840,0.7468859166052570,0.951589292095545
31064969_AI.txt,AI,7.324461975124080,160.28126323702700,0.025668275718192500,0.22950733893855800,0.35590551181102400,0.21484992101105800,0.4125984251968500,0.7051890431530920,0.9746897478139130
31111279_AI.txt,AI,7.547982980148240,187.14114562900700,0.027843190550880100,1.1405178644039100,0.4009508716323300,0.04769475357710650,0.49445324881141000,0.9900838367135080,0.9663658960906280
31114531_AI.txt,AI,7.5362488416747200,185.62520920840700,0.008016554434954530,1.0142282219510700,0.4906054279749480,0.07337526205450730,0.5720250521920670,0.6631612339982840,0.9860433619176890
31162167_AI.txt,AI,7.7586037584746500,216.55711434909400,0.019214337913658800,0.43411423379780400,0.5205992509363300,0.06015037593984960,0.6048689138576780,0.7059929233019850,0.9497636004473430
31169070_AI.txt,AI,7.504264835296320,181.55524957607000,0.010609464449425900,0.2595113389154690,0.35907859078590800,0.1671195652173910,0.42140921409214100,0.3622051589495570,0.9516315163728600
31199035_AI.txt,AI,7.087013973095770,135.95769267129100,0.009150077902951420,0.5430621146961570,0.5335689045936400,0.03558718861209970,0.6431095406360420,0.7581348592564060,0.9556870319418940
31201660_AI.txt,AI,7.921680322184480,242.47300403640000,0.01735988868294430,1.0127598775912700,0.5100334448160540,0.0738255033557047,0.5936454849498330,1.3034199598296900,0.9567116266559180
31211074_AI.txt,AI,7.702016425087990,208.22744537851000,0.018445256597322200,0.4966929886389120,0.5048169556840080,0.10058027079303700,0.5992292870905590,0.72004042850529,0.9479698674624690
31217840_AI.txt,AI,7.7977391104682700,222.5119658281320,0.016104053589818800,1.532552618255190,0.4315068493150690,0.061813186813186800,0.5082191780821920,0.7623701979455110,0.9815411848741710
31220062_AI.txt,AI,7.502170907906330,181.2919314472160,0.01633316580747660,0.27812969672637300,0.43993231810490700,0.0730050933786078,0.5194585448392560,0.6658693273068690,0.9736016997786390
31225895_AI.txt,AI,7.714427620008840,210.0265086553160,0.008763891875010440,0.5209488237312680,0.5091575091575090,0.022058823529411800,0.6007326007326010,0.8734888874859440,0.9624451727180650
31242382_AI.txt,AI,7.617680325311920,196.40397595724100,0.04044814544591890,0.3735579179257260,0.43305785123966900,0.1044776119402990,0.5223140495867770,0.7364024559998550,0.9775093285025910
31243710_AI.txt,AI,7.466127010742270,176.81869528907500,0.03487408472724910,1.778225464718610,0.42727272727272700,0.1678832116788320,0.48363636363636400,0.9753033687817470,0.9782874080196160
31273310_AI.txt,AI,7.816663762714090,225.450009839375,0.02889902246612480,0.42659705634268700,0.43731778425656000,0.07163742690058480,0.5262390670553940,0.8120879769799140,0.9390797022323430
31273413_AI.txt,AI,7.796329215988660,222.29461902898300,0.039114281318274800,0.8224543335643020,0.5066006600660070,0.033112582781457000,0.5759075907590760,0.7625687036207230,0.9622899235859200
31292364_AI.txt,AI,7.922372668119330,242.58939418247700,0.02540498322602380,1.1583702494764100,0.4960254372019080,0.05741626794258370,0.5707472178060410,1.4954731917257700,0.963387558451666
31362807_AI.txt,AI,7.436192179097340,173.18764208655400,0.010192827142855600,0.8636472913814270,0.400352733686067,0.06371681415929200,0.48677248677248700,0.6142994429466350,0.9433112299791400
31392754_AI.txt,AI,7.614313544891770,195.94616743095200,0.019029364182526500,0.4093603899885730,0.5122950819672130,0.03292181069958850,0.5942622950819670,0.6381656086828300,0.9864093035173520
31395710_AI.txt,AI,7.328057908953070,160.6812644087090,0.020918250448687000,1.289181949328940,0.4123505976095620,0.132,0.5079681274900400,0.6175275600064930,0.9625465934185230
31395742_AI.txt,AI,7.469381477033550,177.21801740014600,0.023125236755904200,1.09191920108378,0.4473684210526320,0.03962264150943400,0.5244360902255640,0.8196783427658300,0.9715904405679460
31454430_AI.txt,AI,7.188560302216280,145.8721139149630,0.011530009070845500,0.5105987335489200,0.45202020202020200,0.11928934010152300,0.5505050505050510,0.821451358959172,0.9636555172748650
31536294_AI.txt,AI,7.780446826828850,219.86083576909700,0.014501031203374900,0.597200591120463,0.4966216216216220,0.0576271186440678,0.5625,1.0559280096838800,0.9760985434894520
31547476_AI.txt,AI,7.443524761720130,174.07011921185000,0.012596015405797000,0.8578321929598610,0.4666666666666670,0.07707910750507100,0.5333333333333330,0.8020863520031920,0.9661142220817070
31552617_AI.txt,AI,7.595510051809100,193.40885682177000,0.019005791204222500,2.0501435442538700,0.5294117647058820,0.08226221079691520,0.6445012787723790,0.8124857196625960,0.9700127635330220
31556198_AI.txt,AI,7.3619732533943300,164.50336138499700,0.016114876916958600,1.7702809831827400,0.4197292069632500,0.0912621359223301,0.5029013539651840,1.0111714393162500,0.9525762222713460
31602598_AI.txt,AI,7.656925517974090,201.82002492575100,0.017896991363415700,0.7330150460795880,0.5103305785123970,0.024896265560166000,0.5929752066115700,0.7188057491042880,0.9864192975096160
31605080_AI.txt,AI,6.759263534485240,108.32808665263800,0.0345350747986502,1.8703152049685200,0.5,0.11068702290076300,0.5757575757575760,1.0260476753400400,0.9915758303953920
31638814_AI.txt,AI,7.121550515934240,139.25164072664100,0.0077795322824713100,0.3862568845625990,0.4661016949152540,0.0625,0.5621468926553670,0.6169620579993950,0.9698007943207510
31677347_AI.txt,AI,7.553586135389800,187.86937976379800,0.014241713521244700,3.2499155332147800,0.4654205607476640,0.0975609756097561,0.5327102803738320,1.0085819600787100,0.9532358064578660
31684925_AI.txt,AI,7.629265847617960,197.9875424940880,0.030906607324175700,0.8117591078436860,0.4657762938230380,0.04690117252931320,0.5409015025041740,0.6585455805945470,0.9575908904780050
31694970_AI.txt,AI,7.8705009457920700,234.02209644932400,0.022820216112604700,1.061574431735310,0.47085201793722000,0.0734632683658171,0.5351270553064280,0.8111263518688890,0.971556774125378
31710562_AI.txt,AI,7.563853863243800,189.2112242174880,0.040633266218484700,0.33867452123870600,0.4028436018957350,0.1109350237717910,0.4786729857819910,0.8838462593675070,0.9919548916343150
31761591_AI.txt,AI,7.69954897088987,207.8716164965610,0.014486532927318900,0.4295719079336900,0.3988919667590030,0.05555555555555560,0.4916897506925210,0.7680191862269140,0.9229280943891780
31813535_AI.txt,AI,7.819718009396000,225.927802661888,0.019098823581959800,1.7480289821979200,0.4416403785488960,0.04746835443037980,0.5394321766561510,1.1022068992017,0.9449998808755150
31850269_AI.txt,AI,7.713435966224440,209.88219401295900,0.047861083468788100,0.7760572874548230,0.5334728033472800,0.023109243697479000,0.604602510460251,1.1099029368218400,0.9627604640872820
31909493_AI.txt,AI,7.805238506919460,223.67163578229700,0.012052507121901100,0.2689310998607720,0.38219895287958100,0.05249343832021000,0.4725130890052360,0.44261832657109900,0.9712719518192440
31926950_AI.txt,AI,7.678353495083480,204.83997744002200,0.009360944312102780,0.42543244089083000,0.45233968804159400,0.08,0.5424610051993070,0.6001957231750250,0.967889247507732
31929166_AI.txt,AI,7.478545979798140,178.34735130459800,0.013064856386862200,0.38443594365081200,0.4852941176470590,0.06540084388185660,0.5672268907563030,0.7955791558249600,0.9581647238931420
31948488_AI.txt,AI,7.573041116975200,190.41998850593500,0.028528049130343900,0.5184760458705270,0.4612546125461260,0.04259259259259260,0.5498154981549820,0.7430897004907660,0.9782638140831420
32025286_AI.txt,AI,7.565297235215350,189.40061894799300,0.018092455674271800,0.44197321612060500,0.4446308724832220,0.04713804713804710,0.5134228187919460,0.7221306316984240,0.9712901721804510
32042584_AI.txt,AI,7.617791024239550,196.419046740083,0.009478355700233020,1.1943837151377300,0.4988662131519270,0.06150341685649200,0.5895691609977320,0.5069903222320480,0.9568948812882220
32067700_AI.txt,AI,7.522208142449410,183.8274168443380,0.032889809179333100,0.34773057856315500,0.4931506849315070,0.05963302752293580,0.589041095890411,0.7660175555179790,0.9545959388421810
32069695_AI.txt,AI,7.706462132143520,208.87009401659400,0.012267866779247000,0.39444767151509500,0.44345238095238100,0.08208955223880600,0.5089285714285710,0.6572488760033350,0.9741434024461190
32081266_AI.txt,AI,7.6747596337321000,204.33034075638800,0.02174982129448020,0.38462858961436300,0.4118476727785610,0.12164073550212200,0.48660084626234100,0.576911718483847,0.9701078942175660
32109048_AI.txt,AI,7.548471723012710,187.2045543130170,0.01716578416090440,0.4166046880620500,0.5227765726681130,0.08278867102396510,0.6008676789587850,0.7120341187603780,0.8942778689361390
32140087_AI.txt,AI,7.7156355692513600,210.20243467909200,0.058845247983933400,1.1984943242671700,0.4090909090909090,0.06231003039513680,0.4984848484848490,1.5354783935347600,0.9665524846164860
32219038_AI.txt,AI,7.611342794562780,195.54309664463300,0.00837767606174686,1.956710705629940,0.5317796610169490,0.0425531914893617,0.6101694915254240,1.0295271139230000,0.9595034511501590
32265203_AI.txt,AI,7.341904294391650,162.23084038216500,0.013871807953763700,0.41284104954357300,0.5,0.0273972602739726,0.5704545454545450,1.1055237515094400,0.9656104632966950
32308556_AI.txt,AI,7.074787155332440,134.8103222067220,0.030810978573232000,0.5710247203819110,0.4807121661721070,0.05373134328358210,0.5637982195845700,1.1044662924923200,0.9568952107526890
32318506_AI.txt,AI,7.1644281032482900,143.45238095460500,0.01698291094451100,0.4631091739814570,0.4720812182741120,0.14285714285714300,0.5583756345177670,0.7591218695571900,0.9611197547151800
32385553_AI.txt,AI,7.454469623003100,175.39570657912200,0.025573471504587100,0.8131221346555890,0.48466257668711700,0.03490759753593430,0.556237218813906,0.8786574738280350,0.9619684000791420
32433431_AI.txt,AI,7.596284133636730,193.51265869888500,0.012811155286184700,0.3926975005510790,0.4430604982206410,0.06607142857142860,0.5195729537366550,0.5271336303766090,0.954038256496125
32441790_AI.txt,AI,7.6250794705232300,197.41385984960200,0.0073802537533624200,0.6047624069270120,0.5296523517382410,0.024640657084188900,0.5950920245398770,0.8797361398602230,0.9573315430393780
32517106_AI.txt,AI,7.676445432628700,204.5692416907280,0.01658721301298030,1.2071088257324300,0.5107632093933460,0.060903732809430300,0.5909980430528380,1.0157010929421400,0.9618544524288280
32518109_AI.txt,AI,7.243881611700510,151.5743275393750,0.013606826833461600,0.2662229007721790,0.5590277777777780,0.04895104895104900,0.6840277777777780,0.43425314661684200,0.973139371864482
32531824_AI.txt,AI,7.353476577193950,163.5373748870880,0.0056030336623365200,0.2927608595431020,0.5013477088948790,0.02710027100271000,0.6091644204851750,0.42608426663373500,0.9760751715289170
32532982_AI.txt,AI,7.5719348517916800,190.27402955231800,0.034968996097759400,0.30910226757874900,0.38333333333333300,0.20891364902507000,0.4486111111111110,0.368315259347477,0.983061423721345
32563518_AI.txt,AI,7.845620543608340,230.02080458396400,0.013417240661608900,0.5050661937921900,0.4812398042414360,0.04582651391162030,0.5628058727569330,0.6573086714057760,0.9256458598274140
32605413_AI.txt,AI,7.817675617675580,225.60818791709700,0.00983743383497025,0.6873568684192780,0.48392282958199400,0.0064516129032258100,0.5707395498392280,0.9464973976772930,0.9590167038626330
32636041_AI.txt,AI,7.840258226356430,229.16743290692400,0.01480660001183180,1.8132908294774000,0.4821150855365470,0.0748829953198128,0.5489891135303270,0.7334210911020970,0.9611112716197840
32637306_AI.txt,AI,7.636036222912660,198.91885516279500,0.009805281616847030,0.5497768863757480,0.40493468795355600,0.08005822416302770,0.46879535558780800,0.5373349369472630,0.9612658852940290
32651555_AI.txt,AI,7.686039163078220,205.93413312736100,0.021619033432462600,1.9016228337017300,0.5027726432532350,0.03710575139146570,0.5637707948243990,1.003506277798130,0.9664647572061370
32720816_AI.txt,AI,7.505498908342350,181.71061733393200,0.026597672285060500,0.9199732039034520,0.5098468271334790,0.04395604395604400,0.5908096280087530,0.6486176399094220,0.9355089951084450
32773331_AI.txt,AI,7.519763443525960,183.51617841503500,0.013106878029917500,1.0656720602209100,0.4362068965517240,0.08304498269896190,0.503448275862069,1.0377552983352500,0.9580666134678010
32794700_AI.txt,AI,7.603702664203430,194.51028940972900,0.010436822885446700,0.4092870770629010,0.5771971496437060,0.02386634844868740,0.667458432304038,0.5259772385097090,0.9539824966798850
32799518_AI.txt,AI,7.7345857783442800,212.98171672606500,0.018443094613162400,0.35683271385106700,0.556745182012848,0.008602150537634410,0.6466809421841540,0.5827281276286000,0.950789288526003
32802563_AI.txt,AI,7.421943700735070,171.48560898121600,0.010156953263836000,1.386558872907550,0.473568281938326,0.05088495575221240,0.5770925110132160,0.8893062751234050,0.9556769444965970
32896934_AI.txt,AI,7.425273514242200,171.881863597797,0.012968715553108400,0.3062391007585890,0.421455938697318,0.07692307692307690,0.4942528735632180,0.5919455320274280,0.9901852444741230
32947778_AI.txt,AI,7.6743780963008400,204.2763103734110,0.013698257656705500,1.2927309287657800,0.4178885630498530,0.06470588235294120,0.5043988269794720,0.7622567676398120,0.9667372350468470
32954522_AI.txt,AI,7.3921023276154200,167.9749543092990,0.009384126016528260,0.32054894117287300,0.4964705882352940,0.03309692671394800,0.5929411764705880,0.6608263029835690,0.939105614129438
32959732_AI.txt,AI,8.002808351693920,256.49881521061500,0.010640603033619500,0.5182686998739860,0.38852097130242800,0.07190265486725660,0.4757174392935980,0.8889998578736550,0.9282487613621660
32965335_AI.txt,AI,7.608287169659710,195.12937508412700,0.010938060268694800,1.418764060519960,0.41910631741140200,0.04945904173106650,0.4946070878274270,1.020896294669530,0.9796088090507360
32977530_AI.txt,AI,7.664898291298890,202.9384314912500,0.016564961422172800,0.31845424490492800,0.4762773722627740,0.04395604395604400,0.5638686131386860,0.5763356680787080,0.9432930145552720
32980197_AI.txt,AI,7.723636865436900,211.3714721231320,0.025800682509889200,0.27000745321527100,0.4599659284497450,0.023931623931623900,0.5587734241908010,0.5346744659662500,0.9426497937248320
32985311_AI.txt,AI,7.49100850499336,179.89465414048800,0.010284390920954700,1.964240720553510,0.5792682926829270,0.03987730061349690,0.6707317073170730,0.8064627454841470,0.981380384205228
33023370_AI.txt,AI,7.538361001903950,185.89717058363200,0.020061886155395400,0.3153523259052480,0.460431654676259,0.07942238267148020,0.5287769784172660,0.47499407999523700,0.9625085174425710
33072201_AI.txt,AI,7.648521222535020,200.64775757624800,0.03137358733578670,0.6146093681414140,0.4554794520547950,0.07388316151202750,0.541095890410959,0.8894625575380320,0.9510871333468560
33135102_AI.txt,AI,7.444191482070780,174.15058175491800,0.03928267925153420,0.8790398927420000,0.4155844155844160,0.1527001862197390,0.5064935064935060,0.8780330031262300,0.9617364094250090
33141415_AI.txt,AI,7.640477489761050,199.53216076101000,0.00847050671564507,0.8718256665239600,0.5339366515837100,0.05454545454545450,0.6131221719457010,0.8006973504512860,0.9501706804928390
33176873_AI.txt,AI,7.6353401870094000,198.82290884886100,0.014121326638249900,0.39373396617138700,0.46153846153846200,0.06208053691275170,0.5250836120401340,0.4589630391709500,0.9599077298499980
33236701_AI.txt,AI,7.554201101640780,187.94947843476600,0.009832289399034990,0.4443465636813400,0.5,0.044897959183673500,0.5772357723577240,0.7503238683416840,0.9401320213428120
33241454_AI.txt,AI,7.56204378981867,188.9739797277520,0.01515629692972000,1.439588882360280,0.4621359223300970,0.04678362573099420,0.545631067961165,0.6479495979186810,0.9398940709878890
33286293_AI.txt,AI,7.782963394173580,220.24468504760000,0.018965690713217500,1.5197025596399100,0.586046511627907,0.053738317757009300,0.6767441860465120,0.8136603100929120,0.9860878848616420
33344933_AI.txt,AI,7.977538279487900,252.04513187957200,0.016289510555920000,1.8146204681246100,0.42752740560292300,0.09401709401709400,0.5115712545676000,1.0731685129230600,0.9810948081788320
33370664_AI.txt,AI,7.64117196282063,199.6282330863350,0.019152755489001800,0.47129751113574300,0.49454545454545500,0.021897810218978100,0.5818181818181820,0.8740544977852000,0.9643021032418660
33381211_AI.txt,AI,7.698144448237400,207.66934344902400,0.038970952312648000,1.3391728720963300,0.3838526912181300,0.09943181818181820,0.471671388101983,0.9049266055030990,0.9508796555263030
33424600_AI.txt,AI,7.304194097496380,158.0452753682650,0.04131455115883240,0.7209416169990570,0.40974729241877300,0.1431159420289860,0.47833935018050500,0.44511426892998500,0.9656827398909650
33527446_AI.txt,AI,7.52757105635882,184.5120280760540,0.014138618125955000,0.5556823689589080,0.43103448275862100,0.058823529411764700,0.5206896551724140,0.8001810222594630,0.988486247472757
33542483_AI.txt,AI,7.693797963675870,207.04462843243300,0.017276134361120900,0.8115204368280110,0.4122137404580150,0.07350689127105670,0.49923664122137400,0.7130058676380500,0.9692849286266070
33578873_AI.txt,AI,7.240446057310980,151.21380622995000,0.009403143873788800,0.3063171941363390,0.4903581267217630,0.0443213296398892,0.5840220385674930,0.4859897662145180,0.8950304707032690
33627938_AI.txt,AI,7.452129169590920,175.11139654050500,0.012386435115237100,1.404592248633400,0.42320261437908500,0.06721311475409840,0.49836601307189500,0.6812611910904620,0.9902534433130550
33665485_AI.txt,AI,7.664423994308690,202.8717249009510,0.009709219189897370,0.7493991748024730,0.4578096947935370,0.06666666666666670,0.533213644524237,0.6422238068263510,0.9853085476073020
33685075_AI.txt,AI,7.886783238305330,236.67823615130600,0.01229713755533590,1.485288924172190,0.4482758620689660,0.09510086455331410,0.5316091954022990,0.7226146580583260,0.968985666907618
33685988_AI.txt,AI,7.538657284605170,185.93535174479400,0.006619178903465730,0.328171274253174,0.49137931034482800,0.03896103896103900,0.5775862068965520,0.544821321722234,0.9839527089518860
33704389_AI.txt,AI,7.390858355872420,167.8301794054640,0.024270844324045700,1.132323099696760,0.4161616161616160,0.0486815415821501,0.5232323232323230,0.8288810923321170,0.9694077764141740
33750209_AI.txt,AI,7.631901490600540,198.34957425421600,0.01425227424577260,0.335107571570647,0.4670138888888890,0.05574912891986060,0.5399305555555560,0.8110829186342210,0.9527655119324090
33803142_AI.txt,AI,7.497588675267320,180.71703243931100,0.017903831248518600,0.43851984596204500,0.40625,0.09075907590759080,0.4753289473684210,0.8505417738834200,0.9370393173001440
33872500_AI.txt,AI,7.850907505703330,230.86529511841600,0.015663225642346500,0.3935934931327470,0.48205928237129500,0.026604068857590000,0.5850234009360370,0.6270148083550780,0.9827886046116060
33893326_AI.txt,AI,7.765425491310270,217.58352181256500,0.00873925042799951,2.4708651259920500,0.4927797833935020,0.03260869565217390,0.5703971119133570,0.8603951829543210,0.9850409224756840
33919379_AI.txt,AI,7.046886377953100,132.2282273412280,0.015030549363934400,0.4000535112156760,0.47752808988764000,0.1016949152542370,0.550561797752809,0.8424189892932800,0.9694724712413450
33964275_AI.txt,AI,7.896084522205650,238.20906775787500,0.014729605533292900,0.5678732686216460,0.5067796610169490,0.061224489795918400,0.5949152542372880,0.6631304365818500,0.9647726864346160
34033933_AI.txt,AI,7.645833419299280,200.27429012995000,0.015644856540914600,1.65062375560033,0.49387755102040800,0.0389344262295082,0.5775510204081630,0.8217354081447750,0.9555833083871320
34046031_AI.txt,AI,7.749439506069770,215.18586532433200,0.012763172824518600,0.4556545094400220,0.46869983948635600,0.0322061191626409,0.536115569823435,0.6960786634391770,0.98081348659196
34051710_AI.txt,AI,7.489457592623630,179.70136940202900,0.06917062345700350,0.5004813049829740,0.4342857142857140,0.1491395793499040,0.5142857142857140,1.1908568475669800,0.985157283252748
34131484_AI.txt,AI,7.292214977367420,156.73841222784700,0.00999477898094387,0.44089422630032000,0.4960835509138380,0.026246719160105000,0.5848563968668410,0.8193238945782690,0.9565771668178710
34141299_AI.txt,AI,7.589274706723660,192.5747452660760,0.00721366032391347,0.9987448051998930,0.5612009237875290,0.02320185614849190,0.6397228637413400,0.6814895025541060,0.968813097166936
34146825_AI.txt,AI,7.548949617726870,187.26657635067600,0.00853986069868062,0.44809047531058300,0.48590021691974000,0.015250544662309400,0.5921908893709330,0.6297654887673750,0.9608761053189290
34151183_AI.txt,AI,7.886291580595520,236.5975920439400,0.018233339140042100,0.45471664645858200,0.4670571010248900,0.06461086637298090,0.5387994143484630,0.771255373519846,0.969639374598002
34185495_AI.txt,AI,7.747971617333680,214.96703302716700,0.015385353197871900,2.6101360411796700,0.4943609022556390,0.06037735849056600,0.5639097744360900,0.836594890594356,0.9855506134314620
34198885_AI.txt,AI,7.542333373189600,186.40973223870600,0.017109353864892800,0.4514358136576990,0.45489443378119000,0.08092485549132950,0.5335892514395390,0.6343819983486520,0.9855031569429680
34250007_AI.txt,AI,7.683843199326470,205.62091385200900,0.010856365334893000,0.2128037126788370,0.4686971235194590,0.057724957555178300,0.5414551607445010,0.41016948184782800,0.9845990510273120
34252537_AI.txt,AI,7.340170152843640,162.0359535778150,0.015060324804155000,0.44989863458118900,0.41916167664670700,0.11623246492986000,0.5109780439121760,0.9157562341408760,0.9606021463453740
34303500_AI.txt,AI,7.927151655535850,243.39431408477600,0.008872216488348230,1.1495997958436700,0.5215146299483650,0.025906735751295300,0.6144578313253010,0.9990227189520860,0.9414554900032300
34304175_AI.txt,AI,7.714807216102630,210.0817772529260,0.01853640053578040,0.4018733759971190,0.5063063063063060,0.059674502712477400,0.554954954954955,0.5267103022297940,0.9316277847375190
34317538_AI.txt,AI,8.051520608235070,265.3073084987740,0.040855174808082400,2.825185093365450,0.42338251986379100,0.17861205915813400,0.4858115777525540,1.382503836909000,0.9930609903207820
34319869_AI.txt,AI,7.644639948710310,200.10868157780800,0.015446093200132600,0.28240877873682900,0.4510433386837880,0.05475040257648950,0.5088282504012840,0.3797951467129010,0.9878768922779640
34327438_AI.txt,AI,7.834816152938920,228.30460556047600,0.02446288086754740,2.0778452636930100,0.4742765273311900,0.056451612903225800,0.5514469453376210,0.7116732332363850,0.9759253218799940
34349255_AI.txt,AI,7.039278651124680,131.53278685062400,0.010284443047592600,0.2532816784395670,0.3877551020408160,0.11389521640091100,0.4897959183673470,0.5687516784692550,0.9541509981319420
34419403_AI.txt,AI,7.328149048310620,160.6914154450460,0.011096703302474400,0.4045642920597330,0.5096618357487920,0.014563106796116500,0.5917874396135270,0.757659755621952,0.9628611030291870
34452806_AI.txt,AI,7.713707204110400,209.92165720703800,0.009918715617513050,0.6964871433690720,0.48091603053435100,0.007662835249042150,0.5992366412213740,0.790517587074837,0.9607821913977230
34465087_AI.txt,AI,7.707121483999830,208.9655752900390,0.01536038462420230,0.8889980250961290,0.5271028037383180,0.0225140712945591,0.6149532710280370,0.784920113172324,0.9571354839951060
34511655_AI.txt,AI,7.591039869050210,192.81050799698000,0.019435743463797000,0.33105368721765100,0.40279937791601900,0.0686427457098284,0.49611197511664100,0.6140054278124540,0.9644523024472000
34544955_AI.txt,AI,7.52712729848116,184.45528283714900,0.020687756773835700,1.2721712473185500,0.4473229706390330,0.1369150779896010,0.5112262521588950,1.104987067485620,0.9879432155427770
34554248_AI.txt,AI,7.62663080571905,197.62625386072000,0.012077763683707900,0.3601160797131080,0.48028673835125400,0.0539568345323741,0.5609318996415770,0.5158911350491730,0.9564978959093170
34583750_AI.txt,AI,7.287695036411870,156.24812167583400,0.016074991914602100,0.35499061895527000,0.4113785557986870,0.05714285714285710,0.5229759299781180,0.4443286597751260,0.9289978843581550
34594746_AI.txt,AI,7.6830162776513200,205.50309015013700,0.013086028987765400,0.34702147786985500,0.47232472324723200,0.04814814814814820,0.577490774907749,0.716100247559932,0.9339112483867780
34657584_AI.txt,AI,7.449492767531220,174.7916876176530,0.012521090206932200,0.6670731155520560,0.4866666666666670,0.10491071428571400,0.5533333333333330,0.7806078778771270,0.9846806643685860
34689720_AI.txt,AI,7.5752155667707300,190.70720852655100,0.02396130679778620,1.0043969666096300,0.3939393939393940,0.0929054054054054,0.5,0.6270010610966310,0.9909651016458180
34712719_AI.txt,AI,7.807748688050560,224.06114640867400,0.050561210374411000,0.5697238864847400,0.5149384885764500,0.04409171075837740,0.6186291739894550,1.0838234084192200,0.9826873648025170
34740556_AI.txt,AI,7.555359476501070,188.10044823278800,0.020297650165364000,0.2765070712511330,0.4268707482993200,0.034129692832764500,0.5051020408163270,0.5351949952448550,0.9316665039316060
34745915_AI.txt,AI,7.563507861586920,189.16585111691900,0.012317188293655600,0.4011478854413980,0.42908438061041300,0.12972972972973000,0.5152603231597850,0.7144058483356990,0.9608576787066580
34758680_AI.txt,AI,7.495203268295660,180.4184749007290,0.022284703199553300,0.4088258925186720,0.4119601328903650,0.08833333333333330,0.49169435215946800,0.6636981634770570,0.9871496659404780
34783330_AI.txt,AI,7.716528175190440,210.33252869871700,0.021387569179773400,0.3053421415151120,0.4915254237288140,0.1054421768707480,0.5542372881355930,0.6648944404827090,0.9725387822078150
34792238_AI.txt,AI,7.658227308606040,202.0022158806960,0.008502496599345100,0.41666518128319000,0.45940959409594100,0.040740740740740700,0.5571955719557200,0.951515730498378,0.9539816438181160
34797369_AI.txt,AI,7.740239771649660,213.81804034687600,0.015070706801849000,0.5597840474575830,0.4554794520547950,0.07216494845360820,0.5496575342465750,0.7306926253558110,0.9511224376861100
34816637_AI.txt,AI,7.3805244225875600,166.63231767609700,0.011537697762130300,0.3452232104814300,0.4264705882352940,0.04430379746835440,0.5084033613445380,0.669582203200482,0.9865223532331780
34875813_AI.txt,AI,7.891340035323850,237.4269735312260,0.010049650496647500,0.18378732946603000,0.4175977653631290,0.04341736694677870,0.5111731843575420,0.4129736386938820,0.943008838565684
34953092_AI.txt,AI,7.427608541956480,172.16028271909100,0.013360387315422600,1.7282110458873500,0.5194174757281550,0.07073170731707320,0.5898058252427180,0.7393122250882880,0.9521597319078010
34962725_AI.txt,AI,7.3430906106493,162.3642963292720,0.02240447902382340,0.6445318021447630,0.454,0.22289156626506000,0.506,1.294476617898410,0.976236395376361
34970271_AI.txt,AI,7.564694686857470,189.32153140696700,0.013629947155988100,0.3779634189555540,0.4117647058823530,0.0920138888888889,0.5017301038062280,0.6029144093254390,0.9694072956602140
35121930_AI.txt,AI,7.629166169720440,197.97386371952500,0.011004223891695600,0.6208472774538180,0.4795539033457250,0.06529850746268660,0.5483271375464680,0.6421157516820440,0.9602183786439250
35157762_AI.txt,AI,7.305792993011910,158.22052928911900,0.038245098251949400,0.8169209748187120,0.4393939393939390,0.08478260869565220,0.512987012987013,0.721366509883681,0.9615538593314050
35164503_AI.txt,AI,7.844928601799360,229.91050902945500,0.012792327470848300,1.0608030894766100,0.5060034305317330,0.03098106712564540,0.5969125214408230,0.6020382197794100,0.9601810039958150
35172961_AI.txt,AI,7.888945045870090,237.03315269405200,0.034356574716487300,2.993947748790840,0.49282296650717700,0.1776,0.5311004784689000,1.32637478067231,0.9741539509785430
35302620_AI.txt,AI,7.46446079126747,176.61459901236500,0.009127708163428180,0.3761051681104300,0.4397905759162300,0.06654991243432570,0.5165794066317630,0.5754682976082900,0.9369082652720770
35325329_AI.txt,AI,7.655576517641720,201.63140014662800,0.01646484158753860,0.42500987441905300,0.46519524617996600,0.054514480408858600,0.533106960950764,0.8427733329508290,0.9237484540125530
35344611_AI.txt,AI,7.436768640247880,173.25685691927300,0.018095856507002000,0.9763497105458700,0.4064272211720230,0.056925996204933600,0.5066162570888470,0.6814420233212760,0.9707606175065270
35389360_AI.txt,AI,7.52087203440241,183.65724949405400,0.017281691173518100,0.46496392118783900,0.4612476370510400,0.06072106261859580,0.5425330812854440,0.9031593273981060,0.9760498321043370
35421497_AI.txt,AI,7.62180548057516,196.96636529873700,0.012860971366984600,0.4473445750968570,0.5083333333333330,0.02510460251046030,0.6104166666666670,0.8634714428933410,0.962525642360429
35422305_AI.txt,AI,7.871836686649860,234.23886965576300,0.012992547125234100,1.210509261783800,0.43413978494623700,0.04851752021563340,0.5161290322580650,0.6901013079335170,0.9713846108217540
35468363_AI.txt,AI,6.904641029707950,119.81303217412700,0.011280362852076200,0.1688141131380600,0.46402877697841700,0.12681159420289900,0.5575539568345320,0.3355943536601610,0.9880033139871540
35474904_AI.txt,AI,7.656183674970860,201.7162744569530,0.008656358048264470,1.4774796727295700,0.5029940119760480,0.028056112224448900,0.592814371257485,0.7478407360778440,0.9498150537901490
35483925_AI.txt,AI,7.609876675842050,195.3444796369760,0.01853527125163820,1.3183534723921000,0.4699248120300750,0.026415094339622600,0.5601503759398500,0.70324104632328,0.9744081323326130
35492909_AI.txt,AI,7.226315424383450,149.7399558934440,0.018494908762779100,0.6015670332545190,0.5153061224489800,0.046153846153846200,0.5841836734693880,0.8750911031289890,0.9803511563378050
35554162_AI.txt,AI,7.619609485314810,196.66678141818300,0.011072303952181100,0.3121244764171700,0.45569620253164600,0.036297640653357500,0.5424954792043400,0.5903005302110640,0.9726422447397390
35564026_AI.txt,AI,7.740406541863590,213.84275835060800,0.016508832689201000,0.5272105037779540,0.4572784810126580,0.08571428571428570,0.5363924050632910,0.8490861998324730,0.9607619541194890
35571205_AI.txt,AI,7.629615838811140,198.03557918939600,0.01036124581779390,0.31950879585060800,0.45797598627787300,0.05679862306368330,0.5351629502572900,0.6049334738846270,0.9497990774356190
35579812_AI.txt,AI,7.433595806154510,172.87624202028500,0.009590992713857650,0.29183827394463600,0.4777777777777780,0.029017857142857100,0.5711111111111110,0.6718548123582120,0.9696041667519250
35603950_AI.txt,AI,7.575915538968630,190.79975901635600,0.012062740099220500,0.6468598766295030,0.47843137254902000,0.07283464566929130,0.5568627450980390,1.0360347172800000,0.9486303378704720
35651876_AI.txt,AI,7.495031239342220,180.39696283466400,0.014401224439409000,0.2824200720829260,0.45663716814159300,0.019538188277087000,0.5327433628318580,0.5621876623367700,0.9451223705340090
35673335_AI.txt,AI,7.621743053097240,196.95784246678600,0.015182274846863600,2.323767177296040,0.4146341463414630,0.052202283849918400,0.4943089430894310,0.6623482436914430,0.9679160553521800
35737840_AI.txt,AI,7.590178038203330,192.69536209601000,0.00916650902846312,0.39855486979871700,0.48747591522158000,0.04448742746615090,0.5722543352601160,0.7563990217490440,0.9478358975279610
35971546_AI.txt,AI,7.887255036603280,236.75564866494500,0.017331019460245300,0.3596717145625440,0.4643377001455600,0.030656934306569300,0.5473071324599710,0.6858522315320800,0.973344446834477
35985133_AI.txt,AI,7.4958129237912400,180.4947324294400,0.015457068948856700,0.4576953853300590,0.4582560296846010,0.09683426443202980,0.5269016697588130,0.760938843617021,0.9712474031688780
35990852_AI.txt,AI,7.56042124981672,188.76156790327900,0.009435845620552640,2.263282184305800,0.4708249496981890,0.09494949494949500,0.5513078470824950,0.6675183400907170,0.9756016438076340
36019469_AI.txt,AI,7.945728676098690,246.5486727415840,0.0139794326357939,0.5556076817580300,0.3911525029103610,0.050175029171528600,0.4831199068684520,0.962522035053232,0.9572453975851760
36024962_AI.txt,AI,6.938155148237120,122.62889480383400,0.024034380524198600,0.4705259039033180,0.5285714285714290,0.05755395683453240,0.6107142857142860,0.9620839059961820,0.9862369888660430
36074301_AI.txt,AI,7.479776397097680,178.49952155770000,0.029877030808218900,0.8778810077089400,0.4594059405940590,0.061630218687872800,0.5188118811881190,1.0344920100120900,0.9583151166721890
36094883_AI.txt,AI,7.662843548550580,202.64960436182200,0.015439842272655400,2.212439780499480,0.46286701208981,0.07105719237435010,0.5371329879101900,0.8443089518902770,0.9824796506135960
36102323_AI.txt,AI,7.729639331344450,212.2527346625790,0.016110356142587300,0.6732038998773140,0.562,0.04216867469879520,0.626,1.0348107717516900,0.9538672273364480
36107065_AI.txt,AI,7.659497053922400,202.18008040854000,0.016844279339897200,1.3369990633921400,0.479933110367893,0.047058823529411800,0.5544388609715240,0.9375122188436060,0.9829853674301670
36136569_AI.txt,AI,7.691842290675350,206.7641552489950,0.017270342089562200,0.7862654445213410,0.4303599374021910,0.06436420722135010,0.5195618153364630,0.6031971555586420,0.959133265153259
36139251_AI.txt,AI,7.558660850460510,188.5313785151060,0.012084596786706400,0.29954712353236200,0.38953488372093000,0.06268221574344020,0.4752906976744190,0.4257696312277020,0.9682683941900940
36149549_AI.txt,AI,7.745996578026130,214.67294602674300,0.01202037975356040,0.6818457490040150,0.5497076023391810,0.05283757338551860,0.621832358674464,0.8924480779552190,0.9576127586286840
36170003_AI.txt,AI,7.420379554663570,171.29978787414100,0.006317425709519720,0.34055990580670000,0.4296875,0.09411764705882350,0.521484375,0.4787597697749340,0.9492548168755530
36206485_AI.txt,AI,7.567708361159830,189.71742225933200,0.010447256358486400,0.3234135778434350,0.4709090909090910,0.04562043795620440,0.5472727272727270,0.6112691714784900,0.9723567526792790
36252245_AI.txt,AI,7.599389718848110,193.92966806730200,0.007720761198024150,1.1900164709581200,0.4543795620437960,0.06227106227106230,0.541970802919708,0.6715123715923200,0.9508979836421700
36269672_AI.txt,AI,7.03517230645818,131.15893721462200,0.010898830408222100,0.2809157254143200,0.46774193548387100,0.07467532467532470,0.5709677419354840,0.44172804897898700,0.9493461110605990
36302399_AI.txt,AI,7.887841387855320,236.85189227947000,0.04152509574006970,0.5321862825214760,0.44,0.04871060171919770,0.5214285714285720,1.4233591323036500,0.9449003997404070
36331163_AI.txt,AI,7.319819763387000,159.76634932264200,0.011130631889084300,0.331518116122967,0.5010660980810230,0.057815845824411100,0.55863539445629,0.7271458821861300,0.97825725125331
36366044_AI.txt,AI,8.134953214737690,281.1026442835960,0.008751119762192210,0.3590876412081240,0.46143790849673200,0.07601572739187420,0.5555555555555560,0.5439112703615560,0.9542421498896700
36379931_AI.txt,AI,7.9279445716478900,243.5281222092890,0.013920369138098600,0.44395614259246700,0.5160771704180060,0.041935483870967700,0.6093247588424440,0.7023492314843780,0.9620377709427650
36392131_AI.txt,AI,7.651864518415080,201.11327709797800,0.020355510077677500,0.3958028194095660,0.44251968503937000,0.07424960505529230,0.5149606299212600,0.6046617370328910,0.9749847366897200
36425270_AI.txt,AI,7.631131651541860,198.2437608203790,0.027732473773990100,0.4621810423736870,0.5119047619047620,0.03187250996015940,0.5932539682539680,0.7616214638351500,0.9847159138057100
36434348_AI.txt,AI,7.384210831834880,167.05864505179900,0.018286000093321000,0.5251143504271450,0.425,0.07915057915057920,0.48653846153846200,0.8594660499552270,0.9736857116388470
36517781_AI.txt,AI,7.69268671266906,206.88521153709700,0.01015938341034590,0.2663729928710400,0.4590443686006830,0.053082191780821900,0.5324232081911260,0.45750360739673100,0.9702661155164390
36569713_AI.txt,AI,6.974363608746370,125.74555640330200,0.08308121319376350,3.0004343520393700,0.5514705882352940,0.13333333333333300,0.6286764705882350,1.4551440864339600,0.9715090140675820
36574147_AI.txt,AI,7.569894844962210,190.00516745473300,0.010916397062411900,0.34064831116722400,0.4387755102040820,0.10580204778157000,0.5136054421768710,0.3710767534351070,0.9784488727203890
36621169_AI.txt,AI,7.288137133096490,156.29600938569100,0.010274210917814500,0.5870886332573480,0.5449101796407190,0.08433734939759040,0.6197604790419160,0.6238771332559730,0.9606330194879600
36625776_AI.txt,AI,7.48902263090469,179.64719895526900,0.02140939287200000,0.30857696985689500,0.42402826855123700,0.09219858156028370,0.5053003533568910,0.5324772425338450,0.943921506152869
36671891_AI.txt,AI,7.909642021498920,240.4581510846030,0.01199735749547930,0.5910992123029220,0.4306930693069310,0.07816377171215880,0.5086633663366340,1.217517494988420,0.9572710968659870
36694627_AI.txt,AI,7.53811583270555,185.86558221142100,0.025636349648552600,0.4088442116647240,0.5406593406593410,0.026490066225165600,0.6021978021978020,0.6533474345658400,0.9649908656385190
36727173_AI.txt,AI,7.600488584978650,194.07743590189700,0.020422779775548300,0.6068527602117670,0.4878048780487810,0.06326530612244900,0.5772357723577240,1.3115814444348000,0.9630891447954830
36758947_AI.txt,AI,7.615145357987820,196.0591764732340,0.01203414094468940,1.0051588101146700,0.5154867256637170,0.06444444444444440,0.6039823008849560,0.8608010084306540,0.9638912040841340
36805025_AI.txt,AI,7.573127886713870,190.43144150816700,0.00920289824720984,1.603741471085020,0.43144424131627100,0.05504587155963300,0.5319926873857400,0.7530181407725260,0.9449763404117080
36856210_AI.txt,AI,7.707447565422760,209.01281153286400,0.007155559055415200,0.5154560608607450,0.4969574036511160,0.028513238289205700,0.5963488843813390,0.7926909174413930,0.963278922264677
36861863_AI.txt,AI,7.029112864717970,130.60921378599900,0.0160970029291513,0.310055976924815,0.5128205128205130,0.04428044280442800,0.6263736263736260,0.5244111404592900,0.9799777842353950
36868767_AI.txt,AI,7.6719866672557400,203.93797993652700,0.03826091275947740,0.47996564760377500,0.512014787430684,0.055658627087198500,0.5822550831792980,1.1449297773546400,0.977478310328966
36904300_AI.txt,AI,7.720833700050220,210.9611747798080,0.014478256661521300,0.43318595036969600,0.4308176100628930,0.083596214511041,0.5157232704402520,0.8111997004604230,0.962420147268457
36905896_AI.txt,AI,7.638478062084470,199.25582114041100,0.021071181571149300,0.3610617420880230,0.47593582887700500,0.07155635062611810,0.5490196078431370,0.46410981876645600,0.9500013445791760
36970996_AI.txt,AI,7.379177498180280,166.47681953480800,0.027788541379437800,1.0748963077903800,0.4696969696969700,0.07391304347826090,0.5584415584415580,0.7403473277972330,0.943034549057822
37001381_AI.txt,AI,7.393842019227590,168.1776311557230,0.022336702749121600,0.8122451567796750,0.4555984555984560,0.07945736434108530,0.5154440154440150,1.2469978557723900,0.9954402675608400
37058472_AI.txt,AI,7.45326216019479,175.2489706543510,0.0180945449415439,0.3974997809296380,0.4709418837675350,0.028169014084507000,0.5430861723446890,0.8219707055728420,0.9669314048556880
37087371_AI.txt,AI,7.529081274295410,184.7052770059790,0.03229875588475870,0.2957981237553910,0.466,0.082,0.5358565737051790,0.48587691208086500,0.9637599361264590
37087824_AI.txt,AI,7.462687790425470,176.39768172407100,0.017696029183869600,1.1300354637581600,0.4613821138211380,0.053061224489795900,0.5447154471544720,0.9873731270402140,0.9705957687851660
37201447_AI.txt,AI,7.62791438615027,197.80216218816300,0.013919824677785800,0.297990300927612,0.43902439024390200,0.06118881118881120,0.5156794425087110,0.7263755902040860,0.970358734012353
37220856_AI.txt,AI,7.67536677930192,204.41634948708400,0.025277097515530400,1.0802859456403500,0.4466338259441710,0.03459637561779240,0.5238095238095240,0.8823210521016580,0.9670856357298800
37231163_AI.txt,AI,7.424302633388270,171.76623231926400,0.011096501612942300,0.22809395347456800,0.49782608695652200,0.043668122270742400,0.5782608695652170,0.37881383453490000,0.9783950018700910
37242217_AI.txt,AI,7.846392425296270,230.14390499473000,0.015818208073840800,0.4483944584049050,0.45022288261515600,0.02384500745156480,0.5260029717682020,0.8791521391754760,0.9577385093408200
37263609_AI.txt,AI,7.232832260152640,150.41788017439100,0.0183447356925368,0.572135741792133,0.4312977099236640,0.19157088122605400,0.49809160305343500,1.3908370611440200,0.9855336355370900
37292350_AI.txt,AI,7.857629108644360,231.94341998377000,0.02149342562775180,0.4303918542331000,0.4725609756097560,0.06880733944954130,0.5457317073170730,0.5614063797505720,0.9419414211532940
37333719_AI.txt,AI,6.92095655777966,121.17569591867500,0.012130794446775000,0.524211116211918,0.4692556634304210,0.1237785016286650,0.5598705501618120,0.9324180053975350,0.9803860005136330
37335325_AI.txt,AI,7.9857624069972000,253.48602594429100,0.01847865931074920,0.44421429727538700,0.36100746268656700,0.1261682242990650,0.4300373134328360,0.5281637522880740,0.9764599556976250
37348041_AI.txt,AI,7.559522551652210,188.64401925721200,0.023105915237573000,0.42984029227867100,0.46706586826347300,0.04809619238476950,0.5568862275449100,0.9350029204410120,0.9862431028914050
37360517_AI.txt,AI,7.476351705226620,178.076299148756,0.013226591253005600,0.36486534696169900,0.5461346633416460,0.02506265664160400,0.6209476309226930,0.7347420611893290,0.9773256616363380
37370455_AI.txt,AI,7.578501844313890,191.1421106591410,0.020182879924425400,0.5408689715675810,0.4149443561208270,0.03827751196172250,0.48012718600953900,0.8727698275348970,0.9690288679249640
37374340_AI.txt,AI,7.491121209913220,179.90870825724700,0.009565820237840230,0.3553729718563710,0.5107296137339060,0.017241379310344800,0.5987124463519310,0.8500694060199890,0.9588886566286440
37375999_AI.txt,AI,7.514584303977410,182.85855370118900,0.012357076596230100,0.2607981824729140,0.4431818181818180,0.049429657794676800,0.5303030303030300,0.42174116783665000,0.959235505503052
37391947_AI.txt,AI,7.289603101954790,156.45490750765200,0.013414251433181500,0.32028301932139200,0.37702265372168300,0.15422077922077900,0.4546925566343040,0.5696552676768850,0.9712972350752400
37402097_AI.txt,AI,7.225352658714850,149.64006201974100,0.013652805119429800,0.7506441720048260,0.46601941747572800,0.051470588235294100,0.551219512195122,1.4073961173219700,0.9323223732979900
37472265_AI.txt,AI,7.449304008838890,174.76881979655900,0.017754207658049900,0.4370818674429460,0.40597539543058,0.10405643738977100,0.4797891036906850,0.7278654002047000,0.9705264902677060
37473139_AI.txt,AI,7.504992553228320,181.6468519830750,0.011523048426526900,0.6163060700270120,0.5,0.021834061135371200,0.5782608695652170,0.6708203932499370,0.9443570405348980
37521676_AI.txt,AI,7.789933610251520,221.3113467043670,0.011293189729797400,1.4088307600782900,0.45975232198142400,0.08074534161490680,0.5464396284829720,0.768615900322584,0.9651164860330070
37540732_AI.txt,AI,7.3562690256243000,163.85422073321700,0.013769107860329900,1.4760956889828200,0.47692307692307700,0.09050772626931570,0.5648351648351650,0.7908528118831940,0.9657138363397760
37560528_AI.txt,AI,7.613557394498380,195.84349434630800,0.015410251249305000,0.3070870041769860,0.46702317290552600,0.06797853309481220,0.5597147950089130,0.5146135142559060,0.9499835060859380
37640804_AI.txt,AI,7.944250638312860,246.296213531527,0.028177792473095400,1.3174068143544000,0.4483695652173910,0.13896457765667600,0.5163043478260870,0.8453185398530260,0.9642220874409850
37660306_AI.txt,AI,7.5340926550900700,185.34798940015100,0.004361777994169440,1.1252653588866400,0.4518664047151280,0.05128205128205130,0.5343811394891950,0.5662731307373400,0.942181836096703
37664296_AI.txt,AI,7.715073753252040,210.12059333620800,0.02346077393855890,2.146038475957320,0.42153846153846200,0.14506172839506200,0.5030769230769230,0.9056525847772980,0.9359855523696380
37695494_AI.txt,AI,7.176898110830990,144.69769307367800,0.0368375458705922,2.3614137538595100,0.43792325056433400,0.15873015873015900,0.4966139954853270,1.2147101548435800,0.968437301020302
37735467_AI.txt,AI,7.795116639463200,222.1078602313110,0.00959515635071892,0.5994491999928970,0.4774774774774780,0.016566265060241000,0.5570570570570570,0.6023976025934610,0.944851573391292
37739183_AI.txt,AI,7.743471139408980,214.29748960787800,0.01796929998252320,1.4324309597908200,0.41420118343195300,0.09347181008902080,0.5,0.7325516298369900,0.96871261554931
37750854_AI.txt,AI,7.720090532593370,210.85253151024900,0.01979067020613990,0.283885406875792,0.41317365269461100,0.06156156156156160,0.49550898203592800,0.5746031079546260,0.9595106617800060
37751611_AI.txt,AI,7.779333836191490,219.69128594811200,0.024397776558061300,0.349386750478878,0.4322396576319540,0.06294706723891270,0.4978601997146930,0.7958973878856320,0.9572211622236900
37764298_AI.txt,AI,7.588632863411520,192.48908938041200,0.015168074697649500,1.065804165667360,0.4884210526315790,0.03805496828752640,0.5789473684210530,0.8399087142061610,0.9655217666878090
37792474_AI.txt,AI,7.494330878471470,180.30940981163700,0.020578122831961100,0.42706544101013600,0.44935543278084700,0.07208872458410350,0.5322283609576430,0.6632796199598360,0.9374137902415770
37818861_AI.txt,AI,7.243148340587140,151.49730721839000,0.013046805692492500,0.24043925929585600,0.5336927223719680,0.08943089430894310,0.6064690026954180,0.5241073375235220,0.9829443037323900
37913536_AI.txt,AI,7.323699391452210,160.19656371792700,0.014142835122301900,0.4531032233364190,0.4025735294117650,0.15867158671586700,0.4577205882352940,0.6506695158955900,0.9808330508408890
37931076_AI.txt,AI,7.271035363298500,154.45420765486200,0.018886938900096300,0.43369630402633900,0.5083333333333330,0.05307262569832400,0.5916666666666670,0.6778767647681700,0.9815724870117730
37997506_AI.txt,AI,7.586224359058990,192.16800694465800,0.016633391044244300,1.3467131940622600,0.44482758620689700,0.06055363321799310,0.5258620689655170,0.9580266233199380,0.9965837888305900
38007664_AI.txt,AI,7.462586861412270,176.38534161012000,0.016479269981566400,1.2978105218604600,0.4137353433835850,0.07563025210084030,0.48743718592964800,1.2679640321087400,0.9729950588115040
38047274_AI.txt,AI,7.492070529403360,180.0271304063600,0.02463227501843020,0.49131471081460400,0.4692737430167600,0.06542056074766350,0.5437616387337060,0.9971331368824390,0.9693828980760410
38056161_AI.txt,AI,7.445994467798360,174.36835979456200,0.028012577252807800,1.1616440448408300,0.46421663442940000,0.04466019417475730,0.5357833655706000,0.8920228980960590,0.9789657402777670
38059130_AI.txt,AI,7.528968466052280,184.69083496340900,0.022119582350280700,0.39303419513215800,0.41379310344827600,0.08401976935749590,0.48932676518883400,0.6849991832368980,0.9679594337768440
38087844_AI.txt,AI,7.661209267053270,202.42017334789600,0.012696065949454000,0.4370945653702100,0.45714285714285700,0.04384485666104550,0.5378151260504200,0.9408535552793190,0.9680098564893310
38108845_AI.txt,AI,7.482536411436200,178.84133516332300,0.021373300686501200,0.29715317912564600,0.39344262295082000,0.07174887892376680,0.46050670640834600,0.44593175267935700,0.9662145887099420
38115035_AI.txt,AI,7.513900024663150,182.77184330656100,0.011941647956691000,0.4192272415428410,0.4613899613899610,0.07364341085271320,0.5366795366795370,0.8402093950756850,0.9653512958083120
38154903_AI.txt,AI,7.225792752658120,149.68571666521700,0.028819407818209700,0.7029687190471170,0.5393939393939390,0.036585365853658500,0.6333333333333330,0.9683829480784810,0.9634919338570370
38165833_AI.txt,AI,6.9407098902601900,122.84623993245700,0.016616534730024100,1.3631774880877700,0.5542168674698800,0.04048582995951420,0.6184738955823290,1.1277755755779000,0.9764911936310150
38216888_AI.txt,AI,7.049444455109150,132.4628923640300,0.016715686967148500,1.9368372083984000,0.5068493150684930,0.09655172413793100,0.613013698630137,0.8939809747362020,0.9617246332687350
38220146_AI.txt,AI,7.830716552473140,227.6567700315020,0.012013392738514900,0.5517475703450430,0.4867109634551500,0.03,0.5631229235880400,0.9074730041041410,0.9610201482301640
38225199_AI.txt,AI,7.689810502783330,206.47316844019900,0.01630632460113830,0.6359424242100560,0.49714285714285700,0.05162523900573610,0.5828571428571430,1.114479022711280,0.960327422888053
38291889_AI.txt,AI,7.580909670913920,191.46138903879900,0.018090491482995100,0.45323787359658400,0.508298755186722,0.020833333333333300,0.5975103734439830,0.7794012426650910,0.9613980019912420
38309905_AI.txt,AI,7.655481084756250,201.6180628651110,0.010243610529280500,0.4013324775359280,0.4892086330935250,0.07581227436823100,0.5611510791366910,0.7147176288660830,0.9694337157238200
38314236_AI.txt,AI,7.3673851731319100,165.1216146441060,0.01992640641192070,0.5906507276918280,0.4593406593406590,0.03532008830022080,0.5384615384615380,0.876842879234969,0.9719676453719420
38355831_AI.txt,AI,7.033149049540670,130.97512689554300,0.07859666051675470,0.7662789822740980,0.39300411522633700,0.19421487603305800,0.45267489711934200,0.8824008761347210,0.9815812360603230
38399177_AI.txt,AI,7.192968150012400,146.3184766639680,0.009255499925163,0.34240085180389300,0.5297805642633230,0.031545741324921100,0.6269592476489030,0.5884823321669470,0.9294509393417750
38441665_AI.txt,AI,7.50131501526263,181.18441017057300,0.02142836350066980,0.5393928753046760,0.40852575488454700,0.0748663101604278,0.4849023090586150,0.9469696547757390,0.9850305753531010
38457612_AI.txt,AI,7.549820162518880,187.37961003668200,0.015611231569348000,1.8202981583278100,0.5145413870246090,0.038202247191011200,0.5928411633109620,1.0609212276585000,0.9624594941681440
38535335_AI.txt,AI,7.218868182437560,148.96898463868700,0.011856234640737600,0.407849348406584,0.509493670886076,0.050955414012738900,0.6265822784810130,0.7308544132518130,0.9441853572639120
38565119_AI.txt,AI,7.4543334975823000,175.37915790644900,0.014911155983313300,0.37843410587887000,0.546916890080429,0.0215633423180593,0.6380697050938340,0.6017803421121830,0.9635624739555400
38642923_AI.txt,AI,7.448828141532690,174.71118249240400,0.019643333967499700,0.5511707664214720,0.4172077922077920,0.07166123778501630,0.4805194805194810,1.3781480912971700,0.9700015601267440
38650096_AI.txt,AI,7.2048767939454100,147.53125269369600,0.009637174718712000,0.5492695310840230,0.5522875816993460,0.06578947368421050,0.630718954248366,0.7795757067012590,0.9489266047049940
38663892_AI.txt,AI,7.720417117422110,210.9002678860140,0.015179891411634500,0.5232744481625110,0.4489112227805700,0.0453781512605042,0.5360134003350080,0.8331103689489480,0.9503405724301830
38688388_AI.txt,AI,7.5444889934548700,186.68846678284900,0.011212663946925300,0.25049434987502300,0.4197324414715720,0.04530201342281880,0.5066889632107020,0.5092975137462770,0.9456553165906890
38698573_AI.txt,AI,7.708103895966210,209.1079201298070,0.008485830191079090,0.3843728949429510,0.5222222222222220,0.05018587360594800,0.5962962962962960,0.6804273175799990,0.9484306463897750
38707449_AI.txt,AI,7.548455336184050,187.20242796514300,0.011544756734399500,1.8834548413957100,0.48484848484848500,0.07302231237322520,0.5595959595959600,0.815902194155386,0.9934505473615080
38744475_AI.txt,AI,7.518246561273900,183.32332674933100,0.012831456105147900,1.6262382846949800,0.4628099173553720,0.058091286307053900,0.5578512396694220,0.6067621120090090,0.9768397035322360
38750659_AI.txt,AI,7.435516900279940,173.10659752976800,0.039638806995975400,0.4469703665804990,0.43033509700176400,0.09557522123893810,0.48853615520282200,0.8757247209774430,0.9589366632105720
38753827_AI.txt,AI,7.768245248762800,218.00920617939300,0.009721350204167430,2.5025388234411400,0.4283625730994150,0.093841642228739,0.5102339181286550,0.8866414546404450,0.9799884366430290
38847011_AI.txt,AI,7.676715115243390,204.6074853410390,0.011166949891645400,1.6796312424162300,0.44353518821603900,0.06732348111658460,0.5253682487725040,0.6642395355160320,0.9655547177217050
38860712_AI.txt,AI,7.619175964147690,196.6076931136280,0.022399260794026700,0.1655922213748120,0.45904761904761900,0.08030592734225620,0.5638095238095240,0.30066801606916900,0.9544189855840440
38896303_AI.txt,AI,7.513132370194570,182.67461672939000,0.03304980088644440,0.35165047681924100,0.42078364565587700,0.06153846153846150,0.49744463373083500,0.9009060120616150,0.9749199174381860
38897568_AI.txt,AI,7.70585695310996,208.78249595189900,0.01728352326278530,0.9723683660493790,0.4972677595628420,0.056672760511883,0.5719489981785060,0.9346391186374630,0.9807968120474180
38907798_AI.txt,AI,7.4605571570775,176.13736240379300,0.018295123637767200,0.4568922467240500,0.39728353140916800,0.05110732538330490,0.47368421052631600,0.9834843472636040,0.9909268649914930
38946032_AI.txt,AI,7.673422525459020,204.14105250604000,0.017683341573007700,0.3949521800933620,0.4623287671232880,0.05670103092783510,0.5547945205479450,0.6949598687198920,0.9710237325716780
38989376_AI.txt,AI,7.656691337689330,201.787267874583,0.013641528655673400,0.3239429604396240,0.4279411764705880,0.07658321060382920,0.5007342143906020,0.8596273193523170,0.9843878326338260
39027764_AI.txt,AI,7.612950702341950,195.7611541917880,0.019612184537915600,0.3638711142379760,0.3804945054945060,0.1584022038567490,0.46153846153846200,0.62866650524998,0.9613223956648480
39064638_AI.txt,AI,7.558603562507770,188.52389227445200,0.013092163364772500,0.9535507421167570,0.5058139534883720,0.04271844660194180,0.5802707930367500,0.8053497951549490,0.9622290654638500
39081840_AI.txt,AI,7.774941262923350,219.0234091969930,0.01642479247577460,0.8385072977164900,0.42587601078167100,0.04054054054054050,0.5040431266846360,0.6068894966722540,0.9641548068924290
39082090_AI.txt,AI,7.64418054251122,200.044969891932,0.007643253249162830,0.36528756048808600,0.48939929328621900,0.06205673758865250,0.5512367491166080,0.7496066587372690,0.9569652868905660
39115899_AI.txt,AI,7.634782764707100,198.7461033476760,0.04527638226606160,0.8842676998501270,0.4838709677419360,0.11510791366906500,0.5501792114695340,1.1176445027796600,0.9809722013348060
39142536_AI.txt,AI,7.7053486132643400,208.70894349428800,0.01291960923829370,0.5012776483989920,0.4694589877835950,0.0647985989492119,0.5584642233856890,0.6155586121892200,0.9627514583644650
39166680_AI.txt,AI,7.882758328162760,236.01885837492800,0.01549123772656460,1.3361341965693400,0.4333764553686930,0.09857328145265890,0.49935316946959900,0.742766513192515,0.9807832170259220
39237915_AI.txt,AI,7.793485180100590,221.8568334174650,0.01973216191719890,0.4364859929862620,0.48987108655616900,0.053604436229205200,0.578268876611418,1.1983905434115500,0.9568322866936720
39247950_AI.txt,AI,7.646079565880320,200.30846300504600,0.0148388773840853,2.227143491179970,0.43042671614100200,0.07262569832402240,0.5157699443413730,0.8737203706382850,0.9918459449793520
39252859_AI.txt,AI,7.524845891797700,184.16382487240400,0.016550761294670700,0.4266892901702150,0.42105263157894700,0.0880281690140845,0.5017543859649120,0.46758854362345700,0.9857656893004220
39295103_AI.txt,AI,7.5082549748202800,182.05808176126300,0.024768977750659500,0.27349397530512600,0.4688715953307390,0.09375,0.5583657587548640,0.6322948884227470,0.9693802061388820
39308779_AI.txt,AI,7.481970260690730,178.77116697935500,0.0251120917750168,2.0830981183105300,0.3864942528735630,0.1440922190201730,0.4511494252873560,1.0821224955816500,0.9738241317761560
39413067_AI.txt,AI,7.564050328572290,189.23699264082800,0.013334017348112900,0.7594846303469610,0.4113597246127370,0.05699481865284970,0.4991394148020650,0.8695688834823530,0.9696499043417670
39434376_AI.txt,AI,7.027943510880570,130.50339342761800,0.017589628711484800,1.1700446711506200,0.5660377358490570,0.06844106463878330,0.6641509433962260,0.7431881015746590,0.9822904529868210
39441617_AI.txt,AI,7.466416421834480,176.8541694699770,0.017450522748648800,1.4288703091157600,0.4713114754098360,0.047325102880658400,0.5389344262295080,0.8615057278126580,0.9691037267838090
39470264_AI.txt,AI,7.753673960681580,215.81838521747400,0.048989679011296900,0.6594415056993110,0.4293193717277490,0.11208406304728500,0.5270506108202440,0.6902760385483710,0.9468197488837460
39566718_AI.txt,AI,7.671667634270180,203.892886727368,0.013727010129203300,0.3923157279797340,0.460093896713615,0.04395604395604400,0.5305164319248830,1.0001163815827200,0.9756832085612110
39569771_AI.txt,AI,7.848758722583400,230.5216949933950,0.015583521349973700,1.3267244474931100,0.5087108013937280,0.038461538461538500,0.5853658536585370,0.824152037811511,0.9654842220119630
39581020_AI.txt,AI,7.0424483328302700,131.82208943155400,0.017258141343079000,0.9697634987527090,0.49393939393939400,0.04878048780487810,0.5666666666666670,0.7162002983867510,0.9588618621148790
39608848_AI.txt,AI,7.781916899795270,220.08498307004300,0.025889186203387100,0.3985340749202120,0.47327044025157200,0.01892744479495270,0.5644654088050320,0.7345765066067380,0.944894821065875
39650734_AI.txt,AI,7.597382637816960,193.66006020009600,0.010086700882031900,0.492451616323129,0.5224489795918370,0.030737704918032800,0.5918367346938780,0.8675970027676670,0.9630553509274530
39674178_AI.txt,AI,7.400773262065960,168.98756301104400,0.04287928783153240,2.188354285448660,0.42142857142857100,0.04659498207885310,0.49464285714285700,0.9629090702402900,0.9830566597439450
39674782_AI.txt,AI,7.52879431679843,184.66854208168000,0.044777368258359100,1.847047226015800,0.4742647058823530,0.04981549815498160,0.5404411764705880,1.0745843186090700,0.9873545346859770
39675895_AI.txt,AI,7.52096393065959,183.66894839845900,0.021310678517685800,0.30687207443547300,0.4306569343065690,0.029304029304029300,0.5127737226277370,0.505941420884664,0.9587960251279470
39718499_AI.txt,AI,7.1266631176466700,139.74599409042400,0.019092632237129400,1.1258306249912100,0.4928774928774930,0.022922636103151900,0.5669515669515670,1.4264777794805200,0.962637280869933
39776400_AI.txt,AI,7.334364853026100,161.38524278116200,0.013751775925929300,0.8063043799184490,0.39488117001828200,0.11192660550458700,0.473491773308958,0.47744904585988500,0.9746095668038800
39805617_AI.txt,AI,7.895227965595530,238.0676802943970,0.028175535333279300,1.7493331072874700,0.508500772797527,0.07286821705426360,0.5795981452859350,1.0131411301526100,0.9322810200012690
39835894_AI.txt,AI,7.490527852539680,179.83472989988300,0.013208156137074700,0.5571556507233000,0.46215139442231100,0.082,0.5338645418326690,0.6158206328344110,0.9569708302233610
39855211_AI.txt,AI,7.856280031836990,231.72662903138900,0.016621567803001700,0.2801379092916750,0.52994555353902,0.018214936247723100,0.6388384754990930,0.6631650981156500,0.9627996404231160
39875803_AI.txt,AI,7.646686285823310,200.39271968724300,0.020821354452136200,0.45875387063042600,0.4169278996865200,0.08018867924528300,0.5094043887147340,0.7289380001749590,0.9531036234757520
39908485_AI.txt,AI,7.84129532152665,229.3322313408910,0.03642761426305910,1.207159885254620,0.4181360201511340,0.10353535353535400,0.49622166246851400,0.9505454675122080,0.9504365730955380
39970711_AI.txt,AI,7.596151403836160,193.49485610417000,0.02163163324541350,0.41604447524990000,0.5094339622641510,0.04842105263157900,0.5849056603773590,0.5385481723867520,0.973213303885632
40018190_AI.txt,AI,7.643873120036170,200.0023470463680,0.00919486494856791,1.8759571739785000,0.5495283018867930,0.035545023696682500,0.6344339622641510,1.0864354034066200,0.9887584665353660
40088790_AI.txt,AI,7.462035199557990,176.31790777251800,0.03183859630613530,0.6836610127595080,0.42829827915870000,0.07293666026871400,0.5181644359464630,1.2150438581686400,0.9505510890997230
40311088_AI.txt,AI,7.304115744219060,158.03669210661000,0.015385418032464600,2.2137424112479200,0.43380855397148700,0.049079754601227000,0.5173116089613040,0.8051450985458000,0.98828840440913
40792022_AI.txt,AI,7.4646404405813800,176.63659303480500,0.012532808817271000,0.4954193346729650,0.4988962472406180,0.03547671840354770,0.58719646799117,0.6421254426464240,0.9439336302729030
40882926_AI.txt,AI,7.4327619766156100,172.77635419620100,0.011729993212922200,1.2453366561838700,0.4686192468619250,0.03571428571428570,0.5502092050209210,0.5955421429702070,0.9311977957603480
40883703_AI.txt,AI,7.12614310456184,139.69563233811300,0.021116526849980200,0.5196698811703710,0.38,0.07589285714285710,0.4622222222222220,0.5435797339885520,0.9341501011437630
40987524_AI.txt,AI,7.5251811397618900,184.20662513142500,0.01912839061988540,0.3353558376428670,0.45,0.06272401433691760,0.5303571428571430,0.6874420198185770,0.9272082460217060
41152404_AI.txt,AI,7.647869468414630,200.55713310996500,0.12462547142248500,3.7069409504426900,0.41112828438949000,0.10232558139534900,0.47449768160741900,1.171309966854870,0.9797460134099050
41344156_AI.txt,AI,7.7682274455899400,218.00651591462900,0.02168595386331840,1.0989394627154700,0.4046242774566470,0.08115942028985510,0.5072254335260120,0.5548494077138580,0.9622968666368020
41506705_AI.txt,AI,7.686107408466410,205.94387488627200,0.020887245277272400,0.5300191160967380,0.467005076142132,0.07142857142857140,0.5338983050847460,0.6084845126952380,0.948031689939584
41523474_AI.txt,AI,7.494039162694910,180.27295457989900,0.010276936143687500,2.7022613470396100,0.5139186295503210,0.06236559139784950,0.5952890792291220,0.9095902027786260,0.9728323911121840
41586420_AI.txt,AI,7.792582405004230,221.71804859723700,0.023979426922984900,0.8870416707603730,0.4593437945791730,0.058655221745350500,0.514978601997147,0.90812600740855,0.9682815502726510
41590605_AI.txt,AI,7.840609883215810,229.22329926810100,0.021588479825350700,2.3587666543542700,0.4289405684754520,0.11010362694300500,0.4909560723514210,1.3900031835961400,0.9852335014380190
41651672_AI.txt,AI,7.389420352614160,167.66297836838100,0.015615595632430400,0.6086499258796360,0.4604651162790700,0.05841121495327100,0.586046511627907,0.47795978508288900,0.9698473919714230
41910253_AI.txt,AI,7.245676977249580,151.76307201800400,0.0237272508688414,0.4166986398930770,0.5672514619883040,0.0058823529411764700,0.6461988304093570,0.7834304111997260,0.9760410019987750
41950126_AI.txt,AI,7.750580443357280,215.3561096772940,0.008161846769392830,0.3117018717956370,0.4495548961424330,0.041666666666666700,0.5192878338278930,0.6254142962941420,0.9612328739721310
42156237_AI.txt,AI,7.405708430645640,169.56662522295700,0.012969570176557200,0.47960594744568900,0.5357142857142860,0.028205128205128200,0.6045918367346940,0.728604373335606,0.9777259052175880
42164460_AI.txt,AI,7.540581782189850,186.1835475853860,0.018115004583562800,0.7794688888053200,0.43270868824531500,0.07179487179487180,0.514480408858603,0.7788405380940160,0.9665350378702960
42304307_AI.txt,AI,7.428086546461980,172.21733360164900,0.021218048223062000,0.3651329391950830,0.4498977505112470,0.08418891170431210,0.5357873210633950,0.7835338060833770,0.9400622659809060
42332765_AI.txt,AI,7.599732660169000,193.97577233733700,0.014412631531237700,0.9128995519219910,0.49502982107355900,0.041916167664670700,0.5765407554671970,0.5273262310245340,0.9843821556472750
42384185_AI.txt,AI,7.443293097264420,174.04216970018000,0.010476339707567100,0.24656833449587700,0.47671840354767200,0.10690423162583500,0.5609756097560980,0.4508564617761470,0.9590527089191930
42427521_AI.txt,AI,7.64225498745285,199.77814936035000,0.00857647233210438,1.535145770326240,0.4700374531835210,0.07518796992481200,0.552434456928839,1.1054088319209700,0.9521360869495260
42487883_AI.txt,AI,7.622000459724000,196.99298695365500,0.019246307803146000,0.41767101820583900,0.4297253634894990,0.04700162074554300,0.518578352180937,0.94143669707845,0.9812970556190920
42546558_AI.txt,AI,7.829386336159720,227.44695910655000,0.027239600728923900,0.5234115232747720,0.4757929883138560,0.05695142378559460,0.5642737896494160,0.6539711888576480,0.9154951863278490
42641525_AI.txt,AI,7.559369961767680,188.62406795351300,0.007596585576445130,0.33738579158603800,0.42857142857142900,0.07692307692307690,0.4965156794425090,0.7531907143817000,0.9628460604839400
43311839_AI.txt,AI,7.873220164098800,234.46360157454700,0.020824867577183800,0.9085169146042940,0.5104529616724740,0.045454545454545500,0.5958188153310100,0.6574740191912540,0.9753327907914630
43375498_AI.txt,AI,7.6677515000876700,203.3401786694560,0.01651095272855490,0.3014371819776400,0.4880952380952380,0.06374501992031870,0.5773809523809520,0.48077660208914000,0.9416734865914660
43378989_AI.txt,AI,7.345721477374350,162.66065039438900,0.07309096992836510,1.918323954423970,0.5214899713467050,0.0893371757925072,0.6045845272206300,1.4141582162219300,0.9732965542433710
43408471_AI.txt,AI,7.768319043809390,218.0203578161120,0.01868030941367470,0.5062044283021810,0.4964788732394370,0.02120141342756180,0.5651408450704230,0.8740721422074450,0.976091582348267
43622023_AI.txt,AI,7.820753515355240,226.090022368111,0.010815987516620700,0.5269954795978220,0.5330812854442340,0.026565464895635700,0.6124763705103970,0.6824544438513490,0.9599943773954900
43685045_AI.txt,AI,7.684290912294010,205.6847342941670,0.012920981006917500,0.3999859922588600,0.4518900343642610,0.05862068965517240,0.5463917525773200,0.6855118543457550,0.9673551008195750
43720116_AI.txt,AI,7.58799291007174,192.40372364817700,0.014831567821929100,0.6402646936931430,0.5093023255813950,0.0630841121495327,0.6139534883720930,0.5686167782984130,0.9724021134737160
43752620_AI.txt,AI,7.764749568425310,217.48160475394200,0.012940786361912900,1.62052707979712,0.5,0.06405693950177940,0.5762411347517730,0.7088605541022150,0.9729481583792170
43852883_AI.txt,AI,7.783701671048070,220.35742070177800,0.02013106316107170,0.70605716511124,0.45454545454545500,0.11808669656203300,0.5245901639344260,1.082436854003070,0.9905977101602150
43994605_AI.txt,AI,7.598214366308700,193.77173940057700,0.022369762141449900,0.5019281051038260,0.4614065180102920,0.043029259896729800,0.5403087478559180,1.0233424985268100,0.9912177399725200
44115326_AI.txt,AI,7.629019065032050,197.95367830403700,0.01882818610535690,1.331773216570660,0.41543026706231500,0.046130952380952400,0.4807121661721070,0.7951970795336040,0.951009256980189
44145704_AI.txt,AI,7.398287036872400,168.6965941550360,0.014278963383675700,1.0663104569428100,0.4418604651162790,0.09922178988326850,0.5058139534883720,0.9528701718390470,0.9512050423810470
44147689_AI.txt,AI,7.206336849071940,147.68063478094100,0.021509107805688900,1.0165346662658500,0.4510250569476080,0.07551487414187640,0.5216400911161730,0.9619108546842690,0.9707971651321300
44185767_AI.txt,AI,7.69593606152999,207.3516994738420,0.025443442285723200,0.41608237906190900,0.4176829268292680,0.035168195718654400,0.5015243902439020,0.8188806738930590,0.979421275218493
44476983_AI.txt,AI,7.606743284233160,194.92067105890700,0.01459576865168660,0.24188649476181500,0.463743676222597,0.02707275803722500,0.5413153456998310,0.4710239758987290,0.9720415025944120
44624796_AI.txt,AI,7.4880013922363100,179.52007732344800,0.010333708783171600,0.36628825113432400,0.5097613882863340,0.034858387799564300,0.5900216919739700,0.64657697705915,0.961997642458874
45077654_AI.txt,AI,7.467638335230050,177.00402235871000,0.020976505245111100,0.49738035419042200,0.4153846153846150,0.12864493996569500,0.48547008547008500,0.8076038534139260,0.9736378869350870
45167858_AI.txt,AI,7.3615567954579200,164.4558816049100,0.013401823302270700,0.3574815228629610,0.5143603133159270,0.04199475065616800,0.6005221932114880,0.46876040028956100,0.9729952786551720
45286020_AI.txt,AI,7.466048227413950,176.80903975926600,0.05193955914891170,1.0364070571490300,0.42077464788732400,0.16431095406360400,0.4964788732394370,1.710150587445370,0.9803309550750000
45462344_AI.txt,AI,7.3605527710903400,164.3414705440580,0.012407535876071000,0.5871886877834840,0.47105788423153700,0.10020040080160300,0.530938123752495,0.6583572790007700,0.9734482140511920
45475027_AI.txt,AI,7.8699039012831900,233.9252688478600,0.019590064892228900,1.2574472487755700,0.4850863422291990,0.2062992125984250,0.5463108320251180,1.2578266026553700,0.9412184808000100
45656814_AI.txt,AI,7.334139716567570,161.3600601430100,0.010506732512514500,0.3917248896622690,0.46956521739130400,0.043668122270742400,0.55,0.6877968321035130,0.9700126968658480
45900271_AI.txt,AI,7.529474034979710,184.7555681934350,0.011419592187548600,0.8941696133345800,0.42470389170896800,0.05602716468590830,0.5160744500846020,0.6498399108872320,0.9786086140229310
45907524_AI.txt,AI,7.695445976629150,207.28127386347100,0.012002643876981700,0.6775703532620750,0.496551724137931,0.039792387543252600,0.5758620689655170,0.8544448577574740,0.9578288036106680
45987048_AI.txt,AI,7.682051426643310,205.36569896928100,0.01238797439312670,0.24806167884360100,0.5270541082164330,0.04225352112676060,0.6112224448897800,0.5688929111650620,0.9649365482445070
46055835_AI.txt,AI,7.791269468107920,221.51636398706700,0.01158636454226960,0.593799378855361,0.47987117552334900,0.051696284329563800,0.5571658615136880,0.7776511809234140,0.9855106378724790
46258701_AI.txt,AI,7.7631520383807300,217.2409155588560,0.009442062420900360,0.5646421106634080,0.49572649572649600,0.0634648370497427,0.576068376068376,0.9180826611127700,0.9629567968017040
46260230_AI.txt,AI,7.886409252220750,236.6168906190540,0.0072296728369316100,1.2599713375876100,0.47634069400630900,0.0189873417721519,0.5630914826498420,1.2048613767564500,0.9693333348585830
46349752_AI.txt,AI,7.8041949510594700,223.50990413323500,0.009708561304930110,0.3644733811653780,0.4126149802890930,0.04479578392621870,0.507227332457293,0.8823035472178190,0.9833858971075680
46514339_AI.txt,AI,7.573134809389470,190.4323552828870,0.011053610294814000,0.2745168861681540,0.45880149812734100,0.041353383458646600,0.5468164794007490,0.47864371841201100,0.9309767099797410
46772262_AI.txt,AI,7.658164869639500,201.9934735364670,0.04479749658978670,0.3815680804457150,0.4828828828828830,0.04701627486437610,0.5585585585585590,0.6054647150595280,0.9696235105075710
47067533_AI.txt,AI,7.48362929291431,178.97686375819300,0.04194822477178310,0.2464779991999330,0.41638225255972700,0.07534246575342470,0.5017064846416380,0.45772017095079300,0.9481975764128760
47133747_AI.txt,AI,7.810230001788570,224.44684426337700,0.019250330458517000,0.7034222913550140,0.4819078947368420,0.056105610561056100,0.5740131578947370,0.4880798045636200,0.9548915393335280
47276718_AI.txt,AI,7.6387219744380400,199.28951160413600,0.0456796938334737,1.6832806364348600,0.43562610229276900,0.09010600706713780,0.5299295774647890,1.1244619744085600,0.9552233759510010
47317494_AI.txt,AI,6.864435418519850,116.52013101418600,0.0072074444975400900,0.2235003059443820,0.5230769230769230,0.023255813953488400,0.6115384615384620,0.450462725057986,0.955570693650789
47410104_AI.txt,AI,7.525001772956000,184.18372458820800,0.018139928010441200,0.5446210739335580,0.5,0.03648068669527900,0.5683760683760680,0.7110254010524070,0.9864692620994030
47470864_AI.txt,AI,7.559253406091000,188.60882958560800,0.011416108392638200,0.7853443883045320,0.4729981378026070,0.08971962616822430,0.5344506517690880,0.6641928605119640,0.9790449462992530
47487091_AI.txt,AI,7.675223824269130,204.3960951038920,0.008798824932964490,0.4054226698728170,0.48846153846153800,0.03474903474903480,0.5807692307692310,0.6979006629211070,0.9451855804544960
47549345_AI.txt,AI,7.688827107990910,206.33247657727300,0.029318627629642200,2.524699474565910,0.5163934426229510,0.053497942386831300,0.5758196721311480,0.8717289224081410,0.9506636456594630
47603843_AI.txt,AI,7.210183310043790,148.0749008659240,0.028669492792019600,1.8217364046746100,0.5440251572327040,0.07278481012658230,0.6352201257861640,1.070622314459040,0.9471484049330440
47729453_AI.txt,AI,7.295360679000030,157.08054288621800,0.023442300480003900,0.293320907053006,0.4107142857142860,0.1057347670250900,0.4642857142857140,0.5046071974693940,0.9462688286260530
47919212_AI.txt,AI,7.829663843796040,227.4907135640920,0.03452870537892550,0.18999048435926400,0.4070422535211270,0.07062146892655370,0.4971830985915490,0.4163066597714000,0.9723442689318490
47996197_AI.txt,AI,7.494792030561080,180.36705425448400,0.008958455898850560,1.9650392067720200,0.4211382113821140,0.048939641109298500,0.4926829268292680,0.6711649477641410,0.9853495391333420
48037995_AI.txt,AI,7.666119869032570,203.11033896063100,0.032704077850504000,0.5852245655645310,0.5066413662239090,0.05523809523809520,0.5844402277039850,0.9758619239347680,0.9609004658323990
48285304_AI.txt,AI,7.494425534416170,180.3212403904850,0.006229320903661480,0.8281780481908820,0.47276688453159000,0.0437636761487965,0.5577342047930280,0.5573330922097470,0.9800863714592230
48533663_AI.txt,AI,7.904461135960920,239.596186555712,0.015120025192894100,0.5054044378367490,0.46957878315132600,0.03599374021909230,0.5647425897035880,0.6748164838341940,0.9659044194829930
48547319_AI.txt,AI,7.515499206349500,182.97455242437000,0.012422167431792600,0.5751173345623130,0.43320610687022900,0.10919540229885100,0.517175572519084,0.7229567838229110,0.9709322410189140
48549972_AI.txt,AI,7.151071050503570,142.13037023342300,0.0219535582720968,0.48676947815300400,0.42217484008528800,0.10920770877944300,0.4946695095948830,1.0944574085636600,0.971871393108339
48580330_AI.txt,AI,7.606499567464250,194.88774558093700,0.053049775198434000,0.9134616971052410,0.4542190305206460,0.08108108108108110,0.5296229802513470,1.4160357156400600,0.9075276603388110
49119887_AI.txt,AI,7.60490202550152,194.67205964087200,0.011291682218830500,0.4053355142643390,0.4631956912028730,0.02702702702702700,0.5727109515260320,0.6648293013951430,0.9618952006033540
49127329_AI.txt,AI,7.517658794390830,183.24865439596100,0.011736333869878900,0.8401273886267970,0.42439862542955300,0.05172413793103450,0.5103092783505150,0.5584076789709110,0.9427798683370950
49204385_AI.txt,AI,7.594138110410950,193.2250206791820,0.021363036739205900,0.3316798401196350,0.4061990212071780,0.060556464811784000,0.4893964110929850,0.7019567166779270,0.9890060989186060
49285644_AI.txt,AI,7.610532203633840,195.43325989094700,0.012056865928509400,0.4583832261149890,0.4724264705882350,0.06826568265682660,0.5625,0.7731581098606660,0.9660711125441350
49325370_AI.txt,AI,7.723381092789990,211.33400180037500,0.01608943602379420,0.2905998877120170,0.4668769716088330,0.0759493670886076,0.5394321766561510,0.7032950091684470,0.9710278897988120
49475708_AI.txt,AI,7.446772909215120,174.46246989787200,0.010938112239152200,1.3271028126954500,0.5,0.03773584905660380,0.596244131455399,0.6905612295292920,0.9807475819005670
49486820_AI.txt,AI,7.670344011953320,203.70590791071700,0.008822446677140830,0.23582506955418000,0.47322970639032800,0.04852686308492200,0.5595854922279790,0.5680018580674490,0.9618181896017260
49646155_AI.txt,AI,7.721982764629740,211.1292661420250,0.012644816637943900,0.8406281160708680,0.47309833024118700,0.037243947858473,0.5695732838589980,0.7018598485313330,0.9769948689201440
49685006_AI.txt,AI,7.693511141402560,207.00346997098300,0.02029171853716620,1.3395036285298300,0.48841354723707700,0.05366726296958860,0.5561497326203210,0.9688027235332430,0.9686396485030900
49777184_AI.txt,AI,7.956892244222980,248.46386564949300,0.012834115684091500,1.031968071828260,0.488135593220339,0.027210884353741500,0.5864406779661020,1.2680086567781900,0.9772406908472660
49937469_AI.txt,AI,7.874437181920320,234.66147206176000,0.017848008507025700,0.3269224987831440,0.42937062937062900,0.12622720897615700,0.5216783216783220,0.6680197549202270,0.957675327562206
49997097_AI.txt,AI,7.630007303781460,198.0893220170030,0.022754269738930400,0.44017532204924800,0.483065953654189,0.046511627906976700,0.5525846702317290,0.7201084806279960,0.9951412850489460
50219114_AI.txt,AI,7.71472785909556,210.0702217944940,0.015847409471087800,0.31768357493584200,0.4156804733727810,0.057863501483679500,0.5044378698224850,0.606808370892846,0.9830004623944200
50222417_AI.txt,AI,7.490648319687550,179.84974699005400,0.016120161914403000,0.3257382262409940,0.3588709677419360,0.06064690026954180,0.42876344086021500,0.6554427538226400,0.9899920007996290
50324968_AI.txt,AI,7.551776664709800,187.63389615164000,0.010217675576040800,0.5138760844556140,0.5605263157894740,0.026455026455026500,0.6684210526315790,0.6991842388447450,0.9597959016082470
50328713_AI.txt,AI,8.060402445677630,266.94568998122100,0.022138554950946100,3.4846528749358100,0.46016483516483500,0.08953168044077140,0.5357142857142860,1.3029121036401900,0.9814643345457450
50432401_AI.txt,AI,7.70856335700569,209.17452619710200,0.01192209227514120,0.33383648005188700,0.511070110701107,0.037037037037037000,0.584870848708487,0.6363669859234680,0.9717914456795160
50775901_AI.txt,AI,7.630190173853500,198.11443259373600,0.011933860703361200,1.995216069544570,0.46045694200351500,0.1128747795414460,0.5342706502636200,0.7049763903591000,0.971473475478325
51018476_AI.txt,AI,7.218080942117820,148.88771839957400,0.02039785217806240,1.153891402380920,0.4470046082949310,0.1712962962962960,0.511520737327189,0.7121396331779730,0.9637911692524640
51209395_AI.txt,AI,6.880214970647220,117.80157114830000,0.009509265284877890,0.3483949540836850,0.5826086956521740,0.03508771929824560,0.6652173913043480,0.6189569859631520,0.9544446986791590
51349448_AI.txt,AI,7.341530096630710,162.18876735678500,0.010848144404278300,0.8934935606139480,0.5917721518987340,0.03821656050955410,0.680379746835443,1.0219823898323200,0.9460511809917760
51363762_AI.txt,AI,7.850338357292240,230.7742358873540,0.01358122988772400,0.5469974028149240,0.4857142857142860,0.03821656050955410,0.5619047619047620,0.6391715336536090,0.9481064274101410
51415089_AI.txt,AI,7.605006985061810,194.68622302016100,0.007595866314789540,0.45994038132924600,0.47484909456740400,0.07676767676767680,0.5694164989939640,0.5427828264878350,0.9658731515964560
51432451_AI.txt,AI,7.668361257035360,203.42613882647300,0.0214705381956307,0.3801139405482210,0.4551971326164880,0.03237410071942450,0.5483870967741940,0.6901720427253420,0.9810473566872410
51508889_AI.txt,AI,7.456477000211840,175.63992340576500,0.019252301944389000,1.1408865785569800,0.3978819969742810,0.0622154779969651,0.4659606656580940,0.5910405089784410,0.9527681040423620
51554903_AI.txt,AI,7.6197885792295600,196.6911968414500,0.019494262012446500,0.4140424699985250,0.4172876304023850,0.12705530642750400,0.4828614008941880,0.5934508887461820,0.9852641798335280
51588273_AI.txt,AI,7.224984068768590,149.6018358003010,0.017841747847403400,0.5956937293621330,0.46582278481012700,0.13486005089058500,0.5240506329113920,0.7450322068978900,0.9665814216225340
51638201_AI.txt,AI,7.589839532510790,192.6501544649240,0.01198170052034160,0.3331638396098420,0.44919786096256700,0.03935599284436490,0.5525846702317290,0.7356333476053440,0.9539249015510420
51639418_AI.txt,AI,7.525914305412040,184.30026120052800,0.024169589244804000,1.3222567126113400,0.4564796905222440,0.08737864077669900,0.5319148936170210,0.7522049906328800,0.9737415489320340
51681660_AI.txt,AI,7.674263019380930,204.26001687379500,0.010000282703467800,0.889128142269265,0.43375394321766600,0.0680379746835443,0.5205047318611990,0.48141010094012500,0.92910840651723
51724595_AI.txt,AI,7.778848410977960,219.61737861002500,0.01076399473339540,1.0206545469139600,0.4644628099173550,0.01990049751243780,0.5537190082644630,0.6630122507874080,0.9710080954788100
51769822_AI.txt,AI,7.599720648185050,193.97415728765700,0.014578638070470000,0.566949806468194,0.484375,0.03137254901960780,0.56640625,0.9529322294813910,0.9903585940174860
51777546_AI.txt,AI,7.681197705444300,205.24420885436900,0.011369585373443600,1.4411831366642300,0.4751286449399660,0.04130808950086060,0.5626072041166380,0.9467846470482880,0.988568191250121
52246737_AI.txt,AI,7.637168574522990,199.0750451398860,0.02847669357501750,0.22577375884780700,0.4979508196721310,0.04526748971193420,0.5819672131147540,0.5024062658953700,0.975110062839704
52252936_AI.txt,AI,7.580882073876020,191.45772664548400,0.044341581538517400,0.6564920788483170,0.4891518737672580,0.09504950495049510,0.5621301775147930,0.9371649115796520,0.9609068126914350
52618188_AI.txt,AI,7.578432823713100,191.13296636504900,0.02188580539216830,0.516982532171262,0.4527272727272730,0.05291970802919710,0.5272727272727270,0.8423780235849680,0.9520477279419820
52684666_AI.txt,AI,7.55779869728519,188.41874600168200,0.020119539358066100,0.4944662382056640,0.4157303370786520,0.10902255639097700,0.5093632958801500,0.9814760049461050,0.9715753728262060
52979663_AI.txt,AI,7.643291483376210,199.9217303897320,0.02893832160587820,0.4655523377985180,0.42563291139240500,0.06984126984126980,0.495253164556962,0.7392554882073290,0.9635986681428330
53129155_AI.txt,AI,7.587902386765620,192.39165146780100,0.01390632391577450,0.6041672903761950,0.5128205128205130,0.017167381974248900,0.5961538461538460,0.6579547139893570,0.9316898497988880
53169257_AI.txt,AI,7.821775546424770,226.2502453449590,0.010695436164626200,0.5980957267267970,0.5368217054263570,0.03501945525291830,0.6317829457364340,0.6444741321139250,0.9742303589544360
53227466_AI.txt,AI,7.729548568051670,212.23938177054800,0.010162936012212400,2.3579580347706800,0.4115853658536590,0.0856269113149847,0.4969512195121950,1.0085763251273100,0.9651449708521700
53265899_AI.txt,AI,7.555661951040200,188.13988938947200,0.015824549634219400,0.9857969679101460,0.45348837209302300,0.05,0.526578073089701,0.8303383473786670,0.9723294360874760
53640713_AI.txt,AI,7.465118598231250,176.69514604415400,0.017448341547096100,1.6802462018513600,0.4966292134831460,0.05869074492099320,0.5707865168539330,0.7818211889568580,0.9926105846370380
53701275_AI.txt,AI,7.680908498053210,205.2030690491230,0.041194762777978900,0.38104224289616600,0.4510433386837880,0.043478260869565200,0.5232744783306580,0.7991468521967480,0.9948672601232790
54067174_AI.txt,AI,7.567156911179670,189.6449192884180,0.013449231811983800,0.42724699249795000,0.541860465116279,0.037383177570093500,0.6255813953488370,0.7223450576897780,0.963599491362983
54100393_AI.txt,AI,7.2895312951793600,156.44712052391100,0.029776154967735900,0.25950857864320300,0.43884892086330900,0.07951807228915660,0.5419664268585130,0.604182710428189,0.9536766655684910
54101961_AI.txt,AI,7.382091818877790,166.81345145534500,0.012647588435685200,1.931094274554740,0.5705705705705710,0.054380664652568000,0.6456456456456460,0.9351031822772550,0.9698744723813690
54180474_AI.txt,AI,7.652349267380370,201.18086299131900,0.05296406538083680,0.4061220193996520,0.45818815331010500,0.06118881118881120,0.5296167247386760,0.8910387704508980,0.9711755216322340
54201930_AI.txt,AI,7.674983305827660,204.36202211470300,0.019411055561108500,0.6791462112549340,0.4659090909090910,0.030418250950570300,0.5738636363636360,0.7516516205863980,0.9836332337417240
54227873_AI.txt,AI,8.053462964637330,265.6647425987930,0.010542640327986000,0.35126037859941900,0.6054158607350100,0.03495145631067960,0.6808510638297870,0.5983176871130550,0.9641740181069770
54232810_AI.txt,AI,7.658628464937170,202.05839250346600,0.023194603131441100,0.5164394450427050,0.4931237721021610,0.04142011834319530,0.5736738703339880,0.665021816717265,0.9581784228452030
54246169_AI.txt,AI,7.517110377975290,183.1790087198320,0.015984624732841500,1.4826881461482600,0.4444444444444440,0.048561151079136700,0.503584229390681,0.6881536665893220,0.9384928867402970
54259150_AI.txt,AI,7.622978497217020,197.12657849103900,0.018581537693368100,0.6901893265898340,0.4194053208137720,0.08634222919937210,0.5007824726134590,0.8483476926716800,0.9695246654865130
54308684_AI.txt,AI,7.73488257171076,213.0255361482900,0.012557895442768800,0.3272058136415340,0.44728915662650600,0.08006042296072510,0.5271084337349400,0.7420980483761320,0.9626799148629520
54421668_AI.txt,AI,7.588324741168450,192.44798309308300,0.012070153283855500,0.478893064435194,0.44745762711864400,0.047619047619047600,0.5288135593220340,0.7091577545692160,0.9624025174151860
54934269_AI.txt,AI,7.420488768323170,171.31275595424800,0.00868840661965459,1.8368972248095500,0.473551637279597,0.10632911392405100,0.5944584382871540,1.133925516417420,0.9693134347713730
55097118_AI.txt,AI,7.487870144281470,179.50374637989000,0.0258785486421828,1.3729190140177800,0.5034168564920270,0.032036613272311200,0.592255125284738,0.8478523634773030,0.9532913258646380
55104715_AI.txt,AI,7.27101920495484,154.45247776038000,0.015334398989354800,0.9575228399221850,0.5024038461538460,0.06280193236714980,0.5745192307692310,0.7859212746572700,0.9740600575801720
55477468_AI.txt,AI,7.643762700726,199.98704008580900,0.017458213811232000,0.6951379133550470,0.5150300601202400,0.02414486921529180,0.6212424849699400,0.5744612796767710,0.9571591136424160
55500538_AI.txt,AI,7.611574805862520,195.5745460188460,0.015865986785802600,0.5196524451044380,0.5313807531380750,0.029411764705882400,0.602510460251046,0.669059954538985,0.9759002840366590
55595908_AI.txt,AI,7.413037566871170,170.43024433281000,0.06676913119169440,0.5018736986694860,0.4760820045558090,0.036613272311212800,0.5558086560364470,1.1868466920487600,0.9461222073503550
55712978_AI.txt,AI,8.037596342088940,262.75899493798700,0.014511585095129800,1.9380833410293200,0.45953360768175600,0.061898211829436000,0.5294924554183810,1.772509069962610,0.9749064630564420
55746506_AI.txt,AI,7.560310709786290,188.7471054496640,0.0244592588832226,1.3506800145459900,0.4224137931034480,0.06055363321799310,0.5258620689655170,0.6740857924567780,0.9679134076488680
55953734_AI.txt,AI,7.659915876352320,202.2387829357750,0.012663680153712700,0.47388564858741400,0.42746913580246900,0.062111801242236000,0.5061919504643960,0.5950073225266390,0.9535368639242420
56025640_AI.txt,AI,7.588462115227250,192.46630894749000,0.02498418332245230,0.5467922061177090,0.4533551554828150,0.11001642036124800,0.513911620294599,0.7323496581654190,0.9451711353445050
56068028_AI.txt,AI,8.028271855020060,261.0661963627280,0.02834284004930100,2.726453539479620,0.4282380396732790,0.03742690058479530,0.514585764294049,0.8036778246908240,0.9614097152736310
56151548_AI.txt,AI,7.558434972662110,188.50186311650900,0.009056542388873240,1.437304716594380,0.49696969696969700,0.032454361054766700,0.5717171717171720,0.8140162137272900,0.9751645134927700
56286525_AI.txt,AI,7.727412312067350,211.925343030395,0.027341208802633200,3.3050163332864800,0.5323590814196240,0.08176100628930820,0.605427974947808,1.1818170171052500,0.9242159495485500
56520872_AI.txt,AI,7.471661952356240,177.49836833116600,0.008715241014442330,0.43260645863283,0.37110016420361200,0.19934102141680400,0.458128078817734,0.6879726619012700,0.9722148087249260
56525735_AI.txt,AI,7.426453975532830,172.02256063574700,0.012711866933092300,0.3902150956356000,0.44612476370510400,0.07210626185958260,0.5217391304347830,0.6801681986721560,0.989622868094874
56691064_AI.txt,AI,7.940343846670250,245.63015016485600,0.023177162522423700,0.41341852376371000,0.47412587412587400,0.03932584269662920,0.5504201680672270,0.9046712111510300,0.9654930300923870
56792999_AI.txt,AI,7.693492272673610,207.0007626304060,0.015921039546786800,0.33965220679793900,0.4671280276816610,0.017361111111111100,0.5432525951557090,0.5219852054043840,0.9208383683992210
56952849_AI.txt,AI,7.427505291638680,172.14796205024800,0.016641727229572000,0.7785320452401460,0.41621621621621600,0.09041591320072330,0.5099099099099100,0.6466565694190600,0.9752513555044090
57002858_AI.txt,AI,7.439971341205600,173.641904523842,0.034532562603856900,1.0168523550233400,0.3709150326797390,0.09836065573770490,0.44281045751634000,0.9826707141977380,0.9669749039644430
57088974_AI.txt,AI,7.4785691247068300,178.35021252346700,0.019410305564669300,0.34937542858274,0.3848439821693910,0.09687034277198210,0.4576523031203570,0.9162837047323070,0.9715730499193890
57262959_AI.txt,AI,7.48871688070815,179.60913037882800,0.008458820637477560,0.4127037534090000,0.5161987041036720,0.05639913232104120,0.572354211663067,0.7822463622314800,0.964412601426662
57364820_AI.txt,AI,7.923763251213570,242.82333367131300,0.012963550705045700,0.6714496788494930,0.5025466893039050,0.06473594548551960,0.5806451612903230,0.9751873066700500,0.9420934940415640
57575888_AI.txt,AI,7.808310901594270,224.14847932092300,0.0418766308680404,0.7801758763271610,0.40981432360742700,0.07712765957446810,0.4907161803713530,1.0809446345195600,0.9505238273991070
57601040_AI.txt,AI,7.8519455495554000,231.03146643645100,0.017071262332773700,0.7323503480585300,0.4764079147640790,0.03969465648854960,0.5418569254185690,0.8671012158623410,0.9171180035940870
57667857_AI.txt,AI,7.492567319846120,180.0891332244250,0.007838493383502190,0.31706352249844300,0.47096774193548400,0.056155507559395200,0.556989247311828,0.5583394810208190,0.9854874938245100
57706851_AI.txt,AI,7.856418515880030,231.74887349732600,0.013790137276260700,0.8670509925271070,0.5037453183520600,0.015037593984962400,0.599250936329588,0.7138950032775510,0.9477301041361180
58048626_AI.txt,AI,7.6758833997822200,204.4895628691900,0.02648256053613030,0.8765376781767690,0.4903536977491960,0.016129032258064500,0.5594855305466240,1.06581970093851,0.9693112770261830
58105060_AI.txt,AI,7.339464558846700,161.9567243306250,0.01179481601285260,0.3659462895197980,0.42738589211618300,0.11041666666666700,0.5186721991701250,0.6734579289554640,0.9876421414959090
58165257_AI.txt,AI,7.812023388336670,224.72602331783200,0.014849232645063100,1.1879853645016300,0.4395924308588060,0.05555555555555560,0.5349854227405250,0.6599691339121040,0.9766213336437690
58208591_AI.txt,AI,7.763927060847480,217.3576497384550,0.009064160853707800,0.43514781071031600,0.46677471636953,0.06991869918699190,0.5429497568881690,0.7288008760793350,0.9612038036152580
58428843_AI.txt,AI,7.619771628822830,196.68888590524600,0.007692004312495160,0.2977433097077550,0.4882882882882880,0.0108499095840868,0.5747747747747750,0.5506406440907010,0.9607435389383650
58665241_AI.txt,AI,7.5545005275241200,187.98849068437200,0.017066665782054500,1.4502823812982600,0.44366197183098600,0.1413427561837460,0.5052816901408450,0.8418982054121130,0.9806580567366850
58708773_AI.txt,AI,7.049919383560490,132.50650570613400,0.03221346288266210,0.5146257338230250,0.49698795180722900,0.08787878787878790,0.5783132530120480,1.04512338595587,0.9630771525989590
58879993_AI.txt,AI,7.803120876114190,223.34356472007600,0.017376028144457100,0.7185929554786300,0.49667774086378700,0.07166666666666670,0.5681063122923590,1.2855175748975500,0.9531737947672960
58915642_AI.txt,AI,7.622236891442080,197.02527319965800,0.01307686056350410,0.6990157179229930,0.49440715883668900,0.02696629213483150,0.5928411633109620,0.7647906736721310,0.9763067344710820
59011090_AI.txt,AI,7.452945202268350,175.21047294868500,0.010464343805367600,0.7485683636629830,0.5685785536159600,0.045112781954887200,0.6334164588528680,1.1945604465605300,0.9714105771548360
59346975_AI.txt,AI,7.88534049944786,236.4416690337860,0.019158088841985900,1.904449162360640,0.4270967741935480,0.0685640362225097,0.5045161290322580,0.6764479088385410,0.963493216199873
59403481_AI.txt,AI,7.680861286106050,205.19635392384500,0.012686253531030400,0.3705483780986020,0.46245733788395900,0.05136986301369860,0.5341296928327650,0.7637968815603670,0.9779608679777710
59422148_AI.txt,AI,7.498243557683370,180.79908392522900,0.015138632329891600,0.4307273264806850,0.4588910133843210,0.023032629558541300,0.5315487571701720,0.6770238871485740,0.9591189322924870
59450123_AI.txt,AI,7.574273834134040,190.58276323924900,0.013076009853939100,0.4701232308604140,0.3706896551724140,0.11815561959654200,0.45689655172413800,0.5245598853976740,0.9731714610337430
59487170_AI.txt,AI,7.4785814609995500,178.35173757884800,0.018184050917125700,0.28519548048607100,0.4667931688804550,0.06476190476190480,0.5483870967741940,0.5881029850392050,0.945718841735697
59696315_AI.txt,AI,7.558368425705080,188.49316832258400,0.009209953194162750,1.687321942988060,0.48676171079429700,0.032719836400818,0.5641547861507130,0.8660298164864730,0.9803422202525880
59777056_AI.txt,AI,7.858571234707110,232.0949359318040,0.014963184810499500,0.5352006608672810,0.5246478873239440,0.04240282685512370,0.6073943661971830,0.8604101523087860,0.9309729098381530
59818742_AI.txt,AI,7.539902634180630,186.0959223946580,0.01568543906238800,1.8855018618239800,0.5467625899280580,0.033734939759036100,0.6163069544364510,0.7633221070034880,0.9883789104641210
59938965_AI.txt,AI,7.132057980069400,140.26954324565600,0.005006053477745790,0.3931578978448290,0.515527950310559,0.04375,0.5993788819875780,0.4823749981526910,0.9533742681311540
59962788_AI.txt,AI,7.758160816156910,216.49063627597100,0.011629078129916500,0.5363651694675980,0.5373737373737370,0.02231237322515210,0.6161616161616160,0.8258393036839420,0.9668767312833570
60004873_AI.txt,AI,7.046243564672470,132.1693242986830,0.03116666223201530,0.3793488279343970,0.4691689008042900,0.15902964959568700,0.5201072386058980,0.47553198137014900,0.9759384300324720
60182829_AI.txt,AI,7.598700646137780,193.83706378842000,0.0294165164384167,1.8278734572526300,0.4628252788104090,0.06716417910447760,0.550185873605948,0.791796654174241,0.9948217872504890
60489316_AI.txt,AI,7.696789098949530,207.47433874023500,0.015067269770647500,0.5738720404723580,0.475,0.06093189964157710,0.5517857142857140,0.6082163379116220,0.9346043358805750
60624892_AI.txt,AI,7.5897616828061500,192.63975909199000,0.015610613514290600,0.3479342317467600,0.4743083003952570,0.027777777777777800,0.5454545454545450,0.5961373266521470,0.965791302428974
61065616_AI.txt,AI,7.55570522791444,188.14553315216900,0.028545763062640700,0.4532734051615940,0.4803921568627450,0.10039370078740200,0.5549019607843140,0.9262475491061660,0.9738267695054390
61315605_AI.txt,AI,7.645156319039,200.18031742388800,0.021085761044842800,0.4109057198665870,0.4450084602368870,0.03225806451612900,0.5549915397631130,0.6794838644282760,0.9846793562309220
61319162_AI.txt,AI,7.360412750317580,164.325521155997,0.015135025071165000,0.350020986140621,0.45491803278688500,0.1419753086419750,0.5225409836065570,0.5496333251499920,0.9749700371681840
61322296_AI.txt,AI,7.620978450778540,196.85348602300800,0.014062607304525400,0.19311458716026300,0.42467948717948700,0.06270096463022510,0.5096153846153850,0.3703268419745750,0.9482727431193690
61579998_AI.txt,AI,7.662031839519110,202.53561890850500,0.023956633503707700,0.56485041245024,0.46598639455782300,0.04948805460750850,0.5391156462585030,0.8463554598634920,0.9871967846691810
61634281_AI.txt,AI,7.697182365763770,207.53090224928600,0.013037947945221900,0.47115633806728300,0.5141776937618150,0.03415559772296020,0.5954631379962190,0.7232648566851310,0.9830418343390870
61677751_AI.txt,AI,7.604600531669270,194.63138140236900,0.016237809688519600,2.004879421823240,0.46654275092936800,0.05223880597014930,0.5539033457249070,0.6835604851170510,0.959326710318712
62071407_AI.txt,AI,7.663538129845780,202.74719290933300,0.022123581784230100,0.5999731994429740,0.41935483870967700,0.1,0.4736070381231670,0.7524059948366060,0.9793633444318050
62184086_AI.txt,AI,7.1340147490643800,140.45992396286500,0.019983590882958100,0.36944519242127800,0.5358361774744030,0.08247422680412370,0.6416382252559730,0.7019705123935800,0.9621912254340980
62312955_AI.txt,AI,7.312028210185940,158.90582609943000,0.011234934146539400,1.418657415226090,0.5546218487394960,0.059154929577464800,0.6302521008403360,0.9528078902446060,0.966638973510827
62555739_AI.txt,AI,7.672573541191090,204.0209567460910,0.012305481660973700,0.40525726992444600,0.4954128440366970,0.040515653775322300,0.581651376146789,0.9190029709079220,0.932178722184601
62700506_AI.txt,AI,7.81353107619107,224.9609959129600,0.01923248329441570,0.31156633308139000,0.38524590163934400,0.0528169014084507,0.4707259953161590,0.5228862472893780,0.9654634325223960
62809577_AI.txt,AI,7.363466529938600,164.673720455142,0.00852579549303029,0.4851296067609950,0.46172248803827800,0.12980769230769200,0.5502392344497610,0.7489747627837960,0.993731737413744
62850928_AI.txt,AI,7.518253400631700,183.32419582891000,0.019058638766262600,0.8080810851373480,0.4192982456140350,0.04929577464788730,0.5035087719298250,0.6292241529005340,0.9900899243413160
62870550_AI.txt,AI,7.773051634916220,218.7367222454630,0.014494738015948500,0.2429904018507930,0.4817880794701990,0.023255813953488400,0.5629139072847680,0.508973430838801,0.9646679887338400
62994611_AI.txt,AI,7.704009928113110,208.51537106950900,0.02276675176401950,0.5997165471210760,0.49355432780847100,0.059149722735674700,0.565377532228361,0.8187009070011510,0.96367539795656
63083944_AI.txt,AI,7.733327094344620,212.7959811663760,0.01650561201175320,0.5459144694778020,0.4533106960950760,0.05110732538330490,0.5517826825127330,0.8519165292757180,0.9736381490085050
63137898_AI.txt,AI,7.197906202940660,146.8201532538240,0.016048256181047700,1.153599648065490,0.42920353982300900,0.08,0.504424778761062,0.4948868282999760,0.9523450968468780
63145386_AI.txt,AI,7.858486034044310,232.08122959892300,0.016525993990508000,0.36902932574268900,0.5025553662691650,0.02564102564102560,0.5741056218057920,0.6393351520033230,0.9611641047726500
63158213_AI.txt,AI,7.898357907422730,238.58473126238300,0.0310666598896714,1.5622761801599300,0.5148514851485150,0.041390728476821200,0.5742574257425740,1.763528413465060,0.9750629926319650
63282405_AI.txt,AI,7.481693463679380,178.73687104246300,0.006099199755980910,0.4901865476364200,0.5125284738041000,0.09153318077803200,0.6013667425968110,0.7991422235154060,0.9612088087836440
63391085_AI.txt,AI,7.7596092538909300,216.70809780536000,0.017676611470920900,0.3415444756695860,0.47877758913412600,0.06473594548551960,0.5636672325976230,0.7118393055994240,0.9652684699973430
63670997_AI.txt,AI,7.444253564714920,174.1580760353570,0.01773241272778660,0.9138350573546540,0.4251824817518250,0.04212454212454210,0.49452554744525500,0.7818936205061640,0.9713200054729750
63989974_AI.txt,AI,7.461163290782600,176.21138027995400,0.012515755617935300,0.5617094750384940,0.41697416974169700,0.07962962962962960,0.5055350553505540,0.7982539365300510,0.9887658567155640
64017585_AI.txt,AI,7.466348199664860,176.84580658694400,0.01579816659539150,0.4850373482160080,0.5425,0.04020100502512560,0.6375,0.6777240558172130,0.9651377937886150
64468610_AI.txt,AI,7.67009878404788,203.67128512048800,0.00756362992562574,2.292823789898520,0.45729537366548000,0.08035714285714290,0.5498220640569400,0.8488834541435260,0.9812075197623780
64471954_AI.txt,AI,7.2126505312064700,148.32834742528500,0.014107760501368300,0.5611050564220840,0.564179104477612,0.036036036036036000,0.6626865671641790,0.9039053267721400,0.9669458438968590
64589506_AI.txt,AI,7.932808575533430,244.35055573477700,0.03545577474767130,3.743002317403160,0.5007849293563580,0.07559055118110240,0.5714285714285710,0.9289538618844910,0.9888604697636340
64755882_AI.txt,AI,7.831661376639440,227.80591178393400,0.017192649421502400,3.3986494317365000,0.49830508474576300,0.0782312925170068,0.5644067796610170,0.8370011402278370,0.988262052079041
65062795_AI.txt,AI,7.794551874900860,222.0209298020070,0.021431669447044100,0.440838826180546,0.46677740863787400,0.03166666666666670,0.5448504983388700,0.5895132655352470,0.9751802043564780
65219288_AI.txt,AI,7.406029805765420,169.60440213561,0.01980151704115240,0.3865120569948160,0.4568627450980390,0.03937007874015750,0.5313725490196080,0.6513778041885710,0.968346548750987
65237556_AI.txt,AI,7.838070679458950,228.82021148097500,0.03996987131819350,1.4317237602926400,0.49079754601227000,0.06,0.5552147239263800,1.404469268795860,0.9635880561293150
65325317_AI.txt,AI,7.7277680285421200,211.9776026058530,0.011607281323617100,1.2469620929246700,0.5195530726256980,0.03177570093457940,0.5865921787709500,0.8063685637066010,0.949646829971057
65352424_AI.txt,AI,7.442736823982910,173.97507558563300,0.011783491996797600,0.47752903049021200,0.4745762711864410,0.08085106382978720,0.5550847457627120,0.6034047367820780,0.9856472609987330
65373280_AI.txt,AI,7.884742999600740,236.3437657302650,0.012744889184397800,0.29541817388831600,0.4262734584450400,0.05779569892473120,0.514745308310992,0.7291637982309090,0.984254102144789
65456466_AI.txt,AI,7.317573819300150,159.5178233921490,0.028131144918233400,0.45205885348878300,0.4709976798143850,0.07226107226107230,0.5614849187935040,0.5552959906216580,0.9308842156457660
65708020_AI.txt,AI,7.613792994192980,195.8754792314460,0.03577781697260680,0.7856675051185640,0.40353460972017700,0.07090103397341210,0.48306332842415300,0.625659348329123,0.945795665171516
65864767_AI.txt,AI,7.571783736849610,190.25410036263200,0.012033813093713200,1.2059971808665700,0.48758465011286700,0.024943310657596400,0.5869074492099320,1.1084827255784300,0.957324843445234
66226673_AI.txt,AI,7.275434632212180,154.9259100039080,0.013590035166551200,0.26014594824254800,0.49122807017543900,0.05289672544080600,0.568922305764411,0.4707511531578510,0.9581816771212290
66683238_AI.txt,AI,7.831412344192390,227.7665922008010,0.014351740340609700,0.3207497272561080,0.5219047619047620,0.0248565965583174,0.6247619047619050,0.6257437516961480,0.9426521081010640
66741193_AI.txt,AI,7.897940149301310,238.51565479300900,0.01571362082494140,0.8411350023054410,0.3858267716535430,0.048478015783540000,0.4645669291338580,0.43637027280094500,0.9742952265262530
66832845_AI.txt,AI,7.4725686008667900,177.60995061596500,0.011441294779331700,0.3229110884063450,0.48775055679287300,0.058165548098434,0.5657015590200450,0.8147635241975020,0.9758637601692340
66906212_AI.txt,AI,7.711211391550480,209.55881393879700,0.017548715941363400,0.988858810971304,0.4574829931972790,0.07337883959044370,0.5408163265306120,0.7286710929595580,0.9782291439951850
67032711_AI.txt,AI,7.686847482859210,206.04954717540500,0.01740555884488260,2.25663105923237,0.45826235093696800,0.06837606837606840,0.555366269165247,0.5556422335764810,0.9578717096580020
67406885_AI.txt,AI,7.776866964291910,219.31595563456300,0.01078877379347650,0.8631017461755690,0.4745762711864410,0.03709428129829980,0.5362095531587060,0.8657699478388980,0.9399868262118670
67501448_AI.txt,AI,7.729922585870270,212.29441183512000,0.011933548032644600,0.4921088741292640,0.5233463035019460,0.029296875,0.6050583657587550,1.086032355775370,0.9707672137890400
67582956_AI.txt,AI,7.559379923165600,188.62537035341800,0.010669600113173700,0.8196531808689730,0.4566787003610110,0.1410488245931280,0.5315315315315320,0.6905005091346980,0.975295092712826
67631413_AI.txt,AI,7.644157122742240,200.04172251891100,0.050209779412888900,0.4027855024452110,0.43127147766323000,0.07931034482758620,0.5292096219931270,0.6660478818397610,0.9640042849597490
67645662_AI.txt,AI,7.690851181777870,206.62216029243600,0.011048818056589000,0.34057566551163000,0.491362763915547,0.05009633911368020,0.5796545105566220,0.592028888870821,0.9235699533608340
68216398_AI.txt,AI,7.49196793221325,180.01432824065000,0.014384217485499500,0.8332879246709080,0.5,0.0423728813559322,0.5738396624472570,0.5801681150215140,0.9672494345496720
68240723_AI.txt,AI,7.682465531923690,205.42465475987500,0.01200460705779850,1.0756884119840600,0.472636815920398,0.059900166389351100,0.5572139303482590,1.4243968392828000,0.968831658511253
68338341_AI.txt,AI,7.717793147817020,210.51703170338000,0.0072844953452304500,2.4858193126473500,0.44741235392320500,0.06365159128978230,0.5425709515859770,0.843136436612254,0.9809399636190700
68460556_AI.txt,AI,7.147964181846810,141.8246193674510,0.008387450581763120,0.427207657377962,0.5169230769230770,0.08359133126934980,0.5969230769230770,0.5885575587824860,0.938809661892359
68781345_AI.txt,AI,7.480411563269310,178.5781257089930,0.031140221712127900,0.4845120276281960,0.42162162162162200,0.07233273056057870,0.5081081081081080,0.8726265826964610,0.9625746824268510
69005326_AI.txt,AI,7.381377828323560,166.73091581335700,0.01192663491384690,0.47872800875094400,0.4784394250513350,0.030927835051546400,0.5605749486652980,1.028182661027510,0.9673042021025270
69097572_AI.txt,AI,7.986646644545760,253.64143686544000,0.009934995931587640,0.35018476767815900,0.4662668665667170,0.03003003003003000,0.5748502994011980,0.7736484545788130,0.9601900807919710
69155584_AI.txt,AI,7.575679756403710,190.76857877430000,0.017000687576264400,0.37233176316653600,0.5578406169665810,0.025839793281653700,0.6683804627249360,0.5184240773868960,0.9552319534698210
69181350_AI.txt,AI,7.778824613993790,219.61375609242400,0.01304597559292040,0.21838633211198100,0.42715700141442700,0.019858156028368800,0.5134370579915130,0.4596534277162490,0.9452623880949260
69199666_AI.txt,AI,7.774446456292920,218.94830278199800,0.01358178971680770,0.8336906680228810,0.5036363636363640,0.03467153284671530,0.5854545454545450,0.7064814716528650,0.9826745761830420
69243180_AI.txt,AI,7.633870059307750,198.62040854089300,0.09152015215656950,1.531681108956790,0.42207792207792200,0.10603588907014700,0.5073170731707320,1.032039530206850,0.9664893969945300
69336473_AI.txt,AI,7.499263416077900,180.92693814747000,0.016822141341914700,0.4381713077984600,0.3812233285917500,0.07417974322396580,0.4566145092460880,0.7505194450024870,0.9548504280521100
69360287_AI.txt,AI,7.592063651525760,192.94738105013700,0.009701327372221510,0.5397033516615150,0.4785046728971960,0.07129455909943720,0.5457943925233650,0.8310302535605010,0.9734170770091400
69458502_AI.txt,AI,7.8633978497569700,232.87272255381800,0.010660716442397500,0.39615698788804800,0.49333333333333300,0.03511705685618730,0.5683333333333330,0.6756151043536320,0.9531952281480820
69487178_AI.txt,AI,7.658682790778570,202.06600131790700,0.02107198445862880,0.5978840108096090,0.48184818481848200,0.056291390728476800,0.5528052805280530,0.7542269265492940,0.9761364988415880
69532425_AI.txt,AI,7.279254146384100,155.33661753223800,0.011722191933929600,0.33050187268435400,0.5438066465256800,0.06990881458966570,0.6314199395770390,0.6059682411597740,0.9628108967328180
69666645_AI.txt,AI,7.504786099038450,181.62085960809300,0.025159482031415000,0.7955514161864190,0.547911547911548,0.04938271604938270,0.6265356265356270,1.0243883356168600,0.9744401771013580
69764348_AI.txt,AI,7.947201418245350,246.80048480638300,0.061283440486057200,1.5964033084883700,0.428380187416332,0.11946308724832200,0.4979919678714860,0.8509649530457530,0.9449760400098020
69859102_AI.txt,AI,7.816470396005080,225.41979444123500,0.012754285195563300,0.5055014867756140,0.527336860670194,0.033628318584070800,0.5961199294532630,1.0734993524681200,0.9568714502149500
70089206_AI.txt,AI,7.744968694547580,214.52005149252200,0.019161616858760000,0.30169157933386600,0.40207522697795100,0.04811443433029910,0.47341115434500600,1.2615996454490200,0.9720279784158490
70196518_AI.txt,AI,7.276823140162110,155.0750887304590,0.0069044222613774600,0.7447739949521810,0.5079365079365080,0.0425531914893617,0.5925925925925930,0.6086756787895560,0.9623251432818470
70198580_AI.txt,AI,7.722529516651840,211.20929499531800,0.04572427504072250,0.39697205448945800,0.5076045627376430,0.07251908396946560,0.5931558935361220,0.8152785310035270,0.9437844076910280
70528646_AI.txt,AI,7.716865612721400,210.3817299422250,0.017406057877233600,0.41011035617237100,0.47959183673469400,0.07508532423208190,0.5561224489795920,0.7308046093124970,0.9412242225838910
70541112_AI.txt,AI,7.956214701090330,248.34720519335200,0.011490034268824500,0.7619119966673750,0.37379162191192300,0.05597416576964480,0.45435016111707800,0.5286181412770490,0.9854353116205000
70603826_AI.txt,AI,7.908368663329330,240.24601043320300,0.027351331423895700,1.5873217774398300,0.48241912798874800,0.036671368124118500,0.5625879043600560,1.6060534385330400,0.9669002709275590
70667011_AI.txt,AI,7.804276159015460,223.52248565101800,0.009780012050195190,0.34087691695679500,0.4293785310734460,0.06373937677053820,0.5127118644067800,0.6945561689947510,0.9792517126829040
70750649_AI.txt,AI,7.7812873085147700,219.98895906479700,0.015572584435052000,1.5301357809421100,0.4007537688442210,0.08060453400503780,0.46608040201005000,0.8574835329342560,0.983002122798559
70892619_AI.txt,AI,7.314677324512950,159.19788118653600,0.04490192060417360,0.5096806679876650,0.5243553008595990,0.11239193083573500,0.6103151862464180,0.6609935429131480,0.947067264718271
71422121_AI.txt,AI,7.799719111663470,222.81755807950900,0.013689059409585700,0.3345234087554510,0.3819530284301610,0.12763320941759600,0.44870210135970300,0.6871240519058850,0.9703627430030850
71499299_AI.txt,AI,7.585739731383390,192.1034650341250,0.019154332691232700,0.5779638710955730,0.4969574036511160,0.04480651731160900,0.5760649087221100,0.6703385965320450,0.9679874981070620
71576860_AI.txt,AI,7.402733254079780,169.21729927143400,0.010281362455575800,0.47526084135371000,0.46120689655172400,0.03463203463203460,0.5517241379310350,0.7568138343583410,0.9386244463421480
71767359_AI.txt,AI,7.68450368328812,205.71507124791100,0.018709987202731700,0.22500091245863800,0.4620811287477950,0.07964601769911500,0.5520282186948850,0.3959507638635000,0.9794054890235620
71772815_AI.txt,AI,7.169488360241500,143.95642404172400,0.01190527174649190,0.9950268350693540,0.4580335731414870,0.060240963855421700,0.5347721822541970,0.8327300802263020,0.9510085659812940
71888547_AI.txt,AI,7.675819760663370,204.48054277262900,0.005864914801902390,0.3789188115865400,0.49809160305343500,0.05747126436781610,0.5858778625954200,0.5788811738203360,0.9675073234648910
72136463_AI.txt,AI,7.584144994614670,191.89123362511700,0.008387203299489830,0.4206434115855780,0.4504950495049510,0.08609271523178810,0.5066006600660070,0.7467991290907840,0.9841165445698750
72231872_AI.txt,AI,7.551999733565000,187.6629102628790,0.019789381942233300,0.7249583815069930,0.4355108877721940,0.06050420168067230,0.509212730318258,0.7344420163847850,0.954588826130632
72652441_AI.txt,AI,7.609686608323210,195.31874571964300,0.006300283756689870,0.3634476894562180,0.48520710059171600,0.04950495049504950,0.5680473372781070,0.5455623276465180,0.9561652244093430
72807293_AI.txt,AI,7.61213898106284,195.65104166249600,0.01063665698389370,1.6854675730787100,0.4370629370629370,0.06842105263157900,0.5209790209790210,0.688369332263932,0.9430213716168140
72876163_AI.txt,AI,7.707892809083190,209.07732689365500,0.014515730249797300,0.7681306256680500,0.40476190476190500,0.03580901856763930,0.4748677248677250,1.071901733531570,0.9886072534775230
73030450_AI.txt,AI,7.611899422335170,195.61855661047000,0.055464275839261400,1.628911681937340,0.5371549893842890,0.09850107066381160,0.5970149253731340,0.9882580853282970,0.9678771214100130
73075521_AI.txt,AI,7.592090376108850,192.95095525392100,0.011387525970094100,0.46794737734931900,0.49407114624505900,0.047619047619047600,0.5533596837944660,0.7232798014389710,0.9734963225335120
73077810_AI.txt,AI,7.525236210498400,184.21365682408800,0.024890875782026300,0.39330783410060400,0.44947735191637600,0.05244755244755250,0.5174216027874560,0.621252397838439,0.9601435440839550
73157997_AI.txt,AI,7.587718057677040,192.36707169776800,0.012456766072651600,0.27966620757319500,0.43738977072310400,0.06548672566371680,0.5167548500881830,0.5414619104705580,0.9808236729508320
73282756_AI.txt,AI,8.063647105593660,267.54673363985600,0.015914351564566200,0.2867719158780240,0.38904899135446700,0.05101058710298360,0.47262247838616700,0.5051872004657010,0.9762403705215690
73448369_AI.txt,AI,7.533619102896970,185.2871605064740,0.01784789511737890,0.347494516298416,0.41086587436332800,0.4395229982964230,0.47198641765704600,0.7663001352764600,0.9422537636582100
73497035_AI.txt,AI,7.754162393223680,215.89146411882500,0.01775495753168090,0.32852237023018700,0.4603421461897360,0.06708268330733230,0.536547433903577,0.5602588544704480,0.986079823643701
74126637_AI.txt,AI,7.76545624314018,217.58815977317200,0.008892733192535590,0.39204024047366000,0.5027422303473490,0.05504587155963300,0.5886654478976230,0.5126506201969640,0.9117873386280230
74191424_AI.txt,AI,7.839711975720110,229.08067918810600,0.011447833619178500,0.32396522277564700,0.4991394148020650,0.039723661485319500,0.6041308089500860,0.45096062986455700,0.9624492402097220
74236636_AI.txt,AI,7.8146872777080700,225.1413559264750,0.03158965803256960,1.6461895291706600,0.4813753581661890,0.14942528735632200,0.5429799426934100,0.6617983715209230,0.9767865951411420
74512244_AI.txt,AI,7.772113940419600,218.59459825308300,0.024447971059283700,0.34279442704387500,0.476038338658147,0.05448717948717950,0.5543130990415340,0.7634276158297360,0.9708809022254230
74522938_AI.txt,AI,7.530059910924310,184.83061234466500,0.01450843088880840,2.129037952295380,0.47843137254902000,0.07677165354330710,0.5568627450980390,0.950097093915489,0.9642827849187490
74552449_AI.txt,AI,7.008128054376540,128.72317932157800,0.0146843669943706,0.4658740838870930,0.41959798994974900,0.45454545454545500,0.46984924623115600,0.6062210381622550,0.9672376224104260
74816727_AI.txt,AI,7.563486334442230,189.16302850358000,0.014889460368647500,1.395045606883160,0.5259593679458240,0.04081632653061220,0.6117381489841990,0.8541726974727660,0.9581394334091850
74849878_AI.txt,AI,7.21537006710657,148.60821579029200,0.018645634996631300,0.6023312720146260,0.5865724381625440,0.03558718861209970,0.6643109540636040,0.730693762332931,0.9547735030462630
75057933_AI.txt,AI,7.577290568217080,190.98169650599900,0.01385409031047390,0.9620718144269620,0.4224,0.1797752808988760,0.4816,0.7991332595078330,0.9756206412744450
75156649_AI.txt,AI,7.182801892056720,145.29103663571700,0.009860570778001010,0.38420190784751600,0.5127478753541080,0.06267806267806270,0.5977337110481590,0.62155582644423,0.9520399336428540
75286906_AI.txt,AI,7.790597174339490,221.4131617349720,0.010251699828816400,0.4770082069214640,0.4463452566096420,0.054602184087363500,0.5381026438569210,0.8214793438310190,0.9770341327570100
75297735_AI.txt,AI,7.740216597674380,213.81460582049000,0.01076428715034330,1.8051401707808000,0.45893719806763300,0.05977382875605820,0.5201288244766510,0.9109968247776720,0.9880860249474530
75329822_AI.txt,AI,7.406255464943410,169.63093288691900,0.012238549250124900,1.323959436015110,0.41952983725135600,0.08892921960072600,0.5063291139240510,0.6271505171619490,0.9771463994387210
75435017_AI.txt,AI,7.4691317239486300,177.18734084383900,0.007850852710619000,0.27922073112911300,0.461839530332681,0.12401574803149600,0.5372549019607840,0.4474851768135980,0.978324307498005
75744306_AI.txt,AI,7.617447276705660,196.37225201361200,0.01852373081415030,0.48034308552129900,0.4483870967741940,0.0744336569579288,0.5290322580645160,0.9491207266596820,0.9537052661823690
75950464_AI.txt,AI,7.478913640738930,178.392807696298,0.011821696066786600,0.7397701690493450,0.501010101010101,0.09533468559837730,0.5676767676767680,0.9505161926804290,0.9571606475289190
76010167_AI.txt,AI,6.832507261430260,113.96975935808000,0.018488682188712200,0.623109178819101,0.579185520361991,0.01818181818181820,0.6666666666666670,0.6896924500642850,0.9620112886403090
76196367_AI.txt,AI,7.516626973818660,183.1176411693650,0.007997349792746330,0.21700724676213100,0.46520874751491100,0.013972055888223600,0.558648111332008,0.5313641883563150,0.9537269495890560
76454959_AI.txt,AI,7.370422126441390,165.46957093283100,0.011883543361838600,0.6142749748156760,0.37388724035608300,0.17708333333333300,0.44807121661721100,0.7247782673195350,0.9896723044301690
76530505_AI.txt,AI,7.385984302747780,167.2641325700080,0.015410972758214200,1.158832185124430,0.4064272211720230,0.09867172675521820,0.4877126654064270,0.7375595542858480,0.981027442998252
76916835_AI.txt,AI,6.944248485855870,123.14792303268200,0.016141055976029300,0.3694720587460940,0.4053333333333330,0.09115281501340480,0.48533333333333300,0.7250763218548930,0.9677221272072950
77156708_AI.txt,AI,7.638295481615240,199.23060588816800,0.020751147100636700,0.4473657458125680,0.5072164948453610,0.037267080745341600,0.6041237113402060,0.6689659445231410,0.9708439075716020
77266989_AI.txt,AI,7.557250892471820,188.34721522118400,0.01612319039163530,1.6226815842274000,0.47619047619047600,0.03187250996015940,0.5595238095238100,0.697948077778266,0.978319856843605
77439230_AI.txt,AI,7.809974937611810,224.4071662388720,0.006945784217158780,0.4200598125315070,0.4700460829493090,0.04930662557781200,0.5483870967741940,0.821152978008866,0.9882164901199090
77576845_AI.txt,AI,7.769272666863290,218.16451715873400,0.01711330890691740,0.7218082541971090,0.46808510638297900,0.090311986863711,0.5433715220949260,0.9572802502561330,0.9347103746231940
77626587_AI.txt,AI,7.124745232449740,139.56034244742700,0.014052790293108800,0.4291085017885790,0.5426621160409560,0.01718213058419240,0.6279863481228670,0.640361980162617,0.924788506521912
77638654_AI.txt,AI,7.657913333087500,201.9582586702770,0.017459533855984700,0.47031441851345500,0.4911242603550300,0.047524752475247500,0.5818540433925050,0.8138511624746920,0.991054590505653
77828437_AI.txt,AI,7.901609326270080,239.1230388554070,0.011113400863115900,0.36745629562841300,0.4992,0.048154093097913300,0.5744,0.6326284217453400,0.952617237641172
78016758_AI.txt,AI,7.739526011968080,213.7122820639690,0.01443953686151730,0.3567464425392920,0.4590443686006830,0.04639175257731960,0.5513698630136990,0.4626327288742660,0.9296653249003050
78107631_AI.txt,AI,7.294464633237890,156.98301177251400,0.034956175541182400,3.8948231494936300,0.44933920704845800,0.06858407079646020,0.5308370044052860,0.8344318432107880,0.9822942878448750
78114950_AI.txt,AI,7.862075625904750,232.65939346927400,0.006793171145558220,0.6846405414691750,0.45494186046511600,0.10349854227405200,0.5290697674418610,0.7661215188105870,0.9867590067100690
78149576_AI.txt,AI,6.572555132364570,95.1779273239086,0.005226113208711060,0.6359935401733210,0.5049019607843140,0.0594059405940594,0.6127450980392160,0.8411327631590130,0.950014983327491
78229715_AI.txt,AI,7.416291842105330,170.8151163340460,0.022177600188477700,0.45589911398694400,0.42829457364341100,0.09533073929961090,0.5038759689922480,0.7918390680269990,0.9672213699242130
78257294_AI.txt,AI,7.8421361900910800,229.46593560067800,0.015169616348419900,1.5104469651210100,0.4975369458128080,0.032948929159802300,0.5714285714285710,0.763436839501475,0.9858082035560220
78273826_AI.txt,AI,7.477709379010990,178.24395988963500,0.01784263822622960,0.2309468995818400,0.28615384615384600,0.1551901336074000,0.3682051282051280,0.4999590471115180,0.9853071216030320
78298706_AI.txt,AI,7.326416765143580,160.4985846845490,0.016295162218988200,0.2779177627246590,0.4482758620689660,0.06493506493506490,0.5431034482758620,0.6095905421276120,0.9649737756563910
78357954_AI.txt,AI,7.427955397446530,172.20167879828800,0.012097024076863200,0.2558198962444610,0.45018450184501800,0.08518518518518520,0.5202952029520300,0.4330525181348280,0.9632366577666170
78403342_AI.txt,AI,7.890804904046530,237.3389223249200,0.01370564481680970,0.39337183013997500,0.4502923976608190,0.05571847507331380,0.533625730994152,0.7438669328863180,0.9664527919926380
78538268_AI.txt,AI,7.55866315987101,188.53168030909600,0.012524099142987400,0.5886198917581750,0.5243362831858410,0.044444444444444400,0.5973451327433630,0.8304375116684610,0.9684243142616580
79041971_AI.txt,AI,6.86890356990056,116.8815633473430,0.008621259895054010,0.2821675438034070,0.575107296137339,0.05194805194805200,0.6609442060085840,0.4956260886183830,0.9646869703615420
79261033_AI.txt,AI,7.4639961869477300,176.55773135002800,0.014529979370302100,0.5572155944438510,0.4048964218455740,0.07372400756143670,0.5103578154425610,0.6564883485670560,0.9840737986254570
79376680_AI.txt,AI,7.799733506909660,222.81978136961200,0.009195848483409070,1.0422978364982500,0.5717488789237670,0.024774774774774800,0.6614349775784750,0.6094122844548330,0.973170111013975
79432080_AI.txt,AI,8.036290878255720,262.521337494776,0.019138546299128200,0.34267799136587000,0.42717391304347800,0.05984766050054410,0.512486427795874,0.6924427735863880,0.9601360159347200
79536879_AI.txt,AI,7.607714343989120,195.05191385731900,0.018047037783897700,0.5082406510152490,0.477112676056338,0.09187279151943460,0.5440140845070420,0.8690413139099880,0.9774597594641930
79541391_AI.txt,AI,7.700663721477670,208.03229810184100,0.014604902804868300,0.4090373596140270,0.45210084033613400,0.050590219224283300,0.5361344537815130,0.6697083874631100,0.9580355766137170
79570655_AI.txt,AI,6.812184710439570,112.37557678897700,0.011144001511654700,2.0642056174351900,0.5073529411764710,0.08148148148148150,0.5808823529411770,1.183722669555600,0.9435779214661910
79663360_AI.txt,AI,7.837401608368870,228.71411733842700,0.013602772127976400,0.29083575825666900,0.4807692307692310,0.03536977491961420,0.5721153846153850,0.49670605343768200,0.9363644827897800
79759716_AI.txt,AI,7.325969087305350,160.44878863581700,0.0060840861409530700,1.0405998255240700,0.41025641025641000,0.034926470588235300,0.48717948717948700,0.6688546169748330,0.9639626366278490
80000092_AI.txt,AI,6.8472533675992100,115.14064329857000,0.013270645710813800,0.25889100413476100,0.5677966101694920,0.06837606837606840,0.652542372881356,0.5102316447388900,0.964121371933301
80053367_AI.txt,AI,7.708905200842010,209.22409557429300,0.021832428724825700,0.5810457525659620,0.5378151260504200,0.05063291139240510,0.6113445378151260,0.7416427604864140,0.9644598873944820
80162314_AI.txt,AI,7.56306626683045,189.10795817189100,0.008717721064473100,0.31001986496664400,0.4876660341555980,0.03428571428571430,0.5673624288425050,0.5221727299099330,0.9736670047481830
80275976_AI.txt,AI,7.531927146791180,185.06998780232600,0.020325324996730800,0.785110015637071,0.43826086956521700,0.15881326352530500,0.5078260869565220,0.4256491953102020,0.9546541746613130
80503242_AI.txt,AI,7.7181981206003,210.5761333378600,0.026150643860698700,1.5046360666775900,0.44,0.05518394648829430,0.5216666666666670,0.7455751826215630,0.9884156917044930
80527194_AI.txt,AI,7.6350823783529900,198.7873824999760,0.024100843838635700,0.9887669790563150,0.47540983606557400,0.056363636363636400,0.5597826086956520,0.6962287515968910,0.9389758000863310
80679862_AI.txt,AI,7.667407509270860,203.2917007764410,0.011686065641714700,0.561163853240126,0.5059523809523810,0.0697211155378486,0.5833333333333330,0.9877724659274750,0.9659570017487060
80876647_AI.txt,AI,7.493404966784290,180.19372560761800,0.012999417996868200,0.562546957333074,0.5227272727272730,0.0228310502283105,0.6090909090909090,0.9004301254258490,0.9722690812842470
81011612_AI.txt,AI,7.10505861271962,137.66887497153900,0.01967090400048380,0.8672829593770570,0.5134328358208960,0.03003003003003000,0.573134328358209,1.092832518636440,0.9364030225621550
81042872_AI.txt,AI,7.642427131364940,199.80198852458700,0.017627209526053300,0.25732721412433500,0.5214592274678110,0.0625,0.5965665236051500,0.5448831414764950,0.942806420355972
81125166_AI.txt,AI,7.681507678513330,205.28831173864000,0.01998317941344190,0.3886995178641210,0.4065155807365440,0.08806818181818180,0.48158640226628900,0.5811984686243700,0.9451857183287290
81217013_AI.txt,AI,7.704870920663590,208.63984904859600,0.016902085849600900,0.31091067796759600,0.3926218708827400,0.05812417437252310,0.47167325428195000,0.49574431958315600,0.9754747562306670
81310245_AI.txt,AI,7.6474265786355300,200.49557396599700,0.008704224216185400,0.7193670923413890,0.47758620689655200,0.0657439446366782,0.5637931034482760,0.7066421956179970,0.9570242757672770
81373857_AI.txt,AI,7.488570064144430,179.59085329817300,0.008095424538443670,0.657947108065282,0.5679347826086960,0.02185792349726780,0.657608695652174,0.8538054240961000,0.9459357602443290
81508860_AI.txt,AI,7.695216909377790,207.2483649111040,0.010202118907759300,0.4843318984695650,0.4423076923076920,0.03697749196141480,0.5224358974358980,0.4074980417565500,0.9838850413628200
81588968_AI.txt,AI,7.70154802685627,208.15985137344600,0.014605098187630000,1.3393708449579500,0.45950413223140500,0.05638474295190710,0.5322314049586780,0.6865041236149150,0.9744863193105130
81677620_AI.txt,AI,7.644266171004660,200.05684354316200,0.012718129834833200,1.1038841723656500,0.4943820224719100,0.04331450094161960,0.5722326454033770,0.8244373573140490,0.9782902182154860
81761658_AI.txt,AI,7.787808289226700,220.9855596469370,0.019500523952375400,0.4881229380917940,0.371007371007371,0.0665024630541872,0.4606879606879610,0.7155706501000430,0.97322255028738
82118447_AI.txt,AI,7.467400659410470,176.97486435253500,0.06498434683165380,2.558863786375700,0.4400749063670410,0.14285714285714300,0.5056179775280900,1.018035840004780,0.9762178935172970
82125182_AI.txt,AI,7.5691660224126300,189.90920463946000,0.026522473201024300,0.9428024766468910,0.5093945720250520,0.04612159329140460,0.5824634655532360,0.7991115679707950,0.9933896534284690
82140102_AI.txt,AI,7.394339251298680,168.2356044083730,0.00944390604385995,0.42241428306936200,0.4093567251461990,0.1643835616438360,0.5126705653021440,0.5900295723159820,0.9662189789196210
82246962_AI.txt,AI,7.763946177486100,217.36052988641100,0.02304389463623270,1.15562623312387,0.4859504132231410,0.03316749585406300,0.5603305785123970,0.4839647280002740,0.9739689241756150
82649935_AI.txt,AI,7.52380708688423,184.03126641667300,0.021272548335473500,0.25359215043927200,0.5403587443946190,0.013513513513513500,0.6143497757847530,0.3271556530726050,0.9681969185403950
82738323_AI.txt,AI,7.086920039719810,135.94884080104000,0.012047050172638500,1.7086646692782700,0.46236559139784900,0.08648648648648650,0.5510752688172040,1.03579505512296,0.9799373011463960
82929064_AI.txt,AI,7.125584875976370,139.64158972481800,0.012764346540460300,0.24310976479293000,0.526984126984127,0.054313099041533500,0.6253968253968250,0.573409265656776,0.9628471309190090
83206166_AI.txt,AI,7.623281914559930,197.16804110856000,0.01031513630742650,0.48808285393241700,0.5178197064989520,0.029473684210526300,0.5932914046121590,0.8302387303880590,0.969552263243682
83338413_AI.txt,AI,7.751413018810150,215.48042698084700,0.014675238572552000,0.6025001376389720,0.4722662440570520,0.058823529411764700,0.5356576862123610,0.8843613549420500,0.9588458790014810
83566455_AI.txt,AI,7.701471297741030,208.14878077567700,0.021677752495017900,0.3894225453585230,0.3988439306358380,0.1,0.4869942196531790,0.9156980522128720,0.9698288468565350
83816738_AI.txt,AI,8.136554536306420,281.4148278161000,0.049418392396020800,1.979074057105470,0.4280973451327430,0.07095343680709530,0.4856194690265490,1.0009729942840500,0.9290468899271510
84295343_AI.txt,AI,7.02098941150168,129.8758527496110,0.01594121665822810,0.8533352841807770,0.5151515151515150,0.13559322033898300,0.6094276094276090,0.9662026687936450,0.9234843725006140
84356308_AI.txt,AI,7.5548050954873500,188.0281812039300,0.040116588003923700,0.886083292319732,0.43926788685524100,0.10684474123539200,0.49916805324459200,0.8738860158016020,0.9757479739512780
84373843_AI.txt,AI,7.719008358710240,210.69442911265900,0.011583659333827800,0.38369530008361200,0.49471458773784400,0.05307855626326960,0.6067653276955600,0.6299292147292260,0.9510677171468650
84512719_AI.txt,AI,7.352837588214380,163.46495802916300,0.01052379325626750,0.5328998576324310,0.5461956521739130,0.01912568306010930,0.6331521739130440,0.832634370347132,0.9535284033445710
85101052_AI.txt,AI,7.451376437770120,175.02005531043900,0.011286538905098000,1.8807288256589000,0.4581497797356830,0.12831858407079600,0.5352422907488990,0.9506003397152160,0.9806830488179010
85417107_AI.txt,AI,7.511347564923780,182.44876371391500,0.013695829469811000,0.9573856212219310,0.41680395387149900,0.08925619834710740,0.48599670510708400,0.7047654145439180,0.9571957930940980
85421438_AI.txt,AI,7.6305838127782800,198.16849543456700,0.012084785114327600,0.37046586599393000,0.4417808219178080,0.05326460481099660,0.5273972602739730,0.4273633886924480,0.9584707989979790
85766635_AI.txt,AI,7.744923321223350,214.5133048589550,0.01503436753123090,0.5457097001263320,0.4805194805194810,0.06188925081433230,0.5584415584415580,1.1209384585087700,0.9755006753938880
85918100_AI.txt,AI,7.601115068096790,194.16173136052600,0.012446679617716200,1.1776368570498800,0.4496268656716420,0.06179775280898880,0.5410447761194030,0.9494733502342330,0.9880431671321800
85973397_AI.txt,AI,7.522533171655540,183.86883655447900,0.0410001397070766,1.2234876722032700,0.4359925788497220,0.08007448789571690,0.5157699443413730,0.786381662284981,0.9876889142510960
86184722_AI.txt,AI,7.581907719534500,191.59388681677400,0.02056548958292950,0.5441345170834930,0.44646098003629800,0.03825136612021860,0.5408348457350270,0.4104922501072270,0.9540955615766760
86209934_AI.txt,AI,8.002647207693240,256.47016678819800,0.01681741847910880,0.5516787521305440,0.513677811550152,0.057926829268292700,0.5835866261398180,0.9270193521143300,0.9753929478403050
86322251_AI.txt,AI,7.568726626057340,189.85137349431400,0.026609544723542100,0.3015824372064970,0.45045045045045000,0.08318264014466550,0.527927927927928,0.6517783265629110,0.9773461169228330
86549455_AI.txt,AI,7.224829537361400,149.58581235566200,0.02303817382330310,0.7060206896370550,0.5159420289855070,0.09912536443148690,0.5768115942028990,0.6898033106874840,0.9758697596798830
86551046_AI.txt,AI,7.299863509558970,157.57157667682900,0.02246180279536000,1.3589568756378300,0.4295942720763720,0.09592326139088730,0.548926014319809,1.0831129574266600,0.9747495852628330
86595128_AI.txt,AI,7.697738719396590,207.61094885220300,0.01720413494848360,0.5559487315915370,0.4444444444444440,0.05067567567567570,0.5252525252525250,0.6947056498406120,0.9734431403326910
86597425_AI.txt,AI,7.754700646098950,215.97202576070700,0.015346192057796900,1.1186501185256900,0.4957410562180580,0.07008547008547010,0.575809199318569,0.9627392844030150,0.9736969200649830
86828820_AI.txt,AI,7.441197551232820,173.7895531604090,0.012031355860343300,0.8883776483512790,0.42934782608695700,0.056363636363636400,0.4963768115942030,0.7043554542311160,0.9830083847968970
87118391_AI.txt,AI,7.588314161876210,192.44657187593000,0.011374481516282200,0.3983777031259170,0.47713717693837000,0.031936127744511000,0.5725646123260440,0.5618302339111360,0.9349627322501940
87520378_AI.txt,AI,7.870126185940240,233.96131389044600,0.01655974743910790,2.904903319428670,0.5207296849087890,0.06821963394342760,0.5903814262023220,1.5275962778588600,0.9726285856635610
87635012_AI.txt,AI,7.736376385341400,213.24622398969600,0.011700663424476900,0.6164878086849770,0.40700808625336900,0.043243243243243200,0.49056603773584900,0.565325145673901,0.9927258451245700
87826037_AI.txt,AI,7.908199576966100,240.21785483370200,0.011246276956813700,0.39851838754512000,0.5077452667814110,0.04835924006908460,0.5920826161790020,0.5193179661841790,0.9551661877701200
87867370_AI.txt,AI,7.6547373141052300,201.51414696777500,0.03013199722362150,1.75749361812458,0.39196675900277000,0.09166666666666670,0.4709141274238230,0.8673497182339900,0.9746932383591390
87968870_AI.txt,AI,7.5381483185279500,185.86976747864900,0.01460352794514330,0.2828038797927720,0.432520325203252,0.06851549755301800,0.5024390243902440,0.5738207357252600,0.9569026989743520
88038965_AI.txt,AI,7.236079998386600,150.75687640410200,0.023245314393252900,0.7180218199869150,0.31746031746031700,0.16353111432706200,0.38816738816738800,0.6312370071989610,0.9864790202419260
88651471_AI.txt,AI,7.749912249858980,215.25638920320100,0.045161243429398700,1.5514985699645200,0.4722689075630250,0.06913996627318720,0.5546218487394960,1.4745868236001800,0.9809890570139520
88691367_AI.txt,AI,7.57488641865843,190.66370400485900,0.013211738294090700,0.571295755927735,0.42908438061041300,0.04144144144144140,0.5170556552962300,0.655237553894391,0.9675369380338100
88859947_AI.txt,AI,7.788943532210590,221.15951951331700,0.015528517748127800,0.6630661372981980,0.5161290322580650,0.0539568345323741,0.5985663082437280,0.8860047136355540,0.9499612226093370
88907739_AI.txt,AI,7.7626841944270500,217.1704790712940,0.006859092912310750,1.5238270165995300,0.48117839607201300,0.024630541871921200,0.5450081833060560,0.6420647866913160,0.9555077399824120
89049979_AI.txt,AI,8.035143854412610,262.3127011900560,0.030746317091854500,0.7068713597303190,0.4958217270194990,0.07402234636871510,0.5766016713091920,1.31479721534787,0.9769620647752900
89197180_AI.txt,AI,7.587536517694220,192.3428669165850,0.025338517097961300,1.2999112129196700,0.4098798397863820,0.10040160642570300,0.472630173564753,0.7705712753481220,0.9602511837721100
89413122_AI.txt,AI,7.520560080006960,183.61754152331100,0.01149053156106180,0.42154402058775800,0.45596868884540100,0.07072691552062870,0.538160469667319,0.5768571060914390,0.9850480101029760
89508407_AI.txt,AI,7.444441296078550,174.18073991059700,0.010212883930629800,1.0379383655091000,0.4891566265060240,0.03389830508474580,0.6144578313253010,0.5369376464582900,0.9581788347279360
89512321_AI.txt,AI,7.432893877417240,172.79215128483400,0.04956945882329110,0.7337173430816960,0.48498845265588900,0.030162412993039400,0.5866050808314090,0.9524095606137780,0.9611432136582100
89740812_AI.txt,AI,7.778607451237620,219.58070105448200,0.02587337564604940,0.5794536389335200,0.4922813036020580,0.06368330464716010,0.5660377358490570,1.165656291902980,0.9706415004970900
89858892_AI.txt,AI,7.722161717185220,211.15545633745500,0.012649951510035200,0.24794397365444900,0.4912,0.02247191011235960,0.5648,0.8064680526840480,0.9541634108457330
90032884_AI.txt,AI,7.630958259925930,198.219936145364,0.01836729062036660,0.8695686515753170,0.5271966527196650,0.06302521008403360,0.5920502092050210,1.1266304938674700,0.978521340665913
90066849_AI.txt,AI,7.187280060276160,145.74272498936000,0.02338240841777020,0.5703671533256000,0.3715953307393000,0.11328125,0.4591439688715950,1.476685224436960,0.9320388349514560
90280583_AI.txt,AI,7.695349601551370,207.26742749878900,0.007664628657769800,2.0002583906707700,0.4860335195530730,0.03551401869158880,0.5512104283054000,0.9125954773937100,0.9738950263710220
90318913_AI.txt,AI,7.201163867687640,147.15205378075500,0.01990294319010730,0.46967654320232100,0.42283298097251600,0.10191082802547800,0.5031712473572940,0.6766634240762640,0.9726953892075650
90363254_AI.txt,AI,7.51997518220066,183.54311433906700,0.010199369309864200,0.8488647202131480,0.43912175648702600,0.04208416833667340,0.5269461077844310,0.48946232095700100,0.9794792111460360
90365216_AI.txt,AI,7.690529674720210,206.5761193209240,0.04781262924856190,0.6170004401147650,0.5762331838565020,0.009009009009009010,0.647982062780269,1.2389657324004800,0.9520701134056260
90468982_AI.txt,AI,7.6729838697694000,204.07899225117000,0.012500174777139200,0.881123695269915,0.47735849056603800,0.056818181818181800,0.5735849056603770,0.5700198849147390,0.9591853787416770
90629382_AI.txt,AI,7.708357210243070,209.14463937447700,0.01634774435916360,0.5055020573529220,0.4826388888888890,0.029616724738676000,0.5590277777777780,0.7229688648568960,0.9439135611782200
90682785_AI.txt,AI,6.911365779751970,120.37281327982100,0.010373118014179300,2.1070715605146900,0.5590551181102360,0.05952380952380950,0.65748031496063,0.7077859859604480,0.9563036981851670
90685127_AI.txt,AI,7.362235927892240,164.53331558225600,0.017010438434776600,0.25050185000220300,0.42436974789916000,0.04852320675105490,0.5210084033613450,0.44481152657971400,0.9619979696809460
90867631_AI.txt,AI,7.583273695316350,191.77537808048300,0.019605160826109000,1.1082145682915200,0.4567669172932330,0.04150943396226420,0.5300751879699250,0.5166605270999410,0.9661083231031850
91026230_AI.txt,AI,7.577600169708130,191.02268546154300,0.014925301414554800,0.41820516508931000,0.44991212653778600,0.07760141093474430,0.523725834797891,1.079016984226250,0.9731575163293440
91051945_AI.txt,AI,7.67765625233518,204.74100386785200,0.013771822545270600,0.23904290333071400,0.4583333333333330,0.06856187290969900,0.5416666666666670,0.46260487240609200,0.9772060347751000
91072502_AI.txt,AI,7.388872971171270,167.5993764344600,0.019247237937956200,0.3850674300979530,0.37416107382550300,0.11784511784511800,0.44966442953020100,0.5800921870947140,0.9894740251835570
91116867_AI.txt,AI,7.269565769135630,154.29695374725100,0.033624847103570400,0.7599382548166300,0.5934426229508200,0.026402640264026400,0.6885245901639340,0.7702806605855300,0.9692392244173760
91121135_AI.txt,AI,7.403946809460810,169.35970009198100,0.023424249914234500,0.45112203744618000,0.4708333333333330,0.09832635983263600,0.5333333333333330,0.7425743509350880,0.9917658564421060
91153752_AI.txt,AI,7.482037293932260,178.7794735783810,0.015357578243707000,0.4796624738725330,0.5231958762886600,0.10880829015544000,0.6314432989690720,0.7418273429608750,0.9750767421510030
91189201_AI.txt,AI,7.533397888299450,185.25875181220000,0.014654799451314400,2.35653856357476,0.4759825327510920,0.11842105263157900,0.5611353711790390,0.7513674872824810,0.9536194307935040
91197243_AI.txt,AI,7.8070053566677600,223.94573131570000,0.008184217507674690,1.2259604865393500,0.4626865671641790,0.04326123128119800,0.5456053067993370,0.8221080881450880,0.9471622033114900
91268638_AI.txt,AI,7.654987972644740,201.5491617342950,0.0057864672931577100,0.2952214152483130,0.4744094488188980,0.06126482213438740,0.5708661417322830,0.5280170815166000,0.9722949562500180
91318828_AI.txt,AI,7.685135501098260,205.80518239890300,0.019169193889211800,1.2058425388781200,0.526,0.05421686746987950,0.604,1.0339891384640100,0.9745449851634040
91431878_AI.txt,AI,7.54698271952331,187.01144043353700,0.015242884005928000,1.5273454519561600,0.4379432624113480,0.16725978647686800,0.5,0.6145571840778680,0.9684606080638030
91467795_AI.txt,AI,7.766935545223550,217.81138345409800,0.015270959246256600,1.045313771356260,0.48007246376811600,0.03272727272727270,0.5760869565217390,0.6703812445858610,0.9667171566651640
91478356_AI.txt,AI,7.413152841195030,170.44386260661800,0.01814113100048160,0.38733803226659400,0.5216346153846150,0.04106280193236720,0.6081730769230770,0.7916573978784420,0.954220303538906
91515108_AI.txt,AI,7.711814975046300,209.64650586312200,0.01981587062491880,0.6545258143801770,0.4794520547945210,0.08762886597938140,0.5582191780821920,0.8378967546526320,0.9470971332385000
91533580_AI.txt,AI,7.260653383983840,153.34670785177600,0.011112038891808600,2.1948623310883100,0.34201954397394100,0.07679738562091500,0.42671009771987000,1.4601992240142900,0.9607527088030880
91539554_AI.txt,AI,7.515475997713270,182.97160893628100,0.05755507523670900,2.864846318320980,0.46075085324232100,0.16095890410958900,0.515358361774744,0.9230922239685640,0.986913985329386
91564103_AI.txt,AI,7.470432685049680,177.34719292382800,0.011541670226011400,0.48505539578857500,0.43856332703213600,0.04743833017077800,0.5330812854442340,0.5814885327164630,0.9417716551837260
91591026_AI.txt,AI,7.714876698133690,210.09189530259500,0.02559153735742510,2.8251226471177200,0.4462809917355370,0.04145936981757880,0.5305785123966940,0.8632780404153380,0.986313870196472
91635250_AI.txt,AI,7.905163654171210,239.71288597437300,0.016453415446152200,0.24276867447310200,0.42782152230971100,0.014473684210526300,0.5275590551181100,0.6527523722113580,0.9625192375565630
91697974_AI.txt,AI,7.640478587307490,199.53231255739700,0.029965807628656200,0.7141955315139700,0.46179401993355500,0.05,0.5282392026578070,1.337936118651480,0.9416874005712860
91930382_AI.txt,AI,7.489308552821300,179.68280603801200,0.01053999638841750,0.769874946786182,0.5286783042394020,0.02506265664160400,0.628428927680798,0.4469206019842010,0.9657973313211480
92069209_AI.txt,AI,7.55961131878458,188.6556266332160,0.014940588106288800,0.7469198364257110,0.4288135593220340,0.05782312925170070,0.5016949152542370,0.7142816103628980,0.9404164303608210
92122785_AI.txt,AI,7.69297049612338,206.92591062664000,0.014910910633091000,0.6303076821879780,0.44773519163763100,0.033216783216783200,0.554006968641115,0.8172178595450650,0.9559468742266890
92200491_AI.txt,AI,7.382582597812470,166.87020804794200,0.008955249706704560,0.7568923737459950,0.4978540772532190,0.034482758620689700,0.572961373390558,0.6873101065855410,0.9592112424511260
92246939_AI.txt,AI,7.8389526495989500,228.96014007875200,0.03274094023920350,2.2138254638179000,0.4781144781144780,0.0929054054054054,0.5454545454545450,1.015606729677960,0.976450720926387
92283635_AI.txt,AI,7.183376722216970,145.34893820755700,0.03452658534106420,0.22357762288481000,0.43555555555555600,0.171875,0.5088888888888890,0.48801344942920700,0.9578801832496000
92524964_AI.txt,AI,7.447530697007490,174.5541318591920,0.019552059491566600,1.3245593326604100,0.5142857142857140,0.009569377990430620,0.5928571428571430,0.5837187639488560,0.9683500046428260
92985983_AI.txt,AI,7.6378048873767100,199.1628682389580,0.011793585073308400,0.6790373510810140,0.44350758853288400,0.10321489001692000,0.524451939291737,0.9326335080614740,0.975411196102273
93002334_AI.txt,AI,7.718333039155490,210.59582700517200,0.010386441896717300,1.9510062392591700,0.43894899536321500,0.05581395348837210,0.5285935085007730,0.5687547394682880,0.952928348270803
93112113_AI.txt,AI,7.663662181413370,202.76462707784600,0.012485766921152500,0.7338912970277560,0.3500545256270450,0.06229508196721310,0.4187568157033810,0.5097040839525470,0.9532115686749180
93301686_AI.txt,AI,7.853517530534060,231.28333879598600,0.009955341641353100,1.1528430174858400,0.4324712643678160,0.03025936599423630,0.5258620689655170,0.5231000023248800,0.9739945837688050
93349646_AI.txt,AI,7.657019354470720,201.83315223225500,0.028345349227877200,0.5140094161745780,0.4676524953789280,0.05380333951762520,0.5489833641404810,0.9145894380100000,0.9780121229328990
93436805_AI.txt,AI,7.52946314126455,184.7541731190230,0.010555655124529300,0.8923635572083580,0.4791666666666670,0.06844106463878330,0.5473484848484850,0.7913638438313280,0.9770279185059250
93459677_AI.txt,AI,7.839763602870480,229.08887703585100,0.014115934234025700,0.3098082082482330,0.48148148148148100,0.05654281098546040,0.5571658615136880,0.48924122074654400,0.963507257789187
93512385_AI.txt,AI,7.280662128307380,155.48829054862200,0.006148042626485130,0.3018731595982370,0.4943820224719100,0.059322033898305100,0.5898876404494380,0.3317711272036390,0.9571145470433550
93576192_AI.txt,AI,7.52586628079918,184.29412629250600,0.025143848261394700,3.467800807615540,0.5220417633410670,0.05128205128205130,0.5986078886310910,1.8619414777091400,0.9559630402614420
93653247_AI.txt,AI,7.544052582527470,186.632002621536,0.01333618233658510,0.4931534361450500,0.3709449929478140,0.055162659123055200,0.4541607898448520,0.5028068735873480,0.9613850935850300
93828034_AI.txt,AI,7.631067340488610,198.2349239002140,0.016832990264535300,0.3654354102339140,0.45733788395904400,0.0859106529209622,0.5273972602739730,0.6983865003483160,0.9687195057775040
93988900_AI.txt,AI,7.724576821153400,211.5092313547460,0.020362573513969900,1.7275923873364400,0.4720720720720720,0.04701627486437610,0.5423423423423420,0.7209871302489410,0.9794843172142540
94047639_AI.txt,AI,7.191353153268960,146.15477495078800,0.021854337168759800,0.3737164787623590,0.4168466522678190,0.1019522776572670,0.47516198704103700,0.7028779821507300,0.9574023799738250
94137171_AI.txt,AI,7.414520333125230,170.60549836497000,0.026617426359818400,0.33672681354380900,0.49445676274944600,0.031180400890868600,0.5764966740576500,0.536797308050991,0.982226514031751
94230796_AI.txt,AI,7.846818178465260,230.21183269504300,0.018546403030093400,1.3879956171272500,0.4772370486656200,0.047244094488189000,0.5729984301412870,0.9795811615284890,0.9679558156813130
94417768_AI.txt,AI,7.868989061449330,233.77697949331700,0.026053702838498400,0.6880940872181100,0.5814393939393940,0.024714828897338400,0.6477272727272730,1.1371304231149400,0.9796193744647640
94492380_AI.txt,AI,7.681415414344630,205.27518342721800,0.026902208614289400,0.8272364049213210,0.40942562592047100,0.04874446085672080,0.5007363770250370,0.5316914090550150,0.9311203149064030
94503308_AI.txt,AI,7.616007602732620,196.17638871669300,0.012698697457284700,0.4748658539096890,0.4804964539007090,0.042704626334519600,0.5656028368794330,0.676576874402316,0.9826632376814980
95011061_AI.txt,AI,7.468530749593650,177.11354640424100,0.011322511909280100,0.5116631312773790,0.49892008639308900,0.04338394793926250,0.5766738660907130,0.816823361361152,0.9857027197445560
95085510_AI.txt,AI,7.7578370150781200,216.44205217919200,0.01363571464871580,1.3567497404634100,0.4696223316912970,0.042833607907743,0.548440065681445,0.9773097946538100,0.9624909311119030
95350373_AI.txt,AI,7.44944581254278,174.7859988144900,0.007965873034309030,0.4180773854264190,0.4280701754385970,0.12147887323943700,0.49122807017543900,0.6211384007199390,0.8928290256135060
95382114_AI.txt,AI,7.7977356956805200,222.51143915394700,0.013537736854233900,0.9624676091116360,0.4496951219512200,0.053516819571865400,0.538109756097561,0.7855666555715910,0.9781475022706800
95429627_AI.txt,AI,7.854969151367130,231.51617017512000,0.01578722544410290,0.9904076593364800,0.4607250755287010,0.08333333333333330,0.540785498489426,0.7716046601175240,0.9883858466540520
95519832_AI.txt,AI,7.500121081086900,181.03452903364800,0.016594187158598900,0.4867156290145650,0.5294117647058820,0.06451612903225810,0.6363636363636360,0.8723121635669690,0.9020913789695610
95625660_AI.txt,AI,7.825988903306880,226.9119696616400,0.01721176778622220,2.681458141657550,0.5811965811965810,0.008583690987124460,0.6538461538461540,0.9586571386186830,0.9654099320171650
95714702_AI.txt,AI,7.679580155666040,205.01421799037900,0.012806758452364700,1.1302008080344900,0.45425867507886400,0.11550632911392400,0.5157728706624610,1.1327143325354300,0.9603278868164700
95769832_AI.txt,AI,7.415229876128680,170.68942581110900,0.009566538844911620,0.276422845405348,0.5086848635235730,0.08478802992518700,0.6004962779156330,0.5346396518512190,0.9752889569285580
95792386_AI.txt,AI,7.751639142311620,215.51420335491200,0.024270949174153700,0.7265849502553610,0.4263005780346820,0.059420289855072500,0.5043352601156070,0.6966010604727740,0.9521307041183270
95970987_AI.txt,AI,7.4072601268506800,169.7491013733520,0.010827858751682300,0.8986969014636540,0.4494163424124510,0.044921875,0.5291828793774320,0.5589305015066550,0.9823545875807510
96029688_AI.txt,AI,7.615646929228470,196.1273507843270,0.015172778426107400,0.7473737663861300,0.4654205607476640,0.075046904315197,0.5383177570093460,0.6313986938707480,0.968846263749296
96260484_AI.txt,AI,7.5385396517415900,185.92019177295200,0.021926021969331100,1.1258119482580900,0.41166936790923800,0.0975609756097561,0.4846029173419770,0.5533542105445,0.9521102125891210
96457008_AI.txt,AI,6.854728107418150,115.73874596577000,0.025231288021625000,0.3996846482198060,0.5239852398523990,0.10780669144981400,0.5940959409594100,0.6569277743029460,0.9561345635232580
96493528_AI.txt,AI,7.787541041394930,220.94462761326000,0.017927280064267700,0.9793673384678520,0.46296296296296300,0.060810810810810800,0.5589225589225590,0.7054915292408060,0.9688868864211280
96547039_AI.txt,AI,7.499748930876550,180.98783631798300,0.004474955860909330,1.3692765777915800,0.47950819672131100,0.05761316872427980,0.5512295081967210,0.7214383335694360,0.96552308433773
96761538_AI.txt,AI,7.174870995917320,144.49452270833100,0.009829818758047150,0.631336981944519,0.5407166123778500,0.06557377049180330,0.6384364820846910,0.7606553954930410,0.9617924565645730
97123005_AI.txt,AI,7.803488882900050,223.40054310347300,0.009294137489230230,0.46743873596585100,0.5259391771019680,0.05745062836624780,0.6028622540250450,0.8964389541090260,0.9622531322541520
97169343_AI.txt,AI,7.696751190539710,207.46888719385400,0.01616579343090000,0.5005230736682960,0.45098039215686300,0.06721311475409840,0.5326797385620920,0.7844542709129690,0.9777385833670870
97405769_AI.txt,AI,7.494544028317080,180.33605145178600,0.009214415074993740,0.6564174142211710,0.4263959390862940,0.0967741935483871,0.5042301184433160,0.6704157420074670,0.9554891873973300
97449528_AI.txt,AI,7.910304894558670,240.5686594384350,0.008666698459306730,0.33089817563039400,0.5077160493827160,0.032507739938080500,0.5787037037037040,0.5185221928147300,0.948964043967945
98086373_AI.txt,AI,7.552746776239610,187.76010925587300,0.02290786376241590,0.6666393636928870,0.4218009478672990,0.10618066561014300,0.5039494470774090,0.9183030100296960,0.9676416006859970
98108571_AI.txt,AI,7.0204121054160400,129.8238922739070,0.03245750330448530,0.6106314977441820,0.5285714285714290,0.03597122302158270,0.625,0.5685630034471900,0.9350897499468000
98300955_AI.txt,AI,7.970630087887880,250.84112552936500,0.010488610088272700,0.577171152455524,0.4306864064602960,0.07422402159244270,0.5141318977119780,0.5112600170360550,0.9748842442840910
98309114_AI.txt,AI,7.84733293182302,230.2939868952270,0.03870332297620640,1.3868672275812100,0.4672489082969430,0.072992700729927,0.5283842794759830,0.9824180277630210,0.9580639128131640
98348532_AI.txt,AI,7.559017366841820,188.57797383052600,0.017376396046702400,0.47932544030524700,0.31492361927144500,0.36984687868080100,0.3654524089306700,0.7641752190349770,0.9623015776412490
98379112_AI.txt,AI,7.720249004888950,210.87569379958000,0.015359464397096400,0.37754656265550200,0.5193798449612400,0.04085603112840470,0.5968992248062020,0.647136426694033,0.9743720280120120
98389424_AI.txt,AI,7.671130614897000,203.81700509548600,0.027763644406590300,0.559264664353545,0.4759259259259260,0.0037174721189591100,0.55,0.7935024592821960,0.9655789446711920
98509238_AI.txt,AI,7.627107345669860,197.69154303009900,0.016842693859042300,0.4495254374949520,0.39305555555555600,0.10584958217270200,0.4736111111111110,0.87639821451744,0.9632493010000150
98513424_AI.txt,AI,7.719094356908750,210.7069888573580,0.011576828193354200,1.5821839886457000,0.38413098236775800,0.09595959595959600,0.4609571788413100,0.5711799365359050,0.9831350965233420
98559931_AI.txt,AI,7.614626147063890,195.98862951230200,0.023197860790315600,0.9025543565391940,0.48,0.029197080291970800,0.5509090909090910,0.7877687568855910,0.9584658160569340
98965485_AI.txt,AI,7.508961729442270,182.14729112921700,0.014280170693354500,2.198317342148230,0.4618556701030930,0.049689440993788800,0.5505154639175260,0.7167234919111410,0.9591207209834470
99033098_AI.txt,AI,7.424158253569420,171.74904342215200,0.009431129158996500,0.5865371644030450,0.5375,0.02512562814070350,0.6225,0.8919489428586520,0.9610773720054730
99124477_AI.txt,AI,7.899407670307100,238.7583982759200,0.014393934769224600,0.44368320231601000,0.513986013986014,0.03859649122807020,0.5769230769230770,0.642181200452704,0.9751390580532790
99244405_AI.txt,AI,7.615666368368750,196.12999345839300,0.028005753456610100,0.4067166728494150,0.5257731958762890,0.049689440993788800,0.6144329896907220,0.7966111817659830,0.915117852487903
99416532_AI.txt,AI,7.627648423244190,197.76570043602000,0.021588415384831200,1.5650345742547800,0.4414976599063960,0.10485133020344300,0.5039001560062400,0.8555776062240060,0.9577136965942370
99433371_AI.txt,AI,6.718771352760080,105.32990953675000,0.020731420336400000,0.40154588405532000,0.5286885245901640,0.09917355371900830,0.5942622950819670,0.793872664925615,0.979224061403042
99561379_AI.txt,AI,7.985758122015490,253.48527306073500,0.020559624648010300,1.7455487994468600,0.5316666666666670,0.03511705685618730,0.6133333333333330,0.8339767630931390,0.9749960425096430
99680385_AI.txt,AI,7.774980934470270,219.02943203388800,0.009280911572134280,0.4249187352376710,0.5333333333333330,0.01968503937007870,0.6254901960784310,0.6892844611626360,0.9646245907580440
99714410_AI.txt,AI,7.63717139832852,199.07543479241000,0.02558035225959610,1.9657923814375200,0.5,0.06995884773662550,0.5881147540983610,0.9991857551921420,0.9747784716345180