file,lexical_density,pattern_regularity,repetition,sentence_evenness,tonal_stability
10138632.txt,0.4328767123287671,0.042582417582417584,0.5,0.5022837691983986,0.9878571224243383
10186968.txt,0.5393700787401575,0.04940711462450593,0.6220472440944882,0.5091441457019623,0.9639066847804868
10268614.txt,0.45875542691751087,0.07111756168359942,0.5209840810419681,1.4203534923751364,0.9852747061992587
10466208.txt,0.26555555555555554,0.7639198218262806,0.30666666666666664,1.0437612685542046,0.9582003494645178
10480456.txt,0.27866473149492016,0.3467312348668281,0.31204644412191584,4.517481641519074,0.9991191268312951
10549585.txt,0.4240331491712707,0.01662049861495845,0.5027624309392266,1.0035719805629544,0.9528029188896464
10554045.txt,0.42824339839265213,0.04833141542002301,0.5063145809414467,1.4951954604062063,0.9532144680284221
10554236.txt,0.2086981903093987,0.3195093457943925,0.27553998832457677,0.43806921804226634,0.9667218255701021
10562768.txt,0.41154791154791154,0.17857142857142858,0.4680589680589681,0.8256613137775145,0.9637711938376422
10624813.txt,0.4143835616438356,0.09382151029748284,0.4954337899543379,0.5114291856233469,0.9607467044281908
10738095.txt,0.3113026819923372,0.41746641074856045,0.3726053639846743,0.8671515620177924,0.9778421734472362
10748989.txt,0.3164005805515239,0.5094614264919942,0.3468795355587808,1.5039850166739606,0.971793499061507
10820510.txt,0.44542772861356933,0.08902077151335312,0.528023598820059,0.7293596075506058,0.98176612235051
10830646.txt,0.2937181663837012,0.358843537414966,0.3471986417657046,1.6704786807807976,0.9602776027857972
10953078.txt,0.40620592383638926,0.16407355021216408,0.47531734837799716,0.7288974918822676,0.9278374919249742
10969918.txt,0.4432515337423313,0.02923076923076923,0.5506134969325154,1.1045637635445287,0.967656173821858
10984392.txt,0.4500601684717208,0.024125452352231604,0.54632972322503,0.5456594450468232,0.9677009814966846
11232471.txt,0.4830188679245283,0.03802281368821293,0.5660377358490566,0.5347127392086364,0.9683723895493932
11262933.txt,0.3824228028503563,0.14047619047619048,0.44655581947743467,0.827599258053739,0.9064567489645408
11289482.txt,0.37165510406342916,0.0605759682224429,0.46085232903865214,0.729019062841254,0.9871968175522898
11333001.txt,0.48855989232839836,0.02699055330634278,0.5773889636608345,0.5726066721621996,0.948504176541401
11522068.txt,0.5132275132275133,0.0213903743315508,0.6455026455026455,0.6054487394420651,0.9676850448595304
11584809.txt,0.4405144694533762,0.05806451612903226,0.5,0.7607212084489883,0.9676608062746606
11592605.txt,0.4580745341614907,0.056074766355140186,0.546583850931677,0.9692204916012016,0.9876341638642542
11704150.txt,0.45454545454545453,0.37865748709122204,0.5197255574614065,2.2235823547354356,0.9781536020353367
11807040.txt,0.4149443561208267,0.1178343949044586,0.4841017488076312,1.2442437129914776,0.9528158902078315
11887930.txt,0.36117936117936117,0.22536945812807882,0.4152334152334152,1.0898721808645055,0.9867080590903424
12085736.txt,0.3951935914552737,0.058902275769745646,0.45927903871829107,0.5208623470027279,0.9635712289848342
12212468.txt,0.3060869565217391,0.24804177545691905,0.37445699391833187,0.7991850345543646,0.9290934132594522
12254068.txt,0.3605051664753157,0.12428078250863062,0.45120551090700345,0.7586121569155188,0.9781047774843636
12351749.txt,0.45794392523364486,0.11032863849765258,0.5210280373831776,1.148637337508331,0.9883820767086451
12545844.txt,0.4752186588921283,0.08211143695014662,0.5597667638483965,0.5424962994548578,0.9828133756867421
12547982.txt,0.2712665406427221,0.2803030303030303,0.32892249527410206,0.7246739121377265,0.9551969303172724
12674307.txt,0.46766169154228854,0.015,0.5771144278606966,1.3648474919758966,0.8797054094287521
12693146.txt,0.297153024911032,0.38324420677361853,0.37544483985765126,0.5619587984637282,0.9566774786723634
12695537.txt,0.4689189189189189,0.06233062330623306,0.5297297297297298,0.9019269494932626,0.982469898011358
12786012.txt,0.3996710526315789,0.08250825082508251,0.48026315789473684,0.7954678291200072,0.9829887703751253
12839152.txt,0.33836206896551724,0.3174946004319654,0.41810344827586204,0.6324279371672596,0.9752090900333302
13115648.txt,0.46129541864139023,0.03486529318541997,0.5545023696682464,0.814326029053176,0.9645813778506404
13129275.txt,0.4095826893353941,0.05581395348837209,0.47449768160741884,0.9179507499352588,0.9961185031044307
13264796.txt,0.19943932719263116,0.8364729458917836,0.24028834601521826,1.9257312568949538,0.9842896717253251
13294301.txt,0.30564784053156147,0.8366666666666667,0.3588039867109635,0.6391313392224504,0.9270337881601303
13296856.txt,0.40852575488454707,0.062388591800356503,0.49023090586145646,1.6121038287606415,0.8267308620523972
13313917.txt,0.4481751824817518,0.0527086383601757,0.5109489051094891,0.7582712936038328,0.9738341329133051
13393401.txt,0.36351875808538164,0.05714285714285714,0.4494818652849741,0.590798944996957,0.9652726840369525
13520837.txt,0.4149326805385557,0.05889570552147239,0.49571603427172584,1.3552365843333865,0.9458418690661057
13569152.txt,0.4304932735426009,0.0704647676161919,0.515695067264574,0.8336343219774158,0.9781873710158694
13764840.txt,0.5255474452554745,0.022058823529411766,0.6204379562043796,1.9200254379430897,0.8653433179643145
13807808.txt,0.4919614147909968,0.08737864077669903,0.5819935691318328,1.0736213832062267,0.9339944825517577
13812481.txt,0.3412816691505216,0.4947683109118087,0.4247391952309985,2.688710223784947,0.9389810282796097
13907230.txt,0.5686274509803921,0.06324110671936758,0.6705882352941176,1.3474055551703081,0.9860570919774765
13915715.txt,0.49242424242424243,0.1482889733840304,0.5246212121212122,0.7577403545939098,0.9744562067886007
14062078.txt,0.38269030239833157,0.05329153605015674,0.46715328467153283,1.0058495788283572,0.9785037710017761
14070138.txt,0.33120340788072417,0.28068303094983993,0.4036208732694356,1.0619399326234806,0.9275638619976354
14128006.txt,0.4107424960505529,0.06497622820919176,0.47235387045813587,1.033793313462962,0.9610151696501437
14248724.txt,0.43373493975903615,0.07272727272727272,0.5421686746987951,0.857901365857895,0.9601980504524055
14278888.txt,0.4471428571428571,0.09742120343839542,0.5128571428571429,0.7898722190639317,0.9810284515311105
14381464.txt,0.5304347826086957,0.05309734513274336,0.7391304347826086,0.7275304578557179,0.9431213964903309
14449423.txt,0.37098445595854923,0.08307372793354102,0.45181347150259066,0.8322743761132686,0.9469237623606857
14517953.txt,0.4642313546423135,0.08854961832061069,0.5205479452054794,0.8926574784215027,0.9326317413127185
14528265.txt,0.4934210526315789,0.1456953642384106,0.5657894736842105,1.5345781880419609,0.9830706998042992
14554542.txt,0.2680546519193234,0.14332247557003258,0.3240078074170462,1.4473518931690645,0.9919178706894776
14667957.txt,0.31666666666666665,0.1440501043841336,0.3927083333333333,1.0112493072920783,0.9812344997268576
14708590.txt,0.38439306358381503,0.11014492753623188,0.4682080924855491,0.9134501255837116,0.9739930749762316
14726000.txt,0.3803680981595092,0.26615384615384613,0.4677914110429448,0.7872725242996613,0.9943463267996587
14743911.txt,0.26040268456375837,0.6123822341857336,0.3087248322147651,0.6302931002871739,0.997097175518751
14771530.txt,0.5047923322683706,0.07717041800643087,0.6198083067092651,1.0626614417610816,0.9532687143004731
14874322.txt,0.20402298850574713,0.8818443804034583,0.23994252873563218,0.2518023250512007,0.9781021405142001
14886205.txt,0.4544138929088278,0.09869375907111756,0.5296671490593343,1.0400013596988045,0.9829691256392333
14910300.txt,0.41029641185647425,0.11737089201877934,0.46957878315132606,0.9665343263760418,0.9568481793772123
15354126.txt,0.4373134328358209,0.041916167664670656,0.5567164179104478,0.8702735209345078,0.972288229117476
15699744.txt,0.42357512953367876,0.11298701298701298,0.49740932642487046,0.7282620601294291,0.9737179728359612
15746146.txt,0.3811659192825112,0.08545727136431784,0.4648729446935725,0.7366556836283102,0.9346445558141186
15802627.txt,0.34171322160148976,0.18470149253731344,0.40502793296089384,1.0637259039948561,0.9900943949007059
15811992.txt,0.2956204379562044,0.07769652650822668,0.3658759124087591,0.6808148512956635,0.9514289873963595
15821633.txt,0.42550655542312277,0.04898446833930705,0.5172824791418356,0.812402010880508,0.9592227223273913
15899269.txt,0.4040114613180516,0.29394812680115273,0.4699140401146132,0.5931268732619733,0.9558897462402839
15906625.txt,0.30404463040446306,0.45454545454545453,0.3598326359832636,0.8358244629879906,0.9934861254117938
15917885.txt,0.43034825870646765,0.0725,0.5149253731343284,1.0272052792910444,0.9828200433674573
15973307.txt,0.5058479532163743,0.03529411764705882,0.5906432748538012,0.6390517945052078,0.9693851972844449
16203589.txt,0.43777292576419213,0.036105032822757115,0.5218340611353712,0.7001532879927391,0.9504260854825625
16248476.txt,0.5125,0.23109243697478993,0.5875,0.4646601886422926,0.9709628720879561
16270906.txt,0.28792987188132163,0.24915597569209993,0.3668240053944707,0.9325653815161236,0.940740133837143
16300459.txt,0.4762684124386252,0.0755336617405583,0.5613747954173486,1.5821016718614116,0.9454289010368533
16332348.txt,0.3804755944931164,0.12343358395989974,0.45118898623279097,1.1227299006824374,0.9609571346826945
16378091.txt,0.49415204678362573,0.03823529411764706,0.5935672514619883,0.42973504259354006,0.9618475776882985
16605352.txt,0.46077210460772106,0.0599250936329588,0.5354919053549191,1.0123231294960189,0.9591577374880362
16702198.txt,0.36721311475409835,0.16104461371055495,0.44299674267100975,0.9845718642600386,0.977343975370644
16877897.txt,0.3790720631786772,0.17804154302670624,0.4383020730503455,0.6553131459475797,0.9637019859128412
16893572.txt,0.3652694610778443,0.11884753901560624,0.4275449101796407,0.883815701772954,0.9648466986093857
16985289.txt,0.4020926756352765,0.09745127436281859,0.47234678624813153,0.7499036432619526,0.9796534048009571
17021141.txt,0.3480392156862745,0.11425061425061425,0.40931372549019607,3.246251991577868,0.9447504896167745
17095812.txt,0.3419354838709677,0.2683189655172414,0.4096774193548387,0.6333582824862328,0.9550867883238121
17103000.txt,0.34714285714285714,0.07449856733524356,0.43,0.8868902763278544,0.9782705410968638
17111768.txt,0.3777292576419214,0.05102040816326531,0.4519650655021834,1.142649261226847,0.9850096915405623
17115815.txt,0.48868778280542985,0.045454545454545456,0.5588235294117647,1.7114385769729048,0.9802293813577858
17132168.txt,0.3388822829964328,0.18831942789034564,0.43757431629013077,1.1458011656974096,0.9632967800383856
17152392.txt,0.36319612590799033,0.032766990291262135,0.4661016949152542,0.6987614974196439,0.9572489452475803
17254634.txt,0.39208173690932313,0.07426376440460948,0.4725415070242657,1.2596206695265781,0.9607619243857413
17274759.txt,0.434640522875817,0.06721311475409836,0.5032679738562091,1.0860023411819872,0.9868690969947568
17306905.txt,0.1822947000582411,0.8421665695981363,0.21756835369400815,1.6675756343069668,0.9888945464983848
17325147.txt,0.4182692307692308,0.38102893890675243,0.47275641025641024,1.5110511119624521,0.9832508621818566
17396388.txt,0.45064377682403434,0.043041606886657105,0.542203147353362,0.5911202867795688,0.9504703376205447
17422560.txt,0.38156028368794326,0.2361308677098151,0.47375886524822697,0.9908472370843708,0.9695624339594497
17481570.txt,0.4217252396166134,0.18006430868167203,0.4984025559105431,0.6064782736518075,0.9599416092612679
17499196.txt,0.262987012987013,0.403470715835141,0.31926406926406925,1.0383156826500302,0.9771544296348709
17509935.txt,0.3850415512465374,0.07242339832869081,0.5401662049861495,0.7130063328313658,0.9333100448989271
17539842.txt,0.3503184713375796,0.3670212765957447,0.4182590233545648,0.6678310434951145,0.9725280896009172
17545780.txt,0.4140845070422535,0.06638418079096045,0.5056338028169014,1.4958761491586678,0.9701474270447868
17570634.txt,0.38089005235602097,0.08136482939632546,0.450261780104712,0.9655088381319774,0.9806185475339328
17584743.txt,0.4069264069264069,0.01881331403762663,0.4790764790764791,0.8110319098999477,0.9820458578589173
17597372.txt,0.47126436781609193,0.04046242774566474,0.5862068965517241,0.7491572752551873,0.9685352788808131
17602815.txt,0.435126582278481,0.03650793650793651,0.5126582278481012,0.7871135269131607,0.9915357903423105
17640785.txt,0.4647887323943662,0.06,0.5211267605633803,1.6509921180059972,0.9961813587369668
17658471.txt,0.4366412213740458,0.11638591117917305,0.5190839694656488,1.2092408918546704,0.9901525529143226
17659053.txt,0.4360400444938821,0.11259754738015608,0.5150166852057843,1.2457629141080364,0.9697510224640811
17660419.txt,0.49537037037037035,0.06542056074766354,0.5601851851851852,0.8860434254254237,0.9995382026230211
17681064.txt,0.38388625592417064,0.07606973058637084,0.46445497630331756,1.923943286701589,0.9895724881487824
17686472.txt,0.4853658536585366,0.08108108108108109,0.5647921760391198,1.5548311469049005,0.9760657664782209
17694454.txt,0.39938319198149574,0.05250965250965251,0.4710871241326137,1.1512222425536733,0.9682042142584013
17704246.txt,0.31262770739681245,0.11901840490797547,0.3943604413567634,1.3289174015585667,0.9553961097415241
17730889.txt,0.48208955223880595,0.0374251497005988,0.5671641791044776,1.2850109194255874,0.9544081378251036
17781039.txt,0.47435897435897434,0.029205607476635514,0.5617715617715617,0.6538635159324669,0.9635765800367972
17818707.txt,0.3753180661577608,0.04591836734693878,0.46946564885496184,0.9730362741457467,0.9537263320378285
17864043.txt,0.3639960435212661,0.03964321110009911,0.4688427299703264,0.8608669928190674,0.9823398196172568
17915015.txt,0.4161764705882353,0.1592920353982301,0.4808823529411765,1.258007471291412,0.9824580364871446
17960690.txt,0.44851657940663175,0.1243432574430823,0.5287958115183246,1.5962379044816828,0.9939061605047902
17983430.txt,0.5023622047244094,0.06477093206951026,0.5858267716535434,0.795809204039055,0.9731168238880615
17987433.txt,0.4143049932523617,0.2327469553450609,0.4817813765182186,0.6863774848784593,0.9909842223349317
18029935.txt,0.4150268336314848,0.09694793536804308,0.4919499105545617,1.035694751337464,0.9931456616176051
18062906.txt,0.47032640949554894,0.14285714285714285,0.5534124629080118,0.9068312696242649,0.9487014982859325
18072085.txt,0.37706855791962174,0.09563164108618655,0.45700824499411075,1.2015779056035016,0.9732296635725449
18090899.txt,0.25065616797900264,0.6947368421052632,0.3123359580052493,0.6282324881708907,0.9788277704291857
18106533.txt,0.27335047129391604,0.5287553648068669,0.3281919451585261,0.4145264596655278,0.9800186615458097
18133495.txt,0.281226626776365,0.32209737827715357,0.3545250560957367,0.5598006766396582,0.985200540686509
18159866.txt,0.32238805970149254,0.09940209267563528,0.39477611940298507,0.5320911534701432,0.9687960670093493
18198627.txt,0.4012806830309498,0.023529411764705882,0.4823906083244397,1.1004239432645067,0.9596757255229518
18264694.txt,0.29569093610698366,0.36755952380952384,0.3439821693907875,1.1701043839211254,0.9635299005673986
18319061.txt,0.4130105900151286,0.1411229135053111,0.4720121028744327,2.0413207525649066,0.931051179928575
18334783.txt,0.3494539781591264,0.15336463223787167,0.4290171606864275,0.8232798026068201,0.983137234819736
18369400.txt,0.358695652173913,0.2071651090342679,0.4518633540372671,0.6194914200571409,0.9621941928900122
18488289.txt,0.45790251107828656,0.25925925925925924,0.5155096011816839,0.8916134059205088,0.927491621528238
18557164.txt,0.41158059467918623,0.26373626373626374,0.48982785602503914,0.822786907634119,0.9429192037902924
18586076.txt,0.3553038105046344,0.17440660474716202,0.42018537590113286,0.7355142420363994,0.9686637495725722
18636651.txt,0.3223234624145786,0.1541095890410959,0.37699316628701596,1.094185581748344,0.9830139807549131
18640927.txt,0.30386178861788615,0.20162932790224034,0.36585365853658536,0.6155017185133014,0.9386642638634756
18714571.txt,0.2991869918699187,0.5562805872756933,0.35609756097560974,0.7216450425373608,0.9520312857921673
18753367.txt,0.3653061224489796,0.06032719836400818,0.4459183673469388,0.9879915845649208,0.957854113302209
18767449.txt,0.5359116022099447,0.10833333333333334,0.5994475138121547,0.789664934687374,0.9731886404405761
18784594.txt,0.45440956651718983,0.026986506746626688,0.5261584454409567,0.7253649567767809,0.954537956091519
18805506.txt,0.4444444444444444,0.0549618320610687,0.5296803652968036,1.3451701396840352,0.9470012552969258
18825446.txt,0.3826086956521739,0.04259438528557599,0.4405797101449275,1.960980568354759,0.982314536764787
18835363.txt,0.24056603773584906,0.8002364066193853,0.30424528301886794,1.3066208022866908,0.9767629529416598
18905648.txt,0.5020576131687243,0.04149377593360996,0.6213991769547325,0.9956906135481804,0.9955833201245292
18927233.txt,0.49848024316109424,0.08256880733944955,0.5592705167173252,0.7886731515246882,0.9611449412207426
18949843.txt,0.37310195227765725,0.09021739130434783,0.4598698481561822,0.6059907814427113,0.9836283095692662
18997135.txt,0.4336734693877551,0.11774744027303755,0.5340136054421769,0.8849242223494574,0.9567373820457794
19037403.txt,0.37145174371451745,0.06823720552396426,0.44768856447688565,0.5065880413279796,0.9685429945954169
19072267.txt,0.2654102866117,0.22396856581532418,0.3133097762073027,1.0790567292035143,0.969224749992707
19108760.txt,0.36492890995260663,0.09591642924976258,0.42369668246445497,1.1268448696357574,0.9723307114830031
19147494.txt,0.43495400788436267,0.030303030303030304,0.5282522996057819,0.6249034990903354,0.9595563635538767
19147947.txt,0.4431137724550898,0.15966386554621848,0.5281437125748503,1.4872649675953238,0.9703866790116076
19179079.txt,0.29318181818181815,0.0745164960182025,0.3795454545454545,1.4932426913044128,0.9743155410934087
19284293.txt,0.30835486649440136,0.10612597066436583,0.3496985357450474,0.9401898638167433,0.9779656515404948
19397727.txt,0.42857142857142855,0.13355048859934854,0.4902597402597403,1.377671672807728,0.9825987767907338
19497420.txt,0.3877551020408163,0.04905968928863451,0.47346938775510206,0.7357871858185986,0.9703695253376248
19518606.txt,0.4314868804664723,0.043859649122807015,0.5364431486880467,0.5182221408594605,0.9552385607901526
19540089.txt,0.31805682859761686,0.19100091827364554,0.3785517873510541,1.1809919511000537,0.9896625963652924
19553067.txt,0.37337662337662336,0.13192182410423453,0.44805194805194803,1.4970907094333683,0.9778694702088543
19582792.txt,0.3990719257540603,0.05930232558139535,0.47447795823665895,1.28770854926347,0.9368154878482088
19612167.txt,0.5062344139650873,0.03007518796992481,0.600997506234414,0.4305444215782164,0.9348349412841852
19671909.txt,0.3308550185873606,0.18901303538175046,0.395910780669145,1.1722997840695233,0.9828184436416064
19714635.txt,0.28481455563331,0.3153468815697267,0.3435969209237229,0.8039577398261986,0.9302410211140115
19724031.txt,0.2769485903814262,0.5066555740432612,0.34634551495016613,1.4228383341713353,0.9802673460524165
19738730.txt,0.5914396887159533,0.07058823529411765,0.6770428015564203,0.6382212617114171,0.9833070504107639
19796840.txt,0.2518591968269707,0.07990074441687345,0.3173029251363411,0.7102503690120139,0.9820507440028009
19867922.txt,0.4036979969183359,0.06491499227202473,0.4576271186440678,0.7842266433915193,0.9987213231583355
19911786.txt,0.3328785811732606,0.25170998632010944,0.3806275579809004,0.44700309962061996,0.9946936129049443
19918523.txt,0.4891640866873065,0.08099688473520249,0.5882352941176471,0.7280708702590707,0.9350638823715255
19920687.txt,0.3726618705035971,0.13237410071942446,0.45050215208034433,1.7553008995554507,0.9709942515252508
19928941.txt,0.5764192139737991,0.02643171806167401,0.6550218340611353,0.7255718377352434,0.9748856171136739
19951766.txt,0.3783783783783784,0.37483085250338294,0.45209176788124156,0.6535065411135366,0.9456683984071208
19975121.txt,0.5573248407643312,0.07051282051282051,0.6337579617834395,1.2633208432235412,0.9794308030468163
20001721.txt,0.5579868708971554,0.004395604395604396,0.6411378555798687,0.7588756422599243,0.9833721510774661
20024870.txt,0.5738161559888579,0.03361344537815126,0.6629526462395543,0.8926658551174367,0.9922195145179004
20033302.txt,0.5172413793103449,0.020172910662824207,0.5790229885057471,1.375346103439293,0.9787071998270238
20082776.txt,0.428341384863124,0.08723747980613894,0.5072463768115942,0.8503417863042564,0.9586397770672651
20138606.txt,0.40210526315789474,0.029535864978902954,0.4926315789473684,0.8345670498317197,0.9609314878448234
20141807.txt,0.35575679172056923,0.03501945525291829,0.48382923673997413,0.6059044417704139,0.9576672769190714
20176584.txt,0.2970007315288954,0.24322344322344322,0.3467446964155084,0.9571548290331506,0.9623001736383389
20314980.txt,0.2888127853881279,0.051970302684180465,0.3707929264118654,0.614075364184606,0.9599251071083565
20356750.txt,0.5117647058823529,0.04142011834319527,0.6058823529411764,2.0328471562204653,0.9854094164154659
20357858.txt,0.4555052790346908,0.060514372163388806,0.5173453996983409,1.0399541357023858,0.9469890860887892
20393721.txt,0.42592592592592593,0.06714285714285714,0.48717948717948717,0.7185750961255345,0.9744970944240434
20399718.txt,0.35235378031383735,0.1659513590844063,0.42368045649072755,0.8324762117231442,0.9758268886526907
20400279.txt,0.325,0.2625250501002004,0.4,0.49885643034367916,0.9412450783425411
20408458.txt,0.2609717868338558,0.2260596546310832,0.3338557993730408,1.1053056835611836,0.979935783296799
20423658.txt,0.29854096520763185,0.07311586051743532,0.409652076318743,1.4356192516038246,0.9703058394260117
20457611.txt,0.36156351791530944,0.08705114254624592,0.4256243213897937,0.8217988281451224,0.9892387740295278
20504094.txt,0.3443181818181818,0.11731207289293849,0.4147727272727273,0.9408059449201653,0.9780851049583111
20552814.txt,0.4009950248756219,0.15054835493519442,0.481592039800995,0.8017506489873388,0.9651305390800905
20566550.txt,0.3908898305084746,0.23779193205944799,0.4650423728813559,0.868955263258788,0.979656862135217
20574232.txt,0.32072829131652664,0.08146067415730338,0.3627450980392157,0.8921789670744892,0.9841567027931064
20604208.txt,0.3783209351753454,0.07667731629392971,0.4569606801275239,1.3271065937038848,0.9782689495306829
20624984.txt,0.41732283464566927,0.053712480252764615,0.5023622047244094,0.7514173847178224,0.9830130882716253
20633855.txt,0.4796747967479675,0.053061224489795916,0.6036585365853658,0.16671623296268193,0.9997897490865255
20691949.txt,0.4792176039119804,0.051597051597051594,0.5574572127139364,1.1637466703049564,0.9810540816574634
20736486.txt,0.4260485651214128,0.07300884955752213,0.5066225165562914,0.9821781001167813,0.9478529830671075
20748468.txt,0.3786127167630058,0.056439942112879886,0.4624277456647399,0.7514517307526356,0.9428948638562454
20748926.txt,0.4622395833333333,0.0731070496083551,0.5403645833333334,0.9632770877815103,0.9749929557589451
20748929.txt,0.3817635270541082,0.04819277108433735,0.47394789579158314,0.6053807845482796,0.9794369006818416
20765795.txt,0.46919431279620855,0.025356576862123614,0.5624012638230648,0.9863255478776685,0.9307365114228954
20806155.txt,0.15627996164908917,0.9341221618164375,0.18280600830936403,0.7949879649725055,0.9833621575396189
20824105.txt,0.2515923566878981,0.6292735042735043,0.2867803837953092,1.5863848954955726,0.9848603671285632
20835760.txt,0.42302543507362783,0.06174496644295302,0.48326639892904955,0.558064852963069,0.9397892086108377
20879311.txt,0.38817733990147785,0.05133267522211254,0.4482758620689655,1.1499545757348295,0.9731025056934456
20880935.txt,0.4147398843930636,0.08683068017366136,0.4963924963924964,0.5601471580367194,0.9643559555960421
20882041.txt,0.3269230769230769,0.07455012853470437,0.4012820512820513,0.4442018686189094,0.9625305769435373
20905088.txt,0.32254901960784316,0.0893909626719057,0.4068627450980392,0.5131258193635367,0.9635196593883575
20918464.txt,0.38765432098765434,0.22249690976514216,0.4599260172626387,1.1378451247622197,0.9730444691590765
20925036.txt,0.42899702085402186,0.10358565737051793,0.49304174950298213,0.8096158770529539,0.9667950009923189
20966771.txt,0.43559322033898307,0.03571428571428571,0.5288135593220339,1.2655308667357947,0.9789413153574905
20969119.txt,0.305982905982906,0.19263698630136986,0.382051282051282,0.6306769284278241,0.9452979554782669
20969845.txt,0.48822269807280516,0.11612903225806452,0.5546038543897216,1.0216152682984647,0.9768080806078464
20977412.txt,0.3507057546145494,0.16974972796517954,0.4147665580890337,1.0052477462729839,0.9485738181421828
20981299.txt,0.4269340974212034,0.040229885057471264,0.49283667621776506,0.5623234666027709,0.9702434215756843
20986595.txt,0.46829971181556196,0.02745664739884393,0.5590778097982709,0.8012448777576131,0.9623164254250175
20993320.txt,0.38687150837988826,0.12745098039215685,0.49022346368715086,0.9106456921355169,0.9671518588692465
21031285.txt,0.35570469798657717,0.0901749663526245,0.44026845637583895,0.8954647299613743,0.9851028555431949
21060367.txt,0.37483085250338294,0.1560379918588874,0.45737483085250336,0.7730000769759099,0.9690585630560644
21101152.txt,0.36030664395229983,0.08013640238704177,0.4425531914893617,0.9038688402296049,0.9510903343799784
21122155.txt,0.41885964912280704,0.06147091108671789,0.48630887185104055,1.153619884873867,0.984841348065945
21125113.txt,0.39371980676328505,0.2009685230024213,0.4722222222222222,1.0596486661300386,0.9822032518694931
21134923.txt,0.4008810572687225,0.1723122238586156,0.4698972099853157,1.184379445635671,0.9900010748127588
21287405.txt,0.5019305019305019,0.04129032258064516,0.574002574002574,0.731653362887612,0.9721611113327202
21334981.txt,0.46194926568758343,0.07764390896921017,0.5447263017356475,0.7530679176353737,0.9562759749713287
21338490.txt,0.370253164556962,0.19047619047619047,0.4224683544303797,1.2836102922504573,0.977098933273661
21363048.txt,0.43270189431704886,0.053946053946053944,0.5234297108673978,1.2734756954378974,0.9656059201992463
21511817.txt,0.39304123711340205,0.15762273901808785,0.4742268041237113,1.1017822110597002,0.9667433497169691
21512769.txt,0.39477977161500816,0.088379705400982,0.4828711256117455,1.1887872267191273,0.9877607229533636
21567392.txt,0.3861003861003861,0.15555555555555556,0.437801350048216,1.1190324687532625,0.9753400312361745
21568833.txt,0.3399715504978663,0.11126961483594865,0.39260312944523473,0.8686542171536416,0.9909292697290176
21611212.txt,0.4087912087912088,0.3487858719646799,0.4879120879120879,0.6925590292890375,0.9635326586516907
21629057.txt,0.34058656575212864,0.15071090047393365,0.4295175023651845,0.9948758803262254,0.9624942749175652
21663616.txt,0.40125,0.12030075187969924,0.47375,0.918531436587774,0.961345482233631
21669215.txt,0.48218029350104824,0.02526315789473684,0.570230607966457,0.6834703083072067,0.9681196929148767
21705160.txt,0.46846846846846846,0.13761467889908258,0.6486486486486487,0.7725192393489974,0.9971744415880834
21773106.txt,0.4617196702002356,0.0755608028335301,0.5312131919905771,1.101014936228206,0.9831071347020609
21796843.txt,0.3299050632911392,0.060221870047543584,0.41060126582278483,0.8521594892893489,0.9768944114010015
21807211.txt,0.46335078534031415,0.08661417322834646,0.5523560209424084,0.9101353930927196,0.9764161363785405
21807224.txt,0.40773809523809523,0.0718562874251497,0.49702380952380953,0.8385547805759612,0.9878683359607485
21830565.txt,0.35348837209302325,0.07642124883504194,0.4409302325581395,0.5541017719503823,0.9666592505024117
21856577.txt,0.3303249097472924,0.08047016274864376,0.41064981949458484,0.7101612552851777,0.9762401651953265
21866029.txt,0.3080260303687636,0.23804347826086958,0.39804772234273317,1.716639831492247,0.9919112810335433
21867728.txt,0.41948051948051945,0.05078125,0.4935064935064935,1.145397433988246,0.9772296416944021
21868149.txt,0.4022346368715084,0.08622620380739082,0.4793296089385475,0.911870056574512,0.9804280166759866
21869994.txt,0.42782152230971127,0.09868421052631579,0.515748031496063,0.6466368734885412,0.9612074675386323
21912637.txt,0.40083798882681565,0.08683473389355742,0.4664804469273743,1.4359257415739932,0.9906399203714638
22047665.txt,0.5335689045936396,0.028469750889679714,0.6466431095406361,0.6964161418075696,0.966635580065092
22168194.txt,0.23454833597464342,0.8139904610492846,0.26465927099841524,0.5636248766910229,0.9843092820291803
22232367.txt,0.3624557260920897,0.08165680473372781,0.43565525383707204,0.8364633464788412,0.986347955163363
22249155.txt,0.25950413223140495,0.5688225538971807,0.30413223140495865,0.6138394759308827,0.9474816640951248
22259475.txt,0.42592592592592593,0.04560810810810811,0.5252525252525253,0.7788805748262819,0.946101765855778
22323967.txt,0.4298245614035088,0.0689149560117302,0.5190058479532164,1.2042335559503379,0.987135170840599
22391901.txt,0.4430379746835443,0.2777777777777778,0.5126582278481012,1.7425372213509882,0.9587403787168141
22442947.txt,0.37609841827768015,0.2275132275132275,0.46397188049209137,1.6195605936883022,0.9121744667914718
22465498.txt,0.37029501525940994,0.045871559633027525,0.44455747711088506,1.1303212943766883,0.9809033592103188
22485475.txt,0.4574961360123648,0.021705426356589147,0.527047913446677,0.9976541363307242,0.9685230909686693
22510753.txt,0.33001658374792703,0.7104825291181365,0.3714759535655058,0.820260206695285,0.9932400727506621
22546476.txt,0.3938931297709924,0.09494640122511486,0.467175572519084,0.9644876821210103,0.9946985411525218
22551979.txt,0.47002724795640327,0.0273224043715847,0.555858310626703,0.5086779374400854,0.9687656377380803
22556198.txt,0.3408239700374532,0.2354596622889306,0.41292134831460675,0.663258764296534,0.9700437942203276
22567495.txt,0.3788235294117647,0.07547169811320754,0.44588235294117645,1.0421225857021603,0.9750971020529605
22650051.txt,0.46326276463262767,0.0299625468164794,0.5379825653798257,1.2430157542058469,0.9491293697824296
22675694.txt,0.3048368953880765,0.0496054114994363,0.4015748031496063,0.6256280841344433,0.9622638526368483
22720697.txt,0.37285714285714283,0.2148997134670487,0.4328571428571429,1.0041446054440633,0.9734941934274691
22732234.txt,0.42045454545454547,0.09746835443037975,0.5113636363636364,1.0574335841235853,0.9318530300709553
22765255.txt,0.35050675675675674,0.15820642978003385,0.40878378378378377,1.2931662831177395,0.9810769913531101
22800977.txt,0.4191542288557214,0.07855361596009976,0.486318407960199,1.2835130733235325,0.9721534456568071
22807104.txt,0.42179616548940463,0.10414560161779575,0.49848637739656915,0.6842350771012413,0.962632552140091
22852364.txt,0.35868187579214195,0.12706480304955528,0.4309252217997465,0.5947019080210371,0.9864824779910574
22855060.txt,0.3772845953002611,0.21204188481675393,0.43994778067885115,1.4438212390109795,0.9762097707033263
22884757.txt,0.5288461538461539,0.08709677419354839,0.6057692307692307,0.7102927052897221,0.9313139624679998
22890839.txt,0.3886792452830189,0.05926860025220681,0.4591194968553459,1.21864434814127,0.975396903209659
22925443.txt,0.41287284144427,0.31496062992125984,0.4897959183673469,1.1989175046797709,0.941046954260191
22968380.txt,0.3737745098039216,0.09336609336609336,0.46200980392156865,0.8233097090855438,0.9579813270973926
22983516.txt,0.4569672131147541,0.026748971193415638,0.5318275154004107,0.9369426346609633,0.951891452606868
23011221.txt,0.3698193411264612,0.3951011714589989,0.4250797024442083,1.4824282023843571,0.9711787799468682
23032182.txt,0.23693086003372682,0.7170608108108109,0.2917369308600337,0.8716032654322731,0.9632498070464792
23063986.txt,0.35665914221218964,0.334841628959276,0.4255079006772009,1.8318913769511163,0.9635171310814163
23085604.txt,0.26490683229813666,0.11124922311995028,0.3173913043478261,0.9068206644831869,0.9799869545596334
23110214.txt,0.35348837209302325,0.11090400745573159,0.41209302325581393,0.783289915456127,0.9591716933456306
23138078.txt,0.4849921011058452,0.08240887480190175,0.5466034755134281,1.3582642659187556,0.9743533741626531
23139437.txt,0.37318840579710144,0.13503649635036497,0.463768115942029,1.0128253637183975,0.9851542890631052
23155093.txt,0.4022038567493113,0.12430939226519337,0.48760330578512395,1.0053492995885869,0.980029362555955
23185829.txt,0.3691460055096419,0.10497237569060773,0.4820936639118457,0.5421116276464816,0.9301610579572422
23296286.txt,0.3684210526315789,0.3203342618384401,0.4515235457063712,0.6391176651257328,0.9524663421536427
23302948.txt,0.4087870105062082,0.05933014354066986,0.47277936962750716,0.7837215340715568,0.9829958280451142
23323001.txt,0.4014167650531287,0.08875739644970414,0.4781582054309327,1.0422102395600348,0.9587000262593776
23387174.txt,0.3722149410222805,0.12483574244415244,0.43774574049803405,0.9793298417969665,0.9820898040404963
23398733.txt,0.6631016042780749,0.0,0.732620320855615,1.1282481070364088,0.9980836420087873
23438227.txt,0.45549738219895286,0.06299212598425197,0.524869109947644,1.1344295930438404,0.9387946758761596
23513618.txt,0.43502051983584133,0.038408779149519894,0.5020519835841313,1.0075452534654838,0.9899930859875977
23568641.txt,0.48823529411764705,0.023668639053254437,0.5823529411764706,0.523816428263787,0.970581635713848
23568731.txt,0.2693310165073849,0.6568201563857515,0.32003469210754554,0.41539905699856416,0.9632377015775045
23577836.txt,0.24115456238361266,0.8134328358208955,0.29236499068901306,0.7112894505859733,0.9758092675332425
23591247.txt,0.5683453237410072,0.014492753623188406,0.6294964028776978,0.8256100971424064,0.949822858992278
23602130.txt,0.49710982658959535,0.07267441860465117,0.5722543352601156,0.8555365514815654,0.9717763272656182
23631188.txt,0.3196794300979519,0.17484388938447815,0.40338379341050756,1.1744009445778776,0.9835907885793366
23631724.txt,0.3832167832167832,0.211781206171108,0.4405594405594406,1.001194017196323,0.9854696254161399
23636277.txt,0.3598014888337469,0.07577639751552795,0.4275092936802974,1.074869107938952,0.9916711949498026
23666211.txt,0.47540983606557374,0.0273972602739726,0.5450819672131147,0.9888155600637132,0.9802273928546982
23673025.txt,0.2788649706457926,0.8990196078431373,0.31702544031311153,0.9194424216191691,0.99296363270127
23719943.txt,0.40877914951989025,0.048143053645116916,0.5075445816186557,0.5321011979158665,0.9774919753921975
23752500.txt,0.2770475227502528,0.4457953394123607,0.3356926188068756,0.7237278259018756,0.978086470118646
23761385.txt,0.4297520661157025,0.043478260869565216,0.5103305785123967,0.6277511662498911,0.9681791948274857
23810469.txt,0.302158273381295,0.06009615384615385,0.381294964028777,0.8809021294494925,0.9881202301661912
23818675.txt,0.3550583657587549,0.2005842259006816,0.4101068999028183,1.0188985605566603,0.9647624455430772
23841877.txt,0.4083457526080477,0.16143497757847533,0.488822652757079,0.6140387835845789,0.9790537507134708
23864858.txt,0.3897058823529412,0.07227138643067847,0.46176470588235297,0.7754651209733123,0.9702890863233358
23914451.txt,0.4317817014446228,0.1288244766505636,0.5136436597110754,0.8825587330319925,0.9572001487441092
23917826.txt,0.3766990291262136,0.037937743190661476,0.4796116504854369,1.7757147667740836,0.9410215721299827
23929500.txt,0.38845553822152884,0.21439749608763695,0.44929797191887677,1.2761731978210005,0.9431022185006939
23939133.txt,0.36341161928306553,0.04337050805452292,0.45241038318912236,0.6728516600247524,0.9821923204569867
23944036.txt,0.3796940194714882,0.07520891364902507,0.4486111111111111,0.6930357805819337,0.9896410154223844
23985183.txt,0.42780026990553305,0.017591339648173207,0.5060728744939271,0.7802627720360481,0.9913690786630688
24025053.txt,0.4470404984423676,0.0328125,0.5093457943925234,0.693459951315834,0.9887515801110361
24061629.txt,0.4294541709577755,0.12280701754385964,0.505664263645726,1.06928742921598,0.9788005945039384
24068423.txt,0.4062927496580027,0.09053497942386832,0.45690834473324216,3.1588472454102474,0.9930476241700859
24083609.txt,0.5769230769230769,0.0603448275862069,0.6794871794871795,0.6705135922308026,0.9684645456787271
24124250.txt,0.4314868804664723,0.027777777777777776,0.5364431486880467,0.9475523425096194,0.9714704142611613
24154692.txt,0.48005698005698005,0.024285714285714285,0.5641025641025641,1.0890083024936708,0.9645821954166849
24184357.txt,0.3590449954086318,0.06347746090156393,0.4288337924701561,1.0503055115469817,0.9618683781518715
24230851.txt,0.3153724247226624,0.49761526232114467,0.3787638668779715,0.9903208365909537,0.9746792990884581
24240349.txt,0.43823529411764706,0.05457227138643068,0.525,0.641354025094203,0.9662246390100651
24251588.txt,0.3972602739726027,0.06593406593406594,0.4794520547945205,0.597643712533474,0.9544029189936282
24294778.txt,0.40554156171284633,0.03532380151387721,0.5029387069689337,1.12756644968391,0.9703042237444086
24397882.txt,0.37055214723926383,0.0897908979089791,0.44171779141104295,1.1235328816462296,0.9687130189559996
24411323.txt,0.46113989637305697,0.09895833333333333,0.5440414507772021,0.47042403243828185,0.9249120078774663
24444525.txt,0.397456279809221,0.22009569377990432,0.465818759936407,0.6419004124000045,0.9445093373015755
24491862.txt,0.42967542503863987,0.12093023255813953,0.5146831530139103,1.9346859141761275,0.9663569153409648
24508725.txt,0.25122059476253883,0.4753223654957759,0.3171923589515771,0.8254992475089081,0.948523128585616
24533931.txt,0.47863247863247865,0.3275862068965517,0.5598290598290598,0.8339248393820213,0.9696886301462944
24544244.txt,0.44627054361567636,0.05576679340937896,0.5297092288242731,1.6323846433685054,0.929983786839543
24553863.txt,0.36977886977886976,0.10714285714285714,0.45454545454545453,0.542856798610227,0.9459308696566489
24559558.txt,0.45746164574616455,0.025174825174825177,0.5369595536959554,0.7973069004380605,0.9698814097654699
24583187.txt,0.5094043887147336,0.029874213836477988,0.5768025078369906,1.098339105374,0.9506913513947706
24643412.txt,0.3118172790466733,0.11343283582089553,0.37040714995034757,0.9644249987283019,0.9585477389760474
24655918.txt,0.5109649122807017,0.0420353982300885,0.6101321585903083,1.0447738982711279,0.9750326471136271
24658786.txt,0.4126163391933816,0.10984455958549223,0.47466390899689764,1.0646543655224,0.9630815159590396
24668861.txt,0.3583502366463827,0.3182125930941097,0.4164976335361731,1.2859137004625838,0.9780768756521043
24673903.txt,0.5502183406113537,0.00881057268722467,0.6768558951965066,0.6041370691885157,0.9085686303820656
24695561.txt,0.3394495412844037,0.1644535240040858,0.40672782874617736,1.038302379548186,0.9611697103476222
24709432.txt,0.43300653594771243,0.06710310965630115,0.5301794453507341,1.147999270408434,0.9713602087064106
24710433.txt,0.39692307692307693,0.053158705701078585,0.4746153846153846,1.2856049493125004,0.9817219429031635
24754689.txt,0.36771844660194175,0.22141119221411193,0.4441747572815534,0.5407346095307368,0.9750504866366825
24767027.txt,0.3886075949367089,0.09517766497461928,0.48860759493670886,0.8634515926891003,0.9792045721634828
24773845.txt,0.35356200527704484,0.19559471365638767,0.4397537379067722,0.623613555778423,0.9546583360642029
24791126.txt,0.45643153526970953,0.1276005547850208,0.48824343015214383,1.3772786775949448,0.993513974648676
24946537.txt,0.23642384105960265,0.8972148541114059,0.2860927152317881,1.9047180423544137,0.9743522204460303
24953126.txt,0.29890764647467727,0.16517412935323383,0.365441906653426,0.7366130749923345,0.9741609177048348
24953921.txt,0.4242053789731051,0.09313725490196079,0.4889975550122249,1.254416142419284,0.9096427310148723
24983760.txt,0.431496062992126,0.1358609794628752,0.48031496062992124,1.3229680597639693,0.974457349097725
25001005.txt,0.3977110157367668,0.0703012912482066,0.4792560801144492,0.5993349900850358,0.9709284377875387
25070914.txt,0.3963963963963964,0.05015045135406219,0.47147147147147145,0.9096760067554465,0.9537620825633163
25101183.txt,0.3318777292576419,0.061269146608315096,0.4104803493449782,0.5032934269372377,0.9723762982671621
25127518.txt,0.42018779342723006,0.06382978723404255,0.508235294117647,0.9398101193120872,0.9835281629042346
25128608.txt,0.3996983408748115,0.10136157337367625,0.4645550527903469,0.9737878282993833,0.978792882176848
25142074.txt,0.5282051282051282,0.07989690721649484,0.6282051282051282,0.7073931876570367,0.9781266762895624
25162378.txt,0.4405797101449275,0.02616279069767442,0.5289855072463768,0.969980048710297,0.948278966730366
25200253.txt,0.28497942386831276,0.3494845360824742,0.35288065843621397,0.9663386667984881,0.9827383970630904
25207620.txt,0.34306569343065696,0.07195121951219512,0.4416058394160584,1.0618438420715854,0.9431062182121157
25213006.txt,0.41500765696784075,0.12903225806451613,0.49157733537519144,0.6631503119200988,0.9495089144236891
25224998.txt,0.49759229534510435,0.05152979066022544,0.5698234349919743,0.8645435223040183,0.9680227482389843
25330083.txt,0.4108187134502924,0.07917888563049853,0.49853801169590645,0.9876984588496811,0.9889982865665866
25413261.txt,0.34986595174262736,0.052348993288590606,0.4242627345844504,1.39606719427988,0.9519923475193783
25451319.txt,0.3388822829964328,0.31585220500595945,0.4149821640903686,0.6171062924159241,0.9537446216070212
25452321.txt,0.29945054945054944,0.12660550458715597,0.39377289377289376,0.5652744348718827,0.9497731726971234
25462793.txt,0.39816933638443935,0.1839080459770115,0.45080091533180777,1.0612812464443533,0.9939865051236099
25497147.txt,0.39087947882736157,0.12418300653594772,0.46254071661237783,0.8033486990629588,0.9894006671649052
25507648.txt,0.3754980079681275,0.059880239520958084,0.4711155378486056,0.6147855867157315,0.9716131536457657
25588694.txt,0.43556701030927836,0.32124352331606215,0.5180412371134021,1.2982003648296714,0.9904765290672275
25625173.txt,0.30704225352112674,0.10885504794134236,0.3723943661971831,0.7148255193310636,0.9744606816048323
25676643.txt,0.3093476798924008,0.07469717362045761,0.3958333333333333,0.6016540139951354,0.9562046606199673
25706337.txt,0.5221518987341772,0.05732484076433121,0.6044303797468354,0.9242429789406758,0.9676010830731389
25719936.txt,0.3961407491486947,0.13895216400911162,0.4465909090909091,2.41889874774855,0.9481932384745054
25724495.txt,0.35407239819004527,0.20294784580498867,0.4276018099547511,0.7527569018616566,0.9754847495266799
25729119.txt,0.4434931506849315,0.1134020618556701,0.523972602739726,0.6333989339096595,0.9730016881292782
25749150.txt,0.37017994858611825,0.1327319587628866,0.4473007712082262,0.7652707244196474,0.9523917562924401
25797445.txt,0.38250428816466553,0.18244406196213425,0.43567753001715265,1.1650178698411258,0.9605991251079333
25838512.txt,0.4526627218934911,0.27976190476190477,0.5473372781065089,0.6815413655165056,0.9677195745800928
25839123.txt,0.5,0.0847457627118644,0.5714285714285714,0.6428571428571429,0.9366367535831902
25857360.txt,0.34686346863468637,0.30209617755856966,0.4194341943419434,1.2040456871461986,0.9776139926468425
25867805.txt,0.4306930693069307,0.0695364238410596,0.49834983498349833,1.1089853069963291,0.9776769045858625
25873425.txt,0.3903225806451613,0.3286637931034483,0.4559139784946237,2.2386326838923276,0.9612355918145364
25905275.txt,0.3873390557939914,0.18387096774193548,0.4592274678111588,0.8754686874742035,0.9259224995917182
25924968.txt,0.35459183673469385,0.07544757033248081,0.43494897959183676,0.8827590802405662,0.9491249010208496
25926667.txt,0.4,0.1577574967405476,0.47724317295188556,0.7700607186344938,0.948684651325047
25930778.txt,0.53515625,0.07874015748031496,0.61328125,0.7823795545219624,0.9730678911741911
25935030.txt,0.4497991967871486,0.05100671140939597,0.5274431057563588,0.5556384397408739,0.9707977366593074
26046064.txt,0.5319148936170213,0.05150214592274678,0.6170212765957447,0.7733934894289215,0.947844050763093
26046878.txt,0.39502332814930013,0.0967238689547582,0.463452566096423,1.003157850105535,0.9611850493975116
26048718.txt,0.3536357986326911,0.05538270068450529,0.4338098197638285,0.7313203887269518,0.9660244685761281
26065877.txt,0.35962145110410093,0.1060126582278481,0.42586750788643535,0.9157406171882264,0.9778319371013503
26069113.txt,0.3991097922848665,0.03125,0.4896142433234421,1.441298505273689,0.9649474317620401
26070334.txt,0.3048090523338048,0.09985835694050992,0.3910891089108911,0.4439636701165527,0.9650557859733517
26071861.txt,0.3665389527458493,0.07800511508951406,0.44005102040816324,1.039672271643324,0.9657493675004615
26079779.txt,0.3610223642172524,0.05608974358974359,0.44568690095846647,0.6192815900866383,0.9845953668611411
26098594.txt,0.4109195402298851,0.08645533141210375,0.49712643678160917,0.6682008359169054,0.9613071799447099
26125407.txt,0.3485663082437276,0.3141831238779174,0.40232974910394265,0.8517230450567286,0.974203104125835
26130673.txt,0.40919037199124725,0.41098901098901097,0.4814004376367615,0.8656925095080946,0.9834037046854938
26167298.txt,0.2993125330512956,0.06193753308628904,0.3643574828133263,0.836630762670201,0.9833553163681699
26173524.txt,0.4859375,0.0438871473354232,0.5578125,0.5568374401767617,0.9857608124436098
26202430.txt,0.2924354243542435,0.10351201478743069,0.36162361623616235,0.95156600747756,0.9789976257352998
26278597.txt,0.37305699481865284,0.07958477508650519,0.45164075993091535,1.0553762926387678,0.9638002581414541
26289308.txt,0.411144578313253,0.08157099697885196,0.4743975903614458,0.9667482160688826,0.975782795372931
26330995.txt,0.3732227488151659,0.11757719714964371,0.45023696682464454,0.8203025158533466,0.9921634942786598
26341987.txt,0.285572632622707,0.08192651439920556,0.35813492063492064,0.8217162045053782,0.9817514031300998
26480367.txt,0.33176100628930816,0.2539432176656151,0.38522012578616355,0.8514709152011986,0.9601532339245089
26496059.txt,0.41465256797583083,0.05446293494704992,0.48338368580060426,1.0725081391602622,0.9525079856133358
26509539.txt,0.38266666666666665,0.3836898395721925,0.444,0.9246921191139866,0.9884871857445007
26586477.txt,0.37808641975308643,0.06346749226006192,0.46141975308641975,0.5420550278326484,0.9869522567867498
26622051.txt,0.4476744186046512,0.2237354085603113,0.5116279069767442,0.839740482339411,0.9607716324436775
26671167.txt,0.47619047619047616,0.08628659476117104,0.5529953917050692,1.7565645194521955,0.9649218579142012
26673507.txt,0.44426494345718903,0.07617504051863858,0.5250403877221325,1.3641407101590592,0.9672409820537178
26691587.txt,0.4783821478382148,0.016783216783216783,0.5941422594142259,0.8768558006345045,0.9443370149775249
26695839.txt,0.3875338753387534,0.043596730245231606,0.44021739130434784,1.5345653125440695,0.9883907753032092
26746496.txt,0.3145884270578647,0.06775510204081632,0.39445802770986144,0.8033883523222072,0.9786520453633978
26750846.txt,0.33687405159332323,0.4033485540334855,0.3990895295902883,0.8101690223104931,0.9792082330567186
26780935.txt,0.46221441124780316,0.2204585537918871,0.5500878734622144,1.4148938830126767,0.9501035575309343
26819872.txt,0.3726606997558991,0.2910569105691057,0.44642857142857145,0.7984806700115796,0.9369913968973216
26829350.txt,0.3372093023255814,0.08932038834951456,0.4060077519379845,0.8158487559396778,0.9674350144488874
26829561.txt,0.4547738693467337,0.09848484848484848,0.5201005025125628,0.6393675652607279,0.97966516665938
26834746.txt,0.3624091381100727,0.03954214360041623,0.43302180685358255,0.7013879355927578,0.9447360129365576
26835781.txt,0.38329979879275655,0.24899193548387097,0.448692152917505,0.8979919855048079,0.9790243044516738
26888302.txt,0.4225206611570248,0.053830227743271224,0.493801652892562,0.671303561343752,0.9684927087578834
26919036.txt,0.41364296081277213,0.02911208151382824,0.5050798258345428,0.7060099499017433,0.9575243698416039
26921245.txt,0.5221518987341772,0.044444444444444446,0.6044303797468354,0.7544283222510385,0.9813097315326762
26924514.txt,0.3523225241016652,0.10974539069359086,0.42418930762489043,0.9627808770344124,0.9504052394880277
26942552.txt,0.29235382308845576,0.8481203007518797,0.3373313343328336,0.7128957988140965,0.9639715617564891
26975573.txt,0.362511893434824,0.04194470924690181,0.439581351094196,0.9712935685351859,0.9733925934865789
27000192.txt,0.3699421965317919,0.09362934362934362,0.4344894026974952,1.5424472169894439,0.9721746073442582
27004930.txt,0.39209726443769,0.09146341463414634,0.47112462006079026,0.7553397382518892,0.9777751487560302
27018550.txt,0.43370165745856354,0.13333333333333333,0.5331491712707183,0.45644521708029356,0.9630773626413617
27030979.txt,0.3997194950911641,0.07876230661040788,0.48667601683029454,2.153771376073677,0.9688799245358007
27080812.txt,0.29987608426270135,0.06459627329192547,0.3853779429987608,0.6976712892160222,0.9827404991676797
27084878.txt,0.4686299615877081,0.06033376123234917,0.5300896286811779,0.6548440652108892,0.9515635144937592
27090089.txt,0.41336633663366334,0.13895781637717122,0.4665841584158416,1.48327296343726,0.9850753540874201
27096471.txt,0.43243243243243246,0.1326676176890157,0.5163584637268848,0.6893643054171403,0.9751502075434612
27099856.txt,0.327641408751334,0.15935828877005348,0.3874066168623266,1.494638730354076,0.9636736197078576
27126818.txt,0.28984685195689164,0.39977285633162973,0.3448667044809983,0.650604302734858,0.9673304105646866
27152464.txt,0.47619047619047616,0.04111405835543767,0.548941798941799,1.247300595930771,0.9510329498907996
27164756.txt,0.31688511950655357,0.4826254826254826,0.3662297609868928,1.0831170543186968,0.967522147470073
27165830.txt,0.33438818565400846,0.16701902748414377,0.42510548523206754,0.5271626627307587,0.9693513860117262
27182111.txt,0.3442959917780062,0.13182286302780638,0.42548818088386436,1.5986301294173104,0.967564538105037
27219200.txt,0.304140127388535,0.19808306709265175,0.3646496815286624,1.0304584161654189,0.9844193319747834
27246366.txt,0.4431977559607293,0.03234880450070324,0.5259467040673211,0.7486258220723628,0.9648090556695708
27257013.txt,0.2307067424857839,0.8478437754271766,0.2802599512591389,1.1091267473928654,0.9590465484914331
27295996.txt,0.3945885005636979,0.04293785310734463,0.4577226606538895,1.218979511254936,0.9761661396568542
27298953.txt,0.41904761904761906,0.07159904534606205,0.5047619047619047,0.9130294198570533,0.9901152972253331
27372171.txt,0.33976833976833976,0.04829362524146812,0.4237942122186495,0.700249184834868,0.9730939479143353
27397245.txt,0.3648068669527897,0.09598853868194843,0.44285714285714284,1.1797720075488816,0.9697044012224948
27409087.txt,0.3464566929133858,0.06861198738170347,0.4275590551181102,1.116596291223715,0.985660126809112
27419236.txt,0.29217110573042776,0.18755052546483428,0.3704600484261501,0.8793021048474471,0.9802623356141011
27490876.txt,0.39355742296918766,0.06320224719101124,0.47619047619047616,0.6850396279619361,0.9889490648938802
27502951.txt,0.46048109965635736,0.04482758620689655,0.5292096219931272,0.6250329167888605,0.9746302160570292
27523575.txt,0.45768025078369906,0.2169811320754717,0.5282131661442007,0.6889178976484006,0.9696152234209648
27529455.txt,0.3240279162512463,0.26873126873126874,0.3938185443668993,0.7427833163881644,0.9780475267494108
27531694.txt,0.3315068493150685,0.31564501372369624,0.39817351598173517,0.7037756451111615,0.9606812791129494
27536013.txt,0.31752305665349145,0.19154557463672392,0.38603425559947296,0.862073456305901,0.9553633601091002
27549075.txt,0.43256578947368424,0.16996699669966997,0.4967105263157895,1.1852669508134757,0.9560667176989536
27558837.txt,0.32045779685264664,0.05747126436781609,0.4154727793696275,0.5397114444914076,0.9835379095395368
27606527.txt,0.28147612156295226,0.16304347826086957,0.3473227206946454,1.141018220744216,0.9561145327945587
27607632.txt,0.47577092511013214,0.03982300884955752,0.566079295154185,0.7212392419333645,0.954539342953334
27624540.txt,0.3621517771373679,0.15110683349374399,0.4332372718539865,0.7217140326902769,0.983534161617816
27710853.txt,0.2649687220732797,0.18649373881932022,0.3355674709562109,0.9049800639352379,0.9608459236262645
27726066.txt,0.2998236331569665,0.46444249341527655,0.3663453111305872,1.1859389222272647,0.9694953854571091
27798860.txt,0.3757183908045977,0.06402877697841726,0.4389367816091954,0.7286229660997406,0.9616614295927599
27902692.txt,0.40124740124740127,0.12317327766179541,0.4656964656964657,1.2767150953032707,0.9753641598221299
27903191.txt,0.3431952662721893,0.2062314540059347,0.4349112426035503,0.4744727522477245,0.9517704490169239
27909372.txt,0.37576687116564417,0.48,0.44171779141104295,1.1916708024075338,0.9539444609233652
27917969.txt,0.2080536912751678,0.847647498132935,0.24161073825503357,0.7010669638643313,0.9759003368885006
27974588.txt,0.34690265486725663,0.19182948490230906,0.4353982300884956,1.1540195061116583,0.9152722532677908
27980446.txt,0.3939828080229226,0.034482758620689655,0.4799426934097421,0.6330771764115282,0.9755169352507257
28005884.txt,0.3463497453310696,0.1788756388415673,0.40407470288624786,0.6121046017562435,0.9894127385536147
28013287.txt,0.3472750316856781,0.10419313850063533,0.42712294043092525,0.6775124717817813,0.9644259970644433
28020046.txt,0.4325581395348837,0.054778554778554776,0.49883720930232556,1.0263746271809138,0.9660564400189146
28035460.txt,0.2643979057591623,0.6377952755905512,0.31282722513089006,0.9626583676684104,0.9826018059598153
28063132.txt,0.514792899408284,0.19642857142857142,0.5976331360946746,0.7566275220348462,0.9084618687421679
28165687.txt,0.41718555417185554,0.05742821473158552,0.4931506849315068,0.7994503008758802,0.9657083653670854
28175164.txt,0.4057142857142857,0.041237113402061855,0.48114285714285715,0.4963869458396343,0.9564576718100465
28206098.txt,0.4741506646971935,0.08284023668639054,0.5471976401179941,1.1182292270710783,0.9549606676169154
28298773.txt,0.40222575516693165,0.08133971291866028,0.46740858505564387,0.950562054809564,0.9768410939578854
28325193.txt,0.38847858197932056,0.15259259259259259,0.4431314623338257,1.4975138133722679,0.9840985232633406
28326441.txt,0.48267326732673266,0.052109181141439205,0.573019801980198,0.947099087990159,0.9449590764415212
28337049.txt,0.39735894357743096,0.11432009626955475,0.4849939975990396,0.6402614280785027,0.9805126003575505
28359817.txt,0.31630170316301703,0.06951219512195123,0.4148418491484185,1.1150265192987165,0.9736124717831957
28377361.txt,0.44550408719346046,0.056010928961748634,0.5299727520435967,0.5605854743872005,0.9638328741449398
28383893.txt,0.3403235470341522,0.1684652278177458,0.4059880239520958,0.8787775409730694,0.9823710250002442
28396528.txt,0.22605694564279552,0.6715643906655142,0.2640207075064711,0.8931507715603135,0.9854858006469164
28419173.txt,0.3977832512315271,0.03333333333333333,0.49261083743842365,1.0167468591267825,0.9500384900468836
28423028.txt,0.38979591836734695,0.06646216768916155,0.43673469387755104,1.2286839232013949,0.9496375679195295
28471099.txt,0.26221804511278196,0.22859830667920977,0.3295774647887324,1.2179654542837828,0.9617160392139492
28505854.txt,0.36427320490367776,0.08947368421052632,0.43345008756567427,0.6178021073250707,0.9810366515546025
28531493.txt,0.3918918918918919,0.07156673114119923,0.4575289575289575,0.45814376698033477,0.9869557720064049
28628090.txt,0.3401315789473684,0.03689064558629776,0.42236842105263156,1.1786869691763457,0.9466290658905304
28630325.txt,0.4733893557422969,0.059154929577464786,0.5854341736694678,0.48368944041919026,0.9702407432424948
28642819.txt,0.40700808625336926,0.12027027027027028,0.5175202156334232,0.7422163545239708,0.9502627614573476
28670024.txt,0.17487958503149315,0.9065628476084538,0.2093367914042238,0.5997068667649018,0.9693578820894778
28697203.txt,0.3917525773195876,0.07090103397341212,0.46686303387334316,0.7751878401377464,0.983637611087686
28733974.txt,0.4146341463414634,0.07090464547677261,0.4975609756097561,0.9625137292324385,0.9590468464589367
28745844.txt,0.3993808049535604,0.19875776397515527,0.46439628482972134,0.5887389077674691,0.9514769538535998
28756444.txt,0.40487804878048783,0.08113391984359726,0.4897560975609756,0.5598236053756598,0.9774864360631283
28762662.txt,0.37379162191192267,0.0968783638320775,0.43501611170784105,0.8145001642660772,0.9760859745096713
28772892.txt,0.3871331828442438,0.05203619909502263,0.4729119638826185,0.5361619162760686,0.9555492682256206
28808263.txt,0.43829787234042555,0.02844950213371266,0.5304964539007092,0.6473083175309671,0.9358552368091375
28815362.txt,0.40670391061452515,0.17357222844344905,0.464804469273743,1.4102398403304421,0.9630442016732
28831378.txt,0.3510028653295129,0.09195402298850575,0.4154727793696275,0.8050904910689548,0.9825827818948504
28933005.txt,0.28666035950804164,0.5232227488151658,0.3339640491958373,0.9925891261880081,0.971705227274244
28939941.txt,0.41637426900584795,0.15826494724501758,0.4853801169590643,1.1125787522127077,0.8839192219647566
28951817.txt,0.32180851063829785,0.652,0.375,1.158132902296295,0.9879741757953197
28969385.txt,0.4495798319327731,0.03932584269662921,0.5196078431372549,0.8363221124848468,0.9919463914387806
28973180.txt,0.33252032520325203,0.08387622149837133,0.4138211382113821,0.6221438008875025,0.9307620043473791
28974459.txt,0.41055718475073316,0.12058823529411765,0.49266862170087977,1.170204035628153,0.9648012205339743
28989677.txt,0.4106412005457026,0.16415868673050615,0.4815825375170532,1.3350628135126588,0.9756327223839054
29002596.txt,0.3118279569892473,0.13907933398628794,0.37732160312805474,0.6613955895697049,0.9852912456710847
29061628.txt,0.5188679245283019,0.08227848101265822,0.5911949685534591,0.46148771687037465,0.9858460111315723
29075857.txt,0.312807881773399,0.06661184210526316,0.3793103448275862,0.943727058131086,0.9437294375533022
29091445.txt,0.4707692307692308,0.041666666666666664,0.5476923076923077,0.6492512954640082,0.973729348991011
29134372.txt,0.47820343461030385,0.03708609271523179,0.5587846763540291,1.2272595508430775,0.9696426045120912
29134721.txt,0.30153846153846153,0.19173859432799015,0.3688423645320197,0.635197570990932,0.9506555006705544
29142288.txt,0.30962343096234307,0.41131284916201116,0.36401673640167365,0.9189103874529253,0.9817007107720884
29147100.txt,0.5043859649122807,0.11504424778761062,0.5921052631578947,1.109186737678447,0.9848692102106525
29148871.txt,0.3408560311284047,0.0989867498051442,0.4163424124513619,0.7421160058133701,0.9659007403905767
29149998.txt,0.40119760479041916,0.05555555555555555,0.5014970059880239,1.0258543032597256,0.9671928090854147
29167286.txt,0.31994818652849744,0.44805194805194803,0.37694300518134716,1.0102535574680287,0.9753456139903778
29173771.txt,0.3472022955523673,0.42589928057553955,0.41750358680057387,0.5041100921726391,0.959971669271667
29177904.txt,0.36336779911373707,0.15555555555555556,0.4460856720827179,0.6716654803331902,0.984459138493413
29196643.txt,0.3245967741935484,0.24545454545454545,0.3810483870967742,0.8201643241394528,0.9168104272909514
29208172.txt,0.3648351648351648,0.046255506607929514,0.4351648351648352,0.8001674214983031,0.955042428125415
29221006.txt,0.31657142857142856,0.1305094447624499,0.3836477987421384,1.6225207331000897,0.981452675002658
29297393.txt,0.3509080257762156,0.0873900293255132,0.4428822495606327,0.9001469529579503,0.9787712319173176
29297973.txt,0.38729198184568836,0.06525037936267071,0.4659606656580938,0.8346213200536289,0.9593971833147165
29329075.txt,0.4611032531824611,0.1048158640226629,0.5296610169491526,0.9033408575562997,0.9616294668934482
29399491.txt,0.4795417348608838,0.09688013136288999,0.5613747954173486,0.9195580687019015,0.9740705873216029
29406313.txt,0.3139312977099237,0.10516252390057361,0.383587786259542,0.9086908429357444,0.9756752272829659
29415426.txt,0.5141955835962145,0.044444444444444446,0.5962145110410094,1.4375781167818398,0.9260553831825894
29449419.txt,0.4681818181818182,0.17933130699088146,0.5545454545454546,1.2822100062002324,0.9558620493792567
29456173.txt,0.4042232277526395,0.05597579425113464,0.49321266968325794,0.8990579768598569,0.9782542373259243
29573698.txt,0.4754601226993865,0.040123456790123455,0.5644171779141104,0.5429401977920931,0.9634620238025976
29574501.txt,0.43462246777163904,0.04621072088724584,0.5303867403314917,0.9767138484102501,0.9872983240278497
29639533.txt,0.38751625487646296,0.1316818774445893,0.46553966189856955,1.021666322593635,0.9547321951936787
29640922.txt,0.29012345679012347,0.4072164948453608,0.3425925925925926,0.7455652336981622,0.9698950247192569
29775391.txt,0.35126050420168065,0.32491582491582494,0.4151260504201681,1.2582657114470164,0.9597319435452935
29784524.txt,0.4415041782729805,0.13268156424581007,0.5334261838440112,0.8108686305601492,0.958021300802586
29797594.txt,0.29440993788819875,0.3163138231631382,0.4049689440993789,0.9564519501154117,0.973245168124537
29805310.txt,0.3166904422253923,0.34334763948497854,0.37089871611982883,0.6203351683966426,0.9535541194774366
29825044.txt,0.39274924471299094,0.22727272727272727,0.44561933534743203,1.1505514337237979,0.9738333879105365
29865476.txt,0.3977832512315271,0.0654320987654321,0.4876847290640394,0.6841270251523605,0.9692675532314973
29915354.txt,0.4326923076923077,0.05787781350482315,0.5096153846153846,0.9818128801528561,0.9431216959869214
29926588.txt,0.39968895800933124,0.1060842433697348,0.4727838258164852,0.9881149848332882,0.9288573506076873
29998869.txt,0.27094668117519044,0.29880043620501634,0.33514689880304677,0.7511188300153743,0.9990082057117536
30083884.txt,0.3532608695652174,0.056363636363636366,0.4492753623188406,0.602911474077014,0.9770425618658694
30127072.txt,0.4100486223662885,0.03577235772357724,0.4829821717990275,0.5565877567945189,0.9622807673645267
30304575.txt,0.34756703078450846,0.07462686567164178,0.40814299900695133,1.3757588998830017,0.9843592724531091
30311202.txt,0.38357843137254904,0.08230958230958231,0.45955882352941174,0.3921776332153197,0.974262861458118
30397268.txt,0.40072992700729926,0.029992684711046085,0.4821037253469686,0.6952341562434976,0.9639962737786394
30430249.txt,0.42663378545006164,0.11124845488257108,0.5006165228113441,0.6629046673551787,0.9441225554502082
30504149.txt,0.42935779816513764,0.058931860036832415,0.4990825688073395,1.3311570946000948,0.9869092123406299
30542184.txt,0.3351698806244261,0.6954921803127875,0.37649219467401285,0.5739435126121804,0.927111976367773
30608780.txt,0.33934252386002123,0.10201912858660998,0.41569459172852596,0.9838684059360222,0.9794641035358737
30709029.txt,0.37537993920972645,0.0975609756097561,0.4635258358662614,0.7272652221821985,0.9507332081923084
30862904.txt,0.38847117794486213,0.04271356783919598,0.4598997493734336,0.9565240090309876,0.979510055218036
30864828.txt,0.375609756097561,0.2724306688417618,0.43577235772357725,0.8869961942993727,0.9691007402062436
30965258.txt,0.4928977272727273,0.042735042735042736,0.5795454545454546,0.6425961551782912,0.9432402131136718
30990885.txt,0.38924731182795697,0.550755939524838,0.443010752688172,1.4061276796404496,0.9664162741940043
31040875.txt,0.4181360201511335,0.07341772151898734,0.5138539042821159,0.7195859955757333,0.9300330513505892
31042953.txt,0.40976331360946744,0.07270029673590504,0.5,1.5409435107599037,0.9561395897243067
31114531.txt,0.3365200764818356,0.08237547892720307,0.42065009560229444,0.44251956903815765,0.9600522854292555
31162167.txt,0.39652677279305354,0.11756168359941944,0.46888567293777134,0.7056558349877097,0.9916726107436293
31199035.txt,0.150066401062417,0.9001331557922769,0.1845949535192563,0.8156853184517788,0.9884198274747884
31211074.txt,0.4645669291338583,0.10584518167456557,0.5622047244094488,0.9374028538410779,0.9683362491319408
31217840.txt,0.3485714285714286,0.060801144492131615,0.42928571428571427,1.5119178336517782,0.980452545597265
31225895.txt,0.45809248554913296,0.028985507246376812,0.5578034682080925,1.010452497574075,0.9392469382707707
31243710.txt,0.3180428134556575,0.19101123595505617,0.35372069317023447,1.2193767994829603,0.9816243819474666
31273310.txt,0.38335607094133695,0.23392612859097128,0.46248294679399726,1.526037240110414,0.9241520351672972
31292364.txt,0.45489690721649484,0.08785529715762273,0.5360824742268041,1.0145310850812825,0.9276654314840866
31395710.txt,0.274364406779661,0.5711252653927813,0.3220338983050847,0.48649833351613225,0.9656335668701931
31454430.txt,0.3851508120649652,0.4755244755244755,0.46635730858468677,0.6760879816523058,0.9734075788378744
31710562.txt,0.37605804111245467,0.06303030303030303,0.4534461910519952,1.1940399813944065,0.9935444154816024
31813535.txt,0.3889541715628672,0.05182567726737338,0.4735605170387779,0.8513469657272725,0.9569056870092073
31850269.txt,0.4843492586490939,0.05950413223140496,0.5387149917627677,1.0858020155656483,0.9755632083015484
31948488.txt,0.39087947882736157,0.05228758169934641,0.4837133550488599,0.9921023507943716,0.9685789406110604
32042584.txt,0.4215885947046843,0.06748466257668712,0.5193482688391039,0.6752287743688178,0.9506139695399949
32067700.txt,0.4822222222222222,0.07142857142857142,0.5844444444444444,0.8216208794603612,0.9718192249073838
32069695.txt,0.34573947110675807,0.20019627085377822,0.40450538687561216,0.8062874303595176,0.973413195853709
32081266.txt,0.33879374534623974,0.16480238627889635,0.41474311243484735,0.5966343965206813,0.9583019987269946
32265203.txt,0.41531664212076586,0.310192023633678,0.48748159057437407,0.9905185647570464,0.950317065940623
32441790.txt,0.5,0.04564315352697095,0.5557851239669421,1.226503512303689,0.9791647086555617
32517106.txt,0.37435367114788004,0.34300518134715025,0.4415718717683557,1.0536568412284069,0.9670635706707252
32531824.txt,0.5096952908587258,0.016713091922005572,0.6094182825484764,0.472864482863527,0.9647370941447088
32563518.txt,0.3713784021071115,0.08003518029903255,0.4363476733977173,1.1094993855721578,0.944745507062711
32605413.txt,0.4649006622516556,0.01593625498007968,0.5509933774834437,0.8610571078438894,0.9247614315273078
32651555.txt,0.4303030303030303,0.0825242718446602,0.49515738498789347,1.2477905988359295,0.9832983824270309
32799518.txt,0.2503217503217503,0.8350515463917526,0.2985842985842986,0.5709964537506367,0.95610464144596
32896934.txt,0.3697841726618705,0.09668109668109669,0.4201438848920863,0.5970520592447656,0.9907067738105935
33023370.txt,0.41007194244604317,0.12379807692307693,0.5071942446043165,0.8612939951562043,0.9814653633039754
33141415.txt,0.48654708520179374,0.04054054054054054,0.5582959641255605,1.0034561255022294,0.9889194939062135
33176873.txt,0.36163836163836166,0.12812812812812813,0.44755244755244755,1.048542473113434,0.9947558951702148
33424600.txt,0.2131398013750955,0.6870696250956388,0.2643239113827349,0.5889696068760366,0.9801459709831474
33627938.txt,0.34438775510204084,0.11073253833049404,0.4030612244897959,1.714552787498779,0.9743428009310664
33665485.txt,0.4,0.06467661691542288,0.47603305785123967,0.5480048568522597,0.9782847114449102
33685075.txt,0.36633663366336633,0.19514884233737598,0.44554455445544555,0.6962243025155406,0.9898472014184378
33685988.txt,0.36419753086419754,0.4024767801857585,0.4243827160493827,1.6638672477415366,0.9716670883219621
33803142.txt,0.3040473840078973,0.1404549950544016,0.36031589338598224,1.0373606132149908,0.9428240609331531
33872500.txt,0.409778812572759,0.061843640606767794,0.49243306169965073,0.5320281710848772,0.9793727172394219
34185495.txt,0.3812664907651715,0.19047619047619047,0.42744063324538256,1.5011576071932249,0.9926780467512571
34198885.txt,0.41964285714285715,0.07611940298507462,0.5163690476190477,0.6356043311270696,0.9924367045989494
34252537.txt,0.3708040593286495,0.0836591086786552,0.4371584699453552,1.378096979923647,0.957372540392493
34304175.txt,0.4852459016393443,0.03453947368421053,0.5426229508196722,0.812320606371406,0.939556632584664
34452806.txt,0.42119205298013246,0.09827357237715803,0.49801324503311256,1.158941049815495,0.9731875479380429
34465087.txt,0.41511627906976745,0.22727272727272727,0.48604651162790696,0.685374966274456,0.9745874354333274
34511655.txt,0.3626666666666667,0.053475935828877004,0.43866666666666665,0.5188018485170338,0.9540520272182359
34689720.txt,0.3333333333333333,0.069164265129683,0.4410919540229885,0.7707394518907582,0.989046308195965
34745915.txt,0.27771797631862216,0.6947141316073355,0.33584499461786865,0.7226943856975262,0.9481049861526075
34792238.txt,0.21325167037861914,0.7759197324414716,0.2522271714922049,0.8885315533012392,0.9620049556101917
34797369.txt,0.41037735849056606,0.10638297872340426,0.4882075471698113,1.109429775223331,0.9679804172471358
34875813.txt,0.350635593220339,0.08386411889596602,0.4247881355932203,0.959325244845872,0.9867662179806098
35121930.txt,0.38451268357810414,0.12449799196787148,0.472630173564753,0.5075638649472466,0.9591627309457739
35172961.txt,0.4470426409903714,0.18344827586206897,0.48418156808803303,2.3224427646999555,0.9775623731223165
35302620.txt,0.3929577464788732,0.2796610169491525,0.4676056338028169,0.9791960048917746,0.9279587425968507
35344611.txt,0.366751269035533,0.02544529262086514,0.4619289340101523,0.7492419469878914,0.9605006421691538
35389360.txt,0.30641330166270786,0.13957176843774782,0.3768804433887569,1.755209180229081,0.961284649366304
35421497.txt,0.4883720930232558,0.050955414012738856,0.5898520084566596,0.6143330221623757,0.9193485441406364
35474904.txt,0.3648111332007952,0.05084745762711865,0.4527363184079602,1.3761474219991703,0.9241514171295513
35492909.txt,0.2746585735963581,0.786910197869102,0.3125948406676783,0.8433235867445583,0.9818290171252984
35554162.txt,0.4175491679273828,0.054628224582701064,0.5083207261724659,0.5219048541502834,0.9746909241591234
35564026.txt,0.39820359281437123,0.18618618618618618,0.4820359281437126,0.8391796845360807,0.9553539306706198
35571205.txt,0.4083570750237417,0.05708848715509039,0.4919278252611586,0.5598752763913325,0.9512804424417657
35985133.txt,0.30847145488029465,0.2564575645756458,0.36464088397790057,0.675648516898961,0.9897624656660454
35990852.txt,0.2591362126245847,0.1497005988023952,0.34485049833887044,0.7335691523117954,0.9823967236614718
36102323.txt,0.44611059044048734,0.03004694835680751,0.5248359887535146,0.8561522174297304,0.9550564244490289
36107065.txt,0.3315508021390374,0.17001338688085676,0.39438502673796794,2.543487994310047,0.9961138109542179
36149549.txt,0.4854838709677419,0.032362459546925564,0.5725806451612904,1.2603741206631707,0.9660119252581116
36206485.txt,0.4014510278113664,0.03878787878787879,0.4873035066505441,0.7021673986386356,0.938559926457082
36252245.txt,0.39766702014846234,0.05100956429330499,0.4941675503711559,1.0270299289133997,0.9604258014619338
36269672.txt,0.3086734693877551,0.07948717948717948,0.4413265306122449,1.0261409661069194,0.9064828198004241
36366044.txt,0.38389830508474576,0.10441426146010187,0.4788135593220339,1.639385012625405,0.9300006367304782
36425270.txt,0.42857142857142855,0.03691813804173355,0.512,0.7648502075570092,0.9878355872902899
36434348.txt,0.33426573426573425,0.182328190743338,0.38741258741258744,1.1547845488975839,0.9781913586994972
36517781.txt,0.3445378151260504,0.3898916967509025,0.42136854741896757,0.6500953058633322,0.9672834201702236
36569713.txt,0.5,0.19852941176470587,0.572992700729927,1.3454487347863127,0.9935505482787398
36625776.txt,0.33101391650099404,0.14342629482071714,0.4025844930417495,0.6096948215331376,0.9600967042428733
36671891.txt,0.3380952380952381,0.10890302066772654,0.403968253968254,1.145749508175269,0.9492534828678902
36727173.txt,0.46189024390243905,0.06584992343032159,0.549618320610687,1.2624617654747976,0.9356892869484884
37001381.txt,0.3713527851458886,0.04521276595744681,0.45490716180371354,0.8656810675494219,0.9713258408104589
37058472.txt,0.431858407079646,0.05328596802841918,0.5185840707964602,0.5413976743328734,0.9788341796130478
37087824.txt,0.4652014652014652,0.0625,0.5366300366300366,1.1505447274691307,0.9679350448031898
37201447.txt,0.34025974025974026,0.375,0.4103896103896104,1.077107823348689,0.9530940438025678
37220856.txt,0.4143835616438356,0.05491990846681922,0.4874429223744292,0.7074023095494428,0.9684301972145789
37263609.txt,0.3767123287671233,0.31443298969072164,0.4366438356164384,1.3528207340925589,0.942502046761712
37292350.txt,0.28993147074327885,0.15883905013192612,0.34686346863468637,1.338916650823265,0.9810602615469796
37348041.txt,0.4383116883116883,0.04560260586319218,0.5064935064935064,0.7034173145205816,0.9896112708598899
37391947.txt,0.31004901960784315,0.23955773955773957,0.38357843137254904,0.5862688662793293,0.9773922818097566
37472265.txt,0.2860927152317881,0.5431606905710491,0.32980132450331123,1.3462073049701833,0.9757277374513745
37473139.txt,0.46476761619190404,0.016541353383458645,0.5592203898050975,0.7148878811053366,0.9309212688213253
37560528.txt,0.31693548387096776,0.05735056542810985,0.4161290322580645,0.5646273979156212,0.9773553862617321
37640804.txt,0.4253490870032223,0.12917115177610333,0.5069817400644469,1.2168535672688545,0.9580512944230049
37695494.txt,0.39953271028037385,0.19483568075117372,0.4719626168224299,1.334450330702326,0.9734403992695629
37735467.txt,0.46397694524495675,0.017366136034732273,0.5584415584415584,0.5585663808953523,0.9450494662167359
37913536.txt,0.3049932523616734,0.2706359945872801,0.3697705802968961,0.6136852398546093,0.9628052905181342
37997506.txt,0.3220675944333996,0.10159362549800798,0.40457256461232605,1.258170983758803,0.9852311794250642
38115035.txt,0.3639751552795031,0.1357409713574097,0.4546583850931677,1.095951966161933,0.9694070476960843
38165833.txt,0.4788732394366197,0.1943127962085308,0.568075117370892,0.7006204335539816,0.9574262713110347
38355831.txt,0.277337559429477,0.31160572337042924,0.35340729001584786,0.6100161197212343,0.9732925762274177
38399177.txt,0.5296296296296297,0.022388059701492536,0.6185185185185185,0.5365179483636346,0.9706258442467764
38441665.txt,0.3682539682539683,0.06687898089171974,0.45396825396825397,1.1318763081416345,0.988291339097175
38565119.txt,0.2541507024265645,0.7503201024327785,0.2988505747126437,0.8244563581950821,0.980448732854404
38642923.txt,0.3866231647634584,0.09983633387888707,0.4437194127243067,1.2341645361332452,0.9794978383902718
38650096.txt,0.5472972972972973,0.04081632653061224,0.6317567567567568,0.611551810755933,0.9586592759544725
38707449.txt,0.4824016563146998,0.04573804573804574,0.556935817805383,1.5233321708581902,0.9937578898769553
38744475.txt,0.43707093821510296,0.05747126436781609,0.5240274599542334,0.6478786091458927,0.9602451857693673
38750659.txt,0.40134907251264756,0.11844331641285956,0.45699831365935917,1.2483304457679014,0.9860523564477659
38847011.txt,0.3737024221453287,0.06581986143187067,0.46889400921658986,0.5028387153395526,0.9864520665919915
38946032.txt,0.35947712418300654,0.14809960681520315,0.4366013071895425,1.0872121041178784,0.9335988726624946
39082090.txt,0.405777166437414,0.24,0.45392022008253097,1.120640962426804,0.9550259519083028
39237915.txt,0.4527736131934033,0.04661654135338346,0.5232383808095952,1.2657207632164766,0.9785250658830799
39247950.txt,0.3518005540166205,0.09722222222222222,0.42382271468144045,1.324955946105255,0.9965469041887317
39295103.txt,0.41166936790923825,0.13008130081300814,0.4846029173419773,1.0176868275601347,0.9758817292506096
39441617.txt,0.3471971066907776,0.0625,0.3960216998191682,1.6569974196651154,0.9886147408366085
39569771.txt,0.46795827123695977,0.03886397608370702,0.563338301043219,1.125219647949553,0.9947504780095762
39581020.txt,0.528052805280528,0.026578073089700997,0.6237623762376238,0.6214733322737874,0.9806424357598068
39608848.txt,0.4622222222222222,0.022288261515601784,0.5481481481481482,0.7714714527114338,0.9500144277212778
39650734.txt,0.43899657924743446,0.019450800915331808,0.5342465753424658,1.4753617829849186,0.9889557375417344
39718499.txt,0.4837662337662338,0.0915032679738562,0.5681818181818182,1.8645557001448703,0.9728565902663945
39855211.txt,0.45908607863974493,0.01597444089456869,0.536663124335813,0.5708774029387912,0.965726215521358
39970711.txt,0.4540983606557377,0.06578947368421052,0.5426229508196722,0.7150273271499867,0.9780287421152887
40018190.txt,0.5452196382428941,0.04155844155844156,0.6330749354005168,1.0911075181994119,0.9728666592816245
40987524.txt,0.34347826086956523,0.23638344226579522,0.4206521739130435,0.696058187281918,0.9317506558518293
41344156.txt,0.3465909090909091,0.07972665148063782,0.4420454545454545,0.7453807885643275,0.9688619884661779
41590605.txt,0.3870967741935484,0.11426319936958235,0.43823760818253343,1.015339055544026,0.9733360752448157
42304307.txt,0.3411042944785276,0.5006150061500615,0.4196319018404908,1.4868073928933816,0.9724262381297747
42427521.txt,0.33111480865224624,0.3516666666666667,0.3951747088186356,0.9559260519936957,0.9654165671771755
42487883.txt,0.4117647058823529,0.06220095693779904,0.5023847376788553,2.082207146379236,0.9877826356599445
42546558.txt,0.40460081190798375,0.05834464043419267,0.496617050067659,0.553736720961194,0.9240383815847747
43311839.txt,0.29107692307692307,0.06469500924214418,0.3569230769230769,1.0024072897731962,0.9865229461915038
43752620.txt,0.40924092409240925,0.08158765159867695,0.46424642464246424,0.7152418148681533,0.984946452678424
43852883.txt,0.40574282147315854,0.12891113892365458,0.4794007490636704,1.0721765209250729,0.9750352136869712
43994605.txt,0.39643347050754457,0.04401650618982118,0.4732510288065844,0.7204375993142068,0.9851706995073131
44145704.txt,0.34252539912917274,0.36588921282798836,0.4069767441860465,0.9365077801701048,0.9351529408204701
44185767.txt,0.3202911737943585,0.10300820419325434,0.3939945404913558,1.6226498114890648,0.9517619188601788
45077654.txt,0.3252804141501294,0.28262748487467587,0.3882657463330457,1.0578187373129895,0.9750998765143706
45656814.txt,0.32463768115942027,0.08139534883720931,0.427536231884058,0.5725069318010292,0.9713756823010182
45900271.txt,0.3684210526315789,0.09415121255349501,0.45092460881934565,0.6142632585597103,0.9696300457631598
45987048.txt,0.45045045045045046,0.01935483870967742,0.528957528957529,0.4595686911772697,0.956201838958459
46055835.txt,0.47516556291390727,0.03986710963455149,0.5513245033112583,0.9144564703894327,0.9925014193380035
46260230.txt,0.37566947207345064,0.055938697318007664,0.46748278500382556,1.0457458866154747,0.9639268211850913
46349752.txt,0.38991270611057227,0.04859086491739553,0.475266731328807,0.5625161359046325,0.9898773879383612
47487091.txt,0.44350961538461536,0.046987951807228916,0.5288461538461539,0.729960939665258,0.9543972958633101
48533663.txt,0.4013921113689095,0.03953488372093023,0.5011600928074246,0.7257350280753058,0.9790912143102688
48580330.txt,0.37641154328732745,0.12955974842767295,0.4629861982434128,1.7949653858324184,0.9320738822846475
49127329.txt,0.3330365093499555,0.06422836752899197,0.40338379341050756,1.1152025958463396,0.9666464067672212
49285644.txt,0.42278481012658226,0.07106598984771574,0.5088607594936709,0.8302524617178297,0.9455536723488249
49325370.txt,0.4246305418719212,0.10069101678183613,0.4916256157635468,0.7379938483320705,0.9640991260770083
49486820.txt,0.3901705115346038,0.1748743718592965,0.46238716148445336,0.8961115838562785,0.9478371681446804
49646155.txt,0.36342592592592593,0.06380510440835267,0.4409722222222222,0.6581640826029079,0.971878103707685
49685006.txt,0.33152594887683967,0.19317300232738557,0.412858249419055,0.8924534820923435,0.9754555760296498
49937469.txt,0.4072164948453608,0.14728682170542637,0.49097938144329895,0.6984098590170974,0.9475940320379467
49997097.txt,0.41210374639769454,0.10404624277456648,0.484149855907781,1.0440376212377958,0.9984822862010425
50219114.txt,0.38350785340314136,0.05774278215223097,0.4594240837696335,0.5757052004214618,0.9575362845379117
50324968.txt,0.5092838196286472,0.021333333333333333,0.6180371352785146,1.1879321524081676,0.9749808268510047
50328713.txt,0.3134953897736798,0.42233417296389586,0.37468566638725903,1.5534363863721263,0.9967720522783834
51018476.txt,0.38852097130242824,0.2261640798226164,0.45474613686534215,0.7795910546473345,0.9635455718275687
51349448.txt,0.5859872611464968,0.02564102564102564,0.6815286624203821,1.1812977266715246,0.9289908090329029
51363762.txt,0.3869047619047619,0.11530815109343936,0.4603174603174603,0.6860175968623138,0.9663494234815689
51508889.txt,0.26125804145818443,0.1838340486409156,0.314867762687634,0.6745076258199342,0.9726097974999066
51724595.txt,0.3722707423580786,0.03282275711159737,0.46179039301310043,1.8156869910778557,0.9615844436428957
52252936.txt,0.4155495978552279,0.11155913978494623,0.5053619302949062,0.9738046264326359,0.9798667497323409
52618188.txt,0.34036144578313254,0.1619718309859155,0.40562248995983935,1.0258257702903346,0.9544105299468224
53129155.txt,0.35082458770614694,0.42105263157894735,0.4107946026986507,0.7595274674465043,0.9831764783550818
53227466.txt,0.3403755868544601,0.18235294117647058,0.4213615023474178,0.850153583801207,0.9640506040913442
53265899.txt,0.40160183066361554,0.20642201834862386,0.477116704805492,1.1202424884222741,0.965610308945506
53640713.txt,0.275390625,0.5436766623207301,0.3372395833333333,0.8329376497590467,0.964498599972544
53701275.txt,0.40587449933244324,0.0642570281124498,0.48064085447263016,0.7074694001479206,0.9906344644382731
54101961.txt,0.5229681978798587,0.05693950177935943,0.6007067137809188,0.42686331398783633,0.9825145475132807
54201930.txt,0.319774011299435,0.40770101925254815,0.37966101694915255,1.1477669667662784,0.9929164961070199
54232810.txt,0.4597875569044006,0.0289193302891933,0.5553869499241275,0.9190879077920636,0.9618821009478112
54246169.txt,0.35690968443960824,0.12322791712104689,0.4211099020674646,0.8353872664688675,0.9708603519867747
54421668.txt,0.29833887043189367,0.35395874916833003,0.36345514950166113,1.2793989135114434,0.9704092816169666
54934269.txt,0.2820919175911252,0.6550079491255962,0.33914421553090335,1.407733257820346,0.9588696480478381
55500538.txt,0.30354609929078014,0.8122332859174964,0.3446808510638298,0.6484126348679666,0.9608329953858998
56286525.txt,0.3955928646379853,0.0683491062039958,0.4910807974816369,0.6856997343008557,0.9706176250602909
56520872.txt,0.28112449799196787,0.48456375838926175,0.3293172690763052,0.6374974495489938,0.9649609146784599
56525735.txt,0.2960829493087558,0.3140877598152425,0.35368663594470046,0.5770556275428839,0.9736783882552342
56691064.txt,0.43034825870646765,0.0599250936329588,0.5130759651307597,1.6013071806135535,0.9779095436184362
56792999.txt,0.4207221350078493,0.048818897637795275,0.49921507064364207,0.5580056114329591,0.9374890319753998
56952849.txt,0.2924613987284287,0.38342440801457195,0.3490909090909091,0.8784873453816705,0.9292619186085497
57088974.txt,0.3621700879765396,0.16029411764705884,0.43255131964809385,0.7646256405865239,0.9902349218368921
57364820.txt,0.3982102908277405,0.05941704035874439,0.4742729306487696,1.1976242223523617,0.9293220463474281
57601040.txt,0.3985728848114169,0.04290091930541369,0.47604485219164117,0.7126533052306668,0.9480034874340902
58105060.txt,0.32456140350877194,0.3313782991202346,0.3845029239766082,0.9819847038425101,0.9861871977573267
58165257.txt,0.40903054448871184,0.06,0.49601063829787234,0.849680426591762,0.985136469016245
58208591.txt,0.3158227848101266,0.0982256020278834,0.3911392405063291,1.0552110580043323,0.9686346840426159
58708773.txt,0.43478260869565216,0.10756972111553785,0.5454545454545454,0.7609080632937953,0.9737315237625495
58915642.txt,0.32894736842105265,0.633245382585752,0.3881578947368421,1.1622694994146465,0.9956424781352476
59450123.txt,0.3124312431243124,0.13671444321940462,0.39713971397139713,0.6257297177060934,0.9826540148415975
59487170.txt,0.28790786948176583,0.3817307692307692,0.3435700575815739,2.6589513547399317,0.9375978431130597
59777056.txt,0.5200642054574639,0.00966183574879227,0.6003210272873194,0.5465206369229352,0.9381295921670525
59962788.txt,0.4604715672676838,0.025034770514603615,0.5464632454923717,0.9907184665332996,0.9829244175252068
60004873.txt,0.4428969359331476,0.19887955182072828,0.4958217270194986,0.4671999291265022,0.9889476818029861
60182829.txt,0.3982521847690387,0.11639549436795996,0.46691635455680397,0.8489938581152557,0.9780348956714298
61065616.txt,0.43111831442463533,0.13008130081300814,0.5089141004862237,0.870099518137966,0.9310193772497956
61319162.txt,0.35294117647058826,0.1639871382636656,0.4128342245989305,1.4374007932865036,0.9984594201088306
61322296.txt,0.3563218390804598,0.10253456221198157,0.4413793103448276,0.485545388796624,0.9779539407030792
62071407.txt,0.39173789173789175,0.12,0.45584045584045585,0.8224434663614416,0.9670462148306452
62184086.txt,0.45132743362831856,0.26706231454005935,0.5398230088495575,0.7418747103220821,0.9634117443535635
62312955.txt,0.5318471337579618,0.08012820512820513,0.5859872611464968,0.8559713338768071,0.9830646745965101
62700506.txt,0.3448275862068966,0.06436567164179105,0.4264432029795158,0.9815158059960745,0.958743008620522
62809577.txt,0.42731277533039647,0.16592920353982302,0.5022026431718062,0.8228950510948785,0.9744693210043314
62850928.txt,0.37771345875542695,0.05805515239477504,0.4558610709117221,1.8705532451423996,0.9865098732542367
62870550.txt,0.4259012016021362,0.06827309236947791,0.514018691588785,0.9290960634683665,0.9251377008907496
63145386.txt,0.46026986506746626,0.02406015037593985,0.5337331334332833,0.5772946799817039,0.9844410346878489
63989974.txt,0.3245341614906832,0.16510903426791276,0.38664596273291924,0.9977979479954384,0.9583750796228463
65062795.txt,0.410459587955626,0.03815580286168521,0.508716323296355,0.5475143889854245,0.9677178259302973
65325317.txt,0.28593272171253825,0.6232771822358346,0.33409785932721714,0.8420189724904746,0.9637546931812712
65373280.txt,0.20249869859448205,0.9010416666666666,0.24765868886576484,0.86867704035064,0.981282589141921
65456466.txt,0.21334586466165414,0.8258003766478342,0.25375939849624063,0.8953414252131696,0.9456024098907039
65708020.txt,0.36562860438292966,0.10404624277456648,0.44405997693194926,0.6123013839989369,0.9505863903319879
65864767.txt,0.3216216216216216,0.6341463414634146,0.3891891891891892,0.8311962921026295,0.9641028431266224
66683238.txt,0.46781789638932497,0.04094488188976378,0.5510204081632653,0.5460488350447879,0.9629367502546885
66741193.txt,0.3525641025641026,0.05353319057815846,0.4284188034188034,0.5730893473925156,0.9843265632105305
66832845.txt,0.3727544910179641,0.15639097744360902,0.44677661169415295,1.5236373047729714,0.9402645281214672
66906212.txt,0.35777998017839446,0.09831181727904667,0.44400396432111,0.48181750438573073,0.9794682049751448
67032711.txt,0.3609467455621302,0.0711743772241993,0.46272189349112425,0.480744074595988,0.9383042078315761
68216398.txt,0.4169381107491857,0.07026143790849673,0.495114006514658,0.8228497015139983,0.9886310754905693
68781345.txt,0.33402489626556015,0.10706860706860707,0.3983402489626556,0.7982360011565467,0.9661398015954266
69155584.txt,0.5558739255014327,0.023054755043227664,0.66189111747851,0.5605026270403678,0.9240068347468167
69360287.txt,0.3675464320625611,0.06842619745845552,0.45365853658536587,1.1608063740096348,0.9778194452023032
69458502.txt,0.4420485175202156,0.07972972972972973,0.5256064690026954,0.8622460867458913,0.9356817805342149
69764348.txt,0.351878612716763,0.21490593342981187,0.41329479768786126,1.1425160097333444,0.931950093213569
70089206.txt,0.3467741935483871,0.07159353348729793,0.41935483870967744,1.0930169676848536,0.9891486507746153
70198580.txt,0.4470404984423676,0.08125,0.5311526479750779,1.0926646527743773,0.9660428180247161
70603826.txt,0.4071969696969697,0.1413662239089184,0.4990530303030303,1.0552331518189877,0.9294166002908907
70667011.txt,0.3935018050541516,0.06513872135102533,0.4813477737665463,1.1819673895025076,0.9727799861723524
70892619.txt,0.23295454545454544,0.7165242165242165,0.28267045454545453,1.348503853943262,0.9638512579033482
71576860.txt,0.4330357142857143,0.041791044776119404,0.5223214285714286,0.7963914568095722,0.9374944167836451
71767359.txt,0.34006462035541196,0.063915857605178,0.4135702746365105,0.8520602774404866,0.9597190419190227
71888547.txt,0.3948051948051948,0.140625,0.4935064935064935,1.3236047791973355,0.938882125513446
72136463.txt,0.375,0.055201698513800426,0.4353813559322034,1.5883741000586802,0.9437954886550506
72231872.txt,0.31255411255411253,0.12315698178664354,0.3887445887445887,0.9453545285687504,0.9560501012371179
72652441.txt,0.29081081081081084,0.6608884073672806,0.3491891891891892,0.7106306731279595,0.9658668154484005
73075521.txt,0.33419689119170987,0.11932555123216602,0.3963730569948187,1.316011070299018,0.9687672288072584
73157997.txt,0.37092731829573933,0.052763819095477386,0.4473684210526316,0.5062390243515427,0.9669910168894094
73448369.txt,0.36801242236024845,0.5062305295950156,0.42701863354037267,0.676188973592574,0.9783496585495954
74126637.txt,0.4550898203592814,0.042042042042042045,0.5643712574850299,0.856390723382344,0.9416920105343328
74236636.txt,0.44503311258278144,0.1752988047808765,0.5099337748344371,0.6976075451175653,0.9903797641835406
74512244.txt,0.4865269461077844,0.02702702702702703,0.5853293413173652,0.8156662782410685,0.9765946666008604
74522938.txt,0.3297769156159069,0.3974732750242954,0.3860329776915616,0.5211777446094925,0.9582653754422273
74552449.txt,0.3875968992248062,0.522077922077922,0.42377260981912146,0.6164731189416679,0.9228857710335691
74816727.txt,0.39633286318758815,0.031117397454031116,0.5063469675599436,0.5097821087512375,0.9661185303946552
74849878.txt,0.5521235521235521,0.10894941634241245,0.640926640926641,0.8989413458846984,0.977495782517606
75057933.txt,0.3841642228739003,0.2261380323054332,0.4289897510980966,1.53833878976103,0.9961427272351152
75297735.txt,0.46710526315789475,0.07590759075907591,0.5296052631578947,0.8164534792526662,0.9899966689919988
75744306.txt,0.36971830985915494,0.15863689776733256,0.45838218053927315,0.6125837652826859,0.9573371630914257
75950464.txt,0.29778051787916154,0.5006172839506173,0.35450061652281134,0.6554494004734627,0.9707683301464655
76010167.txt,0.508695652173913,0.08733624454148471,0.6060606060606061,1.152077222692038,0.8613006475090793
76196367.txt,0.3718791064388962,0.030303030303030304,0.45992115637319314,0.5586237873108701,0.9491437206536263
76454959.txt,0.3452722063037249,0.16666666666666666,0.42120343839541546,0.6472388762489306,0.9902543974967077
76530505.txt,0.34950071326676174,0.34763948497854075,0.42510699001426533,0.5566367351657535,0.9871339797415715
77156708.txt,0.28823529411764703,0.6698113207547169,0.33294117647058824,0.9701004643659081,0.9703599588980542
77266989.txt,0.3949930458970793,0.1896792189679219,0.4728789986091794,0.677352165270074,0.9435250462544194
77439230.txt,0.4061597690086622,0.05785920925747348,0.480269489894129,0.7783140950448426,0.9868029801640964
77626587.txt,0.4899328859060403,0.0472972972972973,0.5738255033557047,0.6922844004417519,0.9225231495016329
77638654.txt,0.4197901049475262,0.06917293233082707,0.5037481259370314,0.8146495396928071,0.9790452560254109
77828437.txt,0.41140776699029125,0.09378806333739342,0.4787363304981774,1.8129724983309754,0.9560996910743592
78016758.txt,0.42543859649122806,0.025,0.5161290322580645,0.7658838732130767,0.9451773486251098
78114950.txt,0.2194269741439553,0.8824352694191743,0.2641509433962264,0.8553238712038606,0.9843636718640993
78229715.txt,0.3265822784810127,0.3604060913705584,0.40253164556962023,0.8253708143937514,0.9830807525452888
78298706.txt,0.3972413793103448,0.28907330567081607,0.46482758620689657,0.38307908299563326,0.954055945889759
78357954.txt,0.41492146596858637,0.06036745406824147,0.4986910994764398,1.30475737314566,0.9941259286807065
78538268.txt,0.44568690095846647,0.15865384615384615,0.5175718849840255,1.0637631532552279,0.9429978775706206
79261033.txt,0.34328358208955223,0.11980033277870217,0.4228855721393035,0.7600773907432523,0.9871695035065237
79536879.txt,0.3867704280155642,0.10304449648711944,0.46531566640685895,0.7121773485429794,0.9510161560266392
79541391.txt,0.28132387706855794,0.16923076923076924,0.34929078014184395,1.0825543724227726,0.9647403606854363
80162314.txt,0.4156028368794326,0.04694167852062589,0.5092198581560283,0.4303740369901387,0.9549981879853382
80275976.txt,0.34054054054054056,0.35102925243770317,0.3978378378378378,0.7146398573810487,0.9656764039521284
80503242.txt,0.41887905604719766,0.047337278106508875,0.4941002949852507,0.6624351905526223,0.9591151565716325
80876647.txt,0.4358322744599746,0.0535031847133758,0.5324015247776366,1.336238101846566,0.9566087230445689
81042872.txt,0.43437077131258456,0.1560379918588874,0.489851150202977,0.6407608176445916,0.9470861919024331
82118447.txt,0.3563696919233972,0.15095913261050875,0.42464612822647796,0.9620469896834245,0.9524492484284838
82246962.txt,0.38438735177865613,0.02967359050445104,0.4501480750246792,1.3044640661068585,0.9885363243750116
82738323.txt,0.4676056338028169,0.053824362606232294,0.5492957746478874,1.157088900902468,0.9945544469221342
83566455.txt,0.3667180277349769,0.07727975270479134,0.4622496147919877,0.7244153233289067,0.9208735503507933
83816738.txt,0.37696768848384427,0.06804979253112033,0.4515327257663629,0.8560462027251844,0.9354032198819
84356308.txt,0.34894991922455576,0.07033144704931285,0.4156577885391445,1.029557120274322,0.9662099425400416
84373843.txt,0.3385542168674699,0.06038647342995169,0.4686746987951807,0.842237591072498,0.9078080700311392
85417107.txt,0.3602661596958175,0.06380952380952382,0.4439163498098859,0.6984029777246951,0.9832633526485355
85421438.txt,0.27899686520376177,0.16020942408376965,0.3793103448275862,0.7939442257155648,0.9549789199617089
85766635.txt,0.42363112391930835,0.1676300578034682,0.48703170028818443,1.4278565724777077,0.9745034607308256
85918100.txt,0.3442028985507246,0.059322033898305086,0.42995169082125606,0.7128732016225857,0.9459361606592533
86209934.txt,0.38209606986899564,0.2724288840262582,0.44759825327510916,0.856986788306949,0.973322094010056
86322251.txt,0.3524390243902439,0.31295843520782396,0.4024390243902439,1.2918667264587622,0.9746099572370795
87520378.txt,0.5240875912408759,0.10102489019033675,0.5956204379562043,1.4403245374512736,0.9818196625816928
88038965.txt,0.27712418300653596,0.21363040629095675,0.3333333333333333,0.8194305865374718,0.985915287153153
88651471.txt,0.3825503355704698,0.08209959623149395,0.4429530201342282,1.245781735853992,0.9963733771578503
88859947.txt,0.4070221066319896,0.05345501955671447,0.49024707412223667,1.2508306462392844,0.951804580018552
89197180.txt,0.3992443324937028,0.08838383838383838,0.45717884130982367,0.8711329633608881,0.9550955104306106
89413122.txt,0.4169435215946844,0.06333333333333334,0.5049833887043189,0.6382219604734093,0.9820000045211132
90066849.txt,0.28192999053926204,0.1033175355450237,0.3566698202459792,1.2287085119019607,0.9931845293632074
90280583.txt,0.435630689206762,0.07301173402868318,0.4889466840052016,1.213913187524862,0.9882243548551242
90363254.txt,0.31874298540965207,0.08661417322834646,0.40404040404040403,0.6133871491357658,0.9597323275420312
90365216.txt,0.43776223776223777,0.1767180925666199,0.5118881118881119,1.8543068170208479,0.9633248843887311
90682785.txt,0.47641509433962265,0.07142857142857142,0.5990566037735849,0.5162598834271983,0.9762202212451988
90685127.txt,0.4631043256997455,0.05370843989769821,0.5597964376590331,1.6067971955302234,0.988089833529671
91116867.txt,0.569078947368421,0.019867549668874173,0.6710526315789473,0.5197665833310235,0.9645144345947796
91121135.txt,0.3462986198243413,0.19874213836477989,0.410288582183187,1.393321109873148,0.9849624759610519
91189201.txt,0.3673780487804878,0.28287461773700306,0.4253048780487805,0.8364111316820608,0.9759685646998231
91318828.txt,0.4205298013245033,0.1777408637873754,0.4817880794701987,0.8236603427291517,0.9968593778713768
91467795.txt,0.40853658536585363,0.07334963325183375,0.49878048780487805,0.8073199333667906,0.974066065509013
91478356.txt,0.274251497005988,0.8391356542617047,0.3221556886227545,1.6351006443053613,0.973165974127558
91539554.txt,0.4542314335060449,0.15077989601386482,0.5215889464594128,1.062723757562235,0.9829616094388774
91564103.txt,0.3715469613259669,0.07063711911357341,0.43784530386740333,1.1266003641305777,0.9731350604606173
91697974.txt,0.4177215189873418,0.07475317348377997,0.4866385372714487,1.2331389846985696,0.9247601056429491
92069209.txt,0.38872832369942195,0.06376811594202898,0.45809248554913296,0.6347999206591897,0.9419928404007606
92246939.txt,0.2862903225806452,0.2510094212651413,0.34475806451612906,0.6466783954519558,0.9764018625107744
92985983.txt,0.434640522875817,0.1901639344262295,0.5032679738562091,0.8455461610573817,0.9791696875110455
93002334.txt,0.4115107913669065,0.05194805194805195,0.5050359712230216,0.5792074856682182,0.9576084933094353
93112113.txt,0.34328358208955223,0.0667433831990794,0.40298507462686567,0.5331853446843298,0.9738041566627187
93301686.txt,0.4027027027027027,0.04065040650406504,0.4783783783783784,0.5775812449605183,0.969090215917518
93349646.txt,0.32219127205199627,0.056691449814126396,0.4035250463821892,1.3626314957488008,0.9669538289066913
93436805.txt,0.46261682242990654,0.05625,0.5404984423676013,0.7225292415979048,0.9863392302848755
93576192.txt,0.5441176470588235,0.06157635467980296,0.6127450980392157,1.6588629300470705,0.9718128183486426
93653247.txt,0.3188405797101449,0.07262569832402235,0.4013377926421405,0.5504717568912171,0.9711967503954
93828034.txt,0.4084084084084084,0.09969788519637462,0.45933734939759036,1.0750263484175349,0.9467136205652005
93988900.txt,0.36757105943152457,0.1423948220064725,0.4376212023270847,1.3452909336414838,0.9829037767111815
94047639.txt,0.33657858136300417,0.24442896935933148,0.40681502086230875,0.8249995167514622,0.9595185979327159
94137171.txt,0.47884187082405344,0.026845637583892617,0.5523385300668151,0.6083413374153415,0.9717145345127528
94230796.txt,0.41935483870967744,0.059245960502693,0.49372759856630827,0.9827757397596341,0.9734248728639503
94503308.txt,0.4467005076142132,0.050933786078098474,0.5194585448392555,0.7732869643149354,0.9783127748514271
95382114.txt,0.444947209653092,0.0453857791225416,0.5294117647058824,0.9267469733696413,0.9758596183997796
95429627.txt,0.35699797160243407,0.1402439024390244,0.4208924949290061,1.0581352890799895,0.9834101892302493
95519832.txt,0.4920212765957447,0.053475935828877004,0.6170212765957447,1.2256634500596943,0.9387306088267257
95714702.txt,0.3865638766519824,0.1357615894039735,0.4669603524229075,1.205164342335826,0.9842802988179504
95970987.txt,0.30306230200633577,0.07188160676532769,0.3996832101372756,0.9485069755539587,0.9718755850931636
96493528.txt,0.3434977578475336,0.05390835579514825,0.4295964125560538,0.5112274119201722,0.967138894046852
96547039.txt,0.33579881656804733,0.5519287833827893,0.39497041420118345,0.6984306818850408,0.9725841444182874
97123005.txt,0.5194174757281553,0.03571428571428571,0.6003236245954693,0.817492425954827,0.9212757548424633
97169343.txt,0.2393048128342246,0.4919678714859438,0.2947860962566845,1.8441756987094262,0.9938928585049643
97405769.txt,0.3063157894736842,0.25949367088607594,0.3821052631578947,0.6978124442275669,0.9356376628124269
97449528.txt,0.46559633027522934,0.06896551724137931,0.5447247706422018,0.6321038228552437,0.9439626802233141
98086373.txt,0.36877523553162855,0.17543859649122806,0.4414535666218035,1.9054753719600424,0.9553814123238651
98348532.txt,0.26356589147286824,0.44854368932038835,0.32558139534883723,0.5729247415451622,0.9707764271990006
98389424.txt,0.453781512605042,0.026981450252951095,0.5327731092436975,1.246726742554451,0.9808886949459262
98509238.txt,0.35674931129476584,0.11740331491712708,0.4393939393939394,1.1179117605035556,0.9362276458140488
99033098.txt,0.4539951573849879,0.04733009708737864,0.5460048426150121,1.3280448247826644,0.9512888320216019
99244405.txt,0.49333333333333335,0.03863298662704309,0.56,0.6428516994130151,0.9253096034434786
99561379.txt,0.36590742101396034,0.22369389256806477,0.4276267450404115,0.8085455941928684,0.9798129839892963
