pair_id,category,retention_rate,undefined_retention,dropped_terms,added_terms,numbers_added_detail,numbers_removed_detail,numbers_changed_count,preserved_0.90,preserved_0.95,preserved_1.00,orig_full_text,pol_full_text,human_judgment_yes_no,human_note
49777184,CONSULTANT,,True,,,{},{},0,False,False,False,"MANAGEMENT CONSULTANT
Summary
Human capital manager and operations strategist who works with cross-functional teams to translate organizational values and objectives into
actions that drive impacts in local and cross-cultural contexts.
Highlights
Interviewing expertise
Performance management strategies
Training and development Manager coaching and training
Personnel records maintenance Event management
New hire orientation Strategic planning
Exceptional interpersonal skills Global and strategic sourcProject management
Innovative Leadership/communication skills
Cross-Cultural Mediation expertise Product development
Consensus building techniques Business operations organization
Process improvement strategies ing
Multi-site operations NegotiationsProcedure development
Systems implementation Analytical
Flexible Team building
Self-motivated Cost reduction and containment
Market research and analysis Staff motivation
Customer-oriented Group behavior and dynamics
Strategic thinker Outreach programming specialist
Schedule management Exceptional problem solver
Problem resolution Articulate and well-spoken
Deadline-oriented Time management
Meticulous attention to detail
Works well under pressure
Accomplishments
Process Improvement Â
Oversaw implementation of new phone system which resulted in more cost-effective service.
Data Organization Â
Improved office organization by compiling quarterly budget reports, financial spreadsheets, organizational charts and company data reports
using advanced Microsoft Excel functions.
Training Â
Successfully trained staff in all office systems and databases, policies and procedures while focusing on minimizing errors and generating
superior results.
Project Management: Â
Initiated [project] which resulted in [positive outcome].
Human Resources: Â
Spearheaded new [program] program which increased retention.
Operations Management: Â
Managed [operation].
Handled all functions related to [program].
Staff Development: Â
Launched well-received program of professional development courses for all staff.
Mentored and coached employees resulting in a 12% increase in productivity.
Spearheaded an employee engagement program, resulting in a [ ]% decrease in annual employee turnover.Streamlined the branch operations,

resulting in a [ ]% reduction in operating budget.Boosted customer satisfaction ratings by [ ]% in under [ ] months.
Experience
Management Consultant 06/2014 to 09/2014 Company Name City , State
Developed growth plans by identifying key clients, key targets and priority service lines.Generated business development awareness by
implementing in-depth sales and marketing training programs.Identified key growth opportunities for the business through [ ].Offered feedback to
executive-level management on the effectiveness of strategies, selling programs and initiatives.Directed strategic initiatives to achieve [organizational
objective].Developed organizational change management strategies.
Identified process boundaries and determined opportunities to automate processes and functions.Boosted company efficiency and customer
satisfaction by streamlining processes deemed inefficient.Conducted activity-based analysis of business processes and made recommendations
based on the findings.Documented process flows and developed requirements for functional improvements and enhancements.Tracked, analyzed
and interpreted trends in [ ] data.Developed metrics used to determine inefficiencies and areas for improvement.Developed organizational change
management strategies.
Engagement and Operations Coordinator 05/2014 to Current Company Name City , State
Directly managed multi-million co-operative budgets supporting global GTM strategy.Identified strategic partnerships and gathered market
information to gain a competitive advantage.Generated over $2 million per year in revenues resulting from large-scale direct marketing
campaign.Managed projects and served as primary liaison between client and multiple internal groups to ensure clarity of goals and quality and
adherence to deadlines.Identified ""bottlenecks"" and implemented new and improved processes and policies.Led cross-functional teams to analyze
and understand the operational impacts and opportunities of technology changes.Developed metrics used to determine inefficiencies and areas for
improvement.Tracked, analyzed and interpreted trends in [ ] data.Documented process flows and developed requirements for functional
improvements and enhancements.Conducted activity-based analysis of business processes and made recommendations based on the
findings.Boosted company efficiency and customer satisfaction by streamlining processes deemed inefficient.Elicited stakeholder feedback and
input through interviews and surveys.Defined the scope and goal of new projects, including [ ].Coordinated all department functions for team of [ ]
employees.Maintained detailed administrative and procedural processes to improve accuracy and efficiency.Accountable for [business area]
including overall customer satisfaction.Managed team of [number] of professionals.Spearheaded cross-functional initiative to achieve
[objective].Strengthened company's business by leading implementation of [project].Created organizational flow charts and career path reports to
evaluate employee compensation information.Designed the employee performance evaluation process and merit program.Created and
implemented the exit and interview program process.Created and modified job descriptions within all departments.Worked with senior-level
management to create fair and consistent HR policies and procedures.Monitored [ ] project budgets each [ ].Monitored project schedules for [ ]
projects at a time.Developed and shared best practices across the company, including [ ].Oversaw the development and launch of [ ].Identified
inefficiencies and made recommendations for process improvements.Optimized the overall customer experience through [ ].
President Current Company Name City , State
Accountable for [business area] including overall customer satisfaction.Captured 55%+ market share with new product quickly brought to
market.Managed team of [number] of professionals.Spearheaded cross-functional initiative to achieve [objective].Strengthened company's
business by leading implementation of [project].Built innovative production processes from scratch for a cutting-edge [ ] product.Formulated a
comprehensive business plan complete with clear and actionable sales goals and targets.Hired and trained [ ] new employees, which increased the
size of the staff by [ ]%.Tracked and evaluated staff performance, and handled all promotions and terminations.Analyzed client requirements,
created a business plan and drove strategy development.Identified key growth opportunities for the business through [ ].Managed the day-to-day
tactical and long-term strategic activities within the business.Presented company goals and objectives to new principals.Established knowledge-
sharing processes for [ ] associates throughout the organization.Coached and mentored [ ] staff members by offering constructive feedback and
taking interest in their long-term career growth.
Resident Advisor 03/2011 to 05/2012 Company Name City , State
Facilitated a weekly discussion group about relationship issues for men and women.Pursued ongoing education and training opportunities to further
develop professional skills.Cultivated positive relationships with other mental health professionals, programs and associations.Planned and ran [ ],
an outreach event targeted at [ ].Communicated with local agencies, schools, churches, courts and employers regarding client involvement and
attendance in programs.
Education
Bachelor of Arts : Psychology 2014 Biola University City , State , United States of America
Minor in International Development
Coursework in Business Management
Affiliations
Gates Millennium Scholarship Alumni Network
Biola Provost Advisory Committee

","**[Your Name]**  
[Your Address]  
[City, State, Zip]  
[Your Phone Number]  
[Your Email Address]  
[LinkedIn Profile URL]  

---

**MANAGEMENT CONSULTANT**

---

**Summary**  
Dynamic human capital manager and operations strategist with a proven track record of collaborating with cross-functional teams to translate organizational values and objectives into impactful actions across local and global contexts.

---

**Core Competencies**  
- Interviewing Expertise  
- Performance Management Strategies  
- Training and Development  
- Manager Coaching and Training  
- Personnel Records Maintenance  
- Event Management  
- New Hire Orientation  
- Strategic Planning  
- Exceptional Interpersonal Skills  
- Global and Strategic Sourcing  
- Project Management  
- Innovative Leadership and Communication Skills  
- Cross-Cultural Mediation  
- Product Development  
- Consensus Building Techniques  
- Business Operations Organization  
- Process Improvement Strategies  
- Multi-Site Operations  
- Negotiation Skills  
- Procedure Development  
- Systems Implementation  
- Analytical Skills  
- Team Building  
- Self-Motivated  
- Cost Reduction and Containment  
- Market Research and Analysis  
- Staff Motivation  
- Customer Orientation  
- Group Behavior and Dynamics  
- Strategic Thinking  
- Outreach Programming Specialist  
- Schedule Management  
- Exceptional Problem Solver  
- Problem Resolution  
- Articulate and Well-Spoken  
- Deadline-Oriented  
- Time Management  
- Meticulous Attention to Detail  
- Works Well Under Pressure  

---

**Accomplishments**  
- **Process Improvement:** Oversaw the implementation of a new phone system, resulting in more cost-effective service.  
- **Data Organization:** Enhanced office organization by compiling quarterly budget reports, financial spreadsheets, organizational charts, and company data reports using advanced Microsoft Excel functions.  
- **Training:** Successfully trained staff on office systems, databases, policies, and procedures, focusing on minimizing errors and generating superior results.  
- **Project Management:** Initiated [project name], leading to [positive outcome].  
- **Human Resources:** Spearheaded the [program name], significantly increasing employee retention.  
- **Operations Management:** Managed [specific operation], overseeing all related functions.  
- **Staff Development:** Launched a well-received professional development program, mentoring employees and achieving a 12% increase in productivity.  
- **Employee Engagement:** Implemented an employee engagement program that resulted in a [percentage]% decrease in annual turnover.  
- **Operational Efficiency:** Streamlined branch operations, achieving a [percentage]% reduction in the operating budget and boosting customer satisfaction ratings by [percentage]% within [time frame].  

---

**Professional Experience**  

**Management Consultant**  
[Company Name] | [City, State] | 06/2014 - 09/2014  
- Developed growth plans by identifying key clients, targets, and priority service lines.  
- Enhanced business development through comprehensive sales and marketing training programs.  
- Provided executive-level feedback on the effectiveness of strategies and initiatives.  
- Directed strategic initiatives to achieve [organizational objectives].  
- Identified process boundaries and opportunities for automation, improving efficiency and customer satisfaction.  
- Conducted activity-based analysis of business processes, recommending functional improvements.  

**Engagement and Operations Coordinator**  
[Company Name] | [City, State] | 05/2014 - Present  
- Managed multi-million dollar cooperative budgets supporting global go-to-market strategies.  
- Identified strategic partnerships and gathered market intelligence to enhance competitive advantage.  
- Generated over $2 million annually through large-scale direct marketing campaigns.  
- Served as the primary liaison between clients and internal teams, ensuring clarity of goals and adherence to deadlines.  
- Led cross-functional teams to analyze operational impacts and opportunities from technology changes.  

**President**  
[Company Name] | [City, State] | [Start Date] - Present  
- Oversaw [business area], ensuring overall customer satisfaction.  
- Achieved over 55% market share with a new product launched swiftly.  
- Managed a team of [number] professionals, spearheading cross-functional initiatives to achieve [objectives].  
- Developed innovative production processes for a cutting-edge [product type].  
- Created a comprehensive business plan with actionable sales goals and targets.  

**Resident Advisor**  
[Company Name] | [City, State] | 03/2011 - 05/2012  
- Facilitated weekly discussion groups addressing relationship issues.  
- Cultivated relationships with mental health professionals and community organizations.  
- Planned and executed outreach events targeted at [specific audience].  

---

**Education**  
**Bachelor of Arts in Psychology**  
Biola University | [City, State] | 2014  
- Minor in International Development  
- Coursework in Business Management  

---

**Affiliations**  
- Gates Millennium Scholarship Alumni Network  
- Biola Provost Advisory Committee  

--- 

*References available upon request.*  

---

*Note: Replace placeholders (e.g., [Company Name], [City, State], [project name], [percentage], etc.) with actual information relevant to your experience.*",,
47133747,ADVOCATE,,True,,,{},"{('currency', 200000000.0): 1}",0,False,False,False,"PATIENT EXPERIENCE MANAGER
Summary
Results-oriented Manager who thrives in fast-paced and competitive environments. Brings strong presentation, analytical and problem solving
skills. I am a systematically savvy management/ sales/ customer service Individual with multiple leadership experiences. I am qualified for career
opportunities where my background and creative abilities will be of value. I am looking for a position that will utilize my skills in strategic planning,
team development, performance management and relationship building.
Highlights
Project training Manager /EVS/Food Microsoft Outlook, Six sigma Lean training Excel Effective problem solver Word
Accomplishments
Streamlined and improved Food Service tactics, which reduced company labor costs by 60%.Improved customer.
Satisfaction ratings by 100% by implementing a new user-friendly interface.
Experience
Patient Service Manager/ Retail Manager 01/2015 to Current Company Name City , State
Manage all staff assigned to patient meal service area Drives patient satisfaction and maintains client relationships through rounding.
Ensures compliance to food safety, sanitation, and overall workplace safety standards are met.
Supervises, staffs, trains, conducts applicable rounding and manages the performance of the food service supervisors, diet office, kitchen,
tray line and patient meal delivery staff, including applicable rounding.
Coordinates activities related to menu distribution and other menu-related issues, and facilitate operations related to production, distribution
and service of food to ensure optimal nutrition care of patients/residents.
Manages and controls resources and materials to ensure quality, adequacy of supply and cost control within budgetary guidelines.
P&L accountability Ability to communicate on various levels to include management, client, customer and associate levels Financial,
budgetary, accounting and computational skills.
FEMA Inspector Contractor 11/2014 to Current Company Name City , State
Performs inspections and assesses damage of residences.
Documents the damages sustained based on extensive knowledge of construction techniques.
Assesses damage to dwellings and the overall habitability of homes and addresses each appropriate field using the ACE Field Software.
Provides support in the administration of Inspection Services contracts, such as assisting in the development of emergency response plans
and assisting with quality control monitoring.
Assists in determining number of inspections needed at disaster field sites and provides guidance to other field inspectors.
Typical guidance provided is assisting other inspectors with disaster specific information or technical assistance with the ACE Field
Software.
Assists the supervisor with analyzing and evaluating Inspection Services procedures in order to recommend improvements in inspection
methods and techniques.
Procedures are typically evaluated through physical observation of field experiences.
Reviews, analyzes and verifies occupancy documentation provided by applicants such as mortgage payment books, deeds and various
insurance documents.
Provides disaster assistance program information to applicants.
OPERATIONS SUPERVISOR 07/2014 to 01/2015 Company Name City , State
Manage unload department on resources to ensure maximum output, accuracy, and efficiency at all times.
Responsible to ensure that all employees adhere to safety policies and procedures at all times, operating in full compliance with department,
station, corporate, and OSHA requirements.
Aid Full-time Supervisors on day to day maintenance coordination.
Establish and maintain an aggressive cross-training program within the department to promote development, enhance flexibility, and ensure
backup coverage of vital functions and processes Function as an effective liaison and advocate on all levels to ensure that employee,
department, and corporate needs are addressed in a timely and productive manner Manage Payroll, Reviews, and Corrective actions.
Specialty Service Agent 10/2013 to 07/2014 Company Name City , State
Coordinate with appropriate departments such as Product Development, Hotel and Air Operations as well as external sources such as hotel
corporate or local reservations to inquire about requested room types
Verify pricing and obtain confirmation to accommodate Travel Agent or direct client requests.
Communicate with Revenue Management, Contracting and Operations for Price Match verification as needed.
Receive and log incoming booking requests that are beyond the availability accessible by the Reservations staff, Travel Agents and direct
clients.
Process Price Match requests in accordance with established guidelines.
Owner/ Stylist 01/2009 to 10/2013 Company Name City , State
Shampooed, conditioned and rinsed guests' hair using salon-exclusive products.
Advised customers on proper treatment of dry and damaged hair.

Cut, colored and styled clients' hair with precision and expertise.
Updated customer information records to track services provided.
Counted and documented opening and closing cash amounts daily. Hired and trained all membersÂ of staff.
Book keeping, Accounting.Â
Admission Advisor /Call Center Team leader 06/2006 to 07/2008 Company Name City , State
Assist, guide, and motivate a cohort of online call center and face to face college students to realize personal, professional, and educational
goals.
Determines student applicant's admissibility to the university online / college.
Responsible for national volume over, $200M in annual sales.
Maintain communication via telephone call Center, face to face correspondence, and/or electronic mail with prospective students through all
stages of the recruitment and admissions process.
Successfully/consistently achieve enrollment/ start goals.
Successfully held a Team Leader position within the call center for 32 reps.
Meet and exceeded goal every cycle motivated and coached reps to making monthly and weekly goals.
Call Center Team Leader 08/2003 to 12/2006 Company Name City , State
Directed and coordinated activities of employees engaged in installation through call center team.
Hired, trained and supervised a team of 15 employees.
Monitored, coached and motivated team reps.
Customer Service Rep 03/2002 to 07/2003 Company Name City , State
Call Center Supervisor 01/2000 to 03/2002 Company Name City , State
Hollywood video - Store Manager 01/1998 to 01/2000
Education
B.S : BUSINESS MANAGEMENT Kaplan University BUSINESS MANAGEMENT BUSINESS MANAGEMENT
Skills
accounting, approach, agency, backup, BUSINESS MANAGEMENT, Call Center, coaching, Competitive, contracts, cost control, clientele,
client, customer satisfaction, Customer Satisfaction, Customer Service, Delivery, Documentation, Electronic mail, Financial, Food safety,
Inspection, inspects, insurance, ISIS, leadership, Team Leader, managerial, market, materials, Excel, office, Microsoft Outlook, Microsoft
Outlook, Word, Works, network, Payroll, Policies, problem solving, problem solver, processes, Quality, quality control, Recruitment, Safety,
Sales, Six sigma, Six sigma, Staffing, strategic plans, Strategic Planning, supervisor, technical assistance, telephone, total quality management,
translation

","**PATIENT EXPERIENCE MANAGER**

**Summary**  
Results-oriented Manager with a proven track record in fast-paced and competitive environments. Possesses strong presentation, analytical, and problem-solving skills. A systematically savvy professional in management, sales, and customer service, with extensive leadership experience. Seeking career opportunities where my background and creative abilities will add value, particularly in strategic planning, team development, performance management, and relationship building.

**Highlights**  
- Project Training Manager  
- Expertise in EVS/Food Services  
- Proficient in Microsoft Outlook, Excel, and Word  
- Six Sigma Lean Training  
- Effective Problem Solver  

**Accomplishments**  
- Streamlined food service operations, resulting in a 60% reduction in labor costs.  
- Enhanced customer satisfaction ratings by 100% through the implementation of a new user-friendly interface.

**Experience**  

**Patient Service Manager / Retail Manager**  
*Company Name, City, State*  
*01/2015 - Present*  
- Oversee staff assigned to the patient meal service area, driving patient satisfaction and maintaining client relationships through proactive engagement.  
- Ensure compliance with food safety, sanitation, and overall workplace safety standards.  
- Supervise, train, and manage food service supervisors, diet office personnel, kitchen staff, tray line, and patient meal delivery teams.  
- Coordinate menu distribution and address menu-related issues, facilitating optimal nutrition care for patients and residents.  
- Manage resources and materials to ensure quality, adequate supply, and cost control within budgetary guidelines, with P&L accountability.  
- Communicate effectively across various levels, including management, clients, customers, and associates, demonstrating strong financial and computational skills.

**FEMA Inspector Contractor**  
*Company Name, City, State*  
*11/2014 - Present*  
- Conduct inspections and assess damage to residential properties, leveraging extensive knowledge of construction techniques.  
- Document damages using ACE Field Software, assessing overall habitability and addressing relevant fields.  
- Support the administration of Inspection Services contracts, assisting in emergency response plan development and quality control monitoring.  
- Guide field inspectors on disaster-specific information and technical assistance with ACE Field Software.  
- Analyze and evaluate Inspection Services procedures to recommend improvements in inspection methods.

**Operations Supervisor**  
*Company Name, City, State*  
*07/2014 - 01/2015*  
- Managed the unload department, ensuring maximum output, accuracy, and efficiency.  
- Ensured compliance with safety policies and procedures, adhering to corporate and OSHA requirements.  
- Assisted full-time supervisors with day-to-day maintenance coordination and established a cross-training program to enhance employee development and flexibility.  
- Acted as a liaison to address employee, department, and corporate needs effectively.

**Specialty Service Agent**  
*Company Name, City, State*  
*10/2013 - 07/2014*  
- Coordinated with departments such as Product Development and Operations to fulfill client requests for specific room types.  
- Verified pricing and obtained confirmations for Travel Agent and direct client requests.  
- Processed Price Match requests in accordance with established guidelines.

**Owner / Stylist**  
*Company Name, City, State*  
*01/2009 - 10/2013*  
- Provided hair care services including shampooing, conditioning, cutting, coloring, and styling.  
- Advised clients on proper treatment for dry and damaged hair and maintained accurate customer records.  
- Managed daily cash flow and trained all staff members.

**Admission Advisor / Call Center Team Leader**  
*Company Name, City, State*  
*06/2006 - 07/2008*  
- Guided and motivated online and face-to-face college students to achieve personal, professional, and educational goals.  
- Determined student admissibility and maintained communication with prospective students throughout the recruitment and admissions process.  
- Successfully led a team of 32 representatives, consistently achieving enrollment goals.

**Call Center Team Leader**  
*Company Name, City, State*  
*08/2003 - 12/2006*  
- Directed and coordinated activities of a 15-member team in installation and customer service.  
- Hired, trained, and supervised team members, fostering a motivated and productive work environment.

**Customer Service Representative**  
*Company Name, City, State*  
*03/2002 - 07/2003*  

**Call Center Supervisor**  
*Company Name, City, State*  
*01/2000 - 03/2002*  

**Store Manager**  
*Hollywood Video, City, State*  
*01/1998 - 01/2000*  

**Education**  
**B.S. in Business Management**  
Kaplan University  

**Skills**  
- Accounting  
- Customer Service  
- Leadership and Team Management  
- Strategic Planning  
- Quality Control  
- Food Safety  
- Problem Solving  
- Microsoft Office Suite (Excel, Word, Outlook)  
- Six Sigma Methodologies  
- Effective Communication  

This polished resume enhances clarity, structure, and impact while maintaining the original content's truthfulness and professionalism.",,
25162378,BANKING,,True,,,{},{},0,False,False,False,"MANAGER OF GOLF OPERATIONS
Career Focus
Innovative and creative business leader with a proven track record in managing business operations on a large scale from conception to launch,
while driving brand growth and improving sales. Experienced manager recognized for building strong client and customer relationships while
leveraging excellent negotiating skills to achieve brand success. Respected business manager with extensive experience in the golf industry adept at
identifying emerging trends and opportunities. Passionate business development specialist, skilled in impacting the visibility, profitability, and
performance of the brand through orchestration of competitive market intelligence. Track record of developing highly successful campaigns within
budget, on schedule and surpassing corporate goals. Excellence in creating and managing revenue streams. Adept at leading by example,
marshaling resources and creating professional atmosphere to accomplish objectives. Effective communicator with strong motivational skills and the
ability to support operational goals and meet business team objectives. Exceptionally skilled professional with demonstrated excellence in building
and driving superior operation success, and strategic planning. Champion at program/project development operations. Analytical, intuitive expert
with proven record of reaching target customers and identifying emerging trends.
CORE COMPETENCIES Â
Business Operations * Customer Service * Marketing & Sales * Communication Negotiations * Administrative Management * Staff Supervision
* Workflow Optimization * Productivity Improvement * Project Management * Technical Troubleshooting * Quality Control * Adaptive *
Business Development * Operations Management * P&L * Brand Development * Vendor Relations Market Trends * Professionalism * Team
Leadership * Strategic Analysis * Territory Development * Analysis & Planning * Resource Optimization * Cost Reductions * Strong work ethic
* Continuous Improvement
Summary of Skills
Photoshop, ImageReady, MS Project, MS Office (Word, Access, Excel, PowerPoint)
Web/Multimedia: ColdFusion, Flash, search optimization, Web server administration, content management systems
Professional Experience
Manager of Golf Operations Company Name City , State
Spearheaded the management of daily operations necessary to maintain profitable, golf facility for a corporation.
Strategically utilized strong understanding of Marketing, Event Management and Sales to drive revenue for golf operation Developed and
launched integrated, multi-channel packet, catalog, web and direct marketing campaigns that propelled sales from $700K (2012) to a
projected $1.2M by 2013 year-end.
Led market launch of 21 new products.
Identified opportunities, researched new product possibilities, collaborated with team and created campaigns generating $500K in sales.
Created Web transformation from previously archaic intranet into a dynamic website improving communication.
Wrote catalogs, course guides and training brochures that enhanced the sales reps' understanding of complex product features and services
to help our membership.
Showed enthusiasm while performing ongoing customer/market research and demographic profiling to identify and capitalize on unmet
market needs to get and retain members.
Leveraged strengths in cost-effective marketing management and account negotiations to end each year an average of 15% under budget
(without compromising business growth goals).
Banking Officer Company Name City , State
Developed relationships with business-to-business clients.
Used an integrated approach to create balanced programs for clients to build their respective brands and businesses using FirstBank
financing.
Selected Accomplishments: Managed FirstBank branch location's tellers, cashiering, front office, opening or closing procedures, knowledge
sharing, sales goals and reviews Provided expedient service cited as key to consistently high client focus and a 10% increase in referrals in
2012.
Ensured all files were complete prior to underwriting hand-off and coordinated effectively with title companies to ensure smooth closings.
Successfully processed some of the most challenging loan applications (e.g., first-time borrowers, self-employed applicants and borrowers
with problematic credit histories).
Knowledge including core banking, mortgage loan originations, fulfillment, servicing securitization, and the secondary mortgage markets;
experience with other consumer finance products.
Manager Company Name City , State
Selected Accomplishments:.
Served as primary assistant on events for multimillion-dollar accounts and successful tournaments.
Assumed a lead role in pitch team meetings due to strengths in presentation and negotiation skills, and major accounts ($500K to $1M+
initial contracts).

Generated Junior Golf revenue of between 6% and 8%.
Education
Bachelor of Science : Business Management Marketing 2010 University of Colorado City , State GPA: Graduated Cum Laude Business
Management Marketing Graduated Cum Laude
Skills
Photoshop, approach, banking, brochures, budget, cashiering, catalogs, catalog, closing, ColdFusion, content management, contracts, credit,
client, clients, direct marketing, Event Management, features, finance, financing, Flash, focus, front office, ImageReady, market research, market,
Marketing, marketing management, meetings, Access, Excel, MS Office, PowerPoint, MS Project, Word, Multimedia, negotiation, negotiations,
optimization, Sales, Web server, website, year-end

","**[Your Name]**  
[Your Address]  
[City, State, Zip]  
[Your Phone Number]  
[Your Email]  
[LinkedIn Profile]  

---

**MANAGER OF GOLF OPERATIONS**

---

**Career Focus**  
Dynamic and innovative business leader with a proven track record in managing large-scale operations from conception to launch, driving brand growth, and enhancing sales. Recognized for building strong client and customer relationships while leveraging exceptional negotiation skills to achieve brand success. A respected manager in the golf industry, adept at identifying emerging trends and opportunities. Passionate about business development, I excel in enhancing brand visibility, profitability, and performance through competitive market intelligence. Demonstrated success in developing impactful campaigns that meet budgetary and scheduling constraints while surpassing corporate goals. Committed to creating and managing revenue streams, leading by example, and fostering a professional atmosphere to achieve objectives. An effective communicator with strong motivational skills, I support operational goals and meet team objectives. 

---

**Core Competencies**  
- Business Operations  
- Customer Service  
- Marketing & Sales  
- Communication & Negotiations  
- Administrative Management  
- Staff Supervision  
- Workflow Optimization  
- Productivity Improvement  
- Project Management  
- Technical Troubleshooting  
- Quality Control  
- Business Development  
- Operations Management  
- P&L Management  
- Brand Development  
- Vendor Relations  
- Market Trends Analysis  
- Team Leadership  
- Strategic Planning  
- Resource Optimization  
- Cost Reduction  
- Continuous Improvement  

---

**Technical Skills**  
- Software: Photoshop, ImageReady, MS Project, MS Office (Word, Access, Excel, PowerPoint)  
- Web/Multimedia: ColdFusion, Flash, search optimization, web server administration, content management systems  

---

**Professional Experience**  

**Manager of Golf Operations**  
[Company Name] – [City, State]  
[Month, Year] – Present  
- Spearheaded daily operations to maintain a profitable golf facility, utilizing a strong understanding of marketing, event management, and sales to drive revenue.  
- Developed and launched integrated multi-channel marketing campaigns, increasing sales from $700K in 2012 to a projected $1.2M by year-end 2013.  
- Led the market launch of 21 new products, identifying opportunities and collaborating with teams to generate $500K in sales through innovative campaigns.  
- Transformed an outdated intranet into a dynamic website, enhancing internal communication and user engagement.  
- Authored catalogs, course guides, and training brochures to improve sales representatives' understanding of complex product features, benefiting membership retention.  
- Conducted ongoing customer and market research to identify unmet needs, successfully increasing member acquisition and retention.  
- Achieved an average of 15% cost savings under budget each year without compromising business growth goals through effective marketing management and negotiation.  

**Banking Officer**  
[Company Name] – [City, State]  
[Month, Year] – [Month, Year]  
- Developed strong relationships with business-to-business clients, employing an integrated approach to enhance their brand and business through FirstBank financing.  
- Managed branch operations, including teller supervision, cashiering, and sales goals, leading to a 10% increase in client referrals in 2012.  
- Ensured thorough documentation prior to underwriting hand-off and coordinated with title companies for seamless loan closings.  
- Processed complex loan applications for first-time borrowers and clients with challenging credit histories, demonstrating expertise in core banking and mortgage loan origination.  

**Manager**  
[Company Name] – [City, State]  
[Month, Year] – [Month, Year]  
- Assisted in managing events for multimillion-dollar accounts and successful tournaments, showcasing strong presentation and negotiation skills.  
- Played a lead role in pitch team meetings for major accounts, securing initial contracts ranging from $500K to over $1M.  
- Generated Junior Golf revenue of 6% to 8% through strategic initiatives and client engagement.  

---

**Education**  
**Bachelor of Science in Business Management, Marketing**  
University of Colorado – [City, State]  
Graduated Cum Laude, 2010  

---

**References Available Upon Request**  

---  

*Note: Replace placeholders (e.g., [Your Name], [Company Name], [Month, Year]) with your actual information.*",,
42156237,DIGITAL-MEDIA,,True,,,{},{},0,False,False,False,"SENIOR DIGITAL MARKETING ANALYST
Summary
Highly analytical and process-oriented data analyst with in-depth knowledge of marketing project management, data manipulation and visualization.
Furnish insights, analytics and business intelligence to advance opportunity identification, process reengineering and corporate growth. Core
Qualifications Market Segmentation Business Intelligence Reporting Regression Analysis Business Analysis Dashboard generation Data Mining
Data Modeling Statistical Analysis Data Experiments Project Management Process Improvement
Highlights
Power user of MS Excel, Power BI, Power Query, Power Pivot, Qlikview Desktop, Minitab, Tableau, Google Analytics, JIRA, Salesforce,
TSQL, SQL, HTML, PHP, JavaScript, MS Access, MS Visio, MS Project. In progress - R, Python.
Experience
07/2016 to Current
Senior Digital Marketing Analyst Company Name ï¼​ City , State
Design and build dashboards to help analyze, monitor and visualize key performance metrics.
ADD skills, accomplishment style.
Interpret data, extract trends and identify insights or opportunities for product decisions.
Design and monitor end-user reporting tools and systems, ensuring reports are accurate and up-to-date.
Work with internal stakeholders and teams across the company.
Accomplishment:.
A 30% increase in revenue by segmenting, resulting in an incremental $2M profit.
02/2014 to 03/2016
Web Analyst Company Name ï¼​ City , State
Extracted, transformed and loaded (ETL) customer data using code that was Developed.
using SQL.
Built dashboards to monitor and control marketing efforts.
Helped identify and repair datasets that are incomplete, inconsistent, or require cleaning.
Handled internal customer data inquiries, data investigations, or other information requests from project teams.
Helped investigate and understand available data sources on the market to solve customer site content challenges.
Accomplishment:.
A 20% optimization in marketing cost by re-allocating $2M budget to profitable areas.
06/2002 to 08/2005
Web Developer Company Name ï¼​ City
Developed customized web solutions using PHP, HTML, and JavaScript for clients.
Created database structures, relationships, and data types in MySQL and MS Access.
Accomplishment:.
Increase of 22% in sales by increasing overall visitor traffic by over 400K.
Education
Masters of Business Administration
2013
MBA University of Redlands
2011
Bachelor of Sciences University of Hamburg
2007
College - Berufsschule City Nord,
Languages
English, German, Hindi, Punjabi
Skills
budget, BI, content, clients, database, English, ETL, German, Google Analytics, Hindi, HTML, PHP, JavaScript, marketing, market, MS Access,
MS Access, MS Excel, MS Project, Minitab, MySQL, optimization, profit, progress, Punjabi, Python, reporting, sales, SQL, Tableau, TSQL,
Visio

","**SENIOR DIGITAL MARKETING ANALYST**

**Summary**  
Results-driven and analytical digital marketing professional with extensive experience in marketing project management, data manipulation, and visualization. Proven ability to provide actionable insights and business intelligence that drive opportunity identification, process reengineering, and corporate growth.

**Core Qualifications**  
- Market Segmentation  
- Business Intelligence Reporting  
- Regression Analysis  
- Business Analysis  
- Dashboard Generation  
- Data Mining  
- Data Modeling  
- Statistical Analysis  
- Data Experiments  
- Project Management  
- Process Improvement  

**Technical Proficiencies**  
Advanced user of MS Excel, Power BI, Power Query, Power Pivot, QlikView, Minitab, Tableau, Google Analytics, JIRA, Salesforce, T-SQL, SQL, HTML, PHP, JavaScript, MS Access, MS Visio, and MS Project. Currently enhancing skills in R and Python.

---

**Professional Experience**  

**Senior Digital Marketing Analyst**  
*Company Name, City, State*  
*July 2016 - Present*  
- Designed and developed interactive dashboards to analyze, monitor, and visualize key performance metrics.  
- Interpreted complex data sets to extract trends and identify actionable insights for product decision-making.  
- Created and maintained end-user reporting tools and systems, ensuring accuracy and timeliness of reports.  
- Collaborated effectively with internal stakeholders and cross-functional teams to align marketing strategies.  
- **Key Achievement:** Increased revenue by 30% through strategic market segmentation, resulting in an additional $2M in profit.

**Web Analyst**  
*Company Name, City, State*  
*February 2014 - March 2016*  
- Executed ETL processes to transform and load customer data using SQL, enhancing data integrity for analysis.  
- Developed dashboards to monitor marketing performance and optimize campaign effectiveness.  
- Identified and rectified incomplete and inconsistent datasets, ensuring high-quality data for reporting.  
- Addressed internal data inquiries and supported project teams with data investigations.  
- Researched and evaluated available data sources to address customer site content challenges.  
- **Key Achievement:** Achieved a 20% reduction in marketing costs by reallocating a $2M budget to more profitable initiatives.

**Web Developer**  
*Company Name, City*  
*June 2002 - August 2005*  
- Developed tailored web solutions using PHP, HTML, and JavaScript to meet client needs.  
- Designed and implemented database structures and relationships in MySQL and MS Access.  
- **Key Achievement:** Boosted sales by 22% through a significant increase in visitor traffic, exceeding 400K.

---

**Education**  
**Master of Business Administration (MBA)**  
University of Redlands, 2013  

**Bachelor of Science**  
University of Hamburg, 2011  

**Vocational Training**  
Berufsschule City Nord, 2007  

---

**Languages**  
- English  
- German  
- Hindi  
- Punjabi  

---

**Skills**  
- Budget Management  
- Business Intelligence  
- Content Development  
- Client Relations  
- Database Management  
- Data Analysis  
- Marketing Strategy  
- Optimization Techniques  
- Reporting and Analytics  
- Sales Performance  

---

This polished resume enhances clarity and impact while maintaining the original content's integrity. Each section is structured for easy reading, emphasizing key achievements and qualifications.",,
15790602,AUTOMOBILE,,True,,,{},"{('date_year', 1990.0): 1, ('currency', 2000000.0): 1, ('number', 18.0): 1}",0,False,False,False,"DIRECTOR
Executive Profile
Forward thinker with expertise in marketing, partner acquisition, contract negotiation, communications, project management, collaboration and
consensus building, combined with a Master's Degree in Business Administration.
Professional Experience
02/1999 to Current
DIRECTOR Company Name ï¼​ City , State
Currently lead key discounts initiatives involving technology, branding, marketing, strategy development and the evaluation of new member
benefit programs: Collaborate with clubs to ensure consensus on partner marketing, branding, technology efforts, contract negotiations and
partner acquisition Actively lead club work teams including the Discounts Task Force, the Member Data Capture Team, the Member Offer
Database group and the Discounts and Rewards Re-Branding Team.
Develop and present topics to the Discounts Sub-Committee Led club discussions that resulted in an unprecedented association-wide
promotional commitment for discount partners Led staff efforts for the timely and successful evaluation and selection of vendors for the
discounts technology solution Oversee the development of multi-channel program marketing materials for club use, including social media
and other digital programs Provided thought leadership for the creation of a new system that provides analytics and insights on partner
performance and marketing exposure Led sales acquisition efforts that resulted in the addition of numerous key brands to the Show Your
Card & Save program, including New York & Company, Target.com, DIRECTV, Dell, Circuit City and Best Buy Successfully negotiated
new partner contracts and launched new programs including AAA Prescription Savings, Target.com, Shell gasoline program, Payless, UPS
and Travel Money programs.
09/1997 to 02/1999
INTERNET DEVELOPMENT PROJECT MANAGER Company Name ï¼​ City , State
Promoted to position.
Managed overall Internet project and technical development of AAA.com functionality for online travel bookings, routings, travel material
requests and TourBook look-up.
Managed staff of four developers and directed the work of Internet designers, content editors and technical writers in other departments.
Delivered enhanced national web site application on time for testing Conducted focus groups to determine site usability and design
effectiveness Oversaw RFP process for selection of national Internet Service Provider Evaluated internet costs and developed
recommendations for club pricing Collaborated with business lines to develop specific approaches for integrating and deploying the Internet
as a service delivery channel.
04/1996 to 09/1997
ELECTRONIC PUBLISHING MANAGER Company Name ï¼​ City , State
Responsible for all aspects of America Online (AOL) project and interim internet project (AAA.com).
Major accomplishments included: Managed the accelerated creative and technical development of AAA.com, using all in-house technical
and publishing resources Built strong working relationships with Internet Development Committee members Managed development of
TourBook, zip code, AAA offices and dues, and Approved Auto Repair database search functionality Created content and promotional
programs for both online sites including two successful online contests which doubled site visits during promotional period Initiated
development of a secure web site allowing credit card transactions and a more streamlined method of receiving online membership
applications.
07/1991 to 03/1996
MARKETING / PRODUCT DEVELOPMENT MANAGER Company Name ï¼​ City , State
Performed various marketing and project management functions within Publishing area.
Provided financial/market feasibility analysis for potential business opportunities including an electronic travel kiosk and a multi-media
venture.
Became Marketing Manager for the Publishing Division in January 1993.
Developed club travel store program, a direct-to-member publications sales test, club marketing programs for retail publications.
Served 18 months as program manager for AAA's World Cup soccer national sponsorship.
Oversaw club promotions, AAA product development, retail distribution and premium product sales/development to sponsors.
07/1990 to 06/1991
VICE PRESIDENT BRANCH ADMINISTRATOR Company Name ï¼​ City , State
Managed operations for seven branches with 45 employees and $184 million in deposits.
Developed and managed a successful plan to maintain existing customer base during period of government intervention.
10/1986 to 06/1990
VICEPRESIDENT Company Name ï¼​ City , State
Given statewide marketing responsibility in January 1990 for 36-branch institution.
Previously directed these functions for the bank's 20-office Daytona region.
Managed a $750,000 marketing budget with a staff of six.

Developed and implemented innovative and cost efficient marketing plans to promote bank products and services.
Directed several successful multimedia campaigns including one which attracted $20 million in deposits in 90 days.
Launched business development program that generated $14 million in sales in three months.
Program focused on prospect development, formalized sales reporting, sales tracking, follow-up, incentives and recognition.
Established and managed an eight-person outbound telemarketing department that generated $2 million deposits during the first four months.
01/1984 to 09/1986
BUSINESS DEVELOPMENT REPRESENTATIVE Company Name ï¼​ City , State
Created Newcomer Program and designed to attract business from people moving to the area.
Managed all sales efforts, which generated $20 million in deposits in the first five years.
Promoted to Vice President, Regional Marketing Manager as a result.
01/1981 to 01/1984
NEWSPAPER REPORTER Company Name ï¼​ City , State
Covered city government, general news and feature stories.
Promoted to business writer and reported on financial topics while studying for MBA.
Education
1984
MASTER'S DEGREE : BUSINESS ADMINISTRATION Stetson University ï¼​ City , State BUSINESS ADMINISTRATION
1981
BACHELOR OF SCIENCE DEGREE : Journalism and Business Florida Southern College ï¼​ City , State Journalism and Business
Skills
America Online, AOL, Auto Repair, Branding, budget, business development, com, content, contract negotiations, contracts, credit, Database,
delivery, Dell, financial, focus, government, Internet Development, Internet Service Provider, leadership, marketing plans, marketing, market,
Marketing Manager, marketing materials, MBA, Money, office, multimedia, multi-media, pricing, product development, project management,
publications, receiving, retail, RFP, sales, sales/development, sales reporting, Shell, stories, strategy development, telemarketing, web site, writer,
zip

","**DIRECTOR**

**Executive Profile**  
Dynamic and forward-thinking executive with extensive expertise in marketing, partner acquisition, contract negotiation, communications, project management, collaboration, and consensus building. Holds a Master’s Degree in Business Administration.

---

**Professional Experience**

**Director**  
*Company Name, City, State*  
*February 1999 – Present*  
- Lead strategic initiatives focused on technology, branding, marketing, and the evaluation of new member benefit programs.
- Collaborate with clubs to achieve consensus on partner marketing, branding, technology efforts, contract negotiations, and partner acquisition.
- Actively manage club work teams, including the Discounts Task Force, Member Data Capture Team, Member Offer Database group, and Discounts and Rewards Re-Branding Team.
- Develop and present topics to the Discounts Sub-Committee, facilitating club discussions that resulted in a historic association-wide promotional commitment for discount partners.
- Oversee the timely evaluation and selection of vendors for discounts technology solutions.
- Direct the creation of multi-channel marketing materials for clubs, including social media and digital programs.
- Provide thought leadership in developing a new analytics system for partner performance and marketing exposure.
- Spearhead sales acquisition efforts, successfully adding key brands to the Show Your Card & Save program, including New York & Company, Target.com, DIRECTV, Dell, Circuit City, and Best Buy.
- Negotiate new partner contracts and launch innovative programs, including AAA Prescription Savings, Target.com, Shell gasoline, Payless, UPS, and Travel Money programs.

**Internet Development Project Manager**  
*Company Name, City, State*  
*September 1997 – February 1999*  
- Promoted to manage the overall Internet project and technical development of AAA.com, enhancing functionality for online travel bookings, routings, travel material requests, and TourBook look-up.
- Supervised a team of four developers and coordinated with Internet designers, content editors, and technical writers across departments.
- Delivered a national website application on schedule for testing and conducted focus groups to assess site usability and design effectiveness.
- Oversaw the RFP process for selecting a national Internet Service Provider and evaluated internet costs to develop pricing recommendations.
- Collaborated with various business lines to integrate and deploy the Internet as a service delivery channel.

**Electronic Publishing Manager**  
*Company Name, City, State*  
*April 1996 – September 1997*  
- Managed all aspects of the America Online (AOL) project and interim internet project (AAA.com).
- Accelerated the creative and technical development of AAA.com by leveraging in-house technical and publishing resources.
- Cultivated strong working relationships with members of the Internet Development Committee.
- Developed functionalities for TourBook, zip code searches, AAA offices, dues, and Approved Auto Repair database.
- Created engaging content and promotional programs for online platforms, including two successful contests that doubled site visits during promotional periods.
- Initiated the development of a secure website for credit card transactions and streamlined online membership applications.

**Marketing/Product Development Manager**  
*Company Name, City, State*  
*July 1991 – March 1996*  
- Executed various marketing and project management functions within the Publishing area.
- Conducted financial and market feasibility analyses for potential business opportunities, including an electronic travel kiosk and a multimedia venture.
- Promoted to Marketing Manager for the Publishing Division in January 1993.
- Developed the club travel store program and direct-to-member publication sales tests, alongside marketing programs for retail publications.
- Served as program manager for AAA's World Cup soccer national sponsorship, overseeing promotions, product development, retail distribution, and premium product sales.

**Vice President, Branch Administrator**  
*Company Name, City, State*  
*July 1990 – June 1991*  
- Managed operations for seven branches, overseeing 45 employees and $184 million in deposits.
- Developed and executed a successful plan to retain the existing customer base during a period of government intervention.

**Vice President**  
*Company Name, City, State*  
*October 1986 – June 1990*  
- Held statewide marketing responsibilities for a 36-branch institution, previously managing marketing functions for a 20-office region.
- Managed a $750,000 marketing budget with a team of six.
- Developed and implemented innovative, cost-efficient marketing plans to promote bank products and services.
- Directed successful multimedia campaigns, including one that attracted $20 million in deposits within 90 days.
- Launched a business development program that generated $14 million in sales in three months, focusing on prospect development and formalized sales reporting.

**Business Development Representative**  
*Company Name, City, State*  
*January 1984 – September 1986*  
- Created the Newcomer Program to attract business from new residents, managing sales efforts that generated $20 million in deposits over five years.
- Promoted to Vice President, Regional Marketing Manager as a result of success.

**Newspaper Reporter**  
*Company Name, City, State*  
*January 1981 – January 1984*  
- Covered city government, general news, and feature stories, later promoted to business writer focusing on financial topics while pursuing an MBA.

---

**Education**  
**Master's Degree in Business Administration**  
*Stetson University, City, State*  
*1984*

**Bachelor of Science in Journalism and Business**  
*Florida Southern College, City, State*  
*1981*

---

**Skills**  
- Marketing Strategy  
- Partner Acquisition  
- Contract Negotiation  
- Project Management  
- Brand Development  
- Digital Marketing  
- Analytics and Insights  
- Team Leadership  
- Budget Management  
- Sales Development  
- Multi-channel Marketing  
- Content Creation  

--- 

This polished resume emphasizes your accomplishments and skills while maintaining a professional tone. It organizes your experience chronologically and highlights key achievements for maximum impact.",,
94047639,CHEF,,True,,food preparation,{},"{('date_year', 2001.0): 2}",0,False,False,False,"LINE CHEF
Summary
cook with 16 years of experience cooking in various environments. Prior work as prep cook, line chef, and sous chef. Motivated offering over
years experience in the food industry. Focused on high standards for taste and quality, while maintaining profitable margins. Superior
communication and leadership skills. I am very personable. I love working hands on with people and have worked in various field with customers
and ensuring their satisfaction of their product.
Line Cook with years of experience in high-pressure culinary environments. Skilled in preparing large volumes of food quickly and efficiently.
Seeking to use culinary skills and expertise to prepare a special variety of dishes in a professional, rewarding environment.
Highlights
High volume
production
Strong attention to safe food handling procedures attention to detail Hospitality and service industry background ability to capability
receive critique fast learner fast paced environment is ideal ability to delegate strong people person strong communication Well-tuned
skills open minded .Focused and disciplined.High volume production capability palette
Focus on
Focus on portion and cost control portion and
cost control
Inventory
management
familiarity
Experience
line chef
April 2013 to December 2013 Company Name ï¼​ City , State
Prepared food items consistently and in compliance with recipes, portioning, cooking and waste control guidelines. Verified proper portion sizes
and consistently attained high food quality standards. Maintained updated knowledge of local competition and restaurant industry trends. Led shifts
while personally preparing food items and executing requests based on required specifications. Maintained smooth and timely operations in
preparation and delivery of meals and kitchen sanitation. Properly labeled and stored all raw food ingredients including produce, meat, fish,
poultry, dairy and dry goods in the appropriate storage room, walk-in refrigerator, freezer or cooler. Changed and sanitized all cutting boards,
benches and surfaces when beginning a new task to avoid cross-contamination. Cooked and served food and meals in accordance with planned
menus, diet plans, recipes, portions, temperature control procedures and facility policies. Positively engaged with customers, offering menu
information, providing suggestions and showing genuine appreciation for their business. Practiced safe food handling procedures at all times.
Promptly reported any maintenance and repair issues to Executive Chef. Baked consistent quality items by accurately mixing, dividing, shaping and
proofing. Verified freshness of products upon delivery. Accurately and efficiently prepared healthy, delicious fish, meat and vegetable-based
dishes.
meat cutter
August 2014 to January 2015 Company Name ï¼​ City , State
Cut and prepare meat as needed for recipes in a high volume manner.
Ground fresh pork and beef. Cut steaks and roast. prepared seafood. preped everything that was meat or chicken or fish to be cooked
accordingly by steamers.
Implemented and supported company initiatives and programs.Consistently kept a clean and safe environment by adhering to all federal, state and
local sanitation and safety requirements.Followed proper food handling methods and maintained correct temperature of all food
products.Established and maintained open, collaborative relationships with the kitchen team.Conducted daily inspections and maintained food
sanitation and kitchen equipment safety reports.Enforced appropriate work-flow and quality controls for food quality and temperature.Prepared
for each shift by placing a clean cutting board and utensil bath at workstation.Displayed a positive and friendly attitude towards customers and
fellow team members.Validated weights and pricing with a scale printer machine.Diligently enforced proper sanitation practices to prevent the
spoiling or contamination of foods.Prepared a variety of local and seasonal specialties which contributed to a [number] % boost in sales during the
summer months.
Sales Associate
February 2005 to September 2005 Company Name ï¼​ City , State my responsibilities were included but not limited to helping the customer
obtain the automobile that was best suited for their lifestyle needs, and financial obligation. I ensured customer satisfaction and comfortably during
what can be a stressful time.
assistant manager
January 2003 to October 2003 Company Name ï¼​ City , State Expertly managed number staff and maintained appropriate staffing levels
throughout shifts. Prepared food items consistently and in compliance with recipes, portioning, cooking and waste control guidelines. Reduced
food costs by number percent by using seasonal ingredients, setting standards for portion size and minimizing waste. Managed kitchen staff by
recruiting, selecting, hiring, orienting, training, assigning, scheduling, supervising, evaluating and enforcing discipline when necessary. Verified proper

portion sizes and consistently attained high food quality standards. Maintained a skilled kitchen staff by properly coaching, counseling and
disciplining employees. Maintained updated knowledge of local competition and restaurant industry trends. Instructed new staff in proper food
preparation, food storage, use of kitchen equipment and utensils, sanitation and safety issues. Ensured all staff understood expectations and
parameters of kitchen goals and daily kitchen work.
3rd key manager
April 2002 to August 2002 Company Name ï¼​ City , State
As a third key manager my responsibilities included opening the store and closing the store, cash deposits, cahier, stocking products, ensuring our
display was appealing to the customers eye and over all customer satisfaction.
front desk associate
March 2002 to December 2002 Company Name ï¼​ City , State As a front desk associate my duties and responsibilities were included but not
limited to answering phones taking reservations. Ensuring the customers stay was satisfactory and comfortable and if it wasn't that it was rectified
as soon as possible. I also checked around for other similar hotels and motels for their price rates and would try to adjust ours accordingly.
front desk associate
May 2001 to October 2001 Company Name ï¼​ City , State As a front desk associate my min responsibility but not only one was to ensure that
the customers needs were met and had a comfortable and enjoyable stay if not then to ensure that they had what they needed for it to be so. I also
took reservations and called to confirm as well.
grill cook
April 2001 to October 2001 Company Name ï¼​ City , State
Prepared food items consistently and in compliance with recipes, portioning, cooking and waste control guidelines. Verified proper portion sizes
and consistently attained high food quality standards. Regularly interacted with guests to obtain feedback on product quality and service levels.
Maintained smooth and timely operations in preparation and delivery of meals and kitchen sanitation. Properly labeled and stored all raw food
ingredients including produce, meat, fish, poultry, dairy and dry goods in the appropriate storage room, walk-in refrigerator, freezer or cooler.
Changed and sanitized all cutting boards, benches and surfaces when beginning a new task to avoid cross-contamination. Cooked and served food
and meals in accordance with planned menus, diet plans, recipes, portions, temperature control procedures and facility policies. cashier when not
cooking
front desk associate/ housekeeping
January 2014 to August 2014 Company Name ï¼​ City , State
Maintained up-to-date knowledge of store policies regarding payments, returns and exchanges.Prevented store losses using awareness, attention
to detail and integrity.Trained multiple new employees quarterly. Excelled in exceeding daily credit card application goals.Processed guest
payments for room charges, food and beverage charges and phone charges.Greeted and registered guests and issued room keys.Implemented
high-impact sales and marketing initiatives, resulting in increased occupancy and profitability.Balanced all rebates and other miscellaneous
charges.Recommended top dining and entertainment options for guests in the Zanesville area.Delivered requested items to guests' rooms.Served as
public relations representative for the hotel.Greeted all guests in a courteous and professional manner.Monitored the appearance and performance
of the front desk staff.Fostered strong working relationships with all hotel departments.Hand dusted and wiped clean office furniture, fixtures and
window sills.Removed finger marks and smudges from vertical surfaces, including doors, frames and glass partitions.Swept and damp-mopped
private stairways and hallways.Cleaned the exterior surfaces of lighting fixtures, including glass and plastic enclosures.Dusted ceiling air conditioning
diffusers and ventilation systems.Emptied and cleaned all waste receptacles.Cleaned and returned vacant rooms to occupant-ready status.Supplied
guests with extra towels and toiletries when requested.Replenished guest supplies and amenities.Cleaned and dusted cobwebs on light fixtures,
baseboards and window sills.Stocked room attendant carts with supplies.Removed trash and dirty linens from room attendant carts.Swept and
vacuumed floors, hallways and stairwells.Delivered special request items such as cribs to guest rooms.Cleaned rooms to the satisfaction of all
clients.
Education
Associate of Applied Science : business, Hospitality Management Liberty University Associate of Applied Science: business managment Liberty
University - on line Coursework in Hospitality Management is my main goal and I will start these classes winter quarter
Associate of Arts : criminal justice/paralegal Associate of Arts: criminal justice/paralegal Kaplan - online GED: Ged - state
Skills
Cooking, Kitchen, Sanitation, Contamination, Operations, Chef, Executive Chef, Maintenance, Mixing, Associate, Front Desk, Satisfaction,
Coaching, Recruiting, Scheduling, Staffing, Training, Answering, Answering Phones, Sales, Sales Associate, Cashier, Fast Learner, Food Industry,
Leadership Skills, Strong Communication Skills, Cash, Cash Deposits, Closing, Stocking, Paralegal

","**LINE CHEF RESUME**

---

**Summary**  
Dedicated culinary professional with 16 years of diverse experience in the food industry, including roles as a prep cook, line chef, and sous chef. Committed to maintaining high standards for taste and quality while ensuring profitable margins. Possess superior communication and leadership skills, with a personable approach to customer service. Passionate about hands-on collaboration with team members and ensuring customer satisfaction.

**Objective**  
Seeking to leverage extensive culinary skills and experience in a professional environment to create a diverse array of dishes while contributing to a high-performing kitchen team.

---

**Core Competencies**  
- High Volume Production  
- Safe Food Handling Procedures  
- Attention to Detail  
- Inventory Management  
- Portion and Cost Control  
- Strong Communication Skills  
- Fast Learner in Fast-Paced Environments  
- Leadership and Team Management  

---

**Professional Experience**  

**Line Chef**  
*Company Name, City, State*  
*April 2013 - December 2013*  
- Prepared food items consistently, adhering to recipes and portioning guidelines while controlling waste.  
- Maintained high food quality standards and led shifts, ensuring smooth operations in meal preparation and kitchen sanitation.  
- Engaged positively with customers, providing menu information and suggestions to enhance their dining experience.  
- Implemented safe food handling practices and reported maintenance issues to the Executive Chef.

**Meat Cutter**  
*Company Name, City, State*  
*August 2014 - January 2015*  
- Cut and prepared meat for recipes efficiently in a high-volume setting.  
- Ensured compliance with sanitation and safety requirements, maintaining a clean work environment.  
- Collaborated with kitchen staff to uphold food quality and temperature standards.

**Sales Associate**  
*Company Name, City, State*  
*February 2005 - September 2005*  
- Assisted customers in selecting automobiles that suited their lifestyle and financial needs, ensuring satisfaction during the purchasing process.

**Assistant Manager**  
*Company Name, City, State*  
*January 2003 - October 2003*  
- Managed a team of staff, maintaining appropriate staffing levels and ensuring compliance with food preparation and safety guidelines.  
- Reduced food costs by implementing portion control and utilizing seasonal ingredients.

**3rd Key Manager**  
*Company Name, City, State*  
*April 2002 - August 2002*  
- Oversaw store operations, including cash deposits, stocking, and ensuring customer satisfaction.

**Front Desk Associate**  
*Company Name, City, State*  
*March 2002 - December 2002*  
- Managed reservations and customer inquiries, ensuring a satisfactory experience for all guests.

**Grill Cook**  
*Company Name, City, State*  
*April 2001 - October 2001*  
- Prepared food consistently in compliance with recipes and portioning guidelines, maintaining high quality standards.

**Front Desk Associate/Housekeeping**  
*Company Name, City, State*  
*January 2014 - August 2014*  
- Managed guest check-ins and payments, while ensuring cleanliness and organization of the front desk area.

---

**Education**  
**Associate of Applied Science in Business, Hospitality Management**  
Liberty University  

**Associate of Applied Science in Business Management**  
Liberty University (Online)  

**Associate of Arts in Criminal Justice/Paralegal**  
Kaplan University (Online)  

**GED**  

---

**Skills**  
- Culinary Skills  
- Kitchen Sanitation  
- Operations Management  
- Customer Service  
- Staff Training and Development  
- Sales and Cash Handling  
- Strong Leadership and Communication  

---

This polished resume presents your experience and skills in a clear, structured format, enhancing readability and impact while maintaining the integrity of your original content.",,
27257013,PUBLIC-RELATIONS,,True,,social media content,{},"{('date_year', 2019.0): 2, ('date_year', 2011.0): 2, ('date_year', 2005.0): 1, ('currency', 1000000.0): 1, ('percentage', 90.0): 1, ('number', 15.0): 1, ('number', 3000.0): 1}",0,False,False,False,"PUBLIC RELATIONS & COMMUNICATIONS MANAGER
Professional Summary
Public Relations Manager | Strategy | Execution | Results
Strategic, results oriented and licensed PR professional with extensive experience directing communication campaigns in both agency and in-house
settings. Proven creative talent with demonstrated strength in producing and implementing media strategies. Well-versed in corporate
communication, promotional support and branding. Exceptional writing, editing and interpersonal skills with internal and external audiences.
Deadline-driven, tenacious and successful at thriving in high-pressure environments.
Skills
Creative writing Media Relations
Strategic messaging Campaign Development
Team Leadership Community Relations
Press Releases & Press Kits Social media coordination
Crisis Management Problem solving
Promotion & Image Media relations training
Work History
Public Relations & Communications Manager , 01/2019 to Current
Company Name â€“ City , State
Direct Report to the President. Lead the development, implementation and monitoring of the work strategy aligned to the operation of the station in
both internal and external
Oversee public relations activities and communications including press releases, social media, company literature, announcements,
programming launches and media kits
Built a favorable brand image with customers, prospects, employees and public
Serve as primary media contact directing all publicity, viewership and consumer awareness, and image campaigns for Wapa and Wapa
Deportes
Plan, develop and implement media action plans to support and positively position the company
Identify and implement creative ways to actively manage and promulgate the corporate reputation
Work with the Crisis Communications Committee to develop communications plans and strategies
Serve as primarycontact for media
Build relationships with media to facilitate communication for crisis management and other activities that may draw media interest
Identify opportunities to partner with and enhance community communication efforts
Develop a variety of communications pieces, including but not limited to fact sheets, speeches, letters and press releases
Coordinate media tours to promote special projects and new programs through internal and external outlets
Maintain an effective relationship with external parties, such as community leaders, government and media
Communicate positive and negative feedback from media/community/audience to work toward a beneficial outcome and ensure positive
positioning for the company
Coordinate events for external audiences, including press conferences
Results:
Established and nurtured relationships with media representatives across all major news outlets
Developed and implemented Wapa Contigo program to reinforce community relations
Developed and managed communications campaigns for programming launches with strategic messages translated in more viewers
Partnered with non profit organizations as Susan G. Komen and SER of Puerto Rico to maximize social responsibility
Relaunched corporate and organizational culture
Public Relations Coordinator , 06/2011 to 01/2019
Company Name â€“ City , State
Direct Report to President of the Programming, Promotions and Production. Lead the internal and external communication for programming
launches and established cross promotions
Developed and executed public relations campaigns that integrated with clients' marketing strategies
Wrote press releases and stories, pitched ideas to media and compiled research and reports
Arranged interviews, speaking engagements and other media opportunities
Created messages, position statements and other corporate communications based on company's objectives
Account Executive , 01/2005 to 06/2011
Company Name â€“ City , State
Direct Report to the President.

Managed up to five clients simultaneously, including International companies such as: McDonaldÂ´s and Nissan
Wrote fact sheets, press releases, talking points, letters, speeches and articles
Coordinated, managed and organized events, such as press conferences, exhibitions, meetings, launches and promotions
Performed media monitoring, analysis and ROI reports for clients and their competitors
Coordinated media tours
Trained up to three employees
Supported strategies and other corrective actions employed to solve problems and issues as part of the crisis management process
Produced over 15 public relations pieces per month, getting 90% of them published in at least two media outlets
Got more than $1M ROI publicity in a year for a client
General Editor of a corporate newsletter that was read by more than 3,000 employees
Education
Master : Public Relations , 04/2011
University of Sacred Heart - City
Bachelor of Arts : Advertising & Public Relations , 04/2005
University of Puerto Rico - City
https://www.linkedin.com/in/migdaliz-ortiz-8303653b
Affiliations
Board Member of the Public Relations Professionals Association (ARPPR) - 2019
Public Relations Professionals Association (ARPPR) member
Global Alliance member
Additional Information
â€¢ Bilingual â€“ Oral and Written Proficiency in English & Spanish
â€¢ Computer Knowledge - Windows; MS Office Suite (Advanced: Word, Power Point and Outlook & Intermediate: Excel)
Certifications
Communications Manager Certification - Business School of Navarra, Spain - 2010
Public Relations License R-223 since 2014
Skills
Creative writing
Strategic messaging
Team Leadership
Press Releases & Press Kits
Crisis Management
Promotion & Image
Media Relations
Campaign Development
Community Relations
Social media coordination
Problem solving
Media relations training
Work History
Public Relations & Communications Manager , 01/2019 to Current
Company Name â€“ City , State
Direct Report to the President. Lead the development, implementation and monitoring of the work strategy aligned to the operation of the station in
both internal and external
Oversee public relations activities and communications including press releases, social media, company literature, announcements,
programming launches and media kits
Built a favorable brand image with customers, prospects, employees and public
Serve as primary media contact directing all publicity, viewership and consumer awareness, and image campaigns for Wapa and Wapa
Deportes
Plan, develop and implement media action plans to support and positively position the company
Identify and implement creative ways to actively manage and promulgate the corporate reputation
Work with the Crisis Communications Committee to develop communications plans and strategies

Serve as primarycontact for media
Build relationships with media to facilitate communication for crisis management and other activities that may draw media interest
Identify opportunities to partner with and enhance community communication efforts
Develop a variety of communications pieces, including but not limited to fact sheets, speeches, letters and press releases
Coordinate media tours to promote special projects and new programs through internal and external outlets
Maintain an effective relationship with external parties, such as community leaders, government and media
Communicate positive and negative feedback from media/community/audience to work toward a beneficial outcome and ensure positive
positioning for the company
Coordinate events for external audiences, including press conferences
Results:
Established and nurtured relationships with media representatives across all major news outlets
Developed and implemented Wapa Contigo program to reinforce community relations
Developed and managed communications campaigns for programming launches with strategic messages translated in more viewers
Partnered with non profit organizations as Susan G. Komen and SER of Puerto Rico to maximize social responsibility
Relaunched corporate and organizational culture
Public Relations Coordinator , 06/2011 to 01/2019
Company Name â€“ City , State
Direct Report to President of the Programming, Promotions and Production. Lead the internal and external communication for programming
launches and established cross promotions
Developed and executed public relations campaigns that integrated with clients' marketing strategies
Wrote press releases and stories, pitched ideas to media and compiled research and reports
Arranged interviews, speaking engagements and other media opportunities
Created messages, position statements and other corporate communications based on company's objectives
Account Executive , 01/2005 to 06/2011
Company Name â€“ City , State
Direct Report to the President.
Managed up to five clients simultaneously, including International companies such as: McDonaldÂ´s and Nissan
Wrote fact sheets, press releases, talking points, letters, speeches and articles
Coordinated, managed and organized events, such as press conferences, exhibitions, meetings, launches and promotions
Performed media monitoring, analysis and ROI reports for clients and their competitors
Coordinated media tours
Trained up to three employees
Supported strategies and other corrective actions employed to solve problems and issues as part of the crisis management process
Produced over 15 public relations pieces per month, getting 90% of them published in at least two media outlets
Got more than $1M ROI publicity in a year for a client
General Editor of a corporate newsletter that was read by more than 3,000 employees

","**Migdaliz Ortiz**  
[Your Address]  
[City, State, Zip]  
[Your Phone Number]  
[Your Email Address]  
[LinkedIn Profile](https://www.linkedin.com/in/migdaliz-ortiz-8303653b)

---

**PUBLIC RELATIONS & COMMUNICATIONS MANAGER**

---

**Professional Summary**  
Dynamic and results-driven Public Relations Manager with extensive experience in directing communication campaigns across agency and in-house settings. A licensed PR professional known for creative talent and a proven ability to produce and implement effective media strategies. Expertise in corporate communication, promotional support, and branding, complemented by exceptional writing, editing, and interpersonal skills. Adept at thriving in high-pressure environments while meeting tight deadlines.

---

**Core Competencies**  
- Creative Writing  
- Media Relations  
- Strategic Messaging  
- Campaign Development  
- Team Leadership  
- Community Relations  
- Press Releases & Press Kits  
- Social Media Coordination  
- Crisis Management  
- Problem Solving  
- Promotion & Image Management  
- Media Relations Training  

---

**Professional Experience**  

**Public Relations & Communications Manager**  
*Company Name – City, State*  
*January 2019 – Present*  
- Report directly to the President, leading the development, implementation, and monitoring of strategic communication initiatives for the organization.
- Oversee all public relations activities, including press releases, social media content, company literature, announcements, programming launches, and media kits.
- Cultivate a positive brand image among customers, prospects, employees, and the public.
- Serve as the primary media contact, directing publicity, viewership, consumer awareness, and image campaigns for Wapa and Wapa Deportes.
- Develop and implement media action plans to enhance the company's public positioning.
- Collaborate with the Crisis Communications Committee to formulate effective communication strategies during crises.
- Build and maintain relationships with media representatives to facilitate communication during critical situations.
- Identify and leverage opportunities for community partnership to enhance communication efforts.
- Create diverse communication materials, including fact sheets, speeches, letters, and press releases.
- Coordinate media tours to promote special projects and new programs.
- Maintain effective relationships with external stakeholders, including community leaders and government officials.
- Provide feedback from media and community interactions to foster positive outcomes for the organization.
- Organize events for external audiences, including press conferences.

**Key Achievements:**  
- Established strong relationships with media representatives across major news outlets.
- Developed and launched the Wapa Contigo program to strengthen community relations.
- Managed successful communications campaigns for programming launches, resulting in increased viewership.
- Partnered with nonprofit organizations, such as Susan G. Komen and SER of Puerto Rico, to enhance social responsibility initiatives.
- Relaunched the corporate and organizational culture to align with modern communication strategies.

---

**Public Relations Coordinator**  
*Company Name – City, State*  
*June 2011 – January 2019*  
- Reported to the President of Programming, Promotions, and Production, leading internal and external communications for programming launches and cross-promotions.
- Developed and executed public relations campaigns that aligned with client marketing strategies.
- Crafted press releases and media stories, pitched ideas to media outlets, and compiled research reports.
- Arranged interviews, speaking engagements, and other media opportunities.
- Created corporate communications, including messages and position statements, aligned with company objectives.

---

**Account Executive**  
*Company Name – City, State*  
*January 2005 – June 2011*  
- Managed up to five clients simultaneously, including international brands such as McDonald's and Nissan.
- Authored fact sheets, press releases, talking points, letters, speeches, and articles.
- Coordinated and organized events, including press conferences, exhibitions, meetings, launches, and promotions.
- Conducted media monitoring, analysis, and ROI reporting for clients and competitors.
- Trained and mentored junior staff members.
- Produced over 15 public relations pieces monthly, achieving a 90% publication rate across multiple media outlets.
- Generated over $1M in ROI publicity for a client within a year.
- Served as the General Editor of a corporate newsletter, reaching an audience of over 3,000 employees.

---

**Education**  
**Master of Arts in Public Relations**  
*University of Sacred Heart – City*  
*April 2011*  

**Bachelor of Arts in Advertising & Public Relations**  
*University of Puerto Rico – City*  
*April 2005*  

---

**Affiliations**  
- Board Member, Public Relations Professionals Association (ARPPR) - 2019  
- Member, Public Relations Professionals Association (ARPPR)  
- Member, Global Alliance  

---

**Additional Information**  
- **Languages:** Bilingual in English and Spanish (oral and written proficiency)  
- **Technical Skills:** Proficient in Windows and MS Office Suite (Advanced in Word, PowerPoint, and Outlook; Intermediate in Excel)  

---

**Certifications**  
- Communications Manager Certification, Business School of Navarra, Spain - 2010  
- Public Relations License R-223 since 2014  

--- 

*References available upon request.*",,
36727173,AVIATION,,True,,,{},"{('number', 12.0): 1}",0,False,False,False,"AVIATION SUPPLY SPECIALIST
Summary
Military professional with 11 years experience in team management, administrative accountability and supply management. Effectively managed
more than $300 million in personal and procurable equipment. A value asset to the Aviation Supply Department I was able to perform in many
areas of logistical support ranging from safety of equipment and personnel to proper shipping and handling of material. Several characteristics and
traits are developed while serving on active duty. Responsibility, accountability, trust, judgment, and leadership just to name a few. Growing and
advancing in the ranks of a Marine, it takes a great deal of Pride, Honor, Courage and Commitment. My experience has allowed me many great
opportunities to develop and enhance these traits and over time, some of these traits become a requirement. Thats when the accountability and
leadership skills begin to take over. As a Leader of Marines, I took charge of my subordinates supervising the functionality of proper and
professional warehouse management and customer service.
Highlights
Effective team leader
HAZMAT handling
Supply and logistics planning
Trained in emergency response
Data management
CPR certified
Extremely organized
Secret Security Clearance
Six Sigma
Valid CA driver license
Inventory Specialist
Accomplishments
Global War on Terrorism Service Medal
Global War on Terrorism Expeditionary Medal
Afghanistan Campaign Medal
North Atlantic Treaty Organization Medal NON-Article 5
Good Conduct
Presidential Unit Citation
Managed over $300 million of personal and command equipment with no deficiencies loses or damages
Maintained 100% accountability of a large section of equipment worth over $500 million during multiple overseas deployments
Received 100% mission capable grade for the Commanding General's Functional Area Inspection
Supervised, managed and pulled 2500 line items for forward operating support with ""zero"" discrepancies and 100% validity
Experience
Aviation Supply Specialist 05/2002 to 07/2013 Company Name City , State
The supply administration and operations OccFld includes aviation supply specialists who supervise, lead, or perform highly technical
functions in the areas of aviation unique applications of managing, regulating, coordinating, or otherwise exercising control over supplies,
equipment, or other material. The work includes numerous phases of automated material management including initial planning, provisioning
and requirements determination, acquisition and distribution, accountability, and ultimate issue for consumption, retention or disposal. Fiscal
accounting and purchasing procedures are performed in accordance with Federal Acquisition regulations. Qualifications required include,
personal computer operation skills, familiarity with terminology, proficiency in key boarding, basic understanding of data entry, application,
and manipulation. Duties involved administrative and government specific procedures for the use of material.
Education
Certificate of Completion : BASIC LEADERSHIP AND MILITARY STUDIES 2013 Marine Corps Institute City , State , USA
Adhering to Marine Corps Orders and Directives, Specific training and
education requirements were assigned and needed to be completed
annually. The Marine Corps Institute had several courses of study to
enroll in. Courses of study varied on Occupational Specialty to Safety
of Weapons and Weapons Handling, Leadership Traits, Leading Marines,
as well as English, Spelling and Mathematics
Certificate of Completion : Military Leadership 2006 Marine Corps Institute City , State , USA
This was a school house setting split into groups focusing on the
abilities to act as small group leader, Council and administer
personnel. Commute orally and in writing. Understand and communicate
Marine history and traditions and employ small group tactics and

weapons. Develop and enhance superior leadership skills, tactful and
appropriate discipline techniques and critical thinking skills
Select One : NAVAL AVIATION SURVIVAL TRAINING 2006 Marine Corps Institute City , State , USA
The course includes an Overview of the Naval Aviation Survival
Training Program, Classroom Instruction of Aviation Physiology, an
appropriate Low Pressure Chamber brief/flight (exception: prospective
helicopter aircrew), Stress and Human performance presentation,
classroom presentation and laboratory evolution on Sensory Physiology,
class and lab on Combat/Survival First (SELF) Aid, class and lab on
Aviation Survival Swim Skills, class and lab on Underwater Problem
Solving Skills, class and lab on Multi-place Aircraft
Underwater Egress skills, class and lab on Extended Sea Survival, and
a written final examination
High School Diploma : K1-12 2001 Monroe Senior High City , State , USA
Skills
Inventory Specialist
Leader
Communication
Organization
Computer
Additional Information

","**AVIATION SUPPLY SPECIALIST**

**Summary**  
Dedicated military professional with over 11 years of experience in team management, administrative accountability, and supply chain management. Successfully managed more than $300 million in personal and procurable equipment, demonstrating a strong commitment to logistical support, equipment safety, and personnel welfare. Developed key traits such as responsibility, accountability, trust, judgment, and leadership throughout my active duty service. As a Marine, I have embraced the core values of Pride, Honor, Courage, and Commitment, which have been instrumental in my growth and advancement. My leadership experience includes supervising subordinates to ensure effective warehouse management and exceptional customer service.

**Highlights**  
- Proven team leader with a focus on operational excellence  
- Expertise in HAZMAT handling and compliance  
- Proficient in supply and logistics planning  
- Trained in emergency response procedures  
- Strong data management skills  
- CPR certified  
- Highly organized and detail-oriented  
- Secret Security Clearance  
- Six Sigma trained  
- Valid California driver’s license  
- Inventory management specialist  

**Accomplishments**  
- Awarded the Global War on Terrorism Service Medal  
- Received the Global War on Terrorism Expeditionary Medal  
- Honored with the Afghanistan Campaign Medal  
- Recognized with the North Atlantic Treaty Organization Medal NON-Article 5  
- Earned the Good Conduct Medal  
- Received the Presidential Unit Citation  
- Managed over $300 million in personal and command equipment with zero deficiencies, losses, or damages  
- Maintained 100% accountability for equipment valued at over $500 million during multiple overseas deployments  
- Achieved a 100% mission-capable grade during the Commanding General's Functional Area Inspection  
- Supervised the management of 2,500 line items for forward operating support with zero discrepancies and 100% validity  

**Experience**  

**Aviation Supply Specialist**  
*Company Name, City, State*  
*May 2002 – July 2013*  
- Supervised and led a team in the aviation supply operations, overseeing the management, regulation, and coordination of supplies, equipment, and materials.  
- Conducted various phases of automated material management, including initial planning, provisioning, requirements determination, acquisition, distribution, accountability, and disposal.  
- Ensured compliance with fiscal accounting and purchasing procedures in accordance with Federal Acquisition Regulations.  
- Developed proficiency in personal computer operations, data entry, and material management terminology, while adhering to administrative and government-specific procedures.  

**Education**  

**Certificate of Completion: Basic Leadership and Military Studies**  
*Marine Corps Institute, City, State, USA*  
*2013*  
- Completed training in adherence to Marine Corps Orders and Directives, focusing on occupational specialties, safety of weapons, leadership traits, and foundational skills in English, spelling, and mathematics.  

**Certificate of Completion: Military Leadership**  
*Marine Corps Institute, City, State, USA*  
*2006*  
- Engaged in group-based training to enhance leadership skills, effective communication, and understanding of Marine history and traditions. Developed small group tactics and critical thinking abilities.  

**Select One: Naval Aviation Survival Training**  
*Marine Corps Institute, City, State, USA*  
*2006*  
- Completed comprehensive training covering aviation physiology, survival skills, underwater egress techniques, and extended sea survival.  

**High School Diploma**  
*Monroe Senior High, City, State, USA*  
*2001*  

**Skills**  
- Inventory Management  
- Leadership and Team Development  
- Effective Communication  
- Organizational Skills  
- Computer Proficiency  

**Additional Information**  
- Available upon request.  

This polished resume emphasizes your strengths and achievements while maintaining a professional tone. It is structured for clarity and impact, making it easier for potential employers to assess your qualifications.",,
37750854,APPAREL,,True,,,{},{},1,False,False,False,"SR. MERCHANDISING AUDIENCE LEAD MICROSOFT US ONLINE STORE
Summary
Sr. E-commerce Merchandiser specializing in audience program development and targeted marketing campaigns. Extensive knowledge in omni-
channel retail buying, planning, product development and marketing.
Highlights
Business analysis Retail systems
Online branding Retail buying
Purchase funnel optimization Competitive analysis
Retail marketing Program development
Experience
Sr. Merchandising Audience Lead Microsoft US Online Store Oct 2012 to Current
Company Name - City , State
Sr. Merchandiser/Audience Marketing Lead for Microsoftstore.com representing a combined annual revenue of $96M
Grew EDU audience revenue +400% YoY within the first year by launching an evergreen offer across multiple categories
Spearheaded business development opportunities, partnering with Microsoft product management groups to create and execute meaningful
targeted campaigns resulting in increased brand awareness, customer acquisition, and sales revenue
Drove site optimization through A/B and multivariate testing across site and through purchase funnel increasing conversion, revenue, and
improving customer experience
End to end product management: documenting business requirements, presenting to stake-holders, engineering, UX teams, creative reviews,
QA, production and deployment on live site
Category lead for email marketing campaigns, content, targeting, SEO, SEM and internal search term optimization
Merchandiser Women's Direct Apparel Apr 2007 to Jul 2010
Company Name - City , State
Merchandising/Category Management women's separates apparel in direct catalog and E-commerce divisions
Drove promotional strategies in print catalogs, email campaigns, and online to achieve and exceed sales and margin targets
Partnered with design team to develop a compelling and brand right assortment, managed the sourcing and production process, and
negotiated costing
Directed creative content and imagery with multiple creative teams to develop a consistent branded experience across both catalog and
online
Utilized Web analytics and customer service feedback to inform changes and increase conversion and revenue for both channels
Successfully managed multiple categories with a combined $70M in revenue and 20K skus annually
Consistently met or exceeded margin and sales goals despite a difficult retail environment
Developed and executed business strategies supported by detailed competitive trend analysis and strong creative brand identity
Created and launched new online denim category on eddiebauer.com with new multi-shot photography feature, enhanced user experience,
customer-centric product detail page content, and recommended product suggestions resulting in a +$8M YoY category comp
Assistant Buyer/Buyer Aug 2004 to Apr 2007
Company Name - City , State
Launched Endless.com website, Amazon.com's first separate E-commerce brand that exclusively offered a boutique shopping experience
for footwear and handbags
Built the retail apparel store from the ground up which included implementing QA policies, detail page and imaging standards, developing
receiving/shipping materials, warranty policies, and tools to accommodate the needs of the new category
Developed strong relationships with +110 vendors including: account management, payment terms, costs, returns, damage allowance, free
shipping, inventory management, and co-op
Responsible for competitive product and pricing analysis and improving pricing tools to facilitate competitive monitoring as well as determine
markdown schedule and liquidation of overstock
Initiated and managed website improvements to facilitate navigation and merchandising to maximize traffic, revenue, and conversion
Forecasted assortment selection and sales plan including unit sales and revenue, margins, and profit across all sub-categories
Experience in multiple category management for Intimate Apparel, Sleepwear, Men's Sportswear, Women's Sportswear, Infant, Swimwear,
Outerwear, Handbags, and Women's Footwear
Teamed with the fulfillment center to create and execute receiving and shipping processes for inventory within each new category
Grew apparel into a $10M business within the first year
Assistant Buyer Jan 2001 to Jan 2004
Company Name - City , State
Experience in buying, managing inventory, and negotiating with vendors
Managed the process to maximize sales and margin objectives through the development and implementation of markdown strategies and

inventory flow in reaction to sales trends
Managed sales volume, gross margin, and turnover through control of mark-ups and markdown allowances, sales promotions, vendor
returns and shrinkage
Executed division marketing plans and worked closely with advertising to create a meaningful and succinct message through print and radio
Group Sales Manager Jan 2000 to Jan 2001
Company Name - City , State
Managed women's shoes, watches, and jewelry departments in the downtown flagship Bon Marche store
Successfully managed and motivated over 40 sales associates
Store Manager Jan 1998 to Jan 2000
Company Name - City , State
Managed a staff of 10 in a leading international retail shoe store Responsible for sales, inventory, staffing, visual, and store maintenance
Consistently exceeded store sales goals and company expectations
Opened the first retail store in the state, including; recruiting, visual set up
Trained six managers and over twenty-five employees
Education
BA , Liberal Studies Society, Ethics, and Human Behavior 2001, 2011 UNIVERSITY OF WASHINGTON - City , State GPA: Dean's list
winter quarter 2000
Dean's list winter quarter 2000
Skills
20+ years in Retail management, buying, marketing, and merchandising
Successful in fostering productive cross-group collaboration
Passionate about creating a customer-centric shopping experience

","**[Your Name]**  
[Your Address]  
[City, State, Zip]  
[Your Phone Number]  
[Your Email Address]  
[LinkedIn Profile or Professional Website]  

---

**SR. MERCHANDISING AUDIENCE LEAD**  
**MICROSOFT US ONLINE STORE**  

---

**Summary**  
Results-driven Sr. E-commerce Merchandiser with extensive expertise in audience program development and targeted marketing campaigns. Proven track record in omni-channel retail buying, planning, product development, and marketing, with a strong focus on enhancing customer experiences and driving revenue growth.

---

**Core Competencies**  
- Business Analysis  
- Retail Systems  
- Online Branding  
- Retail Buying  
- Purchase Funnel Optimization  
- Competitive Analysis  
- Retail Marketing  
- Program Development  

---

**Professional Experience**  

**Sr. Merchandising Audience Lead**  
**Microsoft US Online Store**  
*Oct 2012 - Present | [City, State]*  
- Lead merchandiser and audience marketing strategist for Microsoftstore.com, contributing to an annual revenue of $96M.  
- Achieved a 400% year-over-year revenue increase in the EDU audience segment within the first year by launching a successful evergreen offer across multiple categories.  
- Collaborated with Microsoft product management teams to identify and execute targeted campaigns, enhancing brand awareness, customer acquisition, and sales revenue.  
- Optimized site performance through A/B and multivariate testing, resulting in increased conversion rates and improved customer experiences.  
- Managed end-to-end product processes, including documentation of business requirements, stakeholder presentations, collaboration with engineering and UX teams, and overseeing QA and production for live site deployments.  
- Directed email marketing campaigns, content strategy, targeting, SEO, SEM, and internal search term optimization.

**Merchandiser, Women's Direct Apparel**  
**[Company Name]**  
*Apr 2007 - Jul 2010 | [City, State]*  
- Managed merchandising and category management for women's separates apparel in both catalog and E-commerce divisions.  
- Developed and executed promotional strategies across print catalogs, email campaigns, and online platforms to exceed sales and margin targets.  
- Partnered with design teams to curate a compelling assortment, overseeing sourcing, production, and cost negotiations.  
- Directed creative content and imagery development to ensure a consistent brand experience across catalog and online channels.  
- Leveraged web analytics and customer feedback to inform strategic changes, driving increased conversion and revenue.  
- Successfully managed multiple categories with a combined revenue of $70M and 20,000 SKUs annually, consistently meeting or exceeding margin and sales goals.  
- Launched a new online denim category on eddiebauer.com, introducing enhanced user experience features that generated an additional $8M in year-over-year category revenue.

**Assistant Buyer/Buyer**  
**[Company Name]**  
*Aug 2004 - Apr 2007 | [City, State]*  
- Played a key role in launching Endless.com, Amazon's first separate E-commerce brand focused on footwear and handbags.  
- Established the retail apparel store by implementing QA policies, detail page standards, and developing logistics for the new category.  
- Cultivated strong relationships with over 110 vendors, managing account terms, pricing, returns, and inventory.  
- Conducted competitive product and pricing analysis, enhancing pricing tools for better market monitoring and markdown strategies.  
- Initiated website improvements to enhance navigation and merchandising, maximizing traffic and conversion rates.  
- Forecasted assortment selections and sales plans, achieving $10M in apparel sales within the first year.

**Assistant Buyer**  
**[Company Name]**  
*Jan 2001 - Jan 2004 | [City, State]*  
- Managed inventory and vendor negotiations to optimize sales and margin objectives through effective markdown strategies.  
- Controlled sales volume, gross margin, and turnover by managing mark-ups, markdown allowances, and vendor returns.  
- Executed division marketing plans in collaboration with advertising teams to deliver impactful print and radio messaging.

**Group Sales Manager**  
**[Company Name]**  
*Jan 2000 - Jan 2001 | [City, State]*  
- Oversaw women's shoes, watches, and jewelry departments in a flagship retail store, successfully managing and motivating a team of over 40 sales associates.

**Store Manager**  
**[Company Name]**  
*Jan 1998 - Jan 2000 | [City, State]*  
- Managed a team of 10 in a leading international retail shoe store, responsible for sales, inventory, staffing, visual merchandising, and store maintenance.  
- Consistently exceeded sales goals and company expectations, including successfully opening the first retail store in the state.

---

**Education**  
**Bachelor of Arts in Liberal Studies**  
*Society, Ethics, and Human Behavior*  
**University of Washington**  
*2001, 2011 | [City, State]*  
- GPA: Dean's List, Winter Quarter 2000

---

**Skills**  
- 20+ years of experience in retail management, buying, marketing, and merchandising  
- Proven ability to foster productive cross-group collaboration  
- Passionate about creating customer-centric shopping experiences  

--- 

[Optional: Include any relevant certifications, awards, or professional affiliations]  

--- 

This polished resume enhances clarity, structure, and impact while maintaining the integrity of your professional experience and accomplishments.",,
34304175,ARTS,,True,,,{},"{('number', 1.0): 1}",0,False,False,False,"WAREHOUSE LEAD
Executive Profile
A position in Warehouse Management requiring a self-starter with a reputation for dependability Highly qualified warehouse professional with
cross functional and cross industry management experience including staff training, inventory control, shipping, receiving and customer service.
Responsible for achieving production goals, coaching and motivating staff through workshops, setting up incentive programs, and supervising all
operations with accountability to management Extensive inventory control including ordering supplies, disbursing materials and equipment, factory
returns, vendor contact and negotiations, and maintaining stock levels Maintained focus on achieving bottom line results while formulating and
implementing technology and business solutions to meet a variety of needs Personnel management experience includes recruiting, interviewing hiring
/ dismissing, training, scheduling, performance evaluation, promotion, and employee relations. Excellent organizational talents demonstrated in
ability to prioritize high volume workload, schedule and plan projects, multitask delegate as needed, and pay close attention to details while
meeting commitment and deadlines. Strong communication skills include ability to interact in a positive and productive manner, listen effectively,
give or take direction, articulate ideas clearly, and write concisely. Perform all job functions according to SOP / Procedure Manuals as well as
contributing to the technical writing of manuals and to profitability of company. Core areas of expertise include: Self-Starter Personable and
professional Exceptional Analytical Skills Process Redesign and Improvement Safety and compliance *Excellent Computer Skills Team Building
and Leadership Performance Standards Creative Thinker Quality Control and Compliance Selected value offered highlights: Powerful Strategist
able to map creative solution empowering organization with tools needed to produce high quality results. Superior record of delivering simultaneous
large-scale, mission critical projects on-time and under budget Talent for proactively identifying and resolving problems resulting in increased
productivity. [Job Title] familiar with all aspects of logistics, shipping and receiving and general warehouse operations.
Detail-oriented [Job Title] highly efficient in leading shipping and receiving operations. Able to lift [Number] pounds. Flexible schedule and
available for all shifts.
Skill Highlights
Shipping and
receiving
Safety-
oriented
Production
scheduling
Results-
oriented
Mac and PC-Word, PowerPoint, Publisher, Outlook, Access, ACT!, Strong Internet and Research Experience Multi-tasker
Fluent in
[Language]
Safety-
Specialized Training / Seminars: TQM-Management; Lift Truck Certify; Safety Awareness; Customer Service Training; conscious
OSHA Certification; HAZMAT Training; Trade and Consumer Show Production / Management; Extensive Sales and Customer-
Advertising Seminars and Training service
focused
Vendor
management
Strong
communication
skills
Adaptable
Exceptional
problem solver
Natural leader
Core Accomplishments
Reduced shipping operating expenses by [Number]%, while maintaining shipping volume and accuracy.Earned a perfect attendance record for
[Number] years in a row.
Achieved [Number]% accuracy during [Year] [Audit Name] Audit of a [Number] stock-keeping unit warehouse facility.
Recipient of the [Award Name] Achievement Award in [Month, year].Named â€œEmployee of the Monthâ€​ in [Month, year].Saved $[Amount]
annually by negotiating better rates with all transportation carriers.
Professional Experience
Company Name April 2011 to Current WAREHOUSE LEAD
City , State
Reduced operating budget by [Number]% and misships by [Number] by implementing new policies and procedures.Established transportation
cost standards and economical shipping practices.

Negotiated bulk shipping discounts with contracted carriers.
Company Name June 2008 to April 2011 Warehouse / Support Service
City , State
Evaluated operational records and made scheduling adjustments to maximize efficiency.
Company Name October 2006 to June 2008 MARKETING & EVENT MANAGER
City , State
Worked effectively in a heavily cross-functional, fast paced environment.
Company Name September 2002 to October 2006 WAREHOUSE & LOGISTICS MANAGER
City , State
Negotiated bulk shipping discounts with contracted carriers.
Education
Shoreline Community College 1 2010 Earned a Certificate of Completion in Business Software Applications City , State One quarter away for
completion of Associate of Applied Arts and Science, current
Skills
ACT!, Advertising, Arts, Computer Experience, Customer Service Training, Mac, Access, Outlook, PowerPoint, Publisher, Word, Research,
Safety, Sales, Seminars, TQM

","**WAREHOUSE LEAD**

**Executive Profile**  
Dynamic and results-oriented Warehouse Management professional with a proven track record of dependability and excellence. Highly skilled in cross-functional and cross-industry management, encompassing staff training, inventory control, shipping, receiving, and customer service. Adept at achieving production goals while coaching and motivating staff through workshops, incentive programs, and effective supervision of operations. 

Expert in inventory control, including ordering supplies, disbursing materials and equipment, managing factory returns, vendor relations, and maintaining optimal stock levels. Committed to achieving bottom-line results by formulating and implementing technological and business solutions tailored to diverse operational needs. 

Possesses extensive personnel management experience, including recruiting, interviewing, hiring, training, scheduling, performance evaluation, promotion, and employee relations. Demonstrates exceptional organizational skills with the ability to prioritize high-volume workloads, plan projects, multitask, delegate effectively, and maintain meticulous attention to detail while meeting commitments and deadlines. 

Strong communication skills facilitate positive and productive interactions, effective listening, clear articulation of ideas, and concise writing. Committed to performing all job functions according to Standard Operating Procedures (SOP) and contributing to the technical writing of manuals to enhance company profitability. 

**Core Areas of Expertise:**  
- Self-Starter  
- Personable and Professional  
- Exceptional Analytical Skills  
- Process Redesign and Improvement  
- Safety and Compliance  
- Excellent Computer Skills  
- Team Building and Leadership  
- Performance Standards  
- Creative Thinking  
- Quality Control and Compliance  

**Selected Value Offered Highlights:**  
- Strategic thinker with the ability to develop innovative solutions that empower organizations to achieve high-quality results.  
- Proven track record of delivering large-scale, mission-critical projects on time and under budget.  
- Proficient in proactively identifying and resolving issues, resulting in increased productivity.  
- Comprehensive knowledge of logistics, shipping, receiving, and general warehouse operations.  
- Detail-oriented and highly efficient in leading shipping and receiving operations.  
- Physically capable of lifting [Number] pounds and available for flexible scheduling across all shifts.

**Skill Highlights**  
- Shipping and Receiving  
- Safety-Oriented  
- Production Scheduling  
- Results-Oriented  
- Proficient in Mac and PC (Word, PowerPoint, Publisher, Outlook, Access, ACT!)  
- Strong Internet and Research Skills  
- Multitasking Ability  
- Fluent in [Language]  
- Vendor Management  
- Strong Communication Skills  
- Adaptable  
- Exceptional Problem Solver  
- Natural Leader  

**Core Accomplishments**  
- Reduced shipping operating expenses by [Number]% while maintaining shipping volume and accuracy.  
- Achieved a perfect attendance record for [Number] consecutive years.  
- Secured [Number]% accuracy during the [Year] [Audit Name] Audit of a [Number]-stock-keeping unit warehouse facility.  
- Recipient of the [Award Name] Achievement Award in [Month, Year].  
- Named ""Employee of the Month"" in [Month, Year].  
- Saved $[Amount] annually by negotiating improved rates with transportation carriers.

**Professional Experience**  

**Company Name** — Warehouse Lead  
*City, State*  
*April 2011 - Present*  
- Reduced operating budget by [Number]% and misships by [Number] through the implementation of new policies and procedures.  
- Established transportation cost standards and economical shipping practices.  
- Negotiated bulk shipping discounts with contracted carriers.  

**Company Name** — Warehouse / Support Service  
*City, State*  
*June 2008 - April 2011*  
- Evaluated operational records and adjusted scheduling to maximize efficiency.  

**Company Name** — Marketing & Event Manager  
*City, State*  
*October 2006 - June 2008*  
- Collaborated effectively in a fast-paced, cross-functional environment.  

**Company Name** — Warehouse & Logistics Manager  
*City, State*  
*September 2002 - October 2006*  
- Negotiated bulk shipping discounts with contracted carriers.  

**Education**  
**Shoreline Community College**  
*City, State*  
- Certificate of Completion in Business Software Applications, 2010  
- One quarter away from completion of Associate of Applied Arts and Sciences (in progress)  

**Skills**  
- ACT!  
- Advertising  
- Arts  
- Computer Proficiency  
- Customer Service Training  
- Mac and PC Experience  
- Access  
- Outlook  
- PowerPoint  
- Publisher  
- Word  
- Research  
- Safety  
- Sales  
- Seminars  
- TQM  ",,
39718499,INFORMATION-TECH,,True,,,{},{},0,False,False,False,"ASSISTANT FOOTBALL COACH
Summary
Enthusiastic, reliable recent graduate with academic background in business and marketing. Ability to establish priorities and meet challenges head-
on. Strong leadership and management skills. Seeking a career in the business field.
Highlights
Exceptional interpersonal communication skills, Customer service skills, Management skills, Teamwork skills, Effective leader, Organized, Highly
dependable, Fast learner, Able to work under pressure, Positive attitude and energy, Strong work ethic
Accomplishments
Utica College Football, Member Fall 2010 - Fall 2013
Participated in Division III Football for four years
Member of the first winning team in school history
Leader of the accountability program
Leadership Council, Member
Was selected based on performance as a leader on the field, in the classroom, and in the community
Met weekly with coaching staff to discuss team issues on/off the football field
Volunteer Work/Community Service
America's Greatest Heart Run & Walk Volunteer
Salvation Army Volunteer
Neighborhood clean-up
North Utica Youth Football Volunteer
Experience
03/2014 to Current
Assistant Football Coach Company Name ï¼​ City , State
Assist in the design and execution of the offensive scheme for 60+ athletes including 20 wide receivers
Prepare field with all of the necessities for practices and games
09/2010 to Current
Property Maintenance Assistant Company Name ï¼​ City , State
Distribute media equipment to classrooms
Instruct professors through the application of Microsoft and Internet services
Answer phone calls and maintain an organized office for students and professors to enter freely
Performed various maintenance duties necessary to maintain and enhance the value of residential and commercial properties
Duties included: mowing, landscaping, sealing driveways etc.
Education
Bachelor of Science : Management Utica College ï¼​ City , State , US Utica College Utica, NY Bachelor of Science May 2014 Major:
Management Concentration: Marketing GPA: 3.37/4.00
Military Experience
Company Name Salvation Army Volunteer Neighborhood clean-up North Utica Youth Football Volunteer
Professional Affiliations
Utica College Football
Skills
Audio Visual, Games, Coaching, Customer Service, Fast Learner, Receptionist, Retail Sales, Landscaping, Maintenance, Marketing

","**[Your Name]**  
[Your Address]  
[City, State, Zip]  
[Your Phone Number]  
[Your Email Address]  
[LinkedIn Profile URL]  

---

**ASSISTANT FOOTBALL COACH**

**Summary**  
Enthusiastic and dependable recent graduate with a Bachelor’s degree in Management and a concentration in Marketing. Proven ability to establish priorities and tackle challenges head-on. Possess strong leadership and management skills, with a keen interest in pursuing a career in the business field.

**Core Competencies**  
- Exceptional interpersonal communication  
- Customer service excellence  
- Strong management and teamwork skills  
- Effective leadership abilities  
- Highly organized and dependable  
- Quick learner with the ability to perform under pressure  
- Positive attitude and strong work ethic  

**Accomplishments**  
**Utica College Football**  
- Member, Fall 2010 - Fall 2013  
  - Competed in Division III Football for four years  
  - Contributed to the first winning team in the school’s history  
  - Led the accountability program  
  - Selected as a member of the Leadership Council for exemplary performance on the field, in the classroom, and in the community  
  - Collaborated weekly with coaching staff to address team-related issues both on and off the field  

**Volunteer Work / Community Service**  
- Volunteer, America’s Greatest Heart Run & Walk  
- Volunteer, Salvation Army  
- Participant, Neighborhood Clean-Up  
- Volunteer, North Utica Youth Football  

**Professional Experience**  
**Assistant Football Coach**  
[Company Name] – [City, State]  
March 2014 – Present  
- Assist in designing and executing offensive strategies for a team of over 60 athletes, including 20 wide receivers.  
- Prepare the field with all necessary equipment for practices and games.  

**Property Maintenance Assistant**  
[Company Name] – [City, State]  
September 2010 – Present  
- Distribute media equipment to classrooms and instruct professors on the use of Microsoft and internet services.  
- Maintain an organized office environment for students and faculty.  
- Perform various maintenance tasks to enhance the value of residential and commercial properties, including mowing, landscaping, and sealing driveways.  

**Education**  
**Bachelor of Science in Management**  
Utica College – Utica, NY  
May 2014  
- Concentration: Marketing  
- GPA: 3.37/4.00  

**Professional Affiliations**  
- Member, Utica College Football  

**Skills**  
- Audio Visual Equipment Management  
- Coaching and Team Leadership  
- Customer Service and Support  
- Fast Learner  
- Reception and Office Administration  
- Retail Sales  
- Landscaping and Property Maintenance  
- Marketing Strategies  

---

**References available upon request**  

[Note: Make sure to replace placeholder text like ""[Your Name]"", ""[Company Name]"", and ""[City, State]"" with your actual information.]",,
29797594,TEACHER,,True,,differentiated instruction,{},{},0,False,False,False,"TEACHER
Skills
E ducator: People skills , enthusiasti c, problem-solve r, great organizational skills , encouraging, technology savvy, eager to learn, communicates
great with colleagues and parents, sets high and clear expectations for students, eager to teach, loves to teach students how to ""love to learn"",
always looking for ways to grow as a person and educator
Education
University of Redlands 2008 Elementary Credentials : Education City , State , United States
California Baptist University 2006 Bachelor of Arts : Liberal Arts City , State , United States
Teaching Experience
Company Name Teacher
City , State
Long term substitute for fifth grade.Hired as a probationary teacher and taught second grade for two years. Became tenure and taught fifth grade
for one year. Trained as a trainer or trainees for the WRITE Institute. Grade level lead for one year. Promoted language development skills through
reading and storytelling.Applied the positive reinforcement method to redirect negative behaviors.Assisted 10 children per station during small
group learning periods during System 44 Instruction. Conducted small group and individual classroom activities based on differentiated learning
needs.Helped prepare daily lesson plans for activities and lessons.Communicated effectively with educators from various grade levels.Supported
students in developing strategies for individual needs and classroom group dynamics.Wrote daily and weekly lesson plans. Tutored after and
before school twice a week all four years.
Company Name Teacher
City , State
Taught second grade for one year. Promoted language development skills through reading and storytelling.Applied the positive reinforcement
method to redirect negative behaviors.Conducted small group and individual classroom activities based on differentiated learning needs. Tutored
after school twice a week. Organized field trips to local parks, fire stations and zoos.Helped prepare daily lesson plans for activities and
lessons.Encouraged students to be understanding of and helpful to others.Supplied one-on-one attention to each student, while maintaining overall
focus on the entire group.Physically and verbally interacted with students throughout the day to keep them engaged.Communicated effectively with
educators from various grade levels.Supported students in developing strategies for individual needs and classroom group dynamics.Wrote daily
and weekly lesson plans. Conducted family-connection home projects.
Company Name Teacher
City , State
Fourth grade teacher for two years. Looped with my fourth graders from last year and now teach fifth grade. Teach critical thinking and close
reading strategies through common core. Grade level lead for two years. Meet with the RCD team and write the math units. Tutor after school for
two years. Lead GATE students to writing our school newspaper. Apply the positive reinforcement method to redirect negative
behaviors.Conduct small group and individual classroom activities based on differentiated learning needs.Observe students to supply teachers with
feedback regarding potential learning blocks and opportunities for support.Encourage students to be understanding of and helpful to others.Supply
one-on-one attention to each student, while maintaining overall focus on the entire group.Physically and verbally interact with students throughout
the day to keep them engaged.Communicate effectively with educators from various grade levels.Support students in developing strategies for
individual needs and classroom group dynamics.Write daily and weekly lesson plans.Implement programs to encourage student participation.
Communicate with parents on a weekly basis of student progress. Assess students monthly on STAR Reading and STAR Math. Give weekly
comprehension assessments, both oral and written. Incorporate technology in the classroom, ie iPads.
Professional Development
WRITE Institute. Get Ahead Writing. English Language Development. Common Core Math. Common Core Language Arts. Combination Class
Support.
Leadership
Grade level lead for three years. Trainer of trainees for Common Core.
Trainer of trainees for the WRITE Institute. RCD unit writer at my current site.
Other Accomplishments
Last year I was asked to administer the GATE after school program. Together, the GATE identified students and I, created a school newspaper.
We named it the Jr Journal and invented five topics that would be in every issue. I helped create an outline and template that our reporters could
follow and eventually do independently. Each student chose a different topic every month and would either interview or research to write an article
for that section. They would then write a rough draft, that I would edit, and then they would type the final draft and put it into the newspaper
template. Students would also have a chance to find graphics or take pictures that fit their topic. It turned out great and we were able to publish
four issues. This will be our second year. This was a great accomplishment for me as an educator, because I love to write and was in my school
newspaper in High School. I had the chance to share a passion of mine and see students enjoy coming in after school and put their advanced
brains to work. It was such a great experience and can't wait to have that again this year.

","**[Your Name]**  
[Your Address]  
[City, State, Zip]  
[Your Phone Number]  
[Your Email Address]  

---

**TEACHER**

---

**Skills**  
- Strong interpersonal and communication skills with colleagues and parents  
- Enthusiastic and encouraging educator committed to fostering a love of learning  
- Excellent organizational abilities and problem-solving skills  
- Technology-savvy with a passion for continuous professional development  
- Ability to set high and clear expectations for students  
- Experience in differentiated instruction and supporting diverse learning needs  

---

**Education**  
**University of Redlands**  
Elementary Credentials, 2008  
City, State, United States  

**California Baptist University**  
Bachelor of Arts in Liberal Arts, 2006  
City, State, United States  

---

**Teaching Experience**  

**[Company Name]**  
**Teacher**  
City, State  
[Month, Year] – Present  
- Served as a long-term substitute for fifth grade and taught second grade for two years, achieving tenure and subsequently teaching fifth grade.  
- Trained as a facilitator for the WRITE Institute and served as grade-level lead for one year.  
- Promoted language development through reading and storytelling, utilizing positive reinforcement methods to redirect negative behaviors.  
- Conducted small group and individual activities tailored to differentiated learning needs, assisting up to 10 children per station during System 44 instruction.  
- Developed and implemented daily lesson plans, effectively communicating with educators across grade levels to support student learning strategies.  
- Provided tutoring before and after school, reinforcing concepts and skills for all four years of service.  

---

**[Company Name]**  
**Teacher**  
City, State  
[Month, Year] – [Month, Year]  
- Taught second grade, focusing on language development through engaging reading and storytelling activities.  
- Utilized positive reinforcement to manage classroom behavior and conducted differentiated instruction for small groups.  
- Organized field trips to local parks, fire stations, and zoos to enhance learning experiences.  
- Developed and implemented daily lesson plans and conducted family-connection home projects to foster community involvement.  

---

**[Company Name]**  
**Teacher**  
City, State  
[Month, Year] – [Month, Year]  
- Taught fourth grade for two years, looping with students to teach fifth grade.  
- Emphasized critical thinking and close reading strategies aligned with Common Core standards.  
- Served as grade-level lead for two years, collaborating with the RCD team to write math units and support GATE students in producing the school newspaper.  
- Conducted monthly assessments using STAR Reading and STAR Math, as well as weekly comprehension assessments.  
- Integrated technology into the classroom, utilizing iPads to enhance learning engagement.  

---

**Professional Development**  
- WRITE Institute  
- Get Ahead Writing  
- English Language Development  
- Common Core Math  
- Common Core Language Arts  
- Combination Class Support  

---

**Leadership**  
- Grade-level lead for three years  
- Trainer for Common Core and WRITE Institute initiatives  
- RCD unit writer at current site  

---

**Other Accomplishments**  
- Successfully administered the GATE after-school program, collaborating with students to create the ""Jr Journal,"" a school newspaper.  
- Developed an outline and template for student reporters, guiding them through the research and writing process, resulting in the publication of four issues.  
- Fostered a passion for writing among students, encouraging them to explore topics of interest and engage in creative expression.  

---

**References Available Upon Request**  

--- 

[Note: Replace placeholders such as ""[Your Name]"", ""[Company Name]"", and ""[Month, Year]"" with actual information before using the resume.]",,
15620421,SALES,,True,,lead generation;upselling,{},{},2,False,False,False,"CENTER SALES
Summary
Results-oriented customer service managerÂ with diverse background in management and customer service. Dedicated to providing excellent
customer service and making operational and procedural improvements.Â
Highlights
Leadership skillsÂ Exceptional motivational skills
Team management Effective agent coaching techniques
Meticulous attention to detail and superb time management skills Staff development and training
Persuasive Sound judgment
Skilled multi-tasker Computer-savvy
Scheduling Calm under pressure
Deadline-oriented Complex problem solving
Focused on customer satisfaction Process and Productivity improvement
Conflict resolution techniques Natural leader
Client relations specialist Organized
Results-oriented Unsurpassed work ethic
Experience
Center Sales , 11/2016 to Current Company Name ï¼​ City , State Answering incoming calls and helping customers with reservations, storage
payments, or any other questions they have. Identifying prospective customers using lead generating methods and setting up reservations for
various pieces of equipment.Â Field an average of 5 0 customer service calls per day. Recommend and help customers select merchandise based
on their needs. Serve as liaison between customers, store personnel and various store departments. Confirm that appropriate changes were made
to resolve customers' problems with reservations.Â Inform customers about sales and promotions in a friendly and engaging manner. Processed
up to 30 customer orders per day. Track down sources of special products and services to meet customers' special needs. Manage wide variety
of customer service and administrative tasks to resolve customer issues quickly and efficiently. I deal with some confidential information such as the
name on credit cards, the card number and expiration date, storage information, addresses, and emails.Â Completed documentation for product
and service sales. Update database with customer and sales information. Establish new customer accounts. Provide accurate and appropriate
information in response to customer inquiries. Address customer service inquiries in a timely and accurate fashion. Excelled in exceeding daily
goals. Achieved high sales percentage with consultative, value-focused customer service approach. Compute accurate sales prices for rental and
purchase transactions. Express appreciation and invite customers to return to the store.Â DevelopÂ a relationship with Â new customer
prospects or referrals. Regularly seek out opportunities to up sell and add on additional merchandise. Communicate all merchandise needs or
issues to appropriate supervisors. Generate leads for new sales through telephone contact with customers.
Manager on Duty/ Team Lead , 03/2011 to 09/2012 Company Name ï¼​ City , State
Â
Developed effective relationships with all call center departments through clear communication.Â Ran reports and supplied data to fulfill customer
report requirements. Ensured that no shift was under or overstaffed by completing daily and weekly staffing schedules according to expected
business volumes. Coordinated break and meal periods for staff according to activity levels. Directed employees through their daily routines.
Provided leadership to a team during a shift. Motivated staff to deliver better results. Monitored staff performance during a shift and addressed any
shortcomings. Mentored and trained new employees. Wrote up shift reports. Made sure that all staff were properly dressed and enforced
grooming and appearance standards. Ensured the correct staffing levels for each shift. Completed payroll records and ensured that all staff files
were up to date. Being involved in and contributing to team meetings. Making sure that all staff had the basic skills training needed to perform their
jobs. Worked with upper management to ensure appropriate changes were made to improve customer satisfaction. Monitored the daily activities
of 10-40Â customer support team members. Interviewed, hired and trained new quality customer service representatives. Provided a high level of
product and leadership support to representatives and clients. Effectively communicated with team members to maintain clearly defined
expectations.â€‹
Receptionist/ Office Clerk , 07/2007 to 09/2008 Company Name ï¼​ City , State
Â
Planned travel arrangements for 15-20 Â staff. Managed the receptionist area, including greeting visitors and responding to telephone and in-
person requests for information. Maintained the front desk and reception area in a neat and organized fashion. Â Designed electronic file systems
and maintained electronic and paper files. Made copies, sent faxes and handled all incoming and outgoing correspondence. Organized files,
developed spreadsheets, faxed reports and scanned documents. Â
Receptionist , 10/2004 to 08/2005 Company Name ï¼​ City , State Received and screened a high volume of internal and external communications,
including email and mail. Managed daily office operations and maintenance of equipment. Created and maintained spreadsheets using advanced
Excel functions and calculations to develop reports and lists. Received and distributed faxes and mail in a timely manner. Properly routed
agreements, contracts and invoices through the signature process. Organized files, developed spreadsheets, faxed reports and scanned documents.
Posted open positions on company and social media websites. Made copies, sent faxes and handled all incoming and outgoing correspondence.
Supplied key cards and building access to employees and visitors. Dispersed incoming mail to correct recipients throughout the office. Wrote
reports and correspondence from dictation and handwritten notes. Planned meetings and prepared conference rooms. Served as central point of
contact for all outside vendors needing to gain access to the building. Maintained the front desk and reception area in a neat and organized fashion.
Managed the receptionist area, including greeting visitors and responding to telephone and in-person requests for information. Designed electronic
file systems and maintained electronic and paper files.
Payoff Specialist , 12/2001 to 06/2003 Company Name ï¼​ City , State

Responsible for filling out credit applications for customers interested in refinancing their automobile loans. Answered any questions in reference to
the refinancing process. Transferred calls to the appropriate party when needed.
When I worked in the payoff department I had the responsibility of calling financial institutions and getting the payoff amount of the customer's
current vehicle loan. Generating reports with the payoff information for the loan officers. Assisting loan officers as needed with overflow calls and
any other work they needed done.
child care provider/ manager , 06/1998 to 11/2001 Company Name ï¼​ City , State
I was responsible for the care of children, making their lunches, dropping them off and picking them up from school, planning daily activities and
learning time for them, handing out paychecks to employees at the end of the week, making sure parents had their payments in on time, going
through the children's folders to make sure all paper work was up to date and filled out correctly, giving tours of the facility to prospective parents,
and making sure the facility was clean and locked up at the end of the work day.
Education
High School Diploma : general , 2000 John F Hodge High ï¼​ City , State , USA Coursework in Marketing, Business Management and
Communications.Â Member of Â Debate and Speech Clubs.Â Student government representative.Â Data Entry Office Assistant Certificate.Â
Languages
Fluent English reading and writing
Technical Skills and Qualifications
Microsoft Word, Excel, Power Point, Outlook

","**CENTER SALES**

**Summary**  
Results-oriented customer service manager with a diverse background in management and customer service. Committed to delivering exceptional customer experiences and implementing operational improvements.

**Highlights**  
- Strong leadership and motivational skills  
- Effective team management and coaching techniques  
- Meticulous attention to detail and excellent time management  
- Proficient in staff development and training  
- Persuasive communicator with sound judgment  
- Skilled multi-tasker and computer-savvy  
- Calm under pressure and deadline-oriented  
- Expertise in complex problem-solving and conflict resolution  
- Focused on customer satisfaction and process improvement  
- Natural leader with outstanding organizational skills  
- Results-driven with an exceptional work ethic  

**Experience**  

**Center Sales**  
*Company Name, City, State*  
*November 2016 – Present*  
- Handle incoming calls to assist customers with reservations, storage payments, and inquiries, averaging 50 customer service calls daily.  
- Identify prospective customers through lead generation and set up reservations for various equipment.  
- Recommend merchandise based on customer needs and serve as a liaison between customers and store personnel.  
- Resolve customer issues by confirming appropriate changes to reservations and providing timely updates.  
- Inform customers about sales and promotions in an engaging manner, processing up to 30 customer orders daily.  
- Track down special products and services to meet unique customer requirements.  
- Manage a variety of customer service and administrative tasks to ensure quick and efficient resolution of issues.  
- Handle confidential information, including credit card details and personal data, with discretion.  
- Maintain accurate records by updating the database with customer and sales information and establishing new customer accounts.  
- Consistently exceed daily sales goals through a consultative, value-focused customer service approach.  
- Foster relationships with new customer prospects and seek opportunities for upselling additional merchandise.  

**Manager on Duty / Team Lead**  
*Company Name, City, State*  
*March 2011 – September 2012*  
- Developed effective relationships across call center departments through clear communication and collaboration.  
- Managed staffing schedules to ensure optimal coverage based on business volume, coordinating breaks and meal periods accordingly.  
- Provided leadership and motivation to a team of 10-40 customer support representatives, monitoring performance and addressing any shortcomings.  
- Mentored and trained new employees, ensuring they received the necessary skills to perform effectively.  
- Completed payroll records and maintained up-to-date staff files, contributing to team meetings and discussions on customer satisfaction improvements.  

**Receptionist / Office Clerk**  
*Company Name, City, State*  
*July 2007 – September 2008*  
- Planned travel arrangements for 15-20 staff members and managed the receptionist area, greeting visitors and responding to inquiries.  
- Maintained an organized front desk and electronic filing systems, handling correspondence and office operations efficiently.  
- Developed spreadsheets and reports using advanced Excel functions, ensuring timely distribution of information.  

**Receptionist**  
*Company Name, City, State*  
*October 2004 – August 2005*  
- Managed a high volume of internal and external communications, overseeing daily office operations and equipment maintenance.  
- Created and maintained spreadsheets for reporting purposes, organized files, and handled incoming and outgoing correspondence.  
- Served as the central point of contact for vendors and maintained a neat and organized reception area.  

**Payoff Specialist**  
*Company Name, City, State*  
*December 2001 – June 2003*  
- Assisted customers with credit applications for refinancing automobile loans and addressed inquiries regarding the refinancing process.  
- Coordinated with financial institutions to obtain payoff amounts for vehicle loans, generating reports for loan officers.  

**Child Care Provider / Manager**  
*Company Name, City, State*  
*June 1998 – November 2001*  
- Managed the care of children, including meal preparation, transportation, and daily activity planning.  
- Oversaw employee payroll and ensured timely payments from parents, maintaining accurate records of children's paperwork.  
- Conducted facility tours for prospective parents and ensured a clean and secure environment at the end of each workday.  

**Education**  
**High School Diploma**  
*John F. Hodge High, City, State, USA*  
*Graduated 2000*  
- Coursework in Marketing, Business Management, and Communications.  
- Member of Debate and Speech Clubs; served as a student government representative.  
- Earned a Data Entry Office Assistant Certificate.  

**Languages**  
- Fluent in English (reading and writing)  

**Technical Skills**  
- Proficient in Microsoft Word, Excel, PowerPoint, and Outlook  ",,
69487178,FINANCE,,True,,financial analysis,{},{},0,False,False,False,"FINANCE DIRECTOR AND TREASURER
Professional Summary
Skills
Exceptional interpersonal communication Fiscal budgeting
Effective leader Customer service-oriented
Project management Team building
Financial management Human resources management
Work History
Finance Director and Treasurer , 09/1998 to 09/2008
Company Name â€“ City , State
Supervise all units in the Finance Department including revenue, budget, purchasing, general ledger accounting, accounts payable and
receivable, payroll and utility billing.
Direct the treasury functions for the City and South County Regional Wastewater Authority (SCRWA), including the preparation and
review of periodic investment reports and the oversight of the City's investment portfolio.
Performed qualitative and quantitative analysis of alternatives for addressing the City's unfunded pension liability.
Review of retroactive payroll calculations for fire, safety and exempt personnel.
Coordinate the financial audit.
Direct the preparation and comprehensive review of the annual City financial report, SCRWA financial report and the Transportation
Development Act report.
Review of routine and one-time journal entries, while concluding whether the accounting used was in accordance with governmental
accounting standards.
Search for potential grants for all departments.
Preparation of several operating budgets.
Assist in the management and maintenance of public facility and pass-through bonds.
Partnered successfully with [departments, clients] to produce [positive outcome] .
Initiated rollout of new enterprise software solution for sales reporting.
Trained, coached and mentored staff to ensure smooth adoption of new program.
Financial Services Officer/Budget Officer , 10/1997 to 09/1998
Company Name â€“ City , State
Management of fiscal duties, provision of complex staff assistance to esponsible for all SEC and external financial reporting for Calpine
Corporation.
Extensive direct experience with the SEC, including correspondences and conference calls with the Division of Corporation Finance, the
Office of the Chief Accountant and the Division of Enforcement.
Designed, implemented and managed the Sarbanes-Oxley program for the Company's SEC reporting, including controls documentation and
coordination with internal and external auditors.
Lead role in public filings of senior notes, convertible debt, zero-coupon debentures, lease obligation bonds and equity.
Total deal experience of approximately $20 billion.
Author and file Forms 10-K, 10-Q, 8-K and related 1934 Act forms.
Ensure compliance with international filing requirements.
Review stand-alone financial statements for subsidiaries, including an SEC registrant.
Assist management in preparing for quarterly analyst calls with comprehensive financial and operating information.
Draft quarterly earnings releases and review power point presentations for analyst call presentations.
Calculation of earnings per share and other key financial measures on a monthly basis.
Support Investor Relations and Public Relations in answering financial questions from institutional and retail investors and the media.
Research sensitive accounting issues and provide technical support to corporate accounting group and to regional controllers.
Frequent interface with Legal, Human Resources, Financial Planning and Analysis and Treasury/Compliance.
Primary contact with external auditors for comfort letters for securities offerings.
Management of accounting for interest rate swaps under SFAS 133.
Responsible for ensuring consistency of application of capitalized interest under SFAS 34.
Responsible for Stock Administration.
Senior Auditor , 01/1997 to 03/2000
Company Name â€“ City , State
Client base included
Education
MBA : Business , 2001
California Polytechnic - City , State
GPA: Summa Cum Laude
Certified Public Accountant, California California Society of Municipal Financial Officers Member Finance Committee, South Valley Community

Church- Gilroy, CA Treasurer, Las Madres - Gilroy, CA :
Bachelor of Science : Accounting , 2000
California Polytechnic - City , State
Skills
accounting, Accountant, accounts payable, analyst, approach, billing, bonds, budgets, budget, CA, hardware, Certified Public Accountant, Client,
documentation, equity, filing, Finance, Financial, Financial Planning and Analysis, financial reporting, financial statements, Forms, general ledger,
grants, Human Resources, Investor Relations, Legal, letters, notes, mergers and acquisitions, Office, power point, payroll, personnel,
presentations, Public Relations, purchasing, quantitative analysis, reporting, Research, retail, safety, Sarbanes-Oxley, securities, swaps, technical
support, Transportation, Treasury, venture capital, Author

","**FINANCE DIRECTOR AND TREASURER**

**Professional Summary**  
Dynamic Finance Director and Treasurer with over a decade of experience in financial management, budgeting, and treasury functions. Proven track record in leading finance teams, optimizing financial processes, and ensuring compliance with governmental standards. Strong communicator and effective leader with a commitment to fostering collaboration across departments to achieve organizational goals.

**Core Skills**  
- Exceptional Interpersonal Communication  
- Fiscal Budgeting  
- Effective Leadership  
- Customer Service Orientation  
- Project Management  
- Team Building  
- Financial Management  
- Human Resources Management  

**Professional Experience**  

**Finance Director and Treasurer**  
Company Name – City, State  
09/1998 to 09/2008  
- Supervised all units within the Finance Department, including revenue, budget, purchasing, general ledger accounting, accounts payable and receivable, payroll, and utility billing.  
- Directed treasury functions for the City and South County Regional Wastewater Authority (SCRWA), overseeing the preparation and review of periodic investment reports and managing the City's investment portfolio.  
- Conducted qualitative and quantitative analyses to address the City's unfunded pension liability.  
- Reviewed retroactive payroll calculations for fire, safety, and exempt personnel, ensuring accuracy and compliance.  
- Coordinated financial audits and directed the preparation of comprehensive annual financial reports for the City, SCRWA, and the Transportation Development Act.  
- Evaluated routine and one-time journal entries for compliance with governmental accounting standards.  
- Searched for potential grants across all departments, enhancing funding opportunities.  
- Prepared multiple operating budgets and assisted in managing public facility and pass-through bonds.  
- Collaborated with various departments to achieve positive outcomes, including the successful rollout of a new enterprise software solution for sales reporting.  
- Trained, coached, and mentored staff to facilitate the smooth adoption of new programs.

**Financial Services Officer/Budget Officer**  
Company Name – City, State  
10/1997 to 09/1998  
- Managed fiscal duties and provided complex staff assistance, ensuring compliance with SEC and external financial reporting for Calpine Corporation.  
- Gained extensive experience in SEC interactions, including correspondences and conference calls with the Division of Corporation Finance, the Office of the Chief Accountant, and the Division of Enforcement.  
- Designed, implemented, and managed the Sarbanes-Oxley program for SEC reporting, including controls documentation and coordination with internal and external auditors.  
- Played a lead role in public filings of senior notes, convertible debt, zero-coupon debentures, lease obligation bonds, and equity, with total deal experience exceeding $20 billion.  
- Authored and filed Forms 10-K, 10-Q, 8-K, and related 1934 Act forms, ensuring compliance with international filing requirements.  
- Reviewed stand-alone financial statements for subsidiaries and assisted management in preparing for quarterly analyst calls with comprehensive financial and operational information.  
- Drafted quarterly earnings releases and reviewed PowerPoint presentations for analyst calls.  
- Calculated earnings per share and other key financial metrics on a monthly basis.  
- Supported Investor Relations and Public Relations in addressing financial inquiries from institutional and retail investors and the media.  
- Researched sensitive accounting issues and provided technical support to the corporate accounting group and regional controllers.  
- Served as the primary contact with external auditors for comfort letters related to securities offerings, managing accounting for interest rate swaps under SFAS 133 and ensuring consistency in the application of capitalized interest under SFAS 34.  
- Oversaw Stock Administration.

**Senior Auditor**  
Company Name – City, State  
01/1997 to 03/2000  
- Managed a diverse client base, delivering comprehensive auditing services and financial analysis.

**Education**  
**MBA in Business**  
California Polytechnic – City, State  
Graduated: 2001, GPA: Summa Cum Laude  

**Bachelor of Science in Accounting**  
California Polytechnic – City, State  
Graduated: 2000  

**Certifications and Affiliations**  
- Certified Public Accountant, California  
- Member, California Society of Municipal Financial Officers  
- Finance Committee Member, South Valley Community Church – Gilroy, CA  
- Treasurer, Las Madres – Gilroy, CA  

**Technical Skills**  
- Financial Reporting  
- Budgeting and Forecasting  
- Grant Research and Management  
- Financial Planning and Analysis  
- SEC Compliance and Reporting  
- Accounting Software Proficiency  
- Microsoft Office Suite (including PowerPoint)  

This polished resume emphasizes your qualifications and achievements while improving clarity, structure, and impact.",,
63158213,BPO,,True,,,"{('date_year', 1982.0): 1}","{('multiplier', 802.1): 2, ('number', 2.0): 1, ('number', 3.0): 1, ('number', 2000.0): 1, ('number', 2003.0): 1, ('number', 1982.0): 1}",0,False,False,False,"SR. NETWORK ENGINEER
Summary
Bilingual Network Engineer offering in-depth understanding of IT infrastructure areas, particularly IT Network Design, Implementation &
Optimization of Wired & Wireless Network. Detail-oriented self-starter with demonstrated success in initiating, tracking, reporting and closing
projects.
Certifications
CCT Data Center, CCNP, CCNA, MCSE, Security +, Network +, A+
Skills
Routers: Cisco 17XX, 18XX, 26XX, 28XX, 37XX, 38XX, 39XX &72XXÂ series & ASR 1K & 9K SeriesÂ
Switches: Cisco 3550, 3750, 45XX, 65XX series, Nexus Â 5K, 2K, 7K, 9K
Load Balancer: Cisco CSS, F5Â NetworksÂ
WAN Optimization: Cisco WAAS, PPP MultilinkÂ Routing: OSPF, EIGRP, BGP, RIP-2, PBR, Route Filtering, Redistribution,Â Summarization,
Static Routing.Â
Switching: VLAN, VTP, STP, PVST+, RPVST+, Inter VLAN routing &Multi-Â Layer Switching, Multicast operations, Layer 3 Switches, Ether
channels, Transparent BridgingÂ
LAN: Ethernet, Fast Ethernet, Gigabit Ethernet, FDDI, CDDI, TokenÂ Ring, ATM LAN EmulationÂ
WAN: Leased lines 64k - 155Mb (PPP / HDLC), channelized linksÂ (E1/T1/E3/T3), Fiber Optic Circuits, Frame Relay, ISDN, and Load
Balancing.Â
Various Features & Services: IOS and Features, HSRP, GLBP, IRDP, NAT, SNMP, SYSLOG,Â NTP, DHCP, CDP, DNS, TFTP and FTP
Management.Â
IP Telephony: IP Telephony utilizing Cisco routers, FXO/FXS/E&M/T1/ISDN/Â PRI, Call manager (publisher & subscriber)Â AAA
Architecture: TACACS+, RADIUS, Cisco ACS.Â
Security / Firewalls: Cisco ASA Firewalls 55XX, IPSEC & SSL VPNs, IPS/IDS, DMZÂ Setup, CBAC, Cisco NAC, ACL, IOS Firewall
features, IOS Setup & Security FeaturesÂ
Juniper: EX 2200, EX 4200, EX 4500, MX-480, M Series, SRX210,Â SRX240
VPN: Remote VPN & Site to Site VPN, DMVPN
Wireless Site assessment using AirMagnet & Ekahua Adaptors.â€‹
Installation, configuration and maintenance of Palo Alto Firewalls.Â
â€‹
Work Experience
Sr. Network Engineer Sep 2014 to Jul 2017
Company Name ï¼​ City , State
Implementation of VLANs with InterVLAN communicationÂ
Implementation of HSRP, VRRP and GLBP redundant routing protocols
Configuration of MPLS, BGP and EIGRP
Installation and configuration of Layer 3 Switching infrastructure
Installation and configuration of MPLS WAN routers
Cisco Call Manager and Unity Connection versions 7.1 and 8.6 administration.
Cisco Call Manager and Unity Connection operating system upgrades and installationÂ
TACACS+ configuration and administration of all network devices using for authentication, authorization and accounting
Manage incidents, Change Management and projects with System Center Service Manager
Monitor Active Directory servers and all Cisco network devices with System Center Operations Manager
Implementation and management of Cisco Prime Network Control System for wireless network
Implementation and management of Cisco Mobility Service Engine for wireless network
Sr. Network Engineer Nov 2011 to Aug 2014
Company Name ï¼​ City , State
Responsible for maintaining network with over 5000 users.Â
Experienced with troubleshooting of network issues in layers 1, 2, and 3.Â
Experienced with Vlan assignment, on both Cisco and Brocade devices. 802.1x and Mab configurations.Â
Experienced with troubleshooting issues with both Cisco and Brocade switches/routers.Â
Experienced with trouble shooting Spanning Tree issues that may occur during and after hours.Â
Responsible for setup and install of switches and routers. Includes Configuration and Hardening for both Cisco and Brocade.Â
Responsible for activating user, printer, VTC ports and troubleshooting link inactivity on a daily basis, as well as issues with 802.1x, MAB
issues, port-channeling, link-aggregation, VTP issues, RSA Key issues.Â
Used Knowledge base to find solutions for issues that arose with customers networks using Pro-series network program running on
Windows Server 2000 and Windows Server 2003 R2.Â
Communicated with team members to successfully keep customer downtime to a minimum.Â
Experienced with troubleshooting of network issues in layers 1, 2, and 3.Â
Experienced with Vlan assignment, on both Cisco and Brocade devices. 802.1x and Mab configurations.Â
Responsible for setup and install of switches and routers. Includes Configuration and Hardening for Cisco.

Network Engineer Feb 2003 to Aug 2009
Company Name ï¼​ City , State
Connected switches using trunk links and Ether Channel
Responsible for maintenance and utilization of VLANs, Spanning-tree, HSRP, VTP of the switched multilayer backbone with catalyst
switches
Implemented redundant Load balancing technique with Internet applications for switches and routers.
Support Network Technicians as they require training & support for problem resolution including performing diagnostics, & configuring
network devices
Used Network Monitoring tool to manage, monitor and troubleshoot the network
Configured Cisco IOS Feature Set, NAT and Simple Network Management Protocol (SNMP) for Network Security implementation
Received inbound calls of technical nature, independently resolved customer complaints, concerns and inquiries regarding their Internet
connection
Troubleshoot a wide range of technical support issues and connectivity problems such as authentication, connection speed, e-mail
configuration, and loss of synchronization
Experience in new employee mentoring, training and coachingÂ
Education
MBA , IT 2011 London School of Accountancy & Management ï¼​ City , United Kingdom
PGDMS , Management 2010 London School of Accountancy & Management ï¼​ City , UK
Associate of Science , Science 2001 Rizvi College of Arts, Science & Commerce ï¼​ City , State , India
Personal Information
Authorized to work in the US for any employer
Place of Birth: Hyderabad, India
Date of Birth: 1st of November, 1982
Present Resident in Birmingham, AL
Sex: Male
Status: Married
Hobbies: International Travel, Driving, Cooking, Movies, Music, Dinning Out.

","**[Your Name]**  
[Your Address]  
[City, State, Zip]  
[Your Phone Number]  
[Your Email Address]  
[LinkedIn Profile URL]  

---

**SR. NETWORK ENGINEER**  

---

**Summary**  
Bilingual Network Engineer with extensive expertise in IT infrastructure, specializing in the design, implementation, and optimization of wired and wireless networks. A detail-oriented self-starter with a proven track record of successfully initiating, tracking, reporting, and closing projects.

---

**Certifications**  
- CCT Data Center  
- CCNP  
- CCNA  
- MCSE  
- Security+  
- Network+  
- A+  

---

**Technical Skills**  

**Routing Protocols:**  
- OSPF, EIGRP, BGP, RIP-2, PBR, Route Filtering, Redistribution, Summarization, Static Routing  

**Switching Technologies:**  
- VLAN, VTP, STP, PVST+, RPVST+, Inter-VLAN Routing, Multi-Layer Switching, Multicast Operations, Layer 3 Switching, EtherChannels, Transparent Bridging  

**Routers:**  
- Cisco 17XX, 18XX, 26XX, 28XX, 37XX, 38XX, 39XX, 72XX Series, ASR 1K & 9K Series  

**Switches:**  
- Cisco 3550, 3750, 45XX, 65XX Series, Nexus 2K, 5K, 7K, 9K  

**Load Balancers:**  
- Cisco CSS, F5 Networks  

**WAN Optimization:**  
- Cisco WAAS, PPP Multilink  

**LAN Technologies:**  
- Ethernet, Fast Ethernet, Gigabit Ethernet, FDDI, CDDI, Token Ring, ATM LAN Emulation  

**WAN Technologies:**  
- Leased Lines (64k - 155Mb), Channelized Links (E1/T1/E3/T3), Fiber Optic Circuits, Frame Relay, ISDN, Load Balancing  

**Network Management Features:**  
- IOS Features, HSRP, GLBP, IRDP, NAT, SNMP, SYSLOG, NTP, DHCP, CDP, DNS, TFTP, FTP  

**IP Telephony:**  
- Cisco Routers, FXO/FXS/E&M/T1/ISDN/PRI, Call Manager (Publisher & Subscriber)  

**Security & Firewalls:**  
- Cisco ASA Firewalls (55XX), IPSEC & SSL VPNs, IPS/IDS, DMZ Setup, CBAC, Cisco NAC, ACL, IOS Firewall Features  

**Juniper Devices:**  
- EX 2200, EX 4200, EX 4500, MX-480, M Series, SRX210, SRX240  

**VPN Technologies:**  
- Remote VPN, Site-to-Site VPN, DMVPN  

**Wireless Technologies:**  
- Wireless Site Assessment using AirMagnet & Ekahau Adapters  
- Installation, configuration, and maintenance of Palo Alto Firewalls  

---

**Professional Experience**  

**Sr. Network Engineer**  
[Company Name] – [City, State]  
September 2014 – July 2017  
- Implemented VLANs with Inter-VLAN communication to enhance network segmentation and performance.  
- Configured HSRP, VRRP, and GLBP for redundant routing protocols, ensuring high availability.  
- Managed MPLS configurations, including BGP and EIGRP, for efficient data routing.  
- Installed and configured Layer 3 switching infrastructure and MPLS WAN routers.  
- Administered Cisco Call Manager and Unity Connection (versions 7.1 and 8.6), including system upgrades.  
- Configured TACACS+ for authentication, authorization, and accounting across all network devices.  
- Oversaw incident and change management using System Center Service Manager.  
- Monitored Active Directory servers and Cisco network devices with System Center Operations Manager.  
- Managed Cisco Prime Network Control System and Cisco Mobility Service Engine for wireless networks.  

---

**Sr. Network Engineer**  
[Company Name] – [City, State]  
November 2011 – August 2014  
- Maintained a robust network infrastructure supporting over 5,000 users.  
- Troubleshot network issues across layers 1, 2, and 3, ensuring minimal downtime.  
- Assigned VLANs on both Cisco and Brocade devices, implementing 802.1x and MAB configurations.  
- Conducted setup and installation of switches and routers, including configuration and hardening.  
- Activated user, printer, and VTC ports, addressing link inactivity and related issues daily.  
- Utilized knowledge base resources to resolve customer network issues effectively.  
- Collaborated with team members to minimize customer downtime during troubleshooting.  

---

**Network Engineer**  
[Company Name] – [City, State]  
February 2003 – August 2009  
- Established trunk links and EtherChannel connections between switches.  
- Maintained VLANs, Spanning Tree Protocol, HSRP, and VTP for a multilayer switched backbone.  
- Implemented load balancing techniques for internet applications across switches and routers.  
- Provided training and support to Network Technicians for diagnostics and device configuration.  
- Utilized network monitoring tools to manage and troubleshoot network performance.  
- Configured Cisco IOS features, NAT, and SNMP for enhanced network security.  
- Resolved a wide range of technical support issues, including authentication and connectivity problems.  
- Mentored and trained new employees in network operations and support.  

---

**Education**  
**MBA in IT**  
London School of Accountancy & Management, [City, United Kingdom] – 2011  

**PGDMS in Management**  
London School of Accountancy & Management, [City, UK] – 2010  

**Associate of Science in Science**  
Rizvi College of Arts, Science & Commerce, [City, State, India] – 2001  

---

**Personal Information**  
- Authorized to work in the US for any employer  
- Place of Birth: Hyderabad, India  
- Date of Birth: November 1, 1982  
- Current Residence: Birmingham, AL  
- Status: Married  

---

**Hobbies**  
International travel, driving, cooking, movies, music, dining out.  

--- 

**References available upon request.**",,
35302620,FITNESS,,True,,,{},{},0,False,False,False,"BRANCH MANAGER
Summary
More than 5 years successful experience in customer service and support with recognized strengths in account maintenance, problem-solving and
trouble-shooting, sales staff support, and planning/implementing proactive procedures and systems to avoid problems in the first place. Ability to
work in partnership, with leaders and different partners within the company. Bilingual Professional, able to speak Spanish and English fluently.
Ability to train, motivate, and supervise customer sales & service employees. Ability to multitask within fast paced environments Capable of
administrating high budgets while producing profits and raising company standards. Synopsis of Achievements Increased traffic and customer
retention by 10%. Developed great working relationships with co-workers and peers, which resulted in great team engagement and success.
Proactive planning led to notable increase in drive and efficacy in my team. Consistently recognize as Top performer in the top 10% of company.
Utilized the tools provided to audit customer satisfaction and raise standards. Exceeded expectations and raised the bar as a Manager of Retro
Fitness by administrating to company standards and implementing improved techniques.
Accomplishments
Achievements Alpha Phi Sigma, Rutgers School of Criminal Justice Dean's List, Rutgers Newark
Experience
Branch Manager , 01/2015 Company Name ï¼​ City , State
Work closely in partnership with Owners of the business in coaching peer leaders in the customer experience in serving as the face of company in
the community
â€¢Market and promote the gym center to increase the number of members
â€¢ Oversee the recruitment, training, and monitoring of staff, including
disciplinary action when needed
â€¢ Financial management: track all income and expenditures, balance safe, set goals
for each month, refer delinquent accounts, and create monthly reports, worked as accounts payable and receiver.
â€¢ Respond to and resolve complaints and incidents
â€¢ Reinforce club policies, including all cancellations/revocations of memberships, acting as the final decision-maker in all member service
problems that may arise
Skills Used
Lead with ethics, integrity and embrace diversity and inclusion.
Possessed in-depth knowledge about products and systems, model behavior, coach the team to success, and use initiative and good judgment to
manage the store's budget and lead the store to achieve projected results.
Success including hiring, coaching, training, and developing all store team members to achieve consistently high performance objectives.
Follow all polices as determined by the board of directors.
Prepare documentation and reports on routine customer correspondence for future reference purpose.
Manager , 01/2014 to 01/2015 Company Name ï¼​ City , State
Increased traffic and customer retention by 10%.
Developed great working relationships with co-workers and peers, which resulted in great team engagement and success.
Proactive planning led to notable increase in drive and efficacy in my team.
Consistently recognize as Top performer in the top 10% of company.
Utilized the tools provided to audit customer satisfaction and raise standards.
Exceeded expectations and raised the bar as a Manager of Retro Fitness by administrating to company standards and implementing improved
techniques.
Recruited and interviewed qualified candidates for open positions, placed qualified candidates on assignment. Held full responsibility for
accounting, finance, and budget operations. Created promotional materials to advertise organization and promote growth. Maintained personal

rapport and win-win relationships with vendors, members, and customers.
Skills Used
Implementing change effectively.
Strong People Management skills.
Excellent mentoring and motivational skills.
Extensive product knowledge.
Financially and commercially aware.
Customer Service Specialist , 05/2012 to 12/2013 Company Name ï¼​ City , State
Ensure to provide excellent customer service through phone, e-mail, chat, etc. in timely and accurate manner.
Serve as liaison between customer support team, management and customer to improve customer service and business productivity.
Assisted the Duty Manager in maintaining the gym: Checking inventory, counting register, administering payments from members
Solicited and received feedback to improve the efficiency of services
Assist in training peers on improving customer support service.
Provided child-sitting service to customers
Education
Bachelor of Science : Criminal Justice, Anthropology , 2014 The State University of New Jersey ï¼​ City , State , United States
GPA: 3.60/4.00
Affiliations
Cumme Laude
Achievements Alpha Phi Sigma
Rutgers School of Criminal Justice Dean's List
Languages
Bilingual Professional able to speak Spanish and English fluently. Conversational Portuguese
Skills
Accounts Payable, Audit, Budget, Budgets, Coaching, Correspondence, Delinquent Accounts, Diversity And Inclusion, Documentation, Financial
Management, Human Resources, Increase, Maintenance, Payroll, Proactive, Problem-solving, Recruitment, Sales, Sales Staff, Satisfaction, Self
Motivated, Trouble-shooting, Customer Service, Customer Support, Front Desk, Inventory, Liaison, Payments, Receptionist, Retail Sales,
Training, Account Maintenance,

","**BRANCH MANAGER**

**Summary**  
Results-driven Branch Manager with over 5 years of experience in customer service and support. Recognized for strengths in account maintenance, problem-solving, sales staff support, and the implementation of proactive procedures to prevent issues. Proven ability to collaborate effectively with leaders and partners across the organization. Bilingual professional fluent in Spanish and English, skilled in training, motivating, and supervising customer sales and service teams. Adept at multitasking in fast-paced environments and managing substantial budgets while driving profitability and enhancing company standards.

**Key Achievements**  
- Increased customer traffic and retention by 10% through strategic marketing and engagement initiatives.
- Fostered strong working relationships with colleagues, enhancing team engagement and overall success.
- Proactive planning led to significant improvements in team performance and morale.
- Consistently recognized as a top performer, ranking in the top 10% of the company.
- Utilized customer satisfaction tools to elevate service standards and exceed expectations as the Manager of Retro Fitness.

**Professional Experience**  

**Branch Manager**  
Company Name, City, State | January 2015 - Present  
- Collaborate closely with business owners to coach peer leaders on delivering exceptional customer experiences and representing the company in the community.
- Market and promote the gym to drive membership growth.
- Oversee recruitment, training, and performance monitoring of staff, including managing disciplinary actions when necessary.
- Manage financial operations, including tracking income and expenditures, balancing the safe, setting monthly goals, referring delinquent accounts, and creating monthly financial reports.
- Address and resolve customer complaints and incidents, reinforcing club policies and acting as the final decision-maker in member service issues.

**Skills Utilized**  
- Leadership grounded in ethics, integrity, and a commitment to diversity and inclusion.
- In-depth product and system knowledge to model behavior and coach the team towards success.
- Strong capabilities in hiring, coaching, training, and developing team members to consistently achieve high performance.
- Compliance with policies set by the board of directors.
- Preparation of documentation and reports on routine customer correspondence for future reference.

**Manager**  
Company Name, City, State | January 2014 - January 2015  
- Achieved a 10% increase in customer traffic and retention through effective relationship-building and proactive planning.
- Recognized as a top performer within the top 10% of the company for consistently exceeding performance metrics.
- Recruited and interviewed qualified candidates for open positions, ensuring a strong talent pipeline.
- Managed accounting, finance, and budget operations, creating promotional materials to enhance organizational visibility and growth.
- Maintained positive relationships with vendors, members, and customers to foster a collaborative environment.

**Skills Utilized**  
- Effective change implementation and strong people management skills.
- Excellent mentoring and motivational abilities.
- Extensive product knowledge and financial acumen.
- Commitment to delivering exceptional customer service.

**Customer Service Specialist**  
Company Name, City, State | May 2012 - December 2013  
- Delivered outstanding customer service through phone, email, and chat in a timely and accurate manner.
- Acted as a liaison between the customer support team, management, and customers to enhance service quality and business productivity.
- Assisted the Duty Manager with gym operations, including inventory checks, cash register management, and member payments.
- Solicited and incorporated feedback to improve service efficiency and quality.
- Assisted in training peers to enhance customer support capabilities.

**Education**  
Bachelor of Science in Criminal Justice and Anthropology  
The State University of New Jersey, City, State, United States | 2014  
GPA: 3.60/4.00  
- Graduated Cum Laude  
- Member of Alpha Phi Sigma  
- Dean's List, Rutgers School of Criminal Justice  

**Languages**  
- Bilingual in Spanish and English  
- Conversational proficiency in Portuguese  

**Core Competencies**  
Accounts Payable | Audit | Budget Management | Coaching | Customer Service | Diversity and Inclusion | Financial Management | Human Resources | Problem Solving | Recruitment | Sales | Training | Account Maintenance | Inventory Management | Customer Support | Team Leadership",,
18882984,CONSTRUCTION,,True,,,{},"{('number', 2.0): 1, ('number', 6.0): 1, ('number', 10.0): 1}",0,False,False,False,"LOAN ASSISTANT/COMMERCIAL & CONSTRUCTION REAL ESTATE/SMALL BUSINESS LOANS
Summary
To obtain a position in the Banking/Lending field with an emphasis on customer service where I can provide added value to the company and its
clients while at the same time seeking challenges to gain more knowledge and experience to further my career. 22+ years of experience in
customer service 13 years of experience in Commercial Real Estate lending 7 years of experience working with distressed/workout loans 2 years
of SBA loan experience Motivated self-starter with strong organization, communication and customer service skills
Highlights
Microsoft (Windows, Excel, Word, Outlook), Alchemy (loan file
database), M Files (loan file program), Fidelity
Ability to grow and adapt in a fast paced environment
Excellent verbal and written communication skills
Strong leadership and organizational skills
Effective time management and multi task capabilities
Experience
04/2012 to Current
Loan Assistant/Commercial & Construction Real Estate/Small Business Loans Company Name ï¼​ City , State
Primary point of contact for the customer throughout the loan closing process.
Prepare proposal letter and checklist for Borrowers for each approved new loan.
Collect and manage all necessary due diligence.
Order appraisals, environmental phase I and other reports related to each loan.
Work closely with Documentation and Disbursement teams.
Review loan documents and prepare closing package for Borrower.
Work closely with title companies - title engagement, requests, review, closings.
Manage operations procedures - process payoffs, releases, tax payments, title liens, etc.
Input, manage, track and update all ticklers in pipeline.
Loan file management and tracking of all loan file documentation.
Process Adverse Action files and denied/withdrawn paperwork for pipeline.
Process Material Change Forms for loan extensions and/or downgrades.
04/2009 to 04/2012
Loan Assistant/Loan Workout Portfolio Company Name ï¼​ City , State
Maintenance, security and sale of real estate properties obtained through foreclosure.
Managing expenses/invoices of all OREO properties.
Loan File management.
Payoffs, releases, ticklers, due diligence, taxes, title, and tracking all loan file documentation.
Workout activities including but not limited to, Foreclosure, Deed in Lieu and Short Sales.
Work directly with attorney's throughout the foreclosure process.
Process loan payments.
05/2008 to 04/2009
Assistant Vice President/Senior Lending Assistant Special Credits Company Name ï¼​ City , State
Work directly with the FDIC to resolve distressed commercial real estate loans.
Workout activities involving collateral collection, repossession, sale of OREO property and liquidation.
Order necessary reports and condition of title in preparation of Pre-Litigation Analysis.
Preparation of Pre-Litigation Referral Analysis.
Preparation of asset management cases and associated documentation.
03/2004 to 05/2008
Assistant Vice President/Commercial Real Estate Lending Assistant Company Name ï¼​ City , State
Served as the primary relationship contact for commercial real estate loan customers.
Assist with loan proposal preparation.
Complete all due diligence on all approved commercial real estate loans.
Work directly with auditors (internal and external) for quarterly in-house and annual audits.
Monitor commercial real estate loans to ensure compliance of contract terms and conditions Assist and oversee preparation of Loan
Documents Worked directly with and assist loan officers with other special projects as assigned.
05/2003 to 03/2004
Commercial Real Estate Administrative Assistant Company Name ï¼​ City , State
Customer service liaison between Loan Officers and customers.
Preparation of loan documentation including closing and funding of loan proceeds.
Calculation of loan amounts and set up of new loan worksheets.

Loan Payments - quoted loan payoffs, received and processed incoming loan payments.
Set up of all loan files including ticklers.
Loan File management.
06/1998 to 03/2003
Store/Area Manager Company Name ï¼​ City , State
Customer Service Developed, implemented and managed programs to achieve retail objectives regarding sales, revenue, expenses,
inventory control and customer service.
Trained, supervised, motivated and evaluated a staff of 6-10 employees.
Facilitated individual goal setting and conducted performance evaluations.
11/1994 to 06/1998
Store Manager Company Name ï¼​ City , State
Developed, implemented and managed programs to achieve retail objectives regarding sales, revenue, expenses, inventory control and
customer service.
Directed recruitment and retention of staff.
Trained, supervised, motivated and evaluated a staff of 6-10 employees.
Facilitated individual goal setting and conducted performance evaluations.
Coached sales teams to ensure sales quotas were achieved.
Education
2011
Certificate of successful completion of Nursing Assistant program (NUR158) : Anatomy/Physiology and Psychology Paradise Valley Community
College ï¼​ City , State Anatomy/Physiology and Psychology
2000
Certificate of Fashion Display & Coordination : Business, Accounting and Marketing Saddleback Community College ï¼​ City , State Business,
Accounting and Marketing
1988
Diploma Laguna Hills High School ï¼​ City , State
2007
- Successful completion of Financial Analyst and Tax Analysis preparation course
Skills
asset management, attorney, closing, Excellent customer service, Customer Service, data entry, database, Documentation, due diligence, Fashion,
fast, File management, Financial Analyst, Forms, goal setting, inventory control, leadership, Litigation, loan documentation, Managing, Excel,
Outlook, Windows, Word, Nursing, organizational skills, proposal, proposal preparation, real estate, recruitment, retail, Sales, Tax, taxes, time
management, written communication skills

","**[Your Name]**  
[Your Address]  
[City, State, Zip]  
[Your Phone Number]  
[Your Email Address]  
[LinkedIn Profile URL]  

---

**LOAN ASSISTANT | COMMERCIAL & CONSTRUCTION REAL ESTATE | SMALL BUSINESS LOANS**  

---

**Professional Summary**  
Dedicated banking and lending professional with over 22 years of customer service experience, including 13 years in commercial real estate lending and 7 years specializing in distressed and workout loans. Proven ability to enhance client relationships while managing complex loan processes. Seeking a position that emphasizes customer service and offers opportunities for professional growth. Highly organized self-starter with exceptional communication and leadership skills.

---

**Core Competencies**  
- Proficient in Microsoft Office Suite (Excel, Word, Outlook), Alchemy, M Files, and Fidelity  
- Adaptable to fast-paced environments  
- Strong verbal and written communication skills  
- Excellent leadership and organizational abilities  
- Effective time management and multitasking capabilities  

---

**Professional Experience**  

**Loan Assistant | Commercial & Construction Real Estate | Small Business Loans**  
*Company Name, City, State*  
*April 2012 - Present*  
- Serve as the primary point of contact for customers throughout the loan closing process.  
- Prepare proposal letters and checklists for borrowers on approved loans.  
- Collect and manage all necessary due diligence documentation.  
- Order appraisals, environmental assessments, and other reports related to each loan.  
- Collaborate with Documentation and Disbursement teams to ensure seamless loan processing.  
- Review loan documents and prepare closing packages for borrowers.  
- Coordinate with title companies for title engagement, requests, reviews, and closings.  
- Manage operational procedures, including processing payoffs, releases, tax payments, and title liens.  
- Input, manage, and track all ticklers in the loan pipeline.  
- Oversee loan file management and documentation tracking.  
- Process Adverse Action files and manage denied/withdrawn paperwork.  
- Handle Material Change Forms for loan extensions and downgrades.  

**Loan Assistant | Loan Workout Portfolio**  
*Company Name, City, State*  
*April 2009 - April 2012*  
- Managed maintenance, security, and sale of real estate properties obtained through foreclosure.  
- Oversaw expenses and invoices for all OREO properties.  
- Conducted loan file management, including payoffs, releases, and due diligence.  
- Engaged in workout activities, including foreclosure, deed in lieu, and short sales.  
- Collaborated with attorneys throughout the foreclosure process.  
- Processed loan payments efficiently.  

**Assistant Vice President | Senior Lending Assistant | Special Credits**  
*Company Name, City, State*  
*May 2008 - April 2009*  
- Worked directly with the FDIC to resolve distressed commercial real estate loans.  
- Managed workout activities involving collateral collection, repossession, and liquidation of OREO properties.  
- Ordered necessary reports and assessed title conditions for pre-litigation analysis.  
- Prepared pre-litigation referral analyses and asset management case documentation.  

**Assistant Vice President | Commercial Real Estate Lending Assistant**  
*Company Name, City, State*  
*March 2004 - May 2008*  
- Acted as the primary relationship contact for commercial real estate loan customers.  
- Assisted in loan proposal preparation and completed due diligence for approved loans.  
- Collaborated with internal and external auditors for quarterly and annual audits.  
- Monitored compliance with contract terms and conditions for commercial real estate loans.  
- Supported loan document preparation and assisted loan officers with special projects.  

**Commercial Real Estate Administrative Assistant**  
*Company Name, City, State*  
*May 2003 - March 2004*  
- Served as the customer service liaison between loan officers and clients.  
- Prepared loan documentation, including closing and funding processes.  
- Calculated loan amounts and established new loan worksheets.  
- Managed loan payments and processed incoming loan transactions.  

**Store/Area Manager**  
*Company Name, City, State*  
*June 1998 - March 2003*  
- Developed and managed programs to achieve retail objectives in sales, revenue, expenses, and customer service.  
- Trained, supervised, and evaluated a team of 6-10 employees.  
- Facilitated individual goal setting and conducted performance evaluations.  

**Store Manager**  
*Company Name, City, State*  
*November 1994 - June 1998*  
- Implemented retail programs to meet sales and customer service objectives.  
- Directed recruitment and retention efforts for staff.  
- Trained and motivated employees to achieve sales quotas.  

---

**Education**  

**Certificate in Nursing Assistant Program (NUR158)**  
Paradise Valley Community College, City, State  
*2011*  

**Certificate in Fashion Display & Coordination**  
Saddleback Community College, City, State  
*2000*  

**High School Diploma**  
Laguna Hills High School, City, State  
*1988*  

**Financial Analyst and Tax Analysis Preparation Course**  
*Completed in 2007*  

---

**Skills**  
Asset Management | Loan Documentation | Customer Service | Data Entry | Due Diligence | Financial Analysis | Inventory Control | Leadership | Time Management | Written Communication  

---

*References available upon request.*",,
12632728,BUSINESS-DEV,,True,,,{},{},0,False,False,False,,Of course! Please provide the content of the resume you'd like me to polish.,,
25061645,DESIGNER,,True,,,{},{},0,False,False,False,"GRAPHIC DESIGNER
Summary
A graphic designer, who is creative and detail-oriented; who thinks a lot, but wants to make things clear and simple. ""Simple without loss of
information,"" is my style. ""Pay attention and be accurate to each pixel"" is the phrase I will always keep in mind during my design career. Right now
I'm looking for a suitable position in a company that has a team of pleasant, experienced designers and a working environment, which allows
people to grow and succeed.
Highlights
Adobe Creative Suite (Illustrator, Photoshop, InDesign), and CorelDraw
Working knowledge of web design applications Dreamweaver, HTML and CSS
Skilled in Microsoft Office Suite
Experience of working with branding, digital prints, webpage design, typography, packaging, and printmaking
Member of Springfield Art Association
Experience
Graphic Designer 08/2014 to 08/2015 Company Name City , State
Designed webpage layout, logos, related images.
Manager Assistant / Graphic Designer 07/2014 to Current Company Name City , State
Provide numerous services to Chinese clients requiring US-based assistance, including: - Facilitating real estate transactions and property
management - Due diligence and assistance with EB-5 visa projects and applications - Do translation and interpretation for Chinese clients -
Provide expert service to Chinese families desiring to place students in lower and higher educational institutions in the US.
Create company's branding and all marketing materials design - Design logo, flyers, brochures, booklets, PowerPoint templates, billboards,
webpage, etc.
Take photographs and edit photos.
Graphic Designer 10/2013 to 05/2014 Company Name City , State
Designed flyers, brochures, posters, logos and T-shirts, etc.
for school's activities and events.
Education
Bachelor of Arts : Visual Arts - Graphic Design May 2014 UNIVERSITY OF ILLINOIS SPRINGFIELD City , State Visual Arts - Graphic
Design 3.7/4.0 Gallery Assistant, Visual Arts Gallery,
Associate of Fine Arts : Graphic Design July 2010 CHENGDU ACADEMY OF FINE ARTS, SICHUAN CONSERVATORY OF MUSIC
City , China Graphic Design
Languages
Bilingual in English and Chinese
Skills
Adobe Creative Suite, Dreamweaver, Photoshop, Advertising, Arts, Art, branding, brochures, Chinese, CorelDraw, CSS, clients, Due diligence,
edit, English, HTML, Illustrator, InDesign, interpretation, layout, logos, logo, marketing materials, Microsoft Office Suite, PowerPoint, packaging,
posters, property management, Publicity, real estate, translation, typography, webpage design, web design

","**GRAPHIC DESIGNER**

**Summary**  
Creative and detail-oriented graphic designer with a passion for clarity and simplicity. My design philosophy revolves around the principle of ""Simple without loss of information,"" and I am committed to precision, always mindful of ""paying attention and being accurate to each pixel."" I am currently seeking a position within a collaborative team of experienced designers in an environment that fosters growth and success.

**Core Competencies**  
- Proficient in Adobe Creative Suite (Illustrator, Photoshop, InDesign) and CorelDraw  
- Working knowledge of web design applications, including Dreamweaver, HTML, and CSS  
- Skilled in Microsoft Office Suite  
- Extensive experience in branding, digital prints, web page design, typography, packaging, and printmaking  
- Active member of the Springfield Art Association  

**Professional Experience**  

**Graphic Designer**  
*Company Name, City, State*  
*August 2014 – August 2015*  
- Designed webpage layouts, logos, and related graphics to enhance user experience and brand identity.

**Manager Assistant / Graphic Designer**  
*Company Name, City, State*  
*July 2014 – Present*  
- Provide a range of services to Chinese clients requiring U.S.-based assistance, including:  
  - Facilitating real estate transactions and property management  
  - Conducting due diligence and assisting with EB-5 visa projects and applications  
  - Offering translation and interpretation services for Chinese clients  
  - Delivering expert guidance to families seeking educational placements for students in U.S. institutions  
- Created branding and marketing materials, including logos, flyers, brochures, booklets, PowerPoint templates, billboards, and web pages.  
- Captured and edited photographs to support marketing initiatives.

**Graphic Designer**  
*Company Name, City, State*  
*October 2013 – May 2014*  
- Designed promotional materials such as flyers, brochures, posters, logos, and T-shirts for school activities and events.

**Education**  

**Bachelor of Arts in Visual Arts - Graphic Design**  
*University of Illinois Springfield, City, State*  
*May 2014*  
- GPA: 3.7/4.0  
- Gallery Assistant, Visual Arts Gallery  

**Associate of Fine Arts in Graphic Design**  
*Chengdu Academy of Fine Arts, Sichuan Conservatory of Music, City, China*  
*July 2010*  

**Languages**  
- Bilingual in English and Chinese  

**Technical Skills**  
- Adobe Creative Suite (Illustrator, Photoshop, InDesign)  
- CorelDraw  
- Web Design (HTML, CSS, Dreamweaver)  
- Microsoft Office Suite (PowerPoint, Word, Excel)  
- Branding and Marketing Materials Design  
- Photography and Photo Editing  
- Translation and Interpretation  

---

This polished version enhances clarity, structure, and impact while maintaining the original content's truthfulness and professionalism.",,
17624934,HEALTHCARE,,True,,,{},"{('number', 1.0): 1}",0,False,False,False,"SENIOR MANAGER/SPECIALIST LEADER HEALTHCARE
Executive Profile
Seasoned Health Care Leader and clinicianÂ with deep operations experiences spanning multiple markets and health care delivery systems.Â
Â Demonstrated ability to lead complex projects to successful completion, working with multi-disciplinary teams â€“ Executive Leadership teams,
physicians, management and staff/clinicians.Â Excellent communication skills, creative strategic thinker and collaborative team builder.Â I have
spent the last 18 years serving leading healthcare organizations across the county, including Mayo Clinic, UMHS and Cedars-SinaiÂ as a Senior
Leader with Deloitte Consulting LLP.Â Seeking opportunities to work with innovative, cutting edge organizations targeting healthcare
transformations.
Skill Highlights
Identifying/Building New Service Offerings
Creative Problem Solver/Innovator Creating and Maintaining a Performance Bases Culture
Process Transformation with Change Management Growing and Developing High Performing Team
Healthcare Informatics (merging technical with operations) Oncology/Transplant RN with pharmaceutical research experience
Core Accomplishments
Successfully managed and drove highly complex technical and organizational transformations at the countries leading healthcare
organizations
Management of $100M++ budgets
Management of on-going communication with Board of Directors and C Suite
Facilitated communication and strategies to build and improve Physician Adoption
Developed multi year, multi state/multi region timelines to deliver on time, in scope and on budget projects
Implemented targeted benefits, metrics and Best Practices, as a part of clinical transformation efforts, resulting in tangible bottom line
financial benefits
Professional Experience
Senior Manager/Specialist Leader HealthCare
May 1999 to March 2017 Company Name
Served as a Practice Leader in Deloitte's Healthcare Strategy and Operations Practice
Provided advisory services to enable clients to manage ever changing Healthcare LandscapeÂ
Provided Leadership and Project Management to large, complex multi year technical and operational transformations
Clients served include:Â Mayo Clinic, Kaiser Permanente, Cedars-Sinai, Sutter Health, University of Michigan Health System, CHI and
Children's Hospital of Wisconsin
Authored and contributed to numerous whitepapers and published content on HealthCare Delivery and Improvement
Director of Home Care Services
May 1996 to May 1999 Company Name
Served as Director of Homecare Services for a hospital based agency that served a 10 county area (rural and urban)
Participated in the planning and implementation of merger and acquisition of additional homecare company
Re-engineered operations and processes which resulted in increased efficiency and responsiveness of the agency, as well as a 40% increase
over a 1 year period (decreased cost per visit and decreased utilization to maximize reimbursement
New program development: Infusion Services, Pediatrics, OB, Mental Health and Private Duty
Executive Director/Owner
February 1993 to May 1996 Company Name
Developed, planned and implemented a cost-effective healthcare delivery system that has been recognized as a model for children with
special needs.
Center provided nursing care, as well as, PT, OT, ST and educational services to medically fragile children and their families.
Center was first of it's kind to receive JCAHO certification.
Successfully lobbied the State of Ohio Medicaid Waiver program to reimburse for services provided at a free-standing facility.
Contracted with third party payors and insurers for reimbursement.
Nurse Manager/RN
January 1984 to January 1993 Company Name
Rainbow Babies and Children's Hospital has been consistently recognized as one of the top five children's hospitals in the country.
Managed a 35 bed Bone Marrow Transplant/Oncology unit.
Daily operations management accountability.
Served as a member of the design team that developed the facilities planning, workflow design and patient care ""experience"" for a new 300
bed pediatric hospital.

Education
Bachelor of Science : Nursing Ursuline College ï¼​ City , State
Executive Healthcare Management Certification CWRU Weatherhead ï¼​ City , State
MBA : Healthcare Management Cleveland State University ï¼​ City , State * Completed 3 of 4 years course work
Publications/Presentations
Optimization after Implementation
Value Based Billing
Transforming Healthcare
Clinical Management Redesign
Developing Multi-Disciplinary Clinical Content
Skills
Seasoned HealthCare Advisor, Excellent Communication Skills, Creative Problem Solver, Innovative Critical Thinker, Leader, Change Driver

","**[Your Name]**  
[Your Address]  
[City, State, Zip]  
[Your Phone Number]  
[Your Email Address]  
[LinkedIn Profile URL]  

---

**SENIOR MANAGER / SPECIALIST LEADER IN HEALTHCARE**  

---

**Executive Profile**  
Dynamic healthcare leader and clinician with extensive operational experience across diverse markets and healthcare delivery systems. Proven track record of successfully leading complex projects to completion by collaborating with multidisciplinary teams, including executive leadership, physicians, and clinical staff. Recognized for excellent communication skills, strategic thinking, and team-building capabilities. Over 18 years of experience serving leading healthcare organizations nationwide, including Mayo Clinic, UMHS, and Cedars-Sinai, as a Senior Leader with Deloitte Consulting LLP. Actively seeking opportunities with innovative organizations focused on healthcare transformation.

---

**Core Competencies**  
- Development of New Service Offerings  
- Creative Problem Solving and Innovation  
- Performance-Based Culture Creation  
- Process Transformation and Change Management  
- Team Growth and Development  
- Healthcare Informatics (Integrating Technical and Operational Expertise)  
- Oncology/Transplant Registered Nurse with Pharmaceutical Research Experience  

---

**Key Accomplishments**  
- Successfully managed complex technical and organizational transformations at leading healthcare organizations across the country.  
- Oversaw budgets exceeding $100 million, ensuring financial accountability and strategic allocation of resources.  
- Maintained ongoing communication with Board of Directors and C-suite executives to align organizational goals.  
- Facilitated strategies to enhance physician adoption and engagement in clinical initiatives.  
- Developed multi-year, multi-state project timelines, consistently delivering on time, within scope, and on budget.  
- Implemented targeted benefits, metrics, and best practices in clinical transformation efforts, resulting in measurable financial improvements.  

---

**Professional Experience**  

**Senior Manager / Specialist Leader in Healthcare**  
Deloitte Consulting LLP | May 1999 - March 2017  
- Led the Healthcare Strategy and Operations Practice, providing advisory services to help clients navigate an evolving healthcare landscape.  
- Managed large-scale, multi-year technical and operational transformations for clients, including Mayo Clinic, Kaiser Permanente, Cedars-Sinai, Sutter Health, University of Michigan Health System, CHI, and Children's Hospital of Wisconsin.  
- Authored and contributed to numerous whitepapers and publications focused on healthcare delivery and improvement.

**Director of Home Care Services**  
[Company Name] | May 1996 - May 1999  
- Directed homecare services for a hospital-based agency serving a 10-county area, both rural and urban.  
- Played a key role in the planning and implementation of a merger and acquisition of an additional homecare company.  
- Re-engineered operations and processes, resulting in a 40% increase in efficiency and responsiveness, while reducing cost per visit and optimizing reimbursement.  
- Developed new programs in Infusion Services, Pediatrics, OB, Mental Health, and Private Duty.

**Executive Director / Owner**  
[Company Name] | February 1993 - May 1996  
- Developed and implemented a cost-effective healthcare delivery system recognized as a model for children with special needs.  
- Provided nursing care and therapeutic services (PT, OT, ST) to medically fragile children and their families.  
- Achieved JCAHO certification for the center, the first of its kind, and successfully lobbied for Medicaid reimbursement for services at a free-standing facility.  
- Established contracts with third-party payors and insurers for service reimbursement.

**Nurse Manager / RN**  
Rainbow Babies and Children's Hospital | January 1984 - January 1993  
- Managed a 35-bed Bone Marrow Transplant/Oncology unit in one of the top five children's hospitals in the country.  
- Held accountability for daily operations management and served on the design team for the planning and workflow design of a new 300-bed pediatric hospital.

---

**Education**  
Bachelor of Science in Nursing  
Ursuline College, [City, State]  

Executive Healthcare Management Certification  
CWRU Weatherhead, [City, State]  

MBA in Healthcare Management  
Cleveland State University, [City, State] (Completed 3 of 4 years coursework)  

---

**Publications & Presentations**  
- Optimization after Implementation  
- Value-Based Billing  
- Transforming Healthcare  
- Clinical Management Redesign  
- Developing Multi-Disciplinary Clinical Content  

---

**Skills**  
- Seasoned Healthcare Advisor  
- Excellent Communication Skills  
- Creative Problem Solver  
- Innovative Critical Thinker  
- Effective Leader  
- Change Driver  

--- 

**References Available Upon Request**  

---

*Note: Please replace placeholders like ""[Your Name]"" and ""[Company Name]"" with actual information before using this resume.*",,
30437583,AGRICULTURE,,True,,,{},"{('date_year', 2016.0): 1, ('number', 40.0): 1, ('number', 703.0): 2, ('number', 305.0): 1, ('number', 1465.0): 1, ('number', 3.0): 2, ('number', 517.0): 1, ('number', 605.0): 1, ('number', 4331.0): 1, ('number', 3.63): 1, ('number', 3.04): 1}",0,False,False,False,"PROGRAM ANALYST
Professional Summary
As a key member of the Stakeholder Relations Branch tasks involve performing analysis and providing strategic advice on relevant policies and
frameworks in order to enhance the capacity to engage stakeholders as active members of Food and Nutrition Service's (FNS) partner network.
Core Qualifications
Microsoft PowerPoint, Word, Excel and Publisher Webinar Applications (Livemeeting, OnStream Media, and ReadyTalk) Video and Photo
Editing (Camtasia, Adobe Photoshop) Other Applications (Drupal, Basecamp, Vovici, Survey Monkey, and Social Media Channels)
Experience
09/2014 to 01/2015
Program Analyst Company Name
40 hours per week Supervisor: Cheryl Jackson-Lewis, Cheryl.Lewis@fns.usda.gov, (703) 305-1465 Assisted in successfully meeting the
strategic priorities for the U.S.
Department of Agriculture Food Waste Challenge Initiative by creating resources and presentations to promote the program and increase
the number of schools involved Organized several presentations and developed targeted materials for the National Green Schools
Conference Managed external communications from the general public, schools, and partners focused on Team Nutrition Managed the
Team Nutrition and the Healthier US School Challenge database.
06/2012 to Current
Program Analyst, The Office of External and Governmental Affairs Company Name ï¼​ City , State
Identify and develop over 30 new & existing national partnerships among stakeholders that reflect an understanding of FNS's strategic plans
and goals.
Act as a liaison between FNS and partners; requires the development of comprehensive work plans, event itineraries, presentations,
reports/summaries, and portfolio evaluation and feedback Disseminate information to appropriate internal and external partners through
detailed written correspondence, press releases, conference calls, and in-person meetings Edit and finalize reports submitted to senior
leadership on expansion and growth of FNS program through specific initiatives Received 3 Performance Rewards for leading a
collaborative work team associated with development of strategy plans, outreach initiatives and expansion relating to a high level FNS
priority Provide planning, technical assistance, execution, and production for over 400 webinars Demonstrate quantitative analysis methods
to determine efficiency of efforts relating to partners and the general public Collect best practices from partners throughout the country to
highlight and duplicate in other regions Strategically analyze GIS mapping to increased anti-hunger outreach by identifying high risk areas and
cross referencing with available resources Head of pilot projects in rural, underserved communities to demonstrate the impact of youth
engagement Acts as a subject matter expert representing FNS at advisory board meetings and conferences, as well as staffs senior leaders
and political appointees at local and national events Internal & external review boards for awards, grants, and conference presentations
Member of the USDA FNS Agency Priority Working Group to ensure that the Office of the Chief Communications successfully implements
three priorities: Increase the number of SNAP authorized farmers' markets and direct marketing farmers by 517 in FY15 from the FY14
baseline Implement approved FY15 communication action plans that engage key stakeholders towards achieving enrollment in the US Food
Waste Challenge Build and maintain domestic and international partnerships focused on quality school meals programs, nutrition education,
and other FNS nutrition programs.
01/2011 to 06/2012
Student Intern Company Name ï¼​ City , State
Part-time volunteer employment - 20 hours per week.
Supervisor: Jeff Greenfield, (703) 605-4331.
Education
March 2014
Masters of Public Health : Health Education Loma Linda University ï¼​ City , State GPA: GPA: 3.63 Cum Laude, Deans list Health Education
GPA: 3.63 Cum Laude, Deans list
May 2012
Bachelors of Science : Community Health Nutrition George Mason University ï¼​ City , State GPA: GPA: 3.04 Deans list Community
HealthNutrition GPA: 3.04 Deans list
Professional Affiliations
Make-A-Wish Foundation Member of the Young Professional Council Wish Granter Alpha Phi Fraternity International Alumni Leukemia &
Lymphoma Society Volunteer Member of Young Government Leaders Member of the Organization of Professional Employees of the US
Department of Agriculture
Accomplishments
TBD
Interests
Alpha Phi Fraternity, SNA (Student Nurse Association), Habitat for Humanity, Greek Week Steering Committee
Skills
Adobe Photoshop, Anatomy, Agency, Biology, Chemistry, conferences, database, direct marketing, Drupal, Edit, Environmental Health, GIS,
grants, Health Education, Health Promotion, Information Technology, Leadership, materials, meetings, Excel, Office, Microsoft PowerPoint,
Publisher, Word, Photo Editing, Physiology, presentations, press releases, Program Evaluation, Program Development and Evaluation, Public
Health, Qualitative Research, quality, quantitative analysis, Research, Statistics, strategy, strategic, strategic plans, Supervisor, technical assistance,

Video, written
Additional Information
Activities: Alpha Phi Fraternity, SNA (Student Nurse Association), Habitat for Humanity, Greek Week Steering Committee
Able to travel and/or relocate 03/09/2016

","**PROGRAM ANALYST**

**Professional Summary**  
Dynamic and results-oriented Program Analyst with extensive experience in stakeholder engagement and strategic policy analysis within the Food and Nutrition Service (FNS). Proven ability to enhance stakeholder capacity and foster partnerships that align with FNS’s mission and goals.

**Core Qualifications**  
- Proficient in Microsoft Office Suite (PowerPoint, Word, Excel, Publisher)  
- Experienced with Webinar Applications (LiveMeeting, OnStream Media, ReadyTalk)  
- Skilled in Video and Photo Editing (Camtasia, Adobe Photoshop)  
- Familiar with various Applications (Drupal, Basecamp, Vovici, Survey Monkey, and Social Media Platforms)  

**Professional Experience**  

**Program Analyst**  
*Company Name, City, State*  
*September 2014 – January 2015*  
- Supported the U.S. Department of Agriculture's Food Waste Challenge Initiative by developing resources and presentations that increased school participation.  
- Organized presentations and created targeted materials for the National Green Schools Conference.  
- Managed external communications with the public, schools, and partners regarding Team Nutrition initiatives.  
- Oversaw the Team Nutrition and Healthier US School Challenge database management.

**Program Analyst, Office of External and Governmental Affairs**  
*Company Name, City, State*  
*June 2012 – Present*  
- Identified and cultivated over 30 national partnerships that align with FNS's strategic objectives.  
- Served as a liaison between FNS and external partners, developing comprehensive work plans, event itineraries, presentations, and reports.  
- Disseminated information to internal and external stakeholders through detailed written correspondence, press releases, conference calls, and in-person meetings.  
- Edited and finalized reports for senior leadership on FNS program expansion and growth initiatives.  
- Received three Performance Rewards for leading collaborative teams in strategy development and outreach initiatives.  
- Provided planning, technical assistance, and execution for over 400 webinars, utilizing quantitative analysis to measure partner engagement effectiveness.  
- Collected best practices from partners nationwide to replicate successful strategies in other regions.  
- Conducted GIS mapping analysis to enhance anti-hunger outreach by identifying high-risk areas and aligning them with available resources.  
- Led pilot projects in rural, underserved communities to demonstrate the impact of youth engagement.  
- Represented FNS as a subject matter expert at advisory board meetings and conferences, supporting senior leaders and political appointees at various events.  
- Participated in internal and external review boards for awards, grants, and conference presentations.  
- Contributed to the USDA FNS Agency Priority Working Group to implement key priorities, including increasing SNAP-authorized farmers' markets and enhancing stakeholder engagement in the US Food Waste Challenge.

**Student Intern**  
*Company Name, City, State*  
*January 2011 – June 2012*  
- Engaged in part-time volunteer work (20 hours per week) under the supervision of Jeff Greenfield.  

**Education**  
**Master of Public Health: Health Education**  
Loma Linda University, City, State  
*March 2014*  
- GPA: 3.63, Cum Laude, Dean's List  

**Bachelor of Science: Community Health Nutrition**  
George Mason University, City, State  
*May 2012*  
- GPA: 3.04, Dean's List  

**Professional Affiliations**  
- Member, Young Professional Council, Make-A-Wish Foundation  
- Wish Granter, Make-A-Wish Foundation  
- International Alumni, Alpha Phi Fraternity  
- Volunteer, Leukemia & Lymphoma Society  
- Member, Young Government Leaders  
- Member, Organization of Professional Employees of the US Department of Agriculture  

**Accomplishments**  
- [To be determined]

**Interests**  
- Alpha Phi Fraternity, Student Nurse Association, Habitat for Humanity, Greek Week Steering Committee  

**Skills**  
- Adobe Photoshop, Anatomy, Biology, Chemistry, Database Management, Direct Marketing, Environmental Health, GIS, Grants, Health Education, Health Promotion, Information Technology, Leadership, Program Development and Evaluation, Public Health, Qualitative and Quantitative Research, Statistics, Strategic Planning, Technical Assistance, Video Editing, Written Communication  

**Additional Information**  
- Willing to travel and/or relocate  

---

This polished resume enhances clarity, structure, and impact while maintaining the integrity of the original content.",,
28808263,HR,,True,,compliance;conflict resolution;onboarding,{},{},0,False,False,False,"HR PAYROLL/ ACCOUNTING REPRESENTATIVE
Summary
Diverse experience in Accounting, Credit Union Financial Services, Retail Sales, Customer Service, Telemarketing, Food & Beverage,
Construction and Ironworks. Outstanding organizational ability with attention to detail, while balancing multiple projects in fast-paced environments
with excellent interpersonal and communication skills. Demonstrated ability to gain customer trust and provide exceptional service, leading to
increased repeat and referral business. Excellent leadership and motivational skills, with exceptional ability at problem solving and resolution.
Highlights
Branch Suite, N.A.D.A, Appro, Delta Docs,
COWW, and other internal programs related
Results-oriented, Self-directed, Microsoft Office proficiency, Time management, Strong problem
to A/P & Payroll.
solver, Resourceful, Dedicated team player, Strong interpersonal skills, Executive presentation
Excel spreadsheets
development, Billing and coding
Meticulous attention to detail
Workers' compensation knowledge
Accomplishments
Finance Skills
Originated new businessÂ through professional networking, loan reviews and marketing.
Created strategies to develop and expand existing customer sales, resulting in anÂ increase in annual sales.
Accounting Skills
Operated computers programmed with accounting software to record, store, and analyze information.
General Ledger Accounts
Maintained accurate accounts including cash, inventory, prepaid, fixed assets, accounts payable, accrued expenses and line of credit
transactions.
Produced more account reporting data than required by taking on additional duties.
Researched and resolved billing problems that had been previously missed.
Experience
Company Name City , State HR Payroll/ Accounting Representative 11/2008 to 11/2011
Assisted in all payroll duties including but not limited to: accounting for all employee hours worked, time off requests, STD, leave of
absence, etc.
Worked quickly and efficiently, with minimal oversight, to accomplish assigned duties
Accurately processed data, validation and transmission for weekly, semi-monthly and sales payrolls.
Managed payroll and time and attendance systems.
Enforced established payroll-related policies, procedures and regulations and adherence to company and governmental policies.
Responded to employee inquiries regarding payroll and timekeeping.
Onboarded new employees in the time reporting and payroll systems.
Processed rehires, transfers, terminations, garnishments and withholdings.
Accounts Payable â€‹
Prepared purchase orders and expense reports.
Reviewed, investigated and corrected errors and inconsistencies in financial entries, documents and reports.
Verified details of transactions, including funds received and total
Calculated figures such as discounts, percentage allocations and credits. account balances.
Coded the general ledger and processed vendor invoice payments.
Opened and assigned new client accounts.
Coordinated approval processes of all accounts payable invoices.
Balanced batch summary reports for verification and approval.
Conducted month-end balance sheet reviews and reconciled any variances.
Researched and resolved billing and invoice problems.
Company Name City , State Financial Relationship Specialist
Provide professional and prompt financial services to all members and potential members in a sales and service culture, while continually
educating members on credit union products and services in relation to the members' needs.
Researched banking guidelines and statutory requirements to stay updated on new laws and applications.
Processed sales referrals and promoted bank services and products, resulting inÂ branch sales increase.
Open new members' accounts, CD's and IRA's.
Originate and complete member consumer loan applications and close loans that have originated outside the in-store branch.
Balanced daily cash deposits and bank vault inventory with a zero error rate.
Assembled in-store marketing displays.

Trained employees on cash drawer operation.
Perform financial transactions, efficiently and accurately by providing accurate account information using accounts security procedures and
recognizing accounts flags, etc.
Assist with vault cash and originating and scoring member loans as needed, and assures the Credit Union's interest is protected and liens to
be filed can be perfected prior to disbursals of loan proceeds.
Company Name City , State Trainer/Server 05/2008 to 12/2008
Ordering and serving the customers with excellent service.
Finding solutions to customer related issues.
Insuring that all duties at the closing and opening of the store were done correctly.
Assist in training new recruits.
Company Name City , State Counter Supervisor 09/2006 to 07/2008
Assist Manager with all visuals for entire store.
Responsible for delegating and planning daily staff workflow, in the absence of the store manager.
Compile store merchandise and inventory reporting.
Respond to customer inquiries and provide excellent customer service.
Provide exceptional support in the areas of operational, sales and team management, and assist with special projects as required.
Education
Associates : Business 1998 Blue River Community College Business
Bachelors : Business Finance 2016 UMKC Business Finance
Skills
Analytical and Statistical reportingÂ
Public Speaking
Excellent Interpersonal Skills

","**HR Payroll/Accounting Representative**

**Summary**  
Dynamic professional with extensive experience in Accounting, Credit Union Financial Services, Retail Sales, Customer Service, Telemarketing, Food & Beverage, Construction, and Ironworks. Proven organizational skills with a keen attention to detail, adept at managing multiple projects in fast-paced environments. Exceptional interpersonal and communication abilities, fostering customer trust and delivering outstanding service that drives repeat and referral business. Strong leadership and motivational skills, with a demonstrated capacity for problem-solving and conflict resolution.

**Core Competencies**  
- Proficient in Branch Suite, N.A.D.A, Appro, Delta Docs, COWW, and various A/P & Payroll-related internal programs  
- Results-oriented and self-directed  
- Microsoft Office Suite proficiency  
- Effective time management and strong problem-solving skills  
- Resourceful team player with excellent interpersonal abilities  
- Skilled in executive presentation development, billing, and coding  
- Meticulous attention to detail  
- Knowledgeable in workers' compensation  

**Accomplishments**  
- Developed new business through professional networking, loan reviews, and targeted marketing initiatives.  
- Formulated strategies to enhance existing customer sales, resulting in a significant increase in annual revenue.  
- Utilized accounting software to accurately record, store, and analyze financial information.  
- Maintained precise records for general ledger accounts, including cash, inventory, prepaid, fixed assets, accounts payable, and accrued expenses.  
- Produced extensive account reporting data by assuming additional responsibilities.  
- Resolved previously overlooked billing discrepancies through diligent research and analysis.  

**Professional Experience**  

**HR Payroll/Accounting Representative**  
*Company Name, City, State*  
*November 2008 – November 2011*  
- Managed all payroll functions, including tracking employee hours, time-off requests, short-term disability, and leave of absence.  
- Executed payroll processing for weekly, semi-monthly, and sales payrolls with high accuracy.  
- Oversaw payroll and time attendance systems, ensuring compliance with company policies and government regulations.  
- Addressed employee inquiries regarding payroll and timekeeping issues.  
- Facilitated onboarding for new employees in payroll and time reporting systems.  
- Processed rehires, transfers, terminations, garnishments, and withholdings.  

**Accounts Payable Specialist**  
*Company Name, City, State*  
- Prepared purchase orders and expense reports, ensuring accuracy and compliance.  
- Reviewed and corrected discrepancies in financial entries and reports.  
- Verified transaction details, including funds received and account balances.  
- Coded general ledger entries and processed vendor invoice payments.  
- Managed the approval process for all accounts payable invoices.  
- Conducted month-end balance sheet reviews, reconciling any variances.  
- Researched and resolved billing and invoice discrepancies.  

**Financial Relationship Specialist**  
*Company Name, City, State*  
- Delivered prompt and professional financial services to members and potential members, fostering a sales and service-oriented culture.  
- Educated members on credit union products and services tailored to their needs.  
- Processed sales referrals, contributing to increased branch sales.  
- Opened new member accounts, CDs, and IRAs.  
- Originated and completed consumer loan applications, ensuring compliance with banking guidelines.  
- Balanced daily cash deposits and vault inventory with zero error rate.  
- Developed in-store marketing displays and trained employees on cash drawer operations.  

**Trainer/Server**  
*Company Name, City, State*  
*May 2008 – December 2008*  
- Provided exceptional customer service while ordering and serving food and beverages.  
- Resolved customer-related issues effectively.  
- Ensured all opening and closing procedures were executed accurately.  
- Assisted in training new recruits.  

**Counter Supervisor**  
*Company Name, City, State*  
*September 2006 – July 2008*  
- Supported the manager in visual merchandising for the entire store.  
- Delegated and planned daily staff workflow in the manager's absence.  
- Compiled merchandise and inventory reports.  
- Addressed customer inquiries and delivered excellent service.  
- Provided operational, sales, and team management support, assisting with special projects as needed.  

**Education**  
- **Associate of Arts in Business**  
  Blue River Community College, 1998  
- **Bachelor of Business Administration in Finance**  
  University of Missouri-Kansas City, 2016  

**Skills**  
- Analytical and statistical reporting  
- Public speaking  
- Excellent interpersonal skills  ",,
19612167,ENGINEERING,,True,,,{},{},1,False,False,False,"ENGINEERING SUPERVISOR
Executive Summary
Dedicated engineer with excellent technical, analytical and communication skills demonstrated by 9 years of experience. Team-oriented Electrical
Engineer with over four years experience designing, developing and testing electronic products. Forward-thinking Electrical Engineer with hands-
on experience performing quality troubleshooting, electronics system, and plumbing. Perform general repairs on all floor covering, upholstery,
welding, and fabrication. Maintain a property wide clean and safe work area. Troubleshoot and repair mechanical equipment ranging from heating,
ventilation and air conditioning equipment, fan coils, chillers, pumps, boilers, and cooling towers. Receive and respond to maintenance calls in the
hotel and casino from guests and other departments.
Core Qualifications
Training program implementation
Project management Interpersonal communication skills
Drilling engineering Demonstrated organizational/planning skills
Building commissioning experience Adaptability
A highly motivated and energetic personality. Ability to translate technical specifications
Ability to take initiative and exhibit flexibility. Have interpersonal skills to deal effectively with all business contacts.
Excellent customer service skills.
Professional Experience
Engineering Supervisor 11/2014 to Current Company Name City , State Assist management indirect oversight of department daily
operation.Â Ensures effective communication between the Facilities Director and all other supervisors of the Engineering Department.Â Performs
all other duties as assigned by the Facilities Director.Â Ensures that quality services and controls conform to established standards.Â Quickly
assesses problems or situations and takes the proper corrective action without hesitation, and makes prompt and just decisions.
Engineering Assistance Supervisor 06/2005 to 05/2014 Company Name City , State
Managed team of 21 of professionals. Utilize reporting tools to analyze and monitor status of project and individual work efforts. Collaborate with
all departments and engineering teams to continuously manage trade-offs between scope, resources and time during the project/task durations.
Perform all duties as deemed necessary for the success of the department. Ability to communicate with employees and other Department Heads.
Previous experience using industrial hand tools, power tools, testing, and monitoring equipment.
Sky Cap 09/2001 to 05/2005 Company Name City , State
Confirmed that appropriate changes were made to resolve customers' problems.Exercises sound judgment in issuing credits and making exceptions
to customer policies to maintain high levels of customer satisfaction.Managed wide variety of customer service and administrative tasks to resolve
customer issues quickly and efficiently.
Education
High School Diploma 12 El Dorado High School City , State , USA
Skills
Leadership Development Program
Hands On Training: Electrical, Pluming, Painting, Full Finish, Wall Paper
Management Training, Team Builder, Outlook Training, Excel Training, Hotsos Training, Stratton Warren ""MMS""

","**ENGINEERING SUPERVISOR**

**Executive Summary**  
Results-driven Electrical Engineer with over 9 years of experience, including 4 years in designing, developing, and testing electronic products. Recognized for strong technical, analytical, and communication skills. Proven ability to perform quality troubleshooting and maintain electronic systems, plumbing, and general repairs across various domains. Committed to ensuring a clean and safe work environment while effectively responding to maintenance calls in hotel and casino settings.

**Core Qualifications**  
- Training program implementation  
- Project management  
- Interpersonal communication skills  
- Drilling engineering  
- Organizational and planning skills  
- Building commissioning experience  
- Adaptability and initiative  
- Strong customer service skills  

**Professional Experience**  

**Engineering Supervisor**  
*Company Name, City, State*  
*November 2014 – Present*  
- Assist management with the indirect oversight of daily operations within the Engineering Department.  
- Ensure effective communication between the Facilities Director and all Engineering Department supervisors.  
- Perform additional duties as assigned by the Facilities Director to maintain operational efficiency.  
- Uphold quality service standards and ensure compliance with established controls.  
- Quickly assess problems and implement corrective actions, making prompt and informed decisions.

**Engineering Assistant Supervisor**  
*Company Name, City, State*  
*June 2005 – May 2014*  
- Managed a team of 21 professionals, utilizing reporting tools to analyze project status and individual performance.  
- Collaborated with various departments and engineering teams to effectively manage trade-offs between project scope, resources, and timelines.  
- Executed all necessary duties to ensure departmental success and maintained effective communication with employees and department heads.  
- Gained experience using industrial hand tools, power tools, and testing and monitoring equipment.

**Sky Cap**  
*Company Name, City, State*  
*September 2001 – May 2005*  
- Resolved customer issues by implementing appropriate changes and exercising sound judgment in issuing credits and making exceptions to policies.  
- Managed a variety of customer service and administrative tasks to ensure quick and efficient resolution of customer concerns.

**Education**  
High School Diploma  
*El Dorado High School, City, State, USA*  
*Graduated December 20XX*  

**Skills**  
- Leadership Development Program  
- Hands-On Training: Electrical, Plumbing, Painting, Full Finish, Wallpaper  
- Management Training  
- Team Building  
- Proficient in Outlook and Excel  
- Hotsos Training  
- Stratton Warren ""MMS""  

---

This revised resume enhances clarity, structure, and impact while maintaining the integrity of the original content.",,
11232471,APPAREL,0.0,False,problem solving,,{},{},0,False,False,False,"SOFTLINES MANAGER
Summary
Experienced Retail Sales Manager, known for hiring and training solid, long-term staff, adept at problem solving, who posses a strong background
in Visual Merchandising.
Visual Merchandise Experience
Softlines Manager
March 2011 to Current Company Name ï¼​ City , State
Managed the Sales performance of the Footwear and Apparel associates to meet sales and margin goals.
Implemented game plans in the Apparel and Footwear Departments to maximize sales.
Interviewed, hired, and trained essential staff.
Granted title of ""Store Human Resource Adviser"" to issue appropriate counceling to all store associates.
Apparel Sales Leader
December 2006 to March 2011 Company Name ï¼​ City , State
Assisted the store management team with general supervision in the store in accordance with company policies and procedures.
Implemented merchandise presentation standards and signage of the apparel department to meet company standards.
Maximized profits by supporting company standards of selling and customer service.
Educated new staff on merchandising and selling standards of Dick's Sporting Goods.
Nike Brand Coordinator
October 2005 to December 2006 Company Name ï¼​ City , State
Encompassed the Nike brand image, ensuring the highest standards of visual presentation at all times.
Introduced new product lines by highlighting features and benefits.
Coached and inspired store associates to maintain the Nike retail presence.
Increased profitability of sales on an average of 4% yearly.
Education
High School Diploma : General Studies , 2000 Mount Everett Regional High School ï¼​ City , State , USA
Professional Recognitions
Shrink Defender of the Month Â
August 2008, July 2009, December 2010, February 2011, April 2014 Â
Enforcing company policies and procedures to ensure the protection of company assets.
Skills
Master at executing and enhancing Game-plans
Proficient in opening and closing store procedures, including cash office execution.

","**SOFTLINES MANAGER**

**Summary**  
Results-driven Retail Sales Manager with extensive experience in hiring and training dedicated staff. Recognized for strong problem-solving abilities and a robust background in Visual Merchandising.

---

**Professional Experience**

**Softlines Manager**  
*March 2011 - Present*  
*Company Name, City, State*  
- Oversee sales performance of Footwear and Apparel associates to achieve sales and margin targets.  
- Develop and implement strategic game plans for the Apparel and Footwear Departments to maximize sales.  
- Responsible for interviewing, hiring, and training key staff members.  
- Designated as ""Store Human Resource Adviser,"" providing essential counseling and support to all store associates.

**Apparel Sales Leader**  
*December 2006 - March 2011*  
*Company Name, City, State*  
- Assisted the store management team with overall supervision in alignment with company policies and procedures.  
- Established and maintained merchandise presentation standards and signage for the apparel department to meet corporate expectations.  
- Enhanced profitability by adhering to company standards in selling and customer service.  
- Trained new staff on merchandising and selling standards specific to Dick's Sporting Goods.

**Nike Brand Coordinator**  
*October 2005 - December 2006*  
*Company Name, City, State*  
- Maintained the integrity of the Nike brand image by ensuring the highest standards of visual presentation.  
- Launched new product lines by effectively highlighting their features and benefits.  
- Motivated and coached store associates to uphold the Nike retail presence.  
- Achieved an average annual sales increase of 4%.

---

**Education**  
High School Diploma, General Studies  
*2000, Mount Everett Regional High School, City, State, USA*

---

**Professional Recognitions**  
- **Shrink Defender of the Month**  
  *August 2008, July 2009, December 2010, February 2011, April 2014*  
  Recognized for enforcing company policies and procedures to safeguard company assets.

---

**Skills**  
- Expertise in executing and enhancing strategic game plans.  
- Proficient in store operations, including opening and closing procedures and cash office management.  

--- 

This polished resume enhances clarity, structure, and impact while maintaining the integrity of your professional experience.",,
33803142,HEALTHCARE,0.0,False,infection control,,{},"{('number', 9.0): 2, ('number', 240.0): 1, ('number', 140.0): 1}",0,False,False,False,"ADMINISTRATOR
Executive Profile
Accomplished Executive with demonstrated ability to deliver company oversight, committed to cost-effective management of resources and quality
performance.
Skill Highlights
Healthcare industry executive with over 20 years' experience including 16 years managing full service home healthcare facilities including profit
and loss responsibility, clinical and operations management, quality improvement and control, personnel/employee relations, recruiting, customer
service and business development. Strong leadership skills and experience in:
Strategic Planning
Team Building & Leadership
Implementing Best Practices
Contract Negotiations
Human Resources
Performance and Productivity Improvements
Finance & Accounting/Profit and Loss Accountability
Budgeting and Pricing
Operational Management
Time and Organizational Management
Collaborative Problem-Solving
Core Accomplishments
Professional Experience
Company Name City , State Administrator 01/2005 to 01/2015
Develop and implement short and long term plans.
Establish clear objectives.
Coordinates the efforts of business success.
Responsibilities include: Full P&L responsibility; Sales and market development; Financial status; Patient Care Delivery; Client Services;
Strategic planning and profitability and accountable for all operations and programs.
Successful business growth and development through marketing programs, consistently increasing agency census over the course of 9 years.
Expanded Private Duty market through successful performance and productivity improvement; contract negotiations and reimbursement
strategies, consistently increasing agency census from 31 to 240 in the course of 9 years.
Prepared and analyzed weekly/monthly reports, identifying payer issues, maximizing reimbursement and improving operational efficiencies.
Effectively established clear objectives and developed short and long term plans for business success.
Cultivated strong relationships with area hospitals, vendors/suppliers and payer sources.
Maintained high level of business standards through persistence and diligence; high ethics and Integrity.
Led State and Federal Regulatory surveys.
Improved and maintained efficiency in HR functions, billing management and clinical operations through effective communication and
leadership abilities.
Company Name City , State Director of Healthcare Services 01/2004 to 01/2007
Responsible for staff providing daily patient care and related office activities conducted in accordance with applicable law and regulation.
Ensured effective and efficient delivery of all clinical services in accordance with agency standards and values through: clinical management,
billing functions and management; regulatory compliance; staff supervision and training, documentation and Quality Assurance management.
Maintained high quality of patient care through constant communication with staff, teaching skills when interacting with clients and staff,
demonstrating excellent decision-making skills, and teaching plans that utilize principles of teaching and learning.
Improved and maintained clinical management through persistence and diligence, holding staff accountable and leadership skills.
Improved billing function as related to clinical operations by effective implementation of Best Practices and operational management.
Maintained State and Federal regulatory compliance by way of staff supervision and training, documentation oversight, HR related items and
effective communication among all stakeholders.
Company Name City , State Clinical Director/Branch Manager 01/2002 to 01/2004
Leadership position in ensuring effective and efficient agency operations through: clinical management; billing functions and management;
regulatory compliance; staff supervision/training; documentation management; HR functions operational decisions; effective communication
among all stakeholders; and Medicare Conditions of Participation compliance.
Improved methods of communication among all staff to ensure responsive coordination of care activities occurred.
Maintained State and Federal regulatory compliance through: enforcing staff accountability, implementing processes and procedures
established through Best Practices and operational management, leadership abilities and attention to detail.
Influenced team spirit and motivation by way of interpersonal communication skills to ensure consistent quality standards of care was

delivered to all patients.
Promoted positive work environment to meet company goals.
Company Name City , State Authorization Specialist 01/2001 to 01/2002
Responsible for follow up of pre-certification/authorization payer requirements for multiple home healthcare agencies in a nationwide
company.
Ensured authorization for all planned care and home health visits was in place prior to service dates.
Participated in the implementation and roll out of new processes of verification and authorization for home health agencies nationwide.
Successful negotiations of visit bill rates with payer source/case managers as needed.
Follow-ups with nationwide agencies regarding case management issues ranging from a 140 - 240 patient case load.
Established ongoing relationships with agency and insurance case managers.
Company Name City , State Clinical Manager 01/2000 to 01/2001
Responsible for direct patient care and directing a team of clinicians.
Perform staff assignments, scheduling of patients and needs, performing monthly Pre-bill and UR audits, completing monthly infection control
logs, proofing all staff paperwork, managing accurate and up to date charts, delegation to staff members, coordinating Team conference
meetings, participating in on-call schedule, case managing a patient load of 45-50, collaboration of patient care.
Implementation of Medicare PPS reimbursement policy.
Company Name City , State Staff RN 01/1998 to 01/2000
Direct patient care in the home setting.
Maintenance of a patient load of 7-10/day; participation in on-call scheduling and weekly Case Conference meetings; making appropriate
allied health referrals; planning of patient care from start of care until discharge; providing a care plan and setting appropriate goals for
patient needs; implementing care plan activities through acquired skills and patient teaching as indicated; providing support for other staff
members and managers.
Successfully established effective patient outcomes and quality care.
Company Name City , State Staff RN 01/1996 to 01/1998
Responsible for direct patient care as directed by patient physicians.
Promote and restore patient's health by collaborating with physician and multidisciplinary team members, providing support to patients, co-
workers and supervising team members.
Education
Bachelor of Science : Healthcare Administration 2005 University of Phoenix , City , State Healthcare Administration
BS : Healthcare Administration Registered Nurse 1996 Northwest Mississippi Community College , City , State Healthcare Administration
Registered Nurse
Diploma : Nursing - Registered Nurse Methodist Hospital School of Nursing , City , State Nursing - Registered Nurse
Southwest Tennessee Community College , City , State Pre-requisite coursework working toward nursing degree
Skills
Accounting, agency, attention to detail, billing, Budgeting, business development, case management, charts, interpersonal communication, Contract
Negotiations, Client, clients, customer service, decision-making, Delivery, directing, documentation, employee relations, Finance, Financial, home
health, home healthcare, Human Resources, HR, infection control, insurance, Team Building, Leadership, leadership skills, law, regulatory
compliance, managing, marketing, market, market development, meetings, office, negotiations, nursing, operations management, Organizational,
Patient Care, Direct patient, personnel, Pricing, Problem-Solving, processes, profit and loss, proofing, quality, quality improvement, Quality
Assurance, recruiting, Sales, scheduling, staff supervision, Strategic Planning, supervising, surveys, teaching
Additional Information
Licenses * Registered Nurse, State of Mississippi, 1998 Honors * Graduated with Honors, University of Phoenix, Bachelors of Healthcare
Administration

","**[Your Name]**  
[Your Address]  
[City, State, Zip]  
[Your Phone Number]  
[Your Email Address]  
[LinkedIn Profile URL] (if applicable)

---

**ADMINISTRATOR**

**Executive Profile**  
Accomplished executive with over 20 years of experience in the healthcare industry, including 16 years managing full-service home healthcare facilities. Proven ability to deliver effective company oversight while ensuring cost-effective resource management and high-quality performance.

---

**Core Competencies**  
- Strategic Planning  
- Team Building & Leadership  
- Implementing Best Practices  
- Contract Negotiations  
- Human Resources Management  
- Performance and Productivity Improvement  
- Financial Oversight (P&L Accountability)  
- Budgeting and Pricing Strategies  
- Operational Management  
- Time and Organizational Management  
- Collaborative Problem-Solving  

---

**Professional Experience**

**[Company Name]** – [City, State]  
**Administrator**  
*January 2005 – January 2015*  
- Developed and implemented short- and long-term strategic plans with clear objectives to drive business success.  
- Held full P&L responsibility, overseeing sales and market development, financial performance, patient care delivery, and client services.  
- Achieved significant business growth through targeted marketing programs, increasing agency census from 31 to 240 over nine years.  
- Expanded the private duty market through effective performance improvement, contract negotiations, and reimbursement strategies.  
- Prepared and analyzed reports to identify payer issues, maximize reimbursements, and enhance operational efficiencies.  
- Cultivated strong relationships with hospitals, vendors, and payers, maintaining high business standards through integrity and diligence.  
- Led successful state and federal regulatory surveys, ensuring compliance and operational excellence.  

**[Company Name]** – [City, State]  
**Director of Healthcare Services**  
*January 2004 – January 2007*  
- Oversaw daily patient care and office activities, ensuring compliance with applicable laws and regulations.  
- Managed clinical services delivery, billing functions, regulatory compliance, staff supervision, training, and quality assurance.  
- Maintained high-quality patient care through effective communication and staff training, demonstrating strong decision-making skills.  
- Improved billing functions related to clinical operations by implementing best practices and operational management strategies.  

**[Company Name]** – [City, State]  
**Clinical Director / Branch Manager**  
*January 2002 – January 2004*  
- Led agency operations, ensuring compliance with Medicare Conditions of Participation and regulatory standards.  
- Enhanced communication among staff to improve coordination of care activities.  
- Enforced staff accountability and implemented best practices to maintain regulatory compliance and operational efficiency.  
- Fostered a positive work environment to achieve company goals and maintain high standards of patient care.  

**[Company Name]** – [City, State]  
**Authorization Specialist**  
*January 2001 – January 2002*  
- Managed pre-certification and authorization processes for multiple home healthcare agencies nationwide.  
- Ensured timely authorization for planned care and home health visits prior to service dates.  
- Participated in the implementation of new verification and authorization processes across the organization.  

**[Company Name]** – [City, State]  
**Clinical Manager**  
*January 2000 – January 2001*  
- Directed patient care and managed a team of clinicians, ensuring compliance with clinical and regulatory standards.  
- Conducted monthly audits and maintained accurate patient records, coordinating care for a patient load of 45-50.  
- Implemented Medicare PPS reimbursement policies effectively.  

**[Company Name]** – [City, State]  
**Staff RN**  
*January 1998 – January 2000*  
- Provided direct patient care in home settings, managing a patient load of 7-10 per day.  
- Developed care plans and set appropriate goals for patient needs, ensuring quality outcomes and support for staff.  

**[Company Name]** – [City, State]  
**Staff RN**  
*January 1996 – January 1998*  
- Delivered direct patient care as directed by physicians, collaborating with multidisciplinary teams to promote and restore patient health.  

---

**Education**  
**Bachelor of Science in Healthcare Administration**  
University of Phoenix, [City, State] - 2005  
*Graduated with Honors*  

**Associate Degree in Nursing**  
Northwest Mississippi Community College, [City, State] - 1996  

**Diploma in Nursing**  
Methodist Hospital School of Nursing, [City, State]  

**Pre-requisite Coursework**  
Southwest Tennessee Community College, [City, State]  

---

**Licenses**  
- Registered Nurse, State of Mississippi, 1998  

---

**Skills**  
- Accounting and Financial Management  
- Business Development  
- Case Management  
- Documentation and Quality Assurance  
- Regulatory Compliance  
- Staff Supervision and Training  
- Strategic Planning and Execution  
- Customer Service and Relationship Management  

---

**References Available Upon Request**  

--- 

This polished resume emphasizes your leadership experience, strategic contributions, and core competencies while maintaining a professional tone. Be sure to fill in the placeholders with your specific information.",,
99714410,CONSULTANT,0.0,False,data analysis,,{},"{('currency', 24000000.0): 1, ('currency', 35000000.0): 1, ('currency', 9000000.0): 1, ('currency', 10000000.0): 1, ('percentage', 40.0): 2, ('percentage', 100.0): 1, ('percentage', 8.0): 1, ('percentage', 55.0): 1, ('percentage', 80.0): 1, ('percentage', 140.0): 1, ('percentage', 91.0): 1, ('number', 350.0): 1, ('number', 3.0): 1}",0,False,False,False,"CONSULTANT
Executive Profile
P&L MANUFACTURING/ENGINEERING & SUPPLY CHAIN EXECUTIVE Increasing Revenues Profitability and EBITDA Coaching and
Leading Teams Operational Turnarounds Strategic Planning Creative Solutions Creating Value Driving Results Highly accomplished P&L
manufacturing executive with a proven track record in leading manufacturing and distribution businesses by utilizing lean tools in the value adding
stream. Turnaround experience. Increasing price/earnings multiples and stockholder value. Developed and implemented strategic plans. Ability to
attract and retain key personnel. Excellent at coaching and mentoring key personnel in all disciplines. Knowledgeable of QS 9001, ISO/TS 16949,
logistics and new product launches. SOX compliant. Trained in lean manufacturing by Eliyahu M. Goldratt, author of ""The Goal"". KPI Metrics and
measurements driven. Increased company value by $30 million Reduced inventories by 40% Reduced assembly labor by 60% Increased earnings
per share by $1.25. Delivered expected results in safety with a company record of 176 days without lost time accidents. Made processes reliable
and repeatable to achieve quality standards in single digit PPMs. Achieved a 100% on time delivery with sequence scheduling Managed both union
and non-union employees ranging from staffing of 150 to 2,000 personnel. Ability to diagnose performance problems quickly and implement
solutions. Establish targets and goals with accountability measures and apply strong constraint analysis capability with data analysis and business
modeling techniques to resolve issues required to achieve results. Also operational turnaround management experience.
Skill Highlights
Ability to attract and retain key personnel. Excellent at coaching and mentoring key personnel in all disciplines. Get teams involved by
incorporating their ideas. Promote a culture of strong ownership. Encourage employees to do their best. MS Windows XP, MS Office XP,
(Word, Excel and PowerPoint), Visio, MS Project and MS Outlook. (Proficiency level with is excellent.) - ERP / MRP (JD Edwards, BAAN).
Professional Experience
January 2002 to Current Company Name ï¼​ City , State
Setting and implementing goals with the CEO and committing to delivering positive results until all goals are completed.
A shop floor hands-on approach leading shop floor teams in lean manufacturing and continuous improvements.
Conducted assessment and implementation engagements.
Lean Tools Utilized Toyota Production System *JIT *Kaizen Kanban *5S *Takt time Poka-Yoke *SMED *Heijunka Eight D *5Y
*DMAIC Theory of Constraints *Value Stream Mapping *Work Cell Technology Demand Flow Applications *Focused Factory *Flexible
Manufacturing Concepts Time-Based Principles *Synchronous Manufacturing *Supply Chain Management KPI's *High Velocity
Management *Standardization Multi-Plant Operations *Cost Controls Cost Accounting *A3 Process New Product Launches *Logistics
*Complex problem solving Examples on value adding contributions are as follows: Implemented lean manufacturing for an automotive
stamping and welded assemblies' plant.
Increasing company value by $30,000,000.
Tier I to Ford & GM and Tier II to Johnson Controls, Lear, Shape and others.
Implemented a lean sequence scheduling methodology, reducing inventories by 40%, and reducing operating costs by $1 million, while
initiating JIT protocols with steel suppliers.
Lean manufacturing implementation - Increased company value at an automotive stamping and insert molding plant by $24,000,000
annually.
Implemented JIT and synchronous scheduling resulting in a 40% reduction in inventory, 100% on time deliveries.
Made processes reliable and repeatable to achieve single digit PPMs.
Streamlined packaging processes at an aerospace manufacturer increasing departmental efficiency by 30% increasing capacity by 40%.
Implemented a purchasing strategic sourcing program, reducing material costs by 8%.
Established process improvement program for a major farm equipment and machinery manufacturer, increasing annual throughput by
$35,000,000.
Initiated continuous improvement processes for a cellophane manufacturer, increased profits by $9,000,000.
Designed and installed world class manufacturing plants utilizing demand flow and cellular manufacturing, reducing factory labor by 55%.
Consultant
January 2000 to January 2002 Company Name ï¼​ City , State
Lean Manufacturing.
January 1987 to January 2000 Company Name ï¼​ City , State
As a manufacturing executive of The Wurlitzer Company developed the corporate strategies, and provided the leadership and direction for
turnaround to achieve P&L and balance sheet objectives for this manufacturer.
Direct reports include manufacturing, engineering, maintenance, purchasing, scheduling, inventory and all supply chain management functions,
logistics, new product launches, engineering, human resources, accounting and quality.
Identified critical success factors and implemented performance improvements teams.
Results of implemented strategies include: Increased earnings per share by $1.25 year over year.
Implemented major process improvements at plants resulting in a 350-employee reduction by installing advanced manufacturing technology,
a $13,500,000 savings.
Reduced material costs by $10,000,000 through strategic sourcing and vendor consolidation.
Utilizing lean to make processes reliable and repeatable reduced scrape costs by 80%.
Restructured contract manufacturing facility resulting in a $10,000,000 reduction in operating costs.
Through the use of JIT, reduced inventories by 40%.
Increased production output by 140% by implementing an automotive plant assembly line process for piano assembly operations.
Utilizing manufacturing cell and focused factory concepts at sub-assembly manufacturing and delivering completed sub-assemblies to final

assembly line operations Reduced unfavorable manufacturing variances by 91%.
President & CEO
January 1984 to January 1987 Company Name ï¼​ City , State
Full profit and loss responsibility for all multi-pant building and industrial multi-products international manufacturing operations consisting of 3
manufacturing plants in the United States, a wholly owned subsidiary in Canada and a joint venture in England.
Made a strategic acquisition, with 400 employees, and integration to expand product line and utilize the same marketing channels and
integration into the organization.
Worked with the company's senior management team based in the United States, Canada, and England to establish goals and key
performance indicators and driving metrics in an effort to reverse shrinking market share, decrease operating costs, and create positive cash
flow.
EBIT increased by 325% and revenues by 285%.
Education
MBA Fairleigh Dickinson University GPA: cum laude cum laude
BS University of Richmond. AA - Valley Forge Military Academy Mentored by disciples of Eliyahu M. Goldratt in Lean manufacturing
Skills
accounting, approach, automotive, BAAN, balance sheet, cash flow, coaching, continuous improvement, Cost Accounting, direction, driving,
ERP, senior management, human resources, inventory, JD Edwards, leadership, TEAM BUILDING, Lean Manufacturing, Logistics, machinery,
marketing, market, mentoring, Excel, MS Office, MS Outlook, PowerPoint, MS Project, MS Windows XP, Word, MRP, packaging, personnel,
piano, problem solving, processes, process improvement, profit and loss, protocols, purchasing, quality, scheduling, strategic, strategic sourcing,
Supply Chain Management, Visio

","**[Your Name]**  
[Your Address]  
[City, State, Zip]  
[Your Phone Number]  
[Your Email Address]  
[LinkedIn Profile]  

---

**EXECUTIVE PROFILE**  
Dynamic and results-driven P&L Manufacturing, Engineering, and Supply Chain Executive with a proven track record in enhancing revenue, profitability, and EBITDA. Expert in operational turnarounds, strategic planning, and implementing creative solutions that drive value and results. Highly skilled in leading teams and coaching personnel across disciplines, with extensive experience in lean manufacturing principles and compliance standards such as QS 9001 and ISO/TS 16949. 

**Key Achievements:**
- Increased company value by $30 million through strategic initiatives.
- Reduced inventory levels by 40% and assembly labor by 60%.
- Boosted earnings per share by $1.25.
- Achieved a record of 176 days without lost-time accidents.
- Established processes that consistently meet quality standards with single-digit PPMs.
- Attained 100% on-time delivery through effective sequence scheduling.
- Managed diverse teams of 150 to 2,000 employees, both union and non-union.

---

**CORE COMPETENCIES**  
- Talent Acquisition & Retention  
- Coaching & Mentoring  
- Lean Manufacturing & Continuous Improvement  
- Strategic Planning & Execution  
- P&L Management  
- Supply Chain Optimization  
- KPI Development & Measurement  
- Complex Problem Solving  
- ERP/MRP Systems (JD Edwards, BAAN)  
- Proficient in Microsoft Office Suite (Word, Excel, PowerPoint, Project, Outlook), Visio

---

**PROFESSIONAL EXPERIENCE**  

**[Company Name]** – [City, State]  
*Consultant*  
*January 2002 – Present*  
- Collaborate with the CEO to set and implement strategic goals, ensuring positive outcomes through hands-on leadership on the shop floor.
- Conduct assessments and implement lean manufacturing tools, including Toyota Production System, JIT, Kaizen, and Value Stream Mapping.
- Key Contributions:
  - Increased company value by $30 million in an automotive stamping and welded assemblies plant.
  - Reduced inventory by 40% and operating costs by $1 million through lean sequence scheduling and JIT protocols.
  - Enhanced departmental efficiency by 30% and capacity by 40% in an aerospace manufacturing environment.

**[Company Name]** – [City, State]  
*Consultant*  
*January 2000 – January 2002*  
- Focused on lean manufacturing implementation, driving continuous improvement initiatives across various sectors.

**The Wurlitzer Company** – [City, State]  
*Manufacturing Executive*  
*January 1987 – January 2000*  
- Developed corporate strategies and provided leadership for turnaround efforts to meet P&L and balance sheet objectives.
- Oversaw all aspects of manufacturing, engineering, supply chain management, and quality assurance.
- Key Achievements:
  - Increased earnings per share by $1.25 year-over-year.
  - Achieved $13.5 million in savings through advanced manufacturing technology and process improvements.
  - Reduced material costs by $10 million via strategic sourcing and vendor consolidation.

**[Company Name]** – [City, State]  
*President & CEO*  
*January 1984 – January 1987*  
- Held full P&L responsibility for multi-plant international manufacturing operations across the U.S., Canada, and England.
- Led a strategic acquisition and integration of a 400-employee facility to enhance product offerings and market reach.
- Drove significant financial growth, with EBIT increasing by 325% and revenues by 285%.

---

**EDUCATION**  
**MBA**, Fairleigh Dickinson University  
*Graduated Cum Laude*

**BS**, University of Richmond  

**AA**, Valley Forge Military Academy  

*Mentored by disciples of Eliyahu M. Goldratt in Lean Manufacturing*

---

**ADDITIONAL SKILLS**  
Accounting, Automotive Manufacturing, Cost Accounting, Human Resources, Logistics, Marketing Strategy, Process Improvement, Strategic Sourcing, Team Building, and Supply Chain Management.

---

**References available upon request.**  

--- 

*Note: Replace placeholders (e.g., [Your Name], [Company Name], [City, State]) with your actual information before submitting.*",,
19497420,PUBLIC-RELATIONS,0.3333333333333333,False,market research;performance management,contract negotiation,"{('currency', 30000000.0): 1}","{('number', 30.0): 1}",0,False,False,False,"FOUNDER/STRATEGIC ACCOUNT DIRECTOR
Links
www.hyvemyanmar.com
Professional Summary
To utilize my expertise and international experience as an Entrepreneur, Strategic PR & Digital Marketing Professional, and Creative
Thinker.
A dynamic professional with over 10 years of experience and a strong background playing a vital role in the development, management,
growth, and retention of key accounts and clients.
Service-oriented leader dedicated to fueling revenues, enhancing client's experience, and achieving top brand loyalty.
Highly adept in performing within high-pressure and deadline-driven environments, driving full project lifecycles with a focus on high-quality
deliverables.
Skills
Management and Operational Leadership Key Account Management
Critical Thinking and Problem Solving Project Management
Networking, Business Development, and Stakeholder Relations Research, Data Analytics, and Reports
Detail-Oriented and Results-Driven Social Media Strategy and Content
Creative Thinker and Effective Writer Creative Mind with Love for Visual Design
Strategy Development & Strategic Planning Articulate Planning an Effective Communication
High-impact Proposal Presentation Don't Take No For An Answer
Work History
Founder/Strategic Account Director 08/2016 to 10/2020
Company Name â€“ City , State , myanmar
Responsible for the overall Operation and Management of the Agency specializing in Integrated Public Relations, Strategic Communications,
and Digital Marketing Services.
Developing overall strategy, conducting market and competitor analysis, coordination with clients and media - overall media strategy and
execution guidelines for high-level projects - consultation on corporate strategy development - networking and business development -
media and government relations and overseeing creative projects.
Built and strengthened industry partnerships to improve product placements, amplify coverage, and maximize the effectiveness of marketing
strategies.
Determined target demographics and devised strategic marketing initiatives to reach target audiences.
Led and managed talented teams of PR Professionals, Content Writers, Digital Marketers, Visual Designers, etc., to plan and implement
project tasks meeting timelines and exceeding expectations.
Managed relationships with high-profile clients and translated marketing and social media needs into results-driven strategies.
Visit www.hyvemyanmar.com see full Agency Profile and Project Portfolio.
Editor-At-Large 06/2014 to 12/2016
Company Name â€“ City , State , Myanmar
Was responsible for - Testing and evaluation of products ranging from Automotive to Computers.
Attending Shows & Fairs, Media Events, Press Conferences, Product Launches, etc., - Preparing, editing, and proof-reading the news,
articles, photos, videos, and product Reviews - collaborated with visual designers to develop and implement visual elements for the Print
Magazine and Website - Coordinate within Management Team for strategic planning of the Magazine.
Assigned stories, led content development meetings, and reviewed completed stories to guide the execution of concepts and tone.
Devised attention-grabbing headlines and summaries for each article, determining the readiness of written pieces, made changes, and
approve final versions for publication.
Worked with graphic artists, post-production team members, and other specialists to produce captivating and successful content.
Developed and optimized online and print strategies to maximize coverage, advertiser funding, and subscriptions.
Establishing & maintaining business relationships with Partners such as Mercedes-Benz, Ford, Land Rover, Samsung, HTC, Asus as well as
clients for advertising purposes and customers.
Helped launched Myanmar's First & Only, International Standard, Hands-on Reviews based Magazine.
Established a reputation as one of the most reliable Product Reviewers in Myanmar.
Procurement Assistant 04/2010 to 12/2013
Company Name â€“ City , State
Provides procurement, logistical, and administrative support to the HQ supply team in the acquisition of a wide variety of goods and
services.
Reviews, records, and prioritizes purchasing requests and obtains additional information as required; determines the availability of vendors
and funding sources; monitors status of existing requisitions, maintain contact with suppliers to ensure timely delivery of goods and services.
Produces tender documents such as Request for Quotation (RFQ) and more complex ones such as Request for Proposal (RFP) and
Invitation to Bid (ITB) based on the nature of requirements and cost of procurement involved; Collaborate and coordinate with all parties

involved to ensure the tender documents reflect client's requirements and adhere to all rules and regulations.
Prepares abstracts of offers and compile data contained in quotations and bids to determine which supplier can deliver the required
goods/services at the best terms and lowest cost possible as per Financial Rules and Regulations and Procurement Guidelines.
Finalizes Purchase Orders for approval, assists relevant Procurement Officers in supplier selection, negotiations, and preparation of
Contracts on more complex, higher-value purchasing operations; while coordinating with all concerned parties and ensuring appropriate
follow-up action.
Maintains relevant internal databases and files; keeps track of any contractual agreements, systems contracts, etc.
Researches retrieve and present information from a variety of internal and external sources on sources of supply, vendors by commodity, as
well as obtaining specifications for new products and market research.
Effectively and timely liaises with all concerned parties, including the various departments and offices, at all stages of the procurement
process to ensure utmost client satisfaction.
Member of HQ Supply Team which was responsible for procuring, planning, and management of various high-level events, meetings, and
functions as well as UN Examinations.
Portfolio of over 30 Million worth of Goods & Services procured and/or managed related Contracts.
Carried out t tasks effectively and efficiently and won high praises and great satisfaction from both external vendors and internal clients and
was known for professional, diligent, and dedicated customer service.
Marketing Manager 09/2008 to 03/2010
Company Name â€“ City , State
Spearheaded the in-house Marketing & Business Development team collaborating and coordinating with government agencies, sub-
consultants, senior management, project managers, engineers, architects in creating world-class Architectural, Engineering, Construction
related Request for Proposals (RFP), Request for Qualifications (RFQ), and Expression of Interest (EOI).
Collaborated with senior sales, engineering, and other business development executives to create best practices marketing initiatives and
media positioning for vertical markets.
Built brand awareness and generated leads while managing internal and external marketing campaigns and programs.
Grew new business connections by strategically networking with industry experts. Provided support for executive leaders and provided
detailed reports for business strategies, while cultivating partnerships with clients.
Coordinate with project managers in the selection and recommendation of appropriate projects and personnel to be included in the
proposal, according to the Request for Proposal (RFP) as well as preparing Cost Estimates and Project Schedules. Help prepared
comprehensive technical write-ups for proposals.
Proofread and edit technical proposal text written by a project manager and engineers for proper grammar, spelling, comprehension, and
style. Also proofread and edit existing project summaries and resumes of project personnel, and other supporting materials.
Designed and implemented an ""RFP Database"" of knowledge and responses to streamline the RFP workflow and business process.
Actively participate in the improvement of the look and feel of EWF's proposal design. Track, measure, and analyze the win/loss rates of
RFP/RFI response sales. Maintain and own vendor relationships, budget, and performance management.
Have won projects worth over $ 8 Million in total - Established an automated RFP management and coordination system for convenience
and accuracy in developing proposals.
Transformed corporate website and social media platforms to better engage customers and promote sales, designed a comprehensive
qualifications package and marketing materials for an extensive marketing campaign during the firm's transition period
Improved product marketing objectives by constructing communication initiatives and branding strategies to increase client outreach.
Education
Professional Certificate : Social Media 10/2020 Coursera + Facebook - City
Professional Certificate : Public Relations And Organizational Communication 01/2017 National University Of Singapore - City
No Degree : Ethics in Procurement United Nations Training - City
Professional Certificate : Project Management 05/2009 New Jersey Institute Of Technology - City
Bachelor of Science : Computer Science 05/2007 Salem University - City
Bachelor of Arts : Law 2004 University Of Distance Education - City

","**FOUNDER / STRATEGIC ACCOUNT DIRECTOR**  
[Links]  
[www.hyvemyanmar.com](http://www.hyvemyanmar.com)  

---

**Professional Summary**  
Dynamic entrepreneur and strategic PR & digital marketing professional with over 10 years of international experience. Proven track record in developing, managing, and growing key accounts and client relationships. A service-oriented leader dedicated to driving revenue, enhancing client experiences, and fostering brand loyalty. Highly skilled in navigating high-pressure, deadline-driven environments, with a focus on delivering high-quality results throughout the project lifecycle.

---

**Core Skills**  
- Management and Operational Leadership  
- Key Account Management  
- Critical Thinking and Problem Solving  
- Project Management  
- Networking, Business Development, and Stakeholder Relations  
- Research, Data Analytics, and Reporting  
- Detail-Oriented and Results-Driven  
- Social Media Strategy and Content Development  
- Creative Thinking and Effective Writing  
- Visual Design and Strategy Development  
- Articulate Communication and Planning  
- High-Impact Proposal Presentation  

---

**Work Experience**  

**Founder / Strategic Account Director**  
[Company Name] – City, State, Myanmar  
08/2016 - 10/2020  
- Led the overall operations and management of an agency specializing in integrated public relations, strategic communications, and digital marketing services.  
- Developed comprehensive strategies through market and competitor analysis, coordinating with clients and media to execute high-level projects.  
- Consulted on corporate strategy development, business development, and media/government relations while overseeing creative projects.  
- Built and strengthened industry partnerships to enhance product placements, amplify media coverage, and optimize marketing strategies.  
- Identified target demographics and created strategic marketing initiatives to effectively reach target audiences.  
- Managed and led teams of PR professionals, content writers, digital marketers, and visual designers to deliver projects on time and exceed expectations.  
- Cultivated relationships with high-profile clients, translating marketing and social media needs into results-driven strategies.  
- For a comprehensive agency profile and project portfolio, visit [www.hyvemyanmar.com](http://www.hyvemyanmar.com).

**Editor-at-Large**  
[Company Name] – City, State, Myanmar  
06/2014 - 12/2016  
- Conducted product testing and evaluation across various sectors, including automotive and technology.  
- Attended media events, press conferences, and product launches, preparing and editing articles, photos, and product reviews.  
- Collaborated with visual designers to enhance the print magazine and website, ensuring alignment with strategic planning.  
- Assigned stories, led content development meetings, and reviewed articles to maintain quality and coherence.  
- Developed engaging headlines and summaries, overseeing the final approval of written content for publication.  
- Worked with graphic artists and post-production teams to produce captivating content.  
- Established and maintained business relationships with partners such as Mercedes-Benz, Ford, and Samsung, enhancing advertising opportunities.  
- Launched Myanmar's first international standard hands-on product review magazine, gaining recognition as a reliable product reviewer.

**Procurement Assistant**  
[Company Name] – City, State  
04/2010 - 12/2013  
- Provided procurement, logistical, and administrative support to the HQ supply team for a diverse range of goods and services.  
- Reviewed and prioritized purchasing requests, monitored requisition statuses, and maintained supplier relationships for timely deliveries.  
- Produced tender documents, including RFQs and RFPs, ensuring compliance with client requirements and procurement regulations.  
- Compiled and analyzed data from quotations and bids to identify the best suppliers based on terms and costs.  
- Finalized purchase orders and assisted procurement officers in supplier selection and contract negotiations.  
- Maintained internal databases and tracked contractual agreements to ensure compliance and efficiency.  
- Collaborated with various departments to ensure client satisfaction throughout the procurement process.  
- Contributed to the successful management of high-level events and functions, overseeing a portfolio worth over $30 million in goods and services.

**Marketing Manager**  
[Company Name] – City, State  
09/2008 - 03/2010  
- Spearheaded the in-house marketing and business development team, collaborating with government agencies and project teams to create world-class proposals.  
- Developed best practices for marketing initiatives and media positioning in vertical markets.  
- Increased brand awareness and generated leads through effective internal and external marketing campaigns.  
- Fostered new business connections through strategic networking and partnership cultivation.  
- Coordinated with project managers on proposal development, cost estimates, and project schedules.  
- Designed and implemented an RFP database to streamline workflow and improve efficiency.  
- Achieved over $8 million in project wins by enhancing proposal design and tracking win/loss rates.  
- Transformed the corporate website and social media presence to better engage customers and promote sales.

---

**Education**  
- **Professional Certificate in Social Media**  
  Coursera + Facebook, 10/2020  
- **Professional Certificate in Public Relations and Organizational Communication**  
  National University of Singapore, 01/2017  
- **Ethics in Procurement (No Degree)**  
  United Nations Training  
- **Professional Certificate in Project Management**  
  New Jersey Institute of Technology, 05/2009  
- **Bachelor of Science in Computer Science**  
  Salem University, 05/2007  
- **Bachelor of Arts in Law**  
  University of Distance Education, 2004  

--- 

This polished resume emphasizes clarity, structure, and impact while maintaining the integrity of the original content.",,
37560528,ADVOCATE,0.0,False,conflict resolution,,{},"{('date_year', 2009.0): 1, ('date_year', 2011.0): 1, ('number', 4.0): 1, ('number', 10.0): 1, ('number', 2.0): 2, ('number', 2009.0): 1}",1,False,False,False,"DOMESTIC VIOLENCE COUNSELOR ADVOCATE
Summary
I am a responsible self-starter who communicates well and is dedicated to providing great customer service and staff support. I am comfortable
working autonomously or in a team-based setting. I am both calm andÂ focused, greatÂ at prioritizing, completing multiple tasks simultaneously
and following through to achieve project goals.Â
Experience
01/2015 - Current
Company Name ï¼​ City , State Domestic Violence Counselor Advocate The nonprofit organization that I work for has had a contract with the
Department of Children and Family Services of San Bernardino County since 2010 to provide Domestic Violence counseling, education,
advocacy and support for their staff and clients at their Eastern office. I work onsite at the county office Monday through Friday 8am to 5pm and
provide the follow Duties; crisis intervention, trauma informed care, preventative services, and support services to victims of domestic violence;
their families, as well as CFS staff. Services include assessing victims for danger, safety planning, assisting victims to get into emergency shelter,
providing weekly domestic violence education classes and groups, accompany and advocate for clients at the Juvenile Dependency and or
superior court, as well as linking victims up with additional resources in their community. How I provide support services to the department staff is
by attend daily RAM's (Risk Assessment Meetings). These are meetings where the social workers and I provide the information collected from the
family and present them to CFS social workers, supervisors and management regarding which key factors are present, which are not, assessing the
degree of risk in a family and if the family has a plan, support system and the likelihood of future maltreatment to a child or adolescent. I will also
attend TDM's (Team Decision Making meetings) a Team Decision Making meeting is a collaborative process designed to produce the best joint
decision concerning the family, the child's safety and placement, with contributions from: Children, Family, CFS staff, family members/parents, the
child (when appropriate), community partners, service providers, foster parents, family's support networks, and other supports as invited.Â I
follow-up and documented the outcome of each referral till services are completed and cases are closed. I also present yearly workshops and
training for CFS staff, new hires and interns regarding domestic violence. I also continuously develop and provide brochures, written material and
the latest information to raise the awareness of domestic violence. Part of my regular office duties includes completing a daily service log, daily case
notes, new client intakes, preparing referral outcome reports and letters for the department or court and monthly summary reports. Â
02/2013 - 07/2015
Company Name ï¼​ City , State Shelter Hotline Advocate I took a graveyard position at this shelter working 4 nights a week 10 hours each night
from 10pm to 8am my duties included; Taking nightly hotline calls: conducting crisis intervention over the phone and in person, conducting shelter
intakes if appropriate or referring the caller to other requested resources in their community. I would provide onsite supervision of the shelter and
its residence overnight. Daily duties included: Walking the shelter every hour assuring that the residents follow the house rules for example safety,
bed time, curfew, noise level and any conflict resolution that may occur. Working with shelter clients consisted of teaching independent living skills
such as, cooking, household chores, laundry, personal hygiene, interpersonal communication, and the effects of domestic violence as well as
working with them on communal living skills. Occasionally I would dispense medication, first aid, hygiene products or transporting the clients and
their children to the ER as needed. Â I performed daily documentation of client's behavior, actions and needs that they may have throughout the
night in their file. Part of my administrative duties was to maintain, update and submit accurate documentation of our hotline reports, and closing the
files of clients that exited the shelter. I would also make sure the shelter and offices were maintained in a clean, organized fashion by providing a
variety of housekeeping functions on a daily basis. I was frequently asked to ensure that all new personal were well versed and trained on the
overnight shelter operations and procedures by providing training for new employees, interns and volunteers.Â
08/2008 - 04/2013
Company Name ï¼​ City , State Domestic Violence Counselor Advocate
I began working with this agency as an administrative assistant helping the office program director, my regular office duties included, answering and
screening a heavy volume of phone calls which for the first 2 years included hotline calls, handling the mail, filing, making copies, maintaining
accurate inventory of office supplies, ordering supplies and assisting Clients with intake paper work. After completing the state mandated 40 hour
training I worked my way up to advocate part of my new duties included assessing clients and providing crisis intervention when needed. I
facilitated support groups and life skills, empowerment workshops. In 2009 when our office program director left I took over managing the day to
day operations of our outreach center as well as working with clients one on one from 2009-2011. The added responsibility was to coordinate
with a local organization that provided us with food for our food pantry when we used to buy the food in the past. I collaborated with local
community partners, agencies and organizations so that we all work together to provide clients and their families with as many services as they
need on the mountain. I planned and put on fundraisers and event in the community to raise awareness for domestic violence and sustain our
agency, this was accomplished by our take back the night event, our candlelight walk, ice cream social as well as tabling at yearly resource fairs
and making presentation to our local schools, agencies and organization. I was also responsibly to train our new office hires and volunteers as well
as doing my part in presenting at our State Mandated Domestic Violence training that the agency conduct 2 times a year. Â
09/2005 - 07/2007
Company Name ï¼​ City , State Administrative Assistant My general office duties included fielding and screening phone calls for administration and
sales representatives. I handled daily billing and invoicing for two office locations one being out of state in Saint Louis MO. I was responsible for all
the accounts receivable and collections. I assisted in coordinating LTL shipping and prepared import documentation for customs, Acor imported
their ball bearing parts from China. I prepared all daily reports, spreadsheets, return goods authorizations and payable verification and verified
potential client's credit references and provided references for existing clients.
09/2000 - 06/2005
Company Name ï¼​ City , State Administrative Assistant
My responsibilities included conducting I-9 review, drug test, reference and criminal background checks on potential employees in accordance
with EEOC regulations and agency standards. Â My daily duties included updating and maintaining client and employee data on the agency's
computerized system. Performed clerical duties such as typing, faxing, and sending e-mails, as well as, handling all of the agency's correspondence.
I addressed clients and employees inquiries/concerns by assisting them or directing them to the appropriate party in a timely manner. I scheduled
and conducted interviews with clients and potential employees. I performed follow-ups with clients during employees first month of work and
checked on them on a regularly basis. Responsible for all accounts receivable and accounts payable. I also created and maintained the agency's

website.
Education
1995
Citrus College General Education General Education
1992
Glendora High School West College Medical Assistant High School Diploma Domestic Violence 40hour training
Languages
Bilingual Fluent in Spanish
Skills
Microsoft Office: Word, Excel, Power Point, Outlook * Programs: AIMsi, OMS Systems, UPS Worldship and ALICE, Apricot. * Type 40
WPM, 10-key touch by Sign & Touch

","**DOMESTIC VIOLENCE COUNSELOR ADVOCATE**

**Summary**  
Dedicated and self-motivated professional with excellent communication skills and a strong commitment to providing exceptional customer service and staff support. Comfortable working independently or collaboratively in team settings. Known for maintaining composure under pressure, effectively prioritizing tasks, and successfully managing multiple responsibilities to achieve project objectives.

**Experience**

**Domestic Violence Counselor Advocate**  
*Company Name, City, State*  
*01/2015 - Present*  
- Provide crisis intervention, trauma-informed care, and support services to victims of domestic violence and their families, as well as to staff at the Department of Children and Family Services (CFS) of San Bernardino County.
- Conduct assessments of victims for danger, develop safety plans, assist with emergency shelter placements, and facilitate weekly domestic violence education classes and support groups.
- Advocate for clients in Juvenile Dependency and Superior Court proceedings, linking them to additional community resources as needed.
- Attend daily Risk Assessment Meetings (RAMs) to present collected family information to CFS social workers and management, assessing risk factors and support systems.
- Participate in Team Decision Making (TDM) meetings to collaboratively determine the best decisions for family safety and child placement.
- Document outcomes of referrals, maintain service logs, and prepare reports for the department and court.
- Deliver annual workshops and training sessions for CFS staff, new hires, and interns on domestic violence awareness and resources.
- Develop and distribute educational materials to raise awareness of domestic violence issues.

**Shelter Hotline Advocate**  
*Company Name, City, State*  
*02/2013 - 07/2015*  
- Managed a graveyard shift, providing crisis intervention via hotline and in-person support, conducting shelter intakes, and referring callers to community resources.
- Supervised shelter residents overnight, ensuring adherence to house rules and resolving conflicts as they arose.
- Taught independent living skills, including cooking, household management, and personal hygiene, while addressing the effects of domestic violence.
- Documented client behavior and needs, maintained accurate hotline reports, and managed client files upon exiting the shelter.
- Ensured cleanliness and organization of the shelter, while training new staff, interns, and volunteers on overnight operations and procedures.

**Domestic Violence Counselor Advocate**  
*Company Name, City, State*  
*08/2008 - 04/2013*  
- Initially served as an administrative assistant, managing phone calls, handling mail, and assisting clients with intake paperwork.
- Completed state-mandated 40-hour training to become an advocate, providing crisis intervention and facilitating support groups and empowerment workshops.
- Managed day-to-day operations of the outreach center, coordinating food pantry services and collaborating with local organizations to enhance client support.
- Planned and executed community events to raise awareness for domestic violence, including fundraisers and presentations at schools and resource fairs.
- Trained new hires and volunteers, contributing to state-mandated domestic violence training sessions.

**Administrative Assistant**  
*Company Name, City, State*  
*09/2005 - 07/2007*  
- Managed phone communications for administration and sales, handled billing and invoicing across multiple locations, and maintained accounts receivable and collections.
- Coordinated shipping logistics and prepared import documentation for customs.

**Administrative Assistant**  
*Company Name, City, State*  
*09/2000 - 06/2005*  
- Conducted I-9 reviews, drug tests, and background checks for potential employees in compliance with EEOC regulations.
- Maintained client and employee data, handled correspondence, scheduled interviews, and performed follow-ups to ensure employee satisfaction.

**Education**  
- **Citrus College**  
  General Education, 1995  
- **Glendora High School**  
  High School Diploma, 1992  
  *Completed 40-hour Domestic Violence Training*

**Languages**  
- Bilingual: Fluent in Spanish

**Skills**  
- Proficient in Microsoft Office Suite (Word, Excel, PowerPoint, Outlook)  
- Familiar with AIMsi, OMS Systems, UPS Worldship, ALICE, and Apricot  
- Typing speed: 40 WPM; 10-key touch proficiency  

This revised resume enhances clarity, structure, and impact while maintaining the integrity of the original content.",,
82246962,ENGINEERING,0.5,False,FEA;lean manufacturing;manufacturing engineering,electrical engineering,{},"{('number', 7.0): 2, ('number', 86.0): 2, ('number', 4.0): 1}",0,False,False,False,"TEST ENGINEERING
Profile
I am seeking the challenging position with a technology company that will allow me to apply and enhance my skills of being Test Engineer to their
fullest potential. Possessing over 10 years of experience in the electronics manufacturing and test engineering environment can bring high level of
responsibility and technical role in your company. In addition, I am eager to contribute my creativity and hard work towards the success of your
company and to the growth of the fast developing field.
Areas of Expertise
Digital/Analog and RF Circuits Design Techniques and Troubleshooting, used Agilent E5061B-3L5 LF-RF Network Analyzer for
troubleshooting
Proficient with circuit board and microscope soldering skills and rework
Interpret in reading schematic diagram for AC/DC circuits
View Expert CAD Design software operating experience
TEXMAC Flying probe 9000 series program experience
Agilent 83480A Digital Communication Analyzer operating experience
Employment Hands on Computer Skills
Python Scripting for test automation
Solaris 10 OS, Linux Mandrake and Red Hat OS Configuration
SQL Server Configuration
UNIX Script & Shell Programming
Networking Essentials
Networking Cabling Cat5e, Cat6 and Fiber Optic
TCP/IP and OSI Layers Knowledge
Windows XP Pro-Win 7 Mac OS X Leopard
PC Hardware Installation PC Troubleshooting
PC Software Installation Routers and Switches
Cable Modems Experience
Network Subnetting, routing and addressing
Professional Experience
Test Engineering Feb 2006 to Current
Company Name ï¼​ City , State
Perform component debugging on the complex android mobile technology products with Android Debug commands.
Bring up ongoing reliability lab for the android device compliance testing that includes tumble test, drop test, button cycling test, thermal
testing and humidity environment testing.
Troubleshoot and perform final root cause failure analysis on the component level for Riverbed Steelhead, Sturgeons, and Interceptors
WAN optimization hardware appliances.
Responsible to perform functional test and system level validation, Report directly to the customer's quality engineering department with final
failure analysis data results on RMA/FA systems.
Manage RMA returns and process orders.
Perform incoming quality check on the RMA systems.
Upgrade firmware or software if required.
Use test equipment tools Digital/Analog meters, Signal Generators, Oscilloscope Tektronix TDS 3052, Fluke 26III True RMS MM meter
to find root cause on the electrical circuits.
TestExpert CAD for signal view.
Directly work with customer's engineers to resolve all test related issues and act as primary technical customer interface.
Prepare and develop test process procedures and disseminate test-engineering standards for developed test systems.
Measure and control test debug WIP.
Stay abreast of technology trends.
Design, develop, maintain test procedures, and tester software for electronic circuit board production.
Support junior technicians with failure analysis, tester debugging, reduction of intermittent failures.
Review test equipment designs, data and RMA issues with customers regularly.
Support backend production floor with BOM breakdown for Intel X-86 server platform, Created Visual Aids.
work instructions for assemblies from frontend to backend.
Properly implement ECO, ECN, Deviations, SPIs and ETN rework on the production floor.
Design barcode labels with loftware design software for assemblies and subassemblies.
Create MES routes for the assemblies and controlled process verification in the MES system.
Bronze Six Sigma certified.
Participate in Lean manufacturing eg.
The 5S's, Kaizen Blitz or Events, QRQC, Workflow Analysis, Layouts & workcell design, Kanban, Simulated continuous flow, De-
bottlenecking, Takt Time and other process related improvements, FPY reports for test matrix, Test Debug WIP reports.
Applied Lean Six Sigma methodologies to improve production process.
Work with Test and Manufacturing engineering departments for DFT and developed test programs.
Extensive experience in NPI environment and NPI process improvements, customer's NPI projects portfolio includes McAfee, Riverbed,
HP, Silverspring networks, NEC, Cisco, Pocketfinder, Sunpower & Sable networks.

Traveled domestic and overseas to coach diagnostic technicians for new customers and existing customer product lines.
Integration System Engineer Jul 2005 to Feb 2006
Company Name ï¼​ City , State
Responsible to create proposals, design Security Access Control, CCTV Surveillance System and Alarm Systems for Government,
Commercial, and Residential customers.
Provided Technical Support to Field Technicians and customers.
Install GPS tracking devices on fleet vehicles.
Lab Technician Apr 2003 to Jul 2005
Company Name ï¼​ City , State
Work directly with the company's Vice President of engineering on the development of alarm verification VIT system.
Support development of new production and R&D engineering department overseas with BOM breakdown, Visual Aids, Schematics
improvements and US FCC compliance requirements.
Daily job duties included test and Troubleshoot CCTV Security products.
Performed electrical conformance testing with Agilent 83480A Digital Communication Analyzer.
Introduce new product lines to the customer and marketing department.
Provided Technical Support on all company products on phone and via email.
Test Technician III Jan 2002 to Mar 2003
Company Name ï¼​ City , State
Test and troubleshoot flat touch screens and report daily test reports to engineering department.
Trained new employees to perform task on assembly lines.
Production Test Technician II Oct 2000 to Nov 2001
Company Name ï¼​ City , State
Certified WWOPS Final Analysis Manufactured Training.
Ability to Test and Debugged all SUNFIRE mid and high series servers.
Generate daily work report on failed CPU boards and other components.
Experience in Assembly line, Kitting and pack out.
Assisted Manufacturing Engineers to installed and tested new features on a servers.
Interpret and very familiar with SUN Microsystems technical docs on Netscape interanet.
Test Technician I Mar 1999 to Sep 2000
Company Name ï¼​ City , State
Directly work with Engineers on new customer products for Telecommunication Servers.
Performed test and repaired bad main boards, worked on SMT machines on a production.
Education
BSEE 2016 Northwestern Polyphonic University ï¼​ City , State
Associate Degree , Physics, Chemistry and Mathematics 2001 D.A.V. College Jalandhar City GPA: GPA: 4.0 GPA: 4.0
AAS Degree , Electronics Technology Heald College School of Technology ï¼​ City , State Electronics Technology
Skills
Assembly, automation, Cable Modems, Cabling, CAD, Cat5, Cisco, coach, hardware, CPU, DC, debugging, DFT, Design software, electronics,
email, features, functional, Government, GPS, HP, Intel, Linux, Logic Analyzer, Mac OS, marketing, McAfee, MES, Access, Win 7, Windows
XP, NEC, Netscape, Network, Networking, Networking Essentials, networks, OS, optimization, Oscilloscope, OSI, PC Hardware Installation,
PC Software, PC Troubleshooting, proposals, Python, quality, reading, Red Hat, RMS, Routers, routing, Schematics, Servers, Shell
Programming, Script, Scripting, Signal Generators, Six Sigma, Solaris, soldering, SQL Server, SUN Microsystems, Switches, TCP/IP, TDS,
Technical Support, Telecommunication, phone, test equipment, Troubleshoot, Troubleshooting, UNIX, Upgrade, validation, View, WAN,
Workflow Analysis, X-86

","**TEST ENGINEERING RESUME**

---

**Profile**  
Dynamic and results-driven Test Engineer with over 10 years of experience in electronics manufacturing and test engineering. I am seeking a challenging position within a technology company where I can leverage my technical expertise and creativity to contribute to the success of the organization and the advancement of the rapidly evolving industry. 

---

**Areas of Expertise**  
- **Circuit Design and Troubleshooting**: Proficient in digital, analog, and RF circuit design techniques, utilizing Agilent E5061B-3L5 LF-RF Network Analyzer for troubleshooting.
- **Soldering and Rework**: Skilled in circuit board soldering and rework using microscopes.
- **Schematic Interpretation**: Ability to read and interpret schematic diagrams for AC/DC circuits.
- **Test Equipment Proficiency**: Experienced with TEXMAC Flying Probe 9000 series, Agilent 83480A Digital Communication Analyzer, and various digital/analog meters and oscilloscopes.
- **Automation and Scripting**: Proficient in Python scripting for test automation.
- **Operating Systems**: Knowledgeable in Solaris 10, Linux (Mandrake and Red Hat), and UNIX shell programming.
- **Networking**: Familiar with TCP/IP, OSI layers, and network cabling (Cat5e, Cat6, and fiber optic).

---

**Professional Experience**  

**Test Engineer**  
*Company Name, City, State*  
*February 2006 - Present*  
- Conduct component debugging on complex Android mobile technology products using Android Debug commands.
- Established and manage a reliability lab for compliance testing of Android devices, including tumble, drop, button cycling, thermal, and humidity tests.
- Perform root cause failure analysis on Riverbed Steelhead, Sturgeons, and Interceptors WAN optimization hardware appliances.
- Execute functional tests and system-level validations, reporting directly to the customer’s quality engineering department with final failure analysis data on RMA/FA systems.
- Oversee RMA returns, process orders, and conduct incoming quality checks on RMA systems.
- Upgrade firmware and software as needed, utilizing test equipment such as Tektronix TDS 3052 oscilloscopes and Fluke 26III True RMS multimeters.
- Collaborate with customer engineers to resolve test-related issues and serve as the primary technical interface.
- Develop and disseminate test process procedures and engineering standards for test systems.
- Mentor junior technicians in failure analysis and tester debugging, while reviewing test equipment designs and data with customers.
- Implement engineering change orders (ECO), engineering change notices (ECN), and other process improvements.
- Participate in Lean Six Sigma initiatives to enhance production processes and improve overall efficiency.

**Integration System Engineer**  
*Company Name, City, State*  
*July 2005 - February 2006*  
- Designed and proposed security access control, CCTV surveillance, and alarm systems for government, commercial, and residential clients.
- Provided technical support to field technicians and customers.
- Installed GPS tracking devices on fleet vehicles.

**Lab Technician**  
*Company Name, City, State*  
*April 2003 - July 2005*  
- Collaborated with the Vice President of Engineering on the development of alarm verification VIT systems.
- Supported new production and R&D engineering departments with BOM breakdowns, visual aids, and compliance with US FCC requirements.
- Conducted electrical conformance testing using the Agilent 83480A Digital Communication Analyzer.

**Test Technician III**  
*Company Name, City, State*  
*January 2002 - March 2003*  
- Tested and troubleshot flat touch screens, providing daily reports to the engineering department.
- Trained new employees on assembly line tasks.

**Production Test Technician II**  
*Company Name, City, State*  
*October 2000 - November 2001*  
- Completed WWOPS Final Analysis Manufacturing Training.
- Tested and debugged SUNFIRE mid and high series servers, generating daily reports on failed components.

**Test Technician I**  
*Company Name, City, State*  
*March 1999 - September 2000*  
- Collaborated with engineers on new telecommunications server products, testing and repairing main boards.

---

**Education**  
**Bachelor of Science in Electrical Engineering (BSEE)**  
*Northwestern Polytechnical University, City, State*  
*2016*

**Associate Degree in Physics, Chemistry, and Mathematics**  
*D.A.V. College, Jalandhar City*  
*2001*  
*GPA: 4.0*

**Associate of Applied Science (AAS) in Electronics Technology**  
*Heald College School of Technology, City, State*  

---

**Certifications**  
- Bronze Six Sigma Certified

---

**Skills**  
- Assembly, Automation, CAD, Debugging, DFT, Electronics, Networking, Technical Support, Test Equipment, Troubleshooting, UNIX, and more.

---

This polished resume enhances clarity, structure, and impact while maintaining the integrity of the original content.",,
38753827,INFORMATION-TECH,0.8333333333333334,False,help desk,,{},"{('date_year', 2003.0): 1, ('date_year', 1996.0): 1, ('date_year', 1994.0): 1, ('currency', 38000000.0): 1, ('currency', 2000000.0): 1, ('currency', 100000.0): 1, ('currency', 50000.0): 1, ('percentage', 99.9): 1, ('number', 175.0): 1, ('number', 7.0): 2, ('number', 8.0): 1, ('number', 35.0): 1, ('number', 2008.0): 2, ('number', 2012.0): 1, ('number', 800.0): 1, ('number', 2003.0): 3, ('number', 2000.0): 4, ('number', 500.0): 1, ('number', 300.0): 1, ('number', 85.0): 1, ('number', 95.0): 1, ('number', 98.0): 1, ('number', 4.0): 1, ('number', 3.0): 1, ('number', 2007.0): 1}",1,False,False,False,"VICE PRESIDENT, INFORMATION TECHNOLOGY
Executive Profile
Performance-driven IT executive experienced in building technology organizations that make IT a strategic partner of the company. Creates IT
competitive advantages in capability and scale by leveraging best-in-class infrastructures. Highly experienced in building, improving, and turning
around IT organizations.
Skill Highlights
IT Strategy Team building
IT Management Enterprise platforms
Project management Business continuity
Business Intelligence Disaster recovery
Cloud computing Budgeting/Cost control
SOX, HIPAA, GLBA IT Infrastructure
Professional Experience
Vice President, Information Technology
November 2012 to Current Company Name ï¼​ City , State
Represent Information Technology as a member of the senior leadership team with oversight of all tactical and strategic aspects of corporate
IT systems.
Manage and lead six-person team that oversees all IT Infrastructure and Business Intelligence operations at one of the largest United Ways
in the nation ($38M Revenue).
Responsible for $1M annual IT budget including staffing, operations, purchasing, and vendor management with an emphasis on cost savings
and value-based solutions.
Engineered strategic evolution of Salesforce CRM with the implementation of email marketing, event registration, credit card purchasing,
and volunteer management systems.
Designed and executed IT portion of corporate headquarters move to a new 64,000 sq. ft. building with zero downtime.
Oversaw the creation of a dedicated, IT business intelligence group and structured development environment in strategic support of CRM,
data warehouse, and financial reporting systems.
Technology engineering and support of 2-1-1 call center that processes 100,000 to 150,000 calls per year (50% of Colorado's statewide
2-1-1 calls).
Recovered tens of thousands of dollars per year by consolidating and renegotiating IT contracts, implementing infrastructure lifecycle
management, standardizing PC and server O/S images, utilizing refurbished equipment, and implementing virtualization technologies.
Implemented company's first comprehensive monitoring and metrics of application, network and server availability/performance.
Responsible for mission critical support of all computer, network, and telecom infrastructure including 175 Windows 7/8 workstations and
35 Windows 2008/2012 servers.
Team maintains over 99.9% uptime for all mission critical hardware and software platforms.
Director, IT Infrastructure
March 2008 to November 2012 Company Name ï¼​ City , State
Directly responsible for mission critical support of all computer, network, and telecom infrastructure including 800 Windows XP/Windows 7
workstations and 160 Windows 2003/2008 servers at 28 treatment centers, five operations offices, and two co-location facilities.
As the strategic and technical IT lead, built, manage, and backup eight person team including Network Engineer, System Administrator,
Help Desk Manager and IT Support Specialists.
Responsible for all new hire and terminate activities, staff scheduling, mentoring, and reviews.
Consistent record of delivering major IT projects on time and under budget including: integrations of newly acquired treatment centers, new
treatment center builds, treatment center moves, co-location deployment, and co-location relocation.
Maintain over 99.9% uptime for network infrastructure using an MPLS WAN with VPN over Internet redundancy.
Maintain over 99.9% uptime for server infrastructure using high availability software (Citrix and Double-Take) and hardware (RAID, UPS,
and hot spares) to support company treatment planning systems, record and verify systems, email, and all infrastructure servers.
Designed, deployed, and tested company's first Business Continuity/Disaster Recovery infrastructure for core billing, financial and
infrastructure systems.
Implemented company's first comprehensive IT monitoring of network, server, power and temperature health using APC, HP, SolarWinds
monitoring tools.
Responsible for $2M OpEx and $2M CapEx IT budgets including staffing, hardware and software purchasing, telecom, BC/DR, and travel.
Responsible for IT compliance with HIPAA and PCI regulations and have designed infrastructure to be complaint with SOX regulations for
the future.
Recovered up to $100,000/yr by consolidating billing and vendors, renegotiating IT contracts, implementing infrastructure lifecycle
management, standardizing PC and server O/S images, and modeling VMWare-based virtualization.
Coordinate and manage all communications between business operations and corporate IT.
Developed first standardized IT project templates for treatment center integrations and new treatment center builds.
Team responsible for closing 800+ IT support tickets per month.
Manager, IT Operations - Windows

October 2006 to March 2008 Company Name ï¼​ City , State
Managed eleven person team of Help Desk Technicians, System Administrators, System Engineers, and System Architects.
Responsible for all new hire and terminate activities, staff scheduling, mentoring, and reviews.
Directly responsible for mission critical support of all Windows-based computer infrastructure including 625+ Windows XP/2000
workstations and 80+ Windows 2003/2000 servers.
Maintained over 99.9% uptime for entire Windows server infrastructure including satellite control systems, imagery production systems,
email, and communications servers, and all file and document management servers.
Consistent record of major IT-dependent projects delivered on time and under budget including: mission critical satellite control systems,
imagery production systems, and office moves.
Responsible for Windows IT budget planning including staffing, hardware and software purchasing, infrastructure, and travel.
Ensured a stable environment by standardizing processes and procedures and maintaining detailed documentation for all systems.
Coordinated all communications between business operations and corporate IT for Windows IT projects.
Member of IT Management Team responsible for the strategic direction of corporate IT initiatives.
Team responsible for closing 500+ IT support tickets per month.
IT Manager - Networking, Systems, & Support
September 1999 to October 2006 Company Name ï¼​ City , State
Managed eight person team of Help Desk Engineers, Network Administrators, Network Engineers, and Telecommunications
Administrators.
Directly responsible for mission critical support of WAN, LAN, 300+ Windows 2000/XP workstations, and 85 Windows 2000/2003
servers.
Maintained over 99.9% uptime for entire network and communications systems including real-time trading systems, wire systems, and
numerous financial systems.
Responsible for $1.5M annual IT budget including staffing, purchasing, infrastructure, DR/BC, telecommunications, and co-location.
Primary decision-maker in all corporate hardware and software standards.
Direct backup, upgrade, and maintenance policies/procedures.
Coordinate associated IT vendor management.
Consistent record of major, IT-dependent projects delivered on time and under budget including: office moves, subsidiary acquisition and
divestiture, network redesign, and software deployment.
Decreased annual IT budget by at least $50K each year from 2003-2006.
Versed in IT compliance with Sarbanes-Oxley and Gramm-Leach-Bliley Act.
Hands-on experience in all aspects of Disaster Recovery/Business Continuity Planning including design, documentation, and testing.
System Administrator
March 1996 to September 1999 Company Name ï¼​ City , State
Solely responsible for mission critical support of 400+ Windows 95/98 workstations and 30 Windows NT 4.0 servers for multi-million
dollar mortgage broker with offices in 3 states.
Engineer of frame relay-based WAN, TCP/IP-based Ethernet LANs, Motorola and Adtran CSU/DSUs, and Xyplex and Ascend routers
Experience also included RAS, Seagate Backup Exec, and disaster recovery.
Administrator of corporate Internet email server (Microsoft Exchange), corporate Internet and Intranet sites (Microsoft IIS), and thin client
host server (Citrix).
Taught corporate training classes on Microsoft Office, Microsoft Windows, and Internet usage to new employees.
Developed software training manuals and end-user support materials.
Designed, from ground up, scaleable Windows NT domain, corporate websites, and Intranet site.
Developed and implemented turnkey rollout plan for onsite hardware and software installations in new franchise offices.
Inside Sales Representative
June 1994 to March 1996 Company Name ï¼​ City , State
Education
M.B.A : Dec. 2007 University of Massachusetts ï¼​ City , State
B.S : Real Estate , May 1994 Arizona State University ï¼​ City , State
Certifications and Training
Denver Peak Academy - Lean Process Improvement (Black Belt)
Harvard ManageMentor Leadership and Management (12 Courses)
Microsoft Certified Systems Engineer (MCSE)
Microsoft Certified Systems Administrator (MCSA)
Cisco Certified Network Associate (CCNA)
Citrix Certified Administrator (CCA)
Technical Skills

Software: Active Directory, Microsoft Exchange, HP Insight Manager, EMC Avamar, Symantec Ghost, LanGuard Network Security
Scanner, Voltage Email Encryption, Websense, Quest Archive Manager, MS Project, Symantec Backup Exec, Microsoft IIS, SharePoint,
CA ArcServe, Barracuda Spam Firewall, Blackberry Enterprise Server, Sophos Anti-virus, Trend Micro Anti-Virus, Bradford Networks
Network Sentry, VMWare, Hyper-V, Barracuda Backup, Barracuda Web Filter, Cisco Call Manager, Cisco UCCX, Exact Target,
Cvent.
Hardware and Networking: Cisco firewalls, Cisco routers, Cisco switches, Checkpoint firewalls, HP Procurve switches, Meraki Wi-Fi,
Cisco Wi-Fi, HP Proliant, Dell PowerEdge.

","**[Your Name]**  
[Your Address]  
[City, State, ZIP]  
[Your Phone Number]  
[Your Email Address]  
[LinkedIn Profile]  

---

**VICE PRESIDENT, INFORMATION TECHNOLOGY**

**Executive Profile**  
Dynamic and results-oriented IT executive with extensive experience in transforming technology organizations into strategic partners that drive business success. Proven track record in leveraging cutting-edge infrastructures to create competitive advantages in capability and scale. Expertise in building, optimizing, and revitalizing IT operations to meet evolving organizational needs.

---

**Core Competencies**  
- IT Strategy & Management  
- Team Building & Leadership  
- Enterprise Platforms & Cloud Computing  
- Project Management & Business Continuity  
- Business Intelligence & Disaster Recovery  
- Budgeting & Cost Control  
- Regulatory Compliance (SOX, HIPAA, GLBA)  
- IT Infrastructure Development  

---

**Professional Experience**

**Vice President, Information Technology**  
[Company Name] – [City, State]  
November 2012 – Present  

- Serve as a key member of the senior leadership team, overseeing all tactical and strategic aspects of corporate IT systems.
- Lead a six-person team responsible for IT Infrastructure and Business Intelligence operations at one of the largest United Ways in the nation, managing a $1M annual IT budget focused on cost savings and value-driven solutions.
- Spearheaded the strategic evolution of Salesforce CRM, implementing email marketing, event registration, credit card purchasing, and volunteer management systems.
- Successfully designed and executed the IT component of a corporate headquarters relocation to a new 64,000 sq. ft. facility with zero downtime.
- Established a dedicated IT Business Intelligence group, enhancing support for CRM, data warehousing, and financial reporting systems.
- Engineered technology solutions for a 2-1-1 call center, processing 100,000 to 150,000 calls annually, accounting for 50% of Colorado's statewide 2-1-1 calls.
- Achieved significant cost savings by consolidating and renegotiating IT contracts, standardizing operating systems, and implementing virtualization technologies.
- Launched the company’s first comprehensive monitoring system for application, network, and server performance, ensuring over 99.9% uptime for critical hardware and software platforms.

---

**Director, IT Infrastructure**  
[Company Name] – [City, State]  
March 2008 – November 2012  

- Directed mission-critical support for computer, network, and telecom infrastructure across 28 treatment centers, five operations offices, and two co-location facilities, managing 800 workstations and 160 servers.
- Built and led an eight-person team, including Network Engineers and IT Support Specialists, ensuring effective staff scheduling, mentoring, and performance reviews.
- Delivered major IT projects on time and under budget, including integrations of newly acquired treatment centers and co-location deployments.
- Maintained over 99.9% uptime for network infrastructure utilizing MPLS WAN with VPN redundancy and high-availability server solutions.
- Designed and implemented the company’s first Business Continuity/Disaster Recovery infrastructure for critical systems.
- Managed a $2M operational and capital expenditure IT budget, ensuring compliance with HIPAA, PCI, and SOX regulations.

---

**Manager, IT Operations - Windows**  
[Company Name] – [City, State]  
October 2006 – March 2008  

- Oversaw a team of eleven IT professionals, providing mission-critical support for Windows-based infrastructure, including 625+ workstations and 80+ servers.
- Achieved over 99.9% uptime for Windows server infrastructure, supporting essential systems and applications.
- Managed budget planning for Windows IT, ensuring efficient allocation of resources for staffing, hardware, software, and infrastructure.
- Standardized processes and maintained detailed documentation to ensure a stable IT environment.

---

**IT Manager - Networking, Systems, & Support**  
[Company Name] – [City, State]  
September 1999 – October 2006  

- Led an eight-person team supporting WAN, LAN, and server infrastructure, maintaining over 99.9% uptime for network and communication systems.
- Managed a $1.5M annual IT budget, overseeing staffing, purchasing, and disaster recovery initiatives.
- Delivered major IT projects on time and under budget, including network redesigns and software deployments.

---

**System Administrator**  
[Company Name] – [City, State]  
March 1996 – September 1999  

- Provided critical support for 400+ workstations and 30 servers in a multi-state mortgage brokerage.
- Developed and implemented scalable network solutions and corporate training programs for new employees.

---

**Education**  
**M.B.A.**  
University of Massachusetts, [City, State] – December 2007  

**B.S. in Real Estate**  
Arizona State University, [City, State] – May 1994  

---

**Certifications**  
- Lean Process Improvement (Black Belt), Denver Peak Academy  
- Leadership and Management, Harvard ManageMentor (12 Courses)  
- Microsoft Certified Systems Engineer (MCSE)  
- Microsoft Certified Systems Administrator (MCSA)  
- Cisco Certified Network Associate (CCNA)  
- Citrix Certified Administrator (CCA)  

---

**Technical Skills**  
- **Software:** Active Directory, Microsoft Exchange, VMware, Citrix, Microsoft IIS, SharePoint, SolarWinds, and various backup and security tools.  
- **Hardware & Networking:** Cisco firewalls, routers, switches, HP Procurve, Dell PowerEdge servers, and Meraki Wi-Fi solutions.  

---

**References Available Upon Request**  

--- 

*Note: Please ensure to replace placeholders like [Your Name], [Company Name], and [City, State] with your actual information before using this resume.*",,
45077654,BPO,0.5,False,outbound calling,,{},"{('date_year', 2015.0): 2, ('date_year', 2014.0): 1, ('number', 1500.0): 1, ('number', 9.0): 5}",0,False,False,False,"CLAIMS SUBJECT MATTER EXPERT
Professional Summary
Experienced Customer Service Representative with over 10 years of experience Worked in Healthcare Industry for over 8 years with Humana,
Passport and Excellus BCBS of NY Successfully trained seasonal associates for Open Enrollment and worked as a Client Subject Matter Expert
for SHPS, Inc.
Skills
Adept m ulti-tasker
Office support (phones, faxing, filing)
HCPCS Coding Guidelines
Understands anesthesia coding
Fast Learner
Insurance and collections procedures
Records management professional
Understands insurance benefits
â€¢ICD-10 (International Classification of Disease Systems)
DRG and PC grouping
â€¢Familiar with commercial and private insurance carrier
Ambulance coding familiarity
â€¢Insurance and collections procedures
Composed and professional demeanor
â€¢DRG and PC grouping
Research and data analysis
â€¢Understands insurance benefits
Resourceful and reliable worker
â€¢Ambulance coding familiarity
Excellent problem solver
â€¢Composed and professional demeanor
Close attention to detail
â€¢Research and data analysis
Medical terminology expert
â€¢Excellent problem solver
Billing and collection procedures expert
â€¢Office management professional
â€¢Close attention to detail
Â Â Â â€¢Office support (phones, faxing,Â filing)
â€¢Excellent verbal communication
Â Â Â â€¢Excellent verbal communication
â€‹
Work History
Claims Subject Matter Expert , 09/2016 to 12/2016
Company Name â€“ City , State
Â· Worked any other special projects assigned by management
Â· Responsible for meeting claims production goal of 200 claims per day
Â· Processed professional HCFA 1500 ambulance, anesthesia, labs, office visits etc. professional HCFA 1500
Â· Responsible for claims processing for the Medicaid plans for HMO 7 University Health and HMO 9 AHCSS
Â· Worked as a claims subject matter expert for Banner Health
Benefit Plan Admin./Client Service Expert , 05/2016 to 09/2016
Company Name â€“ City , State
Â· Responsible for duties in f all departmental efficiencies as assigned by management
support o
Â· Scheduled refills per the patients' plan benefit
Â· Keyed orders and sent for fulfillment
Â· Processed RX refills for customers
Â· Assisted with outbound calling to providers, patient and pharmacies to obtain additional info need to process the RX refill,
Â·Answered incoming calls
Patient Access Rep I , 07/2015 to 03/2016
Company Name â€“ City , State
Â· Responsible for duties in support of departmental efficiencies which may include: but not limited to performing scheduling, registration,
patient pre-admission and admission, reception and discharge functions.
Â· Verify medical benefits and eligibility with payers and calculate patient liability collection amounts
Â· Completes the whole patient financial clearance process; including educating patients on liability and collection of patient liabilities
due.
Â· Completes all account documentation and enters the correct activity code when required.
Â· Â Secures insurance authorizations for services and updates account accordingly
Â· Performs payment reconciliation & secured payment entry in adherence to financial & cash control policies and procedures

Claims Subject Matter Expert/DST , 07/2015 to 07/2015
Company Name â€“ City , State
Â· Worked as a Claims Examiner for DST Solutions based out of Delaware
Â· Responsible for processing Commercial and Medicare Plans.
Â· Adjusted backlog claims using the clients claims system for adjudication
Â· Knowledgeable of Citrix platform for applications.
Â· Utilized Claims Matrix to determine authorization for Delivery, Well baby Newborn, Inpatient Claims, Nursing Home etc.
Claims Examiner , 07/2014 to 05/2015
Company Name â€“ City , State
Â· Worked as a Claims Examiner for client Kaiser Permanente Southern California.
Â· Responsible for data processing incoming Hospital UB's for Medicare/ KPSA Plan.
Â· Contract interpretation to validate proper payment logic for claim adjudication.
Â· Identify billing and coding errors and submit documentation to provider's if necessary for corrected claims forms to be sent in with the Medicare
compliance guidelines.
Â· Adjudicate Replacement, Late charge claims etc. accordingly per client's guidelines for processing.
Â· Proficient in Microsoft Word, Excel, Power point, Outlook, Internet Explorer, CMS Pricers, DRG Calculator, ICD-9, CPT, Basic Office Systems and
various web applications
Claims Subject Matter Expert , 05/2013 to 05/2014
Company Name â€“ City , State
Â· Worked as a contracted claims expert for Excellus BCBS of NY
Â· Responsible for claims processing for the HOME Commercial, Medicare and Medicaid plans
Â· Processed claims with the HOST side of the plan updating provider files and credentials to support claims adjustment.
Â· Worked any other special projects as assigned by management.
Provider Claims Service Unit Representative I , 03/2008 to 11/2012
Company Name â€“ City , State
Â· Responsible for immediate responses to incoming provider calls regarding claims issues.Â
Â· Process incoming correspondence from providers on claims issues that need to be resolved for Passport Health (Medicaid) and Passport Advantage.
Â· Reprocessing claims as identified through incoming phone calls or submitted by provider relations staff.Â
Â· Identifying systematic and procedural issues resulting in claims processing errors and initiating action to resolve those issues.
Â· Documenting calls, problems, and resolutions for future reference
Â· Proficient in Microsoft Word, Excel, Power point, Outlook, Internet Explorer, Facets, IKA Systems, CMS Pricers, DRG Calculator, ICD-9, CPT, Basic Office
Systems and web application
Â· Worked special projects as assigned by management
Benefits Plan Administration/ Eligibility & Enrollment/Client Service Expert , 05/2004 to 03/2008
Company Name â€“ City , State
Â· Answered incoming calls regarding eligibility, claims processing, and billing inquires.
Â· Administered employee group benefits for retirees, active, long term disability, and cobra participants
Â· Resolved Issues for billing, carrier eligibility, etc.
Â· Organized special projects such as web inquiry responses, updating accurate information in our knowledge base customer service tool as assigned by
management
Â· Team lead/ Initiated training for full-time and temporary associates of ongoing call center and open enrollment.
Customer Service Claims Specialist-Chicago Medicare/ Commercial/ Medicaid , 04/2001 to 02/2003
Company Name â€“ City , State
Â· Supported Chicago Medicare , Medicaid and Commercial Markets
Â· Received inbound and outbound calls from insured members, clients, brokers, agents and providers
Â· Mailed any related correspondence such as enrollment material, forms and brochures to members.
Â· Processed medical claims that needed adjustment
Â· Knowledgeable of DRG, ICD-9, CPT coding
Managed customer calls effectively and efficiently in a complex, fast-paced and challenging call center environment.
Accurately documented, researched and resolved customer service issues.
Managed high call volume with tact and professionalism.
Acted professionally and patiently when addressing negative customer feedback.
Resolved service, pricing and technical problems for customers by asking clear and specific questions.
Effectively managed a high-volume of inbound and outbound customer calls.
Claims Examiner , 07/2014 to 05/2015
Company Name â€“ City , State

Â·Â Worked as a Claims Examiner for client Kaiser Permanente Southern California.
Â·Â Â Â Responsible for dataÂ processing incomingÂ Hospital UB's for Medicare/ KPSA Plan.
Â Â·Â Â Â Contract interpretation to validate proper payment logicÂ for claim adjudication.
Â·Â Identify billing and coding errors and submit documentation to provider's if necessary for corrected claims forms to be sent in with the
Medicare compliance guidelines.
Â·Â Adjudicate Replacement Bill Type , Late charge claims etc. accordingly per client's guidelines for processing. Proficient in Microsoft
Word , Excel, Power point, Outlook, Internet Explorer, CMS Pricers, DRG Calculator, ICD-9, CPT, Basic Office Systems and
variousweb applicationsÂ Â
Precisely completed appropriate claims paperwork, documentation and system entry. Thoroughly researched newly identified diagnoses
and/or medical procedures to expand skills and knowledge. Resourcefully used various coding books, procedure manuals and on-line
encoders.
Actively maintained current working knowledge of CPT and ICD-9 coding principles, government regulation, protocols and third party
requirements regarding billing.
Education
Bachelor of Science : Psychology , Current
Liberty University - City , State
Psychology/ Christian Counseling
Administration
Â Advocacy
Case Management
Community Relations
Â Counseling
Â Mental Health Services Programming
Certification in Medical Coding May 2017 : Ashworth College -
Skills
AS400, balance, Basic, benefits, billing, brochures, Calculator, call center, CMS, CPT coding, CPT, credit, client, clients, customer service,
forms, ICD-9, Internet Explorer, Team lead, team leader, Microsoft Access, Excel, Office, Outlook, PowerPoint, Power point, Word, Microsoft
Word, Police, Coding, sales, phone

","**CLAIMS SUBJECT MATTER EXPERT**

---

**Professional Summary**

Dedicated Customer Service Representative with over 10 years of experience in the healthcare industry, including 8 years with Humana, Passport, and Excellus BCBS of NY. Proven track record in training seasonal associates during Open Enrollment and serving as a Client Subject Matter Expert for SHPS, Inc. Adept at navigating complex claims processes and delivering exceptional service to clients and providers.

---

**Core Skills**

- Multi-tasking and time management
- Office support (phones, faxing, filing)
- Proficient in HCPCS and ICD-10 coding guidelines
- Strong understanding of anesthesia and ambulance coding
- Knowledgeable in insurance benefits and collections procedures
- Records management and data analysis expertise
- Excellent verbal and written communication
- Detail-oriented and resourceful problem solver
- Proficient in Microsoft Office Suite (Word, Excel, PowerPoint, Outlook)

---

**Professional Experience**

**Claims Subject Matter Expert**  
*Company Name – City, State*  
*September 2016 – December 2016*  
- Managed special projects assigned by management, ensuring timely completion.
- Achieved claims production goals by processing 200 claims per day.
- Handled professional HCFA 1500 claims for ambulance, anesthesia, labs, and office visits.
- Oversaw claims processing for Medicaid plans HMO 7 University Health and HMO 9 AHCSS.
- Served as a claims subject matter expert for Banner Health.

**Benefit Plan Administrator/Client Service Expert**  
*Company Name – City, State*  
*May 2016 – September 2016*  
- Enhanced departmental efficiencies by performing various administrative tasks.
- Scheduled medication refills according to patients' benefit plans.
- Processed RX refills and coordinated with providers, patients, and pharmacies for additional information.
- Managed incoming calls and provided exceptional customer service.

**Patient Access Representative I**  
*Company Name – City, State*  
*July 2015 – March 2016*  
- Supported departmental efficiencies through scheduling, registration, and patient admissions.
- Verified medical benefits and eligibility with payers, calculating patient liability amounts.
- Educated patients on financial responsibilities and managed insurance authorizations.
- Ensured accurate account documentation and payment reconciliation.

**Claims Subject Matter Expert/DST**  
*Company Name – City, State*  
*July 2015*  
- Processed claims for Commercial and Medicare Plans as a Claims Examiner for DST Solutions.
- Adjusted backlog claims using client claims systems for adjudication.
- Utilized Citrix platform and Claims Matrix for determining authorizations.

**Claims Examiner**  
*Company Name – City, State*  
*July 2014 – May 2015*  
- Processed incoming hospital UB claims for Medicare/KPSA Plan.
- Interpreted contracts to ensure proper payment logic for claim adjudication.
- Identified billing and coding errors, facilitating corrections in compliance with Medicare guidelines.

**Claims Subject Matter Expert**  
*Company Name – City, State*  
*May 2013 – May 2014*  
- Contracted claims expert for Excellus BCBS of NY, processing claims for Commercial, Medicare, and Medicaid plans.
- Updated provider files and credentials to support claims adjustments.

**Provider Claims Service Unit Representative I**  
*Company Name – City, State*  
*March 2008 – November 2012*  
- Responded promptly to provider inquiries regarding claims issues.
- Processed incoming correspondence and reprocessed claims as necessary.
- Documented calls and resolutions to enhance future reference and training.

**Benefits Plan Administration/Eligibility & Enrollment/Client Service Expert**  
*Company Name – City, State*  
*May 2004 – March 2008*  
- Managed incoming calls related to eligibility, claims processing, and billing inquiries.
- Administered employee group benefits for various participant categories.
- Led training for full-time and temporary associates during open enrollment.

**Customer Service Claims Specialist - Chicago Medicare/Commercial/Medicaid**  
*Company Name – City, State*  
*April 2001 – February 2003*  
- Supported Chicago Medicare, Medicaid, and Commercial Markets through effective call management.
- Processed adjustments for medical claims and maintained high standards of customer service.

---

**Education**

**Bachelor of Science in Psychology** (In Progress)  
*Liberty University - City, State*  
Focus: Psychology/Christian Counseling

---

**Certifications**

- Certification in Medical Coding, May 2017  
*Ashworth College*

---

**Technical Skills**

- Proficient in AS400, CMS, Microsoft Office Suite (Word, Excel, PowerPoint, Outlook), Internet Explorer, and various web applications.
- Knowledgeable in coding standards (CPT, ICD-9) and billing procedures.

---

This polished resume enhances clarity, structure, and impact while maintaining the integrity of your professional experience and skills.",,
45907524,HEALTHCARE,0.5,False,infection control,,{},"{('date_year', 2019.0): 2, ('date_year', 2016.0): 3, ('date_year', 2017.0): 1, ('date_year', 2018.0): 2, ('number', 10.0): 3}",0,False,False,False,"ADMINISTRATIVE ASSISTANT
Experience
ADMINISTRATIVE ASSISTANT , 06/2019 to Current
Company Name â€“ City , State
Performed general office duties, including answering multi-line phones, routing telephone calls or messages to appropriate staff and greeting
visitors
Reviewed and corrected claim errors to facilitate smooth processing Identify issues and took appropriate action to deliver speedy resolution
Post payments to accounts and maintained records Verify client information by analyzing existing evidence on file
Assure timely verification of insurance benefits prior to patient procedures or appointments
Maintain strong knowledge of basic medical terminology to better understand services and procedures
Fostered relationships with customers to expand customer base and enhance loyalty and retention
Collaborated with carriers to resolve discrepancies in insurance payments
Documented and tracked customer account details
Handled billing related activities focused on medical specialties
Examined claims, records and procedures to grant approval of coverage
HOME HEALTHCARE AIDE , 12/2016 to Current
Company Name â€“ City , State
Dressed, groomed and fed patients with limited physical abilities to efficiently handle basic needs
Developed strong and trusting rapport with each patient to facilitate best possible care and assistance
Ran errands for clients and transported to appointments to maintain wellness and support daily living needs
Organized and administered medications on clear schedules to help alleviate symptoms and optimize quality of life
Completed data entries in charts and log books to document client progress
Mopped floors, vacuumed, washed dishes and performed array of other household chores to assist clients
OFFICE ASSISTANT , 09/2017 to 09/2019
Company Name â€“ City , State
Greeted persons entering establishment, determined nature and purpose of visit, and directed or escorted them to specific destinations
Dispersed incoming mail to correct recipients throughout office
Organized files, developed spreadsheets, faxed reports and scanned documents
Scheduled appointments on behalf of staff members to keep office operations smooth and efficient
Tracked office stock and maintained inventory in neat and organized fashion
Managed building access and supplied key cards to employees and visitors
Filed and retrieved records to support business needs and boost team productivity
UNIT CLERK , 06/2018 to 11/2018
Company Name â€“ City , State
Cleaned and sterilized instruments and disposed of contaminated supplies
Processed monthly reports for department performance
Scheduled and confirmed patient appointments with patients and healthcare professionals
Answered patient questions and fielded complaints
Coordinated between patients and healthcare professionals to meet patient needs
Coordinated supply replenishment to meet expected unit demands
Administered physical and digital filing systems, keeping records well-organized and easily retrievable by team members
Organized ordered medical tests, including sample collection and patient transportation
Supported clerical needs of more than 10 nurses including taking messages, scanning documents and routing business correspondence
DAYCARE TEACHING ASSISTANT , 03/2016 to 08/2016
Company Name â€“ City , State
Escorted children on outings and trips to local parks and zoos Disciplined children and recommended other measures to correct behavior
Communicated with children's parents or guardians about daily activities, behaviors, and problems Provided students with personalized
educational, behavioral and emotional support Cleaned and organized classrooms, materials, and supplies for maximum efficiency Observed
children and recorded activities, maintained daily records and created safe environments during activities, meals and naps Distributed
classroom materials and supplies such as pencils, paper and art materials Kept over 10 students safe in classroom and outside
environments.
Work History
ADMINISTRATIVE ASSISTANT , 06/2019 to Current
Company Name â€“ City , State
Perform general office duties, including answering multi-line phones, routing telephone calls or messages to appropriate staff and greeting
visitors Review and corrected claim errors to facilitate smooth processing Identify issues and took appropriate action to deliver speedy

resolution Post payments to accounts and maintained records Verify client information by analyzing existing evidence on file Assure timely
verification of insurance benefits prior to patient procedures or appointments Perform various administrative functions, including filing
paperwork, delivering mail, sorting mail, office cleaning and bookkeeping Accurately input all patient and insurance information into
company's computer system using Maintain strong knowledge of basic medical terminology to better understand services and procedures.
HOMEWATCH CAREGIVERS , 12/2016 to Current
Company Name â€“ City , State
Provide patients with help moving in and out of beds, baths, wheel-chairs, and automobiles and with dressing and grooming Care for
patients by changing bed linens, washing and ironing laundry, cleaning, and assisting with their personal care Plan, purchase, prepare, and
serve meals to patients or other family members, according to prescribed diets Accompany clients to doctors' offices Massage patients and
apply preparations or treatments, such as liniments, alcohol rubs, and heat-lamp stimulation Ensure clients' well-being, safety, and comfort in
adherence with physicians' orders Supervise frequent activities such as medication and personal hygiene to ensure safety Complete data
entries in charts and log books to document clients' progress with accuracy Dress, groom and feed patients with limited physical abilities to
efficiently handle basic needs.
OFFICE ASSISTANT , 09/2017 to 09/2019
Company Name â€“ City , State
Greeted persons entering establishment, determined nature and purpose of visit, and directed or escorted them to specific destinations Filed
and maintained records Collected, sorted, distributed, and prepared mail, messages, and courier deliveries Provided information about
establishment, such as location of departments or offices, employees within the organization, and services provided Performed duties, such
as taking care of plants and straightening magazines to maintain lobby or reception area Scheduled appointments and maintained and
updated appointment calendars Copied, sent faxes, and handled all incoming and outgoing correspondence Answered and quickly
redirected calls.
MICHIGAN MEDICINE , 06/2018 to 11/2018
Company Name â€“ City , State
Cleaned and sterilized instruments and disposed of contaminated supplies Processed monthly reports for department performance
Scheduled and confirmed patient appointments with patients and healthcare professionals Answered patient questions and fielded
complaints Coordinated between patients and healthcare professionals to meet patient needs Monitored infection control procedures to
ensure facility-wide health and safety Maintained patient charts and confidential files Coordinated supply replenishment to meet expected
unit demands.
DAYCARE TEACHING ASSISTANT , 03/2016 to 08/2016
Company Name â€“ City , State
Escorted children on outings and trips to local parks and zoos Disciplined children and recommended other measures to correct behavior
Communicated with children's parents or guardians about daily activities, behaviors, and problems Provided students with personalized
educational, behavioral and emotional support Cleaned and organized classrooms, materials, and supplies for maximum efficiency Observed
children and recorded activities, maintained daily records and created safe environments during activities, meals and naps Distributed
classroom materials and supplies such as pencils, paper and art materials Kept over 10 students safe in classroom and outside
environments.
Education
Bachelor of Science : Health Administration , Expected in 2020
EASTERN MICHIGAN UNIVERSITY - City
High School Diploma : 2016
MIFFLIN HIGH SCHOOL - City
High School Diploma : 2016
FORT HAYES CAREER CENTER - City
Summary
Committed and motivated Administrative Assistant with exceptional customer service and decision making skills. Strong work ethic, professional
attitude and great initiative. Passionate about business success and talented at supporting company staff, office personnel and customer needs.
Certifications
First Aid & CPR
Highlights
Records management systems
Appointment scheduling
Excel spreadsheets
Senior leadership support
Meeting planning
Insurance processing
Database entry
Skills
Administrative functions, Administrative Support, art, automobiles, basic, changing bed linens, benefits, bookkeeping, charts, CPR, client,
clients, Data Entry, emotional support, faxes, filing, First Aid, general office duties, infection control, insurance, lamp, laundry, sorting mail,
materials, serve meals, medical terminology, Administering medication, mail, office, Office administration, Provide patients with help, progress,

reception, routing, safety, scheduling, Sorting, Spreadsheet, telephone, phones, Time management, Travel Arrangements

","**[Your Name]**  
[Your Address]  
[City, State, Zip]  
[Your Phone Number]  
[Your Email Address]  

---

**PROFESSIONAL SUMMARY**  
Dedicated and motivated Administrative Assistant with extensive experience in providing exceptional customer service and administrative support. Known for a strong work ethic, professional demeanor, and proactive approach to problem-solving. Passionate about contributing to organizational success by effectively supporting staff and enhancing operational efficiency.

---

**PROFESSIONAL EXPERIENCE**  

**Administrative Assistant**  
*Company Name* – City, State  
*June 2019 – Present*  
- Perform general office duties including answering multi-line phones, routing calls, and greeting visitors.  
- Review and correct claim errors to ensure smooth processing and identify issues for prompt resolution.  
- Post payments to accounts and maintain accurate records.  
- Verify client information by analyzing existing documentation.  
- Ensure timely verification of insurance benefits prior to patient procedures or appointments.  
- Maintain a strong knowledge of medical terminology to enhance understanding of services and procedures.  
- Foster relationships with customers to expand the client base and improve loyalty and retention.  
- Collaborate with insurance carriers to resolve discrepancies in payments.  
- Document and track customer account details and handle billing activities focused on medical specialties.  
- Examine claims, records, and procedures to grant coverage approvals.  

**Home Healthcare Aide**  
*Company Name* – City, State  
*December 2016 – Present*  
- Assist patients with mobility, dressing, and grooming to meet their basic needs.  
- Build strong, trusting relationships with patients to provide optimal care and support.  
- Run errands and transport clients to appointments to promote wellness and support daily living activities.  
- Organize and administer medications on a clear schedule to alleviate symptoms and enhance quality of life.  
- Maintain accurate records of client progress through data entries in charts and logbooks.  
- Perform household chores, including cleaning and laundry, to assist clients in their daily routines.  

**Office Assistant**  
*Company Name* – City, State  
*September 2017 – September 2019*  
- Greeted visitors, determined the purpose of their visit, and directed them accordingly.  
- Managed incoming mail distribution and organized office files.  
- Developed spreadsheets, faxed reports, and scanned documents to support office operations.  
- Scheduled appointments and maintained calendars for staff to ensure efficient office workflow.  
- Monitored inventory levels and organized office supplies.  
- Managed building access and issued key cards to employees and visitors.  

**Unit Clerk**  
*Company Name* – City, State  
*June 2018 – November 2018*  
- Cleaned and sterilized medical instruments and disposed of contaminated supplies.  
- Processed monthly performance reports for the department.  
- Scheduled and confirmed patient appointments, addressing questions and complaints as needed.  
- Coordinated communication between patients and healthcare professionals to meet patient needs.  
- Maintained organized physical and digital filing systems for easy access by team members.  
- Organized medical tests, including sample collection and patient transportation.  

**Daycare Teaching Assistant**  
*Company Name* – City, State  
*March 2016 – August 2016*  
- Supervised children during outings and maintained a safe environment.  
- Communicated with parents about children's daily activities, behaviors, and concerns.  
- Provided personalized educational, behavioral, and emotional support to students.  
- Organized classrooms and materials for maximum efficiency.  
- Recorded daily activities and maintained safety during meals and nap times.  

---

**EDUCATION**  
**Bachelor of Science in Health Administration**  
*Eastern Michigan University* – City, State  
*Expected Graduation: 2020*  

**High School Diploma**  
*Fort Hayes Career Center* – City, State  
*2016*  

**High School Diploma**  
*Mifflin High School* – City, State  
*2016*  

---

**CERTIFICATIONS**  
- First Aid & CPR  

---

**SKILLS**  
- Administrative Support  
- Customer Service Excellence  
- Insurance Processing  
- Data Entry and Records Management  
- Appointment Scheduling  
- Proficient in Microsoft Excel and Office Suite  
- Strong Communication Skills  
- Time Management and Organizational Skills  

---

**ADDITIONAL INFORMATION**  
- Committed to maintaining confidentiality and adhering to health and safety regulations.  
- Proven ability to work collaboratively in team environments and independently.  

---

**References available upon request.**  

--- 

*Note: Ensure to replace placeholder text (e.g., ""Company Name,"" ""City,"" ""State"") with actual information before submitting your resume.*",,
19243556,FINANCE,0.5,False,financial analysis,,"{('currency', 100000.0): 1, ('currency', 12000000.0): 1}","{('number', 2013.0): 2, ('number', 30.0): 1, ('number', 2.0): 1, ('number', 1099.0): 1}",0,False,False,False,"DIRECTOR OF FINANCE
Executive Profile
Dynamic, results-oriented Controller with over 25 years of experience, demonstrating expertise in financial reporting and analysis. Strong track
record in creating and implementing internal controls, to reduce the risk of fraud, exposure and loss. Created SOD to increase efficiency and set
standards for compliance within the finance department. Applied testing processes and procedures to improve financial operations. Hands on
Manager who is effective at creating a team environment. Proficient plus in all aspects of General Ledger, BS and P&L financial reporting. Well
versed in treasury management and reporting across numerous industries as well as internal and external audits and regulatory compliance.
Skill Highlights
Financial Management
Financial Reporting and Analysis
Maintain/Update General Ledger
Treasury Management
â—​Process Improvement & Finance Controlsâ—​ Implementation
Sarbannes-Oxley Compliance
Oracle Financials â—​â—​
GL Account reconciliations QuickBooks
Asset Keeper
Sales Commission Analysis
Discovery Payroll
Excel 2013
Sales D&A analysis
ADP-Etime
Inventory Reconciliation Kronos
PeopleSoft
Customer relations Excel 2013
MSOffice
Payroll Management â—​
Staff Training & Management
â—​Accounts Payable & Receivable
Fixed Asset Management â—​
State Reporting incl. Sales Tax Filings
Core Accomplishments
Developed financial controls that successfully scaled as the company grew in annual revenues. Hired and trained a defined accounting department
and established SOD to reduce risk of fraud and exposure.
Successfully managed annual audits in which no material weakness were noted by auditors. Assisted in accelerating month end closing processes
to the 5th business day of every month. Provided timely and accurate financial reports on operating entities. Negotiated discount terms with
Vendors not currently offering. Recaptured 100K+ of lost D&A costs and created/reclassed accounts for better analysis and financial reporting for
sales team. Worked with plant manager and department heads to create Purchase order template and approval controls to reduce lost time and
money. Worked in creating AR processes to ensure timely collection of all accounts falling into the 30 day and over buckets.
Professional Experience
December 2014 to Current
Company Name City , State Director of Finance
Providing effective financial leadership by developing and implementing efficient accounting controls, segregation of duties and defined roles within
the accounting department. Enable strategic foresight into the business by modeling, planning and executing financial processes. Reduce risk,
exposure and loss, specifically with D&A by establishing cost effective ways to track and measure financial impact. Providing knowledgeable and
accurate financial reporting to management. Execute accounts receivable reporting enhancements for timely collections. Ensure firm account
reconciliations as well as continually addressing and resolving unexpected variances. Complete monthly bank reconciliations. Assist CFO with daily
sales reporting and analysis.
June 2004 to December 2014
Company Name City , State Assistant Controller/Accounting Manager
Manage all accounting operations, financial close, financial reporting and reconciliations. Prepare, review and present accurate financial statements

Manage all accounting operations, financial close, financial reporting and reconciliations. Prepare, review and present accurate financial statements
at each month end. Provide firm reconciliations, including general ledger, treasury and payroll. Manage treasury accounts and cash flow. Key
player in automating otherwise manual processes. Established and assurance of Sarbanes-Oxley compliance for accounting functions. Comply with
federal, state and company policies and regulations, including filing of all annual reports, franchise taxes and foreign tax filing. Manage successful
quarterly and annual internal/external audits with no material weaknesses. Hire/train/evaluate 13+ accounting staff.
January 1992 to January 2004
Company Name City , State Controller
Managed accounting operations, financial close, account reporting and monthly reconciliations. Prepared accurate consolidated financial statements
pertaining to cash receipts, expenditures and profit and loss at each month end. Managed annual external audits. Directed corporate accounting
system conversion into AccPac Plus accounting platform. Completed monthly bank reconciliations for multiple bank accounts, with no
discrepancies. Maintained fixed assets, calculated and recorded monthly depreciation and amortization. Managed general ledger for five
companies. Reconciled 12M+ inventory. Managed all facets of Payroll for 80+ employees including filing of all payroll taxes, quarterly and
annually. Prepared W-2's and 1099's annually
Education
2000
Colorado State University
City , State , US
Bachelor of Arts
2002, Colorado State University Fort Collins, CO, USA
Bachelor of Arts
1995, Front Range Community College, Fort Collins, CO
Associates in Accounting
Skills
Corporate Accounting, Accounting Operations, Audits, Cash, Filing, Financial Statements, General Ledger Reconciliations, Payroll and PR
Reconciliations, Accounts Payable, Bank Reconciliations, Asset Mgmt, Fixed Assets, Inventory Reconcilations, Journal Entry Maintenance,
Financial Reporting, Sarbanes-oxley, Adp Payroll System, Asset Management, Excel, Finance, Financial Analysis, Financial Operations, Kronos,
Oracle, Oracle Financials, Peoplesoft, Process Improvement, Quickbooks, Regulatory Compliance, Sales analysis, Sales Tax, , Staff Training,
Testing, Training, Treasury Management

","**DIRECTOR OF FINANCE**

**Executive Profile**  
Dynamic and results-oriented finance professional with over 25 years of experience in financial reporting and analysis. Proven track record in developing and implementing robust internal controls to mitigate risks of fraud and financial exposure. Skilled in creating segregation of duties (SOD) to enhance efficiency and ensure compliance within the finance department. Hands-on manager adept at fostering a collaborative team environment. Proficient in all aspects of General Ledger management, Balance Sheet, and Profit & Loss financial reporting. Extensive experience in treasury management, internal and external audits, and regulatory compliance across various industries.

**Core Competencies**  
- Financial Management  
- Financial Reporting and Analysis  
- General Ledger Maintenance and Updates  
- Treasury Management  
- Process Improvement and Financial Controls Implementation  
- Sarbanes-Oxley Compliance  
- Oracle Financials  
- GL Account Reconciliations  
- QuickBooks  
- Asset Management  
- Sales Commission Analysis  
- Payroll Management (Discovery Payroll, ADP-Etime)  
- Inventory Reconciliation (Kronos)  
- PeopleSoft  
- Customer Relations  
- Staff Training and Management  
- Accounts Payable and Receivable  
- Fixed Asset Management  
- State Reporting (including Sales Tax Filings)  

**Key Accomplishments**  
- Developed financial controls that effectively scaled with the company's growth in annual revenues.  
- Hired and trained a dedicated accounting team, establishing SOD to minimize fraud risk and exposure.  
- Successfully managed annual audits with no material weaknesses identified by auditors.  
- Accelerated month-end closing processes to the 5th business day, providing timely and accurate financial reports for operating entities.  
- Negotiated favorable discount terms with vendors, recapturing over $100K in lost depreciation and amortization costs.  
- Collaborated with plant managers and department heads to create a purchase order template and approval controls, reducing inefficiencies.  
- Enhanced accounts receivable processes to ensure timely collections of overdue accounts.

**Professional Experience**  

**Director of Finance**  
Company Name, City, State  
December 2014 - Present  
- Provide effective financial leadership by developing and implementing efficient accounting controls, segregation of duties, and clearly defined roles within the accounting department.  
- Enable strategic foresight through modeling, planning, and executing financial processes to reduce risk and exposure.  
- Establish cost-effective methods for tracking and measuring financial impact, particularly related to depreciation and amortization.  
- Deliver accurate financial reporting to management, enhancing accounts receivable reporting for timely collections.  
- Ensure thorough account reconciliations and address unexpected variances proactively.  
- Complete monthly bank reconciliations and assist the CFO with daily sales reporting and analysis.

**Assistant Controller/Accounting Manager**  
Company Name, City, State  
June 2004 - December 2014  
- Managed all accounting operations, financial close processes, and reconciliations.  
- Prepared, reviewed, and presented accurate financial statements at month-end.  
- Oversaw general ledger, treasury, and payroll reconciliations, ensuring compliance with Sarbanes-Oxley regulations.  
- Played a key role in automating manual processes, enhancing efficiency.  
- Managed successful quarterly and annual internal/external audits with no material weaknesses noted.  
- Hired, trained, and evaluated a team of 13+ accounting staff.

**Controller**  
Company Name, City, State  
January 1992 - January 2004  
- Managed accounting operations, financial close, account reporting, and monthly reconciliations.  
- Prepared consolidated financial statements for cash receipts, expenditures, and profit and loss at month-end.  
- Directed annual external audits and corporate accounting system conversion to AccPac Plus.  
- Completed monthly bank reconciliations for multiple accounts with no discrepancies.  
- Maintained fixed assets, calculating and recording monthly depreciation and amortization.  
- Managed general ledger for five companies and reconciled inventory exceeding $12M.  
- Oversaw payroll for 80+ employees, including filing payroll taxes and preparing annual W-2s and 1099s.

**Education**  
Bachelor of Arts, Colorado State University, City, State, 2000  
Bachelor of Arts, Colorado State University, Fort Collins, CO, 2002  
Associate in Accounting, Front Range Community College, Fort Collins, CO, 1995  

**Technical Skills**  
- Corporate Accounting  
- Financial Statement Preparation  
- General Ledger Reconciliations  
- Payroll and Payroll Reconciliations  
- Accounts Payable and Receivable  
- Asset Management  
- Inventory Reconciliation  
- Financial Reporting  
- Sarbanes-Oxley Compliance  
- ADP Payroll System  
- Microsoft Excel  
- Oracle Financials  
- PeopleSoft  
- Process Improvement  
- Regulatory Compliance  
- Sales Analysis  
- Staff Training and Development  

This polished resume emphasizes clarity, professionalism, and the impact of your accomplishments while maintaining the integrity of the original content.",,
27139412,BUSINESS-DEV,0.6666666666666666,False,business strategy,,{},{},0,False,False,False,"BUSINESS DEVELOPMENT EXECUTIVE
Summary
An achievement driven professional highly skilled in sales, product development, strategic marketing and Salesforce lead management. Creative
with an extensive knowledge of industry sales points, both in and out of consumer markets. Dynamic communicator who consistently exceeds
goals and expectations.
Skills
Brand development
Analyzing market trends
Established track record of exceptional sales results
Account Management
Excellent negotiating tactics
Skilled multi-tasker
SalesForce lead management
Strong interpersonal skills
Experience
Company Name January 2017 to Current Business Development Executive
State
Responsible for growing Ceridian's business throughout the Canadian Enterprise Market Collaborates with internal stakeholders to develop
strategic GTM Works with internal marketing team to develop campaigns for the targeted market Manages the introduction of new
programs and/or features within Ceridian to consumer base Conducts market research, profiles customers, makes presentations and
participates in sales calls and marketing events to establish customers and determine market segment revenue potential Develops and
implements marketing and sales strategy for securing and/or increasing market share, sales and profit Participates in quarterly QBR's.
Company Name November 2015 to January 2017 Solutions Analyst
City , State
Reviewed new customer orders and manually enter data into SAP.
Processed transactions pertaining to designated vendor.
Provided information and guidance on vendor products and programs.
Company Name October 2012 to October 2015 Product Marketing Specialist
City , State
Owned the communication of Vendor Partner business strategy to internal partners (Sales, Purchasing, and Marketing Services) Consumer
and sales rep marketing at 5LINX convention seminars including marketing, branding and consumer relations.
Met and interacted regularly with Vendor Partner reps, management, and executives to make formal presentations on product trends,
performance, profitability and results of product line promotions Assumed leadership role in the department and vendor meetings on
assigned projects.
Company Name December 2011 to July 2012 Project Coordinator/ Sales
City , State
Created publications that were focused on key business sectors reaching corporate-level executives worldwide.
Delivered content through print and online media.
Developed and maintained long-term relationships with vendors and clients.
Consistently hit and exceeded sales goals.
Built strong client relationships and provided value-adding services.
Developed sales strategies and negotiated and closed profitable projects.
Education and Training
Miami Dade College 2013 Marketing Management Real Estate City , State Marketing Management Real Estate

","**BUSINESS DEVELOPMENT EXECUTIVE**

**Summary**  
Results-oriented professional with extensive expertise in sales, product development, strategic marketing, and Salesforce lead management. Possesses a deep understanding of industry sales dynamics across consumer markets. A dynamic communicator committed to consistently exceeding goals and expectations.

**Skills**  
- Brand Development  
- Market Trend Analysis  
- Proven Track Record of Exceptional Sales Results  
- Account Management  
- Effective Negotiation Skills  
- Strong Multi-tasking Abilities  
- Salesforce Lead Management  
- Excellent Interpersonal Skills  

**Experience**  

**Company Name** — Business Development Executive  
*January 2017 - Present, State*  
- Spearhead business growth for Ceridian within the Canadian Enterprise Market.  
- Collaborate with internal stakeholders to formulate strategic go-to-market (GTM) initiatives.  
- Partner with the marketing team to design and implement targeted campaigns.  
- Oversee the introduction of new programs and features to the consumer base.  
- Conduct market research, profile customers, deliver presentations, and engage in sales calls and marketing events to assess customer needs and market revenue potential.  
- Develop and execute marketing and sales strategies to secure and enhance market share, sales, and profitability.  
- Participate in quarterly business reviews (QBRs).

**Company Name** — Solutions Analyst  
*November 2015 - January 2017, City, State*  
- Reviewed and processed new customer orders, entering data into SAP.  
- Managed transactions related to designated vendors.  
- Provided comprehensive information and guidance on vendor products and programs.

**Company Name** — Product Marketing Specialist  
*October 2012 - October 2015, City, State*  
- Communicated vendor partner business strategies to internal teams, including Sales, Purchasing, and Marketing Services.  
- Engaged in consumer and sales representative marketing at 5LINX convention seminars, focusing on marketing, branding, and consumer relations.  
- Regularly met with vendor partner representatives, management, and executives to present on product trends, performance, profitability, and results of promotional campaigns.  
- Assumed leadership roles in departmental and vendor meetings for assigned projects.

**Company Name** — Project Coordinator/Sales  
*December 2011 - July 2012, City, State*  
- Created publications targeting key business sectors aimed at corporate-level executives globally.  
- Delivered content through both print and online media channels.  
- Developed and nurtured long-term relationships with vendors and clients.  
- Consistently achieved and surpassed sales goals.  
- Built strong client relationships and provided value-added services.  
- Developed sales strategies and successfully negotiated and closed profitable projects.

**Education and Training**  
**Miami Dade College**  
*2013, City, State*  
- Marketing Management  
- Real Estate  

--- 

This polished resume enhances clarity, structure, and impact while maintaining the original content's integrity.",,
29050809,ACCOUNTANT,0.9166666666666666,False,fixed assets,internal controls,{},"{('percentage', 6.0): 1, ('percentage', 5.0): 1, ('number', 133.0): 1, ('number', 13.0): 1}",0,False,False,False,"ACCOUNTANT II
Summary
A Professional Accountant with more than 10 years of full-range, progressive accounting experience in general accounting and financial reporting. I
have a solid understanding of GAAP and experience in Regulatory (Statutory) STAT Accounting Principles. Also with proven ability to manage
multiple assignments while meeting tight deadline schedules. Possess reputation as a self-directed professional with excellent problem solving and
analytical and communication skills. I also have a proven track record of performing work in an ethical manner while consistently maintaining the
integrity of all financial data. Specialized expertise in data review and analysis, finding resolutions to identified issues and creating accounting reports
and recommendations to my findings.
Skills
Month-end close activities - Reconciliations/Analysis
Accounts Payable & Accounts Receivable Business Property, Income, Sales & Use Tax Return Preparation
General Ledger Entries & Audits
Research, Investigation & Resolution Â Complex Expense Reporting & Reconciliation
Financial Analysis & Reporting Financial Statements & Preparations
Business Accounting Process Improvements Grants & Contracts Accounting
Microsoft Office Proficient Hospitality/Golf Course Accounting
Fixed Asset Accounting Regulatory/Statutory Accounting Principles
Cash and Bank Reconciliations Property Management & Lease Accounting
Intercompany Accounting
Experience
Accountant II 10/2016 to Current Company Name City , State
Responsible for CL500 - Events Clearing.
Revenue 506000, 570496/670496.
LB49R no Other Revenues.
Month End Deficit Funds and Account Analysis.
Run allocation and reconciliation Admi.
Fees on Revenues (FDN 6%, 49R 5%).
Journal generate CRG, CPG, CTL, CFM, CPP and CPS.
Responsible to review 90-days & over (Grants) and 30 days (Others) Accounts Receivable.
Account reconciliations.
Clean the M0380 Fund Balance.
Daily AR Payment Application.
Responsible FDN-GL Inbox.
Grant Accountant 09/2014 to 11/2016 Company Name City , State
Responsible for independently performing a full range of work in general accounting and financial reporting using knowledge of generally
accepted accounting principles and practices and a working knowledge of governmental accounting methods.
Monthly account reconciliations (AR & Revenue Collected in Advance for Grants).
Monthly recon for drawdown grants.
All federal drawdowns.
Journal entry preparation & review JEs from GCAs.
Invoice/billing for Grants.
Send out billing status to GCAs.
Prepare JE on 6% Grants admin fee.
Prepare F&A journal entry (bi-monthly).
Prepare Prepaid (On-Account) billing.
Prepare monthly ""Unbilled for Grants"".
Prepare Over expenditure schedule.
Prepare list of invoices billed.
Review A-133.
Others requests from ORSP.
FFR quarterly.
Grants related special projects.
Accountant 07/2011 to 09/2014 Company Name City , State
Independently prepare and timely filing of multiple, complex quarterly and annual statutory filings, supplemental filings related to Health Care
Insurance industry to 49 other states and assisted in annual audit of financial statements.
Perform and resolve moderately complex problems and/or conduct moderately complex analyses, including non-standard requests;.
Prepare and record journal entries in accordance with SAP and Medical Loss Ratio (MLR) requirements;.
Communicates regularly with other departments in the enterprise including inquiries on particular results of findings and analyses;.
Participate on working groups to develop and communicate innovative approaches for continued improvement in efficiency and
effectiveness;.

Prepare reports for the Board Package and footnote disclosures;.
Assists in the Capital planning for the entity;.
Coordinates quarterly close calls with entity executives to review the filings;.
Performs financial calculations in compliance with State statutes and generate reports as a result of these calculations;.
Maintains the integrity of the various account balances and ensure the entity's compliance with statutory requirements meticulously following
company policies and procedures including proper referencing of supporting work paper;.
Senior Accountant 10/2005 to 07/2011 Company Name City , State
Promoted to the senior accountant position and is responsible for 20 separate general ledger book of accounts, including commercial,
residential and golf course entities.
Ensure proper and timely recording of financial transactions in the general ledger in accordance with GAAP and internal control standards.
Manage GL interface (from various systems) to ensure accurate posting.
Reconcile claim A/R and payments for various revenue streams.
Manage reserves and write-offs.
Communicate and support analytical findings.
Pursue resolution of business issues impacting the financial statements in a proactive and independent manner.
Prepare journal entries including appropriate documentation.
Ensure that the General Ledger and sub-ledger are reconciled and that reconciled items are resolved.
Prepare schedules, supporting documents, and variance analyses for management.
Prepare account reconciliations for moderate to complex accounts and review account reconciliations with the management.
Participate in month-end close activities.
Assisted the Controller in the analyses and understanding of a complex equity accounting transaction from the purchase of the company, to
the setting up and maintenance of the general ledger and creation of financial reports.
Assist the Accounting Manager in the coordination of the Annual Audit by both the Internal & External Auditors; preparation of the Annual
Audit Disclosures.
Coordinates with Treasury regarding wire transfer for various payments.
Managed fixed assets records for said companies, including construction in progress reports, preparation of depreciation reconciliations.
Prepares and calculates the deferred revenue (rents) adjustments and comply with the FASB 13 requirements regarding rent escalations.
Review leases and rent roll with Lease administrator.
Assists Lease Administrator in the tenants Accounts Receivable and CAM expenditure reconciliations.
Conducted research and presentation to the department a GAAP and FASB matter that was important and of use in the accounting of the
various entities within the organization which increased the awareness and understanding of the staff.
Coordinates the billing of borrowers for interest payments on Notes Payable.
Created a complex spreadsheet that streamlined the process and calculation of deferred revenue as well as establish an information source
for other reportorial requirements.
Prepares Financial Statements, Management reports, schedules and summaries.
Prepares and submit Annual Business Property Taxes and monthly Sales Taxes.
Liaison between the Farm management & the company in terms of reportorial requirements.
Interacts with the other Accountants and employees of the company.
Assistant Loan Underwriting Manager 06/2003 to 10/2005 Company Name City , State
Evaluates and write recommendation for approval of loan applications for multi-family dwellings based on financial ratios derived from
borrowers' financial information and a study of the market activity.
Exercised good interpersonal skills with borrowers and communicates with them on a regular basis.
Interact harmoniously and fostering professional relationship with the other units of the department.
I earned 2004 Employee of the Year Award.
Internal Auditor 04/2002 to 06/2003 Company Name City , State
Staff Accountant 10/2001 to 03/2002 Company Name City , State
Branch Cashier (last position) 11/1995 to 06/2001 Company Name City , State
Regional Financial Analyst 08/1990 to 10/1995 Company Name City , State
Education and Training
Certified Public Accountant (CPA licensed in the Philippines) 11/2001 University of the Philippines A hardcopy of the document is available upon
request.
Masters : Management Business Management Management Business Management
Bachelor : Business Administration Accounting Business Administration Accounting
Skills
Account reconciliations, Accounting, accountant, general accounting, Accounting Manager, Accounts Payable, Accounts Receivable, AR,
Balance, Bank Reconciliations, billing, book, bi, interpersonal skills, Contracts, Controller, Certified Public Accountant, CPA, documentation,
equity, ESSBASE, Expense Reporting, filing, Financials, financial, Financial Analysis & Reporting, financial reports, financial reporting, Financial
Statements, Prepares Financial Statements, fixed assets, Funds, General Ledger, GL, Grants, Hyperion, Insurance, JD Edwards, ledger, Notes,
market, Microsoft Office, Enterprise, Peoplesoft, policies, progress, Property Management, recording, rent roll, Research, Sales, SAP,
spreadsheet, Taxes, Tax Return Preparation, Treasury
Affiliations

Volunteer as an Assistant Treasurer with
An Taclobanon Association of So. California (ATASCa)
2015-Present

","**ACCOUNTANT II**

**Summary**  
Dedicated and detail-oriented Professional Accountant with over 10 years of comprehensive experience in general accounting and financial reporting. Proficient in Generally Accepted Accounting Principles (GAAP) and Regulatory (Statutory) Accounting Principles. Demonstrated ability to manage multiple assignments and meet tight deadlines. Recognized for being a self-directed professional with strong problem-solving, analytical, and communication skills. Committed to maintaining the integrity of financial data and performing work ethically. Specialized in data review and analysis, resolving identified issues, and generating insightful accounting reports and recommendations.

**Core Competencies**  
- Month-End Close Activities  
- Reconciliations & Analysis  
- Accounts Payable & Receivable  
- Business Property, Income, Sales & Use Tax Return Preparation  
- General Ledger Entries & Audits  
- Financial Analysis & Reporting  
- Financial Statements Preparation  
- Grants & Contracts Accounting  
- Process Improvements in Business Accounting  
- Microsoft Office Proficiency  
- Hospitality & Golf Course Accounting  
- Fixed Asset Accounting  
- Cash and Bank Reconciliations  
- Intercompany Accounting  

**Professional Experience**  

**Accountant II**  
*Company Name* - City, State  
*October 2016 - Present*  
- Manage CL500 - Events Clearing and oversee revenue streams (506000, 570496/670496) and LB49R without other revenues.  
- Conduct month-end deficit funds and account analysis, including allocation and reconciliation administration.  
- Generate journal entries for CRG, CPG, CTL, CFM, CPP, and CPS.  
- Review accounts receivable over 90 days (Grants) and 30 days (Others) and perform account reconciliations.  
- Maintain the integrity of the M0380 Fund Balance and manage daily accounts receivable payment applications.  
- Oversee FDN-GL inbox communications.

**Grant Accountant**  
*Company Name* - City, State  
*September 2014 - November 2016*  
- Independently executed a full range of general accounting and financial reporting tasks, applying knowledge of GAAP and governmental accounting methods.  
- Conducted monthly account reconciliations for accounts receivable and revenue collected in advance for grants.  
- Managed federal drawdowns and prepared journal entries and invoices for grants.  
- Compiled billing statuses and prepared various journal entries, including 6% grants administration fees and prepaid billing.  
- Developed over-expenditure schedules and prepared quarterly Federal Financial Reports (FFR).

**Accountant**  
*Company Name* - City, State  
*July 2011 - September 2014*  
- Prepared and filed complex quarterly and annual statutory filings for the Health Care Insurance industry across 49 states, assisting in annual financial audits.  
- Resolved moderately complex problems and conducted analyses, preparing journal entries compliant with SAP and Medical Loss Ratio (MLR) requirements.  
- Participated in working groups to enhance efficiency and effectiveness in financial processes.  
- Prepared reports for Board Packages and footnote disclosures while assisting in capital planning.

**Senior Accountant**  
*Company Name* - City, State  
*October 2005 - July 2011*  
- Promoted to Senior Accountant, overseeing 20 separate general ledger accounts, including commercial, residential, and golf course entities.  
- Ensured timely and accurate recording of financial transactions in compliance with GAAP and internal controls.  
- Managed GL interfaces and reconciled claims accounts receivable and payments across various revenue streams.  
- Prepared financial statements, management reports, and schedules while participating in month-end close activities.

**Assistant Loan Underwriting Manager**  
*Company Name* - City, State  
*June 2003 - October 2005*  
- Evaluated and provided recommendations for loan applications for multi-family dwellings based on financial ratios and market analysis.  
- Fostered strong relationships with borrowers and collaborated effectively with departmental units.  
- Recognized as Employee of the Year in 2004.

**Internal Auditor**  
*Company Name* - City, State  
*April 2002 - June 2003*  

**Staff Accountant**  
*Company Name* - City, State  
*October 2001 - March 2002*  

**Branch Cashier**  
*Company Name* - City, State  
*November 1995 - June 2001*  

**Regional Financial Analyst**  
*Company Name* - City, State  
*August 1990 - October 1995*  

**Education**  
**Certified Public Accountant (CPA)** - Licensed in the Philippines  
*University of the Philippines* - November 2001  

**Master's Degree**  
*Business Management*  

**Bachelor's Degree**  
*Business Administration, Accounting*  

**Affiliations**  
- Volunteer Assistant Treasurer, Taclobanon Association of Southern California (ATASCa), 2015 - Present  

**Technical Skills**  
- Proficient in Microsoft Office, SAP, JD Edwards, Hyperion, and Peoplesoft  
- Expertise in financial reporting, account reconciliations, and tax return preparation  

This polished resume enhances clarity, structure, and impact while maintaining the integrity of the original content.",,
23513618,ACCOUNTANT,0.9230769230769231,False,account reconciliations,accounts payable;tax compliance,"{('date_year', 2013.0): 1}","{('number', 2.0): 1, ('number', 1.0): 1, ('number', 2013.0): 1}",0,False,False,False,"ACCOUNTANT
Professional Summary
Results-oriented and organized bilingual accounting and finance professional with 10 + years extensive and diverse accounting, auditing, and
finance experience. Experience in all aspects of financial reporting, accruals, and managerial cost accounting, reporting systems, operational
analysis, and human resources functions through the acceptance of expanded responsibilities after exceptional performance. Knowledge of
Accounting theory, principles, practices, and regulations, including: FASB/GAAP and SOX compliance. CPA Candidate * Analytical * Problem -
Solving and Decision-Making * Performance and Productivity improvement Team-building * Leadership * Payroll Accounting * Tax Accounting
* Financial Analysis * Strategic planning * Project and Inventory Management * Staff Management
Skills
Work History
01/2014 to Current
Company Name â€“ City , State
A full service accounting firm, services include assistance in all tax and business affairs.
Compile and analyze financial information to prepare financial statements for the formulation of corporate tax returns for private and
corporate clients.
Maintaining general ledgers, including posting , adjusting, and closing journal entries Analyze financial transactions to ensure they are
recorded to the appropriate general ledger accounts and make any necessary corrections to journal entries as needed to properly reflect the
financial position of the company.
continued) V.
Mercado, p.
2.
Accountant , 01/1999 to Current
Company Name â€“ City , State
One the largest stone and structural steel fabricator in the south suburbs.
Services include design and fabricate architectural stone for an array of clients which includes residential, commercial buildings, and financial
institutions.
As an Accountant, I oversee all financial accounting functions for a $15 million construction company.
Report directly to the owner, providing financial data and analytical reports to maximize profits and cost savings alternatives.
Responsibilities include, Assist with the preparation and coordination of the month/year-end closing by, ensuring financial statements are
accurate and in compliance with Generally Accepted Accounting (GAAP) requirements.
Assist the owner with the production of the monthly financials, management reports, and executive reporting packages.
Responsible for fixed assets management which includes entering new assets, booking depreciation, and asset disposals.
Inventory analysis and audit for finished goods and raw materials.
Perform financial analysis, track variances, and profit initiatives to generate profitability reports, full-year forecast report, and participate in
the annual budgeting process.
Perform cost, plan, and track weekly and monthly reports for management.
Manage full cycle of AP disbursements ,including bank account reconciliations, journal entries, monthly accruals, and general ledger
Formulate weekly payroll, year-end W-2s, and ensure compliance with Federal, State, and local taxes.
Prepare tax returns: Sales and Use tax, quarterly, and year-end corporate payroll tax returns compliance with IRS requirements.
Oversee the employee benefits including health, dental, vision insurance, 401k, and commercial insurance.
Play a key role in annual audits through preparation of audit schedules and documentation for external insurance auditor.
Participated in various projects to improve process efficiency, overall timeliness and accuracy of financial information.
Participated in the evaluation and development of cost saving and revenue generating opportunities.
Recognized potential problems and implemented innovative solutions.
Trading Assistant , 01/1996 to 01/1999
Company Name â€“ City , State
a joint venture created in 2003 by the former Nissho Iwai American Corporation.
Metal One America is a supply chain management focused on steel and steel-related products.
Services include global material sourcing, logistics coordination, trade finance, and program management.
Prepared reports, analyzed, and audited internal billing, while coordinating deliveries with accuracy and great attention to detail.
Maintained high level of customer satisfaction through business communications with international subsidiaries in Mexico and Japan in the
preparation of documentation of import and export shipments.
Executed accounts receivable reporting enhancements and reconciliation procedures.
Improved customer service satisfaction annually through streamlined inventory system operations by performing thorough inventory tracking.
Designed and implemented cost controls to improve profitability.
Negotiated contracts, including delivery point, terms, price, and export and import duty.
Education
Master of Business Administration : Accounting , 1 2013
LEWIS UNIVERSITY - City , State
GPA: Cum laude Accounting Cum laude

Bachelor of Arts : ROBERT MORRIS UNIVERSITY - City , State
GPA: Accounting (magna Cum laude Accounting (magna Cum laude
H&R Block - Tax courses Wiley CPA Excel review :
Affiliations
ACFE - Association of Certified Forensic Examiners
Skills
Accounting, Accountant, accounts receivable, accruals, Ad, AP, attention to detail, benefits, billing, budgeting, business communications, closing,
contracts, CPA, clients, customer satisfaction, customer service, delivery, documentation, Essbase, finance, financials, financial, financial
accounting, financial analysis, financial statements, fixed assets, general ledger, Hyperion, insurance, Inventory, logistics, materials, Access, Excel,
PowerPoint, Microsoft Word, Enterprise, Oracle, payroll, profit, program management, QuickBooks, reporting, Sales, SAP, Fluent in Spanish,
supply chain management, Tax, taxes, Turbo Tax, View, vision, year-end

","**ACCOUNTANT**

**Professional Summary**  
Results-oriented and organized bilingual accounting and finance professional with over 10 years of extensive and diverse experience in accounting, auditing, and finance. Proficient in all aspects of financial reporting, accruals, managerial cost accounting, reporting systems, operational analysis, and human resources functions. Demonstrated ability to accept expanded responsibilities due to exceptional performance. In-depth knowledge of accounting theory, principles, practices, and regulations, including FASB/GAAP and SOX compliance.  
- CPA Candidate  
- Analytical Problem-Solving and Decision-Making  
- Performance and Productivity Improvement  
- Team Building and Leadership  
- Payroll and Tax Accounting  
- Financial Analysis and Strategic Planning  
- Project and Inventory Management  
- Staff Management  

**Skills**  
- Financial Reporting  
- General Ledger Management  
- Tax Compliance  
- Inventory Analysis  
- Cost Management  
- Audit Preparation  
- Financial Forecasting  
- Process Improvement  
- Bilingual (Fluent in Spanish)  

**Work History**  

**Accountant**  
*Company Name – City, State*  
*January 2014 – Present*  
A full-service accounting firm providing assistance in all tax and business affairs.  
- Compile and analyze financial information to prepare financial statements and corporate tax returns for private and corporate clients.  
- Maintain general ledgers, including posting, adjusting, and closing journal entries.  
- Analyze financial transactions to ensure accurate recording in general ledger accounts and make necessary corrections.  

**Accountant**  
*Company Name – City, State*  
*January 1999 – Present*  
One of the largest stone and structural steel fabricators in the southern suburbs.  
- Oversee all financial accounting functions for a $15 million construction company, reporting directly to the owner.  
- Prepare and coordinate month-end and year-end closing processes, ensuring compliance with GAAP requirements.  
- Assist in producing monthly financials, management reports, and executive reporting packages.  
- Manage fixed assets, including asset entries, depreciation bookings, and disposals.  
- Conduct inventory analysis and audits for finished goods and raw materials.  
- Perform financial analysis, track variances, and generate profitability reports, including full-year forecasts and participation in the annual budgeting process.  
- Manage the full cycle of accounts payable disbursements, including bank reconciliations, journal entries, and monthly accruals.  
- Formulate weekly payroll and year-end W-2s, ensuring compliance with federal, state, and local tax regulations.  
- Prepare various tax returns, including sales and use tax and corporate payroll tax returns, ensuring compliance with IRS requirements.  
- Oversee employee benefits management, including health, dental, vision insurance, 401k, and commercial insurance.  
- Play a key role in annual audits by preparing audit schedules and documentation for external auditors.  
- Participate in projects aimed at improving process efficiency, timeliness, and accuracy of financial information.  
- Identify potential issues and implement innovative solutions to enhance operational performance.  

**Trading Assistant**  
*Company Name – City, State*  
*January 1996 – January 1999*  
A joint venture established in 2003 by the former Nissho Iwai American Corporation, focused on supply chain management for steel and steel-related products.  
- Prepared reports, analyzed, and audited internal billing while coordinating deliveries with precision and attention to detail.  
- Maintained high levels of customer satisfaction through effective communication with international subsidiaries in Mexico and Japan, facilitating import and export documentation.  
- Enhanced accounts receivable reporting and reconciliation procedures.  
- Improved customer service satisfaction by streamlining inventory system operations and performing thorough inventory tracking.  
- Designed and implemented cost controls to boost profitability.  
- Negotiated contracts, including delivery terms, pricing, and import/export duties.  

**Education**  
**Master of Business Administration: Accounting**  
Lewis University - City, State  
Graduated: January 2013  
GPA: Cum Laude  

**Bachelor of Arts: Accounting**  
Robert Morris University - City, State  
GPA: Magna Cum Laude  

**Certifications**  
- H&R Block - Tax Courses  
- Wiley CPA Excel Review  

**Affiliations**  
- Association of Certified Forensic Examiners (ACFE)  

**Technical Skills**  
- Accounting Software: QuickBooks, SAP, Oracle, Hyperion, Essbase  
- Microsoft Office Suite: Excel, PowerPoint, Word  
- Data Management: Access  
- Financial Analysis Tools  

This polished resume enhances clarity, structure, and impact while maintaining the integrity of the original content.",,
50222417,ACCOUNTANT,0.9,False,journal entries,accounts payable;accounts receivable,{},"{('percentage', 100.0): 1, ('number', 438.0): 1, ('number', 1099.0): 1, ('number', 3.33): 1, ('number', 110.0): 1, ('number', 22.0): 1}",1,False,False,False,"STAFF ACCOUNTANT
Professional Summary
I am currently a graduate student in Masters of Science in Finance Management and IT and a CPA candidate with expected completion by the
end of 2017. I am an Accounting and Finance professional with 4+ years extensive experience in full financial statement reporting, month end
closures, Review of G'\L, Balance Sheet and Statement of Revenue and Expenses, and Financial Risk assessment as well as budget analysis and
various reconciliations.
Core Qualifications
Working Capital ManagementÂ
Financial Modeling End of the Month Closing
Budget Analysis Â Â Bookkeeping
Grant Accounting/ Grant Reporting and budget modeling
Account Payables/Receivables aging reporting Analysis
Excel, Outlook
Knowledgeable in Microsoft Dynamics
Proficient in FundEz
Proficient in QuickBooks
Quick learner
Results-oriented
Financial records and processing
Experience
02/2015 to 06/2016
Staff Accountant Company Name
Full charge bookkeeper Report and provide assistance directly to the CFO/Controller on all finance and accounting matter such as: Board
Financial Meeting preparation Financial Statement reporting G/L reconciliation, Monthly Balance Sheet Reconciliation Statement or Position
and Cash Flows analysis Revenue Audition according to grants agreements Operation Budget and Expenses Analysis Maintaining all
aspects of Accounting such as AR, AP, Revenue and Deferred Revenue recognition, adjusting entries, depreciation schedule, grants' budget
monitoring.
Conducted analysis to address discrepancies in 2014 Balance Sheet and General LedgerÂ which led to a complete overhaul of various cash
account reconciliation processes and internal controls .
Coordination of the provision of information to State and Private auditors.
Monthly calculation of all grants variances, estimate at complete and budget forecasts and actualization.
Recommendation of salaries and fringes' allocation benchmark.
Monitored multiple grants' agreements to keep track of actual revenue, deferred revenue and restricted/unrestricted assets.
Audit schedules preparation and financial information forwarding to auditors Work with auditors for all year end adjusting entries
Assisted controller to develop audit schedule with private or State auditors and insure compliance with OMB Circ.Â A133.
Reviewed Grants' award letters, budget narratives and related invoicing conditions for compliance with organization's F&A. Slaries and
Fringe allocation benchmarks.
Modeled grants' budget spread sheets with actuals and calculated variances Grant's monthly budget monitoring financial analysis and
reporting to programs managers and CFO.
Calculated FTE and fringe benefit allocation's benchmark according to internally developed allocation benchmarks within the guidelines of
OMB Circ 21 and ensured accurate update of wages allocation in ADP Â
Managed and reviewed State and Foundations grants' monthly expenditures according to signed agreements and OMB Circ 21 guidelines.
Produced monthly update on grants' account receivable aging reports at grants' ending period and reconciled the deferred revenue to the
unrestricted.
Prepared and submitted all State (DHMH) request of payments (Form 437) and quarterly reports (Form 438) and performance measure
(Form 440A) in compliance with grants requirements.
Reconciled all grants monthly invoices to grant budget lines to effect funds drawdowns and ensure effective budget monitoring.
Conducted monthly budget, financial and fiscal review and reported updates to program managers.
Reconcile various payments drawdowns from State (DHMH, DLLR) to billings and grants budget line and recognize revenue accordingly.
Full Circle Accounting Support Reconciled various bank account balances to the G/L.
Recorded all cash receipts and remotely deposited check and prepared transmittals Analyzed and reconciled G/L accounts details and
corrected discrepancies Prepared month-end and year-end journal entries.
1099 preparation and filing Maintained fixed assets ledger and recorded periodic depreciation.
Generated various financial reports Balance Sheet account reconciliation with the GL Assisted controller in the development of ABC's
Operating budget and review Grants' budgets proposal before submission.
Reviewed account payables monthly transactions for compliance with GAAP and posted month end adjusting entries and accruals
Supervised all journalized cash receipts and cash disbursements for proper coding.
Corrected discrepancies between Statement of Revenues and original budgets Created all Account Receivables and monitored aging report
accordingly.
Monitored all operating cash accounts and performed remote checks deposit Maintained the Chart Account and all related cost centers'
codification.
Successfully led key project towhich resulted in [positive outcome] .

10/2013 to 02/2015
Finance Consultant/Budget Analyst Company Name - City , State
Provided financial and accounting services to a portfolio of private and public clients.
Supported clients' finance department with the following: Budget analysis Cash flow management Bookkeeping End of the month and end of
the year closing with W2s and 1099 filings G/L accounts reconciliation End of the year financial Statement reporting Streamline financial
processes and Internal control implementation Analysis of variances analysis and development of new plan of action Development of
financial models and financial analytical tools Maintained Chart Accounts.
06/2012 to 08/2013
Senior Accountant Company Name - City , State
Evaluated clients' financials and accounting processes to determine plan of action Analyzed Income and evaluated working capital.
Performed audit of various accounts and tracked all capital spending against approved payment requests.
Offset unapproved and unusual expenses variances in their respective areas.
Analyzed clients' operation budget against operation income and adjusted forecasts accordingly.
Assisted CFOs with the production of monthly financial statement reports.
Financial Statement Analysis.
Reconciled financial statements with the G/L, corrected discrepancies in revenue recognition, asset ledger, periodic depreciation and
prepaid expenses.
Performed expenses and revenue analysis.
04/2011 to 01/2012
Financial Coordinator, Accountant I Company Name
Performed grant accountant duties for a portfolio of grants funded program at Center of Advanced Study of Languages (CASL) and at
Institute of Biotechnology and Bioscience Research (IBBR).
Defined grants projects deliverables with contractors and monitored deadlines accordingly.
Performed monthly budget actualization and developed monthly financial reports.
Analyzed, investigated variances and assisted project managers to build plan of actions Reconciled all journal entries with the G/L,
investigated and corrected discrepancies Maintained and review petty cash funds.
Reviewed all credit card expenses and grants expenses/payment request for compliance with federal OMB Circ.
A21 and OMB Circ.
122 Conducted monthly meetings with projects managers for grants expenses analysis.
Education
Summer 2017
Master of Science : Finance Management and IT Progress University of Maryland University College - City , State Finance Management and IT
Progress
2011
Bachelor of Science : Accounting University of Maryland - City , State GPA: GPA: 3.33 Accounting GPA: 3.33
Certified Public Accountant: Candidate Expected Graduation: Winter 2017 Certified: OMB Circ. A 133, 122, 21 and 110
Accomplishments
Customized various financial reports to respond to Board Members' needs.
Streamlined Financial and Accounting processes to increase Internal control's efficiency.
Investigated and corrected discrepancies in the G/L, in the financial statements with 100% accuracy.
Insured 100% compliance with Internal Controls, GAAP and OMB Circ.
A21, 22, 110, 133.
Skills
account reconciliation, Accounting, accountant, accrual, ABC, Streamline, ADP and Payroll, Ad, AP, AR, Balance Sheet, billings, Biotechnology,
Bookkeeping, bookkeeper, Budget Analysis, budgets, Budget, cash receipts, Cash flow, Closing, Controller, Certified Public Accountant, credit,
clients, filing, finance, financials, Financial, financial and accounting, Financial Modeling, Development of financial models, financial reports, financial
analysis and reporting, Financial Reporting, financial statements, Financial Statement Analysis, fixed assets, funds, GL, Grants, invoicing, ledger,
letters, meetings, Microsoft Dynamics, Excel, Outlook, modeling, processes, coding, proposal, QuickBooks, reporting, Research, Revenue
recognition, spread sheets, year-end

","**STAFF ACCOUNTANT**

**Professional Summary**  
Dedicated accounting and finance professional with over 4 years of extensive experience in full financial statement reporting, month-end closures, general ledger review, balance sheet analysis, and financial risk assessment. Currently pursuing a Master of Science in Finance Management and IT, with CPA certification expected by the end of 2017. Proven track record in budget analysis, reconciliations, and grant accounting, with a strong commitment to accuracy and compliance.

**Core Qualifications**  
- Working Capital Management  
- Financial Modeling  
- Month-End Closing  
- Budget Analysis  
- Bookkeeping  
- Grant Accounting and Reporting  
- Accounts Payable/Receivable Aging Analysis  
- Proficient in Microsoft Excel, Outlook, Dynamics, FundEz, and QuickBooks  
- Quick learner with a results-oriented approach  
- Expertise in financial records processing  

**Experience**  

**Staff Accountant**  
*Company Name* — *City, State*  
*February 2015 to June 2016*  
- Served as a full-charge bookkeeper, reporting directly to the CFO/Controller on all finance and accounting matters, including board financial meeting preparation and financial statement reporting.  
- Conducted general ledger reconciliations, monthly balance sheet reconciliations, and cash flow analysis.  
- Managed revenue audits in accordance with grant agreements and performed operational budget and expense analysis.  
- Oversaw all aspects of accounting, including accounts receivable, accounts payable, revenue recognition, adjusting entries, and depreciation schedules.  
- Identified and resolved discrepancies in the 2014 balance sheet and general ledger, leading to improved cash account reconciliation processes and enhanced internal controls.  
- Coordinated information provision to state and private auditors, ensuring compliance with OMB Circular A-133.  
- Calculated grant variances, estimated completion, and budget forecasts, providing recommendations for salary and fringe allocation benchmarks.  
- Monitored multiple grant agreements to track actual revenue, deferred revenue, and restricted/unrestricted assets.  
- Prepared audit schedules and financial information for auditors, collaborating on year-end adjusting entries.  
- Developed and maintained grant budget spreadsheets, ensuring accurate financial reporting to program managers and the CFO.  
- Managed and reviewed state and foundation grants' monthly expenditures in compliance with signed agreements and OMB Circular 21 guidelines.  
- Produced monthly updates on grants' accounts receivable aging reports and reconciled deferred revenue.  
- Prepared and submitted state payment requests and quarterly reports in compliance with grant requirements.  
- Conducted monthly budget reviews and financial analysis, reporting updates to program managers.  
- Reconciled various payments from state agencies to billings and grant budget lines, recognizing revenue accordingly.  
- Maintained fixed assets ledger and recorded periodic depreciation while generating various financial reports.  
- Reviewed accounts payable transactions for GAAP compliance and posted month-end adjusting entries and accruals.  
- Successfully led a key project resulting in [positive outcome].  

**Finance Consultant/Budget Analyst**  
*Company Name* — *City, State*  
*October 2013 to February 2015*  
- Provided financial and accounting services to a diverse portfolio of private and public clients.  
- Supported clients' finance departments with budget analysis, cash flow management, bookkeeping, and end-of-month/year closing processes, including W-2 and 1099 filings.  
- Streamlined financial processes and implemented internal controls, conducting variance analysis and developing new action plans.  
- Developed financial models and analytical tools, maintaining the chart of accounts.  

**Senior Accountant**  
*Company Name* — *City, State*  
*June 2012 to August 2013*  
- Evaluated clients' financials and accounting processes to determine actionable plans.  
- Analyzed income and assessed working capital, performing audits of various accounts and tracking capital spending against approved payment requests.  
- Assisted CFOs in producing monthly financial statement reports and reconciling discrepancies in revenue recognition, asset ledgers, and prepaid expenses.  

**Financial Coordinator, Accountant I**  
*Company Name*  
*April 2011 to January 2012*  
- Performed grant accounting duties for a portfolio of grants at the Center of Advanced Study of Languages (CASL) and the Institute of Biotechnology and Bioscience Research (IBBR).  
- Defined project deliverables with contractors and monitored deadlines.  
- Developed monthly financial reports and analyzed variances to assist project managers in creating action plans.  
- Ensured compliance with federal OMB Circulars A-21 and A-122 in reviewing credit card expenses and grant payment requests.  

**Education**  
*Master of Science in Finance Management and IT*  
*University of Maryland University College* — *City, State*  
*Expected Graduation: Summer 2017*  

*Bachelor of Science in Accounting*  
*University of Maryland* — *City, State*  
*Graduated: 2011*  
*GPA: 3.33*  

**Certifications**  
- Certified Public Accountant (CPA) Candidate, Expected Completion: Winter 2017  
- Certified in OMB Circulars A-133, A-122, A-21, and A-110  

**Accomplishments**  
- Customized financial reports to meet the needs of board members.  
- Streamlined financial and accounting processes to enhance internal controls.  
- Achieved 100% accuracy in resolving discrepancies in the general ledger and financial statements.  
- Ensured full compliance with internal controls, GAAP, and relevant OMB Circulars.  

**Skills**  
- Account Reconciliation  
- Financial Reporting and Analysis  
- Budget Management  
- Bookkeeping  
- Financial Modeling  
- Microsoft Dynamics, Excel, Outlook, FundEz, QuickBooks  
- GAAP Compliance  
- Internal Controls Implementation  
- Variance Analysis  
- Grant Management  

---

This polished version of your resume enhances clarity, structure, and professionalism while maintaining the integrity of the original content.",,
30304575,ACCOUNTANT,0.9285714285714286,False,collections,,{},"{('number', 90.0): 1, ('number', 10000.0): 1}",0,True,False,False,"ACCOUNTANT II
Professional Summary
Multi-faceted Financial Professional with solid and progressive experience in all facets of accounting and financial management.
Skills
Accounting and Financial Reporting Powerful negotiator
Experience in Cash Flow Management and Financial Ability to multitask and meet aggressive deadlines
Statement Analysis Budgeting and finance
Experience in Account Reconciliations, Accruals, Extremely organized
GL Activity, Month End Close, AR, AP, and Billing Self-motivated
Progressive experience in Budget Management, Conflict resolution
SEC & GAAP Compliances Strong verbal communication
Excellent communication skills Strong knowledge and familiarity with Microsoft Excel, Word, PowerPoint,
Superb analytical and problem solving skills Outlook
Ability to work independently as well as within Team Perfect knowledge of Accounting software like Lawson, Mas 90,
Settings QuickBooks Pro, PeopleSoft, Axiom, Bloomberg Terminal, Nvision, and
Physically fit to work extra hours with superb Imaging
schedule flexibility Ability to learn new software programs
Work History
11/2014 to 10/2016
Accountant II Company Name â€“ City , State
Performed month-end General Ledger close and prepared manual journal entries.
Prepared balance sheet accounts reconciliation and roll forward schedules.
Researched and resolved reconciling items in a timely manner and informed management of any issues.
Prepared weekly reconciliation with supporting schedules of the fixed asset registers to the relevant accounting records, and resolved
unclear items.
Organized and maintained fixed asset register.
Prepared monthly provider tax payments Reviewed, analyzed, and approved invoices to determine capital fixed asset versus expense and
process CPAR invoices on a timely basis.
Performed monthly accruals schedules Prepared depreciation calculation for all fixed assets Reviewed for adherence to capitalization policy
and, researched and resolved any related issues.
Ensured, calculated, and updated useful lives of all fixed assets are in accordance with company policy.
Performed monthly fixed assets retirement/disposal obligations Generated monthly depreciation of capital expenditures.
Supported other departments (Account Payable & Purchasing) to research and resolve accounting issues Assisted with internal and external
audit activities.
Worked directly with [departments, clients, management] to achieve [ result ].
Assisted various business groups with document organization and dissemination during acquisitions.
Developed new process for employee evaluation which resulted in marked performance improvements.
Supported Chief Operating Officer with daily operational functions.
11/2013 to 12/2013
Senior Accountant (TEMP) Company Name â€“ City , State
Assisted in the on-going development of current accounting and reporting functions.
Prepared consolidated monthly financial statements of various entities.
Led efforts in company's monthly depreciable items reports.
Played a major role in catching-up with preparation of Vice President's expense report.
Compiled audit documentation.
Monitored and documented daily bank transactions.
Supported to develop capital estimation report on company's current building project.
02/2012 to 11/2013
Accountant (TEMP) Company Name â€“ City , State
Maintained responsibility for accounting and financial management associated with general ledger activity, cash flow management, and
financial reporting.
Developed accurate and reliable financial statements that aided in business decision-making.
Charged with account analysis reports involving bank accounts reconciliation, journal entry preparation, month end close, and preparation of
monthly accruals.
Played a key role in preparing monthly, quarterly, and annual reporting packages / closing procedures for multiple entries.
Prepared inter-company accounts reconciliations.
Researched and eliminated financial discrepancies in a timely manner.
Assisted in compiling of audit documentation.

Supported to develop YTD P&L budget and actual reports including variance analysis activities.
Performed full range of financial analysis projects.
12/2011 to 02/2012
Staff Accountant (TEMP) Company Name â€“ City , State
Charged with handling general ledger reviews, bank reconciliations, and month end close.
Participated in balance sheet reconciliation.
Verified daily bank transaction reports while ensuring the financial integrity of data.
Performed journal entry adjustments and accruals.
Assisted with the field audits, preparation of audit schedules and work papers, accounts payable and accounts receivable Spearheaded the
development of ad hoc reports as needed.
08/2010 to 12/2011
Junior Accountant (TEMP) Company Name â€“ City , State
Heavily performed billing duties Led efforts to track all cash flows.
Played a key role in streamlining billing expenses and introducing process improvements.
Championed efforts to reduce outstanding accounts receivable while managing collections efforts.
Investigated and resolved billing discrepancies Performed and tracked chargebacks.
Pioneered the implementation of new invoicing sales code and delivery methods.
Ensured billings were accurately processed within specified deadlines.
Researched and reconciled customer accounts.
09/2009 to 07/2010
Equity Research Analyst (TEMP) Company Name â€“ City , State
Eliminated financial statement discrepancies by making sure items were accurately entered and balanced.
Updated the balance sheet, income statement, and cash flow statement, which included pension plans, leases, contractual obligations, and
debt.
Identified and analyzed all basic accounting related issues and determined proper methods of resolution exceeding the daily targets.
Prepared fundamental analysis on U.S.
and European company's 10-Q and 10-K that was filed with SEC.
06/2009 to 09/2009
Bookkeeper (TEMP) Company Name â€“ City , State
Performed accounting and finance duties associated with accounts receivable and accounts payable Prepared financial reports that detailed
the financial position of the company Processed weekly payroll for over 20 employees Worked with sales tax, states payroll taxes, and
federal payroll taxes payments Handled human resources queries as well as processed new hires.
04/2008 to 05/2009
Operation Budget (INTERN) Company Name â€“ City , State
Prepared weekly analytical Pay-Hour report for over 10,000 Bus Operator and Bus Maintenance employees Set up variances between
budget and actual retrieved from Hyperion for budget modifications decided by management.
Analyzed and prepared special report Prepared Audit Travel Expenses Report Assisted Supervisors with ad hoe reporting.
Affiliations
New York State Society of Certified Public Accountants (NYSSCPA) *National Association of Black Accountants (NABA) *CSI International
Students Association ABBY BELLO
Education
2012
Master of Business Administration :
UNIVERSITY OF PHOENIX - City , State
2009
Bachelor of Science : Accounting Finance & Economics
CITY UNIVERSITY OF NEW YORK - City , State
Accounting Finance & Economics
Skills
Account Reconciliations, Accounting, basic accounting, Accounting software, accounts payable, accounts receivable, Accruals, ad, AP, AR,
balance sheet, bank reconciliations, Billing, billings, Bloomberg, Budget Management, budget, capital expenditures, Cash Flow, cash flow
statement, closing, Excellent communication, decision-making, delivery, documentation, finance, financial, financial analysis, financial management,
financial reports, Financial Reporting, financial statements, Financial Statement Analysis, fixed asset register, fixed assets, General Ledger, GL,
human resources, Hyperion, Imaging, invoicing, Lawson, managing, Mas 90, Microsoft Excel, Outlook, PowerPoint, Word, Month End Close,
payroll, PeopleSoft, problem solving skills, Purchasing, QuickBooks Pro, reconciling, reporting, research, sales, tax, taxes, variance analysis

","**ABBY BELLO**  
[Your Address]  
[City, State, Zip]  
[Your Phone Number]  
[Your Email Address]  
[LinkedIn Profile]  

---

**ACCOUNTANT II**  

**Professional Summary**  
Detail-oriented and results-driven Financial Professional with extensive experience in accounting and financial management. Proven ability to manage complex financial reporting, cash flow management, and compliance with SEC and GAAP standards. Adept at multitasking, meeting aggressive deadlines, and fostering effective communication across departments.

---

**Core Competencies**  
- Financial Reporting & Analysis  
- Cash Flow Management  
- Budgeting & Forecasting  
- Account Reconciliations & Accruals  
- General Ledger Activity & Month-End Close  
- Accounts Receivable (AR) & Accounts Payable (AP)  
- Compliance with SEC & GAAP Standards  
- Strong Negotiation & Conflict Resolution Skills  
- Proficient in Microsoft Office Suite (Excel, Word, PowerPoint, Outlook)  
- Experienced with Accounting Software (Lawson, MAS 90, QuickBooks Pro, PeopleSoft, Axiom, Bloomberg Terminal, Nvision)  
- Excellent Analytical & Problem-Solving Skills  
- Strong Verbal & Written Communication Skills  

---

**Professional Experience**  

**Accountant II**  
*Company Name – City, State*  
*November 2014 – October 2016*  
- Led month-end General Ledger close processes and prepared manual journal entries.  
- Conducted balance sheet account reconciliations and roll-forward schedules, ensuring timely resolution of reconciling items.  
- Managed weekly reconciliations of fixed asset registers, maintaining accurate records and resolving discrepancies.  
- Prepared monthly provider tax payments and reviewed invoices to classify capital fixed assets versus expenses.  
- Developed and maintained monthly accrual schedules and depreciation calculations for fixed assets, ensuring compliance with company policies.  
- Collaborated with Accounts Payable and Purchasing departments to resolve accounting issues and supported internal and external audit activities.  
- Assisted various business units with document organization during acquisitions and developed new employee evaluation processes, leading to improved performance metrics.  
- Provided operational support to the Chief Operating Officer.

**Senior Accountant (Temporary)**  
*Company Name – City, State*  
*November 2013 – December 2013*  
- Contributed to the enhancement of accounting and reporting functions by preparing consolidated monthly financial statements for multiple entities.  
- Led the preparation of monthly reports on depreciable items and assisted in compiling audit documentation.  
- Monitored daily bank transactions and supported the development of capital estimation reports for ongoing projects.

**Accountant (Temporary)**  
*Company Name – City, State*  
*February 2012 – November 2013*  
- Managed general ledger activities, cash flow management, and financial reporting, ensuring accuracy and reliability in financial statements.  
- Conducted account analysis, bank reconciliations, journal entry preparations, and month-end close processes.  
- Prepared inter-company account reconciliations and eliminated financial discrepancies in a timely manner.  
- Supported the development of year-to-date P&L budget reports and variance analyses.

**Staff Accountant (Temporary)**  
*Company Name – City, State*  
*December 2011 – February 2012*  
- Handled general ledger reviews, bank reconciliations, and month-end close activities.  
- Assisted with field audits and prepared audit schedules, work papers, and financial reports.

**Junior Accountant (Temporary)**  
*Company Name – City, State*  
*August 2010 – December 2011*  
- Managed billing duties and tracked cash flows, implementing process improvements to streamline billing expenses.  
- Championed efforts to reduce outstanding accounts receivable and resolved billing discrepancies.

**Equity Research Analyst (Temporary)**  
*Company Name – City, State*  
*September 2009 – July 2010*  
- Updated and balanced financial statements, including balance sheets, income statements, and cash flow statements.  
- Conducted fundamental analysis on U.S. and European companies’ SEC filings (10-Q and 10-K).

**Bookkeeper (Temporary)**  
*Company Name – City, State*  
*June 2009 – September 2009*  
- Managed accounts receivable and payable, prepared financial reports, and processed payroll for over 20 employees.

**Operations Budget Intern**  
*Company Name – City, State*  
*April 2008 – May 2009*  
- Prepared analytical reports on employee pay hours and analyzed budget variances using Hyperion.

---

**Education**  
**Master of Business Administration**  
*University of Phoenix – City, State*  
*2012*  

**Bachelor of Science in Accounting, Finance & Economics**  
*City University of New York – City, State*  
*2009*  

---

**Affiliations**  
- New York State Society of Certified Public Accountants (NYSSCPA)  
- National Association of Black Accountants (NABA)  
- CSI International Students Association  

--- 

**References Available Upon Request**  

--- 

*Note: Please replace placeholder text (e.g., ""Company Name,"" ""City, State"") with actual information.*",,
18132924,ACCOUNTANT,0.9090909090909091,False,journal entries,cost accounting,{},"{('number', 4.0): 7, ('number', 1.0): 1, ('number', 1099.0): 1, ('number', 2.0): 1}",0,False,False,False,"ACCOUNTANT
Executive Profile
Capable Accountant successful at managing multiple projects and consistently meeting deadlines under pressure. Extensive knowledge of
accounting software and processes. Team-orientedÂ who prepares clear, comprehensive financial reports for executive-level management.
Dynamic and highly qualified with extensive knowledge of accounting principles.
Professional Value Offered
Researched and resolved billing problems that had been previously missed.
Operated computers programmed with accounting software to record, store, and analyze information.
Maintained accurate accounts including cash inventory, prepaid, fixed assets, accounts payable, accrued expenses and line of credit
transactions.
Knowledge of double-entry accounting method and cash-basis accounting method.
Skills
Analytical reasoning Effective time management
Budget forecasting expertise Advanced computer proficiency (PC and Mac)
Account reconciliation expert Strong organizational skills
Financial planner Excellent managerial techniques
Work Experience
04/2017 to Current
Accountant Company Name ï¼​ City , State
Performed debit, credit and total accounts on computer spreadsheets/databases, using specialized accounting software. Performed field audits on
wide variety of clientele using Quick Books System. Received, recorded, and banked cash, checks, and vouchers as well as reconciled records of
bank transactions. Completed monthly, quarterly and annual bank reconciliations for more than two dozenÂ companies. Managed accounting
operations, accounting close, account reporting and reconciliations. Aligned all financial activity with the regulations of the GAAP.
02/2017 to Current
Accountant Company Name ï¼​ City , State
Evaluated accounting requirements during discovery meetings with potential clients Provided reliable and timely project by project expense,
capitalization, amortization and spend data for all departments. Tracked all capital spending against approved capital requests.
10/2016 to 04/2017
Bookkeeper Company Name ï¼​ City , State
Updated confidential employee banking information with accuracy and speed. Maintained accounts receivable documentation electronically and on
paper. Increased efficiency and alleviated work loads by creating a new Excel financial recording system. Entered weekly sales and customer
count sheets for review by management. Processed payroll, electronic deposits and employee pay adjustments. Researched and resolved
collections and billing disputes with tact and efficiency.
10/2016 to 04/2017
Controller Assistant Company Name ï¼​ City , State
Maintained compliance with company and legal requirements. Completed quarterly and yearly audits. Systematically prepared documents and
assembled financial statements for independent auditors. Executed accounts receivable reporting enhancements and reconciliation procedures.
Investigated and resolved discrepancies in monthly bank accounts while under tight deadlines. Collaborated extensively with auditors during
preliminary and year-end audit processes.
05/2010 to 08/2016
Controller Company Name ï¼​ City , State
Restructured and analyzed Profit Software System to improve budget reporting. Thoroughly reviewed financial statements and tax audits to correct
any discrepancies. Revised and streamlined inefficient work procedures with automation software. Educated management on strategies for
minimizing tax liability. Reviewed all tax returns prepared by individual departments before approval. Supplied detailed tax documentation needed
to submit accurate corporate returns. Reviewed program needs and recruited qualified staff.
Language Skills
Bilingual Spanish/English
Fluent reading/writing Portuguese.
Certifications and Credentials
Certified Public Accountant CPA - # 138.882 (2014-2015 Venezuela)

Academic Background
2014
BBA : Accounting Andrï¿½s Bello Catholic University ï¼​ City , State
5 year Degree;Â Emphasis in Business Administration
Generally Accepted Accounting Principles, 4 semesters.
International Financial Reporting Standards, 4 semesters.
International Auditing Standards, 4 semesters.
International Accounting Standards, 4 semesters.
Costs, 4 semesters.
Business & Managements, 2Â semesters.
Economics, 4 semesters
Financial Math, 4 semesters.
2009
Course : Informatics Engineering Andrï¿½s Bello Catholic University ï¼​ City , State
1 year course
2008
High School Diploma Saint Anthony of La Florida ï¼​ City , State
Minor in Science
2016
Seminar : California Payroll Law Fred Pryor Seminars & Career Track ï¼​ City , State
QuickBooks
Microsoft Excel
2014
Seminar : Tax Planning and Prepaid Taxes KPMG ï¼​ City , State
2013
Seminar : SAP Andrï¿½s Bello Catholic University ï¼​ City , State
Technical Summary
Microsoft Windows : Medium , download and install software's, printers, scanners, setup networks, internet connections, sharing files,
remote work/connections, antivirus, basic skills in server, domains, my sql data base.
Word : Advanced , tables, graphics, envelopes, insert, do formats, labels, hyperlink, block, others.
Excel : Advanced , pivot table, insert, graphics, do formats, formulas, hyperlink, logical conditions, financial, find, replace, lookup, block,
group, data validation, filters, freeze panes, macros, others.
PowerPoint : Medium , effects, graphics, presentation, exporting, importing image, editing videos, text, publicity.
Access : Basic user.
Adobe : Medium , hobby edit image, creating image, edit forms, fill forms, creating form, exporting to other formats, others.
MacÂ iOS : Basic user.
Accounting Software :Â Quickbooks Pro 2015/2016/2017 : Advanced , Chart of accounts, bills, invoicing, assets, payroll, credit card,
banks, reconciliation, 1099, setting closing dates, setup payrolls, employees entry, vendors entry, clients entry, General Journal Entries,
export, import, write checks, paying bills, memorized transaction list, others.
Accounting Software: Profit Pluss 2k8 : Advanced (similar to QuickBooks), including Integration between payroll, administrative and
accounting, creating the char of account, setup the integration rules, setup the taxes withheld parameters, taxes parameters, budget
parameters, others.
Accounting Software: SAP : Basic user.
Tax Software: Lacerte : Basic user
Forms Tax Software , ComplyRight : Basic user , W-2 and 1099s forms software
Real Estate P.M.A.S. , AppFolio : Basic user
ADP Ezlabor, ADP Payroll : Advance , all payroll requirements to finish the tasks needed.

","**ACCOUNTANT**

**Executive Profile**  
Dedicated and detail-oriented Accountant with a proven track record of managing multiple projects and consistently meeting deadlines under pressure. Possesses extensive knowledge of accounting software and processes, with a strong ability to prepare clear and comprehensive financial reports for executive-level management. A dynamic professional with a deep understanding of accounting principles and practices.

**Professional Value Offered**  
- Resolved complex billing issues that had previously gone unnoticed.  
- Utilized advanced accounting software to accurately record, store, and analyze financial information.  
- Maintained precise accounts, including cash inventory, prepaid expenses, fixed assets, accounts payable, accrued expenses, and line of credit transactions.  
- Proficient in both double-entry and cash-basis accounting methods.  

**Skills**  
- Analytical reasoning  
- Effective time management  
- Budget forecasting expertise  
- Advanced computer proficiency (PC and Mac)  
- Expert in account reconciliation  
- Strong organizational skills  
- Financial planning  
- Excellent managerial techniques  

**Work Experience**  

**Accountant**  
*Company Name, City, State*  
*April 2017 - Present*  
- Managed debit, credit, and total accounts using specialized accounting software and spreadsheets.  
- Conducted field audits for a diverse clientele utilizing QuickBooks.  
- Oversaw cash transactions, including receipts, checks, and vouchers, while reconciling bank records.  
- Completed monthly, quarterly, and annual bank reconciliations for over two dozen companies.  
- Ensured all financial activities complied with GAAP regulations.

**Accountant**  
*Company Name, City, State*  
*February 2017 - Present*  
- Assessed accounting requirements during discovery meetings with potential clients.  
- Provided timely and reliable project-specific expense, capitalization, amortization, and spending data across departments.  
- Monitored capital expenditures against approved requests.

**Bookkeeper**  
*Company Name, City, State*  
*October 2016 - April 2017*  
- Accurately updated confidential employee banking information.  
- Maintained accounts receivable documentation in both electronic and paper formats.  
- Enhanced efficiency by creating a new Excel-based financial recording system.  
- Processed payroll, electronic deposits, and employee pay adjustments.  
- Resolved collections and billing disputes with professionalism and efficiency.

**Controller Assistant**  
*Company Name, City, State*  
*October 2016 - April 2017*  
- Ensured compliance with company and legal requirements.  
- Assisted in quarterly and annual audits.  
- Prepared financial statements and documentation for independent auditors.  
- Improved accounts receivable reporting and reconciliation processes.  
- Investigated and resolved discrepancies in monthly bank accounts under tight deadlines.

**Controller**  
*Company Name, City, State*  
*May 2010 - August 2016*  
- Restructured and analyzed the Profit Software System to enhance budget reporting.  
- Reviewed financial statements and tax audits to identify and correct discrepancies.  
- Streamlined work procedures through automation software.  
- Advised management on strategies to minimize tax liabilities.  
- Reviewed departmental tax returns prior to approval and provided necessary documentation for corporate returns.  
- Assessed program needs and recruited qualified staff.

**Language Skills**  
- Bilingual in Spanish and English  
- Fluent in reading and writing Portuguese  

**Certifications and Credentials**  
- Certified Public Accountant (CPA) - #138.882 (2014-2015, Venezuela)  

**Academic Background**  

**BBA in Accounting**  
*Andrés Bello Catholic University, City, State*  
*2014*  
- 5-Year Degree with Emphasis in Business Administration  
- Completed coursework in Generally Accepted Accounting Principles, International Financial Reporting Standards, International Auditing Standards, International Accounting Standards, Cost Accounting, Business & Management, Economics, and Financial Mathematics.

**Informatics Engineering Course**  
*Andrés Bello Catholic University, City, State*  
*2009*  
- One-year course  

**High School Diploma**  
*Saint Anthony of La Florida, City, State*  
*2008*  
- Minor in Science  

**Professional Development Seminars**  
- California Payroll Law, Fred Pryor Seminars & Career Track (2016)  
- Tax Planning and Prepaid Taxes, KPMG (2014)  
- SAP, Andrés Bello Catholic University (2013)  

**Technical Summary**  
- **Microsoft Windows**: Proficient in software installation, network setup, and basic server management.  
- **Microsoft Word**: Advanced skills in document formatting, tables, and graphics.  
- **Microsoft Excel**: Advanced proficiency in pivot tables, formulas, data validation, and macros.  
- **Microsoft PowerPoint**: Intermediate skills in presentations and multimedia editing.  
- **Microsoft Access**: Basic user.  
- **Adobe**: Intermediate skills in image editing and form creation.  
- **Mac iOS**: Basic user.  
- **Accounting Software**: Advanced user of QuickBooks (Pro 2015/2016/2017) and Profit Plus 2k8; Basic user of SAP and Lacerte tax software.  
- **Payroll Systems**: Advanced skills in ADP Ezlabor and ADP Payroll.

This polished resume enhances clarity, structure, and professionalism while maintaining the integrity of the original content.",,
26013403,FINANCE,1.0,False,,,"{('number', 20.0): 1, ('number', 15.0): 1}",{},0,False,False,False,"OPERATIONS FINANCE DIRECTOR
Summary
Skilled financial professional with over twenty years of financial services industry and fifteen years of practical management experience.Highly
detail-oriented and organized. Areas of expertise include conflict management, customer service, marketing and client interface. Advanced training
in risk assessments, management controls and audit planning.
â€‹
â€‹
Highlights
Customer service Microsoft Office proficiency
Schedule management Proficient in Concur, Workday, Kronos
Project managementÂ Excel spreadsheets/SQL
Strategic and financial planning expert SOX, DOJ, Audit experience
Mergers and acquisitions knowledge Cost reduction and containment
Negotiations, risk mitigationÂ Staff leadership and development
Exceptional customer service skills Superior organization skills
Accomplishments
Reduced capital spending by 35 % per year as the leader of a cross-functional trading floor teams in San Francisco and New York.
Head of Business Continuity for NYSE-SF and NYSE-NY.
Recognized for achieving flawless audit scores from both NYSE Regulation, Securities and Exchange Commission and FINRA.
Authored and published trading floor rule filings for NYSE- SF and NYSE-Amex- 2008-2013.
Launched the Amex Trading Floor-NY in 2008-2009, hired all trading floor staff.
Authored all trading floor employee procedures, manuals, and company policies for both NYSE-SF and NYSE-Amex.
In charge of streamlining staffing levels for three mergers 2005-2010.
Started NYSE Annual Community Volunteer Program 2010.
Experience
Operations Finance Director Jan 2016 to Current
Company Name ï¼​ City , State Planned and executed operational audits of various business areas using risk-based audit methodology. Created
executive analysis reports highlighting business issues, potential risks and profit opportunities.Â Developed and implemented efficient accounting,
financial and operational systems.Â Generated new accounts by implementing effective networking and content marketing strategies.Â Reviewed
new customer orders and requests and manually entered data Systematically prepared documents and assembled financial statements for
independent auditors i nto a centralized database.
Managing Director - Head Of Trading Floor Operations Feb 2009 to Oct 2015
Company Name ï¼​ City
Supervised and managed all daily operational trading floor activities, all trading floor staff and all trading floor broker operations on the San
Francisco trading floorÂ
Worked with FINRA Floor staff to enforce trading floor rules
Responsible for enforcement of trading floor rules and regulation for open out-cry trading.
Developed strategy for internal and external regulatory examinations, collaborated with internal and external audit and market compliance.
Created organizational flow charts and career path reports to evaluate employee compensation information.
Designed the employee performance evaluation process and merit program.
Wrote all employee company policies and procedures for the trading floor.
Increased the employee base to meet changing staffing needs.
Implemented an innovative employee incentive and training program.
Handled exchange customer error account for San FranciscoÂ
SR. Director - Options Trading Services and Operations Oct 2007 to Feb 2009
Company Name ï¼​ City , State
Stationed in New York for the launch and merger between the NYSE and the American Stock Exchange.
Implemented and authored all company policies and procedures for the trading floor.
Recruited and interviewed 70 applicants per one year period.
Reviewed federal and state laws to confirm and enforce company compliance.
Wrote all employee performance evaluation reviews and recommended merit increases.
Implemented an employee bonus program.
Maintained all of the departments procedures and written documentation for both NYSE SF and NYSE Amex NY.
Director -Manager -Options Trading Services May 1992 to Oct 2007
Company Name ï¼​ City
Managed trading floor staff and all trading floor procedures.
Oversaw all facilities and maintenance of the entire options department.
Developed and managed quarterly operating budgets for the entire San Francisco Trading Floor and Options department.Â

Analyzed employment-related data and prepared required reports.
Collected and analyzed data to evaluate operational issues and make process improvement recommendations.Communicated the duties,
compensation, benefits and working conditions to all potential candidates.
Defined strategy and business plans for entire SF-options trading floor.
Rolled out new front end proprietary software for all trading firms.
Traded customer orders in a fast paced open-out-cry environment.
Oversaw scheduling for the day-to-day activities of assigned trading pit.
Education
Associate of Arts , History Diablo Valley College ï¼​ City , State , USA Pursued BA in FinanceÂ
Economics / Spanish Los Medanos Collage ï¼​ City , State , USA
Languages
Spanish- Fluent reading/writing/professional level
Certifications
Certified Trading Floor Broker Certificate - NYSE-REG
MBCI ( Member Business Continuity Institute) 2009-2015
Computer Information Systems Certificate-Project Management-DVC
Spanish Foreign Language Certificate-LMC
Published Regulatory Bulletins for NYSE-Arca Equities- 2010-2013 SEC (Rules 6.00-6.47(e)
Skills
Benefits, budgets, business planning, monthly, quarterly billing, flow charts, conflict resolution, database, documentation, hiring, HR generalist,
inventory control, legal research, Microsoft Office, SQL, operations management.

","**OPERATIONS FINANCE DIRECTOR**

**Summary**  
Results-driven financial professional with over 20 years of experience in the financial services industry, including 15 years in management roles. Highly detail-oriented and organized, with a proven track record in conflict management, customer service, marketing, and client relations. Possesses advanced training in risk assessments, management controls, and audit planning.

**Core Competencies**  
- Customer Service Excellence  
- Microsoft Office Suite Proficiency  
- Schedule Management  
- Proficient in Concur, Workday, and Kronos  
- Project Management  
- Advanced Excel and SQL Skills  
- Strategic and Financial Planning  
- SOX, DOJ, and Audit Compliance  
- Mergers and Acquisitions Expertise  
- Negotiation and Risk Mitigation  
- Staff Leadership and Development  
- Exceptional Organizational Skills  

**Accomplishments**  
- Achieved a 35% reduction in capital spending annually by leading cross-functional trading floor teams in San Francisco and New York.  
- Served as the Head of Business Continuity for NYSE-SF and NYSE-NY.  
- Received recognition for flawless audit scores from NYSE Regulation, the Securities and Exchange Commission, and FINRA.  
- Authored and published trading floor rule filings for NYSE-SF and NYSE-Amex from 2008 to 2013.  
- Successfully launched the Amex Trading Floor in New York in 2008-2009, overseeing the hiring of all trading floor staff.  
- Developed comprehensive employee procedures, manuals, and company policies for both NYSE-SF and NYSE-Amex.  
- Streamlined staffing levels during three mergers from 2005 to 2010.  
- Initiated the NYSE Annual Community Volunteer Program in 2010.  

**Professional Experience**  

**Operations Finance Director**  
*Company Name, City, State*  
*January 2016 - Present*  
- Planned and executed operational audits across various business areas using a risk-based audit methodology.  
- Created executive analysis reports to highlight business issues, potential risks, and profit opportunities.  
- Developed and implemented efficient accounting, financial, and operational systems.  
- Generated new accounts through effective networking and content marketing strategies.  
- Reviewed new customer orders and requests, ensuring accurate data entry.  
- Systematically prepared documents and assembled financial statements for independent auditors into a centralized database.  

**Managing Director - Head of Trading Floor Operations**  
*Company Name, City*  
*February 2009 - October 2015*  
- Supervised daily trading floor operations, including staff and broker activities on the San Francisco trading floor.  
- Collaborated with FINRA Floor staff to enforce trading floor rules and regulations for open outcry trading.  
- Developed strategies for internal and external regulatory examinations, working closely with audit and market compliance teams.  
- Created organizational flow charts and career path reports to evaluate employee compensation.  
- Designed employee performance evaluation processes and merit programs.  
- Authored all employee policies and procedures for the trading floor.  
- Expanded the employee base to meet evolving staffing needs and implemented an innovative incentive and training program.  

**Senior Director - Options Trading Services and Operations**  
*Company Name, City, State*  
*October 2007 - February 2009*  
- Played a key role in the launch and merger between NYSE and the American Stock Exchange.  
- Authored and implemented all company policies and procedures for the trading floor.  
- Recruited and interviewed 70 candidates over one year.  
- Reviewed federal and state laws to ensure company compliance.  
- Developed performance evaluation reviews and recommended merit increases.  
- Established an employee bonus program and maintained comprehensive documentation for both NYSE-SF and NYSE-Amex.  

**Director/Manager - Options Trading Services**  
*Company Name, City*  
*May 1992 - October 2007*  
- Managed trading floor staff and all operational procedures.  
- Oversaw facilities and maintenance for the entire options department.  
- Developed and managed quarterly operating budgets for the San Francisco Trading Floor and Options department.  
- Analyzed employment-related data and prepared necessary reports.  
- Collected and assessed data to identify operational issues and recommend process improvements.  
- Communicated duties, compensation, benefits, and working conditions to potential candidates.  
- Defined strategy and business plans for the SF-options trading floor.  
- Rolled out proprietary front-end software for trading firms.  
- Executed customer orders in a fast-paced open-outcry environment and managed daily scheduling for trading activities.  

**Education**  
- Associate of Arts in History, Diablo Valley College, City, State, USA  
- Pursued BA in Finance, Economics, and Spanish, Los Medanos College, City, State, USA  

**Languages**  
- Spanish: Fluent in reading, writing, and professional communication  

**Certifications**  
- Certified Trading Floor Broker Certificate - NYSE-REG  
- Member of the Business Continuity Institute (MBCI), 2009-2015  
- Computer Information Systems Certificate - Project Management, Diablo Valley College  
- Spanish Foreign Language Certificate, Los Medanos College  
- Published Regulatory Bulletins for NYSE-Arca Equities, 2010-2013 (SEC Rules 6.00-6.47(e))  

**Technical Skills**  
- Benefits Administration  
- Budget Management  
- Business Planning  
- Monthly and Quarterly Billing  
- Flow Chart Development  
- Conflict Resolution  
- Database Management  
- Documentation and Compliance  
- Hiring and HR Generalist Functions  
- Inventory Control  
- Legal Research  
- Operations Management  
- Microsoft Office Suite  
- SQL  

This polished resume enhances clarity, structure, and impact while maintaining the integrity of your professional experience and qualifications.",,
38698573,ADVOCATE,1.0,False,,mediation,{},{},1,False,False,False,"HUMAN RESOURCES PROFESSIONAL
Professional Summary
Experienced working in fast-paced environments demanding strong organizational, technical, and interpersonal skills. Highly trustworthy, ethical,
and discreet; committed to superior customer service. Confident and poised in interactions with individuals at all levels. Detail-oriented and
resourceful in completing projects; able to multitask effectively.
Skills
Networking and Partnership Development
Termination Documentation
Decision Making
Conflict Resolution
Report Preparation
Documentation and Recordkeeping
Human Resources Management Systems
Willingness to Learn
Procedure Compliance
Remote Conferencing and Communication
In-Person and Telephone Interviewing
Microsoft Office
Employment Data Tracking
Employee and Applicant Assessment
New Hire Onboarding & Orientation
Work History
07/2018 to 01/2021
Human Resources professional Company Name â€“ City , State
With hands on experience in distribution environment.
Employee Relations/Conflict Resolution and Policy/Process guidance.
Initial workforce hiring, pre-acquisition due diligence and post-acquisition HR integration.
Completed 2 days of onboarding process every week. Ranging from initial presentation on companies' policies and overview, to revising e-
verify process, making badges, and assuring system certifications (FDU) were completed upon starting in their new role.
Managed and updated personnel files for old and new hires in the Human Resources Information System database (Lawson).
Assessed and streamlined training coach program to drive consistency of company's processes.
Fostered a teamwork environment conducive to positive dialogue across the organization.
Personal efforts were cited as a great driving force behind DC employee-retention rate within an industry where high turnover is the norm.
Saved company thousands of dollars every month by reducing reliance on employment agencies.
Brought the majority of formerly outsourced recruiting functions in-house to reduce billable hours.
Completed our distribution's weekly reporting while assuring it was sent to corporate in a timely manner.
Weekly reporting consisted of planned vs actual, terminations for the prior week, and new hires that were onboarded.
Oversaw 300+ associates pay, onboarding, and relocation to other departments and facilities.
Assured managers sent in time details report for their direct reports.
Upon received it would be revised daily to make any necessary revisions in Kronos.
Took part in various meetings ranging from union sensitivity training, hr meetings regarding program rollouts, staffing meetings, and
concluding final decisions on any investigation that took place Unemployment claims and meditation were completed with a 94% success
rate.
Provided various resources to associates.
Including work number information, tuition reimbursement access, and information on how to adjust form of payment.
Managed all aspects of leave administration, and health benefits for over 300 employees.
Created various spreadsheet & documents to streamline efficient workflow.
Provided support and assistance to management team on handling and resolving Human Resource issues.
Interviewed, counseled and terminated employees to provide exceptional performance and a safe / motivating workplace.
HRIS software (Lawson, Kronos, Pro watch, Myinfo).
07/2016 to 10/2017
Onsite Supervisor Company Name â€“ City , State
Worked on behalf of Best Candiates (Staffing agency) providing top notch service to Park West (Client).
Oversaw 200 employees.
Filled out applications & inserted in the COATS software.
Interviewed, counseled, and terminated employees to provide exceptional performance and a safe / motivating workplace.
Assure all employees are present every shift and on time in the beginning of the shift and when they come back from any breaks.
If absent needed to have justified reasons for missing or provide warning.
Upon employment I needed to learn the warning system Park West operated on.
Assure all employees are following protocol when handling art pieces and tools.
Looking out for the safety of employees.
All employees had to have proper uniform & equipment to operate efficiently.
Kept files up to date with employee information in the software system & excel template.
Had to provide documentation when employees want to request vacation time or refused medical attention which I created.
Kept proper documentation of employees excused absences, vacation requests, refusal of medical attention, & file of accident / incident
report.
Inserted employee hours & pay rate on Excel sheet.

01/2015 to 07/2016
Negotiator Company Name â€“ City , State
Responsible for maintaining 250 files.
According to the file I would start up or continue the mitigation process with lender on behalf of client's.
Photocopied, verified, & faxed paperwork.
Prepared packages, spoke with lenders and clients.
Submitted various forms and documents on client's behalf to lenders in hopes of receiving a modification.
Answered various calls at a time and solved all questions and concerns in a timely matter.
Education
Business Administration Miami Dade College - City
GPA: 3.0
High School Diploma Mater Academy Charter High School - City , State
GPA: 3.1
Languages
English :
Native or Bilingual
English :
Native or Bilingual
Spanish :
Native or Bilingual
Spanish :
Native or Bilingual

","**HUMAN RESOURCES PROFESSIONAL**

**Professional Summary**  
Dedicated Human Resources professional with extensive experience in fast-paced environments, demonstrating strong organizational, technical, and interpersonal skills. Highly trustworthy, ethical, and discreet, with a commitment to delivering superior customer service. Confident and poised in interactions with individuals at all levels, detail-oriented, and resourceful in project completion, with the ability to multitask effectively.

**Skills**  
- Networking and Partnership Development  
- Termination Documentation  
- Decision Making  
- Conflict Resolution  
- Report Preparation  
- Documentation and Recordkeeping  
- Human Resources Management Systems  
- Willingness to Learn  
- Procedure Compliance  
- Remote Conferencing and Communication  
- In-Person and Telephone Interviewing  
- Microsoft Office Suite  
- Employment Data Tracking  
- Employee and Applicant Assessment  
- New Hire Onboarding & Orientation  

**Work History**  

**Human Resources Professional**  
Company Name – City, State  
July 2018 to January 2021  
- Gained hands-on experience in a distribution environment, focusing on employee relations, conflict resolution, and policy/process guidance.  
- Managed initial workforce hiring, pre-acquisition due diligence, and post-acquisition HR integration.  
- Conducted onboarding sessions twice weekly, covering company policies, E-Verify processes, badge creation, and system certifications (FDU) for new hires.  
- Maintained and updated personnel files for over 300 employees in the Human Resources Information System (Lawson).  
- Assessed and streamlined the training coach program to ensure consistency in company processes.  
- Fostered a collaborative team environment that encouraged positive dialogue across the organization, contributing to a significant employee retention rate in a high-turnover industry.  
- Achieved substantial cost savings by reducing reliance on employment agencies and bringing outsourced recruiting functions in-house.  
- Prepared and submitted weekly distribution reports to corporate, detailing planned vs. actual performance, terminations, and new hires.  
- Oversaw payroll, onboarding, and relocation processes for over 300 associates, ensuring timely submission of time detail reports by managers and daily revisions in Kronos.  
- Participated in various meetings, including union sensitivity training and HR program rollouts, and contributed to final decisions on investigations.  
- Successfully managed unemployment claims and mediation with a 94% success rate.  
- Provided resources to associates, including work number information, tuition reimbursement access, and payment adjustment guidance.  
- Administered leave and health benefits for over 300 employees and created spreadsheets and documents to enhance workflow efficiency.  
- Supported management in resolving HR issues and conducted interviews, counseling, and terminations to maintain a motivated and safe workplace.  

**Onsite Supervisor**  
Company Name – City, State  
July 2016 to October 2017  
- Represented Best Candidates (Staffing Agency) while providing exceptional service to Park West (Client), overseeing a team of 200 employees.  
- Managed employee applications using COATS software and maintained up-to-date employee records in the software system and Excel templates.  
- Conducted interviews, counseling, and terminations to ensure high performance and a safe work environment.  
- Monitored employee attendance and adherence to protocols for handling art pieces and tools, ensuring compliance with safety standards.  
- Managed documentation for vacation requests, medical attention refusals, and incident reports.  

**Negotiator**  
Company Name – City, State  
January 2015 to July 2016  
- Maintained 250 client files and facilitated the mitigation process with lenders on behalf of clients.  
- Prepared and submitted documentation, including photocopying, verifying, and faxing paperwork.  
- Engaged with lenders and clients to discuss modifications and resolve inquiries in a timely manner.  

**Education**  
**Business Administration**  
Miami Dade College - City  
GPA: 3.0  

**High School Diploma**  
Mater Academy Charter High School - City, State  
GPA: 3.1  

**Languages**  
- English: Native or Bilingual  
- Spanish: Native or Bilingual  

---

This polished resume enhances clarity, structure, and professionalism while maintaining the integrity of the original content.",,
24559558,PUBLIC-RELATIONS,1.0,False,,,{},{},0,True,True,True,"Daiana Rocha
Summary
Public Relations Specialist knowledgeable on planning, creating and implementing campaign strategies and media relations placement. Forward-
thinking professional, offering a solid history of success in branding and social media management across Corporate and Public industries. Talented
leader with excellent judgment, intuition and decision-making abilities. Recognized as a focused, hardworking and successful professional with a
demonstrated history in campaign development and execution. Senior Communications expert with emphasis in Audio-Visual content creation.
Ample experience developing special events and creating strategies to propel brand image. Organized in coordinating events by contacting media
representatives, preparing written materials, scheduling photographers, booking locations and video/graphic design of collateral and materials.
Proficient in business writing, speech writing and marketing messaging. Excellent interpersonal relations and public speaker.
Skills
Emmy-Award Winning
Journalist
20+ Years of Experience in Public Spokesperson
Communications Event Coordinator
Savvy Social Media Manager Marketing Strategists for Audience Growth and Retention
Audio - Visual Content Tech Savvy in cutting-edge video/editing equipment and software incl., DSLAR Cameras, Adobe
Creator/Producer Premier, Adobe Photoshop and After Effects
Strong Research, Writing and
Editing Skills
Work Experience
01/2008 - 10/2020 Public Relations Specialist Company Name | City , State
Delivered information from the City;'s government office to the members of the public by preparing and presenting press releases, video
stories, public service announcements, media campaigns, and social media content.
Served as liaison between elected officials, city employees and residents to address future city's business goals and strategies
Attend to Commission meetings and keep a close record of new and proposed government policies
Assisted elected officials with the preparation of messages, briefs and create opportunities to address their constituents.
Monitored and tracked data of campaigns, brand image, and social media's preferences to
adjust strategies and maximize results.
Established and maintained cooperative relationships with community, business leaders,
consumers, and public interest groups to synchronize strategic business plans to address all of the
stakeholders needs.
Managed editorial content, design and distribution of internal employee newsletter.
Coached less experienced public relations staff members on public communications practices.
Served as city spokesperson as needed.
08/2004 - 07/2005 News Anchor - Interim Executive Producer Company Name | City , State
Presented local news for Univision's affiliate KUTH for the 6 p.m. and 11 p.m. newscast.
Served as Interim News Executive Producer, supervising and working closely with writers, directors, managers and technical crews
throughout production process.
Developed news story ideas and assigned topics to teams of reporters, producers and editors.
Devised and implemented strategies to create new revenue streams and cut operational costs.
Worked with station's GM to define and communicate organization's strategies to meet stakeholders expectations.
Set and managed production schedules according to strict deadlines.
Hired and oversaw remote interstate news bureaus and production crews.
Evaluated reporter stories, shaped content and helped improve overall work quality through careful review, detailed editing and constructive
feedback.
03/2003 - 01/2004 Television Host/News Reporter Company Name | City , State
News Anchor /Reporter for 5 pm. and 10 pm. WJAN-41 newscasts.
Responsible to produce daily assigned stories, sports segments and collaborate in the production and writing of the newscasts as needed.
Maintained up-to-the-minute knowledge of breaking news stories and responded to emergencies at any hour.
Presented, produced and edited daily news or sports segments.
Shaped narrative on key issues through effective storytelling and knowledge of public opinion.
Worked closely with team members to deliver project requirements, develop solutions and meet deadlines.
Collaborated with media executives to create interesting story lines.
Developed a in-depth understanding of South Florida community affairs and issues.
Seek constant story leads and interview opportunities with political and social personalities.
03/1998 - 03/2003 Television Producer - Reporter Company Name | City , State
Writer for national network newscasts, Noticiero Univision, Primer Impacto and Despierta America.

Segment Producer for Univision Sports.
Responsible for researching, writing and producing both assigned stories and original concept stories.
Responsible for producing promotional 30' and 60' spots
Translation of written news from English to Spanish
Reporters script proofreading
Supervise editors selection of sound-bites and editing concept of assigned stories.
Education and Training
05/2014 J.D. : Juris Doctorate
Nova Southeastern University | City , State
05/2009 Bachelor of Arts : Political Science
Florida International University | City , State
Minor in Criminal Justice
Awards and Certifications
2017 Emmy Award for the original production of, ""Embracing Autism, a Coral Gables Story.""
2016 Media Relations and Law Enforcement Training by Fraternal Order of Police Florida State Lodge.
2016 Telly Award - Best Documentary
2016 Telly Award - Social Responsibility

","**Daiana Rocha**

---

**Summary**  
Dynamic Public Relations Specialist with extensive experience in planning, creating, and implementing effective campaign strategies and media relations. Proven track record in branding and social media management across corporate and public sectors. A forward-thinking leader recognized for excellent judgment, intuition, and decision-making abilities. Senior Communications expert with a focus on audio-visual content creation and a strong background in developing special events to enhance brand image. Highly organized in coordinating events, including liaising with media representatives, preparing written materials, scheduling photographers, and overseeing video/graphic design. Proficient in business writing, speech writing, and marketing messaging, complemented by excellent interpersonal skills and public speaking abilities.

---

**Skills**  
- Emmy Award-Winning Journalist  
- Over 20 Years of Experience as a Public Spokesperson  
- Communications Event Coordinator  
- Savvy Social Media Manager  
- Marketing Strategist for Audience Growth and Retention  
- Audio-Visual Content Creation Expert  
- Proficient with cutting-edge video/editing equipment and software (e.g., DSLR Cameras, Adobe Premiere, Adobe Photoshop, After Effects)  
- Strong Research, Writing, and Editing Skills  

---

**Work Experience**  

**Public Relations Specialist**  
Company Name | City, State  
*January 2008 - October 2020*  
- Developed and disseminated press releases, video stories, public service announcements, media campaigns, and social media content to effectively communicate information from the city government to the public.  
- Acted as a liaison between elected officials, city employees, and residents to align business goals and strategies.  
- Attended Commission meetings to document new and proposed government policies.  
- Assisted elected officials in preparing messages and briefs, creating opportunities for them to engage with constituents.  
- Monitored and analyzed campaign data, brand image, and social media preferences to refine strategies and maximize impact.  
- Established and nurtured relationships with community leaders, businesses, and public interest groups to synchronize strategic plans that address stakeholder needs.  
- Managed editorial content, design, and distribution of the internal employee newsletter.  
- Mentored junior public relations staff on best practices in public communications.  
- Served as the city spokesperson when required.

**News Anchor - Interim Executive Producer**  
Company Name | City, State  
*August 2004 - July 2005*  
- Presented local news for Univision's affiliate KUTH during the 6 p.m. and 11 p.m. newscasts.  
- Supervised production as the Interim News Executive Producer, collaborating closely with writers, directors, managers, and technical crews.  
- Developed news story ideas and assigned topics to teams of reporters, producers, and editors.  
- Created strategies to generate new revenue streams and reduce operational costs.  
- Worked with the station's General Manager to define and communicate organizational strategies to meet stakeholder expectations.  
- Managed production schedules to ensure adherence to strict deadlines.  
- Hired and oversaw remote interstate news bureaus and production crews.  
- Evaluated reporter stories, shaped content, and enhanced overall work quality through detailed editing and constructive feedback.

**Television Host/News Reporter**  
Company Name | City, State  
*March 2003 - January 2004*  
- Served as News Anchor/Reporter for the 5 p.m. and 10 p.m. WJAN-41 newscasts.  
- Produced daily assigned stories and sports segments while collaborating on newscast production and writing.  
- Maintained up-to-date knowledge of breaking news and responded to emergencies at any hour.  
- Presented, produced, and edited daily news or sports segments, shaping narratives on key issues through effective storytelling.  
- Collaborated with team members to meet project requirements and deadlines.  
- Developed strong relationships with media executives to create compelling storylines.  
- Cultivated a deep understanding of South Florida community affairs and issues, consistently seeking story leads and interview opportunities with political and social figures.

**Television Producer - Reporter**  
Company Name | City, State  
*March 1998 - March 2003*  
- Served as a writer for national network newscasts, including Noticiero Univision, Primer Impacto, and Despierta America.  
- Worked as a Segment Producer for Univision Sports, responsible for researching, writing, and producing both assigned and original stories.  
- Produced promotional 30-second and 60-second spots.  
- Translated written news from English to Spanish and proofread reporter scripts.  
- Supervised editors in selecting soundbites and editing concepts for assigned stories.

---

**Education**  
**Juris Doctorate (J.D.)**  
Nova Southeastern University | City, State  
*May 2014*  

**Bachelor of Arts in Political Science**  
Florida International University | City, State  
*May 2009*  
*Minor in Criminal Justice*  

---

**Awards and Certifications**  
- 2017 Emmy Award for ""Embracing Autism: A Coral Gables Story""  
- 2016 Media Relations and Law Enforcement Training by the Fraternal Order of Police Florida State Lodge  
- 2016 Telly Award - Best Documentary  
- 2016 Telly Award - Social Responsibility  

--- 

This polished resume enhances clarity, structure, and impact while maintaining the original content's integrity.",,
37242217,INFORMATION-TECH,1.0,False,,network administration,{},"{('number', 7.0): 1}",0,False,False,False,"INFORMATION TECHNOLOGY CONSULTANT
Career Overview
Accomplished information technology professional with over 18 years of diverse technology, process analysis, project management, and
information management experience. Proven ability to successfully implement technology solutions, stay within time and budget constraints, and
improve efficiency through proper risk management, task coordination, and resource utilization. Core Competencies Project Management Systems
/ Network Reporting Proposal Development Web Design & Development SOP & Policy Writing Systems & Process Consulting Document
Management Technically-advanced information technology specialist successful in software administration and data communications.Experienced
Computer Systems Analyst with diverse industry experience in banking, healthcare, insurance and government. Professional expertise includes
systems applications, disaster recovery planning and information protection analysis.
Qualifications
Microsoft Windows (7, 8, 2012), Apple Mac (OS 7 - X, OS X Server, iOS), Unix/Linux (Ubuntu,
Red Hat, CentOS, FreeBSD, SmoothWall Express)
Server/Web Software: MS Exchange, MS SharePoint, MS IIS, MS Hyper-V, Apache, WordPress,
CloudFlare, Documentum, CoreDossier, Oracle Workflow, DavMail HTML5, CSS, PHP,
JavaScript, Java, XML, C++, Microsoft Visual Basic
Hardware: Dell, HP, IBM, Cisco,
SonicWall, NetGear,
Applications: Adobe CS6 (Acrobat, Photoshop, Illustrator, InDesign, Dreamweaver, Premiere, Flash, FortiGateProgramming and design
After Effects, Fireworks), MS Office, MS Project, Office 365 MySQL, MS SQL, MS Access, skills
Oracle 11i, Sage ACT! Optimizing and performance tuning
Document management
Web content management
Web content management
Information security
Content management systems
Accomplishments
Print Graphic Support Â
Collaborated with marketing and business development groups for collateral needs by creating page layout designs for flyers, data sheets,
CD covers and other printed materials.
Requirements Analysis Â
Completed business requirements analysis including the evaluation of systems specifications for client Web site two weeks ahead of
deadline.
IT Training Â
Successfully trained 25 employees to use new operating system.
Project Management Â
Managed complex BI/DW deployment programs, facilitating acquisition of business requirements.
Prepared design specifications, developed reporting and analytics, tested and managed user adoption.
Work Experience
Information Technology Consultant
January 2003 to Current Company Name ï¼​ City , State
Senior-level consultant and manager of IT systems and projects with over 10 years experience.
Practiced successful design, administration, and development of business critical information systems for small to medium business clients
onsite or via remote access technologies.
Web designer, developer and hosting administrator for over 30 client domains, sites, and email.
Consistently recommend, implement, and customize internal or cloud-based technology systems to fit client business processes.

Facilitate and develop email, file, database, mobile, and web-based systems to meet client business needs.
Achieved increase in client's customer exposure by launching marketing and corporate branding campaigns including logo and website
design and development, SEO, Google AdWords, and social media Created and maintained procedures for hardware and software
maintenance, migration, upgrades, and end-of-life Implementation and management of all high-level business technology projects Senior-
level technical contact for client computer, network, server, and cloud-based systems Operations and technical specialist for consulting
firm's business-critical systems Worked closely with clients to analyze IT system requirements, clients information technology needs and their
resources in order to plan IT projects and fulfill clients expectations Developed IT system specifications after evaluating customer's nature of
work and business volume Solved clients IT issues - Determined changes, recommended quality software, projected modifications of
software, hardware and networking.
Monitored the execution of strategies, kept up to date with the new technology and researched latest Information technology market trends.
Assisted clients with IT solutions; prepared written reports on solutions offered.
Recommended the purchasing of new IT systems, presented new IT features/software and reported project progress to the management.
Prepared and presented technical proposals for clients.Designed, documented and executed maintenance procedures, including system upgrades,
patch management and system backups.
Systems & Document Administrator
January 1998 to January 2003 Company Name ï¼​ City , State
Key senior-level member of the information systems team with a variety of duties including project management, document management and
publishing, web design, print design, user training and systems administration.
Promoted within two months of hire, again within the first two years and lastly promoted to a newly developed position.
Achieved first global electronic submissions to regulatory agencies by implementing and validating an electronic document management and
publishing system as the primary systems administrator, developer, and project technical leader.
Resulted in NDA submission to the FDA ahead of target deadline saving millions in revenue.
Implemented and maintained application servers supporting secure Internet communications and business critical systems.
Created standard operating procedures, policies, development plans, disaster recovery, and other technical documentation in compliance
with FDA requirements Project technical lead for company ERP system, several ongoing department projects and managed temporary and
part-time employees and consultants Webmaster and graphic designer for Internet and intranet sites, print advertising, multimedia, and
presentation projects Maintained Mac desktop computers and software supporting DNA Sequencer and robotic systems.
Education and Training
Bachelor of Science : Information Technology , July 2016 University of Phoenix
Information Technology[Number] GPA
Skills
ACT!, Adobe, Acrobat, After Effects, Photoshop, Premiere, Apache, branding, business processes, C++, Cisco, Hardware, consultant,
consulting, CSS, client, clients, Database, Dell, disaster recovery, document management, Documentum, Dreamweaver, email, ERP, features,
Fireworks, Flash, FreeBSD, graphic designer, HP, HTML5, IBM, Illustrator, InDesign, information systems, Information technology, MS IIS,
Internet communications, Java, JavaScript, Languages, Linux, logo, Mac, Apple Mac, marketing, market, access, MS Access, MS Exchange, MS
Office, Office, MS Project, Microsoft Windows, migration, multimedia, MySQL, network, networking, Operating Systems, OS, OS 7, Oracle,
developer, PHP, policies, print advertising, print design, progress, project management, purchasing, quality, Express, Red Hat, robotic systems,
Sage, servers, MS SQL, systems administration, user training, technical documentation, Unix, upgrades, Microsoft Visual Basic, website design
and development, Web designer, web design, Webmaster, Workflow, written, XML

","**INFORMATION TECHNOLOGY CONSULTANT**

---

**Career Overview**

Accomplished information technology professional with over 18 years of diverse experience in technology, process analysis, project management, and information management. Proven track record of successfully implementing technology solutions while adhering to time and budget constraints. Skilled in enhancing efficiency through effective risk management, task coordination, and resource utilization. 

**Core Competencies**
- Project Management
- Systems/Network Administration
- Reporting & Proposal Development
- Web Design & Development
- SOP & Policy Writing
- Systems & Process Consulting
- Document Management
- Disaster Recovery Planning
- Information Security

---

**Qualifications**

- **Operating Systems:** Microsoft Windows (7, 8, 2012), Apple Mac (OS 7 - X, OS X Server, iOS), Unix/Linux (Ubuntu, Red Hat, CentOS, FreeBSD)
- **Server/Web Software:** MS Exchange, MS SharePoint, MS IIS, MS Hyper-V, Apache, WordPress, CloudFlare, Documentum, CoreDossier, Oracle Workflow, DavMail
- **Programming Languages:** HTML5, CSS, PHP, JavaScript, Java, XML, C++, Microsoft Visual Basic
- **Hardware:** Dell, HP, IBM, Cisco, SonicWall, NetGear
- **Applications:** Adobe Creative Suite (Acrobat, Photoshop, Illustrator, InDesign, Dreamweaver, Premiere, After Effects, Fireworks), MS Office, MS Project, Office 365, MySQL, MS SQL, MS Access, Oracle 11i, Sage ACT!

---

**Accomplishments**

- **Print Graphic Support:** Collaborated with marketing and business development teams to create page layouts for flyers, data sheets, CD covers, and other printed materials.
- **Requirements Analysis:** Completed business requirements analysis for client websites two weeks ahead of schedule.
- **IT Training:** Successfully trained 25 employees on a new operating system.
- **Project Management:** Managed complex BI/DW deployment programs, facilitating the acquisition of business requirements, preparing design specifications, developing reporting and analytics, and overseeing user adoption.

---

**Work Experience**

**Information Technology Consultant**  
*January 2003 - Present*  
*Company Name, City, State*  

- Senior-level consultant and manager of IT systems and projects with over 10 years of experience.
- Designed, administered, and developed critical information systems for small to medium-sized business clients, both onsite and remotely.
- Served as web designer, developer, and hosting administrator for over 30 client domains, sites, and email systems.
- Recommended, implemented, and customized internal or cloud-based technology systems to align with client business processes.
- Developed email, file, database, mobile, and web-based systems to meet client needs.
- Increased client exposure through marketing and corporate branding campaigns, including logo and website design, SEO, Google AdWords, and social media strategies.
- Created and maintained procedures for hardware and software maintenance, migration, upgrades, and end-of-life processes.
- Acted as the senior technical contact for client computer, network, server, and cloud-based systems.
- Analyzed IT system requirements and client needs to plan projects and meet expectations.
- Developed IT system specifications based on customer workflow and business volume.
- Resolved IT issues by recommending quality software and projecting software, hardware, and networking modifications.
- Monitored strategy execution and kept abreast of new technologies and market trends.
- Prepared written reports on IT solutions offered to clients.

**Systems & Document Administrator**  
*January 1998 - January 2003*  
*Company Name, City, State*  

- Key senior-level member of the information systems team, responsible for project management, document management, web design, print design, user training, and systems administration.
- Promoted within two months of hire, and again within two years to a newly developed position.
- Achieved the first global electronic submissions to regulatory agencies by implementing and validating an electronic document management and publishing system, resulting in an NDA submission to the FDA ahead of target deadlines and saving millions in potential revenue.
- Implemented and maintained application servers supporting secure Internet communications and critical business systems.
- Created standard operating procedures, policies, and technical documentation in compliance with FDA requirements.
- Served as project technical lead for the company ERP system and managed temporary and part-time employees and consultants.
- Acted as webmaster and graphic designer for internet and intranet sites, print advertising, multimedia, and presentation projects.
- Maintained Mac desktop computers and software supporting DNA sequencer and robotic systems.

---

**Education**

**Bachelor of Science in Information Technology**  
*University of Phoenix, July 2016*  
*GPA: [Insert GPA]*

---

**Skills**

- Technical Proficiencies: ACT!, Adobe Creative Suite, Apache, C++, Cisco, Database Management, Documentum, ERP Systems, HTML5, Java, JavaScript, Linux, Microsoft Windows, MS Office Suite, Oracle, PHP, SQL, Unix/Linux
- Project Management: Planning, Execution, Monitoring, Reporting
- Design: Web Design, Print Design, Graphic Design
- Training: User Training, Technical Documentation, SOP Development

--- 

This revised resume enhances clarity, structure, and impact while maintaining the original content's integrity.",,
24658786,DIGITAL-MEDIA,1.0,False,,content strategy,{},"{('number', 8.0): 1}",0,False,False,False,"SENIOR DIGITAL PRODUCER/MULTIMEDIA SPECIALIST
Summary
Seasoned digital journalist with 17 years of experience in digital communications to include marketing initiatives, email campaigns, event planning,
web content management, social media strategy, database management, writing, editing and digital video production. Experienced Logistics expert
and Post 9/11 veteran with over 20 years of leadership experience in the United States Air Force Reserve.
Highlights
Effective team leader
Photography/digital video background
Supply and logistics planning
Experience with Final Cut Pro and Adobe Creative Cloud - non-linear editing
Project management
Content curation and SEO expert
Ground and air transportation
Copyediting and proofreading
Global logistics
Graphic design
Strategic planner
CSS, XML, HTML, js
Project development and work flow planning
Brand communications
Cargo tracking
Data visualization
Secret security clearance
Social media
Training and development
Accomplishments
Redeployed over 10,000 Air Force personnel and 50,000 short tons of cargo out of Iraq in support of Operation New Dawn and Afghanistan in
support of Operation Enduring Freedom to include coordinating the redeployment of the last military unit in Iraq (combat truckers) and Defense
Logistics Agency personnel as well as personnel swap-outs at the US Embassy in Baghdad. Received the Meritorious Service Medal for these
accomplishments.
Experience
Senior Digital Producer/Multimedia Specialist
November 1998 to February 2016 Company Name - City , State
Created, curated and managed the digital content for 24 community news websites and special niche pages/sites under the umbrella of
www.thisweeknews.com and columbusparent.com
Produces digital video projects for both news and sports stories from concept to delivery.
Produced award-winning digital video projects and special series with multiple installments.
Serves as community manager for ThisWeek's various Social Media outlets/channels on YouTube, Facebook, Twitter, Pinterest, Instagram
and blogs.
Performs data analysis/metrics via Adobe Omniture/Chartbeat and Google Analytics
Served as project manager for multiple CMS platform conversions and site redesigns over the past 8 years from planning, development,
design, QA through to launch and production.
Optimizes news and sports content with outside links, maps, slideshows, multimedia presentations and video for SEO and TOS.
Works closely with news editors and managers to achieve daily digital goals.
Produces digital content to optimize the user experience by being attentive to live web metrics and user experience best practices.
Enhances the news content with outside links, maps and slideshows.
Builds out special sections and site features to enhance coverage and increase user engagement.
Works with sales department to create niche sites, contests, polls and other initiatives that require web/print content
integration/enhancement.
Works with news staff to plan, structure, report, edit and write news and information content to include the facilitation of print content to
web and vice versa.
Coordinates with news editorial and technical staff to facilitate the migration of multimedia content to new media platforms, including video,
audio, still photos and graphics.
NCOIC Logistics Readiness Flights, (MSgt.)
February 1988 to July 2013 Company Name - City , State
Deployed as the Logistics Plans Superintendent for the 386 Air Expeditionary Wing, Ali Al Salem AB from December 2011 to June 2012.
Redeployed over 10,000 Air Force personnel and 50,000 short tons of cargo out of Iraq in support of Operation New Dawn and
Afghanistan in support of Operation Enduring Freedom.
Served as facility manager for a 8,000 square-foot passenger terminal and supervised eight Airmen on two shifts to provide 24/7 combat
support operations.
Analyzed war plans on a regular basis to determine Air Expeditionary Force (AEF) taskings.
Monitored mobility equipment status to ensure deployment readiness.
Developed and supervised preparation of logistics annexes for operations plans and orders, programming plans, and general support,
contingency, and exercise plans.
Monitored and resolved logistics limiting factors.
Prepared, evaluated, and supervised all aspects of deployment planning, dispersal, sustainment, recovery, reconstitution, exercises, and
logistics support procedures.

Conducted installation surveys to determine support capability.
Coordinated the publishing, distributing, maintaining, and implementing of base support plans.
Identified limiting factors, shortfalls, and alternate support methods to enhance supportability of transiting and bed-down forces.
Analyzed and recommended requirements for forward movement of forces to support theater commanders.
Integrated redeployment planning actions with functional area representatives.
Monitored preparation, negotiation, coordination, and maintenance of support agreements.
Prepared, compiled, coordinated, published, distributed, maintained, and implemented deployment guidance.
Prepared for and supervises deployments and redeployments.
Monitored deploying personnel and equipment products.
Designed lesson plans, conducted OJT training and tracked formal skill-level training for five logistics planners in the LGRDX workcenter.
Digital content editor
July 2004 to December 2011 Company Name - City , State
Columbus Audubon Board of Trustees.
Editor of the joint Grange Insurance Audubon Center/Columbus Audubon bi-monthly newsletter, the Song Sparrow.
Editor and content manager of Columbus Audubon's Web site www.columbusaudubon.org.
Social Media manager for Columbus Audubon's Facebook, Twitter and blogs.
Education
Bachelor of Arts : Journalism , September 1994 The Ohio State University School of Journalism - City , State
Marketing, Public Relations and Journalism coursework
Coursework in Business, Communications and Advertising
Commercial Photography coursework
Professional Affiliations
Air Force Sergeants Association, Veterans of Foreign Wars, Iraq and Afghanistan Veterans of America, Team RWB Columbus, Disabled
American Veterans, Wounded Warrior Project Alumni, Society of Professional Journalists, Cleveland Press Association, Local Media
Association, Former member of PRSA and PRSSA.
Awards
First place for best online use of multimedia, for the Heroin Hits Home series, Cleveland Press Association Annual Awards, June 2015.
United States Air Force Meritorious Service Medal, June 2013.
United States Global War on Terrorism Expeditionary Medal, June 2012.
United States Global War on Terrorism Service Medal, June 2012.
United States Air Force Expeditionary Service Ribbon with gold border for serving in a designated combat zone, June 2012.
United States Air Force Commendation Medal, October 2009.
Song Sparrow Award for Outstanding Volunteer Service in Conservation, Columbus Audubon 2009
Best Group-Owned Weekly Newspaper Web Site in Ohio, Ohio News Association, February 2012. (ThisWeek team award)
United States Air Force Achievement Medal, March 1998.
Skills
Social media, digital video and multimedia, content curation, digital strategy, web metrics and SEO optimization, digital engagement, community
engagement, public relations,

","**[Your Name]**  
[Your Address]  
[City, State, Zip]  
[Your Phone Number]  
[Your Email Address]  
[LinkedIn Profile or Personal Website]  

---

**SENIOR DIGITAL PRODUCER / MULTIMEDIA SPECIALIST**  

---

**Summary**  
Accomplished digital journalist with 17 years of experience in digital communications, encompassing marketing initiatives, email campaigns, event planning, web content management, social media strategy, database management, writing, editing, and digital video production. A dedicated logistics expert and Post-9/11 veteran with over 20 years of leadership experience in the United States Air Force Reserve.

---

**Core Competencies**  
- Effective Team Leadership  
- Digital Video Production & Photography  
- Supply Chain & Logistics Planning  
- Proficient in Final Cut Pro & Adobe Creative Cloud  
- Project Management & Workflow Planning  
- Content Curation & SEO Optimization  
- Ground & Air Transportation Logistics  
- Copyediting & Proofreading  
- Global Logistics Coordination  
- Graphic Design & Brand Communications  
- CSS, XML, HTML, JavaScript  
- Data Visualization & Cargo Tracking  
- Secret Security Clearance  
- Social Media Strategy & Engagement  
- Training & Development  

---

**Key Accomplishments**  
- Successfully redeployed over 10,000 Air Force personnel and 50,000 short tons of cargo from Iraq and Afghanistan, including coordinating the redeployment of the last military unit in Iraq (combat truckers) and personnel swaps at the U.S. Embassy in Baghdad. Recognized with the Meritorious Service Medal for these achievements.

---

**Professional Experience**  

**Senior Digital Producer / Multimedia Specialist**  
*Company Name, City, State*  
November 1998 - February 2016  
- Created, curated, and managed digital content for 24 community news websites and niche pages under www.thisweeknews.com and columbusparent.com.  
- Produced digital video projects for news and sports, overseeing all stages from concept to delivery.  
- Developed award-winning digital video projects and special series with multiple installments.  
- Managed community engagement across various social media platforms, including YouTube, Facebook, Twitter, Pinterest, and Instagram.  
- Conducted data analysis using Adobe Omniture, Chartbeat, and Google Analytics to inform content strategy.  
- Led multiple CMS platform conversions and site redesigns, overseeing planning, development, design, QA, launch, and production.  
- Enhanced news and sports content with multimedia elements for improved SEO and user engagement.  
- Collaborated with sales teams to create niche sites, contests, and initiatives integrating web and print content.  
- Facilitated the migration of multimedia content to new media platforms, ensuring seamless integration of video, audio, and graphics.  

**NCOIC Logistics Readiness Flights (MSgt.)**  
*Company Name, City, State*  
February 1988 - July 2013  
- Deployed as Logistics Plans Superintendent for the 386 Air Expeditionary Wing, Ali Al Salem AB (December 2011 - June 2012).  
- Managed the redeployment of over 10,000 Air Force personnel and 50,000 short tons of cargo in support of Operation New Dawn and Operation Enduring Freedom.  
- Served as facility manager for an 8,000-square-foot passenger terminal, supervising eight Airmen to ensure 24/7 combat support operations.  
- Analyzed war plans to determine Air Expeditionary Force (AEF) taskings and monitored mobility equipment for deployment readiness.  
- Developed logistics annexes for operational plans and managed deployment planning, sustainment, recovery, and logistics support procedures.  
- Conducted installation surveys to assess support capabilities and coordinated base support plans.  
- Designed and implemented training programs for logistics planners, tracking formal skill-level training.

**Digital Content Editor**  
*Company Name, City, State*  
July 2004 - December 2011  
- Edited the bi-monthly newsletter, the Song Sparrow, for the joint Grange Insurance Audubon Center and Columbus Audubon.  
- Managed content and editorial direction for Columbus Audubon's website, www.columbusaudubon.org.  
- Oversaw social media strategy for Columbus Audubon's Facebook, Twitter, and blogs.  

---

**Education**  
**Bachelor of Arts in Journalism**  
The Ohio State University, School of Journalism, City, State  
September 1994  
- Coursework in Marketing, Public Relations, Business Communications, and Commercial Photography.  

---

**Professional Affiliations**  
- Air Force Sergeants Association  
- Veterans of Foreign Wars  
- Iraq and Afghanistan Veterans of America  
- Team RWB Columbus  
- Disabled American Veterans  
- Wounded Warrior Project Alumni  
- Society of Professional Journalists  
- Cleveland Press Association  
- Local Media Association  
- Former member of PRSA and PRSSA  

---

**Awards**  
- First Place for Best Online Use of Multimedia, Cleveland Press Association Annual Awards, June 2015  
- United States Air Force Meritorious Service Medal, June 2013  
- United States Global War on Terrorism Expeditionary Medal, June 2012  
- United States Global War on Terrorism Service Medal, June 2012  
- United States Air Force Expeditionary Service Ribbon with Gold Border, June 2012  
- United States Air Force Commendation Medal, October 2009  
- Song Sparrow Award for Outstanding Volunteer Service in Conservation, Columbus Audubon, 2009  
- Best Group-Owned Weekly Newspaper Website in Ohio, Ohio News Association, February 2012 (Team Award)  
- United States Air Force Achievement Medal, March 1998  

---

**Technical Skills**  
- Social Media Management  
- Digital Video Production & Multimedia  
- Content Curation & Digital Strategy  
- Web Metrics & SEO Optimization  
- Community Engagement & Public Relations  

---

**References available upon request.**  

--- 

*Note: Please replace placeholders (e.g., ""Company Name,"" ""City, State"") with your actual information.*",,
23918545,HEALTHCARE,1.0,False,,,"{('date_year', 2007.0): 1}","{('number', 10.0): 1, ('number', 9.0): 1, ('number', 2007.0): 1}",0,False,False,False,"CLAIMS SERVICE SPECIALIST
Professional Summary
Medical Billing Specialist with 3 years experience in a fast-paced, multiple client medical billing company. Researched and denied claims and
submitted appeals. Familiar with health billing and collections.
Advanced knowledge of claims processing and pre-authorizations.Â
Skills
Medical terminology expert
ICD-10 (International Classification of Disease Systems)
Billing and collection procedures expert
Hospital inpatient and outpatient records MS Windows proficient
Inpatient records coding proficiency Customer service award
Outpatient surgery coding specialist Skilled trainer
HCPCS Coding Guidelines Excellent time management skills
Familiar with commercial and private insurance carriers Microsoft Outlook, Word and Excel
Insurance and collections procedures MS Office expert
DRG and PC grouping Supervisory training
Understands insurance benefits Accomplished leader
Research and data analysis Resource management expertise
Close attention to detail Knowledge of Medicare statutes and regulations
Adept m ulti-tasker
Office support (phones, faxing, filing)
Excellent verbal communication
Work History
Claims Service Specialist , 10/2013 to 06/2014
Company Name â€“ City , State
Filed claims per NextGen system Discussing coverage's and liability with insured, claimant, and body shops.
Also spoke with lienholders and medical providers.
Typing and data entry Obtaining police reports to determine liability for claims Reviewing estimates and correspondence faxed, mailed, and
emailed in.
Issuing payments and scheduling rental reservations for insured and claimants.
Precisely completed appropriate claims paperwork, documentation and system entry.
Correctly coded and billed medical claims for various hospital and nursing facilities.
Verified patients' eligibility and claims status with insurance agencies.
Performed qualitative analysis of records to ensure accuracy, internal consistency and correlation of recorded data.
Interacted with providers and other medical professionals regarding billing and documentation policies, procedures and regulations.
Accurately posted and sent out all medical claims.
Submitted electronic/paper claims documentation for timely filing.
Claims Specialist , 10/2011 to 07/2012
Company Name â€“ City , State
Correctly coded and billed medical claims for various hospital and nursing facilities.
Meticulously identified and rectified inconsistencies, deficiencies and discrepancies in medical documentation.
Diligently filed and followed up on third party claims.
Determined prior authorizations for medication and outpatient procedures.
Pre-certified medical and radiology procedures, surgeries and echocardiograms.
Researched questions and concerns from providers and provided detailed responses.
Reviewed, analyzed and managed coding of diagnostic and treatment procedures contained in outpatient medical records.
Researched CPT and ICD-9 coding discrepancies for compliance and reimbursement accuracy.
Actively maintained current working knowledge of CPT and ICD-9 coding principles, government regulation, protocols and third party
requirements regarding billing.
Managed collections claims for unpaid bills against the estates of debtors.
Accurately posted and sent out all medical claims.
Submitted electronic/paper claims documentation for timely filing.
Performed billing and coding procedures for ambulance, emergency room, impatient and outpatient services.
Precisely evaluated and verified benefits and eligibility.
Responded to correspondence from insurance companies.
Identified and resolved patient billing and payment issues.
Confidently and adeptly handled claim denials and/or appeals.
Evaluated patients' financial status and established appropriate payment plans.
Reviewed and resolved claim issues captured in TES/CLAIMS edits and the clearing house.
Examined patients' insurance coverage, deductibles, possible insurance carrier payments and remaining balances not covered under their

policies when applicable.
Updated patient financial information to guarantee accuracy.
Subject Matter Expert , 07/2012 to 10/2013
Company Name â€“ City , State
Initiated audit process to evaluate thoroughness of documentation and maintenance of facility standards.
Created and maintained computerized record management systems to record and process data and generate reports.
Supervised 15+ claims specialist and answered work-related questions via chat instant messaging systemÂ
Took escalated calls from providers providing excellent customer service and solving all claim related problems.Â
Manually reprocessed claims for accuracy after being sent back by facilities with questions about denials and non-payment.Â
Cross-trained and backed up other customer service managers.
Solved unresolved customer issues.
Assumed ownership over team productivity and managed work flow to meet or exceed quality service goals.
Identified individual development needs with appropriate training.
Effective liaison between customers and internal departments.
Defused volatile customer situations calmly and courteously.
Healthcare Agent ,
Education
Associate of Science : Medical Billing and Coding , Current
Central Piedmont Community College - City , State
Coursework in Business, Accounting and Healthcare Administration
Coursework in Healthcare Management
Coursework in Healthcare Administration
Coursework in Medical Front Office Assisting
High School Diploma : 10 2007
Skills
accounting, benefits, billing, communication skills, customer satisfaction, customer service, customer service training, data entry, focus, insurance,
listening, Medical Billing, police, problem resolution, Coding, Read, scheduling, supervisor, Typing, type

","**CLAIMS SERVICE SPECIALIST**

---

**Professional Summary**  
Dedicated Medical Billing Specialist with over 3 years of experience in a dynamic multi-client medical billing environment. Proficient in researching, denying claims, and submitting appeals, with a strong understanding of health billing and collections. Possesses advanced knowledge of claims processing and pre-authorizations, complemented by a commitment to accuracy and customer satisfaction.

---

**Skills**  
- Expertise in medical terminology  
- Proficient in ICD-10 and HCPCS coding  
- In-depth knowledge of billing and collection procedures  
- Skilled in hospital inpatient and outpatient record management  
- Advanced MS Office proficiency (Word, Excel, Outlook)  
- Strong customer service and communication skills  
- Effective trainer and supervisor  
- Excellent time management and multitasking abilities  
- Familiar with commercial and private insurance carriers  
- Knowledgeable in Medicare statutes and regulations  
- Resource management and data analysis expertise  
- Attention to detail and accuracy in documentation  

---

**Work History**  

**Claims Service Specialist**  
*Company Name – City, State*  
*October 2013 – June 2014*  
- Filed claims using the NextGen system and communicated coverage details with insured parties, claimants, and body shops.  
- Engaged with lienholders and medical providers to clarify claims.  
- Conducted typing and data entry, including obtaining police reports to assess liability.  
- Reviewed estimates and correspondence received via fax, mail, and email.  
- Issued payments and coordinated rental reservations for insured individuals and claimants.  
- Completed claims paperwork accurately and entered data into the system.  
- Coded and billed medical claims for various hospitals and nursing facilities, ensuring compliance with regulations.  
- Verified patient eligibility and claims status with insurance agencies.  
- Performed qualitative analysis of records for accuracy and consistency.  
- Collaborated with healthcare providers on billing and documentation policies.  
- Submitted electronic and paper claims documentation for timely processing.  

**Claims Specialist**  
*Company Name – City, State*  
*October 2011 – July 2012*  
- Coded and billed medical claims for hospitals and nursing facilities with precision.  
- Identified and corrected inconsistencies in medical documentation.  
- Filed and followed up on third-party claims diligently.  
- Managed prior authorizations for medications and outpatient procedures.  
- Pre-certified medical and radiology procedures, surgeries, and echocardiograms.  
- Addressed provider inquiries with detailed responses and managed coding for outpatient medical records.  
- Maintained current knowledge of CPT and ICD-9 coding principles and regulations.  
- Handled collections claims for unpaid bills against debtor estates.  
- Evaluated patient financial statuses and established suitable payment plans.  
- Resolved claim issues captured in TES/CLAIMS edits and the clearinghouse.  

**Subject Matter Expert**  
*Company Name – City, State*  
*July 2012 – October 2013*  
- Initiated audits to evaluate documentation thoroughness and compliance with facility standards.  
- Developed and maintained computerized record management systems for data processing and reporting.  
- Supervised a team of 15+ claims specialists, providing guidance and support via instant messaging.  
- Managed escalated calls from providers, delivering exceptional customer service and resolving claim-related issues.  
- Reprocessed claims for accuracy after addressing queries from facilities regarding denials and non-payments.  
- Cross-trained and supported other customer service managers.  
- Identified and addressed individual development needs through targeted training.  
- Acted as an effective liaison between customers and internal departments, ensuring smooth communication.  

---

**Education**  

**Associate of Science in Medical Billing and Coding** *(In Progress)*  
Central Piedmont Community College - City, State  
- Coursework in Business, Accounting, Healthcare Administration, Healthcare Management, and Medical Front Office Assisting  

**High School Diploma**  
Graduated October 2007  

---

**Additional Skills**  
- Strong problem resolution and communication skills  
- Proficient in data entry and scheduling  
- Experienced in customer service training and support  

--- 

This polished resume highlights your skills and experiences in a clear and professional manner, enhancing readability and impact while maintaining the integrity of your original content.",,
18297650,HR,1.0,False,,candidate screening;employee engagement;onboarding,{},"{('number', 1.0): 1, ('number', 5.0): 1}",0,False,False,False,"VOLUNTEER HR -IVOLUNTEER
Summary
Sponsorship not required to work in the US A successful Human Resources Professional, with a Masters qualification in Human Resources and
experience in a challenging environment Key skill sets include Recruitment - Recruitment efforts, scheduling, posting positions, follow up and offer
letters. Seasoned executive with 10 + years Staffing, Technology Recruiting and Staffing experience with a highly successful track record at big
firms such as Nokia and also Small-Midsized & Start-up IT services firms. Extensive hands-on experience in recruiting IT talent in the US and
India marketplace and driving talent acquisition with sourcing teams. Besides corporate sector, have also been engaged with Non-profit sector in
the same role for a while. Key Strength/ Experience include: Extensive experience with high-volume recruiting responsibilities within start-ups and
corporate environments. Partnering with hiring managers to understand the skills and background requirements for each opportunity and provide
expert advice and coaching to hiring managers throughout the recruitment process. Conduct employment advertising campaigns and programs by
developing and managing a network of recruitment and referral resources including but not limited to networking with schools, colleges, minority
organizations, state employment services, other employers and professional associations. Participate in recruitment, interview and selection of
candidates for all levels of position openings and promote a work environment that openly embraces individuals with diverse backgrounds and
experiences. Source, screen, evaluate and select candidates through a structured recruitment process designed to obtain the best candidates.
Inform applicants of job duties and responsibilities, compensation and benefits, work schedules and working conditions, company policies,
promotional opportunities and other related information. Utilize knowledge of multiple recruiting sources such as Dice, Monster, Hot jobs, 3rd
party vendors, Independent consultants and execute various recruiting strategies. Generate qualified candidates through cost-effective efforts (i.e.,
alternative sourcing). Utilize a resume database for sourcing and tracking of all candidates. Proficiency with employment interviewing techniques
and applicant appraisal. Demonstrated oral presentation and written communication skills. Excellent relationship management skills to develop
successful networks within senior management, staffing teams and HR Partners. Ability to handle volume recruiting in a fast paced, (un) structured
environment, adhering to strict deadlines. Extensively worked on Taleo tool. Dynamic and result-oriented individual with years of technical
recruiting experience, focused in the placement of Software Engineers/Architects (Distributed and Mainframe), Database
Architects/Developers/Administrators, Network/System/Security Engineers, Web Developers, Quality Assurance/Test Engineers, Technical
Program/Product/Project Managers, Development Managers, and Business Analysts. Possess strong technical/business acumen and understanding
of technical requirements; deep sourcing skills and experience sourcing passive candidates; excellent candidate assessment skills. Possess excellent
knowledge of recruiting and hiring processes including sourcing, interviewing, reference checking, tracking, salary negotiations, and closing. A
resourceful, solution-focused professional with excellent interpersonal and rapport-building skills. Responsible, loyal, reliable, and independent
worker with high level of enthusiasm and creativity. Self-motivated professional who achieves results and has superior ability to coordinate and
perform several projects simultaneously Placed high-end technical professionals in the area of Information Technology Industry in contract and full-
time positions. Specialized in Software Engineers/Architects (Distributed and Mainframe), Database Architects/Developers/Administrators,
Network/System/Security Engineers, Web Developers, Quality Assurance/Test Engineers, Technical Program/Product/Project Managers,
Development Managers, and Business Analysts.
Highlights
Experience
Volunteer HR -iVolunteer , 06/2009 ï¼​ 10/2015
Job Profiling - From key job requirements to job postings Provide support for recruitment activities.
Researched job boards and resume database to search right skilled candidates.
Candidate Suitability analysis for job requirements based on candidate motive and Contacting candidates and scheduled interviews.
Monitored job contracts and agreements to be renewed.
Conducted reference checks and provided the same information to recruiters.
Developed global recruiting presentations for International HR teams.
As a Non-Profit sector recruitment, matching unique job requirements with candidate fitment becomes an important aspect in this role.
The responsibility covers not just finding the right skill set for the job but also includes trying to do candidate behavioral fitment to the job
requirements.
The unique requirements are from different walks of life spanning across a broad range of functional areas.
Technical Recruiter , 01/2007 ï¼​ 01/2008 City , State
Responsibilities.
Technical Recruiter , 03/2006 ï¼​ 01/2007 Company Name ï¼​ City , State
Effectively recruited candidates through Internet research, internal database, cold calling, referrals, networking, job fairs, and other
strategies.
Responsible for checking references, negotiating terms and rates for each project, coordinating the interview process, extending offers, and
closing candidates.
Performed extensive recruiting for Senior Software/Database Developers with heavy focus on technologies such as: C/C++, (Windows &
UNIX/Linux), .NET, Java/J2EE, SQL Server, and Oracle.
Consistently # 1 revenue generator (gross margin $ as well as professional placement fee $) for the branch, month after month, and always
ranked in the Top 10 Recruiters within the region each month.
Responsible for mentoring and providing on-going training and support for new recruiters and serve as a resource for learning and navigating
senior technical policies and procedures.
Responsible for Full Life-Cycle recruiting including networking, screening and interviewing candidates, negotiating rates and closing.
The responsibility includes covering a vast skill set varying from Java, Microsoft technologies, Oracle, SAP, Quality testing, Engineering
(software, chemical, mechanical).

Also have worked *on Informatica, data modeling and other data warehousing skills that are available in market.
Sourced extremely talented candidates under high pressure and short time durations for the client requirements.
Managed all the logistics related to candidate placement, monitor their hours of work and client feed back on a regular basis.
Experience recruiting technical professionals across various levels and technologies Experienced in recruiting for a variety of technical skill
sets and various functional roles in an IT organization.
Strong knowledge of sourcing techniques including Internet recruiting, direct sourcing, networking, proprietary targeted search, candidate-
to-client matching.
Extremely proficient in requirement analysis and communicating it to the potential candidates.
Experience with recruiting information/applicant tracking systems.
Able to multi-task and work in a fast paced environment.
Senior Executive , 06/2002 ï¼​ 06/2005 Company Name ï¼​ City
Mitra Technology Foundation is an organization working in development sector, which aims at leveraging Information and Communications
Technology for this sector.
The company in collaboration with different organizations runs recruitment programs to provide required skills at the right places.
One such flagship program being run by the organization is ""I-volunteer"" to map job volunteering opportunities in India and other developing
countries across the world with the right skill set.
As HR, the job's main thrust areas were Recruitment and Induction.
Besides this I was also involved in internal employee communication activities related to HR Policies.
The main job activities were Recruitment Scheduling, posting positions Screen/ Initial interview qualified candidates Coordinate interviewing
teams and schedule Induction New hire paperwork, and process new hires for integration into organizational functions and systems I had
been working on different requirements like medical, teaching, technical and other skills.
As the company used to outsource all kinds of skills who were ready to work in this sector, the job included covering not just technology
space opening, but also opening in non-technical streams.
Other Internal Communications with employees regarding the company policies Liaison for staff on all personnel related matters to
appropriate parties (accounting department/payroll, benefit providers, etc.) Participate and contribute to a variety of other HR projects and
tasks 5.
Education
2002 Initial Screening - Screen/interview qualified candidates through efficient and cost effective methods. Induction - New hire paperwork, and
process new hires for integration into organizational functions and systems, including facilitation of new employee orientation Internal
Communications. ACADEMIC CREDENTIALS Year Degree University Specialization
Balaji Institute of Modern Management ï¼​ India PM Post Graduate Diploma Management Management
2002 Symbiosis Law College ï¼​ India MLL Masters Labor Laws and Labor Welfare Labor Laws and Labor Welfare
2000 Bachelor of Commerce H. P. State University ï¼​ India Bachelor Commerce Commerce
Skills
.NET, ACADEMIC, accounting, aims, C, C++, closing, cold calling, contracts, client, data modeling, Database, data warehousing, fast, focus,
functional, HR, Informatica, J2EE, Java, Linux, logistics, market, mechanical, mentoring, Microsoft technologies, Windows, negotiating,
networking, Internet research, Oracle, organizational, payroll, personnel, Policies, presentations, Profit, Quality, Recruitment, recruiting,
requirement, SAP, Scheduling, SQL Server, teaching, unique, UNIX

","**[Your Name]**  
[Your Address]  
[City, State, Zip]  
[Your Email]  
[Your Phone Number]  
[LinkedIn Profile URL]  

---

### Summary

Dynamic and results-oriented Human Resources Professional with over 10 years of experience in recruitment and staffing across diverse environments, including large corporations and start-ups. Holds a Master's degree in Human Resources and possesses extensive expertise in sourcing and placing IT talent in both the U.S. and Indian markets. Proven track record of partnering with hiring managers to meet organizational needs while fostering a diverse and inclusive workplace. Adept at managing high-volume recruitment processes and developing effective talent acquisition strategies.

### Key Skills

- **Recruitment Expertise:** Proficient in full-cycle recruitment, including job profiling, candidate sourcing, interviewing, and onboarding.
- **Technical Acumen:** Strong understanding of technical roles, including Software Engineers, Database Administrators, and Network Engineers, with experience in recruiting for various technologies such as .NET, Java, SQL Server, and Oracle.
- **Relationship Management:** Excellent interpersonal skills with the ability to build rapport with senior management, hiring teams, and candidates.
- **Diversity and Inclusion:** Committed to promoting a work environment that embraces diverse backgrounds and experiences.
- **Analytical Skills:** Strong ability to analyze candidate suitability and assess skills against job requirements.

### Professional Experience

**Volunteer HR**  
**iVolunteer**  
*June 2009 – October 2015*  
- Conducted job profiling, from defining key requirements to creating job postings, ensuring alignment with organizational needs.
- Researched job boards and databases to identify and engage skilled candidates.
- Analyzed candidate suitability based on motivations and job requirements; scheduled interviews and coordinated the recruitment process.
- Monitored job contracts and agreements, ensuring timely renewals.
- Developed global recruiting presentations for international HR teams, emphasizing the importance of behavioral fit in candidate selection.
- Collaborated with various stakeholders to match unique job requirements with suitable candidates across diverse functional areas.

**Technical Recruiter**  
*Company Name, City, State*  
*January 2007 – January 2008*  
- Recruited candidates through multiple channels, including internet research, cold calling, referrals, and job fairs.
- Managed the full recruitment lifecycle, including reference checks, negotiating terms, and extending offers.
- Focused on recruiting Senior Software and Database Developers, specializing in technologies such as C/C++, .NET, and Java/J2EE.
- Achieved recognition as the top revenue generator for the branch, consistently ranking in the top 10 recruiters regionally.
- Mentored new recruiters, providing training and support on technical policies and procedures.

**Technical Recruiter**  
*Company Name, City, State*  
*March 2006 – January 2007*  
- Sourced and placed candidates for various technical roles under tight deadlines.
- Managed logistics related to candidate placements and maintained ongoing communication with clients regarding candidate performance.

**Senior Executive**  
*Mitra Technology Foundation, City*  
*June 2002 – June 2005*  
- Led recruitment and induction processes for a non-profit organization focused on leveraging ICT for development.
- Coordinated recruitment scheduling, candidate screening, and onboarding processes, ensuring smooth integration of new hires.
- Engaged in internal communication initiatives to disseminate HR policies and foster employee engagement.

### Education

**Balaji Institute of Modern Management, India**  
Post Graduate Diploma in Management, 2002

**Symbiosis Law College, India**  
Master of Labor Laws and Labor Welfare, 2002

**H. P. State University, India**  
Bachelor of Commerce, 2000

### Skills

- **Technical Skills:** .NET, C, C++, Java, J2EE, SQL Server, Oracle, Informatica, Data Modeling, Data Warehousing
- **Recruitment Tools:** Proficient in using various applicant tracking systems and job boards.
- **Soft Skills:** Strong communication, negotiation, and mentoring abilities; adept at multitasking in fast-paced environments.

---

**References available upon request.**",,
20279756,FITNESS,1.0,False,,body composition analysis,"{('currency', 30000.0): 1}","{('number', 30000.0): 1, ('number', 8.0): 1}",1,False,False,False,"ADVOCARE DISTRIBUTOR
Executive Summary
Experienced, energetic Personal Trainer and former college/professional athlete with over 20 years conducting group and one-on-one training
sessions in large gyms, as well as small fitness studios. Specializing in strength and conditioning, flexibility training, fitness program design with
advanced training in metabolic testing, nutrition and weight management consulting. Formal training in the health and fitness field of business
development and leadership training. Extensive sales and customer service experience.
Core Qualifications
Operations management
Fitness assessments
Staff development
Customer-oriented
Inventory control
Understanding of body fat tables and BMI
Policy/program development
Fitness equipment operation
Staff training
Senior fitness programming
Supervision and training
Weight management expert
Skilled negotiator
CPR and First Aid certified
Sound judgment
Excellent sales skills
Project management
Fitness equipment expertise
Performance tracking and evaluation
Fitness programming specialist
Team building
Professional Experience
Advocare Distributor
June 2012 to Current Company Name ï¼​ City , State
Generated new accounts by implementing effective networking and content marketing strategies.Contacted new and existing customers to discuss
how specific products could meet their needs.Answered customer questions regarding products, prices and availability.Generated new sales
opportunities through direct and telephone selling and emails.
Asst. Personal Trainer Manager
July 2009 to May 2012 Company Name ï¼​ City , State
Contributed to a 75% increase in sales for the personal training department. Contributed to the operation of a clean, friendly and well maintained
health club. Recorded training sessions and maintained package rates for each client. Encouraged clients to engage in group fitness classes and
other activities in the gym to meet fitness goals. Carefully evaluated member needs and assisted them in achieving personal fitness goals. Arrived on
time, prepared and attentive for every training appointment. Met minimum monthly revenue, service and customer satisfaction goals. Re-racked
weights to maintain a neat, organized and clean club. Mediated club employee relations matters for all club fitness employees. Led clients and
groups of all ages through personal workouts and skill development training. Administered fitness assessments, which included the seven point
skin-fold body fat measurements, blood pressure and treadmill tests. Counseled clients on proper nutrition and exercise habits.
Asst. Manager/Personal Trainer
January 2006 to January 2009 Company Name ï¼​ City , State
Managed team of 12 of professionals. Surpassed revenue goals in four consecutive quarters. Met minimum monthly revenue, service and customer
satisfaction goals. Devised and announced new classes and distributed guest passes to market the club. Led weekly meetings to review
performance and offer direction, motivation and guidance toward achieving individual and facility goals.Mediated club employee relations matters
for all club fitness employees. Regularly trained staff on fitness industry updates and coached personal trainers on professional conduct.
Contributed to the operation of a clean, friendly and well maintained health club.
General Manager Personal Training/Personal Trainer
January 2004 to January 2006 Company Name ï¼​ City , State
Earned the Personal Trainer of the Month Award 5 consecutive months for most revenue earned each month. Monitored 30,000.00 project
budgets each month. Mentored, coached and trained 8 team members. Recruited, hired and trained 4 new employees for sales and personal
training. Guided clients in safe exercise, taking into account individualized physical limitations. Participated in club promotions to recruit new
members and increase club sales. Led weekly meetings to review performance and offer direction, motivation and guidance toward achieving
individual and facility goals.
Education
Bachelor of Science : Criminal Justice , 1999 South Carolina State University ï¼​ City , State
Coursework in Communications, Criminal Law and Public Administration, Coursework in Sociology and Psychology, Coursework in Juvenile
Justice and Deviance in Society
Affiliations
Collegiate Football 4year-Letterman, Men's Collegiate Basketball Team 2year -Letterman, Aerobics and Fitness Association of America(AFAA)

Certificate, American Aerobic Association International(AAAI) Certificate, International Sports Medicine Association(ISMA) Certificate, Partner-
Assisted Stretching Certificate, CPR & First Aid Certificate
Skills
Organizational Skills
Communication Skills
Business Development
Problem Resolution
Project Management
Sales
Customer Relations
Departmental Operations Management
Staff Development
Team Building
Team Leadership
Team Player
Training and Development
Administrative Skills
Multi-Tasked
Computer Proficient

","**ADVOCARE DISTRIBUTOR**  
**Executive Summary**  
Dynamic and results-driven Personal Trainer and former collegiate/professional athlete with over 20 years of experience in delivering group and individual training sessions across various fitness environments, including large gyms and boutique studios. Expertise in strength and conditioning, flexibility training, and fitness program design, complemented by advanced training in metabolic testing, nutrition, and weight management consulting. Possesses formal education in health and fitness business development and leadership training, alongside extensive experience in sales and customer service.

**Core Qualifications**  
- Operations Management  
- Fitness Assessments  
- Staff Development  
- Customer Orientation  
- Inventory Control  
- Body Composition Analysis (Body Fat and BMI)  
- Policy and Program Development  
- Fitness Equipment Operation  
- Staff Training  
- Senior Fitness Programming  
- Supervision and Training  
- Weight Management Expertise  
- Skilled Negotiator  
- CPR and First Aid Certified  
- Sound Judgment  
- Excellent Sales Skills  
- Project Management  
- Performance Tracking and Evaluation  
- Fitness Programming Specialist  
- Team Building  

**Professional Experience**  

**Advocare Distributor**  
*June 2012 - Present | [Company Name], [City, State]*  
- Developed new accounts by executing effective networking and content marketing strategies.  
- Engaged with new and existing customers to identify how specific products could address their needs.  
- Provided timely responses to customer inquiries regarding product details, pricing, and availability.  
- Generated new sales opportunities through direct outreach, telephone selling, and email communication.  

**Assistant Personal Trainer Manager**  
*July 2009 - May 2012 | [Company Name], [City, State]*  
- Achieved a 75% increase in sales within the personal training department.  
- Maintained a clean, welcoming, and well-organized health club environment.  
- Documented training sessions and managed client package rates effectively.  
- Motivated clients to participate in group fitness classes and other gym activities to reach their fitness objectives.  
- Conducted fitness assessments, including skin-fold body fat measurements, blood pressure checks, and treadmill tests.  
- Provided nutritional counseling and guidance on exercise habits to clients.  

**Assistant Manager/Personal Trainer**  
*January 2006 - January 2009 | [Company Name], [City, State]*  
- Led a team of 12 professionals, consistently surpassing revenue goals for four consecutive quarters.  
- Developed and promoted new classes while distributing guest passes to enhance club visibility.  
- Conducted weekly meetings to review performance metrics and provide guidance to achieve individual and facility goals.  
- Mediated employee relations matters and conducted regular training on industry updates and professional conduct.  

**General Manager, Personal Training/Personal Trainer**  
*January 2004 - January 2006 | [Company Name], [City, State]*  
- Recognized as Personal Trainer of the Month for five consecutive months for generating the highest revenue.  
- Managed a monthly project budget of $30,000.  
- Mentored and trained a team of eight members, recruiting and onboarding four new employees for sales and personal training roles.  
- Guided clients in safe exercise practices, considering individual physical limitations.  
- Participated in promotional activities to recruit new members and boost club sales.  

**Education**  
**Bachelor of Science in Criminal Justice**  
*1999 | South Carolina State University, [City, State]*  
- Relevant Coursework: Communications, Criminal Law, Public Administration, Sociology, Psychology, Juvenile Justice, and Deviance in Society  

**Affiliations**  
- Collegiate Football 4-Year Letterman  
- Men's Collegiate Basketball Team 2-Year Letterman  
- Aerobics and Fitness Association of America (AFAA)  
- American Aerobic Association International (AAAI) - Certification  
- International Sports Medicine Association (ISMA) - Certification  
- Partner-Assisted Stretching - Certification  
- CPR & First Aid - Certification  

**Skills**  
- Organizational Skills  
- Communication Skills  
- Business Development  
- Problem Resolution  
- Project Management  
- Sales Expertise  
- Customer Relations  
- Departmental Operations Management  
- Staff Development  
- Team Leadership and Building  
- Training and Development  
- Administrative Proficiency  
- Multi-Tasking  
- Computer Proficiency  ",,
21156767,CONSULTANT,1.0,False,,,{},{},0,True,True,True,"Pavithra Shetty
Summary
Customer-oriented Principal Consultant knowledgeable about developing and implementing successful business solutions that drive productivity
and growth. Offering expertise in SQL, Data Visualization, Scripting language and more than 6 years of experience in the software industry.
Experience
Principal Consultant Company Name | City , State | June 2018 - Current
Design, Develop, Test and Document Business Intelligence reports:
Gather Business needs to develop interactive dashboards and BI reports.
Work with Data warehouse and other data sources to get data for Data Visualization Using Business Intelligence Tool.
Write SQL Queries and Stored procedures to pull data to Visualization Tool.
Modeling the data to efficiently pull the data for visualization
Design Dashboard and Provide insights to management and departments to make Data driven decisions.
Embed BI reports to Customer Application using .NET Framework, JavaScript. Which uses Web APIs to access BI reports.
Create and Peer review SQL queries for ad hoc data reporting.
Managed junior developer by delivering consistent coaching and constructive feedback.
Design, Develop, Test and Document SQL Queries, Stored Procedures, .NET Codes in order to maintain and add features to Student
Information System.
Communicate with clients to gather requirement for new data collection or for change request.
Design a data model and web interface for collecting new data and improve existing system.
Peer review codes to validate correctness and integrity of the system.
Perform Unit test, Integration test and Regression test in Development and QA environment for Build Release.
Follow Agile Methodology for software development using Azure DevOps for better utilization of time and resources.
Create SQL queries for ad hoc data reporting.
Support end users resolving technical issues.
Business Intelligence Developer Company Name | City , State | September 2015 - May 2018
Designing, developing, validating, and documenting SQL queries, graphical reports, dashboards, and data warehouse applications that support the
strategic initiatives.
Reviewed project requirements to identify customer expectations and resources needed to meet goals.
Conceived, developed and implemented wide range of BI solutions.
Optimized data gathering processes, analysis procedures and visualization strategies.
Created and oversaw dashboards with QlikView.
Create and maintain SSIS packages using Microsoft Visual Studio. Extract the data from files received through SFTP and upload the data-
to-data warehouse in a required form.
Using given technical specs create flat files and send data files to clients using SSIS package. Also, automate maintenance of SQL Server
databases and updates.
Analyzed code and corrected errors to optimize output.
Resolved customer issues by establishing workarounds and solutions to debug and create defect fixes.
Wrote user manuals and other documentation for roll-out in customer training sessions.
Established and maintained key relationships with business stakeholders to promote future opportunities.
Managed 2 junior developers by delivering consistent coaching and constructive feedback.
College Student Company Name | City , State | January 2015 - May 2016
Most accomplished College Projects:
Predicting Breast Cancer:
Create machine learning model to predict malignant tumors.
Used Python - ""Random Forest Classifier"" to predict malignant tumors in breast tissue.
Here, main idea is building multiple models with different sample and different initial variables from train data set.
Goal is to determine what attributes provide the most information that can be used to predict malignancy.
My model was tested against â€œtest data setâ€​ for accuracy and it is 96% successful in predicting whether the tumor is malignant or
benign.
Data Mining- Image Classification:
It is the process to categorize images into one of several categories. Classification requires training for each image category.
Constructed Training and Test data for given image data using Java programming.
Constructed the five different classifier models using each training data file.

Tested these classifiers using test data and compared the prediction accuracies among five different classifiers. Achieved 95% accuracy.
Software Engineer Company Name | City , State | October 2013 - January 2014
Develop code in java and document artifacts including unit test plans and ensure that the output is as per the specifications:
Execute tasks with both procedural and OOP development techniques.
Best practices for efficient and easier to maintain code.
Best practices for securing web applications.
Inserting, querying and managing data stored in databases or files.
Skills
SQL Server/MySQL
Data Analysis and Visualization
C#/.NET framework
Python
JavaScript
Azure DevOps
Education
Master of Science Computer Science University of Illinois At Springfield , City , State
Completed coursework in Data Science, C# Programming and .NET and Data Mining.
3.95/4.0 GPA
May 2016
Bachelor of Engineering Information Science P.A College of Engineering (VTU) , City
""Best Outgoing Student"" Recipient
Honor Roll 2010-2011
May 2013

","**Pavithra Shetty**

---

**Summary**  
Customer-oriented Principal Consultant with over 6 years of experience in the software industry, specializing in the development and implementation of business solutions that enhance productivity and drive growth. Proficient in SQL, data visualization, and various scripting languages.

---

**Experience**  

**Principal Consultant**  
*Company Name | City, State | June 2018 - Present*  
- Design, develop, test, and document Business Intelligence (BI) reports, ensuring alignment with business needs through interactive dashboards and comprehensive BI reports.
- Collaborate with data warehouses and other data sources to extract data for visualization using BI tools.
- Write SQL queries and stored procedures to facilitate data retrieval for visualization tools.
- Model data efficiently to optimize the extraction process for visualization.
- Design dashboards and provide actionable insights to management and departments for data-driven decision-making.
- Embed BI reports into customer applications using .NET Framework and JavaScript, leveraging Web APIs for report access.
- Conduct peer reviews of SQL queries for ad hoc data reporting, ensuring quality and accuracy.
- Mentor junior developers through consistent coaching and constructive feedback.
- Design, develop, test, and document SQL queries, stored procedures, and .NET code to enhance the Student Information System.
- Communicate with clients to gather requirements for new data collection initiatives or change requests.
- Design data models and web interfaces for new data collection, improving existing systems.
- Perform unit, integration, and regression testing in development and QA environments for build releases.
- Follow Agile methodologies for software development, utilizing Azure DevOps for optimal resource management.
- Provide technical support to end users, resolving issues promptly.

**Business Intelligence Developer**  
*Company Name | City, State | September 2015 - May 2018*  
- Designed, developed, validated, and documented SQL queries, graphical reports, dashboards, and data warehouse applications to support strategic initiatives.
- Reviewed project requirements to identify customer expectations and resource needs.
- Developed and implemented a wide range of BI solutions, optimizing data gathering, analysis procedures, and visualization strategies.
- Created and managed dashboards using QlikView.
- Developed and maintained SSIS packages with Microsoft Visual Studio, automating data extraction from SFTP files to the data warehouse.
- Generated flat files based on technical specifications and facilitated data transfer to clients using SSIS packages.
- Analyzed and optimized code to enhance output quality.
- Resolved customer issues by establishing workarounds and solutions for debugging and defect fixes.
- Authored user manuals and documentation for customer training sessions.
- Cultivated key relationships with business stakeholders to promote future opportunities.
- Managed and mentored 2 junior developers, providing guidance and feedback.

**College Student**  
*Company Name | City, State | January 2015 - May 2016*  
**Notable Projects:**  
- **Predicting Breast Cancer:** Developed a machine learning model using Python's Random Forest Classifier to predict malignant tumors, achieving 96% accuracy in distinguishing between malignant and benign tumors.
- **Data Mining - Image Classification:** Coded an image classification process in Java, constructing training and test datasets and developing five classifier models, achieving 95% accuracy.

**Software Engineer**  
*Company Name | City, State | October 2013 - January 2014*  
- Developed Java code and documented artifacts, including unit test plans, ensuring outputs met specifications.
- Executed tasks using both procedural and object-oriented programming techniques, adhering to best practices for maintainable and secure web applications.
- Managed data insertion, querying, and management in databases and files.

---

**Skills**  
- SQL Server / MySQL  
- Data Analysis and Visualization  
- C# / .NET Framework  
- Python  
- JavaScript  
- Azure DevOps  

---

**Education**  

**Master of Science in Computer Science**  
*University of Illinois at Springfield | City, State | May 2016*  
- Completed coursework in Data Science, C# Programming, .NET, and Data Mining.  
- GPA: 3.95/4.0  

**Bachelor of Engineering in Information Science**  
*P.A College of Engineering (VTU) | City, State | May 2013*  
- Awarded ""Best Outgoing Student""  
- Honor Roll (2010-2011)  

--- 

This polished version enhances clarity, structure, and impact while maintaining the original content's integrity.",,
29521434,APPAREL,1.0,False,,Excel,{},"{('number', 2015.0): 1}",0,False,False,False,"CASHIER
Summary
Responsible Kennel Attendant who remains clearheaded in the face of emotionally demanding jobs. Effectively soothes and manages difficult
animals.Has Experience With Caring for Dogs of all ages and Has had training at Animal shelter for behavior and Kennel Responsibility's.
Highlights
Training in food handling preparation
Arts and crafts aptitude
Active listener
Conflict resolution techniques
Positive and cheerful
Calm and patient
Creative arts talent
Creative arts talent
Conversant in korean
Experience
December 2015
to
February 2016
Company Name City , State Cashier Assessed customer needs and responded to questions. Cleaned and straightened work area. Issued receipts
for purchases and gifts. Bagged merchandise by following standard procedures. Organized register supplies.
September 2015
Company Name City , State Apparel
Described use and operation of merchandise to customers.
Received and processed cash and credit payments for in-store purchases.
Maintained knowledge of current sales and promotions, policies regarding payment and exchanges and security practices.
to Apparel.
January 2013
to
August 2015
Company Name City , State Care-giver Read stories to the children and taught them painting, drawing and crafts. Employed a variety of materials
for children to explore and manipulate in learning activities and imaginative play. Carefully monitored children's play activities. Offered detailed daily
reports that outlined each child's activities. Incorporated music and art activities to encourage creativity and expression.
Education
2017
Chandler gilbert community college City , State , USA Associate of Arts : Early Childhood Education/English second language Currently Finishing
up First year of college, Majoring inÂ Early Childhood Education/English second language
2015
Adult Education school City , State , USA GED : High school Graduated 2015
Skills
Problem Solving
Adaptability
Collaboration
Strong Work Ethic
Time Management
Critical Thinking
Self-Confidence
Handling Pressure
Leadership
Creativity

","**CASHIER**

**Summary**  
Dedicated Kennel Attendant with a proven ability to remain composed in emotionally demanding environments. Skilled in soothing and managing challenging animals, with hands-on experience caring for dogs of all ages. Completed training at an animal shelter focusing on behavior management and kennel responsibilities.

**Highlights**  
- Certified in food handling and preparation  
- Strong aptitude for arts and crafts  
- Excellent active listening skills  
- Proficient in conflict resolution techniques  
- Positive and cheerful demeanor  
- Calm and patient under pressure  
- Conversational proficiency in Korean  

**Experience**  

**Cashier**  
*Company Name, City, State*  
*December 2015 – February 2016*  
- Assessed customer needs and responded effectively to inquiries.  
- Maintained a clean and organized work area.  
- Issued receipts for purchases and gifts, ensuring accuracy.  
- Bagged merchandise following standard procedures.  
- Organized and replenished register supplies.  

**Apparel Associate**  
*Company Name, City, State*  
*September 2015*  
- Described the use and operation of merchandise to customers, enhancing their shopping experience.  
- Processed cash and credit payments for in-store purchases accurately.  
- Maintained up-to-date knowledge of current sales, promotions, and policies regarding payments and exchanges.  
- Adhered to security practices to ensure a safe shopping environment.  

**Caregiver**  
*Company Name, City, State*  
*January 2013 – August 2015*  
- Engaged children through storytelling and creative activities, including painting and crafts.  
- Provided a variety of materials for exploration and learning during imaginative play.  
- Monitored children's play activities to ensure safety and engagement.  
- Offered detailed daily reports outlining each child's activities and progress.  
- Incorporated music and art activities to foster creativity and self-expression.  

**Education**  

**Associate of Arts in Early Childhood Education/English as a Second Language**  
*Chandler-Gilbert Community College, City, State, USA*  
*Expected Graduation: 2017*  
- Currently completing the first year of college, majoring in Early Childhood Education and English as a Second Language.  

**GED**  
*Adult Education School, City, State, USA*  
*Graduated: 2015*  

**Skills**  
- Problem Solving  
- Adaptability  
- Collaboration  
- Strong Work Ethic  
- Time Management  
- Critical Thinking  
- Self-Confidence  
- Handling Pressure  
- Leadership  
- Creativity  

--- 

This polished version enhances clarity, structure, and professionalism while maintaining the original content.",,
27502951,AVIATION,1.0,False,,,"{('number', 14.0): 1}",{},0,False,False,False,"INTERNATIONAL CERTIFICATION PROGRAM MANAGEMENT
Profile
I am an experienced professional with 14 years of aviation & aerospace with expertise in international governmental liaison, aircraft certification,
regulatory compliance, aircraft sales and import/export compliance. As a professional pilot with over 800 hours of total time, multi-tasking,
problem solving and risk management are a foundation of my career.
Skills
Substantial knowledge of all Microsoft Windows operating Domestic & international regulatory compliance
systems and MS Office Aircraft Import/export experience Strong management & complex
NX7.5 Unigraphics problem solving skills
Teamcenter. 3D modeling
Moderate knowledge of computer networking including LAN, Accident investigation
WLAN. Root Cause Analysis
Accomplishments
ACCOMPLISHMENTS
Achieved First of Type design approval into Brazil, China, Malaysia, Indonesia, South Africa, New Zealand and Argentina.
Obtained Type Design major change approvals in EASA, Canada, Maldives, Brazil (exempt/non-exempt), India and Russia.
Developed & managed a revenue stream for foreign validations reducing budgetary restraints by 50%.
Assisted in the development and publication of Pilot's Operating Handbook / Aircraft Flight Manuals and country specific POH/AFM
supplements.
Managed and directed external design engineering contracts, programs and implemented in house review and approval processes utilizing
NX7.5 Unigraphics, 3D modeling.
Professional Experience
International Certification Program Management 07/2010 to Current Company Name City , State
Demonstrated experience in all aspect of the International aircraft validation / acceptance process from application submittal to granting of a
validated type certificate.
Lead subject matter expert on foreign regulations with regards to certification & operations.
Managed external contract engineering design groups with regards Type Design changes.
I developed and managed internal engineering disciplines, FAA, and foreign authority project teams during the validation process.
Developed departmental procedures based on international bilateral agreements, governmental regulation and operational requirements.
As the IC Program Manager coordinated certification activities with internal functions and direct FAA involvement.
Develop certification procedures as required and reviewed company documentation to meet FAA & foreign civil aviation authority
requirements.
Reviewed compliance documentation, design data, Certification Plans, Compliance Reports, Drawings, wrote internal company
coordination memos prior to domestic and foreign government submission.
I developed compliance packages and submitted directly to the FAA and foreign authority.
Improved guidelines in implementing certification programs while maintaining budgetary and schedule constraints.
Ensured compliance to multi-national agreements and regulatory frame work Experienced in US federal regulations 14CFR 61, 91, 23,
135.
Knowledgeable in European governmental regulations with regards to aircraft certification, and operations.
Successfully obtained aircraft First of Type approvals in Europe, Mexico, New Zealand, Qatar, Malaysia, Colombia, Brazil, China, Russia,
and Argentina.
Maintenance & Avionics Coordinator 05/2000 to 08/2005 Company Name City , State
Developed and managed maintenance and avionic customer accounts, processed invoice payments, credits and net account billing.
Prepared maintenance/avionics invoices.
Managed subscription based navigational data for company charter operations & customer based aircraft.
Coordinated invoicing, account management of all maintenance and avionics repairs for a FAA 145 repair station.
Managed pilot supplies, purchase orders, inventory control cycling of life limited products.
Education and Training
Bachelor of Science : Professional Aeronautics 2009 Embry-Riddle Aeronautical University
Minors: Aviation Safety, Management, International Relations
Associate of Arts : Liberal Arts 2004 Johnson Country Community College City , State
Professional Aeronautics 1999 Spartan School of Aeronautics City
Affiliations
Professional Associate of Dive Instructors, Aircraft Owners and Pilots Association, Embry-Riddle Aeronautical University Alumni, Cherokee
Flyers, Inc.(President, Vice President, Director of Membership, Assist. Treasurer), Civil Air patrol.
Certifications

FAA Certificated Commercial/Instrument Pilot - Single-Engine Airplane, PADI Certified Dive Master.
Skills
account management, Autocad, billing, , catalogs, civil aviation authority, computer networking, customer satisfaction, Delivery documentation,
government, inventory control, invoicing, LAN, meetings, all Microsoft, MS Office, Windows operating systems, network, Process development,
Program Management, quality, Safety, Sales support, Technical support, Regulatory Compliance.

","**INTERNATIONAL CERTIFICATION PROGRAM MANAGEMENT**

**Profile**  
Dynamic aviation and aerospace professional with 14 years of experience specializing in international governmental liaison, aircraft certification, regulatory compliance, and import/export compliance. A licensed professional pilot with over 800 flight hours, I excel in multi-tasking, problem-solving, and risk management, which are foundational to my career.

**Skills**  
- Extensive knowledge of Microsoft Windows operating systems and MS Office Suite  
- Expertise in domestic and international regulatory compliance  
- Proficient in aircraft import/export processes  
- Strong management and complex problem-solving skills  
- Experience with NX7.5 Unigraphics and 3D modeling  
- Familiarity with computer networking, including LAN and WLAN  
- Accident investigation and root cause analysis  

**Accomplishments**  
- Achieved First of Type design approvals in Brazil, China, Malaysia, Indonesia, South Africa, New Zealand, and Argentina.  
- Secured Type Design major change approvals in EASA, Canada, Maldives, Brazil (both exempt and non-exempt), India, and Russia.  
- Developed and managed a revenue stream for foreign validations, reducing budgetary constraints by 50%.  
- Assisted in the development and publication of the Pilot's Operating Handbook (POH) and Aircraft Flight Manuals (AFM), including country-specific supplements.  
- Managed external design engineering contracts and implemented in-house review and approval processes using NX7.5 Unigraphics and 3D modeling.  

**Professional Experience**  

**International Certification Program Management**  
*Company Name, City, State*  
*July 2010 – Present*  
- Oversee all aspects of the international aircraft validation and acceptance process, from application submission to the granting of validated type certificates.  
- Serve as the lead subject matter expert on foreign regulations related to certification and operations.  
- Manage external contract engineering design groups regarding Type Design changes.  
- Develop and manage internal engineering disciplines, FAA, and foreign authority project teams during the validation process.  
- Create departmental procedures based on international bilateral agreements, governmental regulations, and operational requirements.  
- Coordinate certification activities with internal functions and direct FAA involvement as the IC Program Manager.  
- Develop certification procedures and review company documentation to ensure compliance with FAA and foreign civil aviation authority requirements.  
- Review compliance documentation, design data, Certification Plans, and Compliance Reports; draft internal memos prior to government submissions.  
- Develop compliance packages and submit them directly to the FAA and foreign authorities.  
- Enhance guidelines for implementing certification programs while adhering to budgetary and scheduling constraints.  
- Ensure compliance with multi-national agreements and regulatory frameworks, with extensive knowledge of US federal regulations (14 CFR 61, 91, 23, 135) and European governmental regulations regarding aircraft certification and operations.  
- Successfully obtained aircraft First of Type approvals in Europe, Mexico, New Zealand, Qatar, Malaysia, Colombia, Brazil, China, Russia, and Argentina.  

**Maintenance & Avionics Coordinator**  
*Company Name, City, State*  
*May 2000 – August 2005*  
- Developed and managed maintenance and avionics customer accounts, processing invoice payments, credits, and net account billing.  
- Prepared maintenance and avionics invoices and managed subscription-based navigational data for charter operations and customer aircraft.  
- Coordinated invoicing and account management for all maintenance and avionics repairs at an FAA 145 repair station.  
- Oversaw pilot supplies, purchase orders, and inventory control, including the cycling of life-limited products.  

**Education and Training**  
- **Bachelor of Science in Professional Aeronautics**  
  Embry-Riddle Aeronautical University, 2009  
  *Minors: Aviation Safety, Management, International Relations*  

- **Associate of Arts in Liberal Arts**  
  Johnson County Community College, 2004  

- **Professional Aeronautics**  
  Spartan School of Aeronautics, 1999  

**Affiliations**  
- Professional Associate of Dive Instructors  
- Aircraft Owners and Pilots Association  
- Embry-Riddle Aeronautical University Alumni  
- Cherokee Flyers, Inc. (President, Vice President, Director of Membership, Assistant Treasurer)  
- Civil Air Patrol  

**Certifications**  
- FAA Certificated Commercial/Instrument Pilot - Single-Engine Airplane  
- PADI Certified Dive Master  

**Additional Skills**  
- Account management  
- AutoCAD  
- Billing and invoicing  
- Civil aviation authority compliance  
- Customer satisfaction  
- Delivery documentation  
- Inventory control  
- Process development  
- Program management  
- Quality assurance  
- Safety protocols  
- Sales and technical support  
- Regulatory compliance  

This polished resume enhances clarity, structure, and impact while maintaining the integrity of the original content.",,
