file,lexical_density,pattern_regularity,repetition,sentence_evenness,tonal_stability
10176815.txt,0.43884892086330934,0.09956709956709957,0.5050359712230216,0.8277360992739211,0.9663425759982484
10182582.txt,0.4931972789115646,0.11643835616438356,0.5850340136054422,0.6698448978847161,0.9603231874751892
10395944.txt,0.3711967545638945,0.11608961303462322,0.4766734279918864,0.7016012843830474,0.956406064915181
10464113.txt,0.33260393873085337,0.05921052631578947,0.4299781181619256,0.5542868702803309,0.963431375243194
10466583.txt,0.45454545454545453,0.26666666666666666,0.5371900826446281,0.6554666118295088,0.9651259698232828
10553553.txt,0.42671009771986973,0.06699346405228758,0.49022801302931596,1.0568682813377386,0.9848646348558844
10567764.txt,0.26185344827586204,0.6285097192224622,0.30495689655172414,0.8771902648699529,0.9906685298808592
10659182.txt,0.46909667194928684,0.06995230524642289,0.5467511885895404,0.6828202946185259,0.9644166142686998
10751444.txt,0.403954802259887,0.08679245283018867,0.4774011299435028,0.8988321081851565,0.9776408351712002
10840430.txt,0.3833515881708653,0.04061470911086718,0.44468784227820374,0.9466400948984455,0.9434707727814468
10926726.txt,0.40228245363766046,0.03719599427753934,0.47788873038516405,1.1237609658054775,0.9618536652400519
10945968.txt,0.35185185185185186,0.10463576158940398,0.4372523117569353,0.6987439709494605,0.9908446954187613
11121498.txt,0.42857142857142855,0.0448318804483188,0.5006211180124224,1.2750620803021933,0.9865261175488489
11152490.txt,0.3045507584597433,0.08177570093457943,0.38156359393232203,0.7071893196090598,0.9767018612641692
11174187.txt,0.32114467408585057,0.06284805091487669,0.4130262112787927,0.8523269784241713,0.9640155193559101
11188218.txt,0.46055979643765904,0.04336734693877551,0.544529262086514,0.8565880080259048,0.9844305955667797
11336022.txt,0.4567901234567901,0.05955334987593052,0.5753086419753086,0.6711396782215828,0.965736673480888
11393213.txt,0.31610044313146235,0.8148148148148148,0.36336779911373707,0.760520065387647,0.9758625543883648
11441764.txt,0.41482444733420026,0.03911342894393742,0.49154746423927176,0.82366007662688,0.9805849476748691
11480899.txt,0.3309024612579763,0.08949771689497717,0.4056517775752051,1.3282361412061143,0.9879581059742397
11580408.txt,0.3637602179836512,0.15163934426229508,0.4223433242506812,1.9710813324762666,0.9648468002469215
11698189.txt,0.48975409836065575,0.06995884773662552,0.5778688524590164,0.6600083582912302,0.9772191891515092
11722421.txt,0.38003220611916266,0.10339256865912763,0.4524959742351047,0.8652561670504861,0.9450962859920067
11813872.txt,0.3024193548387097,0.09046849757673667,0.36532258064516127,0.7546115430096252,0.9535206671231481
11919526.txt,0.4398092967818832,0.1854066985645933,0.4880668257756563,1.221217208413513,0.9381600045427673
11958994.txt,0.4344919786096257,0.08445040214477212,0.5120320855614974,0.6692408979704455,0.9634940717419896
11995013.txt,0.3885941644562334,0.12632978723404256,0.46286472148541113,2.116445964730027,0.9230391978590642
12021752.txt,0.3728,0.47191011235955055,0.4256,1.1259914410568728,0.9728929225942495
12022566.txt,0.4200848656294201,0.06808510638297872,0.48514851485148514,1.0262460317974569,0.9901749747749039
12059198.txt,0.4597402597402597,0.06788511749347259,0.5558441558441558,0.7199064565083779,0.9463956591798788
12059610.txt,0.3685968819599109,0.23102678571428573,0.43875278396436523,0.5738880777285776,0.9737303635904155
12065211.txt,0.4447334200260078,0.06388526727509779,0.5084525357607282,0.7949188618618526,0.9877657671705208
12071138.txt,0.27953044754218637,0.1462160176340926,0.33162142333088773,0.7529976422226052,0.9800689674107134
12082377.txt,0.335016835016835,0.375,0.4090909090909091,0.6548569404450788,0.9834678042529966
12144825.txt,0.4693069306930693,0.041749502982107355,0.5366336633663367,0.9735693904356408,0.9765098290488976
12155206.txt,0.44768439108061747,0.10327022375215146,0.5145797598627787,0.7384528118742198,0.9746224073404197
12191094.txt,0.4017094017094017,0.07,0.47435897435897434,1.1489761576875452,0.9892054599802319
12587973.txt,0.41237113402061853,0.08862629246676514,0.5066273932253313,1.0312129488625044,0.940747680215541
12613221.txt,0.4053398058252427,0.15853658536585366,0.4733009708737864,0.9949127519762692,0.9926682595687896
12632728.txt,0.0,0,0,0.0,1.0
12674256.txt,0.4380704041720991,0.047058823529411764,0.5384615384615384,1.3889073630570978,0.9942403686352649
12696104.txt,0.41346153846153844,0.3235294117647059,0.5,0.9451080185178129,0.9822992694111403
12717345.txt,0.3948948948948949,0.12349397590361445,0.46096096096096095,0.8839098437777704,0.9749403466150901
12780508.txt,0.3440082644628099,0.061076604554865424,0.4318181818181818,0.7468400407349053,0.9839974666007395
12791244.txt,0.464354527938343,0.07543520309477757,0.5375722543352601,0.9431999500172851,0.9476350495980305
12802330.txt,0.3572311495673671,0.03965303593556382,0.4363411619283066,0.9606249243023058,0.9842180018246123
12920612.txt,0.38814993954050786,0.052121212121212124,0.4655380894800484,0.8046088509219518,0.9524491985277064
12938200.txt,0.4465592972181552,0.07342143906020558,0.5285505124450952,0.7202046214119855,0.9530409442831568
12955994.txt,0.3731481481481482,0.04359925788497217,0.42777777777777776,1.164618798879187,0.9648601013662729
13014900.txt,0.36091205211726385,0.10176125244618395,0.44234527687296415,0.8477830075880478,0.9693599841632151
13037145.txt,0.5088757396449705,0.06547619047619048,0.5680473372781065,0.8785338439274538,0.9805069904642181
13087952.txt,0.3602693602693603,0.5287162162162162,0.4225589225589226,0.6019555607474748,0.9381900942206212
13342150.txt,0.48342541436464087,0.04155124653739612,0.5607734806629834,0.7990529372993894,0.9501630699770233
13348915.txt,0.37936267071320184,0.3592085235920852,0.4324734446130501,0.7881009846884559,0.9708849480982034
13385306.txt,0.3192090395480226,0.06382978723404255,0.39745403111739747,0.8778883818215149,0.984558479151139
13386301.txt,0.30182232346241455,0.2557077625570776,0.37699316628701596,1.6519766751714837,0.9848282818197797
13405229.txt,0.2998921251348436,0.7885652642934197,0.3401506996770721,1.172315281919741,0.9521559038681993
13518263.txt,0.4411764705882353,0.17105263157894737,0.5359477124183006,0.46711739735041846,0.9447217127346288
13565152.txt,0.32509505703422054,0.1548223350253807,0.3960709759188847,0.7385477084806684,0.9747833566813083
13727873.txt,0.3167701863354037,0.11264685556323428,0.40924775707384403,1.628676786837561,0.9665107597494924
13809698.txt,0.3793103448275862,0.25951557093425603,0.45689655172413796,0.8844399316638227,0.9798975094673508
13836471.txt,0.29797979797979796,0.16554054054054054,0.3451178451178451,1.0311665428973944,0.9941788469938246
13888506.txt,0.5163398692810458,0.045951859956236324,0.5947712418300654,0.8805963310094512,0.9752946055988567
13909762.txt,0.38827098078867545,0.057750759878419454,0.4752275025278059,1.0228412084067664,0.9787675051001521
13982572.txt,0.4802065404475043,0.027633851468048358,0.5645438898450946,1.258199957073161,0.9410301156971064
13998435.txt,0.3517647058823529,0.37028301886792453,0.40352941176470586,0.7963077176669933,0.9788759237257474
14241621.txt,0.3691931540342298,0.09681372549019608,0.44987775061124696,0.6023558740810442,0.9598811498724816
14256329.txt,0.3604135893648449,0.07566765578635015,0.44822485207100593,1.0303624974298027,0.964317090029773
14267489.txt,0.4499411071849234,0.03778040141676505,0.5335689045936396,1.0148248347076463,0.9703368473501898
14364597.txt,0.3910149750415973,0.22370617696160267,0.46256239600665555,0.670570734074715,0.9780069375185876
14391434.txt,0.4135514018691589,0.04918032786885246,0.4941588785046729,0.9698076181019976,0.9762585941666143
14408510.txt,0.41734860883797054,0.0755336617405583,0.5008183306055647,0.7048422428767583,0.9775950678167646
14445309.txt,0.4042207792207792,0.11074918566775244,0.4512987012987013,1.2093120761075131,0.9981287246010898
14536764.txt,0.4414814814814815,0.06240713224368499,0.5348148148148149,0.6175122442042039,0.9812701734983699
14589288.txt,0.47058823529411764,0.07407407407407407,0.5828220858895705,0.8134127226954865,0.989383638051343
14825300.txt,0.37527593818984545,0.1006637168141593,0.47019867549668876,1.1659884151531354,0.98064679916084
14937492.txt,0.39241917502787066,0.09273743016759776,0.4760312151616499,0.869075357420748,0.9827169913065643
14945250.txt,0.3349236641221374,0.06500956022944551,0.42366412213740456,0.5291995166726314,0.9597740909733601
14990354.txt,0.45563139931740615,0.03595890410958904,0.5358361774744027,1.0397737730133525,0.9845937083808105
15119529.txt,0.2736954206602769,0.7588046958377801,0.3226837060702875,0.7122660319127192,0.9781936714866978
15139979.txt,0.3397243858597963,0.16676664667066587,0.42180946674655484,1.4456630279775406,0.965630008157753
15180322.txt,0.35958254269449713,0.34790874524714827,0.4240986717267552,0.7387934652364686,0.9727060508353973
15224503.txt,0.3832658569500675,0.07036535859269283,0.44804318488529016,1.4143895118038443,0.9862738564174228
15297298.txt,0.4172461752433936,0.03626220362622036,0.49235048678720444,0.6138196544974964,0.9765565128787326
15306049.txt,0.56,0.08071748878923767,0.6444444444444445,0.59113259299789,0.9914246196403872
15313140.txt,0.42424242424242425,0.2402315484804631,0.4935064935064935,0.6615667221513777,0.9836836454635048
15353911.txt,0.5944700460829493,0.046511627906976744,0.7050691244239631,0.8593409537449103,0.9603479203322804
15363277.txt,0.372615039281706,0.05736782902137233,0.4444444444444444,1.0653287983174027,0.9780663207746352
15425154.txt,0.36353591160220994,0.08859357696567,0.4276243093922652,1.011251025218665,0.9334167754443299
15433732.txt,0.31532846715328466,0.17276720351390923,0.38686131386861317,0.7772780938207272,0.9347661654676421
15564893.txt,0.367816091954023,0.4769452449567723,0.41379310344827586,1.3340179684126658,0.9568306775697735
15603319.txt,0.4464,0.07062600321027288,0.5024,1.2091399124997901,0.9864492070143209
15618327.txt,0.4264264264264264,0.15210843373493976,0.4804804804804805,0.7702579222971069,0.97439382146727
15620421.txt,0.3701968134957826,0.13708920187793427,0.450796626054358,1.0418430320218124,0.9655852593039929
15636923.txt,0.4379310344827586,0.026497695852534562,0.5264367816091954,0.786777167649067,0.9754367144043553
15651486.txt,0.3261608154020385,0.2792281498297389,0.3929784824462061,1.3311556648265594,0.980105022249194
15680735.txt,0.3557504873294347,0.130859375,0.4220272904483431,0.7986011474765891,0.941268889751873
15684810.txt,0.3709677419354839,0.4806138933764136,0.4088709677419355,1.7112729387934242,0.9862659147517049
15717923.txt,0.40745672436750996,0.06809078771695594,0.48468708388814913,1.9464884174604373,0.9370159961910266
15721849.txt,0.357926221335992,0.24575424575424576,0.43968095712861416,0.9876120955847192,0.9628615030724599
15727656.txt,0.42673107890499196,0.15024232633279483,0.4927536231884058,1.134165950448434,0.9537084786467898
15765660.txt,0.413677130044843,0.04157303370786517,0.49551569506726456,0.5419605812397703,0.9711557128352544
15790602.txt,0.3625866050808314,0.05324074074074074,0.4387990762124711,1.02271218774836,0.9793820703470884
15791766.txt,0.43645484949832775,0.050335570469798654,0.5016722408026756,0.9798729439982103,0.9290331689425555
15792052.txt,0.39105339105339104,0.2170767004341534,0.46464646464646464,0.721972960059279,0.952428678548319
15891494.txt,0.4264305177111717,0.06557377049180328,0.510899182561308,0.8414004560561482,0.9738644731067844
15918496.txt,0.4434250764525994,0.18098159509202455,0.5152905198776758,0.5624863342241062,0.9545260214611814
15936656.txt,0.4163568773234201,0.20599250936329588,0.5315985130111525,0.9464362052362235,0.9856752865196419
15941675.txt,0.41784037558685444,0.10047095761381476,0.4679186228482003,1.8776778445367377,0.9858665985093782
15958967.txt,0.41420765027322404,0.087527352297593,0.4672489082969432,1.9893276331672611,0.9883487529342151
16223371.txt,0.42105263157894735,0.2852941176470588,0.5350877192982456,1.7636149516250186,0.9210239164977073
16276121.txt,0.4835390946502058,0.03305785123966942,0.5576131687242798,1.6548234491647948,0.9781668346299914
16407619.txt,0.38461538461538464,0.0633693972179289,0.4699537750385208,0.8526371046609047,0.9789523956808698
16449850.txt,0.29003021148036257,0.603030303030303,0.34894259818731116,0.7712221395653825,0.9832900423610855
16833515.txt,0.3674383868558626,0.1705310396409873,0.4480955937266617,0.6609992889760532,0.9697408904715121
16861758.txt,0.42191780821917807,0.046703296703296704,0.5178082191780822,1.6450952175628968,0.9402883700363797
16887936.txt,0.4578441835645678,0.029946524064171122,0.5346851654215582,1.212652288517498,0.9597057768318005
17043822.txt,0.3689655172413793,0.23732718894009217,0.4241379310344828,0.8519053787360417,0.9559750438129078
17108676.txt,0.31092436974789917,0.4957865168539326,0.3599439775910364,1.4094556446802513,0.9919959762236937
17131084.txt,0.4441176470588235,0.09292035398230089,0.5176470588235295,1.701889131160885,0.9416895446866992
17150707.txt,0.38412698412698415,0.054140127388535034,0.4634920634920635,1.1951290027998374,0.9145305123236843
17163375.txt,0.5305466237942122,0.012944983818770227,0.6720257234726688,0.9794837128778464,0.9895494134536578
17276884.txt,0.39119804400978,0.06862745098039216,0.4718826405867971,0.7083461389568015,0.9647238565815776
17286050.txt,0.5407166123778502,0.13114754098360656,0.6026058631921825,1.6616464975924008,0.9588480519732043
17307206.txt,0.4152542372881356,0.08737864077669903,0.5157384987893463,1.144972628378113,0.9653442869189008
17311685.txt,0.52,0.0846774193548387,0.62,1.1540845337803949,0.9597989187799533
17312146.txt,0.3925549915397631,0.24448217317487267,0.467005076142132,0.9661147870651872,0.9758844818338491
17342969.txt,0.22406363937686444,0.1724709784411277,0.29300629764666886,0.5522979216306224,0.9535271229359931
17378327.txt,0.3817733990147783,0.4306930693069307,0.46551724137931033,0.5179599084766356,0.9603606894119064
17392859.txt,0.3788235294117647,0.07193396226415094,0.47058823529411764,0.5547847863537266,0.9729150467376083
17407184.txt,0.3922480620155039,0.07776049766718507,0.45891472868217054,1.0316242255568857,0.9442486731338957
17410700.txt,0.4323770491803279,0.06172839506172839,0.5184426229508197,0.6114995819948676,0.9628064826513693
17412079.txt,0.3786407766990291,0.0267639902676399,0.46116504854368934,0.9793978917647777,0.960875208674066
17421910.txt,0.5064655172413793,0.032467532467532464,0.5991379310344828,0.6087615023846144,0.9750092954148654
17431847.txt,0.4411764705882353,0.09180327868852459,0.5179738562091504,0.9060377622811281,0.9814351459721716
17432318.txt,0.5,0.05859375,0.5758754863813229,0.6985420232730811,0.9448370398355305
17483843.txt,0.4178743961352657,0.05811138014527845,0.4975845410628019,0.7438735126008917,0.9890648410702263
17488801.txt,0.3896940418679549,0.06462035541195477,0.45410628019323673,0.5820862278318909,0.9795065707042409
17510973.txt,0.4827586206896552,0.04007285974499089,0.5499092558983666,0.8232138511450448,0.9555608738525173
17555081.txt,0.4605263157894737,0.08211143695014662,0.5263157894736842,1.23716555463797,0.9833869245527942
17556527.txt,0.3245454545454545,0.08652094717668488,0.39090909090909093,1.0578880741213061,0.9838027523716998
17562754.txt,0.34323040380047504,0.05476190476190476,0.39429928741092635,1.2212079876893065,0.973032945078672
17571262.txt,0.41455696202531644,0.050793650793650794,0.5079113924050633,0.44052419234002166,0.9845729164087708
17576030.txt,0.3767313019390582,0.2116991643454039,0.4515235457063712,0.704704848005678,0.9781853970497953
17624934.txt,0.4311475409836066,0.046052631578947366,0.5262295081967213,1.9861935633755283,0.9332055943837652
17641670.txt,0.3297062023939064,0.04632152588555858,0.4060968971148612,1.5878087392373554,0.9707175395306458
17655479.txt,0.40268456375838924,0.253028263795424,0.4993288590604027,0.662515989015431,0.9447481473912289
17688766.txt,0.4275491949910555,0.06104129263913824,0.4937388193202147,1.0486432022106718,0.9903387251282035
17694572.txt,0.636734693877551,0.05761316872427984,0.7346938775510204,0.7789216875209111,0.990167367311273
17714174.txt,0.20082449941107186,0.8384433962264151,0.24381625441696114,0.806106024274202,0.9617700839022825
17775916.txt,0.3810082063305979,0.2044653349001175,0.43259085580304807,0.8792682324767417,0.9717852986887211
17812897.txt,0.32046979865771813,0.06050420168067227,0.401006711409396,1.01743988991986,0.9742160564795281
17823436.txt,0.3873239436619718,0.1028225806451613,0.45774647887323944,1.235300502324572,0.9746727896113104
17847636.txt,0.37777777777777777,0.08917197452229299,0.46984126984126984,1.4460599646196408,0.9762804146811448
17855844.txt,0.3884393063583815,0.13093858632676708,0.4705202312138728,1.0161073707604735,0.9640548061151464
17857644.txt,0.39308578745198464,0.07830551989730423,0.4839948783610755,1.0795465003100706,0.9726967154837237
17876954.txt,0.4370860927152318,0.05309734513274336,0.5187637969094923,0.5493034670692124,0.9379218138972671
17880988.txt,0.25481798715203424,0.776824034334764,0.3158458244111349,0.9536459726786,0.9878294399766789
17911230.txt,0.40555555555555556,0.08913649025069638,0.49166666666666664,1.2501109191341468,0.9815102349656806
17926546.txt,0.3849938499384994,0.05425400739827373,0.46002460024600245,1.3871227844266873,0.9830169606636067
17963031.txt,0.3313008130081301,0.22606924643584522,0.3983739837398374,1.1600353360902766,0.9612426008351521
17983957.txt,0.39123630672926446,0.04081632653061224,0.486697965571205,0.9128305520856976,0.987326299540719
18001081.txt,0.2645381984036488,0.8022857142857143,0.3261117445838084,0.5389577835115155,0.9744853034569313
18024825.txt,0.39334341906202724,0.291350531107739,0.44478063540090773,1.4838561358647357,0.9802292128651547
18036030.txt,0.519203413940256,0.017094017094017096,0.625,0.6496771168188072,0.9401768384375173
18067556.txt,0.1950664136622391,0.820493358633776,0.23587409935532802,0.735466997095333,0.94940937462774
18079050.txt,0.3799392097264438,0.053353658536585365,0.46200607902735563,1.3856009570722343,0.9961793250787802
18084150.txt,0.3800277392510402,0.19610570236439498,0.47156726768377255,0.7805999088183526,0.9693674779611275
18129173.txt,0.4541284403669725,0.09969325153374232,0.518348623853211,0.9038784037675444,0.9732940506908736
18132924.txt,0.48711340206185566,0.04780361757105943,0.5644329896907216,0.982111363151639,0.9845866141392204
18155310.txt,0.45454545454545453,0.05236907730673317,0.5422885572139303,1.1345479519514796,0.9756083045409228
18171955.txt,0.38152011922503726,0.04185351270553064,0.481371087928465,0.7857040940811404,0.9195225703410592
18172739.txt,0.4593908629441624,0.07653061224489796,0.5355329949238579,0.9907383022818389,0.9763077678954482
18176523.txt,0.4470198675496689,0.051666666666666666,0.5232558139534884,1.1419836624648383,0.9883967263005122
18187364.txt,0.3281519861830743,0.05363321799307959,0.38860103626943004,0.9426207723011949,0.9863504859785877
18208580.txt,0.3797634691195795,0.3359683794466403,0.4467805519053876,1.003354683443679,0.9557384094527513
18227306.txt,0.4295874822190612,0.09272467902995721,0.5064011379800853,0.9946321223822163,0.9489454561549714
18236085.txt,0.35335195530726254,0.06582633053221289,0.4399441340782123,0.789580745772509,0.9723078381978428
18242317.txt,0.44461778471138846,0.07668231611893583,0.5070202808112324,1.2841029409188627,0.988044062813145
18268860.txt,0.41899441340782123,0.056074766355140186,0.5251396648044693,0.6807853411706112,0.9979644006132695
18278509.txt,0.49829351535836175,0.22336769759450173,0.5494880546075085,0.9819563343647647,0.9742505330468563
18293620.txt,0.31882352941176473,0.3903301886792453,0.3941176470588235,0.749482866698131,0.964129579182546
18297650.txt,0.33232399697199094,0.08794541319181198,0.4140802422407267,0.5820000960023087,0.9517792597327253
18301617.txt,0.363499245852187,0.35098335854765506,0.4042232277526395,1.7437959177958933,0.9576167640151143
18311419.txt,0.45126353790613716,0.030797101449275364,0.5595667870036101,0.573921482549227,0.9638715079651791
18316239.txt,0.4332892998678996,0.0423841059602649,0.523117569352708,0.5228687496909186,0.9699978163470838
18328743.txt,0.4583333333333333,0.13445378151260504,0.5916666666666667,0.863602236871473,0.9292769260752022
18354623.txt,0.41973840665873957,0.03814064362336114,0.4768133174791914,1.0860831382026574,0.9546775829467885
18365443.txt,0.3800243605359318,0.03540903540903541,0.47381242387332523,0.7874701026064527,0.9635448377649309
18365791.txt,0.6122448979591837,0.041237113402061855,0.7193877551020408,0.4852615860619696,0.9840818774562592
18368613.txt,0.4752475247524752,0.059800664451827246,0.5643564356435643,1.0686837823402715,0.9844589055030732
18422164.txt,0.3835946924004825,0.08101571946795647,0.4680337756332931,1.036280684945559,0.9815124786601495
18436190.txt,0.4193061840120664,0.08472012102874432,0.4856711915535445,0.7406405600838831,0.9759602054270937
18442517.txt,0.39268978444236174,0.07511737089201878,0.4564198687910028,0.9456386539498614,0.9655457164883865
18448085.txt,0.4590909090909091,0.0365296803652968,0.5295454545454545,0.9395611313891316,0.9761605058931119
18457785.txt,0.30940343781597573,0.3738601823708207,0.3690596562184024,0.7942424036296006,0.970621926433423
18460045.txt,0.41810344827586204,0.14347826086956522,0.46120689655172414,0.926384371467535,0.9470206688350652
18472240.txt,0.3804878048780488,0.4975369458128079,0.44878048780487806,0.5132027499199894,0.9817886124680024
18480859.txt,0.3029100529100529,0.46153846153846156,0.36507936507936506,0.6531361697352902,0.9233186913030909
18484846.txt,0.38831168831168833,0.18489583333333334,0.4675324675324675,0.7181886800710211,0.965867555139113
18501746.txt,0.44063324538258575,0.05305039787798409,0.525065963060686,0.2889834586938949,0.9380224546283564
18509268.txt,0.3777429467084639,0.040880503144654086,0.45297805642633227,0.800286492934944,0.9732675643672609
18525641.txt,0.37218543046357616,0.057104913678618856,0.45695364238410596,2.001913562005313,0.9723869221588575
18569929.txt,0.441233140655106,0.08123791102514506,0.5067437379576107,1.356049125914985,0.9852772532052303
18589927.txt,0.48621553884711777,0.007556675062972292,0.568922305764411,0.47590678794129476,0.9914426904830479
18635654.txt,0.4132420091324201,0.23623853211009174,0.4931506849315068,1.1423328491847187,0.9717717421024424
18645964.txt,0.39267886855241263,0.19031719532554256,0.47088186356073214,1.0212184734655914,0.9742081307796493
18669563.txt,0.3921232876712329,0.06013745704467354,0.4674657534246575,0.633957910941814,0.9952246486892011
18725071.txt,0.32814710042432815,0.39858156028368796,0.39462517680339465,0.6866050291330793,0.9688158334190555
18731098.txt,0.4422857142857143,0.06872852233676977,0.5074285714285715,1.1726031741734426,0.9596324051556158
18752129.txt,0.3371212121212121,0.06069802731411229,0.421969696969697,0.5512697821381749,0.9592512586338356
18757174.txt,0.5371621621621622,0.061224489795918366,0.6013513513513513,1.2473492712664136,0.9855165252750233
18795567.txt,0.4711388455538221,0.071875,0.5373831775700935,1.0606145428847553,0.9468658049397027
18824120.txt,0.4016806722689076,0.07588532883642496,0.46050420168067224,1.407931586398894,0.9688465214270169
18827609.txt,0.26103286384976526,0.7826904985888994,0.3061032863849765,0.7700798181293516,0.9798264856263973
18856440.txt,0.4312267657992565,0.01303538175046555,0.5111524163568774,1.5372015372127736,0.9811656501130162
18882984.txt,0.34375,0.20887728459530025,0.3997395833333333,1.3140257847062475,0.9912581008235876
18885231.txt,0.5669642857142857,0.07207207207207207,0.6473214285714286,0.9928077826211289,0.9957088238883689
18885767.txt,0.3820078226857888,0.10182767624020887,0.4361979166666667,0.9641081641832684,0.9871129987825081
18900722.txt,0.42857142857142855,0.1077762619372442,0.5047619047619047,0.8771798244627178,0.9420379620165688
18932512.txt,0.36054421768707484,0.08321964529331514,0.4707482993197279,0.5049437335339745,0.9326277613821509
18937778.txt,0.4913657770800628,0.03307086614173228,0.5604395604395604,0.8908383045641372,0.9813896320036052
18975686.txt,0.3155792276964048,0.315086782376502,0.3754993342210386,0.746976466850687,0.9526233882870615
18979238.txt,0.30579399141630903,0.5193548387096775,0.37339055793991416,0.7000413120698703,0.9470745275320256
19007667.txt,0.45555555555555555,0.10112359550561797,0.5666666666666667,1.040132203135736,0.96898624440455
19053815.txt,0.3934782608695652,0.07516339869281045,0.46847826086956523,0.8673960716878906,0.9544352189091907
19063156.txt,0.1459188326493388,0.9407744874715261,0.17569412835685025,0.7214553858756665,0.9716543507739138
19070271.txt,0.36675461741424803,0.1335978835978836,0.43007915567282323,0.7981383757082541,0.9665174100868554
19090468.txt,0.31546134663341646,0.14875,0.37531172069825436,0.9325924796127553,0.9899715884435988
19124258.txt,0.33868378812199035,0.14492753623188406,0.4044943820224719,1.0249981147654208,0.9743537407221261
19147603.txt,0.3964110929853181,0.088379705400982,0.46818923327895595,1.0636071466916002,0.9689477221230529
19149865.txt,0.30500894454382826,0.23118279569892472,0.3756708407871199,0.7609119215827193,0.9522386074583893
19156751.txt,0.40930787589498807,0.21052631578947367,0.4964200477326969,0.7167188970670174,0.9377896512809819
19161572.txt,0.49230769230769234,0.04145077720207254,0.5641025641025641,0.8576453553512404,0.9739242112666366
19164410.txt,0.361731843575419,0.05742296918767507,0.4329608938547486,1.6051853481510592,0.9592613900704976
19176318.txt,0.28552971576227393,0.09184993531694696,0.35400516795865633,0.7283535215062108,0.9823056287107716
19195747.txt,0.333021515434986,0.1077788191190253,0.42095416276894293,0.6049610837830166,0.9764145042796092
19201175.txt,0.2981715893108298,0.8011283497884344,0.340365682137834,1.760086767253575,0.969808455791468
19234823.txt,0.34494015233949943,0.05670665212649945,0.43307943416757344,0.9644597588875251,0.98021389533264
19243556.txt,0.3598901098901099,0.10027472527472528,0.4315068493150685,0.9929241378577168,0.9650795005145675
19268120.txt,0.377,0.08617234468937876,0.457,1.2930922240892178,0.945510462737617
19285236.txt,0.3958333333333333,0.013054830287206266,0.484375,0.6537106749047127,0.9611899651067466
19302310.txt,0.4319880418535127,0.034482758620689655,0.5351270553064275,0.706229351556011,0.9589713131831056
19336728.txt,0.6167400881057269,0.017777777777777778,0.6916299559471366,0.7972529143287012,0.9474066940991405
19362586.txt,0.37551020408163266,0.13096862210095497,0.4598639455782313,0.6335825569386111,0.957407762190559
19364677.txt,0.35723598435462844,0.12941176470588237,0.44328552803129073,0.9982613800107807,0.9795488489297306
19374660.txt,0.395,0.21070234113712374,0.4866666666666667,0.7063137704308156,0.9770617014339685
19396040.txt,0.4187779433681073,0.028400597907324365,0.4977645305514158,0.6608937314032766,0.9534063889942801
19402977.txt,0.47619047619047616,0.05389221556886228,0.5357142857142857,0.802676848711105,0.9954550308924927
19405513.txt,0.4681528662420382,0.04792332268370607,0.5509554140127388,0.5760494896018351,0.9675044878070308
19437318.txt,0.36,0.45226130653266333,0.43,1.3343520197084426,0.8771861741176574
19444529.txt,0.3639896373056995,0.10909090909090909,0.44430051813471505,1.0396641287990216,0.9753732664331808
19446337.txt,0.44551724137931037,0.09681881051175657,0.5213793103448275,1.0427635327519633,0.9823226821451999
19464810.txt,0.42160278745644597,0.23282887077997672,0.5017421602787456,0.7828407093309543,0.9613978483663899
19471144.txt,0.4019715224534502,0.0889132821075741,0.4764512595837897,0.8747028085613223,0.9575365768009806
19473948.txt,0.3640661938534279,0.11966824644549763,0.4491725768321513,0.7608529252587457,0.9596248136563852
19503224.txt,0.3808139534883721,0.0941747572815534,0.45155038759689925,1.9025175372642125,0.9869496174784874
19506295.txt,0.37389100126742714,0.08005082592121983,0.44866920152091255,0.6999085292464094,0.9876438749317126
19508520.txt,0.33044554455445546,0.315136476426799,0.3886138613861386,0.7332994422490343,0.9832546992786618
19532392.txt,0.4368770764119601,0.07333333333333333,0.49335548172757476,0.5901589163056608,0.9847994847517642
19545827.txt,0.338302752293578,0.12528735632183907,0.4059633027522936,1.0715585634482159,0.9837940559970557
19556300.txt,0.28,0.5084087968952135,0.33806451612903227,0.7731462962990239,0.933067204479226
19557384.txt,0.4557165861513688,0.035541195476575124,0.5249597423510467,0.9150320755511688,0.9609043390388531
19558834.txt,0.35960591133004927,0.4135090609555189,0.4351395730706076,0.696950188612234,0.97887386958762
19599699.txt,0.5263157894736842,0.1390728476821192,0.5953947368421053,1.0736815326426137,0.9932062713276093
19616406.txt,0.4366998577524893,0.011412268188302425,0.5391180654338549,0.9480795041539325,0.9814588699864394
19717385.txt,0.45895953757225433,0.09048723897911833,0.5462962962962963,0.9266625731938668,0.9754680266158811
19774173.txt,0.5833333333333334,0.06722689075630252,0.6458333333333334,0.9840445874044531,0.9838450359486474
19786924.txt,0.2651331719128329,0.7293689320388349,0.3196125907990315,1.4117021046163694,0.9662738420753605
19818707.txt,0.3756019261637239,0.07395498392282958,0.4567307692307692,1.1341758554520758,0.9702290467947886
19831366.txt,0.4230769230769231,0.3620689655172414,0.5042735042735043,0.4786019526285168,0.9670886403400332
19850482.txt,0.37010309278350517,0.049586776859504134,0.4329896907216495,1.0417975933590693,0.9886719108828489
19851252.txt,0.5170454545454546,0.13793103448275862,0.6079545454545454,0.8023745267631238,0.9740939316363169
19861776.txt,0.3605805958747135,0.05355776587605203,0.4232238349885409,0.9033762046104236,0.9812768269945029
19926135.txt,0.4711388455538221,0.07668231611893583,0.5413416536661466,0.8618893164948727,0.9553949490379813
19929506.txt,0.38349514563106796,0.30844155844155846,0.441747572815534,0.8171184587261234,0.9862404475248693
19936735.txt,0.40074906367041196,0.05660377358490566,0.4943820224719101,0.8100534754728059,0.9833306930852944
19938081.txt,0.32687447346251053,0.16455696202531644,0.392586352148273,0.7855046766428594,0.990633903929769
20006992.txt,0.45545977011494254,0.08069164265129683,0.5258620689655172,2.3115996087781707,0.9593874135239301
20026169.txt,0.41836734693877553,0.08068181818181819,0.4931972789115646,0.9822525119841405,0.979353043360884
20110597.txt,0.3796394485683987,0.2372340425531915,0.4554140127388535,0.5313927979354915,0.9746981871921522
20148147.txt,0.3386880856760375,0.1476510067114094,0.428380187416332,0.9980586185633524,0.9257096581998515
20149476.txt,0.46677215189873417,0.11904761904761904,0.5237341772151899,1.8109023037055314,0.9763753730174237
20172393.txt,0.39373970345963755,0.14710743801652892,0.43657331136738053,0.9364048567714699,0.9945061487867639
20210676.txt,0.3991130820399113,0.07126948775055679,0.4878048780487805,0.933275622416716,0.9926662505465939
20211577.txt,0.3683492496589359,0.18331053351573187,0.44474761255115963,0.9386278027836925,0.9543342538604546
20230207.txt,0.3915094339622642,0.11514195583596215,0.4528301886792453,1.2440847713830945,0.9865139290786707
20237244.txt,0.45609065155807366,0.14245014245014245,0.5212464589235127,0.9539680672443827,0.9859004701765108
20253563.txt,0.33537519142419603,0.22887864823348694,0.40888208269525267,0.6685243136876828,0.9663886571365676
20255404.txt,0.40365682137834036,0.07475317348377997,0.4908579465541491,1.0499412068591165,0.9684910546211628
20272792.txt,0.5629370629370629,0.035211267605633804,0.6573426573426573,0.4750427611307759,0.9590540871019704
20275356.txt,0.3181148748159057,0.11225997045790251,0.3946980854197349,0.5500872568511107,0.9805688293693754
20279756.txt,0.411214953271028,0.159375,0.48442367601246106,1.1878619999958742,0.9785548102423479
20317319.txt,0.42782152230971127,0.15789473684210525,0.5170603674540682,1.3998173921899468,0.9736575422024452
20321582.txt,0.39851485148514854,0.06699751861042183,0.46410891089108913,0.5680474764624625,0.9651065115814291
20324037.txt,0.411522633744856,0.06043956043956044,0.4904109589041096,0.7699118835949065,0.9445304092368374
20330739.txt,0.33414634146341465,0.12591687041564792,0.40853658536585363,1.4446819804207724,0.9645400407441352
20345168.txt,0.4510250569476082,0.04576659038901602,0.5284738041002278,1.9789740084446252,0.9877117425981925
20390397.txt,0.4349680170575693,0.10492505353319058,0.511727078891258,0.7856638797503235,0.960679479627964
20417897.txt,0.4294385432473445,0.0487062404870624,0.48406676783004554,0.8906491898741395,0.9845544660338218
20427934.txt,0.4670571010248902,0.07195301027900147,0.5563689604685212,0.5748015816196539,0.9819875242386688
20470943.txt,0.5026881720430108,0.03369272237196765,0.6021505376344086,0.9610252650501688,0.9568305711592775
20478831.txt,0.4283513097072419,0.06027820710973725,0.4915254237288136,1.0103962840183989,0.9785940569443535
20488267.txt,0.38317757009345793,0.4272300469483568,0.4532710280373832,0.7355423207433854,0.9864186883097078
20490741.txt,0.1926605504587156,0.931113662456946,0.25974770642201833,1.044780466801444,0.9614633093586901
20544228.txt,0.4129746835443038,0.031746031746031744,0.5031645569620253,0.7179597979210678,0.9510571589762317
20553895.txt,0.5290102389078498,0.05154639175257732,0.6313993174061433,0.9182557756447729,0.91562831914352
20565486.txt,0.39462517680339465,0.12056737588652482,0.4837340876944837,0.5725327061222144,0.9537139405005672
20565849.txt,0.43448275862068964,0.3672055427251732,0.5057471264367817,1.4122893966958916,0.9700199844110761
20626794.txt,0.5777777777777777,0.03587443946188341,0.6933333333333334,0.6034959878966946,0.9641772891237681
20628003.txt,0.5475285171102662,0.038314176245210725,0.6653992395437263,0.50778609989155,0.9596553072225149
20674668.txt,0.393048128342246,0.04691689008042895,0.48128342245989303,1.242082837611427,0.9750339989560166
20681037.txt,0.5972850678733032,0.0273972602739726,0.6968325791855203,0.6492836898749952,0.970792897908374
20698469.txt,0.4306569343065693,0.15403422982885084,0.5036496350364964,0.6160294237869305,0.9432918814934556
20705888.txt,0.4262295081967213,0.14200298953662183,0.518628912071535,1.3225141132891458,0.9596342891720201
20817322.txt,0.36336779911373707,0.14053254437869822,0.4616519174041298,0.8904517717398992,0.9681647219559617
20819838.txt,0.1711340206185567,0.7820247933884298,0.21958762886597938,0.5919258530138073,0.9952895663974716
20836112.txt,0.3009049773755656,0.625,0.38235294117647056,0.7122226976786777,0.9907201041579738
20850529.txt,0.336996336996337,0.3953488372093023,0.41514041514041516,0.725055881694279,0.9770673976645616
20932019.txt,0.4463840399002494,0.09022556390977443,0.513715710723192,1.0232511731665725,0.9828588301902483
20992320.txt,0.4853273137697517,0.09977324263038549,0.5665914221218962,0.4742663119679624,0.9915108623221952
21007083.txt,0.6077586206896551,0.06086956521739131,0.6551724137931034,1.072540990973617,0.968434979030391
21038022.txt,0.3383742911153119,0.10700757575757576,0.41776937618147447,0.9526616497293781,0.9436310551589359
21156767.txt,0.3769123783031989,0.058577405857740586,0.48956884561891517,0.5617961158808746,0.9210840322737107
21178545.txt,0.4501347708894879,0.15945945945945947,0.5026954177897575,1.4647510177555942,0.9905681428477697
21190805.txt,0.4270516717325228,0.25609756097560976,0.4939209726443769,0.668746488159117,0.9725579447475338
21238396.txt,0.3391304347826087,0.05614714424007745,0.42995169082125606,0.5942680021012743,0.9276762216605391
21265194.txt,0.2166947723440135,0.6190878378378378,0.260539629005059,0.9487716375436476,0.9870212224696211
21283365.txt,0.3368055555555556,0.08352668213457076,0.4212962962962963,0.9902139930680132,0.9811343392508862
21283733.txt,0.4126040428061831,0.03575685339690107,0.48513674197384066,0.7793074783044402,0.9546618618758211
21297521.txt,0.23557925351429956,0.8170790878214459,0.27047988366456616,1.3620808448529298,0.9788293423485341
21297828.txt,0.45454545454545453,0.0875,0.5330578512396694,0.7854125769509993,0.9796988382139341
21298336.txt,0.65,0.12318840579710146,0.7,1.2160155745511736,0.9607915855118411
21321598.txt,0.4979253112033195,0.05,0.5912863070539419,0.7531099638246119,0.9430513820946768
21366189.txt,0.349009900990099,0.031017369727047148,0.4344059405940594,1.0187618636208349,0.9847972883255748
21386255.txt,0.39892183288409705,0.11891891891891893,0.47035040431266845,0.8549488259226579,0.9502906193938118
21478007.txt,0.44622093023255816,0.026239067055393587,0.5537790697674418,0.5760600993778671,0.9693140980433164
21531811.txt,0.5234899328859061,0.04054054054054054,0.610738255033557,0.6502288225180115,0.972074764060768
21549195.txt,0.37065637065637064,0.18064516129032257,0.42985842985842987,0.7566788547099792,0.9815555119638891
21550454.txt,0.4505327245053272,0.16793893129770993,0.5312024353120244,0.6086571222863979,0.9775144642951582
21570485.txt,0.40152477763659467,0.05477707006369427,0.4625158831003812,1.0455842741794976,0.9752573559089265
21586858.txt,0.4011494252873563,0.08525345622119816,0.47126436781609193,1.103963344484116,0.9722628625928681
21595057.txt,0.4298507462686567,0.11676646706586827,0.5253731343283582,0.6516887217972656,0.9364433244752272
21611637.txt,0.3603696098562628,0.20473251028806586,0.42813141683778233,1.51204307810581,0.9747032235025977
21614256.txt,0.3782722513089005,0.08136482939632546,0.4698952879581152,0.964201332625997,0.9721293309682433
21622444.txt,0.3382022471910112,0.0744920993227991,0.44256756756756754,0.45579482006056943,0.9426813443090789
21645690.txt,0.41333333333333333,0.03714710252600297,0.49037037037037035,1.5746949538024386,0.9844502697965595
21756639.txt,0.47699386503067487,0.13076923076923078,0.5460122699386503,0.9621120896219917,0.9800166979662719
21763056.txt,0.3569482288828338,0.07377049180327869,0.43869209809264303,0.8151911781137975,0.9869057997143351
21780877.txt,0.41229193341869397,0.1258023106546855,0.48911651728553135,0.9252506466058382,0.9646527581052784
21782152.txt,0.5007429420505201,0.03278688524590164,0.5839524517087668,0.7810856509415613,0.9765645230469833
21794875.txt,0.3948051948051948,0.057291666666666664,0.4805194805194805,1.2596314720733517,0.9155468035961124
21809601.txt,0.45213849287169044,0.10429447852760736,0.5539714867617108,0.5637376567960863,0.9435149508236614
21847415.txt,0.41101152368758004,0.06161745827984596,0.48911651728553135,0.7172172400354624,0.9820808990984509
21853199.txt,0.3477051460361613,0.1896792189679219,0.4242002781641168,1.2539061610212012,0.977346047789158
21904897.txt,0.4323671497584541,0.08495145631067962,0.5120772946859904,1.043785962862705,0.9788061674580458
21916744.txt,0.4527503526093089,0.08628005657708628,0.5190409026798307,1.37967013093947,0.9414448407178836
22008817.txt,0.41389432485322897,0.04215686274509804,0.46673189823874756,1.5761904167982397,0.976697004562069
22019500.txt,0.33099209833187004,0.05452946350043975,0.398595258999122,0.8922084009703163,0.9572499656530304
22025574.txt,0.39713971397139713,0.06615214994487321,0.47964796479647964,0.6697404579168496,0.9626601540575952
22042181.txt,0.3548387096774194,0.06107784431137724,0.44563918757467147,0.9328594325529971,0.9514702543591363
22056333.txt,0.5315985130111525,0.06741573033707865,0.6245353159851301,1.1140778727693375,0.9652349794691241
22093368.txt,0.40974967061923584,0.031704095112285335,0.5019762845849802,0.7172996007485021,0.9704580276595435
22182279.txt,0.32040050062578224,0.4316185696361355,0.39424280350438046,0.7816042956599888,0.9763672925095657
22259768.txt,0.29640947288006114,0.09869931140015302,0.3674560733384263,0.8191741269681265,0.94941667793891
22319662.txt,0.5328467153284672,0.04411764705882353,0.6204379562043796,1.2441121640754933,0.9803733932193274
22349169.txt,0.30923076923076925,0.6265432098765432,0.3476923076923077,0.5984800835140847,0.9710373775335228
22351830.txt,0.40552486187845305,0.02768549280177187,0.46408839779005523,0.7092869387455236,0.9547159120643809
22380187.txt,0.5220588235294118,0.1259259259259259,0.5698529411764706,0.8884326390142046,0.9941777176985302
22408666.txt,0.3969359331476323,0.13128491620111732,0.467966573816156,1.811410425357479,0.9499497712032071
22423839.txt,0.41594827586206895,0.05411255411255411,0.4827586206896552,0.6585459096936546,0.9818359498892039
22450718.txt,0.4158215010141988,0.036585365853658534,0.48884381338742394,1.0032171792190079,0.9627998977156652
22452756.txt,0.29411764705882354,0.4450402144772118,0.36764705882352944,1.001303666999857,0.9836674170311283
22455205.txt,0.4248062015503876,0.25194401244167963,0.4744186046511628,0.82119147002377,0.9757445008675648
22488036.txt,0.4098124098124098,0.059420289855072465,0.4638728323699422,1.0816159697378145,0.9679537785838215
22492537.txt,0.4,0.11186903137789904,0.47346938775510206,0.7683197640294133,0.9764959542586396
22496394.txt,0.3443072702331962,0.5226960110041265,0.3991769547325103,0.7775448084518571,0.9686517445843756
22506245.txt,0.40264650283553877,0.04174573055028463,0.499054820415879,1.2656552947381476,0.9802697279572095
22560013.txt,0.3804347826086957,0.10354223433242507,0.4388586956521739,0.8487499768153912,0.9729778444454122
22561438.txt,0.5058365758754864,0.10196078431372549,0.6186770428015564,1.0298783505089755,0.9917265719777498
22571461.txt,0.40266222961730447,0.05843071786310518,0.480865224625624,1.06023683348473,0.9814468152071585
22593054.txt,0.5077951002227171,0.0447427293064877,0.6191536748329621,1.2561247216035636,0.9349353154802997
22605864.txt,0.30116959064327486,0.115234375,0.3654970760233918,0.5529618917987275,0.98423660836723
22615491.txt,0.5326633165829145,0.17766497461928935,0.6381909547738693,0.6136622845340991,0.9467455621301776
22622351.txt,0.40212443095599393,0.0471841704718417,0.5022761760242792,0.5683550765454028,0.978402603680463
22632070.txt,0.3951219512195122,0.18137254901960784,0.48292682926829267,0.8285128326621409,0.9671099220513013
22706174.txt,0.34502923976608185,0.06744868035190615,0.4195906432748538,1.116626158142412,0.963793454032551
22718826.txt,0.4557522123893805,0.08875739644970414,0.5309734513274337,1.1000587847705106,0.980149442229976
22754014.txt,0.3771186440677966,0.06232294617563739,0.4604519774011299,0.7736974986598281,0.970997908929842
22776912.txt,0.3525423728813559,0.09168081494057725,0.4186440677966102,1.6574438681881751,0.9579077406594247
22848179.txt,0.4207920792079208,0.076158940397351,0.4933993399339934,0.8065602676723438,0.9857915198439325
22861181.txt,0.40871021775544386,0.08067226890756303,0.5209380234505863,0.9762062284313493,0.9600963326574078
22894544.txt,0.3458856345885635,0.46013986013986014,0.4435146443514644,0.6212675312608331,0.9330478591027294
22946204.txt,0.4675862068965517,0.024896265560165973,0.5172413793103449,1.1833698151339198,0.945278790421692
22965804.txt,0.49504950495049505,0.04040404040404041,0.6435643564356436,0.9848076429030409,0.9743275888921517
22990761.txt,0.3609022556390977,0.4723618090452261,0.42606516290726815,0.9958897606788617,0.9627242532648227
23004695.txt,0.3541341653666147,0.405320813771518,0.42277691107644305,1.0050571389135374,0.9850541815655779
23009962.txt,0.3770739064856712,0.07564296520423601,0.46153846153846156,0.664179710044879,0.9359257969408967
23015611.txt,0.4032059186189889,0.08034610630407911,0.48212083847102344,0.7992820918083343,0.9887876863186844
23032276.txt,0.29404309252217997,0.34581218274111675,0.3472750316856781,0.6168273457382666,0.971175217138783
23048999.txt,0.40589198036006546,0.08032786885245902,0.5032679738562091,1.094993775897189,0.9793619335014815
23139819.txt,0.3669833729216152,0.04523809523809524,0.43705463182897863,1.042929720832465,0.9741113298314682
23143731.txt,0.386013986013986,0.12342215988779803,0.45734265734265733,0.7277629926471424,0.9492895566203834
23190306.txt,0.38571428571428573,0.08121019108280254,0.4666666666666667,0.8200777234673996,0.9698635402796993
23234047.txt,0.43776824034334766,0.04591104734576758,0.4907010014306152,0.8059671331833029,0.9729535707571566
23246831.txt,0.39092240117130306,0.08516886930983847,0.4890190336749634,0.5411292415708708,0.9666932993144641
23354541.txt,0.41796875,0.1732283464566929,0.48046875,1.1846684477332414,0.9710812939312302
23396633.txt,0.3853932584269663,0.10247747747747747,0.45280898876404496,1.0498234330286247,0.9779325651663333
23398843.txt,0.3625,0.40282131661442006,0.4171875,1.2128178445353768,0.9557981634607737
23408537.txt,0.47244094488188976,0.06003159557661927,0.5574803149606299,1.266498108064866,0.966318417075126
23416654.txt,0.4131994261119082,0.13525179856115108,0.48493543758967,1.0879462467719907,0.9676588431743675
23427369.txt,0.42362204724409447,0.06951026856240126,0.5133858267716536,0.7113740164192233,0.9282959135715031
23438112.txt,0.40327868852459015,0.11019736842105263,0.4721311475409836,0.6913950055210196,0.9665804502931556
23464505.txt,0.5223529411764706,0.0425531914893617,0.5835294117647059,1.3523859572925303,0.9682156682379935
23477199.txt,0.2437070938215103,0.7522935779816514,0.2723112128146453,2.4093473548801247,0.9571624805277139
23497307.txt,0.23875432525951557,0.8219653179190751,0.2837370242214533,0.6648763325914441,0.9658993994523254
23510685.txt,0.37844611528822053,0.059045226130653265,0.43859649122807015,1.146531573797558,0.9748649478741344
23522150.txt,0.46614173228346456,0.13428120063191154,0.5464566929133858,0.7541754406893455,0.9489928002580948
23527321.txt,0.3394736842105263,0.1662269129287599,0.4026315789473684,0.4671123053583309,0.9948387308187144
23573064.txt,0.38493150684931504,0.08241758241758242,0.4465753424657534,1.3082335221188806,0.9377394490189465
23617240.txt,0.33407572383073497,0.14869888475836432,0.3994060876020787,0.9701267065343021,0.9838106973824408
23628651.txt,0.38405797101449274,0.20348837209302326,0.4608695652173913,0.7527212312389441,0.9653106491456785
23734441.txt,0.3374536464771323,0.06939281288723669,0.4363411619283066,1.4502079678005872,0.9595975012476718
23760084.txt,0.3391188251001335,0.3373493975903614,0.40053404539385845,0.6080220834668296,0.9589824116277262
23771896.txt,0.386013986013986,0.11640953716690042,0.49230769230769234,0.8363293523001344,0.9893396671732733
23782450.txt,0.39511494252873564,0.33861671469740634,0.4755747126436782,0.6812710489641938,0.9846086548071016
23804341.txt,0.425569176882662,0.09490333919156414,0.5061295971978984,2.749159525959828,0.9518553987349995
23807940.txt,0.3275686673448627,0.16819571865443425,0.37639877924720244,0.849430841397432,0.9532866299396984
23814777.txt,0.4865293185419968,0.1589825119236884,0.5388272583201268,0.7222127566338891,0.9839244182059415
23864648.txt,0.45066666666666666,0.03346720214190094,0.5393858477970628,0.5941237755184146,0.9897461955651471
23918545.txt,0.42296918767507,0.10252808988764045,0.5,1.2770572412694825,0.9670770786765506
23933031.txt,0.3452958292919496,0.061224489795918366,0.4238603297769156,1.330958272525241,0.9211202211647969
23951429.txt,0.6072727272727273,0.04395604395604396,0.72,1.0216486433276477,0.9737497954738622
23955183.txt,0.43448275862068964,0.1592797783933518,0.5082872928176796,0.6183277248132795,0.9914719838964509
24001783.txt,0.4228855721393035,0.16638935108153077,0.4925373134328358,0.6919907394984143,0.9964087375304261
24020470.txt,0.39963503649635035,0.10877513711151737,0.4771897810218978,0.6493247473585969,0.953356254251817
24038620.txt,0.3129855715871254,0.09121245828698554,0.3895671476137625,0.544125499911921,0.9339097371645052
24103168.txt,0.42615384615384616,0.06944444444444445,0.5015384615384615,0.47954015388654203,0.9843951654419898
24219583.txt,0.408955223880597,0.16467065868263472,0.49850746268656715,0.7323712611556576,0.9823048576399995
24221960.txt,0.5031055900621118,0.07484407484407485,0.5859213250517599,0.7500870509624136,0.984947230455904
24285142.txt,0.42409638554216866,0.15579710144927536,0.4734939759036145,1.1808514880310044,0.9214511426170977
24322804.txt,0.33689839572192515,0.064343163538874,0.4318181818181818,0.5148878072822336,0.9139214194759998
24349611.txt,0.3862229102167183,0.11085271317829458,0.4481424148606811,1.0086861695673592,0.9771559172264314
24361598.txt,0.25806451612903225,0.8620689655172413,0.3139784946236559,1.2422298466705481,0.9867534020595664
24402267.txt,0.4112271540469974,0.049738219895287955,0.4804177545691906,1.3230720451973055,0.9847179441613794
24410405.txt,0.4237536656891496,0.09558823529411764,0.49560117302052786,1.584716347405308,0.9513417177238735
24412546.txt,0.23466666666666666,0.44434550311665183,0.29333333333333333,1.0190293068074086,0.9783331128939005
24416961.txt,0.31402085747392816,0.13588850174216027,0.3765932792584009,0.9492630344795664,0.9814832669557728
24455357.txt,0.3974358974358974,0.18382352941176472,0.48717948717948717,0.7677630421740568,0.9833009865542696
24516163.txt,0.3969465648854962,0.07656967840735068,0.47938931297709925,0.7637539354886114,0.9616339004176019
24530382.txt,0.34509371554575524,0.09502762430939227,0.41675854465270123,1.4457585623896734,0.9785378068363254
24548333.txt,0.41491085899513774,0.07967479674796749,0.5056726094003241,0.9284871977687065,0.9404585505738821
24550866.txt,0.4305343511450382,0.24539877300613497,0.5015290519877675,1.0232780695506063,0.9725967088648324
24574164.txt,0.3409090909090909,0.06,0.4228650137741047,0.5740528131525205,0.9635191476829981
24580361.txt,0.5854700854700855,0.08189655172413793,0.6752136752136753,0.9935220902331766,0.9751060173860049
24588864.txt,0.2599171107164002,0.38292827504445764,0.32267613972764947,1.6637047085066288,0.9728649818264836
24589765.txt,0.36437718277066355,0.176196032672112,0.42956926658905703,0.8281158338206066,0.974292443422705
24590489.txt,0.358600583090379,0.03213242453748783,0.47230320699708456,0.5714285714285714,0.9740714237098417
24592627.txt,0.319935691318328,0.15806451612903225,0.4003215434083601,0.783921127023504,0.9788748042056578
24610685.txt,0.4233206590621039,0.19695044472681067,0.4917617237008872,1.058291618778924,0.9796872558895396
24611721.txt,0.4181523500810373,0.061788617886178863,0.5072933549432739,0.9592569120600606,0.978648869876797
24647386.txt,0.3036649214659686,0.09233997901364113,0.3769633507853403,0.5179191442602618,0.9226990261721154
24647794.txt,0.39164086687306504,0.029503105590062112,0.4473684210526316,0.79592480940084,0.9784406459141896
24670867.txt,0.3192923336141533,0.11223628691983123,0.392586352148273,0.8916677332365477,0.9602187391649345
24677466.txt,0.37466666666666665,0.10026737967914438,0.43466666666666665,1.6717568492346497,0.9875096368809941
24679149.txt,0.3930131004366812,0.08029197080291971,0.4556040756914119,0.9208300419802111,0.9396394463029413
24703009.txt,0.3926767676767677,0.13164556962025317,0.48863636363636365,0.6865147902652722,0.9808572680590408
24703983.txt,0.38321167883211676,0.22058823529411764,0.4416058394160584,0.7078159560491495,0.9914447909170865
24708621.txt,0.4306418219461698,0.016632016632016633,0.5217391304347826,0.7406393801330269,0.9852549896061781
24727739.txt,0.36685082872928176,0.046511627906976744,0.44972375690607735,1.064642834836617,0.9697405013956925
24740005.txt,0.28886554621848737,0.7863157894736842,0.3403361344537815,0.9966431170808633,0.9664445395730323
24763208.txt,0.27332361516034986,0.2875912408759124,0.34475218658892126,0.6142254290373281,0.9539305692097605
24770846.txt,0.4117647058823529,0.07383966244725738,0.5315126050420168,0.6860796286821764,0.970787016681603
24799301.txt,0.43410852713178294,0.4645669291338583,0.49612403100775193,0.5269037354408196,0.9881517071477668
24817041.txt,0.5443037974683544,0.15319148936170213,0.6160337552742616,1.4415653650225415,0.9503137115149944
24828381.txt,0.37772397094430993,0.1104368932038835,0.4467312348668281,1.0236449497064788,0.979629904808763
24833063.txt,0.31601423487544483,0.06058446186742694,0.38149466192170817,1.3876817400008883,0.9680610476953077
24854026.txt,0.44819277108433736,0.03631961259079903,0.5132530120481927,1.0138048119687635,0.992029429390643
24889109.txt,0.4614065180102916,0.04647160068846816,0.5145797598627787,1.5928636170060702,0.9807053117833592
24905947.txt,0.4509493670886076,0.07936507936507936,0.5474683544303798,0.8890047123908211,0.9826641584377352
24913648.txt,0.38122171945701355,0.0691609977324263,0.46153846153846156,1.0833294615268176,0.9471788723253485
24964303.txt,0.35302806499261447,0.2518518518518518,0.42097488921713444,0.687928987985244,0.9526224817980636
24967652.txt,0.35413153456998314,0.055790363482671176,0.43544303797468353,0.6997642467230692,0.9577013558683186
24977396.txt,0.4216589861751152,0.042725173210161664,0.5264976958525346,0.5597590741234478,0.9821538784895846
24989856.txt,0.392914653784219,0.1423948220064725,0.4774193548387097,1.0870584850153706,0.8958272575139483
24994145.txt,0.5075593952483801,0.03253796095444685,0.593952483801296,1.759665899746395,0.9925930357906343
25023614.txt,0.38516405135520687,0.06876790830945559,0.4928571428571429,0.6553726755053633,0.9467445096275863
25038571.txt,0.26495726495726496,0.5514285714285714,0.33475783475783477,0.7025548343221231,0.9801484281084059
25047127.txt,0.5081585081585082,0.20608899297423888,0.578088578088578,0.5681558179455432,0.9738898112851302
25061645.txt,0.45614035087719296,0.07647058823529412,0.5350877192982456,0.9169390487929663,0.966771299316741
25067742.txt,0.4481707317073171,0.34355828220858897,0.5213414634146342,0.9634164895367698,0.982266160442788
25080805.txt,0.29174664107485604,0.34423076923076923,0.3474088291746641,0.8386122513652482,0.9657928586951602
25098739.txt,0.49523809523809526,0.057692307692307696,0.6285714285714286,0.3978684703867488,0.9412520329546669
25150191.txt,0.43093093093093093,0.12951807228915663,0.509009009009009,0.750436694601279,0.9877466565278182
25157655.txt,0.5555555555555556,0.04741379310344827,0.6410256410256411,0.6148273464811953,0.9337744844483057
25187733.txt,0.25508196721311477,0.3466841759684833,0.31344262295081965,1.3749356480367283,0.9749924992939278
25258040.txt,0.3511166253101737,0.06965174129353234,0.43672456575682383,0.9286004487679852,0.9685179375343091
25315791.txt,0.42538975501113585,0.1029082774049217,0.5300668151447662,0.6870773378935695,0.9665771754610195
25328428.txt,0.39972714870395637,0.07797537619699042,0.49386084583901774,0.999514354879449,0.9284946403122615
25370801.txt,0.3910891089108911,0.555,0.47029702970297027,0.3682216687453289,0.8728306308000734
25397102.txt,0.5268065268065268,0.0234192037470726,0.6130536130536131,1.8043712231689646,0.991027222977947
25422388.txt,0.29654255319148937,0.528,0.3470744680851064,0.8016836055351787,0.9748729450726371
25425322.txt,0.34107708553326294,0.182010582010582,0.3991552270327349,0.8325058087574686,0.966667544085012
25482567.txt,0.39425587467362927,0.10236220472440945,0.4804177545691906,0.8257593669663138,0.9638612834493145
25525152.txt,0.5422077922077922,0.08823529411764706,0.6168831168831169,0.5244275883594023,0.9674921892435062
25543217.txt,0.4536784741144414,0.10641200545702592,0.5251700680272109,1.0616509494797761,0.9752821278285144
25547145.txt,0.3639380530973451,0.02993348115299335,0.4502212389380531,0.9841869194450988,0.9653336047390045
25561640.txt,0.3701492537313433,0.26047904191616766,0.4462686567164179,0.6390523177178646,0.9751909396480989
25608963.txt,0.4166666666666667,0.05036855036855037,0.5098039215686274,1.3846867097778501,0.9590760888568381
25624652.txt,0.37821482602118,0.20182094081942337,0.45537065052950076,1.329556182022998,0.944486278244844
25656981.txt,0.45606060606060606,0.03951367781155015,0.5272727272727272,0.6968514476898177,0.9661505529839954
25678238.txt,0.31141868512110726,0.2092485549132948,0.3633217993079585,0.8616034412019552,0.966136528680522
25694422.txt,0.3978328173374613,0.07298136645962733,0.4907120743034056,0.7496844341753514,0.9795521351598919
25718772.txt,0.5109375,0.03453689167974882,0.5915492957746479,0.887324219666378,0.9737319793859306
25723793.txt,0.43206106870229005,0.11332312404287902,0.5129770992366413,0.7131856847083441,0.9185021156252843
25780596.txt,0.3418803418803419,0.0728051391862955,0.41773504273504275,1.0009672343984346,0.9774488406134545
25810233.txt,0.3367952522255193,0.40327380952380953,0.3827893175074184,1.0574335653862525,0.9921257753574012
25813953.txt,0.47619047619047616,0.041304347826086954,0.5476190476190477,0.6979686159691036,0.9680856586653166
25824789.txt,0.3787638668779715,0.1573926868044515,0.4358161648177496,1.0184329245521262,0.979248354114927
25834360.txt,0.362406015037594,0.19184290030211482,0.45180722891566266,0.857457384027055,0.9835583695385585
25846894.txt,0.3644859813084112,0.09103078982597054,0.43391188251001334,1.1254369020139265,0.9932348647762979
25862026.txt,0.35714285714285715,0.060810810810810814,0.4353099730458221,0.7020939255521979,0.9799054711029678
25919149.txt,0.4735973597359736,0.06291390728476821,0.5627062706270627,1.6098942199755533,0.9653791978044646
25923361.txt,0.3258306538049303,0.3518716577540107,0.3852721451440768,0.7243590093725865,0.955402316898625
25949631.txt,0.4209891435464415,0.04232164449818621,0.49215922798552475,0.4250105227757359,0.9793632706666634
25953797.txt,0.5316455696202531,0.01282051282051282,0.6392405063291139,0.739086907176697,0.9547480622505629
25959103.txt,0.33677991137370755,0.2740740740740741,0.39586410635155095,0.7430441543687454,0.9788500602220607
25974844.txt,0.39313572542901715,0.10641627543035993,0.46177847113884557,0.9271136916457909,0.9311719129255849
25990239.txt,0.35429447852760737,0.08,0.4401840490797546,1.445132171719795,0.9873068237678105
26013403.txt,0.41127922971114167,0.10344827586206896,0.4759284731774415,0.8926068229350616,0.950340030412933
26091595.txt,0.3380281690140845,0.2062146892655367,0.39436619718309857,1.4361028251739698,0.9763467561968522
26127853.txt,0.38658428949691087,0.1290893015030946,0.4492497793468667,1.0397391046069566,0.9926505802766314
26160200.txt,0.3316892725030826,0.48331273176761436,0.3834771886559803,0.8298999724054694,0.9751787704262489
26189601.txt,0.42857142857142855,0.1301859799713877,0.5078459343794579,0.6765870070309308,0.9744953114080909
26231609.txt,0.37589670014347204,0.06474820143884892,0.460545193687231,0.5989294412755307,0.9740723004647548
26234972.txt,0.2902519167579409,0.6597145993413831,0.33187294633077763,1.481574722597158,0.9509672429258216
26279402.txt,0.4358047016274864,0.09074410163339383,0.5244122965641953,0.7833387073873309,0.9469418440095051
26291616.txt,0.35935397039030953,0.0728744939271255,0.41722745625841184,1.1216314082792698,0.9923790059954645
26341645.txt,0.33472803347280333,0.129979035639413,0.4215481171548117,0.8077883678973192,0.9825056284474901
26410763.txt,0.518918918918919,0.13043478260869565,0.6081081081081081,0.6635248399556614,0.979436191763232
26425074.txt,0.40684931506849314,0.14285714285714285,0.4917808219178082,0.8863050750488917,0.9799614790354204
26456474.txt,0.3245227606461087,0.4270986745213549,0.37738619676945667,1.129009807077095,0.920438899235315
26456899.txt,0.42276422764227645,0.0864600326264274,0.48292682926829267,1.8464162992622142,0.9938308436152051
26459032.txt,0.42410714285714285,0.04626865671641791,0.49404761904761907,0.7234002737039141,0.9816273874080562
26503829.txt,0.29683698296836986,0.41585365853658535,0.3613138686131387,0.6305394186580076,0.9680655506384819
26530575.txt,0.37407711238720265,0.03451109285127362,0.44626743232157506,0.9958837893728546,0.9900154547192304
26530696.txt,0.4185692541856925,0.15572519083969466,0.5083713850837138,0.7792983134467145,0.9692702594508746
26579709.txt,0.42082738944365194,0.10300429184549356,0.4992867332382311,0.677927760020713,0.9806165024705346
26581830.txt,0.4576547231270358,0.06862745098039216,0.5488599348534202,0.7245796367780578,0.9378875815699086
26585242.txt,0.38387096774193546,0.11974110032362459,0.45806451612903226,0.9841985176601376,0.9886822126215961
26676567.txt,0.31786833855799373,0.10238693467336683,0.4065244667503137,0.8436536044055284,0.9520343398683098
26718039.txt,0.45652173913043476,0.08791208791208792,0.5597826086956522,1.0251662574370675,0.968867001095984
26767199.txt,0.41127922971114167,0.08551724137931034,0.4759284731774415,0.6754663355133842,0.9691404210389472
26768723.txt,0.3849624060150376,0.18401206636500755,0.45413533834586467,1.287074863795582,0.9920474172907868
26790545.txt,0.43221476510067114,0.02826379542395693,0.5302013422818792,0.805794659746254,0.9710436777304112
26801767.txt,0.38278688524590165,0.042692939244663386,0.45081967213114754,1.162534779370346,0.9816218690002105
26896699.txt,0.3893376413570275,0.1280388978930308,0.47495961227786754,0.825189112818586,0.9770442721866075
26908066.txt,0.43140495867768597,0.026533996683250415,0.5206611570247934,0.7017325011193553,0.9842520705618227
26932091.txt,0.3477064220183486,0.09926470588235294,0.44678899082568807,1.2996923540045262,0.9650280687496864
26958533.txt,0.43902439024390244,0.07339449541284404,0.5,0.6547162220003311,0.9862473460857885
26961846.txt,0.31739572736520855,0.09174311926605505,0.40183112919633773,0.7177557894026473,0.9803850239191413
26987539.txt,0.3402625820568928,0.08333333333333333,0.41575492341356673,0.6636263422384515,0.9860918293437493
26994282.txt,0.44984802431610943,0.01524390243902439,0.5364741641337386,0.9972643051934225,0.9560079294186021
27018361.txt,0.37660668380462725,0.15335051546391754,0.47429305912596403,1.025926316757633,0.9590754817582172
27024099.txt,0.4032,0.27608346709470305,0.4736,0.6118146585940779,0.9507627069924043
27040860.txt,0.4785714285714286,0.10526315789473684,0.569047619047619,0.8021513024474501,0.9990088023788892
27058381.txt,0.3001285347043702,0.1492921492921493,0.38303341902313626,1.1905248875962502,0.9837511294647556
27066370.txt,0.37193763919821826,0.1185682326621924,0.46325167037861914,0.5676191912953844,0.9777006094933155
27091280.txt,0.3028523489932886,0.06134453781512605,0.40184563758389263,0.5405118615250264,0.9433102731331536
27096796.txt,0.3894736842105263,0.22340425531914893,0.4631578947368421,1.2172297233661293,0.9096564765196236
27120528.txt,0.4155672823218997,0.07275132275132275,0.5013192612137203,1.1773065614324332,0.9806924271642888
27139412.txt,0.4820936639118457,0.0221606648199446,0.581267217630854,1.3006582991589546,0.9818372164365156
27176039.txt,0.38365650969529086,0.12916666666666668,0.45013850415512463,0.5907880084379907,0.9794235258506329
27187994.txt,0.55,0.05063291139240506,0.7125,0.785294530733533,0.9686954803017243
27213082.txt,0.37660668380462725,0.05154639175257732,0.46272493573264784,0.8778938439096367,0.9673037666798389
27233183.txt,0.5286458333333334,0.1099476439790576,0.6171875,0.7534950804813021,0.9679177803489841
27243670.txt,0.3145800316957211,0.08015873015873017,0.39857369255150554,0.7337379401950598,0.9788704860356529
27330027.txt,0.4117647058823529,0.06557377049180328,0.45751633986928103,0.7406771177890923,0.9822096671513929
27375577.txt,0.4014423076923077,0.08674698795180723,0.484375,0.7219868764185251,0.9949262175534551
27485716.txt,0.4052197802197802,0.09090909090909091,0.47527472527472525,1.0403175460148266,0.9748652315792177
27496514.txt,0.4181523500810373,0.18536585365853658,0.5040518638573744,0.7991257085106298,0.9457353712147702
27497542.txt,0.4945652173913043,0.07103825136612021,0.592391304347826,0.5538247478855658,0.9634369005699664
27512470.txt,0.4309623430962343,0.15384615384615385,0.5104602510460251,0.9719002292912086,0.9723347821198769
27524018.txt,0.3375,0.31302170283806346,0.4075,0.7092063378380298,0.971379435947998
27573855.txt,0.3640500568828214,0.06271379703534778,0.4402730375426621,0.826027981868196,0.9906490997007827
27637576.txt,0.2874564459930314,0.3106457242582897,0.34668989547038326,0.8787875679811376,0.969093985352883
27662298.txt,0.2862644415917843,0.6048906048906049,0.33504492939666236,0.7676409597468965,0.9615299524778477
27689009.txt,0.3895522388059702,0.11492537313432835,0.47470238095238093,1.034041576778849,0.9494515249237717
27694040.txt,0.48,0.13709677419354838,0.552,0.6641774133193905,0.9654438823818416
27715131.txt,0.37926509186351703,0.13289473684210526,0.4645669291338583,0.7606886073120293,0.9651787512896074
27756469.txt,0.44244105409153955,0.05702364394993046,0.5187239944521498,0.579100802609755,0.9743560888645388
27770859.txt,0.4324693042291951,0.09726027397260274,0.5095628415300546,0.7296084141232443,0.9898878588070541
27788376.txt,0.5723684210526315,0.039735099337748346,0.6710526315789473,0.6350568229375189,0.9943415119885811
27789372.txt,0.4957983193277311,0.00847457627118644,0.5798319327731093,1.2193541708999196,0.9984053059682219
27796199.txt,0.367170626349892,0.1279826464208243,0.46436285097192226,1.23127731683986,0.9954877409230614
27820360.txt,0.30778032036613273,0.518348623853211,0.35812356979405036,0.5731443626746936,0.9479108098288668
27831220.txt,0.3868954758190328,0.2222222222222222,0.43993759750390016,0.45675458789406254,0.9837432038795669
27835351.txt,0.4426229508196721,0.10619469026548672,0.5081967213114754,0.7761461075479892,0.9421234452216732
27847081.txt,0.45234899328859063,0.024226110363391656,0.5436241610738255,1.2977195529354189,0.9730156921452084
27850777.txt,0.42247191011235957,0.0990990990990991,0.5191011235955056,0.7233336967045599,0.9582858258247684
27884470.txt,0.3348467650397276,0.36860068259385664,0.38819523269012485,0.8728795005920496,0.9793692538783761
27888251.txt,0.39365079365079364,0.06528662420382166,0.49047619047619045,0.8350556913540769,0.9655115666473242
27914096.txt,0.40107671601615075,0.03643724696356275,0.48855989232839836,1.2679261339701244,0.9875975909479925
27921561.txt,0.40040650406504064,0.034623217922606926,0.483739837398374,0.7535173350023113,0.9698739914870832
27936502.txt,0.3800205973223481,0.04540763673890609,0.46755921730175076,0.9448804814298077,0.9852113633994152
27937592.txt,0.38388625592417064,0.0491283676703645,0.46129541864139023,0.5824859930216131,0.9833817877454264
27981289.txt,0.35589941972920697,0.09514563106796116,0.4584139264990329,0.8347894474969237,0.9654018419927699
28051330.txt,0.3723577235772358,0.5008156606851549,0.43902439024390244,0.7857596346531979,0.9885241088130637
28078163.txt,0.40071343638525564,0.06555423122765197,0.45659928656361476,0.7956254168954161,0.9852708436314201
28086303.txt,0.4192377495462795,0.1092896174863388,0.5117967332123412,0.858351724679315,0.9505035441352446
28092317.txt,0.5232974910394266,0.02888086642599278,0.6200716845878136,0.666103984609739,0.962528325294852
28109594.txt,0.4246737841043891,0.059453032104637336,0.5029655990510083,0.862103346285823,0.9802458692913961
28111403.txt,0.34498620055197793,0.09861751152073733,0.43146274149034036,0.6563612244662672,0.9522866002445992
28126340.txt,0.3243683781581092,0.054693877551020405,0.40668296658516706,0.7605489542917363,0.9573060881224374
28139742.txt,0.3514056224899598,0.07243460764587525,0.4206827309236948,0.7311833272922025,0.9762378075266468
28172023.txt,0.6308724832214765,0.04054054054054054,0.7214765100671141,0.0,1.0
28176889.txt,0.5076530612244898,0.035897435897435895,0.5841836734693877,0.6244347714854342,0.9804663021422123
28186635.txt,0.4297385620915033,0.08360655737704918,0.511437908496732,0.8371037148126168,0.9648122295859716
28198029.txt,0.5618556701030928,0.140625,0.6237113402061856,1.241211235283358,0.9497893685425968
28230807.txt,0.27060133630289535,0.38504464285714285,0.3195991091314031,0.5900144307927145,0.9699810172845554
28243590.txt,0.4781144781144781,0.03389830508474576,0.5488215488215489,0.6362860098582773,0.9770034462607251
28247753.txt,0.4469328140214216,0.04975609756097561,0.5150925024342746,0.9568873841045029,0.979917276154119
28290448.txt,0.3273542600896861,0.26504941599281223,0.3865470852017937,1.1787061695331302,0.9742732820824292
28320387.txt,0.44855305466237944,0.054838709677419356,0.5305466237942122,0.6583599650319705,0.9730895269049199
28321954.txt,0.4283746556473829,0.05939226519337017,0.5151515151515151,0.7957064107000981,0.9775958708102165
28396458.txt,0.3299908842297174,0.21624087591240876,0.4089253187613843,1.1930816716083792,0.9731735444534466
28398216.txt,0.3964110929853181,0.088379705400982,0.46818923327895595,1.0636071466916002,0.9689477221230529
28419927.txt,0.468562874251497,0.04954954954954955,0.5389221556886228,0.560130180301013,0.9102361380863172
28424982.txt,0.3540740740740741,0.24071322436849926,0.4222222222222222,0.6346374693609161,0.9695134917260592
28522529.txt,0.3711615487316422,0.08299866131191433,0.4205607476635514,1.1060532068775337,0.9735463839176126
28609364.txt,0.39274924471299094,0.09848484848484848,0.472809667673716,0.8993333223701562,0.9373493360253429
28614791.txt,0.4077201447527141,0.11124546553808948,0.49939686369119424,1.1195164209976785,0.9672358384624904
28623782.txt,0.3963782696177062,0.06048387096774194,0.4647887323943662,0.998227953832559,0.9845879533357441
28629430.txt,0.36553030303030304,0.03984819734345351,0.4365530303030303,0.7435300086134234,0.9845135741762923
28631840.txt,0.46417445482866043,0.028125,0.5623052959501558,0.5384699586591674,0.9601749709181813
28635795.txt,0.40587449933244324,0.11244979919678715,0.49132176234979974,0.7869667589179529,0.9683711888292281
28640735.txt,0.3101145038167939,0.08986615678776291,0.3788167938931298,0.9220432758991934,0.9689258980188759
28663949.txt,0.4431818181818182,0.11450381679389313,0.553030303030303,0.72693594896003,0.9681933361068037
28669770.txt,0.37290322580645163,0.03492884864165589,0.472258064516129,1.200503291653844,0.9696319279619848
28672970.txt,0.3345679012345679,0.03712871287128713,0.40987654320987654,1.098442058512095,0.9702137228393322
28679359.txt,0.3327433628318584,0.06205673758865248,0.4097345132743363,1.4496346553258317,0.9549528825789174
28711616.txt,0.40098199672667756,0.16912972085385877,0.46317512274959083,1.161403259164016,0.9765609474792402
28724469.txt,0.3961840628507295,0.09448818897637795,0.48035914702581367,0.7317701527661317,0.964907498100627
28758002.txt,0.4220314735336195,0.09612625538020086,0.49642346208869814,0.8224239400486162,0.9945146440553111
28790806.txt,0.3221476510067114,0.1491031390134529,0.3982102908277405,0.6737433054593681,0.9699901171540174
28803888.txt,0.35516372795969775,0.15404040404040403,0.4105793450881612,0.743282015992625,0.9829704401945764
28828844.txt,0.32673267326732675,0.1141439205955335,0.3948019801980198,1.7663520451924837,0.9776967077467994
28831442.txt,0.28462192013593884,0.37957446808510636,0.3678844519966015,0.8988848566664298,0.9364255522676364
28862054.txt,0.3410922112802149,0.2825112107623318,0.42166517457475383,1.8487513749161242,0.9464421761112188
28867567.txt,0.44060773480662985,0.027700831024930747,0.511049723756906,0.681214342099434,0.9154574059042375
28871170.txt,0.33706293706293705,0.33660589060308554,0.4041958041958042,1.078221705984666,0.9855106527822849
28895997.txt,0.4375,0.23622047244094488,0.51171875,0.47969004478152344,0.9715641625313234
28897981.txt,0.4092485549132948,0.08458864426419467,0.48786127167630056,0.7661477363826189,0.9428624403858128
28916894.txt,0.35545556805399325,0.07328072153325817,0.41732283464566927,1.1879071859394912,0.9668843230155677
28923650.txt,0.44026845637583895,0.10363391655450875,0.5288590604026846,0.810440573986799,0.9645766266209079
28942221.txt,0.4611801242236025,0.07476635514018691,0.531055900621118,1.1241447037568344,0.9852862152589363
28949406.txt,0.32886723507917176,0.5128205128205128,0.3995127892813642,0.7827291529711757,0.9879724019585581
28975482.txt,0.37727910238429174,0.17440225035161744,0.44039270687237025,1.211545076956784,0.9683517034524923
28998957.txt,0.4416365824308063,0.039806996381182146,0.529482551143201,0.8824513681603483,0.9759751816800879
29014805.txt,0.4099099099099099,0.1588447653429603,0.4711711711711712,0.9846526308344982,0.9709558446781534
29028935.txt,0.39323220536756126,0.07251461988304093,0.4807467911318553,1.7843212121746412,0.963733477927185
29050809.txt,0.3292999135695765,0.07705627705627706,0.4070872947277442,1.1295145422161184,0.9814270928881857
29051656.txt,0.3314977973568282,0.17218543046357615,0.3865638766519824,0.6726742143758788,0.9826929691807674
29072179.txt,0.3902147971360382,0.12679425837320574,0.46539379474940334,1.4333218975455007,0.9851654302665505
29076405.txt,0.32356134636264927,0.43743199129488575,0.3941368078175896,0.6564572230359894,0.9731092361436915
29087505.txt,0.3257287705956908,0.061068702290076333,0.44289340101522845,0.48312904119566186,0.9466628924837579
29093426.txt,0.23464711274060496,0.8539944903581267,0.26672777268560954,0.7105653316742928,0.973109334772827
29161565.txt,0.4408866995073892,0.09405940594059406,0.5172413793103449,1.0357330781688872,0.9501530239612817
29165698.txt,0.4809384164222874,0.04129793510324484,0.5865102639296188,0.3943109420412073,0.9283443421974804
29184740.txt,0.5314685314685315,0.01873536299765808,0.6433566433566433,0.9673960171702549,0.989576143128431
29193505.txt,0.45,0.16165413533834586,0.535,0.607840718431277,0.9747316243806249
29211359.txt,0.41568627450980394,0.10747051114023591,0.4849673202614379,0.7670615858199947,0.9708672180810812
29211919.txt,0.4899328859060403,0.0853932584269663,0.5883668903803132,0.6929985735943059,0.968376445325553
29267293.txt,0.352,0.46380697050938335,0.41333333333333333,0.6245969994842322,0.9858911781437737
29306433.txt,0.4369885433715221,0.022988505747126436,0.5171849427168577,0.6840834429609941,0.9834510471290502
29319314.txt,0.4504065040650406,0.09624796084828711,0.5300813008130081,0.8132391886494658,0.9713562161114772
29332616.txt,0.4045261669024045,0.1773049645390071,0.48656294200848654,0.5904902796629329,0.9710578542676562
29425788.txt,0.366369710467706,0.17522321428571427,0.4153674832962138,1.7205564758231555,0.9826632099372936
29483501.txt,0.34946236559139787,0.09029649595687332,0.41263440860215056,1.3305257592008999,0.9468739640245367
29486525.txt,0.23823975720789076,0.7427701674277016,0.27921092564491656,0.47465455150589614,0.9670406438284773
29494962.txt,0.43843843843843844,0.08283132530120482,0.5105105105105106,0.9214975400264688,0.9661951482254629
29510501.txt,0.3824959481361426,0.4796747967479675,0.44246353322528365,0.7820443030449796,0.9738322013464399
29521434.txt,0.5940959409594095,0.06691449814126393,0.6789667896678967,0.9939556874253795,0.9748076290424422
29524570.txt,0.43243243243243246,0.018072289156626505,0.4894894894894895,0.9528015290062245,0.9767099421727456
29525715.txt,0.3705440900562852,0.05357142857142857,0.43902439024390244,1.7465576896044654,0.9779016834790794
29534737.txt,0.41424418604651164,0.1661807580174927,0.4898255813953488,0.5738196727662115,0.969257236046171
29552167.txt,0.36617405582922824,0.09555189456342669,0.47619047619047616,0.7335296521394851,0.9123947622065758
29564653.txt,0.3434190620272315,0.14871016691957512,0.40998487140695916,1.4057740514592059,0.9934871718118352
29595906.txt,0.5581395348837209,0.09411764705882353,0.6686046511627907,0.8010448574893378,0.9749471292357008
29612672.txt,0.3867334167709637,0.21831869510664995,0.47434292866082606,0.6143416850280662,0.9799909589487328
29647215.txt,0.32264150943396225,0.16540642722117202,0.389622641509434,1.4293971587880887,0.9856987540521129
29648950.txt,0.3274215552523875,0.07113543091655267,0.4311050477489768,0.7871646254273296,0.9226146569267967
29723311.txt,0.2531835205992509,0.8079519879969993,0.2943820224719101,0.6674017662569324,0.9482390613106801
29746235.txt,0.4748427672955975,0.07255520504731862,0.5613207547169812,0.9375796528672643,0.9764416318266522
29764492.txt,0.2291814946619217,0.8781183178902352,0.2711743772241993,1.3797349754560349,0.9701328089369772
29770086.txt,0.44431818181818183,0.10556186152099886,0.5164212910532276,0.7139089284098985,0.9589884774898682
29772450.txt,0.42643923240938164,0.14346895074946467,0.4925373134328358,0.7756165131371273,0.9802131614843466
29792535.txt,0.4107946026986507,0.0962406015037594,0.4707646176911544,0.8208442582228487,0.9868611343508913
29815762.txt,0.3383947939262473,0.08804347826086957,0.4349240780911063,0.7032446653152147,0.9734800713650156
29821051.txt,0.34249263984298334,0.25467059980334317,0.40039254170755645,1.3207074229542448,0.9852700725777693
29839396.txt,0.38152011922503726,0.44095665171898357,0.43517138599105815,1.7644425793602794,0.9912528118282407
29878348.txt,0.5783132530120482,0.06072874493927125,0.6546184738955824,0.6499141086136098,0.9491333434852378
29894080.txt,0.30087719298245613,0.19068541300527242,0.3412280701754386,1.0401804809745105,0.9924597212673861
29897742.txt,0.3944099378881988,0.1806853582554517,0.4751552795031056,0.7542059499919629,0.9457839216750238
29908929.txt,0.45403111739745405,0.04539007092198582,0.5388967468175389,0.8142936169038747,0.9726284751355766
29928796.txt,0.39473684210526316,0.06607929515418502,0.5307017543859649,0.6368582223151644,0.9328463147136308
29930479.txt,0.4539249146757679,0.1718213058419244,0.5221843003412969,1.0414143229315103,0.9875292564080083
29968330.txt,0.3534591194968553,0.09962168978562422,0.4377358490566038,0.5407391946462876,0.953526501978131
29975124.txt,0.2917737789203085,0.14175257731958762,0.3444730077120823,0.6619207907832234,0.9789130149479873
29990140.txt,0.44660194174757284,0.11557177615571776,0.5230582524271845,0.620429370994392,0.940300025274446
29992154.txt,0.3940020682523268,0.23108808290155441,0.4581178903826267,0.7077208098882883,0.9414555932724743
29999135.txt,0.1567489114658926,0.9449275362318841,0.17800289435600578,1.306513993142211,0.9198348126450642
30083943.txt,0.43546099290780144,0.12660028449502134,0.5177304964539007,1.971015195142431,0.9776989873330904
30097175.txt,0.5140495867768595,0.06135986733001658,0.5669421487603306,0.5772682825731535,0.9644642603886424
30128072.txt,0.4899598393574297,0.26720647773279355,0.5461847389558233,0.7617657195620019,0.9876226723690629
30148777.txt,0.41536273115220484,0.05420827389443652,0.5035561877667141,0.7361882455081525,0.9802246813463065
30163002.txt,0.4362745098039216,0.2081967213114754,0.5049019607843137,0.872941550562221,0.9734320509133118
30223363.txt,0.28257790368271957,0.08297872340425531,0.3590651558073654,0.9685205322064683,0.9424339276051911
30288581.txt,0.41387024608501116,0.1707865168539326,0.47874720357941836,1.2743428573718552,0.978677955835864
30311725.txt,0.37806637806637805,0.17945007235890015,0.4660894660894661,0.8722940739069261,0.956359682072356
30337969.txt,0.4386459802538787,0.1456859971711457,0.48801128349788436,1.0704475825124669,0.9313802781424863
30344127.txt,0.4244762954796031,0.03535911602209945,0.5005512679162073,1.2128291217160798,0.9870901142841902
30361788.txt,0.5,0.05017921146953405,0.608540925266904,0.7778467257791599,0.9672992400655345
30437583.txt,0.447178002894356,0.09143686502177069,0.5108538350217077,1.6889652332403111,0.9413149617668564
30529547.txt,0.5368731563421829,0.04154302670623145,0.6312684365781711,0.5186800153800695,0.9849509110917833
30563572.txt,0.35736196319018404,0.13846153846153847,0.4263803680981595,1.203842867904142,0.9842020733753306
30594821.txt,0.5192307692307693,0.03896103896103896,0.7051282051282052,0.6324054094168382,0.9072154613906971
30642458.txt,0.47167325428194995,0.095112285336856,0.5401844532279315,0.7177705799885951,0.9869657561722287
30646367.txt,0.2845528455284553,0.34225844004656575,0.3310104529616725,0.6338755240322436,0.9952865684756359
30713796.txt,0.352773826458037,0.44079885877318115,0.4011379800853485,0.7660722401682577,0.9476971729141579
30741799.txt,0.3864942528735632,0.1729106628242075,0.46551724137931033,1.1082561513293767,0.9734097542107426
30757456.txt,0.2297696396928529,0.30728241563055064,0.267297457125961,1.2444014048932053,0.9753858238493683
30813919.txt,0.38076923076923075,0.10925449871465295,0.45384615384615384,1.7664864919448193,0.9711356324774358
30826569.txt,0.4822190611664296,0.0456490727532097,0.5490753911806543,0.7030593728343978,0.9474560942361855
30863060.txt,0.3091743119266055,0.2931985294117647,0.355045871559633,1.5031372741180453,0.9838147433041031
30938994.txt,0.3935483870967742,0.03880983182406209,0.4774193548387097,0.6122432213209197,0.9543294706017322
30968749.txt,0.4106699751861042,0.2848258706467662,0.4801488833746898,0.7979485365785562,0.98405697679125
30999638.txt,0.4312617702448211,0.05103969754253308,0.4821092278719397,0.885643987581164,0.9439574989867278
31016926.txt,0.30604982206405695,0.10427807486631016,0.38701067615658363,0.7823778840991432,0.9862645000451031
31025785.txt,0.416793893129771,0.20980091883614088,0.4870229007633588,1.3539785224135805,0.9552930742703329
31064969.txt,0.3108882521489971,0.27729885057471265,0.3452722063037249,0.6657367114294471,0.9925332999863036
31111279.txt,0.31503150315031503,0.08385933273219116,0.3996399639963996,1.0942828399775661,0.9870336448283431
31169070.txt,0.2651162790697674,0.3616029822926375,0.3125581395348837,0.8068708225544899,0.9747861022721009
31201660.txt,0.48742138364779874,0.05993690851735016,0.5644654088050315,0.9787926917262448,0.9741632789780179
31220062.txt,0.20136260408781226,0.7952994692949203,0.24299772899318697,1.0948632499781132,0.9785548266799121
31242382.txt,0.35714285714285715,0.30864197530864196,0.42610837438423643,0.6485559322982165,0.9613586928005485
31273413.txt,0.4801829268292683,0.07339449541284404,0.5670731707317073,0.6598633370435262,0.9726692681126092
31362807.txt,0.3179347826086957,0.1307901907356948,0.40625,0.5972501774609621,0.9556829946409741
31392754.txt,0.4043062200956938,0.22182254196642687,0.48325358851674644,0.8864242141671653,0.9768603661366583
31395742.txt,0.3654390934844193,0.08380681818181818,0.42492917847025496,0.8582551950800877,0.968386153411377
31536294.txt,0.4834983498349835,0.08278145695364239,0.5478547854785478,1.0181891358957822,0.9705119686721075
31547476.txt,0.42024539877300615,0.05846153846153846,0.5122699386503068,1.2616024830350732,0.9920544829243506
31552617.txt,0.5306122448979592,0.08211143695014662,0.6209912536443148,0.7665753739693406,0.9829215273971829
31556198.txt,0.30586766541822724,0.32290362953692114,0.37952559300873906,1.071415877318459,0.9492258505320206
31602598.txt,0.42939481268011526,0.06647398843930635,0.5144092219020173,0.7986350828488784,0.9883546621172697
31605080.txt,0.48847926267281105,0.13488372093023257,0.5345622119815668,0.8719887707522592,0.9950513936234978
31638814.txt,0.46439628482972134,0.06230529595015576,0.5603715170278638,1.001265112660576,0.9786276884889563
31677347.txt,0.42427745664739885,0.06488991888760139,0.4751445086705202,0.8748939117427713,0.9883225188341815
31684925.txt,0.3765743073047859,0.07828282828282829,0.44710327455919396,0.9796425181675522,0.9732540389508899
31694970.txt,0.3723932472691162,0.09651741293532339,0.44091360476663355,0.8540519056002487,0.9542930328494887
31761591.txt,0.35479951397326853,0.09013398294762484,0.43863912515188336,0.6711801296045391,0.9519570432270545
31909493.txt,0.3503368623676612,0.05110896817743491,0.4196342637151107,0.9766226042619502,0.9707305423356978
31926950.txt,0.2738432483474976,0.4266792809839167,0.33994334277620397,0.5184382558771854,0.9766278593548502
31929166.txt,0.48095238095238096,0.07894736842105263,0.5595238095238095,0.5574807104002936,0.9611424694212803
32025286.txt,0.34555555555555556,0.33407572383073497,0.4122222222222222,0.6269686577044506,0.9731442469015669
32109048.txt,0.4471299093655589,0.08636363636363636,0.5362537764350453,1.225417593202956,0.91632148149145
32140087.txt,0.3546099290780142,0.21826809015421114,0.42958579881656805,1.3269786204439462,0.9724980354253853
32219038.txt,0.4407027818448023,0.033773861967694566,0.5153733528550513,1.1992094340967623,0.966073248556449
32308556.txt,0.25251076040172166,0.7179856115107913,0.33715925394548063,0.7222048083158715,0.9685872278328638
32318506.txt,0.47696476964769646,0.1989100817438692,0.5636856368563685,0.860634114849488,0.9540891903019864
32385553.txt,0.3876464323748669,0.05656350053361793,0.46112886048988283,0.7949945181530312,0.9814476560519664
32433431.txt,0.36716791979949875,0.1444723618090452,0.4398496240601504,0.9846466807299846,0.9524387796632737
32518109.txt,0.5419847328244275,0.038461538461538464,0.6641221374045801,0.848555856219201,0.9777481633411013
32532982.txt,0.3337696335078534,0.31266490765171506,0.40131578947368424,0.6857403863045315,0.9936086871817157
32636041.txt,0.44416562107904645,0.07169811320754717,0.5169385194479298,0.6550723155062709,0.9717240067006084
32637306.txt,0.3367139959432049,0.08333333333333333,0.3995943204868154,0.5235557429844918,0.9823565962567559
32720816.txt,0.4373219373219373,0.13714285714285715,0.5256410256410257,0.7156076636248928,0.9735822261498808
32773331.txt,0.33567251461988307,0.22743259085580306,0.4128654970760234,1.0316849388379625,0.95530728373143
32794700.txt,0.5353319057815846,0.021505376344086023,0.6167023554603854,0.6183720375830805,0.9774724613425225
32802563.txt,0.2620320855614973,0.7868632707774799,0.31283422459893045,1.458161593486376,0.9773551364521196
32947778.txt,0.35912698412698413,0.0775347912524851,0.43253968253968256,0.8692370684496782,0.9839449062514384
32954522.txt,0.45052631578947366,0.04439746300211417,0.5410526315789473,0.5537851507838448,0.9664362320674461
32959732.txt,0.28152866242038216,0.09948979591836735,0.35095541401273883,1.0043953286816212,0.9561491213845397
32965335.txt,0.34798534798534797,0.07889908256880734,0.41483516483516486,1.0832623467650162,0.9659947857405758
32977530.txt,0.44712182061579653,0.05100671140939597,0.5448460508701473,0.8942006903203953,0.9726280069584834
32980197.txt,0.39360222531293465,0.022315202231520222,0.49235048678720444,0.5768630064803294,0.9528322156510575
32985311.txt,0.457002457002457,0.12128712871287128,0.5344827586206896,0.5588141546902261,0.9879182689548299
33072201.txt,0.3268112109994712,0.22657490735839067,0.38022210470650447,1.205096264253593,0.9806414117416136
33135102.txt,0.39100346020761245,0.21875,0.47058823529411764,0.8184992047382599,0.9635280812988245
33236701.txt,0.4535073409461664,0.07201309328968904,0.5415986949429038,0.7161645938821195,0.9668265197944937
33241454.txt,0.4249512670565302,0.08023483365949119,0.50682261208577,0.5723941769436877,0.9459806013934636
33286293.txt,0.4647058823529412,0.42322834645669294,0.515686274509804,1.5234009585740682,0.9970699045459139
33344933.txt,0.3892543859649123,0.15824175824175823,0.4725877192982456,1.0303851059956457,0.9851362926255011
33370664.txt,0.3792298716452742,0.14619883040935672,0.4644107351225204,0.7782140146905654,0.9589038234655372
33381211.txt,0.20598469032707029,0.883623693379791,0.2546972860125261,0.8877058012629243,0.9649975035006504
33527446.txt,0.35384615384615387,0.055269922879177376,0.441025641025641,1.3840835345538678,0.9910635073208645
33542483.txt,0.39497041420118345,0.08160237388724036,0.48372781065088755,0.9288819515488328,0.986585544568865
33578873.txt,0.42700729927007297,0.07352941176470588,0.5437956204379562,1.485827339009113,0.8397871519897293
33704389.txt,0.3629242819843342,0.17146596858638743,0.45822454308093996,0.6412002913163153,0.9622252898216221
33750209.txt,0.4090909090909091,0.06896551724137931,0.49385749385749383,1.2592176211629185,0.9626168742793221
33893326.txt,0.42290249433106575,0.06818181818181818,0.49206349206349204,1.2276428258267027,0.9766645151041197
33919379.txt,0.4401294498381877,0.05863192182410423,0.540453074433657,0.5541948422601967,0.9599167477023093
33964275.txt,0.42087076710435384,0.17647058823529413,0.4948168624740843,0.6102026541652825,0.9656330187168239
34033933.txt,0.43042071197411,0.08603896103896104,0.5145631067961165,1.0300436738708256,0.9494546093645522
34046031.txt,0.42337662337662335,0.0625,0.4922077922077922,0.8183656575079369,0.9602764649957722
34051710.txt,0.33549222797927464,0.35714285714285715,0.40414507772020725,1.3562523858115991,0.9944667562219298
34131484.txt,0.47164948453608246,0.031088082901554404,0.5747422680412371,1.2008441698859609,0.9778402726538752
34141299.txt,0.45790251107828656,0.028148148148148148,0.5598227474150664,0.8120553609754806,0.9787177088206622
34146825.txt,0.3428201811125485,0.0933852140077821,0.4489003880983182,0.6601332364647102,0.9263829842683663
34151183.txt,0.43714285714285717,0.08022922636103152,0.5071428571428571,0.7355437805197081,0.9752579838419805
34250007.txt,0.3520208604954368,0.18823529411764706,0.41199478487614083,2.3566694061280686,0.9899999870560682
34303500.txt,0.42950391644908614,0.07068062827225131,0.52088772845953,0.8002866748013175,0.9725430649425949
34317538.txt,0.31079854809437385,0.1407811080835604,0.37250453720508164,1.0762102711400559,0.9822295157093205
34319869.txt,0.445,0.05351170568561873,0.5183333333333333,1.3142712034798207,0.9947679371798802
34327438.txt,0.36799184505606525,0.2676200204290092,0.4240570846075433,0.8377969486170517,0.9725045212553629
34349255.txt,0.378125,0.06289308176100629,0.503125,0.5928266630145378,0.9718835105727796
34419403.txt,0.48509485094850946,0.010899182561307902,0.5799457994579946,0.5707607027552669,0.9531911968364634
34544955.txt,0.38875305623471884,0.3272058823529412,0.4400977995110024,0.763728079559781,0.9877310570155543
34554248.txt,0.4006928406466513,0.037037037037037035,0.46997690531177827,1.0063638416053968,0.9672794553464839
34583750.txt,0.3958333333333333,0.06282722513089005,0.5052083333333334,0.5268603108124345,0.9475177300659682
34594746.txt,0.44429347826086957,0.05040871934604905,0.53125,0.8403964809981668,0.9717746871791915
34657584.txt,0.3010471204188482,0.6496062992125984,0.3468586387434555,0.7955569093602358,0.9850378258631335
34712719.txt,0.45054945054945056,0.03581267217630854,0.5370879120879121,1.0788780775654208,0.9659008967146022
34740556.txt,0.3689759036144578,0.052870090634441085,0.44879518072289154,0.6596253580203466,0.977502318347443
34758680.txt,0.40237691001697795,0.059625212947189095,0.4702886247877759,0.7628436174173412,0.9841804272711667
34783330.txt,0.4262295081967213,0.13262910798122066,0.4918032786885246,1.1356238794983655,0.9737429777052203
34816637.txt,0.31268436578171094,0.10044313146233383,0.3799705449189985,0.7755127440958914,0.9969087227307397
34953092.txt,0.5197889182058048,0.08488063660477453,0.5857519788918206,0.703836676120447,0.9665052390219339
34962725.txt,0.43703703703703706,0.24721189591078066,0.4962962962962963,1.1063310982351542,0.9903690211505886
34970271.txt,0.35119047619047616,0.07761194029850746,0.4330357142857143,0.5668015432819096,0.9680793711502002
35157762.txt,0.33482142857142855,0.2746268656716418,0.3898809523809524,1.466734084367082,0.9547244501564639
35164503.txt,0.4601542416452442,0.10051546391752578,0.5475578406169666,1.9091831834374453,0.9775857078081026
35325329.txt,0.4058479532163743,0.06103286384976526,0.47892271662763464,0.781715310206773,0.9719777780243245
35422305.txt,0.3915737298636927,0.06459627329192547,0.4646840148698885,0.6351449307169985,0.9760164597276981
35468363.txt,0.44360902255639095,0.22137404580152673,0.518796992481203,0.5995032522609222,0.999198420822407
35483925.txt,0.3996937212863706,0.059907834101382486,0.48238897396630936,0.7595158045406825,0.9934169531076049
35579812.txt,0.35376044568245124,0.4594972067039106,0.4275766016713092,0.6411966807715229,0.9247448268888332
35603950.txt,0.38742857142857146,0.1111111111111111,0.44571428571428573,1.154808556740505,0.9283273447837033
35651876.txt,0.2335649385355425,0.7677902621722846,0.2752538749331908,1.0774129829719312,0.9755687402791297
35673335.txt,0.3679369250985545,0.07905138339920949,0.4520367936925099,1.0366061707286625,0.9755689460311621
35737840.txt,0.40499306518723993,0.14186369958275383,0.47711511789181693,0.8429388675416876,0.9527319148311054
35971546.txt,0.4190371991247265,0.02850877192982456,0.4989059080962801,0.8678691187400687,0.9633020439705121
36019469.txt,0.35082872928176795,0.043357933579335796,0.43278084714548803,1.6340356934152591,0.8466208774838424
36024962.txt,0.5502183406113537,0.03524229074889868,0.62882096069869,0.8639926791021003,0.9852939418252625
36074301.txt,0.3791469194312796,0.16957210776545167,0.4486571879936809,0.7344898481703055,0.9620010044831171
36094883.txt,0.43527508090614886,0.09415584415584416,0.5210355987055016,0.7344642587346882,0.9815469133058259
36136569.txt,0.3462414578587699,0.1906392694063927,0.4271070615034169,0.8359536789391179,0.9560169291885932
36139251.txt,0.31879460745440125,0.14297061159650518,0.3980967486122125,0.5505986837509845,0.9808322344302198
36170003.txt,0.3891402714932127,0.21633888048411498,0.4660633484162896,0.9988264519971372,0.9865119984453683
36302399.txt,0.378076062639821,0.04932735426008968,0.4519015659955257,0.8817412162538236,0.9442863028962486
36331163.txt,0.5133689839572193,0.13978494623655913,0.5748663101604278,0.6589217638641475,0.9795411368001358
36379931.txt,0.46808510638297873,0.02666666666666667,0.5598404255319149,0.8056117130511139,0.9602211304130202
36392131.txt,0.354251012145749,0.2565922920892495,0.42206477732793524,1.1000307795034503,0.9600608190821228
36574147.txt,0.37,0.23558897243107768,0.44875,0.6290094190588134,0.9907700160182618
36621169.txt,0.48501362397820164,0.08767123287671233,0.5912806539509536,0.9346911499108844,0.9884751848600063
36694627.txt,0.5340909090909091,0.019543973941368076,0.6152597402597403,0.9846954144942769,0.9682635183412489
36758947.txt,0.46561443066516345,0.04745762711864407,0.5434047350620068,1.590726382258433,0.9460329686870699
36805025.txt,0.3301258327165063,0.054114158636026685,0.4167283493708364,1.044527325194839,0.9619669683022867
36856210.txt,0.4371859296482412,0.040336134453781515,0.5192629815745393,0.7916234437800399,0.9629261098249003
36861863.txt,0.5180180180180181,0.04090909090909091,0.6666666666666666,0.7748707950835402,0.9727241036392821
36868767.txt,0.44462025316455694,0.12063492063492064,0.5221518987341772,1.447694020809701,0.9738005468386819
36904300.txt,0.3469079939668175,0.04607250755287009,0.4381598793363499,1.080140749309036,0.9503011268355388
36905896.txt,0.38293216630196936,0.05701754385964912,0.4759299781181619,0.6005499437706163,0.9483071635491434
36970996.txt,0.3853658536585366,0.057003257328990226,0.4691056910569106,0.7987464671962566,0.9479352679088703
37087371.txt,0.42920353982300885,0.07941176470588235,0.5058651026392962,1.2058965173287406,0.9873377692800013
37231163.txt,0.4830508474576271,0.05106382978723404,0.5889830508474576,0.44953347027580637,0.8946455249708131
37242217.txt,0.37843784378437845,0.030871003307607496,0.4367436743674367,1.0161642451621553,0.9505530394314806
37333719.txt,0.4576271186440678,0.13247863247863248,0.5423728813559322,1.0865979949033628,0.9843345893236555
37335325.txt,0.33085808580858084,0.13140495867768595,0.3952145214521452,0.8432348952848338,0.9836453616877401
37360517.txt,0.4475743348982786,0.1978021978021978,0.5164319248826291,0.5368350216392154,0.966231621743765
37370455.txt,0.39914163090128757,0.04447632711621234,0.4434907010014306,0.8568184449596565,0.9690744955428787
37374340.txt,0.4754653130287648,0.01697792869269949,0.560067681895093,1.1710123489470143,0.972412248710527
37375999.txt,0.38567839195979897,0.1397984886649874,0.47738693467336685,0.8402199459050852,0.9618126165498914
37402097.txt,0.4984709480122324,0.030959752321981424,0.5969230769230769,0.5151230360552895,0.9716824962003823
37521676.txt,0.25698757763975155,0.7698289269051322,0.2996894409937888,1.5502328758341524,0.9473940549842557
37540732.txt,0.37865748709122204,0.2504317789291883,0.43029259896729777,1.1966630414857093,0.9711705317833709
37660306.txt,0.155893536121673,0.6461187214611872,0.2,0.8995134468305916,0.9575690234417346
37664296.txt,0.33286810886252616,0.10412299091544375,0.41311933007676205,0.8810252169438494,0.962744286908719
37739183.txt,0.2869047619047619,0.18414779499404052,0.3601190476190476,0.5831696734918282,0.9811220866234623
37750854.txt,0.3761232349165597,0.0682110682110682,0.4634146341463415,1.8759009792300705,0.9920762897930402
37751611.txt,0.35241301907968575,0.09111361079865017,0.43546576879910215,0.7420965987138263,0.9588495480130337
37764298.txt,0.3957091775923719,0.06810035842293907,0.47079856972586415,1.3632780131105018,0.9748805307106169
37792474.txt,0.4076809453471196,0.11851851851851852,0.4918759231905465,0.7609405960718021,0.9707426852363215
37818861.txt,0.46564885496183206,0.08695652173913043,0.5368956743002544,0.6294330515182013,0.9757219620356428
37931076.txt,0.4797979797979798,0.0583756345177665,0.5681818181818182,0.7210000935370374,0.9714254839228952
38007664.txt,0.37986577181208053,0.05787348586810229,0.4590604026845638,1.2756573415610832,0.9638829537534147
38047274.txt,0.36221294363256784,0.18723849372384938,0.42588726513569936,0.5733358152395687,0.9738539867909941
38056161.txt,0.4030534351145038,0.04134762633996937,0.4595419847328244,1.0022869756099702,0.987855958533588
38059130.txt,0.35,0.14916467780429593,0.41904761904761906,0.9360696239471115,0.9744831338570935
38087844.txt,0.4009603841536615,0.09025270758122744,0.4789915966386555,0.8681130385029678,0.9603928122645954
38108845.txt,0.34831460674157305,0.06448311156601842,0.4473953013278856,0.46400378357585104,0.9585055394194983
38154903.txt,0.4934640522875817,0.05263157894736842,0.6176470588235294,0.783394068665607,0.9735098119965649
38216888.txt,0.5351351351351351,0.09836065573770492,0.6108108108108108,0.8468983253336789,0.9653149783031573
38220146.txt,0.4525316455696203,0.03333333333333333,0.5411392405063291,0.7465951922285091,0.9701406853245613
38225199.txt,0.4074534161490683,0.057285180572851806,0.4832298136645963,1.2445641870454691,0.9674365353703746
38291889.txt,0.4013793103448276,0.22130013831258644,0.4979310344827586,0.9563701277407628,0.973745588102792
38309905.txt,0.36363636363636365,0.4431977559607293,0.4041958041958042,0.5951899391132994,0.9501219960940278
38314236.txt,0.4144144144144144,0.049773755656108594,0.5045045045045045,1.0583946585784345,0.8776183147432658
38457612.txt,0.43342391304347827,0.04087193460490463,0.5135869565217391,1.0819639595191533,0.9842040146167712
38535335.txt,0.5618556701030928,0.0625,0.6494845360824743,1.0406848498766892,0.9820590094707315
38663892.txt,0.3893528183716075,0.06485355648535565,0.4801670146137787,1.052386186506188,0.9775605709471066
38688388.txt,0.3627450980392157,0.052825552825552825,0.4424019607843137,0.45643217423938454,0.9680744169826181
38698573.txt,0.45034013605442175,0.07366984993178717,0.5619047619047619,0.6555107123793997,0.9609450013261299
38753827.txt,0.32802547770700635,0.20574162679425836,0.3869426751592357,0.8853082378501859,0.9724448018372233
38860712.txt,0.4292604501607717,0.05,0.5434083601286174,0.6846901059411152,0.8767331250038652
38896303.txt,0.3432642487046632,0.0987012987012987,0.39248704663212436,0.7056446066606437,0.9898705906074202
38897568.txt,0.42037302725968434,0.06762589928057554,0.48923959827833574,0.8610308158441563,0.9716399501826677
38907798.txt,0.33185840707964603,0.1242603550295858,0.4056047197640118,1.2401893098734342,0.9859216052052145
38989376.txt,0.3686868686868687,0.18484848484848485,0.4415322580645161,0.7707249316771232,0.9678333321072246
39027764.txt,0.33585858585858586,0.31645569620253167,0.3888888888888889,0.9162000085047325,0.9762961983984282
39064638.txt,0.463448275862069,0.07596685082872928,0.5454545454545454,0.7503729296000179,0.9713430381483157
39081840.txt,0.35602094240837695,0.033578174186778595,0.44397905759162304,1.0169364529845428,0.9785459581078464
39115899.txt,0.4320388349514563,0.1331168831168831,0.5129449838187702,0.6613263433178812,0.9930421586663217
39142536.txt,0.4199706314243759,0.05891016200294551,0.5139500734214391,0.7676647771458156,0.9665225846065699
39166680.txt,0.42462600690448793,0.0726643598615917,0.4936708860759494,0.9672338026333003,0.9948499876514271
39252859.txt,0.3843843843843844,0.07530120481927711,0.4744744744744745,2.0007817101763252,0.995232790842081
39308779.txt,0.3449564134495641,0.13108614232209737,0.410958904109589,1.186444942164696,0.9842015430680708
39413067.txt,0.36253776435045315,0.08181818181818182,0.43051359516616317,1.1109492596799209,0.9630906590880524
39434376.txt,0.47345132743362833,0.5446428571428571,0.5309734513274337,1.4683800155265159,0.9966430903089506
39470264.txt,0.3169845594913715,0.4422202001819836,0.3851044504995459,0.9197298236104008,0.9535476780133006
39566718.txt,0.3605313092979127,0.05608365019011407,0.45825426944971537,2.3265416424927428,0.9556918199811789
39674178.txt,0.3795620437956204,0.12152269399707175,0.454014598540146,1.3368631239056943,0.9684140929256213
39674782.txt,0.4203125,0.05329153605015674,0.503125,0.9258306948821354,0.9909160766926481
39675895.txt,0.3676680972818312,0.07604017216642754,0.463519313304721,0.6507439157744457,0.955642871428255
39776400.txt,0.28311057108140947,0.20097442143727162,0.34386391251518833,0.9671529978559751,0.9877583088319765
39805617.txt,0.4537712895377129,0.09975669099756691,0.5218446601941747,0.8744723607932228,0.9499217947199919
39835894.txt,0.2954292084726867,0.32737430167597764,0.3701226309921962,0.701077456378196,0.9501006165514854
39875803.txt,0.3956043956043956,0.08539944903581267,0.49038461538461536,0.4996571201300322,0.9280731407033318
39908485.txt,0.17884463202321288,0.8704143573502243,0.21893959377472963,1.6254768028588409,0.9674013001259825
40088790.txt,0.33258173618940245,0.1751412429378531,0.41037204058624577,0.9973616439123918,0.954066891527221
40311088.txt,0.3408408408408408,0.14156626506024098,0.42342342342342343,0.8409463451380997,0.9882226843640441
40792022.txt,0.44507575757575757,0.053231939163498096,0.5359848484848485,0.6880479556108469,0.9282301776997773
40882926.txt,0.3560126582278481,0.44126984126984126,0.4272151898734177,1.7907690254930062,0.9354121451093442
40883703.txt,0.40093240093240096,0.09133489461358314,0.4965034965034965,0.6996013339788336,0.9821576124343279
41152404.txt,0.30577777777777776,0.08652988403211419,0.37666963490650046,1.0558611201437929,0.9523659736110821
41506705.txt,0.4235474006116208,0.15053763440860216,0.4946401225114854,0.6079977571240216,0.9600332184657279
41523474.txt,0.3799126637554585,0.4058394160583942,0.4497816593886463,0.9489288279060842,0.9623313072030171
41586420.txt,0.39036381514257623,0.06403940886699508,0.47885939036381514,0.6772520290512128,0.9753706955928314
41651672.txt,0.43648960739030024,0.04640371229698376,0.5288683602771362,0.7438469400862423,0.9900628686121186
41910253.txt,0.4987714987714988,0.02962962962962963,0.5700245700245701,0.5712728854453824,0.975508897688938
41950126.txt,0.3873659117997616,0.037037037037037035,0.464839094159714,1.1235926027549188,0.9519933090066901
42156237.txt,0.48626373626373626,0.04419889502762431,0.5521978021978022,0.9941893419072616,0.9868208577236393
42164460.txt,0.3319327731092437,0.32162921348314605,0.4103641456582633,0.48290332728324287,0.9744190142914506
42332765.txt,0.4734848484848485,0.043726235741444866,0.5473484848484849,1.9094065395649331,0.9837465847291673
42384185.txt,0.39270687237026647,0.4542897327707454,0.4431977559607293,1.1284455953810688,0.9775563958958655
42641525.txt,0.31435257410296413,0.09375,0.38143525741029644,0.697052920404538,0.9553490168272789
43375498.txt,0.3261480787253983,0.14741784037558686,0.408622305529522,0.6419953236655803,0.9708914897407647
43378989.txt,0.5085324232081911,0.12714776632302405,0.5597269624573379,1.160958786633031,0.8975026396730138
43408471.txt,0.46153846153846156,0.015748031496062992,0.5368916797488226,0.9161436297457333,0.9677682378513104
43622023.txt,0.4466571834992888,0.06562054208273894,0.5419630156472262,0.8018118733571122,0.9472043910963256
43685045.txt,0.3581183611532625,0.1415525114155251,0.4264036418816389,0.7232017762059681,0.9992215425314491
43720116.txt,0.5062344139650873,0.08020050125313283,0.5835411471321695,0.5855246624640732,0.9913785174797961
44115326.txt,0.22126745435016112,0.11644571838050878,0.2688865019692087,1.654528564915714,0.9739545425343927
44147689.txt,0.43107769423558895,0.07052896725440806,0.5087719298245614,0.9877187576908315,0.9785565314470911
44476983.txt,0.43209876543209874,0.03163686382393398,0.5061728395061729,0.5980329801581798,0.9540686791935346
44624796.txt,0.481981981981982,0.058823529411764705,0.5698198198198198,0.5170524085978411,0.9754266992798287
45167858.txt,0.5159574468085106,0.058823529411764705,0.5877659574468085,0.44724411092460886,0.9727791919970221
45286020.txt,0.3022988505747126,0.4827188940092166,0.35402298850574715,0.43936187514098524,0.977657589484406
45462344.txt,0.37564102564102564,0.17737789203084833,0.4230769230769231,0.6980878968652793,0.9712139516342062
45475027.txt,0.39342806394316165,0.11555555555555555,0.4551907719609583,1.2612500697796498,0.9780875431425898
45907524.txt,0.3288364249578415,0.4577702702702703,0.39376053962900504,1.237251373944028,0.9843821416774584
46258701.txt,0.46511627906976744,0.04129263913824058,0.5652951699463328,0.853575619587024,0.9692919670154553
46514339.txt,0.3952513966480447,0.06722689075630252,0.48044692737430167,0.7983796303013431,0.9495126288910545
46772262.txt,0.42696629213483145,0.13687600644122383,0.5120385232744783,0.6782226903071197,0.9580473875453654
47067533.txt,0.35294117647058826,0.09064748201438849,0.4246771879483501,0.7804185113363951,0.9625061620809438
47133747.txt,0.39285714285714285,0.056842105263157895,0.4810924369747899,0.7797664485509197,0.9782299459046343
47276718.txt,0.35995955510616784,0.18522267206477733,0.42424242424242425,1.2108068631583824,0.9884159069235423
47317494.txt,0.5,0.1,0.5633802816901409,0.8714727174016803,0.9407629484131087
47410104.txt,0.4455611390284757,0.0453781512605042,0.5142378559463987,0.6592585925360156,0.993601601991506
47470864.txt,0.38308457711442784,0.10972568578553615,0.4577114427860697,0.7437548553071952,0.9812287172368004
47549345.txt,0.48697394789579157,0.060362173038229376,0.533066132264529,0.9560208889792053,0.9915267341606353
47603843.txt,0.4866666666666667,0.0436241610738255,0.57,0.9290602462577281,0.9783439382374572
47729453.txt,0.375,0.3287461773700306,0.42835365853658536,1.0557076709925908,0.9938547333016721
47919212.txt,0.38545953360768176,0.07977991746905089,0.46227709190672156,0.6161601676456433,0.963869150712969
47996197.txt,0.3669985775248933,0.08273894436519258,0.4423897581792319,0.5420339046767324,0.9925991265573529
48037995.txt,0.44521497919556174,0.04728789986091794,0.5242718446601942,0.922799816630276,0.954916381357328
48285304.txt,0.4613821138211382,0.044897959183673466,0.5386178861788617,0.8728156668730315,0.9544305185983721
48547319.txt,0.302945301542777,0.5133614627285513,0.3688639551192146,0.7358044178313615,0.9642813323112488
48549972.txt,0.40404040404040403,0.09127789046653144,0.47474747474747475,1.1449196612108323,0.9866368774773665
49119887.txt,0.47227191413237923,0.02872531418312388,0.5778175313059034,1.1333575245740042,0.9607721223565884
49204385.txt,0.31806108897742363,0.0425531914893617,0.3884462151394422,0.9331017546475217,0.9821299363333645
49475708.txt,0.31990794016110474,0.209919261822376,0.4085155350978136,0.578989598862854,0.97547991545607
49777184.txt,0.3686868686868687,0.18016194331983806,0.45151515151515154,1.083959183443279,0.97991001057491
50222417.txt,0.2877569258266309,0.07788719785138765,0.35031277926720283,1.0143366519485286,0.9797323501304087
50432401.txt,0.4511400651465798,0.28431372549019607,0.50814332247557,0.7501763737060473,0.9863217606747081
50775901.txt,0.40456182472989194,0.1022864019253911,0.4837935174069628,0.7480562342103437,0.9571516054892748
51209395.txt,0.5976331360946746,0.03592814371257485,0.6863905325443787,0.632582847369779,0.9481884932208586
51415089.txt,0.38971428571428574,0.11912943871706758,0.456,0.756360175337971,0.9812960281302253
51432451.txt,0.3614457831325301,0.04589371980676329,0.4566265060240964,0.6039769540181119,0.9501796698007549
51554903.txt,0.3821656050955414,0.12643678160919541,0.4407643312101911,0.9587689641285249,0.9833747170656932
51588273.txt,0.42318059299191374,0.17615176151761516,0.477088948787062,0.6507839631673306,0.9780490624859256
51638201.txt,0.40965732087227413,0.0421875,0.5046728971962616,0.9009031828550488,0.9559398947194068
51639418.txt,0.39429530201342283,0.1734006734006734,0.46812080536912754,0.8722254433729653,0.9734798253220676
51681660.txt,0.34291010194624655,0.07706592386258125,0.4318813716404078,0.7322197235471809,0.9606492551625941
51769822.txt,0.4380305602716469,0.12265758091993186,0.5178268251273345,0.5159459564950093,0.9796845721526025
51777546.txt,0.47310126582278483,0.01904761904761905,0.560126582278481,0.7499107753076307,0.9826914718294317
52246737.txt,0.39006342494714585,0.05826271186440678,0.46511627906976744,1.297186511229227,0.9549974927875007
52684666.txt,0.25113636363636366,0.6742596810933941,0.31136363636363634,0.9418969433692704,0.9689029236326967
52979663.txt,0.4297994269340974,0.040229885057471264,0.49140401146131807,0.8581407335650313,0.9691410073968252
53169257.txt,0.48095238095238096,0.14012738853503184,0.5666666666666667,0.6220804827223942,0.9697301415268473
54067174.txt,0.45401174168297453,0.03143418467583497,0.5322896281800391,0.8158351545192865,0.9610704585085114
54100393.txt,0.3795918367346939,0.0860655737704918,0.4857142857142857,0.45306219215890314,0.9170953838633602
54180474.txt,0.4174454828660436,0.0484375,0.5,0.9128775736246244,0.9580956828416823
54227873.txt,0.35469107551487417,0.569954128440367,0.43707093821510296,0.7973751441620283,0.9704098569436929
54259150.txt,0.3862310385064177,0.11812865497076024,0.4632438739789965,0.9899565362220883,0.9423578546466498
54308684.txt,0.39143426294820716,0.1157684630738523,0.4591633466135458,1.9591433938638911,0.9578671497017076
55097118.txt,0.3706030150753769,0.2380352644836272,0.457286432160804,0.9088604501284182,0.954869492016407
55104715.txt,0.48095238095238096,0.045454545454545456,0.5547619047619048,0.7101245251160188,0.9592938271250339
55477468.txt,0.46481178396072015,0.019704433497536946,0.5499181669394435,0.4097627489600794,0.9583363067144439
55595908.txt,0.3920653442240373,0.03859649122807018,0.46091015169194866,0.906493028774145,0.9622422069677916
55712978.txt,0.3894849785407725,0.16559139784946236,0.43991416309012876,0.7290977464903757,0.9806394810325322
55746506.txt,0.37623762376237624,0.07092198581560284,0.48514851485148514,0.5550263569195361,0.9645323747548535
55953734.txt,0.39420289855072466,0.06286549707602339,0.47230320699708456,0.7013074268767278,0.9700076152326043
56025640.txt,0.4260355029585799,0.0937129300118624,0.49467455621301776,0.8197857877453676,0.9523778774210544
56068028.txt,0.4169570267131243,0.037296037296037296,0.5046511627906977,2.3716451657364566,0.9936800790623231
56151548.txt,0.43037974683544306,0.015873015873015872,0.5253164556962026,0.9678842456240555,0.9742087557249676
57002858.txt,0.3168469860896445,0.12093023255813953,0.39258114374034003,1.0229863170291833,0.9528550796767974
57262959.txt,0.38153846153846155,0.1574074074074074,0.4307692307692308,1.0800648215203419,0.9764921869257057
57575888.txt,0.3798219584569733,0.07829534192269574,0.44609297725024727,0.5135798580266806,0.9925900407718165
57667857.txt,0.25808538163001293,0.44559585492227977,0.31953428201811124,0.6559333357091344,0.9825786562127881
57706851.txt,0.3171745152354571,0.18472222222222223,0.38488210818307905,0.8726825679432996,0.9499414711047593
58048626.txt,0.4704968944099379,0.018691588785046728,0.5496894409937888,0.829682929168569,0.9723306090499726
58428843.txt,0.44301765650080255,0.01932367149758454,0.5329052969502408,0.7493371051800667,0.9729267321063727
58665241.txt,0.3719676549865229,0.26756756756756755,0.4501347708894879,1.5947590629633128,0.9891365603128264
58879993.txt,0.5218023255813954,0.10495626822157435,0.5930232558139535,1.4507925581495253,0.9813312498668867
59011090.txt,0.5528455284552846,0.04632152588555858,0.6368563685636857,0.6945688962448505,0.9698215531031685
59346975.txt,0.42206235011990406,0.07091346153846154,0.5011990407673861,0.6996000130521294,0.9662574250333126
59403481.txt,0.40990371389270974,0.0993103448275862,0.4951856946354883,0.6430987100273914,0.9725626397982814
59422148.txt,0.37555886736214605,0.04035874439461883,0.46348733233979134,1.2245202833051672,0.9802009991922997
59696315.txt,0.3047550432276657,0.17243867243867245,0.3753602305475504,0.9555619097945263,0.9671194569604195
59818742.txt,0.38285714285714284,0.13516609392898052,0.44,0.834674925520419,0.982462656214362
59938965.txt,0.48253968253968255,0.06070287539936102,0.5523809523809524,0.41806167397495453,0.956137556131848
60489316.txt,0.3569937369519833,0.06380753138075314,0.4363256784968685,0.8151331700636318,0.9597578766212902
60624892.txt,0.37484737484737485,0.13953488372093023,0.42735042735042733,0.8287200729464876,0.918451820571693
61315605.txt,0.40641711229946526,0.04289544235924933,0.5133689839572193,0.9106390448986469,0.9841143866115519
61579998.txt,0.4238975817923186,0.08131241084165478,0.4864864864864865,1.573171937102805,0.994766336921667
61634281.txt,0.5066921606118547,0.046065259117082535,0.5736137667304015,0.7443076934129962,0.9618578635861728
61677751.txt,0.4392220421393841,0.04065040650406504,0.5153970826580226,0.9913101943281003,0.9783543311286715
62555739.txt,0.4229957805907173,0.03276955602536998,0.5126582278481012,0.7784756233278809,0.9431858391528025
62994611.txt,0.247451343836886,0.787372330547818,0.283595922150139,0.7930899952202636,0.9626333638998766
63083944.txt,0.37343927355278095,0.07281001137656427,0.45629965947786605,0.7506641654410406,0.9618796867674042
63137898.txt,0.3241469816272966,0.10657894736842105,0.4015748031496063,0.6798647185603781,0.9763485893756747
63158213.txt,0.44549125168236875,0.15519568151147098,0.49663526244952894,1.415547079912251,0.8931940897221187
63282405.txt,0.434991974317817,0.18357487922705315,0.507223113964687,0.6670513988215061,0.9563958433122363
63391085.txt,0.41530054644808745,0.0589041095890411,0.5095628415300546,0.7987351722970752,0.9559920683198092
63670997.txt,0.3842443729903537,0.04838709677419355,0.45819935691318325,1.0266163260862022,0.9869913776641781
64017585.txt,0.543640897755611,0.05513784461152882,0.6209476309226932,0.8312767354179087,0.9834201671296201
64468610.txt,0.39879518072289155,0.07004830917874397,0.4542168674698795,0.8001249358097964,0.9852473985403657
64471954.txt,0.5577557755775577,0.016611295681063124,0.6798679867986799,0.8678406826889714,0.9272754315727855
64589506.txt,0.4804630969609262,0.10304789550072568,0.5499276410998553,0.9351479590077345,0.9904849842600418
64755882.txt,0.4630541871921182,0.07084019769357495,0.535303776683087,0.9648792755091786,0.9788986993804991
65219288.txt,0.35475234270414996,0.09261744966442953,0.4364123159303882,0.5511943667681793,0.9734938623614106
65237556.txt,0.46116504854368934,0.07177615571776155,0.5194174757281553,1.006157947745543,0.9721710591110306
65352424.txt,0.4135702746365105,0.07455429497568881,0.5088852988691438,1.189264612444047,0.9865943201663204
66226673.txt,0.4785100286532951,0.05763688760806916,0.5530085959885387,1.3545118205364255,0.9864634629992556
67406885.txt,0.41636690647482016,0.11261261261261261,0.49550359712230213,0.9573881041664378,0.9692583299429423
67501448.txt,0.49230769230769234,0.028241335044929396,0.5685019206145967,1.114365747929341,0.9833459315726799
67582956.txt,0.40640809443507586,0.3108108108108108,0.4663299663299663,0.776584705615166,0.9729977423211482
67631413.txt,0.3658872077028886,0.11724137931034483,0.4676753782668501,0.7122526946747809,0.9662865294896437
67645662.txt,0.25118934348239774,0.8312678741658722,0.28924833491912466,0.9303457277251281,0.9675457427258336
68240723.txt,0.47644927536231885,0.08363636363636363,0.5706521739130435,1.1959430915293812,0.9677346197873581
68338341.txt,0.4230769230769231,0.06464924346629987,0.5116598079561042,0.5972077566595311,0.9514871590463905
68460556.txt,0.48026315789473684,0.06622516556291391,0.5822368421052632,0.5236731707190146,0.9350405398745975
69005326.txt,0.48480463096960924,0.020319303338171262,0.5687409551374819,1.0786376884282205,0.9561471270049561
69097572.txt,0.4653846153846154,0.03080872913992298,0.5556978233034571,0.8906275206643732,0.9754544201536116
69181350.txt,0.3702857142857143,0.041237113402061855,0.4582857142857143,0.7263742418137545,0.9375659829678398
69199666.txt,0.4558610709117221,0.02608695652173913,0.5520231213872833,0.791379465687317,0.9773816820033003
69243180.txt,0.4088669950738916,0.132013201320132,0.4967105263157895,0.7795309457323294,0.9726004482959291
69336473.txt,0.33964497041420116,0.11743772241992882,0.41183431952662725,1.429523425628362,0.9914391618656297
69487178.txt,0.440536013400335,0.052100840336134456,0.5058626465661642,1.170283687381984,0.9840061694349403
69532425.txt,0.5153846153846153,0.08139534883720931,0.6307692307692307,1.4273186955887323,0.9880446596186148
69666645.txt,0.5612244897959183,0.046153846153846156,0.6632653061224489,0.7303863680738126,0.9894013178274224
69859102.txt,0.494579945799458,0.05434782608695652,0.5663956639566395,0.9472800900729338,0.9662279459688057
70196518.txt,0.5098039215686274,0.03943661971830986,0.5882352941176471,0.5686938529760089,0.9601794688953978
70528646.txt,0.33735909822866345,0.23387096774193547,0.40177133655394526,0.5993809801351714,0.9666333118364023
70541112.txt,0.36019417475728155,0.05642023346303502,0.43592233009708736,0.7544848306025221,0.9835335431407017
70750649.txt,0.39538855678906915,0.08896492728828058,0.448334756618275,0.9589690029424227,0.9883930716644
71422121.txt,0.2948717948717949,0.15709969788519637,0.3665158371040724,0.792581243372938,0.9823521390917792
71499299.txt,0.4341692789968652,0.16037735849056603,0.5313479623824452,0.6503087142844478,0.9743777635513414
71772815.txt,0.3643867924528302,0.11938534278959811,0.4492924528301887,0.782945430737242,0.9602369124214428
72807293.txt,0.36459909228441756,0.06069802731411229,0.46142208774583965,0.7985335559695377,0.9651850793870085
72876163.txt,0.3971631205673759,0.023696682464454975,0.46926713947990545,0.7343691469044723,0.9872760995374078
73030450.txt,0.3782542113323124,0.446676970633694,0.4268104776579353,1.4196180060018488,0.9966305781930652
73077810.txt,0.4467408585055644,0.04784688995215311,0.5119236883942766,1.002785937990881,0.9831364345294082
73282756.txt,0.3574363188167625,0.08401976935749589,0.4399671052631579,1.077825294195632,0.9708297577572034
73497035.txt,0.4307931570762053,0.1060842433697348,0.5085536547433903,0.5900056808345101,0.976410960526695
74191424.txt,0.47150997150997154,0.04428571428571428,0.5598290598290598,0.5520999806936331,0.9808384151471518
75156649.txt,0.47249190938511326,0.07166123778501629,0.5954692556634305,0.9601887755451094,0.8956355608742445
75286906.txt,0.4040920716112532,0.08076923076923077,0.49104859335038364,0.7754086703374219,0.9689473792807769
75329822.txt,0.3865546218487395,0.07724719101123595,0.47619047619047616,0.8514649069228328,0.9805487380694744
75435017.txt,0.23010546500479387,0.8546679499518768,0.27185398655139287,0.48535656299117813,0.9756931840397376
76916835.txt,0.38074398249452956,0.07692307692307693,0.45295404814004375,0.6969253783770641,0.9500653026456733
77576845.txt,0.3954741379310345,0.0734341252699784,0.46012931034482757,1.3503814342530231,0.9313215208747064
78107631.txt,0.2192723697148476,0.864039408866995,0.2605703048180924,1.0192289177713838,0.9569666384404792
78149576.txt,0.43478260869565216,0.25663716814159293,0.4956521739130435,1.0394608655400588,0.9575956142120868
78257294.txt,0.41704857928505956,0.07162534435261708,0.4775435380384968,1.0716270318714722,0.9849649931633566
78273826.txt,0.2490875912408759,0.2056672760511883,0.3166058394160584,0.48965327583535007,0.9845592946098592
78403342.txt,0.4129651860744298,0.05535499398315283,0.5006002400960384,0.763615431259384,0.9667461756837519
79041971.txt,0.5209302325581395,0.06572769953051644,0.6046511627906976,0.6180677455348036,0.9274754615605397
79376680.txt,0.4093789607097592,0.04193138500635324,0.5297845373891001,0.7467850639775537,0.960107257037476
79432080.txt,0.3741362290227048,0.05237154150197629,0.45956607495069035,0.65753026713135,0.9758994117872176
79570655.txt,0.49142857142857144,0.15606936416184972,0.5257142857142857,1.2910998317365718,0.9937400510978681
79663360.txt,0.44281524926686217,0.04411764705882353,0.5381231671554252,0.6124493298223542,0.9322120557080138
79759716.txt,0.36075949367088606,0.05714285714285714,0.42563291139240506,0.5376864179011067,0.9702854856517765
80000092.txt,0.5625,0.07368421052631578,0.6510416666666666,0.624118301697594,0.9434156318417163
80053367.txt,0.48223350253807107,0.05432937181663837,0.55668358714044,0.9503796087597398,0.942484565363412
80527194.txt,0.40822784810126583,0.029535864978902954,0.5094736842105263,0.9713235299401163,0.9690016538838079
80679862.txt,0.3793911007025761,0.027365129007036748,0.4574551131928181,0.9994352410515962,0.9647799264952243
81011612.txt,0.43006993006993005,0.2323943661971831,0.46853146853146854,0.7747057904182226,0.9653500787907799
81125166.txt,0.3046683046683047,0.20836751435602954,0.33906633906633904,3.50859861644164,0.9513232706889827
81217013.txt,0.32367972742759793,0.04522184300341297,0.4182282793867121,0.5552806373261333,0.96887860499483
81310245.txt,0.4312590448625181,0.06966618287373004,0.5195369030390738,0.5928354339491292,0.9464319524137074
81373857.txt,0.506426735218509,0.05167958656330749,0.6041131105398457,0.7751623702462603,0.9689122967744157
81508860.txt,0.381151832460733,0.05876180482686254,0.4481675392670157,0.7587896474119751,0.9898586656053306
81588968.txt,0.3720472440944882,0.3875739644970414,0.43503937007874016,0.6704659749301548,0.95735063729158
81677620.txt,0.3195121951219512,0.07084690553745929,0.3878048780487805,1.4836988580243677,0.9870753771343082
81761658.txt,0.3321637426900585,0.13012895662368112,0.39415204678362575,0.642260550678966,0.9904009014957349
82125182.txt,0.45765765765765765,0.1301989150090416,0.5261261261261261,0.7723605408546798,0.9928990389677814
82140102.txt,0.20940649496080627,0.8574635241301908,0.25867861142217247,0.4354049220160292,0.9518718497814243
82649935.txt,0.43759873617693523,0.05229793977812995,0.5118483412322274,0.7340643273448149,0.9595514767451334
82929064.txt,0.5270758122743683,0.09090909090909091,0.6389891696750902,0.4791478360460339,0.9749267655194325
83206166.txt,0.4940577249575552,0.030664395229982964,0.565365025466893,0.757707250833987,0.9760609355413036
83338413.txt,0.4717557251908397,0.05666156202143951,0.5404580152671755,1.12425021855427,0.9707696934579885
84295343.txt,0.5171102661596958,0.09195402298850575,0.6159695817490495,0.6788303295902692,0.9226806896379096
84512719.txt,0.5524691358024691,0.012422360248447204,0.6512345679012346,0.5946256198015961,0.9653677287556022
85101052.txt,0.36328125,0.2154046997389034,0.4348958333333333,1.0101404225151829,0.9793864892937288
85973397.txt,0.4096185737976783,0.09650582362728785,0.48756218905472637,0.7535205157209282,0.9883319906319206
86184722.txt,0.4121212121212121,0.054678007290400975,0.49454545454545457,1.1397835292310965,0.9747288403341842
86549455.txt,0.5135135135135135,0.17522658610271905,0.5675675675675675,0.9268803158112915,0.9832904979059834
86551046.txt,0.4380165289256198,0.09141274238227147,0.5426997245179064,0.7306271252664553,0.967182214642513
86595128.txt,0.42746913580246915,0.05572755417956656,0.5108024691358025,0.8125982582772875,0.9649303861986497
86597425.txt,0.3436960276338515,0.46453287197231835,0.41278065630397237,0.9548614421785779,0.9698503486455726
86828820.txt,0.3520485584218513,0.0821917808219178,0.4218512898330804,0.8268607470118947,0.9783396682067066
87118391.txt,0.442572741194487,0.07834101382488479,0.5191424196018377,1.311201111238114,0.9467451318190168
87635012.txt,0.4090909090909091,0.042735042735042736,0.48579545454545453,1.8951253980689484,0.9842410072320222
87826037.txt,0.3997584541062802,0.17554479418886199,0.4673913043478261,1.0961819983522965,0.9661982831054475
87867370.txt,0.29725228975853457,0.1884904086738949,0.3597002497918401,0.9261582370059017,0.9660029469648651
87968870.txt,0.36277173913043476,0.21798365122615804,0.42391304347826086,0.5649704631614682,0.9697258399505833
88691367.txt,0.41225165562913907,0.03322259136212625,0.4768211920529801,0.6502730132337712,0.9696649313328594
88907739.txt,0.3707440100882724,0.20480404551201012,0.4274905422446406,0.817418831870596,0.950928976688728
89049979.txt,0.41037735849056606,0.09829867674858223,0.46226415094339623,0.8624325317614778,0.948635965570689
89508407.txt,0.24864130434782608,0.8501362397820164,0.3233695652173913,1.7472804956373726,0.9758952436128469
89512321.txt,0.3278846153846154,0.1724470134874759,0.40384615384615385,0.8153133797023845,0.9861298573309802
89740812.txt,0.4514285714285714,0.06446991404011461,0.5085714285714286,1.3472093743476703,0.9840972833130486
89858892.txt,0.45786516853932585,0.01971830985915493,0.5294943820224719,0.7337375931203268,0.9571783086102131
90032884.txt,0.3507692307692308,0.4984567901234568,0.40923076923076923,0.9853973817704206,0.9825021953735896
90318913.txt,0.30559345156889495,0.23803009575923392,0.38472032742155526,0.5637642484947059,0.9766437190198249
90468982.txt,0.4317507418397626,0.03869047619047619,0.5326409495548962,0.5398054082512346,0.9699631275400775
90629382.txt,0.4428341384863124,0.10662358642972536,0.5297906602254429,0.9091708506898607,0.9328997410394281
90867631.txt,0.3032258064516129,0.22416020671834624,0.3554838709677419,1.409595146958608,0.9644515937072945
91026230.txt,0.37755102040816324,0.09846547314578005,0.45408163265306123,0.351730120216796,0.9743469909418788
91051945.txt,0.22128378378378377,0.7412626832018039,0.26576576576576577,0.7092315947878891,0.9740165621251138
91072502.txt,0.3588652482269504,0.2147937411095306,0.4340425531914894,0.6376131736094678,0.9828237947569015
91153752.txt,0.5150602409638554,0.11818181818181818,0.5843373493975904,1.4036403120841354,0.86016003899663
91197243.txt,0.42983565107458915,0.08354430379746836,0.51010101010101,1.112116174155834,0.9587092970599508
91268638.txt,0.339041095890411,0.41762013729977115,0.408675799086758,0.4782966568266106,0.963215332499666
91431878.txt,0.3833580980683507,0.2488822652757079,0.462109955423477,0.6363754039961316,0.978731352808911
91515108.txt,0.4514003294892916,0.171900826446281,0.5238879736408567,1.2997659403760256,0.9844402078813279
91533580.txt,0.3430321592649311,0.09062980030721966,0.4104134762633997,0.8059310904877931,0.8644175888737087
91591026.txt,0.43915343915343913,0.034482758620689655,0.4947089947089947,0.9737447436130781,0.9862878949111527
91635250.txt,0.41455696202531644,0.019027484143763214,0.5010548523206751,0.8086097406043466,0.9367043048378574
91930382.txt,0.4975,0.02512562814070352,0.6075,0.6704735383480842,0.9876415702804168
92122785.txt,0.3638525564803805,0.2052505966587112,0.45357142857142857,0.6412577657298534,0.9521657672673592
92200491.txt,0.39648682559598497,0.08176100628930817,0.48431618569636137,0.759506424691125,0.9816081333887448
92283635.txt,0.3682678311499272,0.17226277372262774,0.4512372634643377,0.7113873946486705,0.9585565137107028
92524964.txt,0.3909985935302391,0.2566995768688293,0.45569620253164556,0.9608352236608074,0.9560053066929076
93459677.txt,0.3341250989707047,0.17129262490087233,0.41092636579572445,0.7451940493844385,0.9858185893617005
93512385.txt,0.4807692307692308,0.15161290322580645,0.5833333333333334,0.7024826536635796,0.9865779342093557
94417768.txt,0.47730829420970267,0.28728414442700156,0.5367762128325508,1.212164656996245,0.984943944707448
94492380.txt,0.40405405405405403,0.06775067750677506,0.4905405405405405,0.6366575458211833,0.9617949983759616
95011061.txt,0.45496535796766746,0.04408352668213457,0.5450346420323325,0.5189692008257714,0.9592717715220676
95085510.txt,0.4244712990936556,0.07575757575757576,0.5090634441087614,0.9062333944515181,0.9538312255408419
95350373.txt,0.3474025974025974,0.2671009771986971,0.413961038961039,1.9668849748240116,0.9082481974049611
95625660.txt,0.45072463768115945,0.2238372093023256,0.518840579710145,0.9498492493987404,0.981490757723337
95769832.txt,0.4602739726027397,0.25068870523415976,0.536986301369863,0.4633333130830666,0.9762184723535615
95792386.txt,0.3028953229398664,0.05427509293680297,0.36302895322939865,0.8467482238835973,0.9672667497594296
96029688.txt,0.25985844287158744,0.7689969604863222,0.29120323559150657,1.1473475833338478,0.984752776295269
96260484.txt,0.3686502177068215,0.11208151382823872,0.432510885341074,0.6429811152743989,0.9889412021001552
96457008.txt,0.5023923444976076,0.06763285024154589,0.6220095693779905,1.0040724292551821,0.9854187503289993
96761538.txt,0.5328185328185329,0.054474708171206226,0.637065637065637,0.7226498782586009,0.9753524380362685
98108571.txt,0.4935897435897436,0.03896103896103896,0.6410256410256411,0.6164816906619934,0.9855083125614923
98300955.txt,0.31940509915014165,0.1397163120567376,0.3902266288951841,1.2964024590132164,0.9845489213645953
98309114.txt,0.29805194805194807,0.217815344603381,0.3512987012987013,1.5388022245001378,0.952232396098198
98379112.txt,0.5354330708661418,0.05533596837944664,0.6082677165354331,0.6688690384558957,0.9750793724150643
98513424.txt,0.34076433121019106,0.0847457627118644,0.4080338266384778,0.576797629831567,0.9780468865912377
98559931.txt,0.42876165113182424,0.04005340453938585,0.507323568575233,0.63023956315029,0.9526004751993863
98965485.txt,0.3445255474452555,0.14641288433382138,0.4072992700729927,0.9161564298410614,0.9757400529377992
99124477.txt,0.30416156670746636,0.09620098039215687,0.3849449204406365,1.1388897750334608,0.9636776014965422
99416532.txt,0.4072524407252441,0.13566433566433567,0.4769874476987448,1.0194687389804544,0.9376202585853746
99433371.txt,0.4895833333333333,0.09473684210526316,0.546875,0.7320775232173161,0.9841873892789187
99680385.txt,0.3739770867430442,0.12786885245901639,0.4328968903436989,1.1229517152659119,0.966479558168383
99714410.txt,0.3630769230769231,0.10996916752312436,0.4266666666666667,0.9876260367985007,0.9555215115842088
